0.000000	14.867926	33.761651	32.250686	32.883626	34.560937	25.349442	30.114582	11.968485	18.026815	29.232193	31.406208	34.193968	21.129868	29.500099	31.992858	34.450397	23.899195	32.019783	31.024598	31.149187	34.148467	27.737458	25.004781	34.546644	26.344307	24.371848	28.122006	32.987027	20.890169	30.310024	29.686412	27.125128	18.289019	34.214693	33.780823	31.242089	27.128903	27.567985	14.769788	34.552833	34.070105	30.114150	33.295769	30.318542	27.896160	20.614628	34.196004	21.382078	22.966114	32.822773	33.428582	33.945695	28.449118	16.591474	13.716631	24.839346	29.778776	32.328197	30.990877	26.283048	25.467759	14.273933	29.307730	32.291864	27.472796	25.986723	32.349388	22.307518	26.610551	32.681613	33.527604	31.065371	32.688756	32.786972	30.022437	32.455664	34.374850	13.488294	27.197385	30.441442	17.413186	30.467730	28.611990	34.454098	34.582414	32.852125	14.133067	12.402233	34.267604	31.400761	30.249382	31.460664	34.506309	21.973269	33.701489	21.728830	33.932746	17.358898	34.186229	34.325225	24.452520
17.986434	0.000000	13.078227	19.307288	28.632963	13.956468	26.467239	31.209431	30.660166	20.308981	18.219842	31.839100	15.856541	33.541545	25.193344	14.821096	29.323034	30.018972	32.228635	30.208655	21.520100	26.091118	19.394656	32.659620	22.275281	29.486222	34.407428	24.685630	33.241777	23.078858	33.236140	33.402772	32.993870	34.552495	28.279779	31.899710	19.296666	33.477711	28.418668	24.952512	31.040503	34.304169	32.447979	34.441138	34.206534	21.558418	31.377983	29.679372	31.227127	24.660121	30.810239	32.541090	21.705525	32.766962	21.479410	29.327883	28.680003	17.417907	18.882707	9.722391	20.933576	32.494863	29.477486	26.992302	34.313539	17.099874	25.203544	33.959142	29.267666	26.273491	34.263284	16.754643	32.768147	31.668849	30.556342	27.552911	28.301746	21.454326	26.712808	30.917202	24.197727	33.952110	19.938802	32.797214	29.129365	18.038031	34.286875	33.945790	33.795688	32.904256	14.851608	26.177305	31.387235	34.008951	11.541527	33.485200	30.883983	33.312820	14.468683	31.548262	33.867486	32.889105
30.830636	10.515934	0.000000	29.713067	24.748684	29.579922	33.742050	28.485971	33.973418	34.020125	32.540826	15.026541	33.836610	30.432120	31.738771	33.390733	22.013094	33.146416	34.020126	25.326881	32.650568	14.429974	34.294192	25.094501	21.725486	27.558428	24.179365	31.164429	34.566808	34.118078	27.554127	34.487453	34.537996	34.471578	21.925482	31.179263	21.310645	23.245654	33.913700	18.578650	20.705687	24.405702	34.328800	22.307034	29.083686	15.965908	26.486307	34.457677	23.364576	27.005608	34.492787	33.231873	16.227562	9.973544	33.409491	26.100747	31.298923	18.770074	33.903346	30.357402	22.115299	24.569052	33.082939	31.881735	33.126437	34.161670	32.023917	11.515545	33.668495	24.776269	33.510393	17.874142	34.298975	30.440956	26.463954	29.499713	30.445193	17.104034	7.770515	18.614827	29.491616	15.520178	25.349459	8.813534	33.971727	33.214246	18.807232	34.517452	26.939881	26.559176	20.311332	23.195183	23.011334	18.997529	34.259061	18.244693	21.718439	17.838772	29.291967	24.507299	32.921955	31.577115
34.266720	22.840035	33.763689	0.000000	32.783402	29.439531	32.756742	34.533708	16.833093	32.772416	29.094315	34.333740	29.350907	32.987017	28.866418	18.733844	32.733476	26.228192	24.236022	34.232040	33.301214	28.589693	33.468911	31.270757	34.327266	23.268854	16.626717	24.488573	18.510907	20.408852	34.058021	30.086719	32.396976	17.009664	29.492812	32.408515	31.370280	22.850668	23.684624	12.232385	31.563454	30.948488	30.253062	22.298547	30.890215	24.711942	34.400942	29.944267	31.010480	16.809134	32.406849	23.150476	34.540950	34.199955	30.223843	27.598169	23.145072	24.606093	21.831901	29.781702	21.265690	29.774733	28.777952	29.572738	30.060932	19.987476	10.157329	16.181461	25.000549	33.546675	33.433888	34.243563	25.685177	33.023429	15.875821	24.702960	33.972693	29.468147	18.029631	34.498084	28.294511	13.295257	27.567493	33.461363	33.975117	32.178510	32.130751	34.088929	31.589458	28.818822	20.978910	33.035539	28.172740	33.612960	30.881930	31.045114	31.294925	27.587644	31.602580	34.532681	25.362322	34.259443
13.026666	31.985753	29.834985	20.303838	0.000000	34.214303	26.898390	20.157053	33.814323	26.359185	27.644897	28.129392	31.926799	22.708322	28.460001	29.841910	30.832566	31.271805	32.497701	22.571918	25.835608	27.164983	31.932813	27.283804	29.986202	27.046518	23.193755	10.784224	28.347246	30.047595	25.734773	34.345953	33.469759	20.617302	31.158884	22.935302	32.746271	30.917040	34.244203	34.537209	30.068689	20.828216	30.392982	25.950897	26.634305	19.714255	33.056657	34.410254	26.286575	33.656432	32.426470	28.452979	23.602908	24.225359	30.375002	13.122364	34.243510	28.371844	20.135734	27.799599	29.040551	33.997014	29.463262	33.650023	31.559394	29.211197	32.483242	20.321037	33.878617	33.899117	34.371236	33.770529	19.024241	31.858033	32.946939	27.041535	33.824592	21.319839	13.880357	19.479530	27.494130	30.339561	15.663175	14.540186	19.605783	19.327126	33.574246	28.670276	21.584642	29.059305	32.516582	30.827758	33.241436	33.845673	28.649107	24.920296	25.858708	22.643316	17.530027	27.045500	27.854046	29.699238
31.321022	33.631224	33.624377	26.490667	33.049189	0.000000	34.561786	30.526501	25.580286	25.393402	32.519595	30.911613	31.087715	18.024005	22.590727	33.793928	21.085737	31.467269	34.448595	29.032034	34.062848	25.482932	32.023573	31.597511	24.481499	32.629409	23.254630	29.460809	22.175901	10.496908	34.088464	15.567675	28.337950	34.037951	25.556680	16.762472	24.076058	30.181117	20.178065	27.821685	34.272224	32.808159	30.847535	33.101339	34.547753	22.422997	30.506389	33.876907	34.159832	27.084683	33.684552	19.299687	32.660612	28.019116	17.181619	22.177646	12.495607	34.575610	33.291815	23.319196	34.266530	17.803302	22.934084	27.958448	27.614610	29.038979	21.897203	28.802148	33.634774	33.138653	32.555505	26.028656	15.513779	31.202884	32.350246	21.025252	30.895250	28.392218	33.822591	33.108044	25.856379	32.327366	27.006286	30.514646	23.411337	24.004495	31.128840	25.910625	34.360997	34.064617	28.591537	34.360323	24.170873	28.555201	22.239362	30.429772	33.240608	32.663576	25.117532	33.526448	25.034458	33.526185
28.425797	25.818291	23.888360	21.077725	18.876282	13.433075	0.000000	11.209792	33.020377	22.780657	33.973313	29.981731	21.133541	33.190464	30.199368	19.080874	31.828018	32.148184	27.758201	26.679171	34.228002	33.917231	33.882939	34.471003	21.787681	22.404351	28.383369	14.764545	34.179933	18.162002	33.570362	34.412054	34.113279	30.826830	34.001434	32.635962	29.336077	27.066135	31.180554	30.634240	22.309820	33.251825	34.503648	34.442621	19.338281	32.113508	30.653296	30.241615	29.513738	17.807812	24.164565	29.540681	34.006644	30.871213	33.058037	34.566667	31.516871	32.320179	29.246265	29.321896	20.749034	16.665268	34.220620	30.923103	33.158023	32.424611	32.654896	16.310443	31.093162	32.903972	28.530935	14.602349	30.986230	29.107286	33.895661	33.999060	26.858528	30.857571	34.479471	20.186742	29.297175	32.667229	32.115637	34.412409	16.343935	28.191610	31.994372	33.557738	32.791351	34.158062	31.460279	24.441469	34.407578	34.500566	28.988102	14.890123	29.399821	20.496164	29.186552	31.152531	34.575242	17.137426
33.446750	33.794907	18.998749	13.037350	33.489588	33.822250	12.382752	0.000000	34.050779	27.097416	15.029766	18.681780	29.896066	28.569235	31.179006	11.928767	29.322922	30.436833	31.475214	28.058607	33.649799	22.913860	15.563115	31.502282	29.966473	15.626957	33.495131	27.767901	32.183094	33.102890	34.363451	22.149176	34.271727	28.405145	24.415039	25.098356	27.934921	34.518918	33.937411	26.415003	19.914679	31.331859	30.303991	31.229369	32.406768	33.750733	22.717350	24.233857	33.476428	32.661515	30.842577	34.027661	31.666618	30.190864	29.862456	21.834560	27.405452	17.994000	25.767662	29.960893	34.148874	32.672210	30.685791	32.341993	30.076421	20.308055	32.136305	28.809272	34.046390	18.391704	29.646020	34.589587	24.324268	21.913769	29.824301	26.805479	26.667755	29.918442	33.229865	24.651411	33.853848	19.408812	28.083386	27.925430	32.638272	33.586756	32.143045	26.417894	28.357347	26.251483	27.314182	27.195682	22.955358	29.386110	33.993006	33.382647	31.057174	31.554680	28.034673	26.054446	32.407263	34.255366
21.828121	30.916302	29.574679	23.949164	31.157674	31.454121	34.023532	16.844684	0.000000	32.029001	31.922943	23.308145	18.283363	31.100865	32.972961	27.791253	22.476546	34.238891	20.159232	22.206538	18.020649	34.425526	32.621477	25.808035	33.658153	32.152765	34.071330	33.938098	22.002738	11.749617	31.454856	26.384916	28.943146	31.267295	19.555876	20.946292	33.509792	17.632647	32.722143	29.652251	24.065889	28.789861	30.574213	29.060044	24.080077	13.359508	31.410065	29.001358	32.675797	32.933356	29.607509	24.561073	31.895981	34.094439	20.914586	31.425389	32.450871	30.414082	31.212054	33.604737	30.033497	30.784862	34.207723	32.654179	27.448123	30.763383	13.506049	27.998211	30.505256	34.460170	25.806062	14.259632	18.608245	20.447109	13.964549	15.176412	28.724724	27.500280	34.336130	26.349034	24.871312	15.124952	30.472485	27.947816	26.319747	33.059233	10.102012	33.651554	33.523535	33.817273	28.684562	21.914867	25.275009	31.185126	34.571861	31.718313	31.515316	26.049819	28.321125	25.423204	29.033628	26.401557
16.359870	33.443723	29.270880	34.155007	34.425822	34.219667	20.557594	15.646339	23.834435	0.000000	28.890422	33.970197	30.425447	34.278395	17.269939	34.577103	9.922083	9.528779	34.509602	34.501637	31.242084	34.331478	16.993709	28.286739	28.816551	29.629382	30.241913	26.903077	23.812672	34.004206	27.136495	15.863379	20.168448	27.160984	25.673126	20.631132	20.378617	23.920121	33.171884	15.753958	34.380095	33.584071	26.716248	19.853821	25.210068	30.215664	29.356679	32.563303	26.512527	17.497415	30.048174	28.799050	34.073531	29.091772	33.209842	29.779201	32.557179	12.165781	33.585546	34.239890	29.696767	28.751123	24.748015	32.427372	26.677879	30.979366	29.568162	26.839393	16.963043	22.966802	31.605234	30.325674	22.272350	33.645752	30.400812	34.341944	34.563372	24.928291	34.521548	30.054981	33.793164	26.093345	28.752700	29.232361	27.593721	30.130443	18.917070	26.858005	33.849137	30.779014	34.051457	22.247696	31.701975	30.025800	24.949258	33.700024	26.601099	34.153577	24.305048	34.514100	20.021662	26.461221
34.009589	30.632235	34.532866	31.036074	34.351887	33.397091	27.774068	14.567032	30.904530	32.913961	0.000000	19.862908	29.168844	32.645722	23.153029	23.551906	23.529308	24.671857	23.185543	18.696695	27.533455	17.195830	31.061350	29.523234	25.020489	33.910391	32.304535	33.350417	34.397072	34.248584	22.954608	27.950067	34.211242	33.836389	27.927907	17.955036	34.161914	29.591053	29.245403	32.635519	34.083983	32.301926	21.405035	24.714208	28.132656	34.325024	30.558212	31.738518	31.168076	27.054265	34.015021	30.452283	29.752156	33.849329	33.082319	30.704997	24.685753	23.921219	32.459443	26.056539	23.596474	30.893050	22.154187	34.547664	25.058626	25.719218	31.350283	21.187355	27.079622	31.214306	28.089952	13.473016	29.549581	34.429062	28.281060	32.915620	30.948986	34.299468	33.535338	31.355072	9.464605	20.957507	29.499919	26.363244	21.853684	25.074986	24.217607	27.114060	21.246356	30.845156	33.394984	27.750956	23.230974	26.858903	27.584705	23.963048	23.481022	31.384332	34.351554	34.347389	13.524930	27.527235
14.582104	33.541791	28.717302	16.247246	32.773806	29.467418	29.189669	30.882927	26.089730	32.761207	30.747670	0.000000	19.250120	27.337319	20.890481	34.117864	10.456790	32.649305	31.628205	25.678439	23.102447	34.300927	25.082661	29.466781	34.033516	29.938024	23.084080	18.593076	32.588910	17.519389	30.896504	31.171361	34.525018	24.198778	31.085999	27.412460	30.909051	15.563023	33.226303	33.863979	29.738879	25.375883	24.651036	29.867845	14.976412	14.799959	27.139787	33.916804	24.653355	32.829533	18.391234	23.819338	27.954555	33.108809	27.208865	34.097070	33.158565	32.949032	23.954490	34.318248	25.196526	32.565996	31.280254	25.925097	34.429654	29.273641	33.201586	32.515693	32.224075	23.547714	31.815185	29.136771	33.752533	30.991935	34.152558	34.583485	22.340822	25.933804	15.696382	31.297149	9.509561	28.496218	28.808540	29.992491	29.231281	28.717339	29.895761	33.030130	19.043126	18.886484	30.132676	32.195379	26.479292	25.979657	28.229647	29.124014	32.435976	28.892575	32.090672	33.236492	30.799426	31.155489
14.938307	32.015894	33.657654	33.966579	16.950273	30.545079	33.679066	31.786825	24.370388	30.647497	24.314571	29.032229	0.000000	31.268438	32.766916	32.480295	12.672960	29.949395	34.390090	19.615892	30.884557	23.918731	33.848646	34.189339	33.330517	33.636198	33.599568	32.588837	29.188703	22.887717	29.533142	23.012124	32.746265	33.750106	30.522088	33.204180	30.500868	27.890720	33.795246	22.290720	18.493620	33.017456	31.623970	22.264440	33.588415	31.729284	28.886870	32.346256	29.816756	27.875510	24.864795	26.475906	29.668281	34.211033	22.210032	31.395810	26.492275	28.201627	26.210608	27.524759	31.367427	17.890333	22.130141	34.246585	32.399641	24.042972	32.063573	15.630817	32.268226	23.849417	23.958284	17.083798	21.054193	14.901925	29.792144	32.748049	33.018438	22.529846	17.318402	33.184247	27.806416	34.432119	32.378254	17.161313	9.686479	33.854841	17.448060	34.550831	22.188897	32.139600	17.218354	32.972664	31.702228	18.755446	18.365160	25.772304	30.157331	27.118491	24.132630	23.690117	33.054465	23.619226
25.206993	24.406901	33.649199	33.313565	33.251140	29.848959	28.989966	15.385404	19.422179	30.419011	20.490533	15.544370	23.080277	0.000000	34.289389	28.809757	17.476619	30.336965	32.363376	33.832019	27.977441	31.229714	25.026637	29.966377	25.757451	29.442507	10.966480	33.937855	13.476060	28.434626	29.170967	18.724785	33.775414	17.856853	30.988270	32.075356	23.512616	32.577586	30.023502	22.587533	31.131446	32.697302	30.418465	29.098034	32.375365	31.502156	27.978721	30.037314	34.501072	34.248975	16.105203	25.993132	18.445909	21.948825	32.180906	21.478895	30.431223	28.438597	32.806017	34.257342	30.619949	31.998299	31.830767	26.061394	30.523926	34.016016	21.861566	15.484621	30.038123	31.826593	33.307428	27.977460	32.097095	32.297633	33.638387	32.592846	25.764373	27.941581	18.408455	22.125159	34.330176	33.015953	25.041552	18.417261	28.056836	33.886756	34.419333	31.042660	32.901206	25.352311	32.015811	29.458501	30.438445	28.191969	32.385364	24.672051	33.927016	31.051312	29.518711	34.576778	19.694861	28.720343
32.284877	34.033709	22.992987	18.613377	29.224005	34.211348	27.688733	32.500731	33.863605	28.460459	17.711075	34.228000	28.180474	34.303527	0.000000	27.270278	27.058079	26.273981	33.659459	17.762644	33.024692	21.405061	29.756984	24.222507	30.118987	33.588456	25.570448	31.637099	30.432465	30.973713	23.766850	33.543443	26.927822	34.439657	25.734461	18.587347	20.055798	32.983264	32.298026	32.742156	24.633379	30.183145	28.571605	33.500785	28.531758	12.070093	22.160381	25.450317	32.539774	27.372081	34.552266	22.332022	33.473342	31.841925	33.970069	31.551772	26.150472	23.354754	22.647418	32.413542	21.147151	34.148136	23.359033	27.664422	31.666101	29.400935	22.436734	27.841571	21.810112	27.306356	27.699326	24.183792	11.527940	31.986307	19.758184	27.650283	28.729626	16.656278	30.951574	34.345044	24.529024	22.341502	33.233908	33.357333	30.736299	33.391208	23.531309	22.052702	30.087085	18.035025	32.554004	13.569924	21.297643	31.492851	34.585320	17.961868	25.896316	25.098559	18.460525	22.861769	31.438296	28.942973
22.811313	26.907200	28.909042	29.325857	26.246650	34.474611	28.128661	27.019969	30.243177	20.591864	31.316955	28.217147	32.303279	27.337073	32.109929	0.000000	25.509551	32.225991	25.339982	28.952122	9.677383	31.555188	15.367571	30.480494	32.754995	31.937539	29.689126	29.771652	32.076510	28.793470	30.927223	32.951003	13.296729	29.751060	25.642516	29.598909	31.325877	31.021988	30.154925	31.722586	15.556590	13.525158	32.404047	9.063798	33.846933	29.216844	30.068015	28.687754	25.441084	32.259194	20.906150	29.407303	22.153517	30.614280	26.797697	23.529917	34.073987	32.768611	34.192695	33.571432	20.108223	19.908873	23.445105	25.531235	33.953983	34.513962	32.822026	34.493604	24.049748	22.643449	26.784067	33.323457	34.481804	23.634819	17.796392	11.003677	31.926480	32.274728	18.616686	33.642341	27.555288	34.499626	14.466317	34.153983	31.521696	29.985841	23.888182	33.928298	30.759780	32.126708	34.514673	25.369335	29.721783	31.515638	34.401997	18.135255	32.412872	27.514936	34.258337	34.469226	23.817770	33.381421
28.597704	31.997230	32.070298	30.785937	24.381750	22.229855	31.871675	29.730269	21.039779	21.083080	23.703822	32.148197	31.950678	28.947726	21.395843	32.600647	0.000000	29.376879	24.124003	25.742242	28.644960	25.972057	23.841920	29.157546	16.255243	33.127475	30.761324	32.395422	27.973920	17.378351	30.032918	28.006008	28.936037	21.946017	28.801206	22.606155	26.558534	27.213137	28.498804	24.747427	30.678497	34.562781	33.199263	32.174277	31.058887	28.662455	29.930312	34.166312	31.664467	34.466287	32.798759	21.795000	10.218560	23.440378	16.013640	27.938253	33.891171	32.776253	28.947397	30.464344	33.994323	33.511806	32.681456	32.028411	34.566491	29.092105	29.602432	26.873302	26.618697	17.064419	24.252503	16.436079	31.209841	27.475412	30.859648	29.395908	29.140214	33.684307	18.719944	30.354587	22.556222	21.113882	25.947561	25.164636	31.984198	19.387885	21.830373	34.499407	13.727021	18.647512	34.312338	15.808446	25.035005	27.228882	33.073577	34.265169	33.978642	33.048922	14.252190	14.360071	26.040680	29.127663
32.418322	19.226387	32.579248	23.227681	28.224155	23.301068	34.319329	26.392905	30.648584	34.421578	16.184271	26.690719	26.377019	27.656115	15.332250	30.986878	26.387522	0.000000	25.753085	27.567247	32.902243	30.757700	13.384896	32.026408	29.106140	25.475478	31.689517	33.129984	34.249200	25.993485	32.760422	31.371091	33.682060	15.457505	32.696772	30.072681	28.600141	30.738045	34.542450	27.909483	26.882784	21.172210	30.279748	34.335423	27.218372	30.017826	32.830447	29.197492	25.864602	17.367904	29.929444	25.601661	33.924313	31.576200	32.754187	26.657508	27.351819	31.170655	30.698790	23.794915	17.382192	32.842992	31.970602	26.487940	29.759773	33.096327	32.227488	33.509347	32.762092	32.430289	30.729816	30.849192	29.966801	29.612891	31.883759	22.988130	27.900043	33.514034	32.149113	29.498432	33.586437	28.472362	17.746201	19.908032	28.249329	31.609887	17.799543	29.247437	29.102813	32.756505	33.785078	14.327092	30.712066	25.203415	32.402892	26.808847	16.691047	18.492337	34.451776	27.641653	34.346309	28.559317
34.558346	34.575048	19.216066	27.943864	32.138688	25.864936	29.288605	11.130432	34.043487	15.899921	29.691040	31.771148	26.548188	24.421554	25.453665	28.953128	24.107835	32.508130	0.000000	18.928897	29.584524	25.675483	34.268924	30.842198	32.926851	29.926788	27.856366	14.472613	33.772741	31.962038	18.424013	21.086704	28.437013	29.498155	10.681550	32.215425	32.343828	18.816321	34.320210	31.080542	28.383027	27.350451	34.530287	34.500274	26.281931	28.831909	29.134202	28.133180	33.284624	34.266920	33.973739	27.380346	28.937547	34.349627	19.212262	25.714707	20.710492	25.745574	32.855992	33.131704	9.154671	18.095284	33.681307	21.967907	18.242974	28.234023	27.655050	32.767806	16.936242	34.346043	14.840165	22.801050	22.954140	29.529187	31.395872	23.092515	22.714343	32.351662	33.163565	22.265886	28.589869	20.513361	18.195178	31.409909	33.776086	29.098802	19.376845	25.355838	22.607157	34.329180	34.015878	24.991386	30.863886	18.810731	25.147173	29.112118	19.626703	31.402698	32.905669	29.627465	32.972217	34.237197
18.896866	23.558055	18.645331	32.996545	21.816491	33.481746	34.537579	24.157985	21.491598	34.300033	23.340131	31.767536	26.967793	26.821357	30.512495	34.003821	30.117044	28.166921	33.179886	0.000000	24.826240	30.452370	19.716187	34.525159	20.239531	33.189479	11.309180	21.903903	33.936105	24.213904	28.889916	20.793774	33.989537	33.420205	22.742658	18.727754	23.779577	31.110732	34.511110	28.136247	30.240662	31.957596	31.520837	33.297127	28.456973	33.371442	28.554494	29.852623	20.959899	32.992084	19.959117	32.319809	29.797548	26.496609	27.644023	34.235855	23.719162	22.907543	18.165141	33.710060	22.072779	31.837190	28.365858	21.209481	14.583581	21.879738	33.795992	31.940188	12.308223	21.374227	30.985782	12.979530	30.676918	31.080596	21.353093	32.817345	31.021231	8.710080	27.921499	28.757109	32.972990	33.685799	25.837803	32.666738	33.347364	33.965650	22.619905	27.474269	33.617584	33.590429	16.377359	32.779299	33.828548	14.283544	10.090395	32.336145	22.552497	28.688797	28.419593	19.246040	32.569026	31.187246
33.553165	32.218064	33.087836	28.770958	19.924469	29.192286	30.026659	24.136444	25.759607	31.325011	27.633598	28.955927	30.745990	32.825084	16.558796	21.618941	33.207075	34.139267	23.285122	33.588223	0.000000	28.474636	18.246222	31.046717	34.503696	31.158724	31.247755	31.753028	22.293753	32.282480	33.628822	26.988833	16.554605	30.406719	34.262552	25.024247	33.781347	27.251862	21.127901	33.526592	30.654688	20.567690	19.969076	30.673464	28.291844	29.197554	31.522296	32.004079	22.850210	25.933642	19.774418	34.578925	30.829641	20.830862	21.481828	33.193784	27.988712	29.714472	31.158031	31.318165	19.971630	34.260816	33.923184	28.616193	31.897590	34.526276	12.020391	33.923449	19.539944	24.727463	33.629890	27.508994	25.106244	32.176057	25.027240	23.915982	32.889522	29.357153	31.696563	29.959209	31.136716	21.564562	33.437323	34.384492	29.757509	14.860384	29.148311	25.521712	28.517017	33.593760	32.494302	23.114524	27.314533	20.533762	27.776981	23.701372	21.546748	25.669220	33.702293	31.465009	34.502621	30.164803
28.986590	32.473131	32.405185	19.233684	14.401717	34.368455	15.859005	31.107129	33.812800	29.785609	33.881142	34.198679	16.919067	30.274929	32.606001	31.278407	34.491248	33.826181	27.877883	33.297867	26.396447	0.000000	16.753200	32.176018	27.695436	31.498246	24.654294	25.856575	20.268559	29.620783	33.323874	14.826475	28.227932	33.746893	23.340763	15.432502	32.772063	34.113020	24.624397	33.526901	12.174064	31.811749	34.415569	14.755849	31.680910	25.896201	18.859680	27.317933	33.187503	31.980055	28.751316	33.021532	18.853265	32.497762	25.184038	34.420211	30.860182	29.128132	32.416524	34.263286	29.914134	27.844183	30.940115	19.773668	33.867194	20.860881	33.917221	26.829440	29.610659	30.436846	28.827556	34.489743	33.952287	13.743591	32.353842	33.941221	24.900985	33.060874	28.946808	33.204853	33.289779	33.584656	12.521282	27.110265	18.245346	24.654180	27.453616	29.311663	15.330420	22.788298	22.081791	15.985930	26.252657	23.807397	21.862316	26.660245	28.109612	33.205720	33.235011	12.848439	34.305344	33.452225
30.539949	25.861921	24.221604	16.480349	14.597641	27.207217	29.953834	24.993831	27.598054	33.785784	29.535280	34.034914	23.917430	30.741646	26.385840	26.875400	33.610757	28.264669	17.870342	31.582576	26.215391	15.997118	0.000000	30.322763	26.968667	29.622698	30.771334	32.256677	23.058447	11.437235	20.054578	34.278285	33.147604	32.519891	32.580476	34.535851	16.175700	31.462744	24.831000	27.144168	32.752631	8.657686	27.376847	29.372165	28.102105	32.213223	24.574843	32.691583	32.241321	19.500642	22.093653	27.089034	34.579496	16.514031	33.024723	19.360735	22.169360	26.983169	34.372187	32.526019	34.072830	32.464872	33.162906	26.689374	9.920264	30.416235	34.510561	26.269097	15.999164	34.122750	22.080649	25.473192	27.551592	32.763266	33.739184	26.139303	29.791046	22.253702	32.327702	23.450556	22.834000	34.422157	29.027991	18.991096	26.212655	23.884029	26.535178	24.999815	32.508045	19.574462	17.354193	25.990869	34.325528	31.822244	34.351399	22.117977	29.753650	33.742364	33.496520	32.606171	24.802327	23.913644
28.837124	30.698640	30.644196	27.738858	33.641248	32.904627	24.061213	29.196502	28.055398	22.504830	22.777572	32.147273	17.773260	24.745225	33.700496	33.370392	34.327493	32.813344	34.437886	29.704530	33.621083	25.969669	32.505996	0.000000	21.228668	34.131890	32.923998	33.686678	23.002510	34.008141	29.502274	33.741726	33.004273	26.843048	26.665653	34.413456	33.259273	34.395067	23.486423	22.482024	28.310947	15.593467	30.979121	19.855949	13.813296	32.751484	29.255794	30.480481	29.796749	34.068323	33.895010	28.481494	31.827619	29.187849	34.201714	34.500122	31.222060	19.663561	33.845429	19.127207	25.645690	30.258683	30.884626	29.936972	29.111989	11.828507	33.930349	31.124747	29.902876	31.509622	23.742275	28.484421	27.140839	23.564317	33.073177	20.263655	33.155608	29.462745	25.465380	28.452261	31.403358	30.534958	23.773105	21.750956	31.907540	26.789191	32.000869	33.833488	12.395188	33.322635	34.382131	23.854891	32.041669	13.112435	32.288002	34.308727	29.351594	30.866870	28.211852	34.358832	32.048393	32.433606
16.892753	32.045813	25.400556	30.086587	34.351992	27.494273	28.195149	23.554252	15.622901	27.102111	33.259835	26.510933	26.836863	27.394625	27.680273	33.991874	30.466233	28.156229	13.053129	27.868702	33.155155	32.817523	20.172131	30.449562	0.000000	32.979695	29.854854	33.302031	32.312220	10.169021	29.724896	34.329670	33.566351	27.359499	32.125416	30.357349	33.907013	28.085171	26.446490	26.822390	26.764046	29.706455	17.226772	28.605966	25.938705	29.097352	34.401759	21.768297	24.731115	34.459225	34.158197	31.501996	28.712923	31.651755	33.175649	34.401634	23.463432	29.269809	31.329718	30.343618	16.928170	33.281286	34.125844	33.786970	33.535457	34.501719	28.178539	28.649428	26.423624	28.264764	27.086632	31.107535	34.555417	29.049192	21.778565	31.912837	30.646341	23.725062	34.496469	27.454839	33.740213	29.231259	31.833265	33.223277	25.816405	34.103442	26.892307	32.866996	32.646707	25.012164	12.207865	16.501528	25.414248	23.318507	25.915662	34.560518	28.690872	25.111750	31.472735	34.391205	30.255967	26.630111
29.313573	32.102530	20.817002	14.442582	33.747804	19.763079	31.870618	32.448571	22.811222	25.946661	20.422483	21.565889	16.631343	32.589365	33.513222	29.803295	22.529336	27.566395	28.715986	31.188958	24.223383	12.938049	34.430382	34.072168	34.588847	0.000000	31.876537	32.192340	26.160922	25.704321	33.795873	16.081863	16.142853	32.824237	26.539904	24.534530	23.850209	31.316468	31.290134	30.903377	31.238807	31.538990	24.424867	24.675026	33.284973	31.669307	20.404944	23.287726	14.610403	17.690483	14.563889	20.369140	23.145806	24.566125	29.317712	28.648966	33.517197	33.978166	22.622541	17.208423	24.347341	32.101038	31.272976	27.177744	34.039292	21.611835	26.675012	30.177076	33.310664	14.155831	31.454524	25.764008	34.303213	15.751327	25.694476	34.094587	34.066848	29.718538	23.426043	17.214070	32.615805	30.511962	24.242149	33.664372	28.756192	31.331655	29.704061	22.959373	33.152495	34.423943	33.726759	33.705760	31.460082	19.330486	23.871006	21.711200	21.544605	31.782175	32.453196	29.499781	15.626667	21.830859
31.915097	31.688792	23.848379	31.851053	32.491320	34.457996	26.394818	32.344423	30.070657	33.179423	32.300050	30.415561	32.568681	32.178080	28.272033	26.890758	31.285044	22.777045	33.287913	31.075687	27.224008	27.582025	30.506230	19.885932	19.789982	17.478596	0.000000	23.118621	34.535572	23.907981	29.432266	26.926524	29.649470	28.813935	21.852720	33.276404	23.643877	32.057164	17.095482	20.214999	34.375791	28.741779	17.623193	33.616488	34.119380	22.543162	22.068118	32.880093	32.988476	33.457557	23.385301	30.319144	34.523377	33.452526	28.152267	33.418099	30.624585	33.884222	33.781647	27.003145	28.483949	32.669537	30.435064	34.447463	13.866392	25.523698	32.404590	27.534878	25.746337	27.355687	27.822330	22.195687	31.683101	32.419698	22.375424	12.050454	28.087842	31.951507	29.224744	26.653892	31.474482	29.808265	14.093314	32.050317	34.289570	30.349732	29.352673	30.377196	30.570194	30.792332	34.257110	19.527518	30.879108	34.236471	30.550636	31.157555	26.745367	23.640096	32.212652	24.983475	33.996482	34.139265
34.394901	31.054618	31.872437	23.203181	34.262453	23.638568	25.843552	32.930175	32.005905	31.853804	31.607558	20.562191	28.920325	21.297657	12.529386	12.895981	22.375708	27.886293	34.196074	33.520468	32.670320	32.234864	17.025972	32.176570	34.458326	32.864257	27.296981	0.000000	27.889425	16.551942	33.212034	21.678387	32.915571	22.898852	31.073313	27.965892	30.720505	22.756798	12.048355	33.686227	30.967670	23.871379	31.533120	33.244329	16.346194	33.390839	26.253867	30.935549	34.335893	24.175830	21.362864	27.228742	30.458327	29.941533	29.142637	29.717015	34.475552	13.784380	30.140553	29.979753	28.476995	22.207808	30.354266	31.989913	27.123070	20.722668	14.116626	31.935194	33.454502	24.341794	34.014696	31.868313	22.809346	25.867776	34.161999	30.439624	33.741904	22.382701	17.354479	31.527631	33.656821	30.597975	21.532980	32.492441	27.843981	30.836702	25.536973	33.916807	12.374981	34.499949	22.042844	32.946603	34.559152	11.611332	14.360865	27.042548	27.754956	25.443391	33.813291	23.626457	28.677321	31.269785
34.020663	30.301531	26.200391	25.831756	30.016207	33.869715	32.024543	34.450018	31.456699	20.609869	33.725902	18.702259	26.323715	34.418953	30.323231	30.436731	31.968130	21.724633	34.373744	34.367552	16.433775	27.342143	34.253081	33.475442	24.408074	24.555008	28.250146	25.638104	0.000000	26.880057	26.525722	32.951101	34.262702	26.283136	33.866271	32.950986	17.772654	17.635754	31.045684	32.986508	28.795749	13.208567	30.225658	31.438894	29.430223	32.924376	10.070712	30.966615	14.845733	24.002747	33.600669	31.457535	28.765585	28.673514	28.686699	33.612460	20.858347	30.281074	32.453314	34.201259	15.687545	34.112777	23.390473	31.903481	30.879407	31.995608	28.559588	34.572179	17.000690	30.278991	32.924094	26.789509	31.105859	33.207845	16.928522	23.380348	31.032908	33.704187	33.401818	21.269664	16.677746	20.491406	15.477856	33.161295	24.689276	22.674129	13.909642	33.696814	34.253609	26.486450	29.463064	14.391409	15.480911	32.830712	33.129647	33.496904	27.597362	33.855507	25.641333	28.693997	17.121200	30.750023
26.496297	34.010566	30.824905	33.447996	19.986691	15.768762	15.902881	34.558134	29.783348	21.882123	10.997725	34.370009	33.731637	29.841912	29.578860	31.984192	30.557825	23.530739	32.143345	25.608979	30.510838	33.283778	32.671236	25.852111	33.607953	13.523484	24.650208	19.111023	14.564851	0.000000	21.626258	34.088198	22.324730	26.778096	25.089027	14.516293	26.695275	28.841770	33.739938	30.878429	28.203806	30.873091	31.561785	33.863628	32.509270	25.911870	21.553748	27.562863	22.864365	30.709003	27.944803	33.001051	13.592694	30.768280	33.927939	31.232425	20.189417	28.214611	27.057209	23.940311	33.152682	28.093896	33.777063	26.253618	16.364013	29.559960	22.725682	20.764214	33.127718	13.380536	22.378320	33.182385	34.589582	26.294195	34.272314	24.300817	26.515291	21.377491	23.337168	34.186425	33.806286	29.286898	19.688567	34.309168	25.501043	34.363779	33.334344	19.989999	29.279032	18.872130	33.712645	16.486569	32.287614	24.837378	28.475143	27.403212	34.074656	28.441008	23.395711	32.936299	25.893137	18.530852
8.024683	31.432067	33.133533	33.252881	28.758039	33.346463	33.011075	20.445324	23.989382	28.035641	24.046528	21.075748	23.034982	22.322768	24.856345	32.688160	22.926330	22.156972	23.547994	22.020484	21.233435	14.356082	31.230580	11.530830	34.076102	30.214629	22.274828	22.735248	32.179629	29.347630	0.000000	31.072419	23.289066	31.785082	21.858522	15.396062	28.751971	34.137355	29.125815	31.095615	30.514420	27.046628	28.358217	34.380666	28.967637	29.049617	32.989314	34.366714	27.611711	26.939009	16.702782	31.406968	20.700359	30.701521	15.368834	31.374712	21.590943	33.859181	17.726489	32.363219	19.179591	33.881485	33.470643	31.577700	33.392741	31.740360	34.576791	29.870911	33.087189	21.146631	11.492237	34.558259	29.888071	20.442424	31.378578	34.446629	29.830539	30.961122	30.783060	32.023323	32.463738	33.050113	18.734973	28.597877	21.949087	19.387240	34.234763	31.837295	10.080267	33.477008	29.746115	20.764164	34.495388	8.919222	29.367272	26.016678	24.442975	30.533745	31.321147	33.955192	34.375461	30.089095
33.933675	33.297190	29.733645	33.626599	29.204383	20.998130	33.823936	33.876499	34.126798	34.528038	34.041268	24.177681	34.582137	28.713079	32.037245	14.398954	30.657516	27.221401	30.744435	33.793713	33.470971	20.055719	34.155531	29.107720	14.758504	27.014348	27.500307	27.208609	14.145979	34.521274	25.218652	0.000000	22.081799	34.366553	27.578048	20.740598	22.959773	29.749246	32.791304	31.474302	29.549338	16.098560	10.676185	29.898910	31.167600	24.891869	15.281535	18.835382	34.410623	29.490102	14.670284	32.867928	34.214195	19.201230	8.129709	34.259837	30.613752	22.989379	23.049711	30.057166	33.325938	33.648538	10.743369	28.701208	17.515973	26.180661	32.460635	28.307718	14.342774	26.116007	26.645065	17.325812	34.050740	32.403838	28.451906	31.701141	33.939500	34.498999	28.317075	19.279009	23.573687	29.733001	30.461881	21.157952	33.575460	29.034036	27.247767	33.547075	29.174588	25.860423	34.159755	16.067935	31.813175	33.847224	34.123921	31.409377	31.334061	28.096259	20.827121	25.681948	33.026029	25.319169
28.025620	29.333539	17.854014	34.316489	27.299351	33.141175	34.037353	25.307046	30.194206	9.321558	19.141378	29.245205	19.121488	31.196337	28.464434	25.691243	33.616352	31.761247	26.079197	24.833309	32.714123	27.040432	33.609662	30.764162	20.466158	26.717152	19.967482	28.799839	21.621842	33.223199	24.823556	28.741708	0.000000	34.125378	11.552017	28.569862	17.090487	34.268096	32.846226	28.189041	26.695287	17.760460	27.918473	28.699141	13.784430	31.459104	22.715491	30.686275	33.437455	29.770423	34.351119	31.244562	33.930856	31.449932	33.896343	34.472371	13.612015	26.818614	19.063299	34.376173	32.512525	25.090314	29.315261	34.278211	33.574590	27.467210	30.186713	19.094066	33.381460	30.548052	20.633841	30.360717	25.894198	25.484347	26.757722	31.778430	26.116610	34.551605	23.855656	26.140459	29.929710	33.890098	17.429465	33.532764	32.622453	23.638192	30.851979	31.848849	32.427024	29.500359	29.272813	31.199306	34.587062	25.093142	34.041179	16.022888	23.938633	32.246148	16.028802	29.205458	34.470808	34.581272
28.262875	32.621675	33.328399	31.902580	19.163967	23.603648	33.815369	28.999831	31.038387	27.558152	33.755184	16.865792	31.055772	33.848907	13.574963	31.855903	16.182705	27.945387	22.310886	32.978775	30.202194	24.041295	19.688975	26.852317	29.724780	23.237326	20.401863	34.030071	27.487762	16.916459	28.941384	33.969585	34.456572	0.000000	28.284975	34.421793	11.361352	32.211851	33.561905	25.519231	23.518460	23.393228	25.660802	28.103179	32.600700	30.002627	28.524414	32.202303	25.480545	32.840360	31.621478	17.929195	34.473533	31.733594	34.207623	12.381258	34.079924	27.739307	23.959468	26.712882	32.837546	32.996162	33.282005	33.052465	11.645602	26.947014	14.944006	30.168798	30.616284	30.916263	31.295706	33.737446	25.355158	32.916950	25.418413	34.517888	29.340024	27.362275	13.169023	32.602453	32.466123	33.897534	28.618136	28.070499	26.902030	25.777443	32.294314	30.278243	29.143378	20.048920	32.100423	32.147799	30.592614	10.727625	34.192003	33.223991	30.739538	33.835501	17.822080	33.221380	34.312751	34.206715
29.891249	30.638565	34.582200	28.784519	30.604002	22.538770	27.399647	33.961773	31.891543	21.445500	30.412557	27.459825	23.158112	26.028672	31.196737	29.665054	33.204855	32.557809	25.266295	23.123864	29.437899	33.587393	34.225386	10.958948	15.855388	32.986211	25.516146	31.532084	33.664691	20.995166	30.701624	17.029742	32.208156	33.947437	0.000000	33.885082	20.131125	22.004421	26.633466	33.900648	27.555100	30.336987	33.314983	16.157486	32.674818	20.423876	29.685301	20.914325	14.674894	34.467634	29.812943	30.898309	24.495944	19.864407	32.775500	34.140544	34.207919	28.811631	34.589335	28.965105	16.301983	33.286704	16.954504	19.440908	33.301419	28.011602	31.525853	28.075572	29.068467	22.802967	30.086612	33.704733	15.919299	31.403091	29.760349	21.465040	11.025875	15.502491	30.730411	27.398145	14.916445	31.183976	17.500526	26.827344	26.327998	20.161527	27.833645	28.968373	32.264766	33.321734	32.744998	22.735054	18.853180	34.198588	17.527149	29.460794	34.092927	25.532358	26.822869	30.617673	13.214004	24.645074
23.967117	21.283348	34.168836	27.984566	34.545571	29.294444	29.056946	32.559712	34.388558	33.030867	21.439389	34.342024	31.038004	30.102578	28.909720	16.334338	26.062623	31.331772	27.018319	23.523277	26.756052	34.225230	26.270314	32.034431	34.584609	19.039027	33.603111	27.341665	19.485383	34.251116	32.861655	24.220759	33.686701	31.675250	33.841019	0.000000	33.644616	29.717550	29.285479	27.222914	32.894482	34.218040	29.599919	33.065152	16.127289	33.538797	33.943712	30.513255	29.087808	25.885257	33.105526	24.325124	31.256860	33.024817	29.678389	20.242750	31.425766	33.451318	34.178571	32.449800	33.434788	30.607902	23.998066	26.972720	14.427583	30.116374	22.752991	31.706427	19.851317	22.641337	33.661284	23.921824	31.345107	33.905911	20.443240	27.759279	30.584565	32.399001	25.374850	19.930069	10.898591	20.239798	15.194705	33.985734	20.202120	29.159823	21.925361	26.181318	32.497327	32.926937	25.191883	31.111953	28.980946	24.745026	20.600569	18.525969	26.216777	16.722900	32.533719	27.907317	32.697625	32.790956
9.887368	30.889787	29.577674	32.568075	29.460370	33.221490	16.704991	27.995006	15.818600	31.219446	33.537347	24.472046	29.103910	33.100652	28.344810	34.522520	26.496927	15.040927	30.745468	30.560757	24.196418	28.861552	28.904474	14.305230	34.551002	28.793452	29.201294	29.440455	31.248310	20.718777	17.771545	30.375250	26.142317	29.988252	26.790291	19.892018	0.000000	18.520790	25.804410	16.525286	33.463810	34.477960	21.575620	13.562753	17.697565	31.564303	30.945113	24.360364	31.515513	27.251183	33.072044	22.963317	13.689563	25.442699	34.082083	11.502513	13.937920	34.566125	33.714315	31.340705	27.674397	8.550733	29.004256	33.988223	31.942161	26.573551	8.726286	31.376709	17.205160	34.414116	33.226192	29.558224	34.430226	25.729467	28.109207	33.913153	18.134910	20.243041	31.112652	20.341429	26.663827	33.612085	24.393000	32.994997	28.489557	32.439095	30.454977	34.576984	26.380885	31.477958	14.092836	26.777437	21.083413	32.146569	26.129904	33.669099	33.340699	25.328172	30.881792	33.485286	31.673776	19.267013
34.133147	33.156749	33.605989	29.681383	30.914387	26.746504	23.862010	20.204019	23.752439	27.732814	31.779076	30.441165	31.954832	20.483735	18.655469	19.995569	32.913620	26.314915	29.990914	32.447156	20.647223	33.779701	16.093733	21.068022	33.899253	22.741023	29.638885	34.060593	15.662745	32.689087	30.536760	8.378573	31.423628	21.583894	23.388145	32.413049	34.241364	0.000000	22.887942	34.022411	24.579972	31.101241	34.367406	9.183818	33.153080	20.104834	24.966029	17.516085	11.081935	29.132955	33.622902	33.564063	33.453368	31.556830	23.191961	32.992491	24.665417	33.561995	34.445485	24.454311	27.560885	22.721082	34.167471	11.535442	33.285548	19.972350	33.610282	24.436125	28.745303	32.451395	34.422308	29.455414	34.558403	33.737084	28.800151	32.123644	33.355552	33.984084	31.418333	32.710023	28.686494	20.975496	33.988179	26.431638	32.792586	30.585315	33.234845	32.852384	31.510352	32.548426	20.181090	31.150585	14.833433	26.537825	31.196409	18.860441	21.880855	34.161107	30.904405	13.405049	33.316815	29.692801
32.961163	28.780906	17.482059	24.883732	34.577006	23.004675	23.304363	28.656155	20.258702	32.741376	33.202476	31.777050	19.945681	34.556899	31.987311	28.072196	22.146055	16.815824	29.550456	31.145883	33.670665	29.958203	19.383418	27.231690	28.699043	25.951284	32.085980	31.516420	30.756431	34.320989	34.198996	33.095185	34.508569	19.864598	12.061166	33.700711	15.828962	34.311273	0.000000	21.024839	32.129233	25.931006	14.865870	32.871727	32.973024	32.799120	30.850195	31.074239	32.728846	19.165905	34.240273	27.896152	27.156424	18.405033	31.378236	33.016298	30.662309	34.272055	29.492318	31.354932	21.305424	32.965646	27.030552	14.887375	25.199647	34.167723	24.613624	12.876684	32.126686	30.970298	29.769824	33.758145	25.640593	28.997509	21.395585	31.580001	32.594474	31.076975	24.138541	17.308910	27.822958	32.256221	15.769571	32.853992	26.236430	34.399998	34.141143	16.740852	22.975255	32.441443	21.252802	34.306754	17.416143	23.037897	31.913282	32.223704	24.993379	32.071647	34.499324	31.191619	19.619954	23.392892
24.793683	33.772005	27.183986	20.330809	21.067755	32.710415	15.939473	33.448850	34.062181	25.315134	31.297466	21.438332	29.872111	34.554606	33.615770	28.963833	14.898600	33.519715	34.006737	18.232929	31.737662	31.181840	26.734998	24.764613	15.871435	26.917494	18.048846	33.826988	34.382070	32.734154	32.938604	12.514175	32.492622	19.301908	34.015232	24.359051	30.772693	26.682099	13.076809	0.000000	16.035674	25.326821	31.467397	30.596376	28.726884	24.537104	33.920369	27.787455	31.884037	34.131673	30.858031	20.971409	25.719479	32.172896	31.975475	27.924575	25.719952	11.977655	31.785728	25.113807	33.785224	34.583606	33.758125	30.514117	28.215181	14.490432	17.955526	21.049352	22.016618	24.601787	32.909103	33.958753	27.878115	30.598619	30.269331	28.693047	31.973264	30.670979	31.031518	31.636995	25.620327	31.777002	25.431807	28.446137	34.166011	26.878737	25.956987	32.269899	31.456059	32.107728	19.841871	30.104716	23.810944	16.257983	28.529512	31.415763	24.654951	8.574275	34.188921	33.903746	31.202497	19.787605
18.288097	30.979970	30.816334	15.558704	20.111085	32.792500	18.579591	16.797719	30.926195	24.573396	19.047958	34.437095	31.927148	31.853998	32.222809	28.045822	32.255359	30.529574	28.804956	33.537742	32.916707	32.333962	33.570839	23.132134	33.493528	10.582722	33.585824	32.089998	34.562690	29.276272	33.895734	33.236491	27.217265	29.304845	16.915939	33.713029	20.647850	28.949762	24.033882	12.728725	0.000000	25.529789	32.175305	30.055670	30.343373	22.973645	31.645728	27.673588	32.384602	31.771214	8.875876	18.436677	28.648029	29.102839	10.550707	31.275891	23.299356	23.388314	34.258514	31.276380	13.301808	32.487825	21.569000	34.545929	34.503269	26.486285	32.961957	33.520519	33.392513	31.028107	31.503538	17.175369	23.669154	33.475260	33.121208	24.397698	23.456862	23.865443	33.395645	33.385159	13.141348	25.071960	20.710896	29.068954	12.873868	14.621542	33.708124	32.710767	28.600564	33.631228	26.478407	29.817167	20.020495	16.395670	32.585393	25.032584	25.119347	17.032452	30.352996	30.410365	32.452765	32.711299
29.492989	34.397379	28.577611	27.696376	30.026837	17.946281	21.473632	15.998268	26.036397	20.356445	30.528569	30.984560	32.580704	30.225373	34.262096	23.243556	33.802526	20.569769	22.191791	31.184957	21.635298	26.895981	29.636513	23.369490	32.526059	34.173753	31.620366	23.398597	14.495927	31.641463	29.572545	28.106064	33.859537	34.426276	27.530339	33.972774	25.884349	33.805328	29.251245	13.417327	29.011386	0.000000	12.630458	32.498195	32.765431	33.583256	33.704993	25.739996	32.115591	28.752452	27.940580	26.768656	15.974118	33.258088	27.770420	25.632528	33.893620	31.361872	19.047067	32.146966	16.784688	31.872077	30.802112	20.159832	33.717618	33.867945	31.426829	31.545027	32.810752	31.051982	23.622259	24.033209	34.054195	34.566762	24.993238	29.713616	32.786017	33.141311	24.136131	30.658774	33.934170	30.679446	29.649567	24.825327	30.503008	30.336859	30.407790	32.216406	20.920499	23.951467	28.212579	27.562247	27.498810	32.890949	30.113562	32.352106	31.266956	28.405206	28.627196	28.262386	22.792647	31.720149
27.575825	12.004625	31.735491	20.833652	32.028823	32.285589	27.478740	34.549401	30.749402	33.708933	29.908750	19.025970	22.297296	23.013973	28.274951	19.047470	12.769112	30.101173	29.691917	17.711606	33.905710	32.107079	20.533754	33.832995	33.499868	34.542089	26.327284	30.247768	30.856484	26.892609	19.329234	34.530369	23.633117	25.110863	33.113937	34.063912	32.730693	24.959389	22.141148	10.058555	21.192415	31.417760	0.000000	23.447028	27.786795	16.511813	11.218958	18.733813	34.483132	15.482799	32.457985	31.468818	23.067492	33.856087	19.614539	23.415609	25.637468	32.863390	32.053318	30.987145	18.947615	27.682243	19.170954	14.913468	25.572194	19.550085	34.110677	25.366071	26.288001	29.904139	26.950738	22.905553	27.558791	31.392912	32.517551	17.604818	27.712134	22.273304	13.533239	29.077888	34.548890	18.513180	34.342672	13.676519	31.618449	30.944462	26.518759	34.528805	16.528597	32.688394	18.689946	22.317542	14.287110	24.876752	23.529659	34.190066	23.558189	20.769685	32.475867	34.495558	29.972824	29.992519
31.726007	29.824243	12.424762	30.780411	31.599275	32.564550	31.586595	26.308586	33.114382	24.129701	26.299016	26.116606	28.610719	34.310314	10.785817	22.376607	29.401984	27.834559	25.368606	10.783353	29.415380	21.892718	31.916187	22.289180	18.744399	31.211963	32.174187	27.211706	30.615591	33.237008	28.502507	30.354965	25.741353	33.918074	21.607464	18.039832	32.330373	10.027916	34.158174	27.506130	29.169921	21.128302	12.780083	0.000000	27.344475	30.096774	20.856068	30.102360	29.205348	7.749021	34.522555	32.713015	23.225904	24.407613	21.702700	13.602537	25.375637	27.232154	10.989614	34.116216	21.687066	33.422203	21.472274	26.534985	33.467855	32.169415	25.925790	30.601409	34.273866	33.955742	20.963660	34.177718	31.280529	32.483597	31.256083	33.485161	32.584156	26.618513	32.977077	33.696931	32.336812	17.148326	30.062994	33.501177	30.507797	23.836391	33.560934	26.822496	33.023270	32.331296	29.016329	11.531925	34.206606	30.481497	34.323423	32.293280	10.767217	24.543345	31.768740	17.552652	33.309981	25.848268
23.317297	32.732905	32.550439	21.076593	28.891878	33.987077	29.491104	31.237286	32.426551	25.134674	29.389969	13.657866	34.356082	24.154027	27.844237	31.503392	24.966148	33.784219	33.764057	23.709213	30.691700	34.419061	15.363254	14.561971	30.834199	27.029859	32.344152	33.326176	32.938528	32.061027	24.813513	34.335574	31.187215	33.774077	34.240657	21.509731	25.969009	31.250563	29.640258	34.375178	25.016000	32.744255	33.909952	21.085704	0.000000	29.062559	32.028585	20.534183	27.898041	33.581105	20.312733	23.558378	19.238516	33.965987	13.508834	24.287856	32.029041	31.511196	34.272142	34.500380	26.879849	34.206540	13.035926	31.347925	34.524470	33.360321	31.407565	32.198173	27.372848	32.061723	34.178742	20.282383	29.941495	31.414071	32.175530	31.896114	29.942792	27.179256	29.225740	30.699926	30.224485	17.099222	34.430031	25.370251	27.686860	33.813195	33.688683	21.023414	34.287619	32.312487	33.568375	31.666133	26.250123	21.184141	32.522537	33.935534	20.889161	30.915306	19.662410	30.182779	33.087391	23.406822
24.742984	24.782973	23.691889	22.181765	33.424081	31.083551	34.554493	29.083825	30.838059	33.045907	34.357347	30.955442	24.302628	34.265218	24.874970	17.688003	30.302304	30.974060	33.304599	22.455964	28.886156	18.993690	30.216469	32.152510	34.462529	31.045010	34.017762	18.632446	31.190826	33.914384	33.158768	26.312281	31.779794	21.995146	32.186603	22.595832	34.482565	21.664607	34.028349	31.952742	30.303816	20.723842	28.080886	30.486026	31.150375	0.000000	32.338645	13.530129	34.227705	30.376161	24.301792	29.102228	15.235958	33.236688	30.200587	26.285567	34.350778	33.604486	31.844454	33.248924	19.830365	14.375286	34.443345	18.735178	31.457652	34.551353	31.475261	34.254373	31.796695	25.895338	32.444192	28.296231	30.032079	34.168544	22.647490	28.026937	22.748853	28.855974	25.174589	15.664599	27.689742	32.522043	14.845374	29.718422	34.121078	33.629156	33.884724	30.534546	31.511234	30.029880	15.172013	30.974006	21.378587	33.801956	17.724069	21.747675	26.046652	24.972423	32.151944	16.608161	25.541964	33.578487
34.402786	12.818371	33.224836	29.233068	22.712327	25.383096	31.847973	26.933579	33.557492	23.650199	34.501091	32.265140	32.664616	19.520088	29.389750	31.594644	24.109928	34.182973	31.416443	34.169260	23.887204	34.057747	30.262008	22.980664	34.514957	23.797806	26.907324	30.692552	20.753436	29.032340	30.904123	34.133657	33.051879	12.116734	31.143577	29.972429	23.405842	32.206457	32.209177	28.437060	32.945831	34.149981	34.066590	30.298710	29.569353	33.668920	0.000000	34.001763	22.385433	32.798604	8.862732	27.965273	28.672420	18.664360	32.717462	33.790311	34.528529	31.453008	33.073329	27.928463	27.043024	25.068556	31.714790	29.605894	34.193120	9.958727	31.445096	32.113358	31.316269	28.192784	19.728182	33.104906	14.379900	10.968961	34.328624	16.386949	14.096197	28.029880	33.543106	29.152493	30.265250	29.215174	33.754469	17.228580	22.582247	27.496986	31.802493	34.294499	20.112516	29.566950	30.803465	17.666213	33.334846	32.694375	16.363893	28.771415	30.510604	26.452227	28.228359	31.505998	31.671005	34.209875
22.310444	29.893494	20.315748	33.822151	31.679489	30.088577	19.552547	29.903111	31.986398	26.124512	32.550005	24.225164	23.054810	16.585399	20.196736	30.146597	33.825315	28.999156	31.662055	34.346031	32.381943	17.233225	26.871826	34.109319	22.215413	27.567595	27.873586	15.721296	29.637285	21.310815	33.111638	13.617815	19.860948	33.387578	13.720912	32.051044	28.788684	32.043149	31.585634	27.480868	23.263892	16.556173	30.925285	21.300529	34.413949	34.444794	17.396720	0.000000	23.957815	22.679345	31.830372	24.877343	23.809297	24.958431	29.439095	33.595568	28.256724	32.629064	34.011177	16.518412	34.435608	19.950553	33.707347	9.086646	32.128247	29.164632	20.142582	24.259969	22.311574	33.436358	19.252999	33.148286	29.104638	26.500221	30.833369	33.701300	20.054684	19.979024	18.656518	20.189855	30.155864	34.547651	27.386288	14.751127	24.756053	20.745537	26.730625	26.445941	32.200069	34.065054	13.497014	34.446626	33.955966	8.420413	30.398051	33.817112	24.971253	22.872464	34.442743	30.380410	22.608762	25.787586
30.681276	33.018255	25.974191	30.686677	32.049667	34.338271	33.322008	28.542365	34.498658	34.406775	32.832719	20.405377	28.784949	33.439040	19.935427	19.942928	22.649004	33.106615	29.465994	13.783416	30.765841	12.762174	26.217376	19.254332	31.664439	22.226378	34.382759	30.724350	34.328981	30.557432	29.297569	14.715227	34.576802	23.752704	22.879351	31.313506	31.535280	32.125603	30.463388	29.215826	32.776512	21.216868	32.835915	15.495333	31.699422	26.313259	32.864394	34.147962	0.000000	23.861424	28.617842	25.863785	33.521551	31.065831	15.801463	21.813647	25.057652	34.354880	31.172750	22.987950	24.475285	14.993514	29.007167	32.703227	27.620924	26.339081	28.693507	32.253874	32.370564	28.495765	27.056303	33.290483	22.500676	33.538990	34.320554	10.967561	33.261435	32.197398	18.442786	28.081809	20.782477	31.058352	28.580105	25.166935	33.377406	30.060030	30.410100	22.532852	33.359471	18.366768	25.998299	22.518245	31.128152	29.377921	29.617563	18.006751	30.965385	30.860928	30.542833	33.677637	26.769192	33.936002
25.475520	12.245267	29.500972	25.293134	33.587520	34.444157	24.170447	32.953676	28.120662	19.377912	28.018766	33.882613	28.243982	20.269937	34.446157	33.022602	33.369076	14.030731	32.523938	25.293166	34.342376	33.164394	30.150697	33.910086	29.876141	32.852125	28.997199	29.357708	33.834123	19.881087	33.981025	26.864712	30.117264	27.570970	33.654531	26.992174	30.425196	32.243916	34.168558	30.974204	23.315262	14.629808	31.826108	33.716719	34.128554	31.666281	26.664786	33.433112	27.874657	0.000000	18.565832	33.001954	18.039283	34.028732	9.708306	34.450542	17.519687	31.758496	33.144385	28.981613	20.878406	32.145938	34.024947	33.380465	19.343603	25.870415	32.980995	24.196925	30.522975	33.493889	32.174355	31.339108	32.792562	32.453159	31.874440	29.657149	32.223548	26.786659	26.656130	30.334396	33.475114	31.397131	30.905131	24.567174	32.373887	30.592143	34.342754	27.593509	24.361939	32.295583	32.200332	33.808050	14.671813	29.153396	11.843356	33.960222	23.542525	28.778315	20.268643	14.860283	14.901468	30.164905
33.503101	32.064961	24.872163	32.167742	18.796490	29.124693	34.432990	28.250260	30.838121	32.333691	20.980282	26.563876	32.669913	26.775500	33.794633	33.353334	28.889442	24.780115	21.432540	34.378931	30.301203	31.936951	29.019290	34.191173	27.603335	23.466642	30.760827	29.332364	20.517034	34.110176	23.814273	34.227671	24.575250	28.040772	33.633394	29.194521	20.841882	26.952268	33.619409	32.381553	9.854179	29.047252	29.805803	20.877388	12.257653	17.905239	22.772733	31.645107	14.429118	25.277091	0.000000	31.894652	30.217797	33.960975	28.336681	24.856505	30.049717	29.278937	28.083779	32.408413	33.498367	34.447627	29.376028	19.078447	34.498520	15.366497	34.265734	32.665481	22.772736	30.922748	34.256496	33.736224	30.172432	34.005189	30.287605	31.325074	34.392925	34.314504	12.708179	32.718152	32.084356	26.902041	14.179578	34.120844	16.089001	33.086970	14.176366	26.350689	11.028350	27.890151	33.799546	22.132154	21.541949	31.536446	19.554879	19.306283	34.549037	33.835409	31.909954	33.983019	32.446462	25.047248
33.935734	20.043132	32.488321	32.642633	33.578533	28.209041	30.252878	24.054845	29.873253	26.715257	22.799212	33.279859	34.551053	28.336684	26.345540	29.515114	18.962994	24.400804	33.097928	23.871074	16.721347	28.998851	34.161787	34.506226	34.580799	29.160269	19.568950	32.514325	32.395606	22.848209	34.387474	23.212340	33.120328	19.423960	31.255992	24.261994	33.257746	23.120283	26.933998	25.637001	24.626190	32.690602	22.044426	34.049968	33.327969	31.948073	34.025718	26.652743	26.084380	14.245110	32.947887	0.000000	31.246264	26.850546	23.677946	33.804054	24.436168	20.337826	32.082561	34.397562	11.721861	25.153744	17.604870	32.709858	17.707548	26.965753	33.590245	34.322797	20.802739	23.434333	20.860012	34.163652	32.238333	27.300247	23.178959	26.999310	33.667914	29.213160	26.083977	29.380045	31.859266	33.903530	23.328311	23.551562	31.043554	32.649621	31.047500	31.627517	31.114439	24.400518	20.125245	32.347520	27.824773	32.242075	33.504880	33.999395	30.276201	34.452915	12.626092	34.404787	32.222085	34.469847
26.876920	16.991080	24.809569	13.591830	28.066716	19.315231	29.773013	33.844783	33.778825	30.123776	25.481619	22.910870	32.749715	25.125231	33.427589	31.532817	23.574550	27.551506	31.964281	20.517698	34.368119	33.371456	29.008540	29.248129	30.401075	14.137602	28.442046	34.161856	22.202517	32.419472	23.546421	31.181820	24.171695	29.551874	14.459476	33.849466	26.280333	12.584894	34.502929	25.079717	33.942901	25.808799	25.623574	33.452162	21.129026	19.365776	32.756890	25.386592	34.034055	32.313857	27.063199	22.472351	0.000000	17.193540	21.939684	33.266540	34.431233	14.429680	33.525008	25.534402	31.434441	31.653448	32.523178	32.272370	28.233269	15.920799	20.073806	32.031889	30.319929	23.735360	31.150516	32.664968	26.202175	13.013918	31.047368	29.443415	24.710696	32.407796	31.507533	32.443386	29.935820	17.889563	21.605213	32.616591	29.242806	16.575955	18.961175	32.107495	30.240004	32.560208	17.560703	32.646944	30.141038	33.194185	17.603341	21.109247	32.464621	34.316835	32.070866	27.346583	22.279810	31.464614
23.444034	33.645066	17.077208	29.951008	34.305513	32.508562	32.422113	21.213171	32.002305	31.889978	27.991304	28.432193	24.815593	34.537246	33.018795	26.484175	34.220819	27.344161	33.411544	32.600526	31.096491	30.859217	25.787817	18.721304	33.444941	18.680306	31.715916	28.877399	19.384551	21.431649	23.314167	25.208205	28.079587	25.656111	13.676098	16.241529	27.943193	34.572452	31.728641	33.212062	17.431305	28.966223	28.584653	31.024081	25.586880	32.374770	32.199707	30.970805	31.874154	18.667917	25.193618	28.372425	28.226529	0.000000	14.314800	25.006149	34.461956	31.191300	34.134201	32.875833	24.467697	25.295949	33.159498	34.491896	31.671966	22.924690	34.368754	33.085017	22.197375	34.501750	29.604980	28.422149	31.769122	28.029574	33.569329	23.414117	20.025633	29.182217	29.932876	28.940097	34.477213	33.376023	34.403295	33.767101	23.930741	24.919747	24.434868	30.888666	32.108128	28.100435	33.034198	20.070465	26.514196	21.231535	24.321157	27.492994	31.634748	15.406315	30.563392	13.000893	28.004074	20.120818
11.781307	33.673080	17.991754	32.444807	28.025722	28.313319	27.849885	34.248024	15.580987	33.836527	28.376103	26.793217	25.754893	32.928318	29.506951	26.476057	33.163488	34.543628	24.655056	22.845548	28.319300	18.590560	17.668231	34.459879	32.015280	32.497237	20.947768	32.294079	27.112383	34.259127	15.361569	27.490456	29.536056	28.362664	22.523365	17.366369	34.578262	24.839524	28.105737	34.545528	27.919330	16.565468	29.691313	23.962897	21.537040	28.693898	26.150018	34.523434	33.517587	34.378050	33.737484	9.445274	29.221766	33.251845	0.000000	32.317351	19.799833	16.026034	32.209853	22.450997	26.703303	22.913675	34.231445	27.072114	23.240853	33.301123	28.383922	29.384409	34.375438	33.993919	32.798398	25.069689	17.325790	27.045533	24.684449	24.678258	32.252739	33.479279	32.862651	33.702637	24.284569	34.201356	34.499549	27.546087	33.313242	21.188347	30.383566	28.945232	31.534069	19.154543	28.884303	33.574696	20.089577	27.585850	32.583856	32.300948	27.300058	34.256391	30.528833	29.913617	25.617848	30.837977
32.858576	10.605073	13.839690	33.213250	33.787810	31.144479	29.980834	19.802903	29.169515	34.450413	26.519494	20.676152	34.437052	32.782684	27.476931	19.466476	33.502623	33.233900	33.753830	31.641464	33.971747	30.771615	26.528810	29.978389	16.746021	28.892074	19.406131	32.858029	28.527740	27.067199	34.050897	33.806023	14.525102	30.832555	17.938565	33.530464	33.538677	13.851216	31.057382	33.174143	14.839409	24.459644	19.904237	33.887647	22.310975	34.473509	33.010105	21.152082	28.926972	16.452610	30.129968	25.024775	34.273405	33.685212	12.960065	0.000000	23.562620	29.333263	30.206545	27.031731	32.296150	23.713272	33.202625	33.285998	31.622926	13.478219	33.227472	32.375181	34.018580	26.618023	28.935356	23.836826	34.120692	31.516348	22.992958	32.424640	31.543667	30.651942	10.181801	31.922079	28.453073	32.182974	26.448364	34.546913	34.313125	20.737366	25.917099	22.745694	30.789504	25.024479	32.641072	17.904191	33.482869	17.857937	32.730054	32.002087	22.166839	28.238328	19.937451	30.800287	23.855801	26.359289
34.007161	33.893842	31.375660	34.107944	22.989204	25.301410	24.824094	13.214177	28.278329	26.630376	32.050785	34.013159	33.914555	15.014415	15.588038	28.309403	34.292005	30.631353	30.900775	25.602013	28.423512	32.447643	30.978682	23.616295	30.060235	28.076399	25.200993	32.839869	20.264535	28.150993	32.128085	34.192848	34.484200	31.059587	29.799151	26.667376	33.803432	20.110719	25.014867	33.623818	26.610109	22.747188	31.390197	23.712664	33.610953	31.482568	25.335263	34.375773	28.251742	33.439535	23.346227	34.571454	29.207944	25.957730	21.961152	22.703457	0.000000	22.520813	15.245793	27.264914	30.643886	33.098364	23.900227	34.568902	19.344891	24.235843	34.139741	22.021136	32.497988	26.640844	33.938835	26.195850	15.044580	32.946082	30.810318	32.348053	28.259402	22.050407	34.099650	31.493332	33.217325	23.386530	21.306684	24.801685	32.904746	22.920986	27.587119	25.732744	31.510668	30.567322	27.757903	31.706682	27.347679	31.469818	18.943556	31.080106	20.296108	32.259973	31.099285	23.842864	32.098501	33.729828
34.119833	29.676368	32.476669	32.627719	29.916258	16.758887	29.614936	27.176940	34.569431	29.896023	30.571720	19.437650	21.307103	32.027284	32.078871	18.562534	30.619097	24.496454	20.528123	16.162741	34.131499	22.987287	32.904731	24.972366	26.509261	31.425654	26.080426	8.564103	31.310928	32.199429	19.765381	24.457319	28.414568	19.250245	12.810151	31.278424	33.642153	27.447092	19.603356	24.468957	34.557212	24.950880	26.982686	24.791555	21.201963	27.647156	15.055650	31.714524	32.950861	32.530619	27.437606	14.261108	20.006655	19.923450	34.500206	32.880182	33.091914	0.000000	30.947416	13.010693	34.350496	28.991021	17.834775	21.168915	31.618363	28.817019	29.035098	33.896034	31.926064	34.403767	18.227441	28.798863	16.866636	25.796807	22.996100	34.579211	30.237715	33.646499	34.512307	33.732504	22.533704	33.407049	32.374096	33.361172	28.329978	22.902577	33.071789	23.557463	34.446741	13.365990	29.019884	33.557087	17.713906	29.773600	9.168208	24.107943	24.611418	34.497756	32.134320	33.096664	33.604134	22.426402
19.496627	26.608885	31.532829	24.084159	34.128217	30.710871	34.564237	31.187848	13.197192	15.441212	33.318404	31.771646	24.454759	25.259999	25.370653	34.110240	29.060069	27.101227	20.146415	33.393161	22.451875	16.195307	32.779617	21.756309	19.547681	28.992818	31.253326	16.856920	28.212575	32.125735	32.692083	32.185266	25.972394	34.279587	29.977965	22.976005	34.080283	31.976984	33.584797	24.564413	21.549886	34.015267	33.226841	18.936422	18.274400	31.675094	27.745220	22.683036	32.599989	22.914634	23.828667	32.460525	31.909701	33.944229	33.336898	33.511999	28.572715	29.438008	0.000000	30.708859	34.536918	24.301702	34.098627	19.706936	34.224830	30.785006	31.681280	19.623971	28.920566	33.112904	32.933379	34.434554	17.728704	34.530745	26.986665	12.969825	29.469372	34.466981	34.398335	26.063904	30.648020	24.726126	31.232345	26.927126	30.870632	28.667609	22.970869	25.307463	24.879446	34.269156	18.426795	25.541204	30.511911	23.859382	33.722743	34.587578	31.379527	29.517675	29.275942	31.098112	34.557532	24.898689
20.431394	26.170710	34.268599	34.193534	19.073303	30.585105	30.874151	11.579622	31.042596	33.488499	25.593666	34.307837	34.177268	17.687398	18.366969	31.266888	25.376212	28.575488	20.507082	28.695092	20.212276	33.484981	34.473392	18.393462	31.316207	31.702875	33.955741	31.728599	31.570262	33.564237	31.239831	16.165566	14.854292	34.413189	31.142174	34.299515	33.542389	30.238774	33.576829	34.359919	26.486271	26.148072	24.201848	29.225709	33.549274	29.849195	33.845881	30.470901	33.216363	20.502654	26.507825	32.903681	33.905839	26.855214	33.760460	29.500975	20.902620	24.611846	29.937043	0.000000	33.069473	34.567645	34.582933	19.359580	33.716734	32.752411	34.560353	24.223483	34.473926	28.809755	30.409154	31.539871	29.334781	28.432047	28.304759	32.072301	18.504351	29.674673	30.982058	25.729591	29.245268	32.871926	34.496119	30.755189	9.919683	12.693705	28.772258	33.449833	24.668073	33.845216	30.351573	25.481281	22.019402	34.095647	33.761359	34.486138	24.873453	31.975077	33.799009	31.895077	31.571222	32.507565
28.959475	32.279107	29.189893	32.405444	26.970227	12.357720	20.254654	25.865573	31.443635	27.720785	32.948334	15.890367	34.067144	31.053013	28.283824	30.030011	30.965191	26.850793	14.726209	34.013152	31.255364	31.196706	31.333951	21.108413	33.881995	28.087899	16.025339	32.655651	29.717729	29.005568	31.848039	22.172297	24.011579	33.457020	26.978163	20.460221	27.616873	12.236225	32.244606	27.249034	21.121287	23.295659	32.916583	28.169732	29.768180	32.810622	26.364410	28.577048	31.169064	32.042204	29.149022	33.994551	17.971673	20.334453	17.997065	30.026229	34.098910	32.106072	33.056377	33.117048	0.000000	33.952797	25.308226	33.785750	28.388963	30.524717	32.285651	23.001293	34.270074	29.680162	32.379425	33.542411	32.267162	19.223442	33.637225	27.227262	32.729013	31.720197	10.810059	29.208589	21.694151	16.096321	25.620130	28.521459	31.974098	29.916222	34.312159	27.179726	29.856591	30.901026	33.879642	25.366388	28.710990	32.479790	32.190488	19.801695	22.542615	34.373195	22.509135	33.220307	31.284411	33.882262
26.232958	28.876157	31.548894	13.386289	32.282707	34.013804	20.885210	33.389868	14.253183	31.181766	32.023190	22.696494	28.757501	30.115144	25.244246	34.299562	23.321665	32.914371	27.980049	28.637593	32.788293	31.091465	30.427912	22.239759	25.001193	33.233702	33.941171	22.691483	14.657744	26.520916	24.557040	19.538429	30.450542	29.996617	32.448159	20.644224	33.182388	26.146557	20.522471	25.934763	33.718619	29.846207	33.983516	19.849327	32.238472	34.324498	33.923977	23.196930	34.561180	15.564952	20.772825	32.614758	31.641013	29.915104	29.625966	31.943831	24.193816	24.032050	33.832331	20.159593	34.545812	0.000000	17.451615	33.919655	30.456407	25.016094	30.690247	32.384712	19.096808	24.049453	32.442032	34.393565	30.263749	22.993219	34.100742	12.813018	23.259417	34.110994	8.849248	31.262542	26.962307	33.647093	20.296320	26.128360	29.106585	33.277096	13.790842	30.537675	31.617446	33.828806	30.433457	32.114624	20.410263	31.022695	33.976511	26.418170	33.277931	33.596103	33.174486	33.300152	27.265670	16.776320
25.923195	33.525568	21.468106	30.905913	31.853885	31.633914	23.828990	28.775521	31.272104	30.444269	30.549682	25.546300	31.700173	15.008092	30.624267	15.734631	25.126367	29.242091	31.236181	34.101410	31.135732	33.075445	31.582926	25.394160	31.067103	31.608962	12.987309	18.287265	30.875700	33.908743	31.701201	23.589312	30.536557	30.654747	29.229872	18.933815	17.997892	30.607919	18.188550	32.988203	11.492245	23.756007	28.517392	10.753745	33.853619	30.185998	27.971895	34.043750	23.190752	26.489291	32.306231	25.038936	20.255659	26.341320	20.641167	33.900468	13.457556	24.396168	25.861803	23.164907	34.586009	26.353103	0.000000	29.696435	34.256117	23.846928	23.594293	29.667826	13.156270	24.034651	22.312311	32.714683	30.863880	32.555107	34.104940	32.861268	14.157148	23.112628	25.235147	30.300245	16.904932	31.524649	32.817493	33.464559	23.772901	30.409759	21.555955	24.957992	22.434456	21.543102	28.950230	34.506305	29.896701	25.972316	34.376251	31.615929	28.811364	28.906182	28.452519	28.441944	20.842443	28.885760
30.336634	24.749577	26.455748	16.592046	34.424252	28.767769	21.167049	34.384229	33.115604	27.841521	18.222239	34.032719	22.110978	32.627422	15.799804	33.600321	29.724693	27.320645	32.251774	33.558737	33.846936	14.993917	34.404618	34.342607	22.336850	32.904166	32.888479	34.325219	17.502394	28.013555	12.276189	33.912816	32.773767	30.552885	21.481018	29.305982	32.443390	29.186966	27.343515	25.436653	28.088074	30.123181	32.170711	30.028529	30.985104	33.434048	28.649904	26.846555	25.457670	18.137306	16.658176	32.555825	31.331088	25.537024	31.677686	33.616433	14.999186	23.811369	23.063467	27.897080	29.545916	32.855780	34.068600	0.000000	34.364828	27.040514	29.425887	33.335021	20.435003	32.976091	8.907610	32.117663	29.820078	27.478469	31.668044	34.301157	16.170033	20.451355	32.126646	19.889542	24.537524	33.613411	20.169359	25.084243	25.250913	28.684790	27.684509	30.428890	18.371812	33.183706	33.845012	33.631551	10.798627	32.763182	29.645075	27.101582	24.629647	27.546253	21.803388	29.721096	25.539879	18.553461
13.405716	25.438349	33.253471	27.133274	26.387239	25.006496	33.283242	23.155153	34.370043	34.386800	23.187897	25.584970	22.064704	23.981331	31.754589	32.995498	33.940757	34.214762	33.978595	32.529896	33.101178	34.193412	18.842562	18.587574	13.118650	33.326039	34.407895	33.009350	26.658418	12.203218	21.380671	17.770209	26.739941	18.031614	34.254288	30.801838	32.738787	27.756810	34.082912	23.080317	32.226248	16.390012	33.460050	18.320646	28.340144	27.883634	30.733710	28.290543	33.501638	24.166289	31.224465	29.913044	21.067676	33.649243	19.685826	34.247440	25.294752	30.920892	31.408516	17.449932	29.940292	33.955265	24.092439	33.304864	0.000000	26.927000	32.785588	31.895409	13.684945	29.965179	32.176500	33.473805	24.439130	24.546671	17.134906	22.216326	34.259725	12.004398	17.165763	32.727865	19.612042	31.030918	29.161500	30.947167	33.064932	31.678486	34.295427	24.520873	23.291437	17.959836	24.334067	31.409333	33.069908	17.291663	33.094657	32.390553	21.542918	33.394607	32.924388	34.030806	31.273049	32.208250
34.314310	18.978267	30.520970	33.202214	26.302081	13.331623	18.372354	19.447411	32.934723	33.764067	29.617205	29.822296	20.823958	32.187121	28.366973	33.968401	25.506229	29.092156	31.536863	33.859280	29.776816	17.081070	23.996375	30.438165	27.370037	18.746797	29.527901	31.147814	33.966720	31.152925	34.219605	14.694194	32.167330	17.415750	18.385810	22.486122	21.400679	25.232737	33.994511	31.892761	14.955523	27.292583	30.538979	24.881366	29.241888	28.978261	25.263871	26.177482	31.771209	29.353832	30.944529	21.138246	28.289788	30.357916	31.005960	33.299658	33.409807	25.005166	24.912620	19.016934	32.921666	33.723632	29.992361	11.616574	15.812821	0.000000	33.531842	27.361527	34.527506	33.904130	29.849058	34.345431	18.212718	31.698092	9.710715	33.995816	19.192163	28.864361	33.955428	22.961019	33.066013	16.444420	22.007776	31.659581	12.752531	29.397906	27.147889	33.246978	27.901558	22.989515	32.236991	29.168105	29.879795	32.209338	11.617011	32.250077	29.454628	34.027146	31.301516	30.379457	13.592407	27.529340
31.257550	20.360485	30.922121	26.830600	30.384403	29.565202	18.877254	34.295359	26.222455	31.724631	34.189255	26.192797	23.784608	30.279966	30.970186	34.210016	31.686585	34.319419	34.534428	15.522756	30.577162	30.768065	30.032465	30.678124	34.564202	22.212447	23.181968	31.387464	13.084148	26.577954	30.404183	8.295579	34.200416	32.961215	25.957258	27.410177	20.596323	29.410064	15.867960	33.439700	27.604443	34.107748	32.485242	32.509591	17.010280	23.669763	22.046367	17.659029	34.440397	33.525525	32.823132	27.922050	27.254084	34.536786	26.191555	25.711002	15.500978	29.573484	21.005980	24.908333	28.362217	34.473451	21.558495	32.426731	34.053073	34.271401	0.000000	30.091981	31.192743	33.678037	34.586029	32.328615	34.589094	26.895658	34.063392	8.221436	25.710950	34.579424	26.965097	24.146817	30.868654	34.499643	27.490487	29.089780	10.538184	24.243785	33.407169	31.863383	26.897370	32.358322	34.563729	21.190318	25.605388	24.949461	31.514173	30.573468	32.976063	32.242826	31.160933	34.341450	33.456948	10.198917
28.563444	13.451916	29.515849	33.637016	22.886095	31.338823	17.364387	31.739141	25.584701	10.413588	34.116350	28.937373	28.665168	24.523580	22.443621	26.746926	25.728869	30.189450	27.132781	34.127815	32.680792	29.064757	33.987202	25.442423	32.181590	30.375961	26.968114	31.971823	20.920963	32.933863	33.388917	26.494459	27.083291	31.046295	32.027233	22.384649	29.875683	34.141398	11.321707	31.827163	30.966718	8.029214	26.168597	28.071212	33.048528	20.611729	19.910640	30.205385	26.483937	31.375346	13.301467	27.587633	29.964718	29.250308	31.853754	26.785533	27.596004	25.434028	33.336018	30.545493	10.560000	19.613443	28.872723	21.390488	34.477891	30.330287	9.333810	0.000000	15.788946	21.609980	20.812299	33.255982	33.992997	27.447540	22.963411	33.317291	28.592500	31.533122	29.441633	28.485702	33.133276	24.554718	17.798039	10.269502	27.872362	25.535233	30.874461	31.929366	31.198024	24.806830	23.527698	22.667047	16.920897	32.196612	29.878946	31.346330	33.486669	28.580886	33.989286	27.182666	15.507322	27.144762
22.758239	33.392530	29.189117	32.899372	25.942168	33.456676	31.047797	21.208728	34.284034	32.823790	22.590224	26.462877	11.491527	31.490748	17.820833	33.497715	19.636256	25.712088	32.925245	21.588796	13.905012	30.440664	34.272887	33.749594	23.776641	21.412586	23.003089	21.107900	34.431471	31.268888	29.719569	29.274911	22.451186	16.976251	33.719520	19.654955	30.014607	14.870891	32.146450	33.483245	31.135305	28.253287	33.636914	26.099858	30.025300	18.762749	23.662375	15.128837	25.230186	17.491671	22.646683	33.124908	28.883866	20.199242	31.069837	17.604481	31.951354	14.096061	13.465591	23.211845	23.562095	34.464199	26.622982	34.137962	15.854077	29.037011	31.455259	32.055115	0.000000	26.857778	33.792181	33.369373	32.104302	33.319964	34.175344	20.970633	34.259237	30.411379	30.500121	13.479299	19.395397	25.797368	31.273428	29.482946	28.561155	33.426773	25.944416	28.048869	27.963474	22.571439	18.601201	31.058573	29.338587	34.533521	30.975751	25.972597	30.437124	10.847927	25.183229	22.543464	31.347974	20.991148
34.077975	26.298204	30.383415	16.056324	33.955945	24.663331	8.463878	8.002717	30.690240	27.082524	30.796765	25.014051	33.150882	33.503731	32.000098	34.048309	27.486690	34.502213	27.996892	33.551444	32.868415	32.917847	28.263293	19.361145	29.265264	28.985867	32.569279	34.568162	34.205784	30.456440	22.639033	31.042303	27.465216	11.387307	31.512291	30.690800	17.832217	24.073307	33.016185	25.504267	23.659507	31.191245	24.386312	21.803109	34.095454	33.866310	32.579516	33.884910	12.998123	33.903494	34.239117	34.565127	23.202343	34.188069	34.542914	23.015633	33.952779	33.167851	27.894519	20.790385	30.968816	25.218546	33.190710	32.563459	28.035941	30.014175	21.224345	33.450801	28.824975	0.000000	23.397781	31.650070	31.584245	33.110246	31.433036	28.201036	30.784386	24.822089	13.014409	29.543276	16.201979	32.521322	34.262930	31.316201	31.093975	21.587926	24.589898	27.383355	32.138713	17.741181	29.801444	34.194448	32.193985	32.874192	29.559694	33.398300	23.941333	27.973313	29.810130	27.552806	32.088371	26.387204
30.586654	33.909864	27.045161	28.244497	28.696217	34.168055	31.432275	30.587014	27.860063	31.366850	31.775625	29.069200	29.996918	32.974588	27.461753	34.536254	30.859783	34.410436	30.044040	17.856632	25.145521	32.262504	30.976149	33.467491	29.077135	22.753994	23.153368	34.483607	19.238975	19.499408	28.995780	31.690955	33.707672	32.263059	34.473166	26.434672	20.864219	31.530002	32.984287	24.831666	23.524405	25.554072	19.336162	34.367076	31.389178	24.461564	17.280878	33.165417	23.801264	29.425422	34.554986	33.835496	29.822367	16.949037	32.133692	27.098906	34.566862	26.747391	26.730826	26.830697	26.849286	22.705934	33.700203	25.366208	27.222745	31.380126	31.097936	23.270558	22.729782	29.840145	0.000000	29.923524	21.796624	28.284832	32.559261	18.484683	32.267818	31.883784	28.380665	33.630336	28.478453	34.455957	24.703657	26.907522	24.765787	25.680687	34.458129	31.781985	30.594814	33.761475	27.487119	31.905597	29.729732	32.839286	17.683390	26.465433	31.942112	23.329474	33.595259	32.397563	19.469047	33.201767
30.256286	32.180681	21.028850	26.114697	31.367780	34.474702	26.399019	34.486093	32.362179	13.912947	32.794529	26.610952	28.315209	33.937799	27.504131	28.952965	32.675711	29.627784	33.360873	33.580739	34.566950	32.846581	17.523345	23.180090	24.947224	33.968980	34.207223	26.907216	24.531754	28.440332	30.484865	23.769457	32.995401	16.223967	30.518531	22.208132	23.054603	25.291953	29.430432	34.506765	20.721247	33.601907	28.553736	18.190669	31.956720	25.098654	31.256406	15.736355	34.482004	25.724912	24.369872	25.853530	26.728076	25.315727	21.550326	32.393221	28.077191	25.388289	21.626458	33.382616	21.592704	33.425093	25.866485	19.182002	31.195887	27.951612	24.896033	29.848646	34.567323	25.041196	33.114120	0.000000	11.253725	30.707289	19.774305	20.742509	34.262779	33.656635	17.355847	15.069817	30.534101	33.804325	34.019907	27.979479	27.379031	27.403112	31.688518	33.248928	30.521616	31.833005	15.845611	34.386940	31.484155	19.165109	27.395985	30.773864	32.708175	28.505640	27.104825	32.864951	33.318834	31.454394
29.713946	30.350440	32.937636	34.498405	30.257680	28.085668	32.230919	32.276765	34.203982	25.335632	26.309369	31.705123	28.700965	17.869206	21.075225	30.144587	15.728543	25.014873	28.410393	27.633620	29.823098	24.979810	29.551318	15.010346	28.352551	26.092742	28.383998	14.195638	30.799713	31.455517	20.348085	34.350361	32.745607	24.131736	24.580859	26.978081	12.243720	26.004887	17.500744	12.008864	31.642568	9.501075	25.413132	11.731075	29.151016	27.839490	12.409122	21.457936	24.624770	32.626574	31.806264	31.726350	32.044630	17.308973	32.784600	14.953626	24.721260	25.171891	31.205281	29.175277	28.381324	14.800980	28.812546	23.857804	34.565530	18.152450	27.042139	22.014585	27.972947	33.451122	20.027700	26.873105	0.000000	31.934892	34.310079	13.856899	32.707032	31.264964	22.834809	32.150755	19.538604	26.771660	16.058281	29.711034	23.264154	32.138824	30.618328	28.885120	22.191154	22.246872	33.010713	34.129994	19.023640	30.979325	14.630221	13.360281	26.569078	34.405432	33.598549	29.323463	24.890737	10.078772
19.630260	33.650549	19.906059	12.137399	33.279682	28.094293	28.898431	11.677680	34.543795	15.733923	34.086077	21.083742	29.285634	33.627167	32.845514	26.190532	34.440542	27.379499	21.619400	33.727714	28.760675	22.151193	32.801223	31.569043	21.800995	34.519127	28.795269	25.523290	18.805341	27.279162	28.579754	32.664313	13.505759	31.827677	30.345392	32.016503	30.978855	34.047196	33.715557	21.018728	16.147073	26.869770	32.635843	31.251523	30.269854	33.953030	34.128404	28.992578	29.750867	28.961183	26.481401	20.971722	29.701087	18.980990	32.747145	33.872722	33.477215	28.342489	17.229595	32.574107	30.654683	30.415635	34.479231	34.226446	31.922790	27.038650	34.557565	29.735695	25.900748	16.378887	28.280107	21.725006	32.467024	0.000000	33.972168	31.970037	19.434952	26.368393	30.017870	21.755570	17.105943	33.495281	28.776506	29.940057	29.502716	22.389698	19.600024	32.699755	16.903232	30.598516	29.369107	30.919965	27.575148	34.074868	30.600125	29.411838	17.845454	32.363319	24.108814	27.676107	30.052760	33.839298
31.654641	25.429437	34.492278	30.192850	22.973767	29.949774	22.563473	31.503439	33.821121	32.167360	31.072635	34.308401	33.031436	23.628952	22.145556	33.181777	31.443030	32.562990	32.845308	27.039222	24.919919	32.351988	32.851343	28.398556	23.113906	22.435089	33.213973	20.512075	28.747934	14.584920	30.037251	33.749969	34.062765	33.441392	34.356122	28.369419	21.760101	32.413187	32.843260	25.072975	34.375240	29.097793	24.425367	16.978582	20.077006	34.384333	33.474331	24.490376	25.505679	21.520496	24.404273	22.626900	32.330753	31.844142	31.370489	32.255120	26.410217	33.677070	34.303827	27.784193	31.944082	23.785495	22.752366	33.461704	23.433347	34.000799	32.875958	34.027988	28.747356	21.137091	33.766746	31.449288	31.390814	31.703464	0.000000	23.291337	34.207256	12.991136	26.319142	25.228960	26.038107	15.582787	16.134013	33.192158	30.760526	33.664251	21.326878	27.200485	29.593022	29.342027	23.760829	23.846490	17.801881	30.865078	29.505048	19.481140	22.171681	29.371502	33.924572	16.281373	16.732638	28.587341
25.805379	15.360670	33.365826	32.015803	31.805826	20.554411	34.546459	22.918000	24.584908	26.202051	24.319776	30.523737	15.881332	28.526481	32.927478	17.585259	34.379352	32.171111	22.269828	22.053129	30.792391	29.911501	27.571849	34.570198	32.277751	27.671812	28.475031	29.439513	25.456867	28.526470	33.765631	11.707495	31.812599	13.501097	28.236501	18.348534	25.411004	26.957740	27.005089	30.465446	33.715332	29.024914	11.923313	31.003730	17.895408	34.526476	30.274971	31.245900	17.953777	31.638788	34.481558	34.296549	29.021541	32.256447	30.908779	34.345487	31.941196	33.498157	32.028250	32.168926	18.721227	30.940031	30.810209	27.103699	34.276052	26.725587	33.786161	29.772203	31.154342	20.535714	26.974636	24.493224	30.065773	22.625781	23.706866	0.000000	33.815153	34.146653	30.549529	34.105480	21.322407	9.091930	29.983069	34.465804	31.538834	17.802274	15.189281	22.394980	30.345976	30.406643	28.322611	33.481645	33.845433	32.901774	31.449582	33.336734	31.207712	33.137767	34.098863	30.532316	18.318382	17.135585
27.140593	33.475883	33.327455	31.128129	27.398508	33.867418	34.361102	32.272347	33.143152	33.830749	34.408062	12.583715	13.390110	32.811099	21.235699	33.492115	16.944787	25.286995	30.424597	26.675670	34.588537	31.943010	26.225735	27.235515	28.162995	33.567429	27.636352	34.569626	25.695114	32.712928	34.382009	28.405108	31.575474	31.068378	28.349261	29.198275	31.782794	20.875987	32.076243	23.074725	12.506236	33.345456	31.568303	25.957284	32.450744	32.737128	29.771651	31.398146	24.681442	27.144681	31.767594	30.565221	19.577799	31.246549	28.235379	27.946091	11.939718	19.224465	30.548916	10.703754	34.359256	30.617244	31.855761	20.328418	20.787090	12.297087	32.275357	26.013207	26.740280	24.160425	31.162790	34.340819	33.250090	31.503706	21.271308	33.476913	0.000000	29.773398	32.735512	31.084094	34.282344	28.746173	20.912193	15.955118	34.377683	29.928151	15.371571	28.975936	25.018383	31.015558	33.862827	27.027199	25.698644	25.536908	27.737113	33.635889	27.375718	30.020091	27.681894	30.866356	29.598667	31.850449
34.195847	34.569552	33.418766	32.346989	25.449998	21.797106	33.491665	32.719149	31.292892	32.483164	19.161297	32.902417	32.662844	34.296676	23.253954	21.458201	29.088179	31.044409	22.562140	23.380503	27.194767	34.306329	19.507250	32.443474	31.921833	28.981591	30.763064	25.206140	21.776912	28.654870	21.233552	28.860337	33.861146	34.258718	15.843255	22.452480	10.977099	19.303671	26.334073	31.994011	33.108193	24.335840	30.198612	24.655768	31.296135	34.244827	33.125989	29.251610	33.565025	18.905056	33.188660	33.259800	26.792432	22.159947	30.942623	30.470111	26.940645	33.856813	32.556871	24.912180	20.973034	24.395080	32.940270	32.662670	30.694644	24.309793	32.963362	20.879502	34.141254	29.585580	33.311838	20.202536	29.567352	26.909367	31.064380	24.188540	25.975432	0.000000	34.478730	30.630114	22.224270	32.648782	29.897622	32.025241	34.135761	26.771708	19.903617	29.181892	27.125748	34.503289	25.366683	34.203185	8.606425	34.543948	34.435460	27.932545	34.381910	11.964972	31.708216	34.379752	33.855679	31.150043
31.191873	19.013938	28.797071	29.117622	34.572923	28.811235	33.584512	27.887185	31.727730	27.312980	12.182885	23.087968	31.175179	26.002634	19.428536	31.526261	27.051149	27.671248	24.851102	23.754290	34.543172	23.689769	32.748851	14.717755	23.296114	13.707926	22.748358	22.395864	33.791617	34.155143	22.378379	32.302335	31.490210	30.013260	23.658305	30.785415	33.293303	34.385402	30.061840	15.017359	32.506609	32.527254	28.486094	26.309631	27.879316	34.584120	34.357245	24.840650	22.695176	31.463811	23.841407	25.136699	33.897545	26.990522	18.956788	33.370596	24.422007	34.103121	32.496204	33.695667	28.185010	30.844774	31.630616	33.548232	30.645317	33.363929	34.274510	29.489243	32.895343	30.274410	23.931003	25.439095	33.824716	33.567001	33.618359	34.488705	33.993728	34.158818	0.000000	26.304649	17.596326	29.921774	22.487800	27.951601	25.850713	25.856423	34.220873	29.151216	28.242357	30.733168	19.078379	28.508917	11.027325	34.057440	33.363066	32.074103	30.563774	25.294887	30.559359	33.377896	29.776075	34.377989
29.117044	32.453630	32.939100	26.441129	32.471915	26.135360	12.936870	17.093208	32.655674	25.313095	22.643674	30.672754	34.172858	31.726618	34.398143	32.939775	30.334183	25.746766	12.820856	24.131642	32.279388	16.932428	29.151747	31.531111	27.772927	23.747860	34.146756	34.302942	33.047855	30.948928	20.478243	33.851407	24.795963	28.033061	27.845267	31.202548	25.667152	22.505561	32.303774	21.434974	34.208680	34.260585	33.460264	26.577944	14.327968	33.282967	31.923052	31.639186	33.542220	21.895260	21.637504	21.976682	32.075525	14.927027	14.965754	30.055195	33.438290	28.086195	34.063483	14.720125	34.360939	31.118088	24.410320	29.210305	29.508897	23.573941	34.520409	32.441650	30.129913	11.211379	34.492353	33.786829	15.153611	30.811676	28.694944	29.727042	12.081119	22.271134	32.490684	0.000000	33.309439	27.955041	25.619718	31.399990	27.810808	34.556612	33.135590	31.773358	29.376560	16.628552	28.935789	32.215395	33.502064	31.655399	27.047064	12.458280	33.606088	29.558972	19.879178	14.222646	33.025633	32.130666
17.799435	33.495927	26.339696	33.008083	33.475256	32.369744	14.686877	31.446026	24.519325	24.371079	34.585542	23.981726	20.247675	20.715561	26.271909	25.142444	31.935390	24.079425	16.662122	27.098817	25.890405	33.819394	19.775522	31.415698	33.702604	34.173319	22.380006	34.126260	33.291539	27.050435	28.484581	29.671596	17.780594	34.533271	27.080318	24.954430	34.081045	27.660099	30.557422	29.975229	18.638412	34.298329	31.871187	34.518702	21.109628	28.167110	27.616402	29.173004	19.190219	32.567926	19.822933	32.419116	17.780391	22.723454	33.054524	19.054333	24.273888	32.333021	26.322432	23.345689	32.909069	26.170797	32.873850	30.549209	31.872575	34.260153	31.122440	30.908751	23.408180	7.230527	13.398222	26.073364	32.423031	19.883343	27.719053	24.412023	33.970426	31.950088	23.334170	34.169899	0.000000	27.726311	21.723606	23.854163	32.634226	30.048554	31.635041	31.776021	27.238508	20.166156	34.279136	27.623404	33.479797	21.009901	24.690292	32.250742	25.923053	32.089830	29.195827	21.537736	19.921838	31.753819
33.656379	32.681581	34.185022	34.202175	26.799185	20.784003	28.414287	30.204470	24.419091	34.368109	27.701590	22.979269	12.143838	27.012830	25.823141	24.536923	30.165132	33.359753	23.087985	31.978763	34.360080	27.255507	33.069462	18.913650	18.179571	32.260646	26.510058	10.393465	23.318691	34.092163	33.835640	31.139415	21.463123	30.382961	31.824795	32.777017	33.905630	17.831025	32.288572	34.059001	33.582159	29.631353	24.842400	17.981959	21.730158	33.735064	34.186805	31.791158	31.741442	34.366394	20.116784	34.308271	33.460932	33.583002	34.029625	32.666293	17.566666	26.854229	25.870957	31.893521	26.592444	21.631925	20.290288	33.330784	32.643197	34.302291	29.217586	31.508097	26.502416	33.438140	28.741618	34.316785	21.962540	34.496565	33.438241	16.066179	31.754731	32.904830	28.017205	26.303772	32.326724	0.000000	23.989891	13.369642	34.258568	29.784173	11.542835	14.667865	27.444039	11.057652	27.263115	29.287960	23.624264	24.043238	16.347229	17.648005	28.533315	32.004250	34.538255	27.958643	30.882647	34.271789
29.206630	33.976014	29.607788	26.960057	32.121548	31.956318	19.875355	25.106416	27.635999	34.323403	34.055419	25.675123	29.060720	34.168103	27.143414	32.929492	11.182537	32.633672	34.398630	33.184687	33.232130	28.925780	34.380378	16.501441	31.132536	34.523317	30.441377	34.302544	33.122085	28.123079	31.636405	28.855110	28.142316	32.910669	27.574591	29.561005	28.454188	24.459065	12.945396	31.638036	19.911693	29.783732	34.474882	14.815601	30.102816	33.247759	22.618623	18.279417	26.912993	32.299966	29.161065	34.199997	10.237323	31.587025	33.913845	29.648139	15.389595	32.155187	32.515504	20.774545	32.593775	29.781449	32.689914	29.134415	25.331629	21.974309	19.769841	29.024113	34.563893	23.647723	14.051058	33.144192	29.576522	31.918301	10.919195	31.522225	32.269997	31.884827	18.905809	31.094030	17.558362	23.426612	0.000000	17.138915	34.413626	34.230942	32.756154	31.912137	28.335772	23.192538	33.705586	32.350011	17.502909	27.311000	34.320218	22.608968	34.381613	27.149505	18.583947	33.287467	23.254489	30.234304
33.636843	33.638188	22.243654	32.297369	18.311934	29.806692	27.347133	27.667208	27.524362	34.355955	34.022568	33.750095	29.929174	34.310169	18.909703	24.330591	27.528140	18.906891	28.745939	33.488686	10.733445	33.065749	29.902185	32.379208	22.946309	34.080872	34.483351	27.965965	29.133261	17.202346	24.399479	33.474302	27.513862	19.353579	29.200617	27.084375	33.217266	33.692781	33.607219	33.572821	31.573003	27.347632	32.222928	27.622232	34.076458	31.380581	26.600384	26.285766	25.230818	19.134648	33.738180	30.159224	22.880807	20.803671	31.293301	26.104457	34.040493	25.515601	28.528107	30.480300	31.340512	32.935218	32.946036	32.237338	29.482456	12.182307	31.513205	34.398927	23.921977	30.156186	27.367862	33.012838	33.843529	32.628815	31.870567	22.058448	30.331221	34.481001	25.011891	34.303963	31.210512	13.217891	29.801950	0.000000	33.357516	29.669071	26.629363	31.352487	26.388786	30.704373	14.369843	26.920288	28.637840	29.611442	21.747730	27.711809	29.813300	34.157681	17.602452	23.202219	25.022454	29.766666
17.111765	26.853510	25.910651	12.429613	24.572551	29.590738	24.101252	31.554582	28.349408	31.584797	31.576343	33.854410	31.549465	32.172553	26.263012	12.061303	25.236358	34.393334	22.618205	18.348973	21.506620	32.194113	31.508115	32.642514	33.483387	34.243942	29.582940	34.043436	21.019597	32.395816	29.993318	26.279671	22.701931	34.429566	30.675663	27.633901	30.142087	34.231952	32.406862	29.599172	30.380466	30.256243	30.383734	29.179216	27.638167	29.999201	29.234574	30.845126	23.687792	34.005417	32.146755	32.135108	27.238029	33.382663	10.680595	22.364747	32.890720	29.825957	25.998696	13.920846	20.384202	34.349540	32.757679	34.019584	29.071947	23.520546	32.082973	32.047753	26.844681	32.244770	30.580791	33.352150	29.847379	33.350479	26.574784	34.148147	31.677483	33.472994	31.429090	31.221808	33.497585	34.538767	16.009823	28.673160	0.000000	33.223944	33.779342	19.451062	31.910457	25.949058	33.442235	29.877838	30.912643	25.526111	12.843505	34.577045	27.499052	31.722728	19.872011	33.727564	34.397050	29.190127
25.264644	34.435102	26.173926	32.958728	32.722005	22.959928	23.863528	16.807584	29.534262	32.155788	26.156358	31.311733	17.581926	32.490600	30.866885	33.326320	26.762309	23.501944	34.487407	27.092912	33.789325	16.986604	19.052598	33.156735	30.553970	24.791276	28.615353	19.571817	34.467883	30.704395	26.756033	31.102595	25.551841	33.211466	30.731994	18.101091	32.901989	28.157541	10.584991	16.608651	20.461068	21.250183	33.295818	33.828487	22.749638	34.039611	33.256275	34.538289	17.562787	34.117943	20.910283	33.271390	24.836010	21.261915	26.862481	30.044961	23.792404	31.317816	32.283309	32.462789	27.669994	20.977266	20.308136	31.176782	34.029941	27.609889	23.733930	23.623556	32.127725	31.941209	18.731543	29.753629	25.448703	18.432420	17.080865	31.866020	33.038903	33.275621	28.669381	27.310295	20.471605	23.835257	20.397583	33.120120	28.256972	0.000000	32.164372	29.894026	32.559098	34.037523	27.937861	30.291712	27.396043	32.115592	31.228422	32.122415	25.440303	23.148961	17.226408	31.896442	18.762044	34.504514
21.644981	16.932437	25.584962	25.582465	23.544609	33.079847	16.612105	11.045075	12.805520	34.558125	25.632986	31.888709	14.030900	21.057929	19.851827	19.667275	31.655526	28.507345	32.067845	34.580889	12.458615	27.923686	27.351955	19.933766	25.857125	25.865441	28.699668	24.976814	30.395768	32.721916	20.816703	32.206965	21.865339	25.010925	32.588864	17.299308	24.999523	29.636457	33.969483	33.275599	28.648143	28.830393	28.584933	27.097826	28.521915	32.933081	25.642187	24.899238	15.676602	30.582016	17.963878	12.985761	22.162451	31.826635	31.013506	32.794774	31.417789	20.219014	32.202589	27.103835	27.597608	31.803145	30.139343	20.911787	26.768283	18.890405	31.694810	18.164623	28.659417	33.891949	34.442000	27.240865	30.480825	29.278568	9.674879	32.632577	34.156651	34.425498	31.598687	23.465392	28.818274	30.189423	30.222789	24.588047	34.281493	32.897061	0.000000	32.966972	34.244141	27.281938	32.062177	31.774882	33.460460	29.396034	21.214299	14.650101	34.564129	26.015879	8.174837	34.070954	25.197849	24.189695
28.128792	14.776382	34.116231	26.005292	30.275258	15.972579	30.688939	29.742686	33.573316	20.246162	20.622508	29.418103	28.748055	30.714519	17.091629	26.621543	23.843820	33.008105	25.273596	33.228279	29.104273	16.171690	30.730217	28.422442	15.436784	34.478464	27.302738	24.555267	33.254182	20.207206	27.495040	28.443352	24.130380	33.065829	24.666011	29.433333	30.405047	32.635388	21.155840	20.774784	26.153740	27.679828	27.381052	34.209972	30.106303	31.527385	34.122340	33.506957	20.953635	30.798778	26.956865	31.977465	33.284219	34.269921	21.000201	34.470361	24.898229	15.861252	28.701074	30.386989	29.200323	30.691327	33.933440	34.537798	24.831952	32.823171	29.551546	31.378139	34.450843	29.830602	23.588115	15.786542	21.969780	31.282936	33.815348	30.244909	34.427652	29.360787	22.667387	34.097047	16.236453	27.034679	10.899795	23.224278	26.618839	31.765600	30.434020	0.000000	28.439272	34.194503	24.500046	19.867884	32.993551	11.861691	34.473411	28.350977	30.296498	28.813785	32.139228	11.195865	33.177987	20.685617
32.262129	34.313211	33.673910	30.478710	32.312171	27.535201	26.898895	27.693989	29.057880	34.314589	11.047789	27.285914	33.732980	13.278316	33.977766	13.795273	31.690202	33.391568	26.930933	33.326078	30.877711	21.878269	23.534706	28.600922	32.473331	32.171742	19.224203	10.231501	33.556605	31.893644	34.588695	34.374981	28.504954	16.170188	17.334529	20.245042	28.894089	27.911537	34.585411	34.032314	31.647017	33.540908	33.611621	32.756589	19.073070	15.519177	30.729857	28.347702	27.807945	28.837638	11.824913	32.658117	33.345417	33.230443	24.194438	27.244390	22.258022	24.244702	29.060559	33.626813	20.928737	34.041383	19.533953	20.281609	23.671704	34.560506	29.687164	20.545750	27.953025	19.426740	34.362602	14.219714	13.035577	21.345616	32.975586	18.997145	33.097684	29.784087	32.766949	30.817222	21.599707	25.994666	20.354548	34.064347	30.776190	34.393032	29.449175	22.789189	0.000000	23.786424	31.515970	34.527192	33.935865	33.116366	21.931450	21.410833	31.434437	33.518173	26.744168	33.811587	22.514085	24.219919
26.026090	28.929468	34.343387	29.309827	34.450345	23.651557	33.922862	20.738727	29.916349	15.811280	32.940256	29.889205	28.247219	29.569979	31.442963	21.296242	34.388847	31.434956	22.793991	34.323771	30.164638	34.536669	34.068250	11.522331	32.186858	19.258862	28.530993	27.389203	25.845653	25.233739	28.039663	28.064239	34.390084	28.845191	23.814790	34.205541	24.903847	26.000564	31.866683	32.365383	21.984226	19.859926	33.045726	34.486470	31.444098	30.659464	34.358214	15.242201	31.296515	24.711478	16.307451	33.354385	24.116935	31.426301	26.737665	32.904752	29.306886	32.039249	24.897201	31.478683	19.923278	15.918024	22.479947	30.346135	20.795517	19.937309	24.470214	27.252013	21.359371	29.365360	21.083269	25.737719	28.712084	27.899519	30.714990	21.683651	33.654245	34.215734	22.420510	33.205300	33.527473	34.234885	34.555548	29.376649	19.873566	24.904561	33.516196	16.479399	33.348996	0.000000	24.606366	33.194073	12.491669	31.980598	28.019139	25.462763	33.897748	29.637100	33.453195	30.769679	34.579111	31.227852
26.119546	22.232863	34.499505	27.403678	32.977376	33.796509	22.834358	32.120154	26.345889	33.328596	11.723147	33.141375	32.348878	28.626723	27.137281	32.384588	16.305593	34.392382	21.181088	20.437693	21.799686	30.166310	30.870548	29.217305	34.532671	18.240971	27.836072	30.075483	28.021920	22.287353	31.705211	34.396384	31.718451	25.292824	30.708701	24.194974	29.733838	33.999029	24.727311	29.447363	25.137406	27.966094	31.853703	23.651747	22.662426	33.856323	24.356936	31.157354	34.162434	31.406333	27.475510	23.017706	24.628165	32.864744	23.736550	13.610066	30.440761	30.619928	24.257583	12.896643	31.559528	33.032178	30.576310	34.303450	33.476517	19.090836	17.062541	29.052635	29.671634	20.707018	29.652568	25.131550	31.522351	33.188747	26.685920	16.235701	32.117412	23.833103	26.783357	33.146771	34.355194	33.942796	12.698839	29.763792	33.139252	27.116479	32.149773	30.946970	28.101763	31.051416	0.000000	28.902379	19.661046	30.158748	33.556101	29.242353	29.882253	30.110019	30.100405	21.176925	25.215224	25.285931
29.093107	30.928895	27.629213	19.612618	27.155413	14.636900	9.325342	30.654832	24.585425	32.399534	27.668238	27.142704	25.898172	13.278019	33.830944	17.377650	27.972017	26.415576	27.961096	23.048138	23.883977	33.580763	18.121742	32.913749	34.382835	20.071390	34.575315	32.910738	24.444928	24.307157	30.410578	9.493043	32.897803	10.018840	28.099487	31.609802	20.105958	33.553513	31.849906	30.658648	26.031803	31.760601	27.435724	34.492905	32.830131	29.734700	31.966699	18.023721	23.930154	24.486289	25.100097	25.069380	32.965476	32.423488	26.520776	25.132734	33.009033	21.159168	12.987677	8.607539	22.321096	29.747237	28.338508	34.366706	11.177951	9.720223	23.174896	34.564918	33.878978	34.367000	29.369619	20.674042	25.332989	17.925188	34.141766	18.534527	34.536613	31.241251	32.690370	31.381261	29.782103	32.971648	34.588114	34.063984	24.795744	23.180983	34.195169	26.016770	12.770614	29.888658	33.099977	0.000000	11.199726	15.968204	31.305424	34.555188	30.938910	31.337064	30.941297	13.666225	24.364559	24.708322
15.874344	28.341203	32.414621	32.663052	28.240491	33.981127	28.899791	33.233986	31.865167	34.383653	14.763882	26.206073	33.502875	29.803852	26.793648	34.479573	27.119026	33.768618	24.092112	28.543155	31.215192	31.372798	32.601161	24.823350	24.529349	34.138281	30.721502	22.603863	31.760968	29.893517	32.887575	25.877307	30.780566	29.019954	24.591108	34.029160	33.686563	18.315431	12.357664	34.386575	23.228839	23.911113	20.283537	29.905724	26.619287	24.238536	28.389584	26.992257	31.122678	34.359625	33.935459	33.614988	33.891495	26.856724	34.119921	17.638526	33.718194	31.531965	34.538953	15.395507	33.255004	34.268957	34.009739	15.888741	22.860288	19.565366	33.248755	34.524270	22.008816	33.719344	20.340084	20.843680	28.360133	33.670874	21.999393	28.652803	23.940045	26.384429	33.184364	22.278767	18.061237	9.612526	26.489376	20.501888	32.538113	27.651219	24.697354	15.556373	22.213270	18.714972	34.350257	34.564166	0.000000	30.915170	32.027783	26.985358	29.123598	26.972906	32.990108	27.060625	34.169407	31.682601
33.877438	17.869484	34.526290	29.954358	15.822433	28.019741	24.015214	22.833562	8.897140	33.604066	28.354145	23.167175	33.989956	26.125722	10.805597	21.890744	25.261164	33.566618	33.008283	24.756878	25.032746	26.068241	29.172015	27.358876	12.822988	25.820410	34.581619	32.500981	34.577095	33.172238	26.087524	28.737192	29.244735	28.899281	26.682206	24.016831	28.485564	14.595100	32.321486	30.717975	33.169649	32.033634	25.924440	34.082331	31.018772	28.032504	28.736672	32.013088	27.463104	17.153598	30.798944	25.209304	21.486252	20.617276	34.233335	34.536097	32.193068	34.135802	31.893229	23.414839	28.455244	32.752242	32.152112	29.266703	24.496601	32.742825	20.938685	18.296359	24.924868	18.689684	33.033104	28.418268	9.966426	29.246039	21.354062	31.461759	34.578287	14.118345	25.932896	15.111715	30.892350	27.145105	32.786727	32.849351	14.067381	29.119358	31.908391	24.840562	32.225253	33.765396	34.566104	32.094666	18.419044	0.000000	30.699436	22.819558	33.926506	28.587539	27.603685	27.429796	27.006991	34.589521
34.014227	20.740216	33.090496	34.548541	33.200688	24.204378	34.499733	31.324547	32.891967	31.061292	14.469369	20.586204	27.523300	31.380546	33.903322	19.061879	29.772600	34.195116	30.380220	31.148800	31.749778	31.730174	20.669924	32.954627	33.534596	33.409632	26.183618	33.852487	30.720178	34.197390	34.588572	12.157398	25.361524	19.626121	18.229669	18.762748	33.274564	30.389771	33.516991	27.819694	33.837111	32.847027	31.560927	22.656534	34.133463	13.370052	29.578350	27.996807	30.326617	26.780499	26.080310	33.524071	24.017805	28.193515	25.735862	24.164778	31.690684	19.185793	22.031307	28.949537	32.474191	26.397797	28.737916	30.535925	29.802217	26.583492	21.569343	30.194047	25.581817	34.243307	27.376574	31.446901	34.060197	30.854255	32.229941	34.458711	31.575786	28.166581	32.965245	34.536423	33.498526	31.513546	33.591733	33.789085	29.686612	27.704398	27.738904	31.320667	19.104519	21.432740	30.799432	12.009346	29.799565	33.040840	0.000000	32.790250	32.780564	17.968795	29.856760	34.556598	29.108500	24.813090
22.448666	23.152620	26.729131	32.865494	34.515412	34.153862	27.421401	33.636480	26.799756	19.158676	31.818224	25.128163	28.254652	29.655035	34.550909	34.257385	27.298029	34.538377	31.678636	32.639459	26.230359	26.714609	20.623317	32.290632	17.780518	32.855872	29.551414	23.001226	26.568501	34.323315	20.066729	18.158151	23.427991	8.848824	31.091340	33.915412	28.996737	13.581958	20.698745	24.474922	34.542334	30.990151	27.203496	27.295556	33.378263	26.719676	29.228998	29.530555	33.672769	29.929767	29.968242	33.324823	31.016978	31.688297	24.368613	22.621032	24.807236	30.209767	21.775156	17.471812	34.362104	32.856962	34.150812	33.957316	29.937449	28.813664	13.501790	27.058813	34.071368	24.576995	27.341667	34.045820	29.573426	18.683129	26.721050	19.018876	13.296664	34.489109	33.719721	22.962846	31.003298	25.596477	34.413911	29.315695	34.521450	28.570702	32.026707	27.633514	16.414868	17.484045	33.507182	20.547098	33.124581	34.000542	27.164508	0.000000	24.943319	25.603096	29.322604	25.247692	33.212486	34.172868
17.604291	33.519534	33.112565	19.188508	26.810967	34.240764	34.306071	31.993851	10.963444	33.777254	25.069667	21.303955	30.633152	34.321756	23.850175	32.285006	23.789922	34.129001	33.278493	14.027599	30.986461	32.161083	19.831679	26.693589	17.124891	22.287317	26.437727	28.084519	31.375030	16.176745	31.113481	17.225897	17.762176	22.007874	28.387785	32.255687	34.513510	31.477551	31.845015	34.555702	28.260490	30.885224	22.150792	34.315861	29.634232	34.352959	34.162810	30.161702	34.260102	24.027995	26.997139	23.401536	34.541777	33.488761	26.057359	26.795360	30.091521	30.086730	29.820172	29.791794	26.853503	25.369029	28.664430	34.038133	17.823205	29.801428	34.418178	26.848902	22.747015	33.167515	33.513250	27.129988	20.526257	28.593197	34.536558	15.589340	33.727638	31.882740	34.396215	19.400420	33.079469	33.299002	31.910857	33.509108	16.576252	30.482431	34.360035	34.451629	17.858357	34.158143	33.234028	34.245959	26.666465	23.197251	28.718355	31.874738	0.000000	22.282893	27.712676	33.403473	25.803510	34.534661
33.464621	31.466266	21.887299	18.629773	21.889156	33.092566	25.220826	31.367534	29.908444	27.661133	33.509739	32.971963	33.900432	27.158255	21.295078	21.478905	33.115444	32.011419	25.381463	27.224239	34.233821	27.437013	19.690540	25.119599	30.915001	34.196324	24.537527	33.314031	22.427200	34.415911	27.424621	34.261753	26.346682	15.973605	34.449469	24.131617	30.970576	26.836424	26.920405	11.388779	30.709425	27.212118	33.736971	17.825861	31.355743	34.405628	31.483986	33.285602	29.100856	33.118282	34.449013	31.554472	32.351612	33.750297	12.210001	26.503612	17.968273	31.748304	33.011594	26.032982	24.074321	31.072859	33.826821	32.905465	24.720803	32.886815	33.641849	34.298824	25.313747	33.975809	16.274405	34.483451	27.347448	24.301993	33.537270	29.932568	22.968563	33.354297	16.490036	23.682796	18.423106	27.834617	31.438591	34.253176	11.765637	23.620181	14.821810	26.541146	31.962893	21.997842	32.212320	15.270164	30.893979	29.088058	28.324950	34.266060	32.986800	0.000000	33.336238	20.767953	34.171891	29.468910
28.633947	33.225010	31.476114	20.606713	27.625466	29.932612	26.842735	26.645505	32.210711	33.415614	34.227396	8.736687	32.313929	34.200527	33.278843	34.308755	32.362657	34.122382	27.855146	29.929428	27.185749	31.861958	33.815333	34.393409	20.357844	31.727944	15.440976	21.325434	31.136911	14.199697	29.914588	31.534893	34.237590	23.383806	19.691199	28.863926	31.362575	33.823875	31.109542	34.183977	31.140250	34.136460	16.395028	31.338914	19.889683	33.988100	29.473626	23.091746	30.363017	18.088548	28.263755	32.572038	29.089684	28.935240	30.288477	31.599483	29.617651	29.554022	28.613614	19.792143	33.025413	34.127853	34.508366	24.763486	18.797003	22.331241	33.503492	33.059745	31.258651	20.109943	30.480409	25.657451	29.049772	15.988584	21.001768	33.353077	21.898408	26.558200	28.599717	30.878250	34.318726	34.141512	25.674068	29.986204	19.475564	23.812986	32.167532	32.937039	20.611590	27.021583	28.375068	15.041045	27.431326	23.064257	29.637902	25.956123	22.766996	22.423857	0.000000	32.398733	28.957038	34.046333
32.159109	32.869993	19.869165	34.232730	18.794892	19.003997	27.729795	11.624821	30.587935	27.649926	30.253611	24.829612	32.589115	30.068402	30.746165	30.828758	29.826752	27.633824	16.159234	32.652787	28.021930	31.978202	22.252555	27.024007	33.172523	32.798057	29.669775	24.404281	23.880541	34.157512	34.025240	29.545550	34.222144	31.338821	31.161474	28.285803	27.138286	26.788861	24.272596	32.703996	29.258220	34.498407	11.787082	28.074627	32.581249	13.958470	27.461035	24.554379	20.310428	34.408281	31.884895	33.361021	26.308536	32.560281	33.863840	30.613315	17.280346	26.677685	31.283691	33.483583	28.073906	34.290022	22.194796	29.764663	32.640601	31.207266	31.024904	32.698656	24.957308	28.227148	23.400704	33.037005	13.193200	33.090358	25.720980	24.571494	29.181086	28.112044	33.005073	23.686322	34.307385	34.397079	26.268427	34.180141	34.481947	24.736567	29.132088	30.703432	34.006265	28.506028	31.315746	32.993332	15.676392	30.138644	17.498695	32.278990	9.717542	29.175792	23.982794	0.000000	22.304012	8.234783
34.295548	29.600251	33.796434	25.363066	31.324516	32.956326	31.294667	32.364952	27.561682	26.229534	24.653062	32.770749	33.902101	26.115329	19.947859	30.016763	28.717882	22.345634	10.709566	34.231153	31.788730	34.088277	29.464096	31.617583	17.730116	33.712856	30.619965	31.468288	33.639915	22.880272	28.528994	34.150021	30.083798	24.749638	20.207805	23.894815	29.393677	29.785864	34.308208	27.175198	33.949594	22.705673	34.580793	31.433519	34.526179	32.860940	26.605189	32.107882	33.464203	33.232535	28.539986	16.950233	28.446839	33.181039	30.393670	29.292157	33.776108	25.319810	26.448183	26.345962	25.758457	33.161121	33.685382	28.162242	31.574178	31.526799	25.823704	32.828885	31.988289	33.757037	33.694898	34.016169	28.143578	28.299934	20.556890	34.296667	33.334712	23.022216	32.705243	30.342642	33.893131	32.671891	9.041019	18.656570	9.344773	23.379383	29.720944	22.128974	30.800736	33.972392	33.953571	33.552796	25.724369	33.768428	34.105741	28.571081	34.544612	32.990407	29.350448	16.305460	0.000000	25.912364
24.636982	34.370161	18.474919	30.251183	20.682471	23.246052	33.350408	15.515851	30.542039	15.739030	17.686483	33.454728	20.062692	21.800891	33.043470	17.724579	21.310842	32.832469	31.066086	28.918446	24.012737	30.091927	33.581481	30.920588	33.419311	28.049492	33.095380	28.840067	29.909231	33.549375	31.798419	25.788975	28.858083	33.415137	23.315171	33.228044	30.806413	34.020887	26.373097	33.585547	33.698729	27.156701	29.701810	30.070519	19.570029	28.113344	25.096635	34.262177	21.608212	27.495446	25.662374	30.478721	33.488687	16.508848	18.828667	23.164005	14.531145	25.077445	21.876245	31.806537	34.458940	26.165462	30.667139	15.711721	31.665842	25.909075	26.490201	31.798482	21.374685	34.455486	26.556438	29.139267	30.548335	29.629704	31.966049	30.701999	18.708731	32.948708	27.406030	17.846842	32.649077	31.707636	32.856629	28.546359	31.874634	31.769891	30.306800	16.339013	34.041975	26.867210	28.042047	12.789863	27.810817	31.604205	17.259767	26.635936	22.707219	30.465384	25.533056	27.773999	28.016745	0.000000
