22.402903	16.166458	15.866178	18.742936	22.697788	21.600604	20.527926	16.040643	22.649075	20.325559	17.722227	21.863786	22.328548	11.041431	17.981864	22.486074	18.147902	22.860128	16.475914	17.630732	18.425752	20.482823	14.772783	16.049489	21.730578	21.158942	10.125560	17.774025	21.869976	18.937943	12.726089	20.088915	13.015913	20.132868	22.208803	17.926200	11.106992	22.502802	21.611275	18.477444	20.826420	12.674618	22.700573	20.218561	16.406460	11.078696	15.509704	21.116896	19.083550	8.373439	22.786214	18.907868	22.540493	11.982548	22.636702	18.995229	21.599490	22.649785	20.105705	10.590073	15.891280	20.399412	19.820548	15.992267	22.411610	22.278425	21.768303	18.380416	22.390673	14.589376	11.932554	20.113464	11.173548	17.905308	22.521815	21.743000	18.249740	7.970214	19.994553	8.437101	6.004292	17.617848	22.830759	12.083597	19.926180	21.479609	22.520570	16.908600	19.376519	21.220331	10.707796	21.534855	20.456635	13.017187	19.386440	19.653527	14.205468	10.420265	21.806071	13.815107	14.958387	22.826729	22.725292	18.778693	20.431034	16.007510	22.737087	16.184154	8.159528	22.508151	12.481574	20.821430	22.762887	22.686462	22.717660	16.918039	19.795609	13.522363	18.896610	19.050793	22.752603	19.443655	22.864875	18.437818	22.157959	15.658636	19.242600	18.218743	22.245497	15.773309	22.380087	19.958270	22.517590	18.733682	18.857510	22.919383	12.591512	21.591777	19.050378	21.740964	18.424126	20.814816	21.999324	20.003388	15.105215	18.729972	17.279511	20.354103	18.809822	22.917192	22.782393	20.723229	10.128479	20.860269	19.754029	7.248266	22.026544	13.891465	11.272913	9.747437	18.903333	17.726638	20.901293	8.701571	20.472140	22.897797	22.340867	14.022968	20.301502	16.859580	21.688712	20.050724	11.152494	22.047702	9.494759	21.699467	17.960544	16.920384	10.378987	14.432611	18.919528	11.249998	22.882814	22.200053	15.434970	21.507699	21.646188	19.026399	20.164664	22.830136	22.165640	14.461281	22.163580	17.825009	7.665095	21.957011	11.972779	10.428970	15.046702	11.326608	16.160211	13.281599
14.393212	8.262309	19.871822	22.378721	22.857078	9.777849	20.737605	21.782377	16.803470	22.744791	20.083899	19.627576	12.887829	16.462122	17.306239	11.619972	19.139102	22.406993	15.122874	22.308462	15.217465	19.819104	22.256546	18.530772	18.252750	21.163203	22.575468	5.787199	22.244176	22.414733	22.887256	21.009625	21.406839	14.914183	19.361186	18.476698	17.403795	20.158221	11.350209	11.991379	18.605345	20.651291	12.566979	16.676130	21.736693	22.764159	14.366814	15.815841	11.100990	11.513494	19.716677	20.594604	19.383062	22.521658	17.788944	20.291554	10.727446	13.191348	13.949297	17.306630	21.578575	15.466081	14.110922	20.509853	8.302872	11.811382	11.633901	22.168290	13.631053	18.477439	19.651719	17.019363	13.996448	18.178118	20.784671	14.673898	13.304358	22.056689	15.851489	20.212785	21.828363	16.039608	15.473630	20.025889	16.335488	20.316082	21.633276	19.939942	19.132077	22.357939	7.750125	22.769436	21.103905	21.011872	12.853476	21.505289	8.604344	22.902988	18.136262	18.372767	15.923025	16.750345	21.042567	21.723789	10.200506	16.316576	19.682209	19.103693	15.344764	20.206229	19.359409	21.209235	19.196955	21.917636	12.632579	19.077450	17.260189	22.069434	12.877828	19.924252	20.773979	22.362699	13.324954	12.047370	21.105506	21.625155	20.482436	19.620670	21.517698	21.435332	19.240326	13.662308	21.689555	10.875348	21.407290	21.197467	16.945381	22.911258	18.722483	15.474803	19.809537	22.080555	21.457954	9.780349	19.440259	16.842030	9.093642	21.997792	21.069263	18.546157	22.296071	16.024832	21.096510	20.391090	22.649944	22.837010	20.717396	21.152725	22.582119	20.813825	16.964375	21.509114	16.511046	19.666138	20.070863	18.614796	15.220435	22.826361	15.763498	19.310082	9.612408	19.044210	16.464998	19.291534	17.074004	18.630197	21.168815	16.689122	22.465987	22.756753	22.570681	22.635804	20.336366	22.331728	10.161882	20.844395	21.056097	22.362451	19.991310	17.306425	22.323208	22.290632	20.453321	13.804004	22.503698	14.771938	20.588874	15.169015	13.809843	21.034096	20.264689	17.309908
21.297409	21.728582	15.694131	21.728743	22.047416	21.856862	15.269926	22.792361	11.953340	22.610562	21.174636	15.204690	15.129595	22.060434	15.052854	18.486488	13.496971	21.323375	17.730563	22.526058	20.425084	16.743045	22.624471	20.676509	15.536176	16.987118	20.549173	17.283204	11.643137	21.173033	20.005988	18.719792	15.953217	15.873316	9.917491	13.292245	19.382924	19.931270	14.284750	21.880188	22.171251	15.706482	10.666277	22.035393	16.171223	22.409722	22.086030	10.270527	21.806725	21.768220	20.196019	21.161026	15.138880	20.351201	14.453242	11.868620	15.256957	17.860368	13.214138	14.253614	22.508381	16.846200	21.423786	11.922552	19.914884	17.874910	20.180230	21.279483	12.751392	9.259227	21.755823	22.605850	22.914088	15.465134	20.739164	17.990609	19.220131	21.249520	14.569692	18.980911	22.530587	15.080778	18.891564	18.557760	18.291692	12.919044	20.442434	20.343064	19.786533	22.704458	21.400642	17.006177	22.205369	22.732588	22.387393	22.639288	22.866618	17.883029	22.886078	17.131191	22.892256	17.453569	19.373422	20.391560	14.488320	19.199951	19.524012	20.130222	9.672535	17.084148	18.519912	14.210357	19.455319	12.245585	11.108861	22.524791	14.022672	22.502370	20.273198	14.492309	18.050998	7.407769	19.794687	22.268919	14.309814	12.860072	19.451889	9.470648	10.169055	21.517508	20.222644	10.899324	22.715401	12.808507	19.258793	21.894023	20.724168	12.929593	17.658934	15.416037	21.684091	22.538775	8.067503	17.191936	16.494698	22.064953	20.617507	19.708600	20.861354	10.568800	13.227873	15.882731	16.841580	19.785366	11.370335	21.618981	19.628627	17.751104	12.528561	14.889919	15.208315	21.305210	22.908595	16.405294	18.330991	20.392700	21.057917	17.198513	22.015783	21.206919	8.911406	9.490940	21.021517	14.463099	20.291458	21.712651	21.866585	21.781349	14.750089	12.576320	14.564156	14.121854	22.841167	15.715990	20.439897	22.868923	19.601374	15.801536	17.711771	17.608273	20.645642	21.752365	16.246190	12.871382	19.271382	20.509898	16.328257	15.058939	20.891008	9.462037	22.390180	11.743281
19.098270	20.738826	11.337083	18.403791	20.260245	21.757760	22.129460	20.415634	22.816449	20.424521	21.569039	17.644871	21.098547	22.055572	21.628988	19.583827	21.516173	7.660523	18.564148	15.734390	21.310534	21.586554	18.884387	21.942583	17.295320	19.937309	20.226085	16.503454	21.316427	22.072819	12.837413	21.189470	15.237280	22.847110	16.821516	21.414158	20.212560	14.154754	10.344390	21.083818	10.625911	20.074715	22.910613	8.501164	19.908415	13.336267	19.545986	20.446493	19.909978	22.160766	20.576204	10.551454	20.716307	21.561128	12.443144	19.259798	22.602951	20.877941	20.854827	15.284332	17.995831	22.919698	21.242581	16.246926	19.343537	21.567189	21.541562	22.759144	20.798248	17.685216	17.146955	21.164895	19.368668	10.814585	22.589857	22.754703	20.279043	21.962127	11.287341	19.354825	22.117931	21.226531	22.681470	20.897451	12.914396	16.851521	20.547411	8.652590	21.104254	22.069734	22.368854	16.902666	12.650014	22.358536	21.123304	13.298873	11.397675	22.840865	21.516336	14.208443	21.760462	16.443999	21.565187	18.819130	15.981777	21.338884	21.675103	13.214227	20.702720	19.299205	22.223013	17.509218	19.901732	21.311634	10.697142	15.458547	22.312847	19.200349	18.105552	17.578753	22.431885	17.258760	19.730336	22.517135	17.147886	15.034364	16.665226	12.032726	18.687882	22.346034	21.637772	21.688985	14.255544	19.709181	10.979641	18.679140	13.984777	19.532048	22.621792	21.378777	17.323764	22.808508	13.291063	17.506127	11.098775	22.383792	17.771973	19.647150	16.669875	22.473766	19.767778	22.402737	15.275510	18.897978	20.163565	21.137683	8.797829	20.011171	22.856948	21.319834	17.010306	16.772963	14.092399	16.281661	16.393918	22.746529	22.395823	9.059852	11.541445	22.403229	19.568345	16.476455	17.496033	20.085613	10.172600	17.448839	19.473981	20.506383	16.650689	21.665157	18.420252	22.559093	22.810688	17.836565	22.800294	22.491156	21.974804	14.060585	18.099020	17.879211	21.302829	22.616885	20.338728	22.255355	21.854398	16.830169	22.007235	20.724772	21.294819	17.903744	22.430998	22.725861
19.600849	17.523255	12.056539	22.442294	19.510873	22.681101	22.193116	22.578801	20.817637	22.451500	18.694650	22.576216	21.929597	14.634523	18.374011	15.829512	18.140698	22.601674	21.553481	22.763525	22.499985	20.228488	10.866059	21.813653	22.461167	13.107994	21.215208	22.609506	20.302770	21.305014	13.848523	22.709540	16.003382	14.246032	22.051422	18.676819	19.581252	22.194160	21.998209	17.947904	15.881140	22.793467	10.820485	12.261505	20.819401	16.516916	18.244172	15.578390	22.046383	21.768481	17.333015	21.195935	21.588350	21.551311	22.872190	20.935158	14.640820	22.285462	20.739185	18.960868	18.132117	22.392104	16.656465	22.196161	22.553751	20.664573	21.533808	22.610058	12.191711	17.759278	22.827938	20.122723	18.715946	15.638574	17.542070	19.886165	19.991468	19.199496	19.173956	13.252936	22.121254	21.461519	14.849773	12.145254	22.454258	9.586277	21.029739	15.079779	20.231500	15.415421	19.958957	16.103731	17.584955	17.089787	18.080224	18.857365	19.239887	21.867547	16.680052	16.374644	17.404732	16.845730	20.074911	20.648446	17.953504	17.006498	13.210100	13.878168	12.413149	21.809628	22.608976	12.653147	14.344108	22.788265	19.761685	22.261563	17.210059	12.510838	21.752656	18.879529	22.039162	20.304978	16.263739	13.577023	15.849435	22.153402	20.528221	22.412836	15.135119	18.558931	21.182366	20.453596	14.245283	22.807366	19.185498	21.589977	22.757384	14.655477	19.522541	22.300142	18.604791	21.810045	11.337873	22.864822	12.753060	14.658544	7.331978	17.047035	13.895296	21.098350	22.633496	20.800147	18.537235	17.128288	11.758691	11.046605	11.560479	22.232477	17.224171	20.119973	20.980643	22.340327	22.652238	18.225098	16.957858	9.833199	16.542820	13.178461	18.019417	22.098251	22.155809	22.202568	21.254957	19.228131	22.826605	17.532158	16.334636	19.048827	15.254690	9.514237	14.710804	10.315823	21.979131	19.792195	16.998453	18.411937	19.016926	21.842352	22.381893	20.759323	16.424379	13.889913	22.518176	22.015986	17.962075	18.753855	21.730261	21.128689	21.458444	22.321636	20.117744	15.157776
20.171065	22.114528	22.714279	14.754896	15.945676	21.981114	21.305771	21.461506	19.738334	10.862537	20.791045	21.025348	20.139115	18.555861	20.456302	20.260606	21.142810	11.997659	22.884615	21.965821	19.807358	18.186075	14.162119	18.085693	21.182837	12.813423	19.987213	21.084465	21.293602	19.346307	18.373642	13.333135	14.929588	22.723632	21.827664	15.287428	19.999621	10.118297	14.953746	22.805656	15.897733	20.533695	21.927338	22.515152	20.261088	10.648843	15.822162	21.965003	15.608231	15.186813	19.218785	15.104201	19.190615	21.148626	18.008282	18.964824	17.508195	22.889938	9.468727	22.765747	15.166633	22.917298	21.667627	7.472306	21.202077	21.240995	22.708934	13.946129	17.313149	21.365308	22.914300	14.605573	10.201862	15.007912	17.311630	20.014768	9.950767	16.302033	22.051129	21.506004	22.365205	14.622020	18.955590	14.745674	16.618004	7.496583	22.504029	18.552975	18.433144	19.952790	19.109888	19.533814	22.892769	8.935306	21.463768	10.985644	22.047887	22.562649	15.148524	18.018886	21.777866	21.979853	19.706503	16.006967	22.492570	19.472723	19.849751	20.564811	21.693479	19.629188	14.882514	14.668098	22.188155	22.468643	9.999878	21.633351	20.605934	21.084587	18.879402	12.745410	21.646401	16.968042	20.345599	16.602787	19.147226	22.842484	20.851684	21.280016	16.972004	22.114273	20.058585	10.522431	14.597744	22.056264	17.420933	19.595348	19.401461	21.288466	21.447627	14.879559	21.549649	20.798165	17.122435	21.670235	17.109051	21.311223	10.484769	11.650797	18.552987	22.634005	14.773275	21.965924	18.234153	14.474952	21.739038	14.433119	19.595528	17.763937	22.634909	10.165453	20.785258	19.478275	18.566667	20.649329	20.569303	13.001853	22.621933	6.072586	13.661183	19.176867	20.609094	22.222739	21.689032	13.098075	18.857464	21.513798	10.425324	22.255252	19.631563	15.584172	16.768115	22.428571	19.005401	19.105729	21.693507	20.818454	13.224342	16.199016	22.539898	19.277276	15.880660	22.860691	18.800876	17.996486	22.392104	22.615560	22.572244	21.481112	14.509086	22.358136	20.301480	21.192694
22.145805	15.374262	22.683891	16.922312	19.101850	20.080146	10.815181	14.424842	18.881358	20.481689	15.871175	15.781476	22.632934	22.606334	20.629395	22.354999	10.885506	22.844455	18.334533	17.086747	12.778239	15.967077	11.463037	17.699239	11.814996	19.266606	19.266735	17.437350	21.422787	21.785140	17.042802	12.172914	17.157347	11.702824	22.514636	9.274195	21.542953	20.967676	14.331644	21.508490	19.925906	22.778591	12.189948	18.349252	22.915429	22.667292	17.141439	20.302026	16.906897	21.574601	15.710566	22.779351	16.003708	13.642981	22.457023	14.804338	17.215067	11.336259	16.945034	17.776016	22.486745	13.163989	22.561456	22.429252	22.657477	16.787959	18.328012	17.957221	21.896468	21.496027	21.748209	9.683265	16.873479	20.963145	20.687629	19.881178	11.828272	19.484184	20.976971	22.737372	18.994661	18.839246	22.748237	19.107992	22.775221	21.775023	19.849466	18.670943	14.452698	18.538913	21.574877	20.758713	22.025564	8.733054	17.883455	21.456137	21.712497	6.511026	21.399717	6.281928	20.596149	20.942644	13.018775	20.625439	22.100597	16.213997	9.456066	22.228874	18.894057	18.733793	21.040048	22.912266	14.042310	22.814157	22.322468	8.130884	21.113351	22.402294	22.191962	14.690076	19.699417	17.680405	17.692435	22.871863	21.931542	9.708627	13.762064	22.344906	18.377534	21.021773	17.107546	22.171138	7.790397	22.180543	15.094027	12.157648	22.557112	19.859822	21.324654	20.992006	18.812925	20.977493	18.767546	20.492105	14.851075	16.734554	22.198149	7.561534	16.197017	21.599949	20.052968	21.807821	22.337463	21.531565	15.836572	7.753646	15.000978	22.289093	11.845926	19.133937	6.624954	22.358532	15.342672	19.825498	14.255086	19.452682	21.485036	21.201361	14.939239	20.264955	9.366735	16.651593	17.936856	16.485016	20.401102	22.869025	18.868339	17.419988	16.687528	11.279634	10.371451	19.097885	18.829490	21.817459	20.750950	16.471321	22.822427	20.335941	19.756339	22.797701	22.616734	19.784738	21.800593	22.503979	18.556793	22.460856	22.868267	22.467256	14.893306	17.713559	14.887036	22.791358
5.663854	8.941495	8.518811	20.993906	20.904647	16.267615	17.332431	17.123526	8.002314	22.829238	19.682618	20.213770	21.199650	20.868149	22.831697	22.271953	22.640521	16.349864	21.161420	22.299738	19.348195	20.043069	17.520477	21.876861	21.157573	21.556279	12.788189	18.803642	15.886093	19.919624	18.678803	16.616719	19.133315	21.031355	19.137175	19.694748	11.637731	9.592500	8.833231	16.300137	22.454354	12.767746	18.176284	11.059060	13.922640	20.152136	14.782282	18.636029	13.313423	21.662502	22.138335	19.462889	21.776421	15.801673	22.197309	22.866413	22.064750	22.564392	18.616179	19.429381	22.811830	15.755793	18.811669	10.826618	21.751321	19.301497	21.583830	17.963846	16.237688	20.255662	17.721839	18.818246	19.562028	14.316142	22.310087	18.691734	18.061524	16.960749	22.376807	22.873833	20.118680	12.836499	21.823525	16.750392	19.481531	21.854747	15.019010	22.356915	20.686097	10.627887	20.904212	18.718917	9.646714	20.007914	22.096989	21.232678	21.979034	6.832335	16.089378	21.659216	21.401318	22.109983	19.622345	17.039699	16.875605	21.968334	20.660303	22.869792	20.571001	21.563598	22.906479	21.760679	19.395598	22.467232	22.480352	21.160699	17.970791	21.807046	9.510578	6.852338	11.946948	21.174100	20.725642	22.919644	19.893119	14.396310	20.230731	22.658477	19.595427	20.117166	18.044209	22.838826	22.694279	21.732447	22.222878	20.409289	16.434658	16.095330	18.918014	18.564435	20.337640	19.655804	22.917040	22.074460	22.130751	15.267683	22.790860	18.852346	16.148571	14.282704	21.784899	17.253428	22.622508	15.570659	16.821422	14.361823	22.890414	21.681950	22.257921	22.807298	14.133724	12.838553	22.555743	20.386235	22.588382	15.885872	20.654392	14.018391	22.760561	20.956108	16.826550	20.463044	13.872755	17.262626	22.463348	14.856074	9.552974	22.879493	21.672569	21.368894	12.802170	17.630115	21.660945	22.600151	10.172263	15.570792	19.772166	20.568246	20.581500	10.832716	22.110294	19.647556	10.477136	22.386886	22.482210	22.655193	16.958038	22.825128	22.366330	21.674469	15.333934	21.038631
20.916757	13.568873	16.810150	13.974280	20.611525	14.351487	17.421708	22.860199	17.691314	16.952837	19.078378	16.990902	18.444649	15.313286	17.264113	22.393738	18.857955	21.455356	18.962131	20.866910	22.829593	21.721383	13.878935	12.128421	15.321866	18.399185	14.795972	21.520254	10.414430	11.820140	21.770844	17.064860	15.166147	7.056675	13.400815	18.862825	21.168250	22.560502	12.648857	15.509078	22.827123	18.920968	19.111529	17.531828	21.868299	20.950633	22.727851	21.536922	19.816003	22.635561	19.848475	18.479259	18.818115	21.818786	20.864275	17.169278	21.090768	17.996716	22.322177	22.783218	22.423622	15.483700	9.083737	18.853844	18.601996	22.429524	17.808749	15.789805	22.720881	13.399819	22.918630	21.732683	18.705985	12.724782	10.854712	17.671930	22.478407	12.739568	22.833075	20.159436	22.154273	22.565921	14.760616	22.141843	21.704237	22.247017	16.948751	16.498888	22.913522	15.498853	20.494093	17.578300	6.763626	12.103074	9.807106	20.437398	19.612269	16.646694	13.108148	10.910509	19.584672	21.702540	20.893367	22.450675	18.467771	17.423955	16.610043	8.456858	19.500059	22.122640	19.960295	22.183638	22.570067	14.833867	22.171457	9.222990	17.705675	16.846041	7.708409	18.967684	21.841860	19.649342	9.150602	22.214025	12.837520	21.736967	21.538685	15.571734	18.733180	18.930541	17.502477	20.860465	22.576453	10.824471	14.987807	21.844803	22.174223	21.604830	22.852369	9.597276	18.780296	20.354052	21.158124	21.538287	22.536215	20.929339	22.708831	22.216826	7.230824	20.705725	15.361128	20.132022	20.286303	21.692586	15.195273	20.221610	19.172403	16.824374	19.776218	22.054463	17.756495	19.730503	16.638309	14.654615	21.411163	22.038348	21.763066	16.571753	22.889594	12.749644	16.195722	19.489176	12.113978	22.334615	13.234175	20.920788	16.312244	21.262997	14.717621	14.053764	17.756022	11.036183	12.537522	21.533343	13.157960	6.885047	22.785590	22.498693	22.867612	21.661957	22.260735	16.780362	22.838824	21.218862	8.936325	19.687619	20.384173	19.255214	15.637961	13.268248	20.592580	21.502786
13.686861	21.614513	22.622896	22.428905	11.794742	20.331472	19.037503	20.969001	20.499475	19.086367	13.061884	20.428963	19.455013	20.142665	21.126107	18.693090	13.632098	13.572406	20.599738	22.192692	22.059732	10.155884	20.217353	20.773402	20.927436	18.206092	16.055481	21.714849	11.822949	22.273166	20.491446	20.357689	21.186642	13.732570	11.905586	14.704098	16.876135	18.417648	15.879561	11.592964	17.466863	10.140587	20.794531	20.484617	18.693089	20.415240	21.295797	22.756686	15.414120	22.583609	17.267785	13.569953	15.961761	16.751164	18.268537	14.051874	16.882683	15.726188	14.298600	14.610434	10.112273	22.769466	18.957323	20.753565	22.868836	22.694394	19.915991	20.521692	17.086847	22.372874	11.523107	15.243123	15.677721	11.267170	17.974919	16.486525	15.621570	13.013135	11.571893	18.925308	18.384683	18.679185	16.844580	17.010062	22.361815	21.748782	18.605451	20.353811	14.372012	21.026011	21.694906	13.324682	19.838793	12.120306	18.625448	17.907765	21.393373	9.153517	22.572625	13.185745	11.874207	21.216376	20.229369	20.126748	20.124230	13.451548	22.458288	21.088292	15.320767	13.269123	22.645649	11.960195	22.777042	18.550248	9.549433	16.888619	21.297906	22.611236	18.873229	20.522779	10.786451	18.044927	17.898623	18.942658	22.635334	20.253011	20.577154	16.238659	22.323555	11.125951	18.689629	20.664174	20.295722	14.248211	20.238015	16.625536	19.076011	21.101633	17.796107	18.783342	20.295042	15.842494	17.232143	17.162862	17.442533	21.856612	8.198982	18.011372	22.679848	20.459586	15.986637	17.597221	10.883234	18.813286	22.831006	20.935405	10.901063	21.632282	22.022833	14.687205	19.231510	22.896212	14.903624	12.066242	14.862346	20.882106	16.517282	21.693619	16.680677	22.708146	12.917489	22.787528	22.314806	17.643109	19.505037	19.361965	22.847678	15.518369	12.243132	17.068793	20.843894	20.472274	13.672878	17.542093	19.138335	8.549873	19.989187	19.643021	7.007386	21.158261	11.500145	22.678488	13.035953	21.104813	16.434618	20.689923	22.554187	21.269108	7.951749	22.134365	18.914001	22.914014
20.183321	12.933648	7.863675	19.402023	18.639610	21.776671	22.660416	17.934527	21.312346	19.365015	15.766841	16.555658	16.282691	16.556632	22.881075	22.281809	19.282197	21.139319	17.987968	22.270316	12.293751	15.276541	22.408020	17.345935	22.404771	15.515454	10.555306	21.438798	17.979015	10.879660	16.193728	7.842657	22.605741	22.718541	22.437895	13.551799	21.606391	22.719211	22.544069	21.647423	18.237466	22.533822	22.279602	18.448458	16.165037	17.566265	14.815264	22.071984	22.266230	13.944706	21.138442	19.520730	22.897413	22.525583	21.368534	19.306947	16.408120	14.285093	20.338714	22.382281	17.152856	13.994782	22.281156	18.540591	20.509249	14.995086	17.929159	22.706011	15.071723	20.654738	21.781488	22.346329	14.639143	22.656455	22.628149	17.723078	20.899493	22.369813	22.830582	18.072318	13.035315	22.619751	16.390566	11.138746	15.233844	21.700250	21.265987	22.400309	22.286692	20.563156	21.576445	22.192177	17.586817	20.647063	20.930730	13.038418	19.075226	22.508055	22.363444	19.806867	22.415504	22.914941	13.190725	19.610447	22.639674	22.106383	14.635956	16.187423	13.228290	20.529307	22.878335	22.328426	10.425244	22.184689	21.877183	22.258547	14.800941	14.666467	17.994467	21.372482	18.285302	8.530683	15.331233	22.418821	18.649795	16.527228	18.663784	22.464054	17.202061	16.725153	14.954154	22.636130	21.848224	21.775365	21.535525	19.799730	17.637601	16.150155	21.344123	22.689083	22.236876	22.631757	15.162278	21.120139	22.668073	13.446659	11.462425	16.147635	22.538027	19.301746	20.648354	10.104957	17.353700	15.349545	21.298403	18.212555	22.055178	22.153107	22.728710	17.363874	19.357537	18.157111	22.352939	17.985978	21.441740	14.755723	21.759917	10.186860	10.487139	19.974074	22.155422	21.160812	14.928894	14.998802	20.966125	22.065683	8.891315	17.053364	20.140206	19.202767	17.891683	8.108722	9.096916	15.866342	22.815597	22.841106	18.861443	19.336782	15.412466	15.793966	21.069659	22.228634	22.325892	15.553131	13.261998	21.369048	21.529524	22.092849	20.559651	19.572374	19.207349	22.510088
19.208880	16.581651	20.680293	21.864259	22.645115	16.096168	22.769054	21.125172	12.149158	22.427351	12.499981	22.511639	19.698240	20.332368	10.268887	18.999022	22.591456	13.948910	18.057924	22.005542	8.653369	19.911312	15.756726	14.972268	10.885388	21.984365	21.291129	16.673412	21.921463	22.909948	21.050392	16.441656	22.906824	17.679394	9.379504	22.807318	15.851015	14.732080	16.233423	19.479389	13.032581	7.004977	21.621797	22.151537	21.761916	22.550123	21.862266	13.889638	12.286335	21.716521	22.588187	12.549059	20.897370	17.782200	22.001984	20.028431	21.244273	19.318105	12.480828	20.879507	7.419602	18.593137	15.912973	10.802278	17.979350	20.598193	22.889472	21.660161	18.019883	12.089207	19.132505	20.432253	11.695301	20.805873	22.072508	19.959139	21.218772	17.356075	20.137368	19.955910	18.326755	21.363175	18.539552	20.238857	16.079780	15.749733	18.363348	18.832710	19.721544	17.951104	19.331403	22.421571	15.846545	22.202028	19.804796	19.575246	17.247286	21.478338	17.359044	20.704432	22.035041	19.753682	8.289660	22.499754	20.336648	13.250040	22.152180	21.516525	19.011016	15.652658	22.822432	18.874669	19.569571	18.995260	21.354259	20.516317	20.935383	11.452258	21.681388	22.886063	21.402135	10.933893	16.853263	20.610490	22.829874	22.467650	21.388600	19.940632	12.996002	18.583830	20.943055	21.538843	19.057320	20.474040	22.423979	21.499787	10.433254	18.944422	19.629505	17.165016	15.363167	20.966449	21.132964	18.778450	15.240196	18.929926	18.112419	12.319771	13.148477	17.208679	17.025872	12.417045	22.133394	22.628625	19.718983	21.660032	16.275870	17.331357	20.158553	22.044663	21.320193	21.748045	20.293548	22.894928	17.379209	18.234262	22.862320	13.225892	20.304807	22.054885	10.872495	18.839837	16.915478	19.027517	18.638745	17.773478	15.178900	15.045992	15.906058	22.245297	20.360784	12.891383	14.067246	14.128013	22.164065	20.923213	20.965615	19.127739	22.895044	22.653469	14.745842	22.835170	22.062227	21.022908	22.645462	17.114827	19.276853	9.357102	22.842852	22.839204	13.998751	9.575097
20.776739	19.306469	18.075886	16.436879	15.605696	12.803344	11.037112	17.205441	14.104125	15.622460	22.886339	12.126304	12.509061	17.685981	22.753696	13.136899	22.636564	8.499386	13.937363	16.232076	21.670167	18.654768	18.484265	22.865425	22.743774	21.757659	14.886048	15.434990	17.389485	21.940107	21.842754	19.804358	9.686518	17.252445	19.092374	5.436664	21.528607	22.918517	22.830816	21.223478	22.351418	12.738821	16.953341	11.004262	16.060998	21.410701	18.170450	21.630297	16.817007	14.364203	20.359092	13.760876	15.330471	21.768333	20.033290	9.677085	18.636970	19.461409	22.039690	20.462416	21.176255	18.940769	21.371865	17.184696	21.305788	19.640853	19.014009	22.830517	22.301017	22.861598	7.458063	17.251721	22.597031	22.587706	20.535375	22.890910	22.764442	20.732764	22.731569	17.097289	19.814053	14.865400	12.033216	20.234111	19.525066	15.883805	21.277018	17.102788	16.796219	22.324259	17.101911	16.028357	16.087113	22.450757	10.180539	16.167727	20.163164	21.781150	18.831936	14.742217	15.570682	13.424152	19.021826	17.124816	14.637320	15.378144	8.725718	17.233759	18.605690	22.583666	19.834773	22.455897	21.171812	21.424638	20.054608	19.031297	22.820870	19.151583	20.611537	16.019439	20.677553	16.334146	16.583987	15.298004	22.675556	21.847246	9.057870	19.979114	10.260456	11.718936	18.486582	17.716781	16.840645	20.758774	22.460738	21.236438	20.053470	16.774028	13.163919	11.233947	22.796514	12.586338	22.609975	17.666855	17.033203	22.281959	17.747912	15.100402	22.877730	16.427382	10.608527	11.910752	11.264768	11.353296	16.496891	20.091347	20.954104	22.914175	18.777662	16.768666	13.320439	16.784616	15.084789	17.070051	20.855739	21.366191	13.456496	21.268109	21.992736	21.511808	22.461878	7.174530	20.673874	22.838803	9.589168	22.661964	13.383762	22.425608	22.723912	18.737363	18.114204	22.008124	19.647624	21.325544	20.472315	21.895558	21.371292	21.322323	13.084990	16.309043	17.130523	17.673301	22.884278	19.288109	17.922271	8.870583	11.196966	22.169520	22.867142	22.204340	22.845948	9.630200
20.909519	19.844529	20.993708	20.975026	21.437281	18.515586	19.914628	6.557865	21.780907	22.130604	21.834676	17.760330	13.089288	9.088858	20.864438	15.333829	22.861588	14.695174	21.370542	20.469125	18.496282	22.205816	22.601325	22.170344	19.143328	14.199672	21.239190	22.186873	12.511440	21.030079	20.713625	13.662088	19.169348	21.755338	22.791229	18.891433	22.753600	20.201913	8.710556	21.594149	16.486568	16.918308	17.639041	22.750193	5.758096	18.862243	13.681556	21.193975	22.288156	22.904881	18.371259	18.411610	11.857252	20.472416	22.545724	19.249517	22.182886	20.470946	18.610753	9.904514	12.776225	22.534148	11.528623	18.781271	18.342686	13.873152	19.644876	17.301250	21.901140	16.764963	21.933002	12.643820	22.311602	13.131722	18.359886	22.225140	22.430485	21.521679	18.356942	11.810579	13.274215	14.964507	22.489030	18.889905	21.771174	16.143582	22.426201	8.996709	22.868049	18.676432	22.341737	22.133309	22.244280	12.366663	14.565818	14.497376	17.120625	20.649224	15.643854	22.118082	16.822943	20.105786	15.964518	19.528663	17.641457	16.794172	8.379262	13.306236	16.735382	19.477336	21.309233	21.752681	21.389376	19.007570	15.754412	22.491537	20.196295	10.636932	22.308332	16.544151	19.278810	19.463804	22.134294	20.923349	22.693124	21.000253	18.912832	15.410483	16.387680	10.408396	21.885848	20.902679	15.236630	21.520530	16.284160	16.487658	15.175684	10.952064	21.816767	20.574316	22.421429	14.956473	16.870047	21.078888	19.342628	20.070194	22.577742	13.519779	15.729907	10.528103	17.518067	21.618546	22.658119	22.852821	18.314742	22.058206	22.077636	18.742101	22.748257	22.411620	20.817451	22.167838	17.394072	21.518027	19.453994	22.549327	22.916344	22.895307	22.684660	21.708563	12.168864	14.821949	19.109559	12.742140	22.458231	22.088523	18.376304	21.266114	15.934823	22.084799	20.573533	17.643649	22.378021	16.144783	8.076258	22.312658	22.706636	19.749644	14.428589	19.148249	22.116880	21.480207	10.573762	22.062788	20.846498	17.017217	13.799500	19.490063	16.792406	22.232596	16.834540	21.739878
20.607063	19.434274	22.898104	22.813264	21.818375	12.708147	22.657017	22.745765	15.954185	19.626587	13.282454	16.824849	22.478890	16.623491	19.564237	20.361966	7.617104	21.905227	15.336161	19.249236	13.962867	22.237612	17.525342	14.642128	18.055958	19.423322	12.018227	11.121482	16.642898	22.252498	22.917051	20.781448	15.486905	21.614475	20.563389	22.849882	12.335128	12.950809	10.720848	17.947838	20.967721	22.740512	22.635021	22.095708	21.152882	21.567243	18.819509	10.119408	22.496746	14.885782	19.609480	19.061800	18.905843	17.474029	22.368391	21.301496	17.729541	11.619306	16.715236	22.010332	20.242408	16.696056	20.621287	22.353861	22.814280	11.039897	13.193462	15.716958	14.074917	20.594751	14.683351	21.862268	20.057924	17.659892	9.336228	15.534824	18.868448	21.981312	19.272437	21.933308	17.460996	22.470956	17.161573	17.538048	22.545322	17.466193	18.073752	19.437885	22.102764	19.121830	20.896369	12.572172	22.832202	19.654739	22.545628	18.785119	21.155794	19.201982	20.359916	22.594203	19.371297	22.622274	22.116380	18.859238	21.939258	19.372191	20.484769	21.739558	21.562586	14.686283	21.590083	15.148649	16.860319	18.205459	15.879372	14.567847	19.152441	16.963254	21.702622	15.818878	14.120721	21.012266	13.718921	11.583898	19.688797	22.821385	22.866159	16.597530	13.946922	10.517691	18.285893	16.132264	15.514381	10.097476	20.334506	19.571456	19.290059	21.801227	22.758697	16.059822	21.776939	22.667492	19.148534	13.605904	10.309737	20.250595	8.657999	21.523155	21.885372	12.087999	22.873124	21.171568	19.547710	20.312152	19.827949	22.687577	20.003169	19.495533	15.495240	21.852837	19.236656	18.140616	18.522687	9.039654	22.865003	21.280905	16.641145	22.535881	10.868856	20.693236	12.225939	22.451275	19.642689	18.229844	22.201275	21.575005	22.393393	17.514966	15.781707	10.642017	22.601122	8.861095	11.694826	15.079663	21.570092	21.778612	21.323899	22.824113	19.675434	17.379322	22.637062	22.368042	11.851914	20.510154	11.758730	22.661410	10.354605	22.799471	18.085169	22.743927	15.091335	14.295467
22.805161	22.097313	22.704274	17.108811	22.769672	19.437675	14.793541	21.271192	22.789750	22.625339	22.344218	14.667602	22.488547	21.393512	16.625513	17.000891	22.715058	20.813627	20.101095	20.531796	17.457122	22.298391	13.950308	19.618060	16.557638	19.729190	9.440271	18.745404	22.098564	21.963036	9.125821	20.509895	22.885829	14.053631	16.420422	16.778990	17.953064	15.035889	18.005825	20.284374	22.658502	22.381743	21.482079	20.208676	12.958790	21.627426	18.765738	22.574446	15.001057	20.686051	18.971073	18.326890	18.903985	9.157790	22.467987	15.208788	22.213874	13.358768	16.314438	22.104137	22.686060	8.689219	21.108419	10.706497	9.099396	9.496612	20.470623	17.294539	22.071199	13.403902	22.837985	19.114722	18.285674	16.499221	12.419911	20.336448	14.572492	20.819766	22.286119	20.675964	15.480053	21.483333	15.502332	17.552208	14.713710	21.152619	16.759207	20.117614	12.359216	18.612517	10.207940	17.829599	20.260777	20.382260	18.218370	16.009794	19.106945	8.908818	22.883877	15.559927	20.657183	19.215803	12.039483	18.381064	22.123573	20.976368	19.937474	22.868884	15.478863	20.628888	16.386834	20.285251	20.280914	16.153353	17.963281	15.222536	18.519144	18.499191	17.938345	10.790952	21.657119	13.854715	22.682575	15.841579	15.735642	20.771320	20.757793	9.389378	21.618161	12.266172	21.843176	19.785811	19.864989	12.769613	21.783805	17.914443	22.303458	21.800044	8.847003	21.903421	13.736874	20.398893	9.649928	12.845038	20.994660	21.302848	22.819479	22.622117	17.751361	21.083953	18.539745	20.194198	20.559268	16.488645	18.143455	18.644160	22.688501	22.621503	19.083023	18.118375	22.876503	15.219927	17.741293	21.428042	22.872413	13.203210	20.778755	15.196411	22.503732	11.377193	22.151562	9.444294	19.110405	17.937623	20.514095	11.447406	14.239898	21.414354	15.948097	20.416627	22.745246	21.282134	21.249763	20.757947	10.168280	17.618873	11.298982	17.946155	22.620310	17.864639	12.390738	15.434104	19.231744	16.524456	22.751234	22.519153	22.417126	22.555458	22.038760	22.539826	17.201757	18.394336
22.028514	22.027111	14.021033	17.736740	20.759295	22.367664	17.028271	22.121243	21.154381	19.024901	12.031835	16.224618	22.104574	21.103145	18.373781	19.844372	15.677760	22.702921	20.808567	11.739424	21.044338	21.447972	22.724259	22.502225	21.580006	20.152019	15.929367	22.310945	22.076579	20.152217	19.701491	21.301625	19.381030	22.541815	18.895723	17.645576	14.083701	15.550607	11.644821	22.723291	19.794856	16.697033	15.123880	11.888479	8.507592	21.712277	11.885064	13.411903	22.328225	19.556541	20.255441	21.963314	22.774930	21.472243	20.247869	21.045260	20.560775	13.183985	12.125879	21.741283	21.059755	19.874097	12.328147	17.622494	22.674381	6.954608	5.564937	19.432720	16.424609	22.918767	21.551677	12.823411	22.104215	11.760502	17.837227	20.579109	22.445721	14.659109	22.904022	20.361297	19.353140	20.666840	20.205102	14.219717	12.149597	15.632519	18.894591	16.097879	22.520567	22.633923	14.956942	14.621558	22.395128	10.777203	18.377161	16.750083	18.273917	16.206796	19.242682	16.098069	22.333289	19.941661	20.695286	9.461220	18.435687	17.573992	17.712277	21.659299	12.553195	6.229847	17.795632	10.161739	18.275545	22.559490	16.603545	20.793025	21.194801	21.064944	22.893846	19.750713	21.352182	21.106843	20.176015	13.232888	20.529172	16.182392	21.584755	14.179622	22.597247	17.251416	19.323586	12.256822	5.942471	22.853092	22.913510	14.105825	22.171400	21.014881	20.717485	22.188208	10.086112	22.033017	21.766374	14.761821	19.525954	15.262543	20.118283	18.533610	16.018822	18.124420	16.042958	22.363080	19.856616	14.739523	20.745521	22.834175	7.659968	20.913556	19.087721	13.636844	19.489456	20.158738	13.724569	21.500279	18.545109	17.221015	18.505645	18.818071	12.259992	18.421940	16.000071	21.573278	19.821514	21.191490	20.067288	22.676312	18.139627	10.671891	13.680368	18.514319	17.877299	22.387429	13.484185	13.281224	20.499505	15.533840	11.491218	6.153797	10.937960	15.878837	14.601072	7.004750	22.495220	22.859497	13.519378	20.932908	21.547796	11.620686	12.546584	22.760006	17.026540	19.815965
15.731343	11.016626	19.837675	18.696084	13.257826	21.110542	5.099428	21.117633	22.431858	22.416677	20.905431	7.433367	20.255377	16.425968	21.437695	16.838463	22.612985	14.568261	18.540414	16.701434	20.163391	15.202708	22.172792	22.919498	22.160371	21.049101	17.874008	21.267774	22.653952	21.602565	22.746879	17.852767	22.768240	18.123895	22.637537	7.093394	18.327157	21.765575	13.722124	9.495680	21.527255	20.823037	17.467265	15.053427	20.615538	19.785481	22.783640	16.784452	21.574562	20.341546	21.946277	20.740081	16.493007	13.764087	15.098767	15.083140	18.223696	21.031173	22.346525	21.700307	21.666389	12.379971	21.454771	22.888975	21.448986	22.165525	21.805515	21.685920	22.526680	20.910694	17.602070	16.040373	5.558790	21.703088	17.844860	18.792614	13.306734	21.851693	17.594473	21.751462	19.305731	19.712288	15.076189	9.602376	22.685833	19.676013	18.922778	19.523821	21.815450	9.000991	18.492790	20.885190	19.443703	22.205465	22.698615	14.992044	22.252416	6.729152	13.664146	21.947545	13.237102	22.214947	18.049188	16.974934	15.178660	19.065819	16.908796	22.483063	18.988806	11.918519	21.437662	16.694990	21.347225	21.265869	22.826332	12.387831	13.218928	21.705917	17.152093	17.526716	8.526329	20.586317	14.562356	22.080677	16.092856	21.920368	21.851790	18.936520	6.367392	22.640529	22.820668	6.023571	20.489031	21.124206	22.216418	16.440573	14.496488	20.468839	15.953252	19.935989	17.042813	20.086785	22.346436	21.383437	16.620914	18.537937	16.270455	17.347353	9.784914	21.359917	19.522820	19.291209	21.994245	15.039549	16.964998	18.519151	9.243345	20.257602	22.351827	19.491713	22.206308	19.565785	22.759610	17.521497	21.241325	14.953577	17.994013	12.277891	20.969624	17.747998	22.041551	19.679215	19.359499	16.358807	18.739274	21.939275	13.715008	22.174374	18.485088	21.320621	20.834683	20.201533	19.696945	22.584014	21.856641	21.530756	12.894778	22.369021	22.573829	17.652008	20.890478	21.642996	17.202158	21.562123	17.532230	6.998491	21.257213	14.086423	17.936156	19.132168	21.375554	13.400909
22.568759	21.188189	12.143805	15.343853	20.386413	10.549493	19.139034	22.471049	22.377327	22.382039	21.434062	8.924056	12.905772	22.481319	17.041096	20.413339	21.801902	15.232029	21.849386	19.825779	15.591552	20.657202	22.349324	22.908400	17.756301	22.837171	19.792187	22.772438	10.294889	12.413393	19.786001	21.288525	18.873055	11.589698	17.742572	22.129423	19.810341	22.076907	15.204592	12.252755	21.084831	21.101315	21.854049	16.828701	18.344993	21.562779	11.573212	15.271249	13.911441	16.947948	20.891221	20.035802	22.666864	22.303337	19.888218	19.148896	19.163978	17.876572	15.470980	20.965675	16.543376	22.523544	19.491155	22.655172	19.923357	21.577217	21.350835	22.159368	22.424844	14.448367	22.902641	18.368553	18.235383	17.583627	10.274825	20.068128	20.414378	17.161358	17.521108	21.783496	20.721297	22.336062	20.128730	16.439564	21.137080	11.544761	21.351459	14.112358	17.508847	20.778949	22.281038	22.657987	21.376472	22.321281	21.886110	22.370421	22.235324	17.435227	22.262603	22.904108	16.986945	21.291570	19.379957	20.594116	22.367933	22.287731	20.775462	19.490240	22.765864	18.614138	13.427014	22.871681	21.382163	22.534034	21.469025	21.937379	17.624312	11.711650	7.100099	10.759983	6.188961	19.758708	21.483953	20.464124	18.151158	20.448373	15.221966	17.015853	16.683891	12.951880	8.031245	21.606203	22.252265	18.668516	21.959875	14.505901	22.236082	17.301812	16.787343	15.081555	22.842709	18.980746	17.005140	12.731374	16.068534	21.854635	18.815215	22.162954	13.218990	19.933691	22.199091	12.352360	13.604751	15.206314	19.352494	12.021402	22.728733	17.510013	21.029836	22.662641	19.410861	20.493693	15.396433	19.322269	22.133555	21.115085	18.192589	18.384665	9.951835	15.697304	22.354849	22.053952	20.752112	21.472764	14.071619	20.320847	21.249939	15.355584	13.533179	18.718286	21.109687	22.013196	20.624397	15.052486	16.828882	19.024575	20.895645	22.062119	20.346619	22.176610	21.661948	21.441982	9.998242	17.754336	16.813787	18.672108	16.685882	15.024942	20.503175	19.615972	19.512138	17.605227
22.844620	16.470157	16.715869	21.205511	19.172850	8.694041	16.366366	18.182437	21.974804	20.334111	9.255920	22.629232	18.273474	22.361415	12.717588	19.337991	19.537602	19.698729	21.573891	20.737186	12.917950	21.611611	12.893212	22.902486	16.396419	17.010450	18.963101	14.761844	21.510525	21.724064	21.712843	5.292028	10.435966	22.311324	13.897990	20.361578	12.543292	15.821809	21.152683	16.982014	22.584070	10.205164	22.839249	13.174263	14.046998	21.086244	19.696476	18.469447	18.856696	9.341479	21.329476	18.771787	22.410979	10.320647	21.736172	15.857296	17.524387	21.716574	18.825839	19.233025	7.500420	21.950687	22.782585	14.706678	20.038387	21.090146	9.681271	17.991644	22.039875	16.398931	15.357004	22.757897	15.061746	22.066973	22.804456	20.991820	19.355121	14.045310	12.189395	12.917554	20.223470	17.878239	22.579843	21.455996	19.969563	7.674068	21.614829	15.559288	8.112833	21.802987	18.319991	20.920228	17.767711	22.305295	21.305729	20.573897	19.250610	14.440458	21.694677	13.973492	22.394132	12.045645	22.556929	19.785878	10.969299	15.372366	21.832984	15.891380	20.760992	22.547448	17.814924	19.544706	20.735154	19.542679	17.493785	20.283113	21.656715	17.068717	15.469459	17.860922	22.473523	20.424455	17.207796	21.669219	11.401404	11.596252	12.072502	18.637813	19.868588	21.270763	20.954594	18.681651	15.200807	22.428339	14.723255	22.546087	20.194017	17.225685	17.828901	22.016369	9.868965	13.912585	18.642792	17.101791	22.207328	19.705290	19.464704	22.397751	22.408201	14.057368	20.855700	22.364689	8.855694	22.841687	12.562393	22.062507	15.374985	16.494377	7.770577	20.095065	19.168882	21.957831	18.874478	22.149348	14.757802	14.184209	17.901534	14.755670	21.398660	22.514249	13.649094	21.677148	22.679992	18.052813	10.291992	21.926745	11.398485	18.042884	10.544964	22.022537	19.682365	22.805891	8.703085	20.797601	16.044349	22.514337	20.804175	19.869655	10.480935	21.110237	14.342322	7.405917	11.828602	15.504127	21.281385	19.488486	20.423455	12.650159	16.370889	17.253490	22.378390	22.625111
19.964590	21.476037	11.108302	20.062218	17.614701	18.216029	19.505605	22.742834	17.357019	11.977410	20.713277	20.708125	22.676294	21.556493	21.605171	13.300947	20.572121	20.986333	15.762774	21.844685	21.821246	21.706540	8.600490	17.235945	18.374751	14.548631	10.056240	21.438373	21.726377	22.704628	17.786131	22.849497	11.410472	17.616990	14.287760	22.165739	20.636409	20.019980	20.819360	21.913503	14.461443	15.827653	22.540834	15.292043	15.599639	17.739758	21.533033	21.334133	21.003754	13.455920	8.969048	22.374738	15.602091	21.660551	20.936432	22.542221	17.946323	15.083470	10.866481	11.479069	21.185444	21.845135	20.740823	19.949903	22.675275	15.974124	16.078686	22.067717	18.839110	16.164226	13.112601	20.464022	20.842766	14.801067	21.508593	20.577021	21.665955	12.818159	19.261324	20.944479	19.705755	18.257575	15.683718	21.845866	19.666935	16.488046	14.817730	21.713283	22.836901	22.573958	19.822426	20.248936	22.353987	17.626658	17.025784	15.681898	22.197712	17.632829	22.045106	19.293163	21.602255	19.567698	12.500427	16.262486	21.274046	18.229796	21.744401	15.536667	18.729449	17.530447	22.883576	22.225204	20.355203	21.871731	18.422685	22.629092	22.794311	22.484473	21.812127	22.226342	19.919209	22.550081	20.210806	18.512384	19.483759	14.000594	21.794130	7.545692	22.830156	19.125123	17.269156	21.481068	11.655817	12.848301	20.035500	16.739454	21.707593	18.090791	20.372457	22.544167	22.535836	18.303702	14.823766	19.798676	21.383912	21.717344	22.635406	22.418900	19.401285	22.341901	20.064028	17.128472	10.042038	11.286109	12.743420	18.479656	19.061112	17.152508	22.912095	19.647150	20.520285	15.908234	12.901581	10.556338	11.179067	20.882242	5.181545	17.991578	22.476205	20.427044	11.264367	22.010136	15.790886	13.169195	20.749774	7.508133	20.869015	14.870690	22.242765	19.806980	21.485017	14.792940	17.771262	17.220033	22.015830	18.968083	22.693173	8.451243	19.097462	18.203420	19.375219	21.612282	17.728229	14.682815	18.150910	22.869385	10.138216	22.872511	22.439256	17.088071	20.617081	22.830008
17.917186	21.990530	7.086909	21.377824	16.178951	21.946128	15.253481	19.985082	13.902430	17.871694	14.936094	8.923095	19.881549	20.378193	14.348978	15.050982	22.758984	22.326365	16.198364	22.781925	19.572255	22.725385	15.696719	21.275862	19.572040	21.544582	18.295663	21.261439	14.308796	10.267527	12.877410	10.012496	21.336383	22.785480	12.848413	21.102398	19.583473	18.941696	22.582813	22.531076	22.829886	21.824217	13.903485	19.010358	21.306209	22.708516	21.330117	17.080700	11.659583	21.857399	16.708246	12.851960	18.914415	22.869033	13.940539	19.722266	22.305536	19.497975	22.731403	19.482739	15.664531	17.453590	19.434831	14.804083	21.631973	22.697086	19.422682	19.221830	19.324093	13.946837	20.775634	15.182915	20.636523	22.024281	22.885998	21.382309	16.465526	10.591671	20.356581	21.560578	16.024401	14.494483	22.359197	20.463449	22.493824	12.855559	21.269887	20.228774	16.203361	20.688989	19.733257	22.751362	19.590219	10.354910	12.271139	14.269013	17.583183	15.325326	19.688094	15.473155	13.866176	18.598463	14.331570	9.648167	19.734206	7.774271	20.828361	16.502338	22.915948	17.035455	22.857245	20.305057	18.258860	9.796436	8.583397	10.161316	22.783385	20.968845	22.919569	8.117326	14.932846	22.331955	22.542369	16.371889	20.922803	22.694319	22.685660	11.095334	16.987305	19.562718	21.565006	20.364023	13.034360	22.761781	19.534839	13.389762	8.049987	22.882470	15.903897	17.948722	22.092807	12.137734	19.099041	21.181812	13.027185	13.850888	18.836711	19.886497	22.701874	16.641494	15.915941	19.835194	20.667066	15.098231	19.709124	20.985925	7.999667	19.258605	20.352942	21.260317	15.354561	12.760223	21.750052	11.463045	22.227943	13.764143	22.878602	10.573992	17.996765	19.200776	21.879819	9.524570	21.533230	14.788361	16.868197	22.834131	12.305499	22.837389	14.440962	22.214885	22.783235	22.508655	15.892427	18.180543	21.589399	20.326330	19.875968	22.438172	22.812334	17.319989	21.571517	15.406716	17.557887	17.569470	22.294666	21.137833	16.410786	21.647577	21.152596	20.142959	5.005528	12.873882
21.922616	16.946529	21.593438	21.205058	18.735733	18.705045	22.799223	22.602920	18.396281	16.955142	22.614470	22.039618	21.017562	20.153191	22.568371	22.915983	11.572261	20.380868	18.263589	18.763802	19.629458	19.124778	19.124115	20.265106	10.558326	20.756583	22.265057	12.089925	19.925099	20.483847	22.059999	10.435888	18.404366	16.609773	22.188347	12.118403	22.058469	21.826820	13.319076	12.532191	20.111251	21.468012	22.666134	12.395469	22.192670	12.852357	12.029451	18.233657	14.989588	16.814895	14.675092	21.333055	20.436139	12.598378	11.871272	10.510682	20.135252	17.747854	20.536754	21.827384	22.819354	21.718120	17.184316	20.663540	13.082568	19.536680	19.384054	12.963218	21.960720	13.737892	18.966919	20.279823	11.385315	22.189946	20.123500	19.501918	21.603604	11.875946	21.764333	17.428251	22.481136	22.453554	15.872802	20.477539	14.087880	21.376607	22.497386	22.896980	20.697176	19.086248	16.735078	20.244764	9.861550	22.886162	21.714299	18.552169	19.632168	20.505577	12.788095	20.158366	20.348607	22.559356	22.552954	22.745971	9.700139	5.270803	16.130492	21.685970	22.541421	22.118141	22.796755	21.000428	20.328500	19.731890	19.627363	18.440029	20.744740	19.566675	13.423314	22.219429	21.231777	6.394503	22.435718	19.651856	22.285528	22.349233	21.687543	15.189776	21.025889	16.608295	12.139411	21.281380	11.659710	21.065538	22.142964	9.709555	21.158698	18.701639	19.240627	20.565192	22.584719	21.653101	21.841348	21.367684	22.407212	21.437924	15.844663	21.640246	13.156650	13.113553	11.195997	21.645349	22.675200	18.546882	12.350050	20.397446	22.753357	22.685903	21.268108	22.756289	11.586013	14.735776	21.113400	19.000852	12.343716	22.843210	21.556809	18.902141	11.561827	14.359215	17.573879	17.905662	9.713069	19.884752	21.597842	20.252472	16.960586	21.800014	20.576218	14.940398	20.393514	20.585117	20.819278	9.937977	22.338076	14.890758	19.868949	22.429241	18.881577	18.109934	21.458724	13.057508	17.224834	20.606663	10.854997	18.165967	20.992029	21.767539	6.873282	16.993262	20.344615	17.197801
22.195284	14.519623	20.773594	22.157786	9.980329	15.312993	20.350437	21.783803	22.645104	22.200600	16.512550	12.935573	22.831123	17.744346	13.879026	13.939825	19.757709	15.978983	16.680131	18.376521	21.630135	21.940938	11.386732	20.305575	20.347217	16.303760	18.762724	11.765499	18.359272	14.522761	15.872527	14.660912	21.078996	19.413938	22.863074	14.749999	18.726995	19.507771	15.190310	22.659459	18.967166	15.523670	21.198742	21.582932	18.351717	19.062151	18.220208	20.660475	22.917820	9.180556	21.189941	21.773060	7.738705	18.632045	14.921670	22.212353	22.780537	12.571575	22.665224	17.428541	21.448797	22.745090	17.927944	13.011356	7.765414	15.489830	21.706967	13.797966	18.284943	16.712700	16.997545	17.514280	18.119751	22.163742	22.671338	19.150779	9.047019	22.703530	14.969964	22.009448	19.411561	20.932361	21.337652	17.381519	22.003786	22.618398	20.400461	21.742117	22.752481	20.509209	17.727044	21.246810	19.350593	21.837603	18.814007	20.506694	12.295930	9.217193	17.770102	17.071980	22.381911	22.476098	20.854586	21.206532	21.405373	17.914227	22.306833	22.619992	9.346040	20.181094	22.012244	18.768167	17.705882	15.513512	22.852668	18.645630	21.991418	15.022099	5.904052	20.011944	21.051828	20.596032	19.373509	19.201408	15.403667	21.388860	22.497731	20.891993	22.536615	17.213774	18.503705	18.654425	19.771041	10.310437	12.548828	19.054477	22.506641	21.010080	20.223888	17.225123	21.361932	14.566062	16.474130	22.077951	14.175195	17.357866	22.099721	19.693530	20.504240	22.900037	22.133254	19.713001	22.449955	20.958449	22.003220	15.509813	21.739554	21.297548	18.188788	19.962515	21.063570	22.817034	10.794907	18.139778	16.281971	21.926632	17.131734	22.358513	16.956026	22.070688	22.223523	10.967053	6.324300	17.767675	19.841487	15.300005	17.156590	19.120836	7.433431	15.241956	20.214422	20.782513	22.026023	16.576455	14.315511	19.531873	21.768304	21.597607	19.566568	22.860187	15.730117	21.120791	21.259865	13.220145	14.004135	21.373564	20.137727	21.773914	9.984131	11.759075	22.440456	22.648741
21.853803	21.921963	19.798647	15.474902	19.051968	20.364919	22.066140	15.508069	17.516787	14.276949	11.568947	22.724406	19.864455	21.696355	22.300595	22.672764	20.374380	19.142643	20.960998	15.930556	22.699258	22.051801	22.730660	9.992224	22.052711	20.866773	19.260777	11.626331	22.640862	20.241862	14.961776	20.994227	21.868465	19.778416	17.985188	16.081636	20.173706	13.727670	21.939871	15.828384	8.922033	21.820469	6.312531	16.714926	17.217287	22.251844	22.778441	9.094112	17.771910	21.703021	22.510710	21.782783	17.843067	21.766683	17.459463	21.972296	21.986072	19.062585	20.639204	22.268664	16.791957	22.262452	13.497199	20.558562	19.244145	20.055987	18.134333	10.565437	20.555889	22.613551	20.855544	22.095748	19.639982	17.828058	22.820713	20.919085	20.203597	7.864675	22.145985	22.017240	16.779561	15.386013	18.127287	22.832279	22.600728	17.176931	19.086109	16.827752	21.125371	15.403962	17.514622	16.897173	22.123498	8.262052	17.363185	22.612437	22.775852	19.152213	11.480328	14.662335	10.161405	22.803800	18.652737	19.296255	19.556028	22.443594	20.920052	21.867762	11.783578	20.975939	22.915040	19.038150	16.509571	10.124351	20.830245	21.168368	22.585113	21.438240	22.853275	22.406587	5.690807	20.390855	19.774669	17.816687	13.411713	13.456744	20.391579	21.308834	20.894199	19.143645	22.813534	12.029528	20.261855	20.005553	22.057343	20.309256	21.498005	21.588621	20.465162	21.844919	8.074684	20.845507	18.695320	17.309092	11.236852	22.590037	8.003287	21.834931	17.885192	19.521673	16.397819	20.328717	20.923083	17.945862	17.898882	19.385336	18.702932	22.707621	21.248151	18.529073	22.354623	19.336675	14.309454	10.777533	22.915131	14.670725	8.459131	22.871019	21.491214	13.188328	17.907900	22.624436	20.027479	12.474291	21.298341	15.870954	17.675621	9.708931	21.820495	13.155937	11.693223	19.977111	15.153858	14.544225	18.049227	22.481483	22.553507	17.275010	16.925645	11.041804	19.562511	12.479648	11.862723	22.876649	20.541734	20.125851	21.758686	14.682800	22.874590	14.472257	21.476703	20.838188
19.600027	14.113524	22.875639	20.592652	14.396235	20.201877	12.991585	9.562057	22.500005	13.337504	22.040533	15.357575	21.491898	16.664669	15.767241	20.182453	19.871247	22.232161	22.846599	19.481483	21.428615	17.754311	22.160855	9.568730	20.308349	14.387454	14.744708	7.321206	21.601271	22.007134	22.260748	17.658122	15.530842	20.265618	14.507536	14.981875	22.377410	21.224229	21.925456	19.837967	13.942926	21.126562	20.283356	21.723478	22.548313	22.535586	22.879529	13.230163	17.434184	14.206555	15.505815	22.791463	21.904165	20.765889	16.305493	20.565611	17.960032	21.462295	21.575845	21.794916	15.244323	17.721130	18.281890	19.163128	12.217077	10.480398	14.086412	18.796867	22.105633	20.391448	10.529739	21.532794	14.494287	17.765303	20.871840	16.066324	17.525499	22.815003	18.404293	7.967003	15.915654	13.024242	19.093037	21.859031	19.429141	19.503868	20.185693	15.231596	21.684893	17.937305	20.365223	11.271449	20.636371	19.998796	22.848638	13.269954	15.897233	18.254464	22.720685	18.606812	18.223407	20.080192	22.103688	22.195857	18.193503	22.822981	21.998926	22.239218	21.204529	12.280164	21.668746	12.986037	11.668449	22.164626	22.352833	21.568269	22.278882	17.304127	22.570748	8.449953	19.022105	19.507286	10.938424	20.336925	22.711357	22.596590	22.799009	20.797238	18.269522	17.440767	18.874747	6.837758	22.865245	21.768122	22.204517	13.008583	22.808437	19.227404	18.564018	22.180079	14.970228	16.233301	21.830494	22.467437	13.723070	21.564675	14.509632	22.317382	11.347737	13.697402	21.140156	16.697620	22.886145	20.166166	17.952676	21.644547	22.625268	22.114802	21.104223	21.687843	22.399651	19.014434	19.509943	20.849038	17.748181	18.996019	19.400514	18.379861	21.090221	22.547653	21.834909	18.863699	8.207018	14.873671	21.413623	18.195098	13.913714	20.726711	22.500175	10.742817	19.817131	22.001832	19.297521	20.591223	21.514930	19.462792	21.671895	22.396250	15.818216	9.015633	16.154714	20.450373	22.750842	13.836359	13.397402	18.344906	21.741778	12.924835	21.995828	21.900374	19.984643	18.938864
17.247311	22.721679	17.375393	14.831825	10.080967	16.434537	9.382291	21.660965	22.550574	13.016147	14.990267	11.924177	19.120753	19.980093	21.659888	20.145948	22.188326	22.355663	12.967391	22.109652	17.076096	16.997280	15.255966	22.221530	21.649985	22.335692	10.701507	15.800265	12.989816	22.732595	22.232904	21.231229	22.215482	21.555966	18.066752	11.688820	17.960859	21.913183	14.946783	22.760793	22.881183	14.022812	21.411841	20.393853	22.782126	11.930795	20.237505	17.028538	22.770882	14.491405	22.717781	13.222251	21.468882	22.565591	19.098745	18.849313	14.913054	22.110466	20.832563	21.107372	21.578616	22.559296	21.691104	21.501826	19.046690	9.941676	22.890356	11.996169	18.277923	11.351587	21.914501	8.230325	13.824306	21.577522	17.015872	22.495357	16.866889	17.788052	22.344568	18.620408	16.855512	13.114360	16.963934	22.764396	17.856309	15.917941	21.900389	12.356194	16.667528	18.254763	21.238316	22.827804	13.627238	14.790034	19.059298	17.713797	22.133883	9.289215	19.987081	15.454964	11.140137	15.679087	18.867991	22.562826	19.148539	15.461661	9.391760	22.356322	15.950493	12.192083	20.674951	9.072585	22.469230	16.842682	18.624540	15.601399	15.239556	15.157365	19.021205	19.777490	18.358664	22.629675	21.466909	8.443576	16.478929	19.693561	20.490999	18.273926	20.170887	18.511024	14.965237	22.820105	20.513356	18.004926	20.540031	19.311299	22.006961	18.373954	14.214137	21.299198	22.900203	15.271491	20.026146	20.052077	21.726073	18.336620	22.258865	22.763942	21.099810	22.909128	19.397824	14.716601	20.181248	17.915000	22.142157	21.869921	16.206706	20.282663	20.186662	16.225559	21.653820	15.262168	16.857562	20.231746	22.216966	16.910038	21.845117	11.043679	17.357598	16.606509	20.894135	9.420043	20.450749	17.916143	19.631606	22.753977	13.217778	21.919124	18.636139	22.434127	18.745790	9.795696	18.573606	20.272047	13.071152	22.717477	18.474633	16.082487	19.160793	22.587592	10.776976	8.430863	15.862204	21.708993	22.658215	21.068026	21.570042	18.190010	21.896477	21.454749	14.419502	18.188024
17.744325	17.346740	22.047735	17.269280	21.915896	12.571287	19.547108	19.790119	19.547337	22.700624	9.161796	21.400151	17.296423	21.207869	15.987825	8.775503	19.165610	18.823487	22.835718	16.453999	21.799363	19.736761	21.968989	14.961132	20.692359	18.311366	22.846170	11.685415	18.264268	21.853832	19.543771	22.783841	22.662475	19.550940	22.168717	19.946980	19.093651	15.889540	22.871133	18.069786	15.064573	18.379210	14.351019	22.814204	15.712976	22.229576	19.580834	17.645854	20.210520	19.567291	22.747037	12.596295	17.250870	18.368801	19.470581	22.836766	20.962971	16.971116	20.079278	18.316196	22.589219	22.876742	22.778076	15.205033	14.722937	21.156384	6.623512	18.948061	14.317486	18.104739	20.895736	14.540772	19.317733	22.296449	7.233256	21.361639	15.840034	16.389720	19.133706	22.632100	10.102741	21.355186	12.101275	17.058100	22.685660	22.337211	15.176496	16.040546	18.623485	21.489138	20.265233	18.194571	16.826468	17.945790	18.484885	17.387743	18.665241	22.668323	21.901505	17.562878	12.183602	21.197605	22.621878	22.533364	14.719794	6.322636	18.014303	18.030850	17.063166	12.168637	12.581820	22.511573	21.565230	18.429135	21.984212	17.402503	17.910952	17.312546	13.864837	21.443538	22.148710	19.844523	13.670553	20.471861	18.717134	14.876520	15.462162	14.143395	20.743432	21.629503	21.156896	20.158714	21.560990	16.954367	11.781436	19.589678	21.984885	13.694737	17.014123	13.819650	14.505994	21.890455	14.862467	19.979268	19.473578	14.704919	17.450746	14.453680	20.881405	19.418182	19.607251	22.449544	20.734753	9.995716	15.830120	19.622740	14.983230	16.273362	10.470904	10.908924	20.472108	18.532675	19.983670	13.512812	17.996535	9.851404	21.285756	22.333763	11.252532	13.620583	15.226394	21.193792	22.890400	20.874100	19.245509	21.925421	22.315850	17.034427	19.484973	22.866620	14.558267	22.539719	22.143489	19.552804	18.092213	18.786948	14.391356	20.013835	22.919296	21.844378	8.926818	20.281962	16.341828	21.761678	21.918271	22.743384	13.533446	18.406923	13.083385	19.968644	17.313632	6.673682
19.988410	22.344480	11.496426	15.642208	20.172802	16.406038	22.869764	19.276342	22.877439	15.383049	22.915064	17.520974	21.466936	15.006754	22.395155	14.364203	14.174748	7.924561	13.051204	22.829216	19.032021	15.155485	6.827176	17.721134	21.979183	19.675344	22.626069	21.792060	21.773868	13.493283	14.606354	18.447187	16.270278	17.285742	18.568156	21.043247	8.249251	22.413085	22.672676	21.592171	17.235037	22.875563	22.636818	19.819066	19.766184	22.201629	19.735901	19.142820	22.138807	12.320502	15.034480	18.766532	14.243826	19.741218	21.834142	22.655778	20.088351	15.620950	22.464182	15.645425	19.064864	19.816961	22.520011	11.307989	20.042361	19.012682	14.831316	16.692129	22.615662	21.825743	22.024438	8.760020	21.255337	18.746611	13.844971	14.572285	19.369318	11.993667	17.907547	19.679792	18.209996	22.135997	22.863589	10.127262	22.712311	8.280238	8.763546	7.613370	20.259933	13.437786	12.934131	14.353579	22.090312	22.397024	19.069290	19.502769	16.652210	22.674062	22.413986	20.001992	20.744975	17.730885	21.266737	12.903988	16.265644	22.622484	9.283669	15.603365	20.423661	20.528192	18.172256	7.652763	15.634063	9.605035	12.794025	13.503302	19.194847	18.496914	22.593354	14.489339	17.966868	16.007969	16.397764	19.931385	20.447854	19.951685	18.495496	21.235004	22.232928	22.755248	22.714900	15.651429	12.701147	21.560529	20.357882	22.704069	19.499943	21.869303	19.787274	15.918225	13.909849	22.394157	18.969497	8.141915	16.664965	9.826413	21.050893	9.954321	20.196999	15.472690	21.604132	21.711676	22.039926	10.657982	21.389140	20.141745	20.044482	20.431468	21.888163	17.856090	17.508092	15.460866	20.205993	11.971435	16.321230	12.282715	21.737632	18.108581	19.547969	22.469878	22.037528	20.280228	21.177846	18.465440	22.758395	14.743619	22.536060	18.502279	20.799557	19.373467	14.450335	21.410925	5.593623	21.339617	16.684541	11.480799	18.024720	11.378595	16.924534	15.199550	22.600963	20.732341	19.600147	22.793245	19.906811	16.097445	22.210953	5.620936	5.765170	22.709907	20.899743	7.900803
12.208566	14.441028	16.858887	13.725580	19.651032	17.794880	21.602067	19.978270	22.688894	20.835030	16.769170	22.226285	21.295886	15.955640	17.857501	10.908133	18.169878	21.462895	14.943986	21.035687	14.931636	21.218307	13.665941	21.471609	22.823461	19.677822	15.281964	18.867835	16.223399	17.819290	7.255198	22.409794	22.878644	22.762231	20.788090	22.521159	8.741755	22.816410	6.272194	8.845274	22.451808	8.761516	21.955028	20.049210	20.482614	21.704791	15.060794	21.635744	20.676831	21.085828	22.407387	17.786540	20.491579	16.150582	20.520227	15.878546	13.337854	21.936474	18.819176	11.939271	15.134441	17.297791	22.711182	11.054412	15.204720	13.009062	22.840170	13.642273	22.212146	22.114203	21.281747	15.912465	15.408750	16.657480	8.479646	22.839410	21.058686	22.672100	22.582001	22.118510	22.654477	17.471820	22.403067	22.310754	21.343297	17.122782	21.485538	22.535431	22.242600	6.676432	22.397828	20.631817	17.316338	22.906878	19.458331	13.931970	20.566243	18.265617	12.236860	21.897673	22.073612	18.818468	17.845449	17.360963	15.007605	18.602875	20.745172	20.717218	21.050254	21.787125	20.175025	19.395960	22.785504	16.121580	12.289360	14.232980	21.510345	20.575151	20.895471	14.382243	22.450645	16.958023	22.274359	22.617758	19.830337	19.157780	21.184218	22.679768	17.740067	20.130750	14.602044	19.190678	14.709047	18.317802	14.521649	21.156480	19.605190	18.359464	15.605137	16.668180	20.026759	22.917115	21.276372	8.825224	22.809883	18.793668	16.374088	19.306294	18.597955	13.994251	22.451505	20.555579	21.175699	19.658994	20.896893	17.433832	10.344084	20.895276	20.988033	22.536169	22.869448	19.775785	15.479618	10.792937	16.786917	14.593203	11.968976	12.482140	22.841268	19.800847	20.367971	20.445355	18.538789	20.991629	20.783157	20.104562	14.518447	13.921134	19.407925	22.760577	22.338903	16.787661	12.730851	16.200271	13.042951	20.696711	16.721837	22.171414	21.797162	19.639055	11.331959	9.371045	14.042413	18.284247	18.951788	20.106857	11.513194	21.703931	15.879351	10.313618	22.864640	18.111294
17.114912	21.998831	22.343304	20.281451	18.034023	18.711205	17.127116	22.232050	19.555152	17.830303	21.502552	17.700518	21.759855	21.943958	16.000491	17.706793	22.916225	21.784476	20.255238	16.866449	22.801053	18.524883	17.165361	20.809396	17.957043	17.099068	22.557427	19.922295	17.311757	12.442944	13.323102	17.547798	21.375035	18.781523	22.526143	20.708084	20.555088	15.566186	16.176829	21.259693	19.305997	20.957093	18.963270	22.415465	13.800611	19.671742	21.029178	14.732358	18.872000	18.858483	15.944643	22.673748	21.369072	20.886424	18.809855	22.776856	12.976166	20.996909	16.856293	20.051900	14.613620	22.238963	16.751591	18.170468	18.839040	11.446462	16.728058	21.954079	12.368267	18.569882	18.881555	22.842932	22.504671	19.397455	22.737481	19.159849	21.107871	20.081723	19.928186	16.362966	22.862531	21.683785	18.215741	16.391360	21.280033	14.807228	10.982567	22.528382	15.595102	21.239836	16.680722	19.165151	12.119478	18.342006	22.291901	22.843029	19.009290	15.780288	21.330849	16.305129	21.247242	19.099666	20.718409	22.267786	21.468377	16.331221	7.550470	13.828436	22.024214	14.074097	18.771464	12.014428	22.627425	22.916346	22.393951	17.855906	19.575225	9.054132	21.483777	15.697682	15.843447	17.567838	22.883410	21.101926	9.654721	19.214994	18.879529	20.757665	18.019245	15.394697	11.272291	13.113578	21.328091	14.422312	18.297344	22.911548	22.341039	20.647362	20.762087	21.625143	21.295944	19.122210	17.462569	19.641173	6.367209	22.757194	17.480071	22.781320	22.408900	7.323529	22.454259	21.683758	18.899978	21.519393	13.436967	9.368115	22.725191	21.702609	16.102147	18.434589	22.855570	22.507069	20.021875	18.403874	14.206151	21.378315	22.101432	15.041206	7.220702	19.251880	13.013214	9.698044	20.377946	11.655410	20.444346	18.861192	10.841732	21.823587	20.705555	19.523235	9.577907	22.521535	20.811548	9.111531	22.390165	21.787494	22.232410	18.056751	12.444396	22.134731	21.261181	10.862420	16.176222	16.883849	19.616225	15.039677	22.904317	19.944256	21.485142	21.519454	22.527498	10.806044
10.611181	13.234633	18.502205	12.206749	19.975199	18.624355	22.185890	14.823808	22.069953	12.510584	19.474248	11.374117	21.626614	17.504640	17.660634	11.425871	21.006949	21.765446	19.293160	12.256511	17.216920	21.966184	22.665566	16.362025	17.451967	22.458469	7.974234	22.817428	22.697933	19.547902	21.369567	19.220586	17.767350	19.243292	14.495117	16.101998	19.949696	19.330578	19.826879	16.772806	22.106284	21.600516	21.176830	20.442821	22.843592	21.497802	20.203757	16.115587	22.396277	15.513936	21.119924	19.230770	19.871698	15.031307	22.717367	6.282765	9.361011	22.261409	20.874624	20.546334	16.624041	20.195280	21.666523	22.091562	14.655306	16.861863	16.115457	17.489467	15.154935	22.858759	7.698453	14.173905	22.376331	15.526751	13.522738	17.102097	20.809012	7.080375	22.559708	21.303724	15.539570	19.282961	20.217390	20.799318	19.119779	18.271651	18.551706	20.533697	17.196915	10.630581	22.412596	21.444549	19.470747	11.115426	16.707480	21.668521	19.916744	20.758874	22.056162	19.383311	18.699215	15.081937	8.525164	21.766090	22.305495	22.587437	18.031185	21.857247	18.097762	20.759235	21.613012	13.812314	22.917618	22.172891	21.164692	18.791459	13.904537	20.137690	12.578481	16.811670	21.881327	14.465086	22.913243	21.919135	22.902053	22.249830	21.376904	15.374038	18.435124	20.801187	20.930089	14.572097	14.226453	20.840949	22.593148	22.673448	11.654697	12.947880	20.253059	21.104179	22.650702	22.040848	14.085486	14.861080	20.728665	19.155704	22.604128	21.996937	22.881236	22.229342	18.018486	19.156949	22.564443	13.952801	18.717736	21.037253	21.907335	21.786940	17.081030	20.711705	15.399426	13.611189	21.010492	13.740515	19.089963	22.652353	18.005476	9.232206	15.026006	15.061581	19.780213	17.326060	17.470777	7.043531	19.047929	17.196539	8.007558	22.875337	14.643159	21.299235	20.325879	20.734777	22.887434	17.685920	19.563210	19.447836	17.514953	21.111907	18.464615	21.965777	17.240715	16.504536	18.379291	15.134353	21.276848	15.590841	22.056014	18.207595	14.466116	18.995606	17.906450	21.440204
22.008998	22.171928	21.284921	21.179197	22.208415	20.830262	15.828033	8.810239	20.596300	18.711622	11.638846	12.422676	17.032008	22.624346	12.676467	19.004174	22.702613	19.467464	7.214261	8.807572	20.771872	21.414949	21.925743	17.173578	18.828545	6.148111	21.904710	20.157284	20.132702	20.738281	19.557460	19.901953	20.858435	21.630896	18.433331	20.802636	14.739977	15.449469	15.646696	10.438372	8.046533	9.993345	12.640254	13.180662	12.656634	19.932430	20.969518	14.891869	22.821300	21.999922	6.219289	22.830930	22.852341	14.157041	21.801134	10.534365	19.600041	13.892480	22.553013	21.535795	22.175165	18.737702	12.272495	21.088090	15.954977	21.919030	19.593413	19.180030	20.187845	17.674994	19.454239	19.546369	21.958096	22.372579	8.959052	18.178954	21.641431	14.620032	16.773097	15.152162	20.077293	12.915428	18.506028	10.480741	19.442541	9.208463	19.952634	20.149080	8.471173	15.691560	21.959682	17.469564	13.399262	20.880739	20.171261	22.694283	14.664561	12.861564	22.190589	22.348349	18.692561	16.561461	20.385589	21.627424	18.002668	21.329150	21.681876	15.864255	12.629909	18.343381	22.474821	22.652245	19.354687	13.172678	17.703849	22.517208	22.066566	16.908081	13.019286	22.280259	21.110271	13.939627	22.589974	19.731136	18.163966	21.450682	22.701929	18.018500	22.247672	22.140981	12.584991	16.903471	21.841930	21.416469	22.778844	21.333983	12.613294	21.933004	22.396367	18.011338	22.737293	11.323922	22.251242	18.081435	21.969605	15.120910	14.892905	19.578432	21.493446	20.483490	22.766616	20.609184	14.948849	22.680489	21.434102	14.424557	10.752788	8.517567	20.578242	15.265127	8.224357	15.002786	22.113072	19.512991	22.655227	22.043502	21.234007	21.434756	16.748721	18.826302	14.459322	22.628201	17.390350	22.691312	12.395653	22.425849	19.795862	22.323898	20.764614	21.991310	19.440531	19.787956	22.908692	22.665155	21.436167	22.044378	15.434593	18.836275	16.778023	19.000108	17.887840	19.534512	18.858054	17.269723	15.505988	19.049459	9.940883	12.523346	21.221117	22.412431	17.037011	20.564900
22.861396	16.856218	13.861410	14.877693	15.237720	17.246181	16.119035	22.808776	17.068583	21.577332	19.558437	19.041999	18.780144	12.172350	13.607347	20.714432	17.533293	18.045380	19.975231	21.291039	7.504215	21.111822	21.925013	20.116420	22.248902	20.457778	21.931949	19.862370	20.971523	15.075632	22.601462	14.682882	17.180925	21.656213	16.305938	21.892247	21.552321	15.109992	22.048621	21.855788	19.067757	21.060020	19.174160	19.730796	21.547116	14.968446	19.384276	17.955720	19.654782	16.049389	17.426702	21.307399	19.826706	22.666595	9.281602	20.969702	15.360690	22.769598	15.806431	15.818937	21.012682	9.124211	12.386809	22.076783	16.256110	17.854200	21.754595	21.808355	16.863699	18.000081	19.827410	21.442059	16.526624	20.778328	22.222257	18.255343	22.635054	21.942007	6.474769	7.901420	15.697710	17.857235	17.994443	11.383285	20.575240	9.260414	22.210055	21.335916	20.862384	20.382817	19.049929	21.207564	8.199166	22.719673	22.910829	22.838670	22.071485	21.873643	18.394271	22.858240	21.640521	22.785868	22.615716	18.362547	9.635541	22.144346	20.134800	20.408937	20.359301	14.785472	14.020819	8.715034	15.198326	21.370597	18.187715	14.639269	20.082971	17.193573	19.825816	20.440372	18.407040	21.404643	21.570959	22.097205	22.252961	22.725755	21.493045	17.124827	21.668148	21.046101	19.571811	11.866144	20.268255	21.416241	17.099177	22.889882	22.889076	22.348430	12.772391	20.781939	20.838498	22.377888	22.511609	19.263870	22.845834	20.794002	21.962209	19.966256	19.900316	13.487193	22.727887	22.137968	21.049241	18.764511	17.187989	20.427927	16.255295	15.753518	19.777360	22.086760	22.577362	19.748464	22.787166	17.765642	10.634921	11.605371	22.670686	20.823897	18.034601	7.670676	13.711245	21.253751	21.851204	22.548415	14.873528	17.527356	11.376804	9.744848	21.424649	19.464312	11.453273	22.335600	22.691921	19.556806	22.564143	19.048302	16.844305	22.298596	13.574006	22.017626	22.785306	17.585439	22.885797	21.137941	20.272075	15.640976	22.866022	17.008695	14.060802	21.498754	21.122239	20.607568
19.722262	16.417016	18.154173	12.882228	22.122412	11.838054	18.991230	5.823243	20.928579	20.089060	20.274179	11.665892	15.048249	21.766480	22.284621	14.812789	17.245647	13.797140	11.637725	17.967833	22.260890	20.945299	16.223500	22.376971	15.605762	6.332060	22.743779	14.772236	22.431520	20.027602	19.767375	11.650676	16.992962	11.621895	12.927142	17.749335	15.650103	22.049754	16.578148	18.314494	13.210301	18.405197	19.831090	18.841186	17.367705	18.398981	16.522670	21.563150	18.375818	16.585354	22.210632	22.873143	22.109286	20.011568	22.693344	14.815627	17.385722	21.887703	17.157260	20.974459	22.722270	22.381938	20.849604	20.667951	21.926249	20.798292	16.915160	20.331031	11.378511	7.177768	22.227152	16.807793	13.253907	19.699941	14.453734	20.700040	17.456516	19.515249	21.825915	17.751820	20.762941	14.767914	22.753309	10.481516	16.025689	21.073938	19.850335	15.038735	22.444170	21.218555	21.706471	18.444401	12.549560	17.276231	14.957775	19.203042	16.257958	18.142645	20.932149	21.577231	12.486767	20.556768	14.412058	17.966289	15.996767	22.878917	15.344482	18.552460	18.953219	22.459108	22.717533	20.253706	15.314066	20.614263	21.391148	22.100046	20.740578	12.523105	9.077092	21.816392	22.336592	20.186184	22.264584	20.489536	15.877220	20.095131	22.817351	22.161148	18.348755	12.378280	22.227159	21.141843	22.781656	15.378640	20.894211	21.427723	21.330622	19.877321	21.222967	22.585149	8.616832	21.037436	21.610489	18.548804	15.432121	22.606227	11.448494	13.729008	22.734124	9.466938	17.190132	20.524793	21.243574	13.476764	20.012921	10.171239	22.488203	15.726908	21.869264	18.798218	20.724112	21.021619	13.195809	22.875209	10.979233	22.830019	15.172380	22.190006	11.193945	6.584850	21.420451	20.800591	20.067377	21.635000	22.889097	20.816454	20.243308	18.039314	19.729851	19.061791	5.787658	21.715805	21.939805	22.803218	13.961503	15.744679	10.986566	21.524478	22.694390	21.897028	20.372530	12.460005	22.690518	21.823585	8.346516	14.427174	12.729445	21.070396	12.982885	17.710320	19.524828	22.623377
21.543051	15.503741	19.310510	21.275390	16.640600	22.547688	22.880840	14.527286	16.605766	12.257523	20.541855	22.706566	16.322435	22.432298	14.480488	21.003612	22.553037	22.099768	22.672973	14.655942	20.605941	21.056076	22.266793	22.724661	16.083629	18.482888	18.402304	16.855979	21.945625	12.563231	18.398077	12.464359	22.546954	19.502225	22.157175	11.234895	16.004410	21.369718	22.353789	16.730468	22.657061	16.676329	18.864905	22.497337	6.021032	22.097695	16.525434	15.680804	16.470398	19.806214	18.926271	11.775970	22.653344	18.356687	22.758075	15.681412	19.885545	18.424680	8.857800	19.238356	18.151030	17.761992	17.327940	21.311750	21.133927	21.212082	21.181251	20.336639	22.082285	18.826355	15.024264	13.797295	7.838431	16.699910	22.048989	22.198990	18.133090	7.871417	19.591119	15.176865	17.495348	22.861074	22.825419	10.971596	16.458796	21.530012	21.710907	20.459622	18.996603	22.806718	18.488607	18.392771	15.581328	21.571325	21.604629	20.518601	22.119978	13.183768	22.263932	19.796248	22.315979	18.321622	13.495033	15.560466	22.450612	7.835336	20.367225	22.566489	9.638647	19.653963	16.979832	16.584141	14.674593	11.283217	17.135548	22.212239	21.164073	18.558499	21.861773	15.547072	18.953818	22.812233	7.563895	20.568763	16.333863	22.193147	22.847965	11.982686	22.864106	13.586130	21.139448	16.620316	17.319355	22.298337	8.825293	19.484800	20.108458	18.376402	18.854384	18.987117	20.447074	15.366304	17.894581	10.262476	20.064564	19.020960	21.443962	21.370534	17.431235	17.843513	14.985392	19.217404	17.550117	16.866038	21.780771	18.680833	19.774227	22.757948	17.789106	22.671251	15.332599	11.372212	22.394512	16.806179	14.077065	19.029051	18.292155	15.210566	21.956151	22.314234	20.776630	18.748348	18.586077	19.890844	20.228590	7.697896	20.430078	14.440339	19.323456	20.385288	21.999818	19.080131	19.177403	22.050418	22.650110	13.600393	22.728121	17.583904	21.287655	21.640590	20.972650	22.035230	22.301547	17.364824	20.230727	21.362815	20.726739	22.755970	19.838279	22.697999	22.809419	22.466446
21.507971	21.275824	18.363046	21.542884	9.951937	22.225314	22.472193	9.155710	21.111878	16.150325	14.453970	21.606059	22.769926	9.278903	17.654273	11.475701	21.940619	22.829171	16.673934	17.242424	17.442603	22.034865	22.652854	17.235703	13.319445	12.497766	22.089613	17.831131	22.165943	10.421236	10.447136	15.928974	15.764953	18.405945	13.638056	14.737974	10.509924	21.602303	21.444866	18.230261	15.621183	19.788559	7.261864	22.853483	22.913081	20.580503	22.035874	13.367227	17.215191	21.456480	21.611077	21.896080	20.526428	21.611985	15.794162	20.924017	11.984274	9.861742	22.058839	20.663342	22.486514	19.982246	12.459751	21.370156	13.447609	22.508070	19.489282	22.723296	19.258320	15.615666	12.804738	19.761394	16.210614	21.280153	22.197047	14.520738	22.918763	22.335335	19.228697	22.407220	21.273758	19.419310	17.672719	22.782152	15.932851	19.021949	20.944040	11.364805	21.649108	22.898049	19.971777	22.649216	21.017972	7.133161	10.645288	22.784487	15.383097	18.156513	22.440717	21.622253	22.914828	17.968305	19.616463	10.256161	21.971110	11.441716	15.305915	16.224370	22.091321	17.811016	20.843874	7.146890	18.105291	11.712685	19.630478	17.017137	21.120231	14.613036	19.101413	19.352317	14.188737	15.850506	10.057475	19.649664	14.325743	22.905812	9.749544	12.994284	14.396921	22.191641	22.279686	9.338536	9.025475	22.554181	6.554662	21.650474	13.846174	16.291189	12.018010	15.515631	22.917393	22.517865	15.317835	17.764129	20.964565	18.765936	21.429505	17.448066	22.305111	20.739369	19.182756	21.983473	17.717877	11.921853	21.950466	17.293423	11.778175	12.025578	16.477539	22.176222	7.427026	15.229593	21.687424	10.776461	20.813882	14.168033	19.256193	19.938384	20.804048	21.658209	21.822122	19.823464	6.085681	21.697834	21.756304	16.114965	19.589203	19.624861	19.678838	15.567581	16.569331	20.014129	22.472191	22.621852	19.786319	20.527811	13.417449	17.362173	16.965022	19.873521	18.564878	22.187319	22.224764	17.235328	20.198686	11.888881	15.228713	17.316396	21.059683	21.325492	22.104245	15.942766
12.547978	20.279109	20.255518	16.751717	21.532421	17.885802	14.402389	13.957729	21.987599	21.366964	21.560708	20.195335	16.436295	20.886815	21.660930	22.115782	11.298955	21.311494	14.915866	18.404935	11.791051	8.497729	16.938867	21.391659	20.021598	15.354767	22.363312	20.564010	22.584536	21.297786	21.373817	11.536485	10.854351	18.993254	20.013694	18.667053	22.042335	19.114647	22.019156	19.623457	20.451269	18.533226	11.441115	20.157539	21.482293	15.743452	22.717660	18.372906	16.757071	19.610164	21.087959	22.508596	14.896744	18.016219	21.762134	14.952761	16.447613	19.354882	8.764454	14.548251	21.605580	22.534147	21.393627	20.428156	22.021813	14.116848	22.176127	22.483671	22.742188	21.837568	5.916748	13.684984	9.851618	22.566526	22.579934	11.300985	21.913475	21.932113	20.447600	15.733276	17.815102	22.530319	16.600713	20.566616	14.233900	19.889269	17.938651	14.705497	9.321172	19.807193	12.269771	22.512461	21.910944	20.412877	21.043305	20.505259	15.853675	22.858842	13.281796	22.202081	12.118306	20.112691	19.711605	21.797925	19.582951	8.548084	21.847139	21.746897	12.593966	22.207685	20.102135	12.103295	21.033496	19.381361	14.401807	17.785692	15.530640	22.350769	10.843653	20.205348	12.273896	22.678009	21.260192	9.441904	19.537045	18.930299	17.892892	21.275780	19.204410	20.327972	17.821297	7.130285	21.800519	12.012901	16.319331	19.875378	12.794646	21.422455	15.448780	18.150224	21.430916	14.502795	10.796307	18.916754	17.799684	20.309139	17.408373	10.348896	17.668931	18.170881	17.485027	17.887579	20.605978	22.902855	19.849282	13.289710	11.928566	21.800594	18.327618	14.622092	11.671559	17.083472	19.450760	17.085631	21.453384	14.327390	22.138057	21.805515	17.962323	22.202241	20.386451	21.727895	9.576720	22.231510	12.182804	21.772552	22.855835	22.467438	18.621094	20.133346	22.511469	20.098866	15.227048	21.467176	22.522878	16.849208	21.218628	20.153439	20.560811	14.391544	22.371454	12.860286	16.665239	21.800550	20.191199	19.347696	17.112614	22.643942	17.776965	15.693814	18.750791	22.671072
22.450137	15.438336	17.131388	18.614557	17.711518	19.142220	17.151822	12.585734	22.686850	14.526543	16.293836	19.099242	17.028583	8.859034	21.164082	22.833256	22.174564	21.581920	13.993782	8.054910	5.623187	12.385225	16.259018	19.015788	18.881935	21.522567	9.072068	20.907587	22.360488	12.934352	22.867154	22.528271	17.027400	16.200022	20.922448	22.799494	18.465991	22.852734	20.368377	21.544730	22.688992	10.995820	15.977054	15.174990	15.911504	13.604070	21.894391	20.229897	22.764334	18.479183	18.463534	18.864377	15.369582	18.932870	13.172973	21.940795	14.400913	21.512044	22.643367	19.352196	19.366374	14.340801	22.650121	17.790225	17.115830	18.191196	15.531482	9.941859	16.661817	17.583693	15.526099	22.400048	17.406590	19.648672	18.648412	22.705655	20.221764	9.217150	22.764151	20.692147	17.038297	20.374052	18.183439	21.650153	18.367492	18.752899	22.414001	18.524744	20.163517	16.525887	21.580369	21.893164	21.668330	19.157664	21.865847	20.527511	8.550524	22.488712	8.548094	12.434478	20.619803	20.523760	6.097352	21.083637	16.967340	14.062212	16.249377	22.053644	21.116374	20.021101	16.624129	21.981807	19.926943	15.949890	21.696756	20.374837	22.871349	16.632451	21.988010	6.728112	22.911772	9.777044	20.136795	18.962878	9.307928	12.644151	19.384715	13.362110	16.454132	21.984969	17.913043	9.750324	20.052610	10.232197	20.014651	22.801352	19.782450	22.863434	21.573055	22.709847	16.979588	16.408424	22.908407	20.663304	15.776971	22.891548	22.466425	14.549346	19.703236	14.127507	22.226287	22.848297	21.086977	16.899311	13.806302	22.413075	15.433059	22.913392	15.677858	21.847496	21.143282	21.724821	16.788914	21.897331	17.936199	22.242327	8.191353	22.626859	12.796886	13.924978	15.221630	12.301106	11.417767	22.483116	22.081512	21.002816	17.219844	22.354297	19.249007	19.659555	19.665940	22.708744	21.073838	22.620707	19.130192	20.347787	13.912644	22.917610	15.737030	20.747323	21.658974	21.975081	22.338908	21.366851	9.732507	20.759461	17.393173	15.120721	18.115812	6.819247	17.067710	15.561874
12.440603	12.845718	15.348522	10.033692	18.687203	22.040098	22.708337	16.455192	20.313985	17.931240	20.684848	16.638846	20.784804	12.451987	18.025104	15.665793	20.506967	7.532424	21.072552	20.364798	11.890275	14.514985	20.407214	18.161929	18.759422	21.685202	20.970271	16.188649	17.131862	19.915610	21.695992	22.644808	19.585716	21.199282	21.934490	17.188988	21.835163	14.469338	22.753709	19.119862	17.364027	22.695074	19.249170	20.293803	10.950651	15.353314	21.973962	15.763112	12.110126	18.610396	14.894206	13.078031	22.266102	22.626724	18.422260	21.757009	18.644551	18.594468	9.853162	20.899279	20.315460	19.888109	15.539827	21.979011	21.251276	20.191738	20.343585	16.172612	20.964085	21.395265	16.271833	13.594107	11.945518	18.993879	18.217747	22.279757	14.359420	12.518401	5.639962	21.677652	11.054505	18.928184	9.291755	17.681663	22.063094	13.548879	16.107437	22.153637	18.170467	19.351128	20.474937	14.297111	15.844153	22.346122	22.737630	19.925237	18.345958	20.374666	21.169007	21.503560	21.647942	21.556872	20.057016	21.634473	19.292481	19.073934	12.397573	22.892720	19.156280	21.328315	20.683401	11.835417	12.336591	19.631537	20.276138	18.441839	17.782200	17.739331	22.876983	21.209032	16.445926	14.877253	22.825003	11.602067	9.472964	9.062252	14.584487	18.698666	21.409396	20.157617	21.801268	18.129326	5.086293	22.282963	20.273334	22.663435	15.874684	12.185416	15.576780	18.546784	22.650250	20.096905	6.367783	8.272280	12.106756	22.051720	18.341926	14.466813	22.641256	18.906762	18.695134	10.433747	22.067211	13.240406	20.959184	15.015169	22.642915	19.633433	19.258962	9.129676	21.874428	22.860483	19.902339	21.843740	16.060907	16.546347	19.618949	10.711839	12.507810	19.200118	18.388664	17.507968	16.965589	22.256693	18.196059	11.557227	22.691917	20.055873	22.711418	17.992555	18.563209	17.261225	21.520617	13.183036	22.011101	22.469928	22.061224	20.669409	13.645582	13.808444	21.531794	18.946150	19.196331	20.205600	20.491813	16.158989	13.826391	17.225763	12.725315	21.413499	19.970381	20.754094
17.996259	13.383625	22.520121	18.900209	22.035813	21.876912	17.000974	22.792269	19.387256	21.078127	18.131476	17.255525	18.135116	22.368299	17.189416	20.779124	21.795316	11.353912	21.840780	20.399338	12.133515	18.278341	11.073461	5.836715	20.293124	12.613384	20.113861	19.455407	22.375882	20.180477	22.575710	18.235716	18.572695	22.030733	18.844547	21.235680	13.679619	13.117748	22.066965	22.897883	17.819918	12.134196	10.376917	10.912820	18.992758	22.031340	6.390282	20.882563	20.393891	16.856636	9.901547	8.778207	14.309609	22.245122	20.890545	20.839038	19.968407	20.085581	21.926425	13.259809	22.134474	12.820831	22.579262	5.910949	20.681279	21.551922	12.631776	20.971467	20.268997	22.187580	8.255896	12.765840	14.262807	15.598470	19.223409	19.182959	22.424251	16.920168	22.883539	11.081363	15.033783	22.866876	11.631753	22.225088	22.670005	12.003565	12.208505	22.633968	19.645149	11.260001	22.500787	17.715612	20.704310	20.406208	17.666250	22.784306	21.761347	17.676907	20.535470	22.517138	21.313531	22.846317	18.446212	20.497055	21.166623	18.067437	12.549273	20.061141	17.487565	15.314656	12.021285	22.744397	15.872747	16.865617	11.004269	20.499808	19.962645	19.692950	21.114760	20.062836	16.529287	17.375344	19.320575	16.458601	22.664394	18.396409	22.203113	20.243174	18.225336	21.765379	19.567164	22.395330	15.216934	13.119455	14.112930	17.259454	22.352836	19.320290	16.432401	18.252512	15.477760	22.412727	14.408812	17.316361	14.975127	22.860402	22.889409	16.677285	21.611500	22.570514	15.078141	13.863846	19.356397	15.225513	7.492255	18.900321	13.601543	19.615414	19.258143	21.020282	17.274010	21.145846	21.695859	22.739363	22.810058	6.422516	14.123704	16.399820	21.707088	11.615640	21.091664	22.893268	17.931072	19.242481	21.776899	22.772895	14.837302	18.858253	22.392940	22.771230	22.799650	17.110222	16.991245	8.634874	19.743603	12.868162	21.913815	21.678937	11.850712	20.727548	10.883773	16.757916	11.419237	14.471691	21.757987	11.482881	21.968614	19.961887	13.988870	7.328856	21.874294	21.006523
22.396770	17.570437	20.541224	18.578121	19.579595	21.159191	16.365687	21.100647	18.601029	19.508042	18.649962	21.733299	14.170711	22.117178	17.823729	14.265401	15.247765	22.071229	22.468741	15.378896	13.962603	15.590639	17.496246	16.111575	19.264999	8.075437	22.098572	22.029245	15.980783	15.428419	21.256742	21.841136	22.339813	20.380469	22.018244	18.619682	15.450364	12.864035	21.662894	11.679514	15.068941	14.269497	20.826142	16.590901	21.195465	18.683627	17.485290	17.191628	18.913898	18.876434	20.453631	15.674977	22.902456	16.771284	8.367045	18.908165	10.874772	11.133569	19.973050	21.517312	17.077827	19.679235	22.264139	21.989823	20.790129	20.918535	14.746220	11.047667	21.159291	14.441662	22.842057	12.422128	6.480635	22.149225	17.957403	22.770165	21.646719	15.051776	21.830373	5.583461	18.902214	21.530872	17.036684	17.638095	17.822134	22.016487	15.663563	22.082189	14.158697	20.703444	22.347130	22.667574	22.752914	18.206105	20.771815	21.292785	22.362223	21.016740	17.889245	17.779732	22.078389	11.541610	16.329297	16.668763	22.895913	12.843874	18.703987	17.223776	21.032410	21.344252	20.702074	22.616758	21.994582	12.439434	15.181960	13.307255	20.015479	20.350681	15.616661	20.261444	10.486115	13.674809	11.105047	15.004141	21.932034	19.777518	20.194134	22.745504	22.146242	17.122890	21.327723	12.376026	21.131287	18.862789	22.111749	15.321861	22.919167	22.545699	7.977211	20.530044	10.941575	21.486351	20.916404	20.503488	18.127782	18.368460	17.588492	22.728951	22.399845	9.581763	16.665770	19.972440	14.868573	19.576048	21.247019	9.864140	17.524627	18.195470	18.389306	12.307564	8.207341	20.820757	17.705288	11.538883	18.684293	22.395756	18.773895	17.422355	22.575824	12.413184	22.563992	14.347029	18.275054	22.427862	15.598040	20.281452	9.456337	22.092567	7.540446	10.680611	22.005438	22.762998	21.561896	17.846045	21.532719	10.024946	18.596706	10.626577	7.716897	16.366217	17.993631	13.720140	21.709872	19.733689	22.144593	22.840790	11.497194	15.733232	22.654899	9.903762	20.623805	22.030958
16.319221	20.058001	16.966909	22.867678	12.134586	22.110258	15.866159	22.302893	22.589330	16.174384	20.077983	22.473379	14.869045	22.706824	13.879961	21.998536	7.567655	12.429826	19.462118	11.051814	13.233897	10.257655	22.243762	18.682805	6.671512	15.893349	20.707734	15.869434	21.161777	22.879683	17.163412	21.865554	21.522642	22.851653	20.733631	22.749087	18.703711	14.795087	21.739694	19.995847	17.924055	16.911794	22.142986	19.540793	10.295402	18.648571	13.269633	22.474751	20.885908	21.789576	21.713101	7.734396	19.161138	21.191800	18.723169	19.940602	16.934975	12.356378	20.479573	10.641982	10.621907	22.484038	20.637382	17.548919	20.504614	11.674940	12.430660	22.216908	20.880831	11.066961	21.259571	18.632156	19.163735	14.218453	22.796161	21.845352	22.693020	17.829980	21.471518	21.007725	20.485727	10.353775	20.604831	14.667240	19.228337	21.359695	22.883726	15.499853	16.744429	17.325987	20.684543	22.360584	20.780542	22.539354	12.753900	21.639339	22.707461	22.853293	11.625688	14.431835	22.682379	21.460526	18.364101	22.030675	18.498707	13.761503	21.193462	21.741915	20.288758	14.622586	18.820199	22.327280	14.179829	19.819186	21.632602	14.259840	10.185954	22.675096	15.511853	19.456371	21.693574	20.332895	17.524587	13.429657	20.841002	11.380069	12.163808	22.408495	20.097897	22.850549	10.033721	11.176565	21.078472	19.621509	22.917537	20.570137	18.157303	19.184358	18.606216	17.609503	22.697701	22.728996	22.798068	22.022454	20.389603	12.624881	16.114375	10.877226	20.761898	21.503814	18.989561	20.518821	22.810304	18.704506	20.429544	18.162228	19.334256	18.457539	21.393522	16.360553	16.078115	22.235505	18.509678	22.365524	20.896322	22.765807	14.586792	22.642296	21.135668	8.220011	22.284500	18.297731	21.402398	21.052498	21.630299	12.477136	16.363170	17.652283	12.010371	22.909367	19.963520	22.532775	22.215079	21.002897	18.238709	19.302165	11.532989	18.795251	22.314174	20.465019	18.797821	9.466323	16.465367	14.956116	21.221940	21.266237	22.111179	16.446164	20.759757	15.539348	20.787760	22.253296
15.581379	11.918774	18.059941	21.333769	14.572618	21.654543	22.450984	17.236685	9.892285	21.416587	11.560174	19.462864	10.107713	17.398968	20.381519	15.232278	22.703808	22.039539	19.527810	22.639302	10.937494	15.718708	17.373941	13.592257	18.080130	18.584669	21.218507	21.769416	18.218587	21.820079	11.084920	21.333356	19.482781	14.168249	21.888066	6.983143	19.533808	22.071448	8.986555	21.668771	22.661765	21.918289	12.248529	21.455616	18.500900	13.369850	12.381369	22.579913	22.314020	20.149943	20.846454	22.457348	13.628005	22.874765	16.164059	20.654426	21.809499	22.542385	18.956064	19.681011	17.304648	17.922681	21.598587	13.078773	18.660251	5.961724	18.114080	17.813512	20.434211	17.551829	22.070962	22.443242	20.590056	21.971836	13.055374	21.091008	22.640997	15.530650	16.126203	11.850634	19.288797	21.454976	18.702900	20.898553	21.765025	13.868292	19.070156	15.116650	11.091445	21.022036	9.654924	22.884750	19.907472	17.224719	9.745855	22.916554	22.827393	19.910666	17.376316	19.156887	19.662190	19.758412	12.308879	20.411429	18.784522	16.813388	12.499124	15.146073	16.460270	12.882522	16.938280	20.868086	20.025087	20.909594	22.917388	22.441269	21.417632	13.955100	9.337658	16.349599	20.103965	18.909089	22.196446	22.225427	6.691901	21.193039	15.743699	19.586029	20.274415	20.729114	21.929224	16.972156	14.952622	22.826068	22.425178	22.600277	17.690009	20.747633	20.448044	22.432908	21.591276	18.124191	13.178810	22.500588	12.432362	19.587737	21.293653	18.604652	21.682327	22.090468	20.432676	18.088825	20.367785	18.372353	22.500080	17.774817	22.654710	19.421176	19.573795	20.057510	22.588480	8.184631	22.892835	21.822728	18.177725	16.254659	16.198947	22.182571	21.798198	17.282692	20.777645	12.114360	11.268362	5.647540	19.325800	18.198802	16.327142	17.374799	4.952857	17.490387	22.489174	11.445071	21.101900	17.580037	21.984809	16.949570	19.483647	20.427553	18.746398	21.923498	17.478667	21.701916	13.472335	20.712391	11.786698	12.912384	21.221146	21.072589	9.441371	15.550530	22.910140	22.523242
21.533888	18.789247	21.263086	22.156616	15.280016	15.136823	14.410749	20.055146	17.288622	6.253389	19.182099	22.643210	14.044502	20.287826	22.593920	13.072252	21.516737	7.735346	17.632756	17.247133	17.658382	21.590300	20.475841	6.228506	11.936020	21.009026	21.642327	13.807375	21.248207	11.680586	9.858716	20.439677	22.795253	22.350017	13.210551	14.449685	22.886316	20.555887	21.143174	15.941170	17.886205	15.680383	18.286237	22.817379	12.396687	22.124520	22.082131	16.465016	13.978568	22.897007	19.826348	22.700061	20.978666	21.215638	7.454523	16.289485	19.909444	13.332258	17.291971	22.150708	16.328812	19.831499	22.523767	21.626464	14.655483	16.753592	14.719783	19.424993	22.191995	15.579621	14.906505	22.765710	21.377191	16.905595	20.620471	20.809183	19.119570	22.412112	14.522376	21.233776	17.850902	19.713091	22.897411	22.487325	19.116078	17.771974	17.590608	18.051387	22.907447	17.784533	15.916495	15.764114	20.361942	21.838612	22.101509	21.352995	15.202465	14.624767	22.590252	21.683004	22.338648	11.493304	19.718807	17.114823	17.632080	20.195018	16.980700	22.614933	13.337682	21.306874	22.901359	19.395843	16.515540	6.837132	18.588329	11.239875	21.775746	20.059677	22.467110	21.159501	22.353340	20.664855	17.471344	22.555754	13.364419	17.931872	15.024199	22.258805	18.332100	14.294059	22.533536	20.691746	22.626038	21.207041	22.159664	14.112915	12.852139	20.522036	22.634921	9.492228	12.944189	20.234381	21.503025	12.239667	19.415649	18.825090	22.368279	14.584173	22.903571	16.513288	21.897429	13.007823	15.477861	13.057243	22.464744	15.985578	17.315417	19.906743	22.626540	21.142337	12.067736	19.610079	21.328972	10.909609	22.357361	22.083280	12.274993	19.805067	8.075162	17.848727	7.545900	18.798287	20.081274	21.851167	21.974153	14.657910	22.623517	15.848406	21.727642	16.765356	19.202717	18.376339	21.064608	18.087720	22.905595	21.507841	9.866786	20.705301	18.939833	18.922167	18.693817	16.772206	11.347714	14.380419	12.920657	15.645023	18.284089	21.350684	12.449474	21.113177	22.065834	19.134972
21.098921	8.016570	10.987751	15.540255	19.186921	14.608899	22.717500	18.873998	22.646237	17.876570	18.431232	19.166705	8.671546	22.159795	21.003563	21.290768	22.887264	15.598451	22.316178	14.598321	18.573224	10.818494	13.759490	13.256316	22.087786	22.628504	22.456224	22.917732	13.399250	17.484423	14.683828	14.351101	13.083545	8.169236	11.819349	20.165898	21.974965	15.325354	16.786760	22.869470	21.654096	18.970319	19.913825	17.336516	22.466322	15.417985	14.689701	19.203048	20.880303	21.399070	9.683349	18.646695	15.090785	21.459738	19.326810	21.931206	14.634097	21.798546	21.173515	20.071771	16.676803	21.928807	15.407476	18.169236	21.465829	18.336628	17.553473	21.437593	13.186681	22.596959	22.388140	22.074369	21.256221	19.864163	15.465595	20.521337	10.696248	19.768555	19.908801	22.773797	18.270558	17.315975	22.219891	15.513916	18.073199	14.333092	21.106532	11.340549	20.916318	22.141892	15.317300	11.625622	11.810176	10.897113	22.091971	16.852591	21.625680	12.447412	20.051370	19.327370	17.466275	14.342442	21.670989	14.802605	16.371289	21.241692	13.269529	12.449597	11.050235	20.402742	22.613583	22.193358	16.693641	20.908676	20.455702	18.921846	14.339882	20.821013	20.958660	20.334499	20.873280	15.905960	21.711247	22.104684	22.751291	22.172680	22.207901	18.469231	19.477798	22.462629	15.970980	20.797871	22.784562	14.432943	21.949112	21.695040	16.402475	22.555592	21.620426	21.364394	21.790480	16.404718	17.039337	18.681862	15.743913	21.244492	19.143651	22.164091	8.905068	21.858695	9.374041	22.284215	15.761869	18.450545	20.345649	21.151207	17.430872	22.821190	22.916744	18.814089	16.296591	20.936764	14.137797	10.365940	15.565610	14.974775	21.469590	22.745108	22.456908	22.808361	14.892388	14.515186	16.606835	16.694650	19.281123	18.749208	16.027229	21.877624	18.414148	18.452920	21.339780	16.187898	19.963749	16.232343	19.118073	22.311813	20.361878	19.653693	22.311311	21.590388	15.864194	7.568160	10.573236	13.171564	14.835600	17.068380	19.664695	22.904533	15.834093	19.005437	22.813237	19.171502
22.652385	20.724956	19.709515	18.174174	18.859523	19.279434	8.225383	20.864502	21.883292	14.090970	20.513148	22.512233	17.229146	9.836675	15.917485	20.322753	14.246638	18.110163	19.755617	21.264324	22.233155	22.206891	19.402241	22.587568	22.551108	21.824007	19.067679	20.243264	14.720749	15.979434	17.734625	12.897820	21.925403	22.394837	18.767260	17.740700	22.002782	12.296546	18.881248	19.666950	21.475246	21.753242	19.865465	18.442085	15.885983	10.796406	22.514071	17.325402	21.533033	18.949640	22.475635	22.254859	18.027479	22.713362	18.792500	20.530079	6.420234	21.479545	17.944618	10.786024	22.624875	16.821418	11.889736	22.687409	7.268083	21.710233	12.914190	9.546347	13.054496	21.448023	20.067269	13.657764	9.086598	22.491598	22.126990	10.975145	10.455966	17.725024	20.058493	17.277806	21.900574	19.272880	19.707500	10.967676	18.003508	14.947625	21.276497	22.647918	21.864367	13.797331	16.525328	21.743183	21.889578	20.246350	15.106934	21.812582	18.825781	19.106588	18.378712	12.785228	18.757362	21.462817	22.780896	22.148519	7.896741	16.496246	22.357339	22.139198	15.756410	20.259198	21.639039	14.380991	13.605678	20.191896	13.713759	22.505330	19.946295	18.498820	19.702126	9.403250	12.967320	20.590045	17.258119	21.494725	16.689583	20.166041	22.388985	19.214171	19.619304	18.068555	21.470446	19.684717	12.655034	17.906162	21.563482	19.423009	21.793947	20.714614	19.350336	18.496621	19.298829	21.982288	21.792097	17.861479	21.800281	12.813864	13.505968	11.857209	21.123473	22.727995	15.666661	14.713764	19.845875	21.013050	21.823714	21.273185	22.785554	22.033336	19.998263	22.839880	22.656074	16.914432	12.254663	22.647049	18.756992	14.850414	14.606408	22.407389	21.423578	13.767011	22.022889	21.638353	19.791278	22.142606	22.834747	19.594556	20.470758	20.901298	22.434832	17.448477	21.131885	18.702946	20.145114	18.425976	16.221894	21.873331	17.123616	14.138551	19.438603	18.741535	15.211028	18.514104	14.541504	21.402145	17.556914	18.266966	16.595215	16.613360	16.226529	21.711557	15.326241	16.619867
6.439044	14.533115	8.541062	15.397944	17.149570	18.654717	7.783013	18.871431	22.365684	20.071286	15.570990	20.762444	17.770631	16.096727	16.139940	13.223226	19.007405	20.092222	20.719863	20.631306	12.425549	18.696741	8.976413	18.178120	18.789586	15.447414	14.684143	11.906160	21.106829	12.030371	19.393505	13.284074	22.829962	22.786478	13.971344	22.171518	18.244357	14.820395	20.713907	7.076166	18.438016	18.103716	22.509521	21.629462	19.731729	17.041214	21.117899	17.026275	15.016343	22.412880	20.108002	13.723116	20.168164	21.111662	22.301867	13.137334	22.643819	20.614487	18.003925	9.267913	12.180584	22.572449	22.174328	20.878575	7.789538	20.083947	22.109141	17.997599	18.167573	22.282147	15.460625	11.254080	22.548338	21.770251	21.946093	15.112209	22.230495	22.432597	22.586426	17.766878	22.413624	19.902231	19.158782	21.836084	22.436463	21.369788	14.815306	20.442140	19.607993	22.451827	22.512859	19.905982	18.782142	17.269127	22.760666	18.225760	19.944622	22.906224	19.961469	17.586916	21.861670	15.333339	18.990229	20.139601	22.209524	20.370496	14.056020	18.532600	20.663017	17.625275	16.785978	12.821044	18.695302	21.827987	20.114355	15.851541	14.064650	14.357728	17.579166	22.669161	22.131838	16.720256	11.558025	12.274608	22.701341	10.543238	10.928281	17.705128	20.282036	22.783707	21.547847	12.305206	14.143225	21.944698	22.869881	14.888802	21.569670	20.540711	10.974774	22.705129	17.222545	22.643833	21.220125	14.721885	10.103710	21.289123	21.904265	17.418831	13.329957	13.553079	18.492689	9.239974	22.809162	9.001013	22.883330	19.664505	21.486227	15.559460	18.621099	22.052752	22.881875	18.596055	22.900071	22.695862	22.313246	18.285683	8.810159	20.133228	19.386172	11.595361	17.954951	10.893031	19.843855	22.674188	19.975504	12.056063	20.299713	21.146247	19.638338	19.238630	21.459028	22.666507	19.399417	22.708392	17.599251	20.025750	10.695322	15.792268	18.806804	19.563654	19.708741	21.911837	14.825717	22.888979	14.119713	19.293704	22.551285	22.625574	18.400518	22.217637	20.959957	22.458675
13.544320	13.922650	21.976598	21.533521	22.329291	22.550352	9.930483	12.532300	20.380167	20.860889	18.410149	21.954757	21.505692	17.103983	22.130362	18.431698	21.620770	16.381435	15.079740	21.140699	17.521639	22.480806	20.888293	20.870364	17.236193	20.802251	16.474527	19.015886	19.628489	17.465860	20.436269	22.269514	13.345723	18.738212	18.564689	22.333283	18.753010	17.433415	9.702782	21.720783	19.073971	13.325260	17.520738	19.461902	10.678318	20.755072	18.872977	21.998188	21.011229	15.812637	21.668727	15.712265	14.180416	20.491035	12.367933	22.870351	9.830021	22.285794	21.718639	14.840273	22.852101	21.426944	20.934968	14.199720	19.463635	21.681420	11.631539	17.978553	17.917384	15.349948	15.224180	11.633565	16.968230	15.936063	22.798760	22.876522	22.773421	14.013817	21.961274	22.762313	22.654620	22.729787	19.218948	22.287267	19.595225	16.255996	12.637160	11.088288	10.094095	18.078654	18.629410	6.393213	21.565247	19.865989	12.815412	15.400356	8.862767	22.719810	22.903830	17.731606	19.481520	22.064759	21.498326	20.412284	20.089994	19.632861	22.878274	7.816906	20.750532	16.362380	6.861284	21.728748	18.393360	21.390717	9.813092	19.964070	18.280342	22.134750	22.223721	19.234663	22.010210	19.865238	22.689334	21.724592	12.606148	22.300165	13.545997	20.583211	22.862377	18.680212	21.290388	8.686298	17.530580	16.595586	20.083342	21.820492	16.650708	22.276062	22.483873	20.369668	12.570000	20.648287	19.391123	21.369515	21.519678	17.123863	17.554269	21.443769	20.505807	18.018331	22.414720	14.322640	19.275039	16.843213	15.627365	18.983185	22.634668	22.639444	21.723469	12.846382	22.102964	14.316092	22.035518	20.643464	15.755526	10.788123	15.713147	22.398779	21.908417	18.961377	22.014504	21.924777	21.735330	20.206581	15.994768	17.193006	22.012016	20.697051	10.913245	15.298355	19.222904	21.979395	22.278439	19.169752	18.853264	6.310578	17.455165	20.661081	12.846449	21.620474	18.117277	12.997380	15.870002	7.214810	20.978063	14.161674	13.581072	15.963893	22.775804	17.562331	18.040564	15.730825
7.291158	22.894233	21.615314	14.231594	20.108726	17.176243	21.235765	22.804082	14.762940	22.349070	18.858600	20.757217	19.392307	5.689156	6.615764	18.764136	14.918534	21.823392	8.567287	21.738982	18.852798	19.976968	22.042096	22.214719	22.351416	19.643333	22.786521	19.234159	19.760826	18.176225	17.895387	11.640245	14.212503	19.126310	22.719300	21.791475	15.543133	8.942014	15.955030	17.407948	21.208984	21.647774	15.813644	20.437785	13.996308	17.219787	20.789295	8.219539	17.276757	15.514714	21.449162	17.462750	16.705851	21.719298	12.670362	22.035319	22.381844	14.280342	15.950323	20.519300	20.196452	11.445662	22.919820	22.618278	21.998449	12.985683	15.727585	15.409062	22.762096	22.907882	21.926518	20.663669	15.775374	21.454152	13.242127	16.418665	20.848689	13.115189	15.467901	12.180441	20.025149	19.778406	18.540205	12.554511	14.597714	21.375175	21.763439	21.539786	17.527799	22.274120	19.274219	22.533114	21.024842	20.177202	18.241221	11.054033	6.699308	21.947128	7.368596	13.584843	21.346033	14.722741	17.438256	22.581388	22.381275	18.858916	22.820928	13.004681	22.600885	21.133381	12.280020	13.701588	22.273414	19.014157	13.909601	20.369551	19.023096	20.113754	12.412113	22.700421	18.039296	21.513180	20.314086	22.063840	17.870225	12.233659	22.548300	20.791890	21.918853	22.154623	18.697350	15.258376	9.290937	9.468324	22.501045	20.004423	20.837000	17.592922	22.670668	18.458360	19.996165	17.906786	22.214647	19.494284	17.629229	18.786759	20.918484	18.200220	15.445173	14.710392	20.530450	17.096167	20.467236	22.148019	19.525498	14.534131	20.553125	19.688084	15.336842	20.510050	17.744553	22.917458	16.750637	21.291291	20.926013	14.341579	16.755997	21.367468	18.309949	16.419064	20.278826	15.971436	16.280429	20.300312	14.812856	20.477747	21.626817	17.292511	9.729322	22.115447	18.641566	22.085449	13.788911	18.208049	18.562754	17.156895	19.706098	22.566325	21.036591	15.447442	13.220975	13.020572	21.328829	16.158055	14.512336	18.037721	22.309228	6.549705	10.598548	21.995342	20.921875	12.951533
20.348009	20.560696	17.832174	21.039039	22.523707	10.969941	13.535607	21.773039	19.919423	22.880678	22.603811	11.985782	18.086351	14.939348	22.218922	22.401813	19.761794	15.273688	20.360248	18.206732	19.156186	21.714499	22.822189	13.813040	17.106355	20.554030	15.511597	21.260589	14.627307	17.311317	12.580805	12.215025	14.518491	16.326474	15.803754	20.028210	17.338799	21.070156	12.997953	15.549538	20.610352	19.209688	16.988938	14.767891	16.579073	19.776781	20.655111	21.747892	20.896176	10.274908	19.489676	12.921587	20.396749	17.967062	22.719517	21.346073	20.226301	21.950942	15.792438	18.949987	12.271934	17.362508	12.688415	19.697320	22.742247	22.889810	20.490787	13.333850	19.087175	18.712831	22.826349	19.324671	16.827195	21.490492	20.464671	22.380747	13.132659	20.468575	14.660497	13.062136	20.283329	22.272206	22.674370	11.647015	12.067008	21.583124	21.440497	13.173329	8.505983	18.118267	22.910956	22.550171	11.523495	22.276633	16.859612	19.768275	19.361718	20.920167	22.909705	15.018434	13.458509	21.471940	19.212453	19.828522	19.594616	19.504435	22.293849	17.463998	15.259691	18.107004	22.711536	13.258001	22.476679	21.771842	22.864052	13.848375	16.233175	11.447512	19.090983	21.468881	21.326699	22.333784	20.117754	22.476618	20.816236	18.777128	22.521380	18.849201	14.737636	10.336141	20.389514	15.679440	22.503920	15.422492	15.702437	22.872069	19.051498	22.504786	21.780721	7.213180	19.747650	20.233536	15.837687	17.955710	13.669131	13.804343	22.840529	18.925743	10.755434	19.386995	17.175247	21.921322	20.185731	22.229129	20.155939	17.011108	22.828358	22.676584	22.252262	21.488161	21.345642	18.728633	6.703026	14.494431	20.837708	22.325276	21.277798	18.853649	16.319921	21.935379	17.772976	11.788481	22.641288	19.820870	19.505943	15.280470	22.041546	17.922051	21.425930	19.955079	18.917527	21.727267	18.455158	20.447118	21.618617	21.094508	9.292389	20.330575	13.493517	22.504453	22.887056	19.904073	22.177523	12.485394	18.640815	17.872779	20.003631	21.330213	21.053830	21.594862	21.705664	21.225820
16.456525	22.394110	17.751215	21.187451	10.905384	20.145772	22.771817	10.785834	18.814611	22.723167	22.638185	22.452480	21.493664	21.698070	22.804265	22.106610	17.970740	22.069372	18.272531	22.681473	21.070467	18.138409	16.132267	21.154896	21.826675	20.922345	22.253925	11.767625	15.076079	22.042338	12.492774	19.985659	20.972706	21.616814	21.439190	14.544296	15.853262	13.867291	20.304748	22.109776	22.480857	19.684840	20.172931	6.720448	16.691644	22.721989	10.022344	17.132113	22.011359	22.706660	21.931900	11.780207	20.374030	17.928855	15.615905	20.383941	22.857049	21.412759	20.105408	21.193652	11.045154	22.135218	18.736535	12.862369	19.635259	22.017321	17.201362	15.712788	19.414068	18.636010	16.324123	21.936887	20.226620	22.091435	9.116689	10.158306	12.204518	14.330202	15.602566	20.269528	21.911535	16.901573	18.273191	22.815796	11.919812	12.208033	19.722643	19.972403	19.359368	22.800361	21.165916	11.201961	21.959437	19.974004	22.346189	19.193583	22.261874	17.561852	14.027309	9.592158	20.188657	15.289862	12.186549	18.642998	13.817093	22.617165	21.997691	17.754572	21.465951	15.318289	18.214792	20.756567	16.825050	19.899085	11.333555	16.494423	12.046174	12.937398	20.305552	19.730108	10.547735	22.726560	18.386824	19.377494	18.263626	15.335566	22.839922	22.827160	22.912216	12.668158	12.718086	19.382218	13.150928	22.734226	17.262565	9.234260	22.918614	17.636298	20.906815	17.634701	11.443137	22.071855	20.612822	19.093942	18.080881	20.651599	11.236627	20.591507	17.066210	20.035607	20.100294	22.869078	21.903789	13.412027	20.143017	14.478004	21.249505	15.260987	20.532146	18.613018	21.098795	12.065225	19.649522	18.924167	14.834306	15.712919	22.801411	12.742050	19.337895	17.313513	14.247830	22.213203	20.964551	11.996348	20.185332	11.251177	14.827727	22.343031	18.040095	17.810654	18.068604	22.756493	14.706992	17.834468	14.839557	21.285745	20.536577	22.168273	22.477794	7.862036	15.690089	14.854223	22.849197	19.334925	12.007902	10.011052	22.094454	22.295497	21.826604	20.082481	21.164992	20.169104
22.849868	13.556053	14.985316	22.264721	19.477767	21.241503	10.136180	15.215775	18.278380	14.009934	9.861107	15.563200	18.268364	20.300202	22.868931	20.573665	18.476723	19.237218	9.391624	18.996270	15.291904	14.319476	16.748155	22.802551	15.011970	19.897343	12.786971	22.861865	14.292637	16.995860	21.791387	9.157867	21.414172	18.562212	20.842430	21.444449	21.942937	14.371377	14.472982	21.977167	12.881103	11.154356	16.718477	14.415175	20.210099	11.327772	20.617618	19.134416	19.938187	21.013182	21.964852	7.054760	20.852785	13.091090	17.953438	22.070037	19.332247	22.311572	22.363217	19.564941	14.378176	15.863974	17.184068	20.935236	18.073877	14.077657	17.278883	22.758768	20.609420	18.166393	17.472381	20.368139	17.620568	22.698566	16.179060	17.701566	22.868552	14.034997	20.937901	16.689115	21.668420	14.635418	17.394739	22.549825	22.618291	17.403912	11.409231	22.773336	22.242650	14.023402	10.875690	15.237746	21.527620	21.210299	16.475168	18.826949	16.870907	9.467818	12.703660	22.387240	17.796704	13.699657	20.093622	21.789518	16.725505	20.766004	22.770883	17.141764	7.783740	21.808808	11.115425	17.959548	22.534662	19.418948	18.606307	15.198270	22.444727	22.538792	16.685622	21.554373	12.565853	22.418715	22.494454	13.630662	22.843218	6.052185	20.282260	8.934131	19.797660	21.217785	18.935473	10.232006	17.219933	13.251098	14.524476	9.100491	11.162634	20.458316	21.714846	19.819945	16.753234	19.893172	19.940302	16.942016	21.774937	16.390725	22.198162	16.706188	22.218210	22.769510	15.844164	21.015977	6.333043	15.396585	22.197352	14.988884	16.687445	11.149009	19.564861	22.414111	19.397346	22.903113	22.863967	20.901035	12.631813	16.376215	16.281838	18.884687	14.904552	16.216227	21.109023	10.456484	11.084925	14.694918	21.250622	22.760458	22.887832	16.661599	18.940966	9.345331	22.412640	19.433751	22.687841	15.300568	20.244175	19.872402	17.540067	22.407131	18.396424	18.809093	11.738818	16.924016	18.261460	14.586075	21.808237	20.594583	22.710208	12.417345	14.460711	5.788880	17.670803	18.012991
15.310039	22.588944	22.083868	18.037562	15.464194	20.552846	19.369521	18.007574	9.425660	22.551001	14.343404	22.596565	22.187332	20.814594	17.815346	22.873205	17.758834	19.972355	19.764039	21.401248	18.476576	19.094152	15.210386	18.740028	19.182633	22.186163	16.224750	18.285707	22.269226	22.337214	21.851296	13.787318	22.482768	22.792262	9.661040	16.568395	20.984487	14.382359	20.340600	15.690402	19.522887	20.217548	16.843124	19.797981	8.207113	19.419976	9.568885	15.295631	16.561900	20.529731	22.322685	21.982802	13.479681	19.598381	19.475305	21.959556	22.356502	10.386554	19.925390	22.031931	18.013589	22.436949	22.063714	20.925398	16.025795	22.831539	19.212403	16.177959	22.541267	22.020016	21.883151	20.423063	7.648728	21.811135	17.446889	12.319856	11.510206	22.774883	16.839617	22.384343	16.084318	22.646494	15.173338	21.266801	20.334395	20.773922	19.490400	21.166383	20.454853	19.974816	22.879386	22.705618	14.659451	22.473384	16.180542	16.917525	22.696015	13.961577	9.599365	20.465127	12.024774	19.639177	21.415035	20.825806	21.788395	22.283727	21.512211	21.674536	20.308939	22.619445	15.546081	13.671891	12.023163	18.650302	20.467903	13.493272	18.130015	18.465685	22.476576	17.082638	13.848747	8.353176	17.941647	21.004463	22.785834	22.196267	18.681672	18.985996	16.098839	20.864290	22.112107	19.931362	6.711327	13.317443	22.000306	19.202091	14.811743	16.851691	21.625425	18.898535	20.217100	15.136455	17.887936	14.383190	20.116057	22.322036	12.289303	12.712981	17.008994	17.298822	12.999521	20.522679	19.410956	22.367067	20.809609	22.139427	9.662397	16.289902	22.400209	19.157688	21.677147	17.848682	21.630561	8.417922	17.515032	13.179384	15.573976	16.144164	13.703379	18.552311	22.455227	14.605203	20.428674	19.078274	22.249594	19.925414	20.609943	20.487749	14.793402	22.032033	22.165744	16.349577	15.220746	21.429495	17.579523	18.440112	22.721938	19.893431	22.314599	20.541512	20.673412	15.449522	14.132994	17.106330	16.676179	22.305288	11.166021	22.308225	22.639035	21.641621	18.091078	16.985514
20.109594	21.230105	11.903298	20.775856	15.132451	20.960848	10.598753	20.386873	7.477480	22.475008	21.730952	16.676668	19.212970	17.014802	15.385865	7.775144	22.253437	18.154926	16.767825	20.943924	16.263669	22.276611	16.652069	21.383705	22.411830	13.419738	17.016817	13.632672	22.741821	16.105274	20.801736	18.045900	22.600952	22.224442	20.599382	22.625658	7.141355	13.961995	19.876509	18.644414	16.511958	21.203471	21.151712	18.273827	21.457846	21.728972	18.341874	12.494839	18.412658	20.990976	22.446559	17.557936	21.404970	17.971686	22.224304	18.431480	21.164847	19.878806	21.722727	18.705448	21.801553	20.719665	16.212775	21.918277	22.784370	17.144058	20.555127	17.722084	12.579784	18.002761	21.380701	22.895923	17.579936	20.766425	10.717044	16.937187	22.206914	9.932609	22.091729	17.571212	18.403463	19.423710	21.984825	15.883275	17.080360	12.324230	17.490169	18.249206	21.696467	20.969768	21.695165	13.350987	21.047394	20.527227	22.208275	21.116699	11.866980	16.399483	19.539457	20.803490	21.716249	15.512225	21.497546	22.891253	22.916382	17.643964	20.938656	9.822434	22.897611	19.388272	14.832053	11.400873	21.525366	18.663761	22.152996	12.473208	22.470441	21.754807	19.410811	20.094764	21.979954	19.233791	20.792084	22.140462	22.477777	22.297213	19.548452	21.931420	20.716217	19.928660	12.838429	22.917115	11.202707	9.307547	22.557109	12.089193	12.247778	16.296108	18.797829	19.823876	12.640355	21.141165	21.052303	17.921647	13.244107	22.736112	22.916114	19.503516	13.881017	22.913708	14.341117	22.805216	21.827885	20.904810	5.498236	22.405406	22.116420	13.973807	16.258248	22.727352	18.203489	17.835720	6.395660	19.093704	17.562571	21.021537	22.918394	21.645512	15.208500	10.915836	10.842152	21.217149	16.833802	20.589666	15.808953	19.754239	18.991350	21.447820	16.833108	18.425000	18.751486	15.570153	19.817678	12.631323	18.887634	16.117994	22.155157	21.775341	16.141823	19.931289	22.832825	13.471887	15.941307	20.641790	14.079190	22.259079	10.008406	20.434237	21.766920	18.650779	19.546490	22.419475
19.926522	20.371442	21.831971	21.863911	17.741634	14.324554	6.565352	21.316746	19.780595	19.722516	21.654444	9.614788	13.968771	17.358740	18.558450	22.499543	21.119232	19.270304	22.136006	21.443988	22.583975	18.122142	19.392827	15.770091	11.662333	17.878239	10.260252	19.555604	21.703075	20.480001	20.834627	14.137727	22.754736	18.312877	12.741942	19.264715	18.006697	13.814320	16.561186	19.614402	18.857562	20.635553	20.114748	16.694043	21.207530	22.203781	17.348286	14.697905	16.160851	17.161329	13.118731	20.361509	15.204067	20.302417	20.587634	12.766598	12.538496	9.398126	21.664123	21.483916	22.600963	17.663715	19.664672	21.832689	13.402919	18.894447	22.319855	5.719035	19.054251	15.319675	15.581231	15.549949	12.129730	15.125267	22.026896	22.340557	18.222569	22.055665	22.724796	21.357052	16.705327	22.671179	20.333456	13.263736	14.163506	21.134854	11.851521	20.822914	11.551898	15.020753	12.952940	14.498755	18.465491	22.270689	20.296897	19.450487	20.294470	17.693108	20.788603	22.919356	22.064147	8.751516	17.530598	13.720035	18.007540	20.066653	20.195794	10.436342	22.631478	5.076364	13.045734	19.474557	20.213299	21.381298	16.306931	22.507094	22.778800	14.420693	22.475997	10.373669	12.767717	22.743497	20.270696	21.297698	21.666074	21.288599	18.634227	17.952745	11.890041	21.987317	11.397530	11.962401	22.328247	19.364300	11.906086	22.015225	20.030374	17.187789	16.503026	20.380547	18.598602	12.856695	11.818422	20.369822	19.280510	22.510748	12.168600	16.687534	12.171448	20.477240	18.062405	17.271013	15.842673	22.089122	21.261342	19.948505	22.020774	20.318973	22.607531	16.016913	13.120529	12.298679	16.572848	20.920333	21.254380	18.106867	8.053141	19.168254	17.989612	19.123580	12.999929	20.249725	22.651821	20.735754	22.303084	22.904494	18.167948	13.236306	22.074881	18.724994	13.035475	12.597906	19.004504	17.900105	13.352174	18.748791	14.081170	16.011524	17.521653	8.008064	22.651533	9.808301	22.065821	16.745561	17.119117	20.768881	22.083478	15.489359	19.802393	22.833146	20.468156	19.628282
22.408677	20.083204	17.454138	22.850863	22.072322	21.840410	19.026615	18.552600	21.030834	20.040765	19.082741	17.916778	22.885938	15.595825	20.704104	15.535451	17.738872	22.569282	14.243753	15.000368	18.731901	18.141079	21.380106	18.030209	22.139254	22.499429	17.710370	20.942083	18.775797	20.894886	22.395678	22.645812	21.532342	19.217945	12.243078	16.548284	22.550295	14.581294	16.926690	22.193838	6.984902	20.655843	14.428448	15.929347	17.601329	18.724688	21.478229	16.981502	20.954193	17.785410	11.002752	14.092713	21.065685	19.078618	18.763530	19.232289	22.477310	21.568231	11.147037	20.001646	8.061210	21.241203	11.073491	18.253052	15.780149	16.703481	20.158800	22.263640	16.046726	16.775707	18.373813	22.364278	21.568242	6.702686	18.692519	22.891989	18.680024	15.374981	22.511578	13.787545	10.580404	17.253861	16.551821	21.861365	19.264845	18.386661	21.544098	10.110229	22.743838	17.589174	21.238386	19.694111	14.290690	22.879906	20.965050	18.203528	21.948004	7.486762	21.525443	22.359918	8.089458	17.029497	14.967815	22.139367	22.902158	22.918778	16.599551	12.439539	22.385491	16.029577	17.731022	20.909997	21.828774	7.431721	12.212674	21.583703	22.696658	15.376165	22.155169	22.102519	19.758301	21.629551	22.710439	21.712482	21.550062	11.600227	21.881129	21.821850	17.766009	22.895176	19.823792	22.741898	10.678043	19.968925	18.960482	21.759451	9.041201	21.935430	22.397337	13.132894	21.762453	22.131413	20.176979	22.653009	17.243876	19.215891	19.388834	17.514995	21.913762	21.914124	22.219267	22.455368	16.826108	20.732949	19.223281	19.266906	20.152491	21.121329	7.424558	15.877849	22.766455	18.021670	15.053542	19.669944	14.157167	22.580146	13.179474	20.646704	18.724985	10.243553	19.686508	16.049800	21.638607	9.954407	19.785522	17.545131	21.027125	15.821033	22.871588	15.391449	12.742737	19.886133	16.243668	21.350806	17.174660	15.960614	5.896789	21.695425	10.700175	22.261325	22.529260	17.168204	10.390283	19.258064	19.396923	18.901457	22.081660	12.301028	18.396545	17.032712	20.102066	18.924380
22.809850	18.814211	21.712470	11.184949	22.220790	18.311926	19.377800	21.792865	15.835930	20.699364	21.784478	18.094487	16.324489	22.348138	8.813957	17.824142	21.677772	22.388300	22.503027	21.948326	14.198940	17.693385	20.595120	21.406889	18.255553	11.044333	22.549181	12.994394	22.482448	20.459798	18.505999	11.078825	19.084015	17.657652	19.843083	15.884293	19.093552	22.732813	17.790766	18.860241	22.808161	11.037591	18.595665	14.295300	15.528331	22.834653	11.029589	22.788440	17.079985	16.161120	21.152768	18.729988	19.776755	17.205948	19.722592	20.157890	11.833314	22.160479	16.903102	22.538620	21.925141	15.173644	22.877630	19.350310	18.239855	12.363794	22.310267	4.735970	7.396229	22.754587	22.605580	18.200112	22.359214	13.309686	22.375027	16.873277	17.415692	20.739587	15.083452	18.851722	15.501414	21.741473	18.752982	22.615539	17.577284	22.662982	22.823227	19.138759	13.044194	22.839251	16.939236	19.933561	14.001055	19.506910	22.594590	13.376482	12.636655	21.805772	22.315022	16.175987	20.857795	19.807967	11.768293	16.762389	22.422341	15.372032	9.825041	22.244267	16.267665	14.405516	21.281775	16.371497	12.124623	22.088929	19.540807	22.611939	7.535508	18.771771	20.793821	14.651622	21.317094	15.085348	19.761998	19.950226	21.988224	19.529077	13.449189	13.507287	16.613480	19.122746	21.783203	11.897058	22.814648	16.042843	19.281278	16.792731	18.982908	16.735549	16.964964	18.126783	15.418648	22.548358	12.490605	15.331920	21.137033	18.508609	21.201857	21.303554	19.528961	18.941798	14.948275	16.653638	19.123371	12.851980	19.652667	22.052743	14.031223	21.856733	18.178007	10.284086	14.763815	21.602447	20.099734	22.175652	15.752350	20.160551	17.865099	19.640357	20.990532	22.158605	19.717044	6.546418	19.771325	22.106137	19.263210	17.023188	21.793198	19.241454	21.416763	19.891105	20.375424	22.525339	5.351557	21.270083	22.771448	17.487222	19.056692	22.490873	22.870396	19.400176	20.312584	15.792080	16.191054	16.600341	20.075511	20.804765	17.862313	19.491896	21.326863	22.373825	19.859237	14.488962
22.495964	22.585052	13.411250	22.687026	16.559290	22.175361	21.330460	15.459157	21.475087	13.634983	21.639534	22.723694	18.251707	9.974853	22.208000	22.707775	17.730618	15.974835	17.576679	15.864714	22.231953	7.299934	22.754139	18.906351	20.562132	18.471741	11.138295	12.649324	16.902362	16.662875	14.681922	11.177079	22.457958	19.505600	7.919980	17.482670	20.693386	16.263406	20.111569	15.361672	13.344024	22.190528	21.732201	18.375159	21.999172	19.207167	19.598864	20.577004	22.241102	17.042199	12.712994	21.704876	22.429329	18.952816	21.363956	22.481377	21.524986	15.151785	21.595324	21.624084	21.680826	16.537900	21.434827	14.653974	22.283152	15.361770	19.789577	18.516057	13.007523	19.842948	15.865070	22.187146	21.342631	22.012667	16.898709	21.063389	12.335136	19.835529	8.509509	20.834288	19.168658	22.847947	20.884784	17.757048	16.717601	10.066570	18.116575	22.835694	22.548577	22.827526	22.630685	21.885516	17.000268	7.508041	22.196760	18.984110	21.274147	19.164102	21.272383	21.313539	20.437722	21.549826	20.482466	22.820534	8.755903	22.504653	17.661726	22.354807	20.090235	22.178965	22.694617	18.802188	18.782169	20.078173	13.592447	8.402414	20.868510	15.833601	13.717296	15.949013	17.810430	16.240643	21.545561	22.805198	10.329146	15.067803	22.530956	22.865666	20.883433	21.900270	22.380646	19.281495	13.744935	21.207587	16.933650	18.308537	17.613649	19.583702	11.866216	19.315804	15.705900	18.682154	18.964509	22.538128	22.105649	17.048349	20.568155	13.428541	15.149882	22.732419	21.043678	18.930468	15.198527	11.381683	14.036825	22.168658	21.746053	17.261215	18.583970	9.970538	22.244392	18.304381	13.846864	9.867622	21.983203	20.548367	21.392341	21.357867	20.533677	22.480555	14.292694	20.257340	10.994945	15.752357	20.333332	6.570183	17.975215	17.563054	22.652233	18.707185	22.624825	22.705063	21.813869	15.384690	16.283331	10.812445	18.499033	14.933640	22.445061	21.097980	19.800778	19.476701	21.614177	22.886710	20.987728	12.177927	12.838083	17.550112	20.225799	19.309364	21.485888	22.457917
22.050170	11.223492	8.300337	9.926076	14.066873	21.682446	14.987825	21.762907	21.596334	10.320200	15.308138	14.304057	18.774918	16.863501	22.460635	9.779695	17.324000	16.944388	20.570807	19.738763	22.273041	22.794875	15.379607	20.180049	20.041613	14.635158	17.167922	17.261916	21.583861	21.953486	12.184514	22.327716	9.420959	20.986671	17.481843	17.629874	13.515234	21.326010	18.897251	20.941024	7.499990	17.625487	22.817389	21.538533	9.316463	18.264316	17.808203	11.127115	21.051557	21.880147	17.741053	15.895903	21.356343	15.957694	14.489108	21.627688	22.257609	19.223219	21.271393	18.985628	14.618758	20.094432	22.028324	15.073577	18.369080	22.841954	21.006161	22.840005	11.574746	21.046964	17.319280	20.399945	9.639908	20.717088	16.025596	18.666784	21.837092	16.597822	11.758156	22.172457	16.349587	18.502581	19.929865	16.560162	11.041128	21.848677	9.730285	20.653029	22.788913	20.655696	19.832029	17.520336	19.617970	16.871905	19.295239	21.829039	14.944639	16.225649	16.726829	16.863177	22.718957	20.535745	14.059549	18.469519	20.076331	20.411951	19.215672	13.723244	21.301839	18.141274	14.537553	17.345782	22.431061	17.506755	22.605353	22.083550	7.827418	12.753915	14.674131	15.209860	22.802291	20.300629	21.862320	21.905925	12.461272	14.968477	11.070579	14.692568	21.963348	10.095824	22.918085	9.534716	20.350365	15.297610	22.913271	20.422409	11.747969	20.260654	21.869144	21.766803	18.201064	14.515205	20.055817	22.318837	19.082984	22.730538	21.469352	16.080025	20.787211	22.906470	7.322984	17.108764	13.691286	15.222206	7.644355	17.955422	10.460205	6.466650	22.898483	14.053289	21.393630	13.968420	22.253977	19.756511	11.682892	22.733775	20.785783	18.447992	22.676894	21.509916	16.975443	19.118878	21.536259	22.915374	22.382436	19.737451	15.088797	17.593953	22.037997	13.036003	17.815411	18.382849	22.540993	22.768889	20.313688	21.269122	22.650021	21.210553	21.747858	10.421115	15.583648	15.097695	13.101600	15.508587	19.627815	22.704350	19.260908	21.406705	13.952797	21.388072	19.185408	20.933891
16.657483	18.673712	20.770594	20.209392	17.147458	15.661166	11.301640	11.806875	21.519376	22.335088	21.741331	22.658643	19.600811	22.853558	17.671510	13.867822	19.427875	9.929625	18.354208	21.409605	21.906765	19.266606	18.788097	17.646900	20.628082	16.857030	22.891981	21.870723	22.163794	11.885402	12.722199	15.738022	15.759357	22.456369	22.916272	18.231884	22.430883	22.290549	22.451187	20.409353	20.686276	22.462150	18.923871	9.514233	22.101540	20.495651	15.111005	22.248185	13.046916	20.098013	18.750785	22.550240	16.855736	16.247798	22.083514	22.857859	21.924697	13.033152	10.032652	18.267151	20.218048	17.198390	21.790321	17.943299	21.568001	21.871807	13.880336	20.125097	18.505452	11.947116	20.647881	14.350520	21.912023	18.303897	17.566739	22.132435	14.127255	19.047162	13.047754	21.939999	21.393716	14.306823	22.758944	20.422521	22.136097	13.106820	20.750078	22.862631	7.188313	21.862949	22.748942	11.260228	22.637314	22.006189	11.880132	11.410398	20.658017	21.757425	21.842917	20.200006	18.299118	19.244060	18.919471	18.840711	18.269242	22.484001	17.260874	12.346691	10.662220	21.848185	19.543350	18.376799	15.076873	20.945467	18.745962	10.942111	7.747482	22.682924	16.720264	22.624196	20.362050	22.485469	22.445251	12.710000	22.246065	22.138980	13.174227	11.840647	19.122915	20.653372	16.399763	17.608509	15.334076	22.219191	22.097841	18.212575	15.606235	18.602326	14.604429	21.931189	22.552790	12.601839	13.803003	17.446125	11.431710	20.665103	12.775797	19.082726	22.632113	11.137614	18.610802	12.165867	18.860083	20.250077	22.646523	19.168884	22.256839	11.183270	22.364119	20.463035	21.944705	20.542409	21.023191	21.658707	14.958819	22.450743	22.900084	22.457930	22.068731	15.811840	21.873021	22.757138	22.866463	19.716584	16.906069	15.066843	18.607172	20.584328	21.840804	20.376348	8.811149	22.164185	22.647050	22.034395	20.457058	18.321497	22.184651	10.666011	12.579701	22.450548	15.541675	18.827540	21.273882	22.235247	20.510796	14.255267	22.846977	18.472612	20.621973	21.838446	21.627523	18.853356
13.345889	22.102166	22.296355	20.659694	21.759363	22.632056	15.178271	21.995274	19.124392	22.048782	22.595108	19.177549	20.210363	22.488966	21.612195	16.285525	18.442040	17.243980	16.626962	9.201326	22.020314	17.684504	13.243428	17.655249	11.185745	21.305029	20.538096	21.158069	16.495109	16.166637	21.691336	21.363878	15.229299	16.437805	21.812084	22.116405	22.231409	17.023869	20.070289	20.760390	16.279149	7.484670	19.825056	15.331301	8.909020	16.852530	21.113285	17.085816	12.376992	21.113489	21.455649	16.396181	10.995163	6.710288	21.781868	21.943621	18.301264	17.429570	12.139085	14.272080	20.214311	20.697321	18.433470	22.245909	21.673752	17.528444	20.129905	21.292613	13.488719	21.790841	20.205516	17.052902	10.033843	8.420739	15.565681	19.423853	9.926191	22.593943	22.900620	20.556264	14.403040	16.513987	18.618851	22.086334	20.507470	12.864870	20.751325	12.161796	22.792455	19.904931	21.739279	21.269912	14.952720	14.468224	20.112014	16.416929	20.339931	22.484693	15.933712	21.220201	14.450778	12.341458	13.240206	13.047531	17.017671	18.485654	17.038948	22.520853	22.589870	22.792230	15.190704	22.778949	17.160833	22.630609	20.837426	22.698131	12.522645	20.347202	22.409230	22.323697	14.085457	22.472371	21.383560	19.015008	17.498252	21.345368	15.979403	16.789199	15.080138	22.819072	20.875061	17.890276	20.354132	22.823939	20.668181	17.197791	11.168202	18.410442	22.764165	13.706206	22.416827	21.048917	15.631909	16.831193	22.810676	19.277999	21.587796	8.382630	5.637985	10.867154	21.008935	22.595164	18.701097	16.978742	22.390210	15.218162	21.701736	13.846763	9.625609	16.448051	22.856149	18.545634	22.784438	16.651533	22.682220	21.414813	22.795985	13.767780	21.930980	21.888427	21.105909	19.882084	21.157077	13.578675	18.049718	18.368900	17.353486	22.811389	20.226343	21.017141	20.136769	20.819843	22.494092	19.390985	18.563412	16.429195	19.049329	15.068213	13.396427	17.330492	14.230604	21.642546	9.902655	22.882622	21.363592	20.050521	15.394456	15.950558	20.773072	17.263865	19.767668	22.004850
13.269431	21.414247	18.361261	22.309006	19.570657	20.969534	22.323410	12.022652	20.706751	20.730670	13.363198	21.192186	22.791718	22.691294	14.748593	22.642879	11.361580	22.111975	22.387982	19.034669	22.198307	12.812633	16.891464	20.158156	16.968119	21.124262	10.044555	20.690014	20.765297	22.799029	22.830159	18.777218	19.817097	16.598276	20.608043	17.669847	22.737056	19.496047	18.441353	22.660734	21.326165	19.548597	19.558090	20.820236	19.007412	19.907056	21.634490	21.331554	20.263957	10.781756	22.112124	16.603762	21.092873	19.461235	21.443493	22.770446	20.988106	12.754248	14.615303	22.205668	9.951799	17.756366	19.424108	22.205365	22.821278	21.516522	13.817324	21.207416	15.199712	22.457367	10.213516	22.918710	16.540556	14.199914	17.607843	18.363021	18.919132	20.558522	11.726209	11.118707	16.221740	14.698671	19.401267	22.753439	12.654172	22.254898	22.193515	20.839225	17.453487	22.648446	18.436002	11.213537	15.609415	20.881265	16.610773	18.677463	19.915538	18.030143	22.790798	19.271334	19.830599	4.854600	20.774894	20.514948	22.887703	19.463877	13.086199	21.941299	16.603834	15.873381	14.248141	19.783150	20.970570	16.154439	17.672165	16.185801	21.885976	19.549673	20.620929	22.836878	12.292107	20.720814	15.054907	10.521486	15.987262	16.442229	11.136758	19.218243	15.068193	16.086426	19.648937	21.054936	14.630376	17.342522	22.416166	21.634259	22.351435	17.197523	22.277446	22.671936	20.623241	18.840172	11.831962	20.003992	21.604765	17.058651	22.856494	15.698724	16.274505	15.827527	11.018108	22.382217	17.313013	19.886825	22.595090	13.949949	12.874950	10.758038	19.825290	12.976755	16.550736	20.692969	22.916555	22.190898	19.397111	19.265984	13.167492	17.585738	10.814228	20.759253	17.855537	9.274494	16.452258	16.960971	16.564059	22.793434	22.689627	22.100203	7.652716	12.720455	16.860678	14.794946	11.820893	15.797905	18.804672	17.230308	21.876348	22.281764	16.860330	18.699178	19.356152	17.817672	22.525197	21.897059	12.893340	6.638398	21.879355	18.742827	22.042580	21.389636	14.920913	17.276174
13.458004	5.671077	22.442231	21.512462	13.966116	10.964441	19.242679	22.659003	22.331935	21.136204	19.690948	22.596854	21.978792	21.086627	18.618048	14.538968	19.215418	21.111951	17.884935	13.987583	11.503238	22.013318	19.087293	19.223628	16.271034	7.533213	17.135430	7.910924	22.383962	7.518048	20.660280	22.183669	22.530192	21.329159	22.610249	17.348998	22.248810	16.262939	22.670131	18.572085	17.138309	22.494746	16.632160	22.830326	20.307866	19.574075	19.769889	10.835703	21.391688	18.616839	12.850179	11.972466	21.237977	19.641627	22.328834	10.624550	20.572969	22.072919	17.451816	21.221232	18.139964	13.955490	16.609475	21.514728	20.345513	19.151953	19.220607	16.616513	12.395502	19.399241	17.667728	15.841788	22.369347	22.826963	17.308604	22.229916	20.159545	22.877209	21.813483	21.670570	19.068379	21.914690	20.988311	20.568586	20.697998	16.741441	22.609215	12.024234	19.612219	18.328444	12.253112	22.193556	22.134748	13.586967	20.729490	19.454487	14.113664	22.035255	21.878559	21.900959	22.507530	22.499721	22.598524	17.138814	16.344339	13.158451	21.983825	19.022525	16.523059	22.881189	20.494301	22.820240	20.531260	11.102695	10.256916	5.948668	22.333687	18.740332	19.989472	11.231607	15.040585	22.623522	21.350504	22.916289	21.212780	12.904625	14.811417	17.326887	15.864152	18.379374	12.234739	21.769317	19.166265	22.328470	20.050237	17.036377	22.869868	17.641211	15.472634	22.468422	18.037441	19.697640	22.116763	21.248889	16.539082	16.482738	11.125737	19.920830	19.548969	20.513871	21.611064	12.237266	20.452478	16.794163	19.757386	10.564946	6.300433	19.936269	21.018149	21.069974	17.537876	16.709468	22.905144	18.600115	20.071929	15.691763	10.648047	20.544407	22.916045	20.828877	17.243414	13.045138	11.223472	21.133495	19.269130	22.740857	19.414704	20.357863	22.801427	20.546016	18.982663	17.662030	17.260819	18.764685	19.084034	16.939932	21.681903	16.372376	19.554133	21.920422	14.467191	21.541779	16.015860	22.626063	19.960555	21.974272	22.649486	14.986770	22.758070	22.835751	22.659660	18.086887
22.572390	11.021098	11.116360	10.522607	22.478267	20.408863	18.162003	15.298560	17.794534	14.217755	21.080195	10.059559	19.616431	17.290488	20.323172	22.134415	15.528275	17.984789	11.827713	18.243146	22.488502	17.926171	12.686521	22.871632	12.556871	21.271861	21.042503	18.044840	22.289798	15.268818	18.008268	22.887508	18.973752	8.010660	20.390785	21.018154	9.241464	20.591854	21.317319	22.834865	16.145495	20.771262	12.723668	11.332491	18.692723	16.525589	15.212192	21.800119	20.928629	21.827772	14.094597	10.242986	22.830511	20.787630	22.482839	13.946775	10.939749	16.060169	20.165713	20.315604	16.725141	16.871271	20.599328	10.968775	13.475060	12.980117	22.465670	11.553567	22.809982	18.458456	16.849352	16.575331	22.862216	20.458664	21.180975	16.397862	22.855055	20.272938	7.350138	20.307495	20.462296	21.802393	20.764839	22.716861	21.989060	20.244353	22.811114	22.525495	22.869833	22.835447	14.052242	21.404761	15.210880	16.356730	18.360243	16.109815	19.866476	16.728672	22.577865	18.608139	19.812243	21.833670	19.460526	20.827168	13.464895	19.442444	18.404604	20.542845	14.809366	17.268364	19.396390	20.918245	6.488913	18.581898	22.753696	21.467444	19.939155	20.625279	19.371762	22.325995	18.638265	20.066584	17.723403	10.246386	19.461714	18.646724	18.685849	19.260649	17.077912	16.655960	22.490391	19.483375	20.567612	18.597682	20.430215	16.971747	21.484696	19.112125	15.273757	18.531216	18.262541	22.545744	15.264176	12.164537	18.870512	16.814050	20.071961	14.950568	22.786871	21.921211	18.085308	22.322415	18.248062	19.336175	17.871263	22.860881	10.713938	12.625161	20.610023	22.515812	22.890151	8.996591	15.774845	16.692987	15.087626	21.627115	21.007684	22.834063	19.026886	8.410212	17.311919	22.085446	19.159209	22.015837	17.563880	17.542770	16.391635	22.831009	20.469410	21.608499	20.537690	22.747652	11.097621	21.976072	19.430246	16.383094	8.342986	22.366271	22.378354	10.649353	22.675721	22.873841	16.806452	20.699795	17.751992	20.798620	16.937368	18.777959	18.959610	11.057100	11.902605	21.999892
19.747906	19.682577	20.402845	16.579717	20.645461	21.781865	9.535150	10.673799	17.932703	22.904624	21.665863	20.565203	20.541323	17.698250	22.032340	21.222943	21.574055	16.198999	20.599359	18.866851	16.832740	22.365671	22.808243	20.974568	17.641849	21.964386	6.894226	9.643885	16.480500	12.123954	19.601864	18.977091	22.687038	22.766225	16.446060	14.724176	17.357656	21.340229	16.656945	6.728389	22.380876	14.221868	22.341102	18.085838	19.197997	15.661725	22.791455	16.875862	21.454894	18.468531	17.734746	15.366862	13.288105	14.104983	21.856264	12.775675	16.165597	21.830104	11.350924	18.554422	20.379519	16.523039	15.315250	15.619371	22.019006	22.761705	20.699237	18.183474	21.437747	17.984943	18.471450	17.451645	15.507744	11.285896	19.373528	22.849428	14.164543	12.107565	20.820437	17.449887	16.685233	18.318880	21.031351	22.913403	21.715150	11.661530	15.763914	22.830407	21.214148	17.813297	20.347214	13.955705	22.885363	14.604491	11.941869	20.680209	9.017104	21.775093	5.718575	16.222149	21.390924	21.816197	14.403218	22.044239	15.927468	20.587289	16.710661	21.173344	13.521278	17.767646	9.231009	14.337076	19.480341	16.149199	20.892631	22.793624	22.883201	20.081164	16.771901	19.341458	22.312141	10.912844	13.210189	22.887339	7.363696	22.667867	20.079908	11.943875	14.738406	21.805287	13.897063	21.866103	22.826112	9.965027	12.167349	5.951208	16.345902	21.800720	14.011089	8.306160	15.367891	22.628575	19.610579	22.172595	22.766718	22.085042	20.813759	13.250679	11.279665	16.584722	17.666958	15.009876	15.457510	21.480950	20.711560	20.663635	19.087088	10.006250	20.983512	8.468669	16.378773	21.155002	21.747121	19.328583	15.493850	20.982553	20.207058	22.464101	17.543845	9.522032	18.822719	22.865483	22.659690	13.896281	16.778839	17.990237	19.653412	12.120977	21.441716	21.999768	19.185118	20.083814	10.065439	9.282676	16.902842	17.374940	12.890483	12.621633	22.107974	19.662469	22.095177	14.917501	18.103360	11.668258	17.467660	20.740168	15.712226	22.523198	21.507357	18.769365	13.663987	20.860117
22.525501	20.113110	22.716729	20.397727	11.811371	14.711123	17.692346	15.803683	21.191654	20.353332	12.565578	22.773928	21.914035	16.705097	21.001182	17.766551	20.240938	18.872624	22.360792	15.990446	16.279732	15.202785	17.829439	16.453924	15.944302	21.742638	21.011905	21.156491	21.251529	17.864592	20.428559	13.120987	20.714075	11.284824	21.110671	22.686956	12.760686	12.679009	16.979178	19.985503	18.454619	21.460075	20.996804	10.058500	22.399710	19.099302	21.010335	22.743019	22.685359	21.866227	22.371720	18.661900	13.990769	20.637690	22.465252	20.572088	21.193088	18.966860	21.613528	21.682668	22.501597	22.731336	21.546431	19.775046	17.329102	15.132298	20.880675	22.903734	18.418019	14.260913	17.661668	21.784347	22.739269	20.253406	19.595542	21.931070	7.190955	21.937722	18.060321	22.305484	18.127266	16.447493	8.375750	22.533419	17.954318	16.147372	20.753427	18.181091	21.031866	11.464847	19.640690	15.875170	13.988185	13.987577	21.310018	10.823311	9.725177	13.290784	18.090832	15.517066	16.214511	21.045378	21.364337	19.404186	21.731606	13.302800	10.783241	7.764045	20.583221	18.561357	13.393415	19.339786	17.061524	21.392652	18.489645	18.553248	14.218271	20.144034	22.144881	15.565982	17.576582	22.502063	8.911652	13.817434	21.102677	20.706476	17.193503	20.083817	17.502297	21.452257	20.647042	20.850023	18.308284	18.934403	20.575593	18.960039	18.409788	22.109035	22.852820	21.215315	22.908172	16.379682	13.688705	20.430517	18.699609	12.055813	6.447336	16.918705	20.428834	22.237907	18.497805	21.227362	19.602921	11.214561	18.710233	11.018903	22.570796	16.901767	20.086090	19.005664	22.186920	20.083159	22.208643	11.214310	18.258990	13.857103	17.499885	16.020668	21.256650	21.534789	15.113941	21.074792	17.318011	14.129176	19.207566	18.808874	22.704101	11.552259	21.099964	16.028275	21.576089	22.894409	12.934669	19.842010	15.479929	21.846817	19.657337	14.097013	22.833884	19.476840	13.397216	22.898660	16.986417	20.673172	22.297212	21.048879	14.213417	22.337673	20.266352	14.025860	6.905261	14.063260
17.344492	15.124634	16.861491	13.336912	18.024880	21.958752	16.701605	9.538673	18.220925	22.205214	17.843709	18.682866	21.650963	17.400070	16.714808	17.577669	14.374801	7.460509	22.335934	18.664539	10.762530	20.145965	21.523134	20.753440	17.610772	22.792972	13.957654	13.343132	18.850413	19.297383	10.677395	22.701266	6.397030	16.127791	22.802239	10.512340	19.802924	18.948913	21.785480	16.860702	22.249268	22.895548	22.168709	18.559336	22.789351	9.538854	18.433418	19.755606	12.721559	16.952446	20.023151	21.459343	22.647328	15.866284	22.909931	20.544143	11.723195	19.263406	19.856557	20.465423	13.238299	20.637422	12.584409	7.979311	10.917443	20.436965	15.363034	22.640711	11.089112	12.370219	22.842834	16.596813	18.005034	20.956874	21.032958	17.027827	22.313416	20.654023	22.042594	17.542351	19.070128	21.566440	8.058330	17.035650	10.399729	21.301003	21.509693	22.405398	19.940275	14.926657	22.339737	21.292885	19.970329	22.819635	20.712476	19.154277	17.306732	14.195724	21.755134	19.255681	22.639512	20.305776	21.349066	17.577951	22.340794	20.719709	20.597431	22.582655	14.192533	20.439254	22.367229	10.005154	22.644558	22.614870	15.339209	22.830100	19.079869	16.024605	6.562216	16.642197	20.960940	15.671386	18.504811	19.481442	9.036589	13.861245	21.662118	20.034259	21.006624	17.029722	21.389298	13.940929	20.697092	13.226476	20.062492	22.767416	15.050136	21.976138	18.472845	13.823839	22.690483	22.867919	22.021638	17.718972	6.633413	14.518009	9.114455	19.134454	22.455129	21.919290	22.901380	19.136938	16.798111	14.259330	16.860454	22.764284	19.726686	20.119899	17.506863	6.061035	15.869653	12.841782	15.072578	21.367275	19.725360	11.515840	22.615113	20.719192	11.692949	15.866242	12.766084	21.103481	14.621634	18.254895	19.762373	12.761222	18.905516	20.098686	20.383469	20.166866	22.445533	19.391215	15.327072	22.673327	17.210097	22.500367	17.641198	19.935800	17.428914	14.444944	7.313922	22.896138	20.433750	20.989689	21.339706	16.532687	22.910394	21.863663	13.929513	21.647877	20.382937	21.896147
7.238149	19.690842	17.698723	15.489748	21.892725	8.255484	15.541666	16.402908	18.422760	16.030550	17.429796	19.649256	22.845109	21.444278	18.505351	18.883052	21.718754	22.532430	20.280572	21.571686	11.902024	18.644418	18.163860	18.379890	20.550426	19.197522	20.251555	20.254978	15.508761	13.972464	21.483750	22.124179	19.284938	18.185952	22.880783	16.176281	22.431698	22.848177	22.919260	15.408077	11.130836	11.742753	15.115587	18.592282	20.533873	21.179823	10.872128	19.959489	20.831179	20.593037	16.592531	21.523896	18.326368	22.114924	19.657793	19.717733	20.354817	14.099516	17.840147	22.011369	19.289154	18.755078	21.833553	17.618223	15.552864	21.667663	7.269685	20.938599	16.012178	22.191762	19.082915	22.351712	14.662602	9.216940	14.768474	10.778589	22.688323	19.519803	17.411636	21.035633	9.272621	16.367764	17.671233	9.398383	12.786658	21.111099	17.458149	13.303637	21.504820	21.287998	21.669749	22.563956	20.129712	19.735026	20.720353	20.631551	19.084474	22.634528	7.721930	19.409350	19.180432	10.827157	21.229230	22.736939	20.712582	18.248424	10.991300	22.848916	22.862164	17.894198	17.135895	14.496267	13.488019	18.825434	21.991272	17.929040	17.528287	22.765057	15.675503	19.929695	18.046508	19.116454	12.802592	20.580635	19.006410	10.946705	22.646758	13.842385	18.407327	19.948399	15.994880	18.862273	17.549617	18.033756	18.478329	22.170192	22.429847	16.464337	20.735018	19.993723	17.079459	16.875882	22.850579	12.194493	20.828081	13.490005	22.612693	21.891201	17.910552	21.783434	21.681111	20.245842	21.146278	22.203732	20.828355	20.084980	21.165257	19.348981	19.423622	15.968153	16.572813	9.489631	16.167779	22.815443	11.814298	8.789292	20.934014	18.108951	21.270103	22.479093	17.871662	20.279492	15.168253	18.375525	20.811541	18.846342	22.796953	15.808679	16.119412	22.751839	19.958949	21.376301	18.917896	20.754705	17.369833	21.338756	22.908125	18.413223	22.919413	19.168962	21.687281	10.050779	14.723376	19.539625	19.211327	12.215868	22.190713	13.701939	13.214844	20.833686	22.273007	15.637368
6.194354	8.732079	17.108941	21.817149	18.473350	21.707817	16.127804	21.853330	18.849150	15.737522	15.290929	13.328638	9.052519	22.464547	22.571402	13.713466	19.823037	18.390396	9.461629	20.723545	19.449663	20.659934	9.292393	20.069990	17.292152	16.273303	21.874068	21.866567	18.656660	20.510671	19.492203	22.400991	11.739850	22.812196	21.786756	17.265743	20.490576	20.310301	17.465009	22.214115	7.547230	7.018964	20.855666	21.646902	15.430959	17.044565	15.111448	20.491732	15.908988	19.090127	11.973222	7.391614	20.819379	19.695913	22.600988	10.113980	14.241844	22.751900	8.898960	19.846698	21.905230	11.930471	19.486912	8.497551	20.987743	19.302845	21.518006	20.736277	21.370044	7.914817	19.281878	20.622731	14.236086	22.892122	22.756312	21.618496	22.774178	22.292831	21.356600	21.573603	6.739115	19.688956	21.782908	22.150990	21.135551	16.628501	21.731665	22.287995	21.171152	22.909831	22.459300	17.710544	18.054856	21.223440	14.911953	22.325984	11.063194	20.235381	8.216488	14.158425	20.948173	19.439714	22.279641	22.610959	21.885445	19.203191	15.901389	19.521921	19.240573	21.660210	18.552452	21.031320	11.182059	19.768971	22.247745	15.454712	17.521075	20.040027	20.451296	16.694808	22.699572	10.266531	14.556933	21.612541	19.099179	21.940800	22.414388	14.254716	15.070212	20.132137	16.006553	22.246002	21.365866	21.174087	17.985093	21.173364	13.323405	11.160752	14.179636	20.869453	20.125629	22.407113	22.452559	22.853429	22.316609	9.179689	22.872345	21.949055	21.640347	21.629776	17.754595	19.169185	21.421774	21.344782	20.713487	16.566366	22.115958	19.098017	21.807112	22.416934	22.022079	22.322172	16.938778	13.512081	19.505382	21.414441	22.694463	20.792370	20.311057	18.390563	12.485663	18.278115	22.426400	8.324747	15.854348	20.284922	19.614832	12.663921	22.691708	21.325997	20.131469	12.849890	16.723898	21.564261	20.633951	21.919172	17.278756	11.608812	20.365109	22.153290	21.275411	15.183954	20.453657	16.580921	17.119125	22.839726	14.265931	22.820153	16.862276	21.238392	21.276310	15.741940
14.492937	8.705485	22.565007	20.254803	14.666009	20.968577	18.705822	18.320314	13.628844	19.656630	22.822506	14.656041	19.012133	20.465317	15.760641	10.767190	19.185109	18.848228	22.813550	18.878426	21.307370	22.863588	19.124269	13.239615	8.057024	19.112133	22.586586	13.217936	22.586702	17.502889	22.081719	20.800959	17.233663	19.153202	22.316115	14.924927	14.949929	22.527370	12.068691	9.800494	20.522937	15.669568	8.989620	22.656856	18.903354	18.883071	22.622555	7.126392	12.999830	19.578022	5.631749	22.864033	19.129768	20.583928	11.528127	19.712020	22.238581	7.649463	13.732982	20.771028	11.318468	22.531340	19.076040	20.823253	22.686330	22.768271	10.613373	11.859343	17.854711	17.816269	20.925673	21.014155	16.115795	18.556996	20.987762	15.157907	16.864412	21.656884	12.532354	21.695125	19.455755	20.265946	18.717254	18.883001	17.029226	8.546237	22.668100	22.891154	15.533971	22.347883	6.600857	21.775038	13.879014	20.352015	21.975079	12.934633	21.480575	18.581319	19.981171	22.826073	21.282894	22.645754	20.213976	21.523958	22.507219	13.368981	15.444484	7.078771	22.656251	21.848341	20.068080	20.254220	22.244799	22.803739	19.634059	18.094078	21.869651	21.415231	21.424359	10.864566	19.455758	20.841606	19.970766	16.710894	19.980371	20.999679	18.445102	21.954374	21.935875	22.015330	22.015767	21.552133	17.850904	21.265372	7.137679	22.240580	21.965740	21.178200	9.892674	20.594346	19.706645	12.479542	20.884103	19.732597	19.828025	20.172256	19.763462	22.833050	17.340282	22.903725	19.174867	22.859943	18.505319	19.761326	22.841243	18.602039	20.502845	14.278406	8.023790	17.457012	17.984087	22.278437	12.280378	10.073871	14.249928	20.045553	22.040921	20.156183	15.201977	22.703947	13.784871	8.749045	18.162089	16.710096	20.282027	14.435418	22.379480	20.006702	22.498157	17.516878	22.170309	20.456978	21.588187	19.685707	17.683269	18.396525	21.225480	22.785342	20.817989	22.834633	17.429831	17.449125	20.560957	19.962943	20.734305	16.152038	15.433579	15.921257	6.449486	22.756350	20.571543	22.664430
22.718770	17.064872	13.245773	18.648080	12.217432	20.985936	15.572165	18.851057	16.186430	22.521880	20.631100	13.681734	19.474470	21.176407	20.718014	17.513941	19.525825	17.462768	14.475526	10.836950	20.166660	22.394796	17.497381	20.839201	21.653424	22.094159	16.793692	21.670599	21.768239	11.604955	14.653889	9.065411	22.005418	6.987307	21.899066	21.238682	21.367348	21.806224	22.655138	22.486256	11.528410	17.544789	21.066531	12.726784	15.704753	21.554442	12.928048	22.458464	19.435066	16.083936	10.953024	22.561335	10.066130	14.276718	22.779775	17.370018	19.437488	19.009088	18.261552	10.642293	13.294088	22.034297	21.498092	19.839648	22.725165	11.072659	22.550883	22.895404	21.453690	20.934530	21.684950	14.611667	22.137620	14.233532	18.644983	19.215595	14.647918	18.527032	13.900710	20.293951	15.177130	21.760864	22.786380	15.027983	16.056445	22.836723	19.518868	19.446185	21.945272	18.614674	19.083719	19.612497	22.591693	12.160407	11.684716	22.638463	19.784059	14.520541	22.652025	22.632785	17.075674	19.597173	19.806692	17.483149	10.379562	21.321992	17.882367	19.727893	22.794092	22.102924	19.444926	12.399680	13.950261	17.225756	19.400918	22.389156	22.514058	22.900391	17.157011	18.815379	20.192330	14.714233	21.142891	18.963344	16.844670	22.306113	20.978758	14.996597	21.585786	7.474422	21.906749	14.005234	7.096045	21.700756	21.490107	20.209121	22.277909	18.656707	12.376383	21.357368	16.799908	22.535379	21.892411	6.068244	21.854447	22.104628	18.374492	12.480281	21.414741	22.779806	20.134721	21.406779	21.438722	18.304059	22.133987	21.395952	11.965013	19.660733	22.220802	21.173057	18.572897	12.413915	20.326955	12.685169	18.945669	18.946136	22.700936	13.800476	20.203903	21.241879	22.847116	19.174707	14.138823	14.439077	18.014925	19.375536	22.763065	21.033409	17.292814	18.292569	21.547153	19.824128	17.584967	19.602331	16.564597	22.840419	22.636051	17.759552	22.403173	12.619193	21.464568	22.213053	16.754078	15.957348	12.094226	18.357107	22.904422	15.014737	13.458535	20.794289	21.371757	11.627261
18.377725	13.789592	18.072044	17.755214	20.133967	21.239086	22.744985	15.773000	22.641160	21.635292	22.587604	12.754217	21.698949	20.967468	22.364841	19.118461	19.544385	15.825154	22.362736	20.883406	22.231377	19.922005	21.724805	13.949446	15.084290	11.132989	12.010700	14.310557	20.603180	22.263088	22.013187	22.312940	13.294760	22.685920	21.998571	17.932357	18.727433	22.693643	13.124661	15.935747	19.652913	13.261220	20.849766	22.443581	15.050266	21.295487	21.267770	21.744073	21.941220	10.877639	17.967227	17.448604	20.994090	13.855885	21.895088	22.554217	20.773249	19.210809	22.360828	20.538786	11.582172	21.832674	20.664263	22.846047	19.293502	22.272427	16.465729	21.813169	20.340678	22.374175	20.881544	22.843447	22.420989	8.497016	22.918578	16.088558	13.095470	9.448701	19.319842	19.798947	13.395909	14.845200	20.621404	19.416966	21.783521	16.390174	22.186305	22.015456	21.536740	21.642975	21.014531	16.889549	17.359690	20.757135	14.266788	19.534497	14.190124	10.890677	17.178793	20.731349	22.731115	11.333962	13.366912	17.913573	20.552089	21.403153	14.763701	20.664806	21.839942	16.553786	22.761813	17.535278	17.465199	18.504582	20.993376	19.917750	20.016686	21.152033	22.294127	19.337671	18.105627	8.692483	22.581341	22.442600	21.866263	11.150687	7.916733	16.232509	17.673696	18.833037	12.690153	22.840561	22.535635	20.110316	19.504550	16.636439	22.253891	20.236339	22.649094	13.673815	14.458742	10.864188	22.515481	22.752204	11.610642	21.519608	19.443839	15.472392	22.322611	11.793371	20.393411	20.532650	12.049884	10.802603	22.224016	17.210822	14.822224	16.048837	17.878521	22.264494	22.625713	20.442973	9.182091	18.837007	18.793243	20.382452	18.632314	20.499458	10.802311	18.658235	14.392741	17.811629	21.483987	21.186328	22.844599	21.163605	17.635143	8.950739	16.762068	22.164028	10.577439	21.738843	9.187996	14.830671	13.178721	13.730357	9.883396	17.511746	19.508455	20.627890	12.866736	18.234491	19.470362	19.150956	22.709985	16.804598	18.171679	17.119004	22.795417	22.735554	22.299926	18.208555
21.496943	21.394754	22.807301	18.722170	21.601421	20.912928	22.331093	21.964910	21.159099	19.675204	20.900689	22.098058	20.655109	22.111321	10.902265	19.533211	14.834718	15.350843	20.484147	10.669876	20.816546	21.911613	20.937868	8.742061	18.999778	17.384008	14.633809	20.334416	9.606960	9.339929	15.486271	19.593343	21.701742	18.720683	22.058872	18.357909	20.844429	18.068518	20.848788	16.107419	11.271160	20.421649	19.178606	20.659057	21.370091	18.414055	21.414664	15.923578	17.375301	21.295008	17.681137	12.125478	15.536578	21.666467	22.834081	19.455926	20.166213	18.108410	22.339620	19.313261	22.219892	22.391322	16.643070	19.838557	20.230399	20.510579	18.405757	20.346677	20.325734	19.536386	12.545353	21.478528	22.301499	12.099217	20.588444	11.354548	20.690783	11.558134	19.315321	21.062243	20.993485	7.801384	20.738949	22.629162	21.690462	20.822980	21.767157	22.055146	16.169757	20.776806	20.353403	16.288627	12.617324	17.071916	17.615565	21.545469	8.932150	18.684222	22.692079	22.674630	21.726170	11.326392	13.455837	14.889967	22.886185	17.583691	21.101162	21.493542	15.659861	11.956559	19.087070	19.477030	18.274747	15.611998	22.480541	22.799436	20.971411	15.156399	20.219076	17.156247	21.687297	21.536838	21.160004	18.117023	15.183770	22.667393	20.849091	22.438284	16.429449	12.137340	7.380609	16.871490	16.981103	9.311995	19.653724	10.673885	17.249299	21.350118	19.971589	14.306295	21.129449	18.468663	7.082479	21.462043	21.910859	20.840090	21.894868	20.419112	19.396622	18.869552	18.680127	20.442434	18.822754	20.663708	20.658188	17.344716	16.950875	18.732180	10.067255	17.775151	11.453444	21.810430	21.336117	14.954401	14.078005	19.625473	16.604060	21.755312	20.322248	20.299073	11.278567	15.779591	15.997474	20.169276	17.620014	22.160464	12.083939	18.539614	22.223884	22.795428	14.173568	19.274700	18.990185	21.493745	22.801278	21.837515	7.776513	15.325340	12.619037	22.621886	20.901532	10.267403	22.125176	22.319342	16.403468	12.810278	19.503544	19.967331	20.144258	19.619027	11.537382	21.109217
18.198481	12.561565	22.312491	20.504415	18.547947	22.079532	20.698010	20.301250	14.216997	22.477012	22.477471	18.789781	18.817698	11.811171	19.478274	22.880118	19.373397	21.563356	22.853952	20.489266	15.403922	21.204864	20.797754	19.685848	12.964610	19.455696	22.276719	22.806004	22.593598	20.286398	19.877345	22.678496	21.313341	14.269278	11.344489	20.054718	22.669799	21.030478	17.707698	22.435587	19.151141	20.842562	22.435989	21.805372	22.188483	21.509634	13.511470	11.351288	17.334749	17.870966	22.767596	18.647286	22.407703	22.273043	16.453424	17.569170	14.530401	20.757600	10.105721	12.635736	20.362204	22.600621	22.656017	20.473882	15.427510	21.429077	21.573060	22.526812	20.664587	10.763726	17.150850	22.630084	22.842035	21.094071	12.674010	22.118631	22.129949	14.134145	10.514149	18.414894	19.460763	13.081433	20.617493	15.108610	16.193615	18.693408	9.011560	19.412168	21.631615	16.783358	22.813641	22.494321	22.673592	22.233300	19.750736	22.500180	12.589186	17.943561	13.025933	11.112056	18.174722	13.612847	17.233469	17.191990	22.539063	21.460776	19.879064	18.349160	18.725120	16.540740	22.074930	20.968481	20.083217	11.852954	7.702734	17.336660	16.740082	11.446233	6.233636	22.758032	11.436627	9.731642	18.500074	22.253944	22.217039	21.063502	20.427802	18.943339	15.932498	9.473115	16.064627	13.243960	19.555861	8.839312	13.812121	21.621268	19.371813	20.767056	22.166647	16.433788	12.247574	13.806539	18.140875	19.403326	11.843172	20.363943	17.904154	22.762460	20.904871	17.093203	21.134249	7.578035	22.732486	16.635293	18.610468	21.747049	18.962157	20.002377	14.751597	20.371527	21.312187	6.433117	22.312913	20.373084	22.661457	21.811869	22.699386	22.857257	16.008703	22.489144	21.680180	21.123164	19.320623	21.324225	21.678628	21.430077	15.747391	8.271171	12.412236	10.694684	22.781274	20.203598	18.461328	16.025362	16.802223	17.914832	13.793148	9.795793	10.627481	21.284159	22.248505	22.178106	12.788473	16.122429	22.185563	22.114667	22.768948	22.609684	17.907063	9.418014	10.471962	20.488810
18.165971	20.583063	22.902416	13.420823	22.801298	22.363774	16.058202	18.498867	22.918048	19.155082	22.467026	22.032917	6.671950	21.707681	19.928865	19.749640	9.794597	21.906107	21.896844	21.958469	18.157456	21.190729	21.270145	21.927510	18.367295	6.139540	17.719661	22.116350	18.300266	19.672390	10.970974	20.980571	18.035941	17.061888	17.898732	17.134755	10.256334	22.626561	12.353702	22.489626	18.113461	20.126518	22.225364	13.154616	20.140206	21.591378	19.301868	16.161594	22.016583	18.508796	18.979932	19.215815	22.141347	21.829897	15.807291	18.542893	22.442150	16.916914	22.102667	22.380183	15.358102	15.016745	22.418737	17.909280	16.083902	21.083263	21.431405	9.032604	22.281278	13.205412	21.578311	21.028595	12.846925	21.221877	21.183489	21.275329	21.110102	8.414252	18.103088	17.167876	17.761534	22.606694	22.822747	16.149777	21.906211	19.637241	11.610221	22.494078	22.742416	20.100847	15.930047	18.731464	14.785905	20.856014	22.665425	13.479183	16.545801	22.587453	17.679431	19.401900	22.434691	20.583658	19.539420	21.462113	20.813522	22.477655	15.996197	10.845833	18.620573	22.708173	14.686803	22.061516	15.377949	21.625331	20.511878	13.518293	20.888195	15.793641	14.235149	11.214664	21.570878	21.123875	9.496137	18.402194	18.156759	21.863749	20.001858	20.420280	22.800517	17.846337	18.097013	15.023319	20.456785	20.815636	17.764152	10.520048	22.317028	22.822351	22.779344	20.156466	21.856264	13.009384	22.295405	18.226836	21.603711	12.423618	22.538699	22.916655	20.150754	19.119746	16.678756	10.760965	22.647980	10.199485	16.671665	18.435824	9.482954	15.848965	14.125547	20.479310	18.082550	22.894631	20.715024	17.174819	20.849884	22.362773	19.274672	14.365964	21.340745	16.156505	18.214697	21.885331	21.116020	9.681641	22.329977	13.310332	10.247718	22.807475	22.619131	16.477693	8.616205	8.466796	16.856654	21.338123	8.914090	11.156758	11.545043	19.392287	21.749371	17.267868	19.298409	22.790132	6.267626	16.136766	19.116113	20.318594	14.676339	13.232918	18.980399	19.411378	20.706343	21.935820
22.357636	8.755884	20.189186	22.821654	22.598163	22.361460	22.499227	20.711501	6.192500	16.779129	18.736038	21.296838	16.225518	22.030259	20.248432	22.717839	16.036597	22.897650	22.409561	19.681523	17.784928	20.618762	18.837644	14.528752	20.180930	21.650583	22.328985	22.684005	22.417481	14.646751	13.542950	10.728490	16.391155	19.280093	16.986971	22.885333	19.190046	21.541208	18.621056	20.552253	22.119173	20.439687	22.707835	15.766335	21.551199	13.333832	22.190552	14.998212	22.507215	15.804932	22.639056	15.818574	21.936430	22.816825	21.320875	19.655490	21.584742	16.340574	11.480443	22.115648	10.406759	21.623971	21.466793	12.743104	21.777379	16.520747	22.841631	19.442073	18.126298	20.863513	17.959796	22.610087	14.957319	21.057904	10.696469	11.320280	15.600119	16.236704	21.814481	17.023951	22.157360	11.397250	22.594726	8.726693	21.327843	22.807095	8.106505	19.128027	19.282627	21.461593	16.481718	19.681164	12.972059	21.553818	18.880717	17.310643	22.114562	19.003045	22.204345	21.792072	22.888447	21.425495	12.400632	14.140793	14.156448	13.396299	22.444149	16.879489	17.563537	21.833569	5.121229	9.678217	21.407492	22.073588	12.095159	22.150838	15.234871	19.612403	20.874586	13.359156	22.589632	19.376991	22.097665	21.682635	10.739669	21.555689	14.599138	22.782225	11.427218	20.432526	16.423287	6.195020	10.542047	22.900010	18.716972	17.186312	10.707246	22.587164	18.534058	22.251641	11.091105	19.766278	21.310640	14.066380	18.848614	22.695485	19.971713	22.875358	18.625241	21.854869	20.449789	21.505869	22.623016	22.575617	17.480009	20.956678	20.639034	7.051341	22.741406	21.229081	20.232025	20.317239	22.828481	22.605436	22.912744	11.635991	22.882468	12.958710	22.356354	22.611734	22.284156	20.361086	10.219884	20.669395	10.843629	20.825130	21.384205	18.760814	20.741686	18.135931	8.783892	12.336129	22.896955	22.858994	21.220772	22.315577	22.654086	20.746040	20.348284	20.856131	21.846860	9.580766	12.762964	11.494960	19.658677	19.406431	17.345080	22.885203	20.145801	21.148650	20.274333	12.827873
22.103255	13.492299	22.219895	14.540926	18.643334	15.455726	8.609400	15.154506	18.616341	16.569017	19.785769	21.945922	18.554012	8.787429	13.754746	17.069408	21.290258	20.313336	20.921263	14.498338	18.261440	20.915611	22.215188	15.834479	14.555534	20.836262	21.457799	17.264787	20.902197	16.149589	22.822873	22.831679	11.335343	21.686366	20.160610	18.794031	18.459961	22.687501	14.265219	20.735221	15.761437	22.843689	20.582835	13.666320	21.807887	19.691524	12.349174	15.501592	18.732769	20.825807	22.201897	15.356941	20.490565	16.761187	15.621052	21.328998	22.077262	9.206863	22.561627	22.172729	16.501662	21.839168	22.702744	9.757979	20.956919	21.764813	21.467218	11.114441	14.405500	17.526051	16.596865	20.824840	16.364540	16.643254	16.077610	20.889463	21.385499	22.384433	19.363423	21.415313	21.026019	22.491997	19.180184	22.423606	17.167607	22.062512	22.318878	22.453706	22.054911	21.487431	11.377706	22.548725	17.924662	12.750725	11.026361	22.844763	22.736714	22.157853	13.488550	22.793748	7.564520	22.511083	18.214903	14.678575	15.572056	18.413538	16.226223	22.146708	17.755876	11.593457	17.680473	21.389476	16.420231	17.496547	18.887990	21.409284	19.602650	22.582638	19.431289	9.397120	21.648417	17.740376	18.778125	21.092367	22.528504	17.929620	22.892580	20.060834	21.942445	20.806169	19.928778	20.332909	17.654116	15.657463	22.566898	21.549533	13.850877	16.498638	21.532770	14.577112	18.699967	20.683360	20.594688	16.251579	20.318252	14.545766	22.766712	21.232015	19.852102	17.520449	20.792331	16.107939	17.981770	21.402958	12.554059	13.983072	19.867769	21.516154	20.987565	14.269506	20.199826	14.261487	11.330431	13.731107	17.517115	21.098720	12.368280	14.323303	8.308027	10.473042	22.425779	20.767008	17.267150	13.852506	16.370841	21.366055	21.260970	7.180956	10.033772	16.000328	18.213350	16.753307	20.187051	22.911343	17.578993	14.772277	17.916026	17.816535	16.801715	20.866484	19.965353	14.039644	22.820177	13.548494	16.771928	14.716920	15.984867	22.758811	18.574094	22.052432	22.462142	19.876402
22.566091	14.754670	9.774935	14.111747	21.575255	19.770622	18.485676	21.722270	11.885142	18.369007	17.200734	15.054774	21.947301	22.905662	18.577085	16.399709	15.854928	13.534959	13.443966	22.666551	19.504897	20.097196	20.369455	22.886484	19.861298	11.149879	18.923762	22.516893	15.411065	18.580605	22.449927	12.192739	22.572647	22.333100	22.548085	22.648256	18.277985	8.962010	22.698574	22.059747	19.945723	19.571260	8.932656	17.769473	22.885947	19.172366	18.653139	22.636839	20.233903	16.725615	21.921038	13.063307	7.897074	20.970491	22.820078	21.114890	20.480785	21.799879	15.904214	12.618255	21.692336	20.917862	21.965510	20.230177	7.301059	15.395130	21.676634	13.074540	21.763133	21.072643	22.038498	22.285358	16.443421	15.342887	22.520552	16.907784	20.973993	17.763854	17.838193	18.020641	21.663525	11.259377	21.015990	19.130408	21.805377	20.280350	17.428244	9.651145	22.504575	19.170135	19.365612	21.944097	11.531105	9.026583	22.143004	22.213149	22.128367	19.631455	20.712005	20.990330	16.798187	19.206512	12.022724	21.899716	22.766291	18.454279	22.559156	22.357234	22.794568	15.079891	11.899437	20.769558	17.465762	19.547183	19.603269	22.409213	20.557203	18.841352	10.793673	13.936897	8.333145	22.919184	22.377675	20.136831	22.375882	13.128179	13.745366	12.849283	22.541695	22.837638	21.926940	14.707870	18.460091	11.604900	22.798329	20.217487	20.791613	9.451529	22.059657	16.325376	22.662752	21.935354	21.433035	17.470112	22.902721	9.888862	18.761774	21.145474	19.137739	22.624434	20.273235	17.770904	20.916809	22.595086	17.289083	19.920638	20.978455	22.177285	12.955140	22.343250	21.403063	21.017809	12.041610	17.886749	16.639306	18.155442	21.999624	19.985823	21.083445	21.936147	10.935939	15.990543	19.494139	17.362902	11.316091	19.069181	21.480841	19.912630	21.761221	17.130640	21.771449	16.870774	22.613225	17.388018	14.811312	7.659190	18.985874	19.985566	13.216828	11.402085	20.856619	21.984566	22.075421	20.809064	22.399733	14.679005	17.678372	17.973569	19.536865	10.050051	18.308092	12.964925
15.352347	19.218723	16.186889	17.350798	9.114885	22.135212	18.998583	17.992608	19.474176	22.910511	21.626829	7.300835	19.315453	22.910824	19.649430	22.794841	15.124802	15.503644	22.257696	22.588732	17.964930	21.060146	20.730459	21.485117	21.703945	11.702844	18.272781	21.471820	21.902446	19.625071	22.690362	10.605728	16.947627	15.153929	22.011720	19.721611	22.847540	12.642653	22.240647	19.067238	8.704341	15.722595	19.211895	11.311463	20.419945	18.611018	18.310524	22.876330	18.834490	22.542518	22.011275	22.436895	8.780354	8.707413	22.470611	19.874524	22.492130	22.242384	21.513457	9.971801	22.241250	17.406444	17.891202	16.253965	17.139979	17.126811	20.319055	21.199776	21.866156	17.615093	11.414676	21.757482	16.779933	19.037430	16.179174	19.447657	21.645746	16.332625	14.742328	18.498437	22.424699	20.627779	22.825414	21.441824	13.255248	17.188702	11.255677	20.600448	19.503843	14.169794	17.835884	18.507912	22.575358	22.730878	21.009290	21.972134	20.005185	18.987204	15.162980	15.835228	20.793929	18.913538	12.818111	14.291813	14.411452	21.691934	12.434935	17.824543	19.656016	12.625249	21.489910	20.953043	11.961267	10.127660	15.089126	16.193323	17.906270	12.763979	13.582815	22.727005	20.295745	22.456556	13.843067	10.782043	13.718799	17.250832	22.282265	9.515866	21.091175	19.026195	22.771362	12.597780	22.558148	21.014503	15.586149	20.374606	11.094251	17.909255	20.735956	15.126761	19.547286	12.565846	17.981988	12.535979	22.759150	22.202468	19.995241	14.360895	21.992293	22.690238	15.667418	21.931008	17.256741	20.857158	22.370783	20.984990	22.194210	20.446732	17.066656	20.649416	8.137808	22.177541	21.753817	21.860166	21.704289	20.189985	21.646379	20.392248	19.999062	14.833963	14.918418	22.861535	22.891067	19.530861	21.756058	18.226279	22.694234	17.073224	20.655092	22.540030	12.667136	14.659162	19.962211	22.879309	20.671645	22.686269	21.474798	19.232785	22.360936	20.929975	17.426307	19.939339	22.773328	22.696753	22.482419	21.113302	22.452717	22.347377	18.125753	17.836979	13.370934	16.331277
19.725769	22.098224	22.538633	19.904321	20.653117	21.962587	10.860605	18.233493	20.971718	22.504711	17.752914	9.642544	11.523092	21.834366	20.597682	15.910667	22.477546	22.373975	21.518052	19.831956	13.657324	21.817766	21.856082	21.848502	21.966091	21.792932	22.521383	22.064853	21.897977	12.061748	11.346330	17.318847	8.454027	22.741685	19.706501	22.825862	8.906778	20.682650	18.017864	19.023798	19.235946	15.047895	16.409626	18.658615	21.175987	18.056554	22.596983	20.089017	18.548025	22.561875	19.911410	21.730313	22.271393	22.814070	22.883109	21.836292	20.274441	22.652326	21.348319	22.818398	19.651669	21.893125	16.801257	18.272218	18.477076	15.468943	21.717987	22.188576	22.029287	22.710998	21.770713	22.707441	20.148561	22.870566	11.717691	19.603106	15.229244	20.529585	21.230705	12.611741	16.639509	18.427907	20.880462	17.820143	17.725566	15.673673	20.210444	21.863664	16.164122	13.802470	13.247173	16.616551	22.817825	22.035159	22.051397	10.694848	22.179728	21.692515	20.524903	14.212645	17.909670	17.933767	22.456680	11.388934	19.702115	20.744816	21.490653	13.514957	22.848756	21.519577	11.311896	14.485143	16.814726	9.235598	20.655088	20.932420	22.401333	21.143777	17.466465	16.682856	21.420524	11.230545	17.088961	22.175281	20.429970	19.964166	20.759588	6.460310	22.642714	22.869766	21.875095	12.328930	16.989771	19.468185	22.649388	21.231822	21.268788	15.626209	22.178131	12.401888	19.149420	15.644129	22.597194	20.038898	18.982723	16.721046	16.617927	19.469012	15.308438	15.059137	21.619085	17.385543	6.001615	22.750564	18.022906	11.151532	21.582843	21.209411	5.409209	21.818723	22.876533	13.519270	12.106356	13.307906	19.547801	20.232485	19.845373	14.008632	20.687833	20.825522	18.340954	22.006307	14.078125	17.484962	19.254989	20.882491	22.909127	19.683933	9.384951	20.843188	14.499190	19.796092	14.423865	20.822397	15.104785	22.698607	16.924679	22.845157	13.740148	21.863094	18.891089	19.938787	20.106321	15.043693	20.600820	19.504035	14.198642	19.172090	22.849146	7.285394	18.072202	22.438912
22.844214	18.761291	17.227820	20.882992	22.774138	21.638049	22.064457	14.344472	20.417917	19.053349	15.232588	9.235106	22.029447	16.253945	20.927252	22.478851	10.418137	22.482844	20.754128	20.831434	20.344011	8.098254	17.306558	13.444056	20.114670	19.323495	19.388809	22.075160	22.061141	10.513080	18.797978	15.521060	13.261428	19.257038	22.794429	19.647903	16.213795	8.543201	22.865840	21.419662	18.832850	20.305901	15.847452	22.426072	14.645317	12.233702	12.034234	11.579911	20.256654	14.403730	22.182764	20.254720	15.989679	22.752849	21.790994	17.854667	21.472494	20.046862	13.541544	19.670231	21.027574	21.650505	21.384360	19.895353	12.925370	22.368640	18.192322	15.419674	21.718822	22.260743	12.758672	20.784543	22.210300	16.459236	9.098093	17.540102	21.885596	20.311648	13.571104	19.531846	21.256529	13.192756	10.032597	17.915464	22.138612	21.795780	20.660589	21.912647	21.464548	19.005488	22.766194	17.067124	18.437880	18.833958	17.672646	6.218637	21.432050	14.288024	21.143380	21.421404	14.507065	16.429113	22.780506	21.216501	11.681923	19.546942	22.274439	19.551309	17.628110	17.183858	11.366848	22.890125	22.667603	19.557440	19.781568	22.480427	22.823808	13.341845	15.667691	21.287617	19.177840	22.154923	15.271300	21.236480	22.603069	6.613689	21.452381	22.052340	16.974749	22.788525	19.823688	20.116165	16.175616	21.164584	13.754479	22.773954	21.498718	20.247489	18.914911	14.468559	8.801083	20.898351	20.743944	15.891678	22.364650	22.826082	15.010868	17.449314	21.927572	21.012653	22.708480	8.809133	22.686556	17.492979	14.875776	21.012502	20.935305	10.770224	22.533112	20.988071	17.047590	21.717842	21.829725	10.039803	20.469041	20.173974	13.207232	22.792465	12.604482	20.456828	22.002851	19.683669	16.648582	13.212961	12.819334	16.558068	16.306898	9.322459	22.444776	17.962594	22.705623	13.004513	21.744707	20.298550	12.958535	6.232065	16.108936	7.952395	21.442778	20.446845	20.738172	19.640648	20.565588	12.184751	22.438376	10.941363	13.455951	12.177594	21.389619	17.675215	21.554300	15.938824
21.310847	16.542883	19.425878	14.850030	18.476273	20.984368	22.627937	14.939873	20.955279	18.950062	22.352573	16.970497	22.264461	21.871621	16.570809	21.859893	21.986441	15.937623	20.970634	20.775017	15.218360	14.732533	22.454988	18.632194	20.819636	20.721493	21.099777	22.890508	18.862453	22.356288	12.260801	17.334903	21.123415	22.479714	20.078883	6.494850	22.717024	20.901595	16.572163	19.972474	22.480615	20.712142	18.650490	19.745169	17.378919	22.772953	22.448145	18.427615	21.508615	13.782656	22.225571	12.257797	17.263197	18.492885	10.269187	16.733227	21.912022	14.412045	22.724428	18.764345	19.233322	22.846273	17.071266	15.734201	22.521974	11.252393	11.856512	22.284831	12.155913	22.290629	19.812423	17.078324	18.442271	14.764020	21.736693	20.750037	17.882049	22.480307	21.834619	21.392136	19.645137	17.320628	5.379500	19.150638	18.104514	13.146490	22.385199	18.781914	20.080798	21.118069	18.280803	20.135663	12.486307	17.776447	21.491382	20.030627	16.701918	18.945334	20.568378	22.911655	11.382908	18.916439	21.786717	22.688594	21.228088	17.349732	14.455455	22.714361	20.758233	19.157387	22.559160	15.843264	20.581703	20.971418	20.082239	19.341322	22.436307	15.704003	11.698912	22.427221	19.467498	22.894346	13.435874	11.095178	19.731283	20.546388	21.654658	20.769790	22.363247	20.190603	19.487606	22.768601	18.914872	16.452004	18.830956	14.047130	20.262739	18.641022	22.620911	17.398391	10.429297	21.328927	22.721858	22.857191	16.994383	14.717886	19.563828	10.149209	22.482136	22.179309	22.875147	19.731736	20.324308	19.483870	9.525136	15.455425	22.868828	19.743705	22.149139	19.417581	15.613231	22.287304	20.762886	19.919741	13.822673	11.733684	14.519922	20.777391	13.281046	21.282345	22.474319	22.272734	16.584788	14.681023	17.646759	22.598099	15.491400	20.799290	22.565001	13.833527	8.260781	20.418902	17.456192	17.353726	22.566579	21.026469	22.636945	14.952788	19.161595	20.326910	11.946893	9.854618	18.298921	18.587128	11.965289	21.762221	19.247327	15.411192	21.746415	22.817564	21.701243	18.748310
20.585546	21.561313	21.871105	14.673629	14.814973	21.426746	14.935655	13.616902	16.179308	22.055986	22.794469	20.035569	22.660213	17.589706	22.804068	21.076660	9.274545	21.265383	19.349550	14.462075	20.907129	17.675800	18.403785	13.860713	20.027680	22.595019	22.742868	15.165889	21.677532	19.365385	21.976689	22.227947	22.469072	20.399773	12.570161	11.691086	14.482584	19.828809	19.657754	20.788886	19.655787	19.315351	21.358488	15.926720	19.083571	13.202123	21.762284	9.801316	17.751500	19.395154	21.926528	14.212089	12.883024	22.571269	22.849043	20.500526	22.904866	17.772147	22.277278	17.992665	18.368210	18.113583	22.203667	21.154452	13.419532	6.149609	20.626123	22.837843	19.902191	19.290120	22.257737	16.219613	8.854261	22.114761	21.755838	13.080882	8.867093	21.830295	19.402607	18.044165	19.614247	21.688707	18.156283	10.822024	19.114643	16.266113	19.517363	20.072620	16.310110	8.557928	15.581615	20.821253	9.648880	11.936689	22.232606	21.479033	15.930590	20.067325	21.676977	15.648810	22.332824	11.114921	22.824733	21.845665	17.868148	21.381907	19.677071	18.500257	9.797699	21.470267	21.751516	22.892486	21.914160	20.836275	19.667588	21.708468	18.310596	19.420733	13.901650	21.810912	21.107692	22.898249	12.478184	16.183135	10.596009	18.174389	21.732022	17.441044	22.005597	22.565434	19.132640	22.757825	15.765686	21.913098	22.304322	19.204878	21.920167	19.866455	21.255840	13.786151	19.865464	21.984525	19.252783	20.914174	21.487023	20.192305	22.444123	8.168150	12.262843	19.773571	22.419947	9.852941	12.357490	22.766876	22.209242	17.589861	18.647941	13.016405	18.784577	11.957698	19.887409	11.359407	17.173702	16.762724	18.738486	22.258896	15.470870	7.038583	19.632341	18.682924	22.521624	20.828735	21.721128	10.717044	14.877232	19.967728	14.437871	21.718025	20.298150	21.934655	18.936801	16.565070	22.351917	14.383894	21.880515	15.521707	19.405056	20.104520	22.656272	15.937890	13.779041	21.400754	22.468763	22.658301	21.323805	9.319676	17.558303	18.861964	22.683765	8.125089	22.893443	18.802561
17.123227	8.954748	14.418925	19.443944	7.683086	22.804921	20.637888	13.275834	16.744616	6.043564	17.498620	16.722074	22.401848	17.046325	22.238110	22.129607	20.003147	7.137173	18.983011	8.887530	15.427746	21.739719	20.070027	18.334076	19.077166	19.589425	20.921887	20.122157	22.107270	17.466929	19.925786	20.053829	22.809024	21.333199	20.016569	17.556847	13.576090	19.336123	15.330611	13.980032	21.107667	22.122363	17.426849	21.346724	19.921422	17.936398	21.606042	21.305244	20.824722	16.870278	21.327689	21.778941	16.760641	21.969642	19.638427	22.638326	6.549499	20.099752	20.951819	20.642396	19.129318	22.243378	18.005137	20.217297	14.066220	10.305429	20.149782	19.229459	20.753177	9.187377	22.869283	19.670365	21.183897	20.555088	9.019704	22.183421	15.850418	19.605077	22.110633	13.014265	21.949811	17.493382	12.858879	20.573160	19.671990	17.120650	18.376362	19.747559	15.349792	16.680340	22.900918	17.237239	15.945449	20.290585	13.391342	21.289389	22.568565	21.711002	15.064098	22.716199	20.679645	22.768731	19.590303	20.752989	21.050471	18.539428	8.630481	21.852421	22.460830	21.051851	22.403910	16.989354	9.834861	21.171344	16.902356	15.571830	20.493276	21.828226	12.130200	19.793182	19.639752	14.404394	20.816889	20.930522	13.417620	15.799805	10.346554	16.035830	19.965391	17.598854	21.724877	21.458784	18.861413	18.061400	16.506559	17.923029	9.915633	22.073448	22.599570	22.893108	22.448881	22.072902	22.677799	20.608354	12.770946	16.050829	17.943568	19.508078	19.416474	15.112428	18.914391	17.781981	20.666499	13.562009	8.427713	21.958498	22.790957	19.113580	19.561260	19.228832	22.846402	7.105993	21.896633	19.524832	10.741639	22.207534	5.636871	21.724867	21.798927	22.794558	10.903059	20.388655	6.696242	14.113261	22.608723	15.344084	17.622419	16.901729	22.548235	18.092359	22.199099	22.754388	14.020721	20.773912	14.778250	19.683882	19.203434	11.986420	22.465138	22.181676	16.300068	17.990524	20.671410	11.504004	21.242323	9.649983	22.501154	22.230904	17.351407	21.472516	21.444463	19.624986
22.571927	10.729311	20.783427	17.763417	21.588549	18.141723	16.954505	15.435316	22.597074	19.531178	12.008013	18.482791	17.832716	11.896326	22.429700	18.709354	9.328740	7.637932	20.654760	22.555320	19.145479	17.922473	17.851289	15.186204	20.256428	18.708178	19.354074	9.309627	17.520258	21.786351	22.446742	22.885295	21.004859	22.471522	14.363811	21.276274	22.320255	22.641438	8.267015	20.642806	16.214874	19.059539	19.438452	21.807552	16.891570	21.914832	21.896426	15.969129	22.454752	18.710191	18.719657	20.562605	10.926909	9.955255	19.870718	14.107982	22.708983	20.613715	16.597341	22.713179	22.309045	5.974519	18.118306	18.558480	21.369068	17.833340	17.100867	21.407348	22.874949	22.871949	11.674846	20.823712	22.362266	19.283023	20.022062	21.763967	17.448821	17.062286	22.897725	14.123445	18.041483	21.417702	13.007664	22.575783	22.226152	16.835112	22.761233	18.716442	21.513413	7.521110	15.255952	16.153169	21.208080	20.656628	16.705748	17.059483	22.450885	22.107757	20.335783	16.411471	20.866010	22.255352	21.129784	18.456956	15.150697	19.011475	13.932543	21.909495	22.186116	13.036825	21.936498	17.503987	8.227950	22.353469	9.716479	21.290319	20.396644	22.314891	8.767105	17.642603	15.299835	13.685539	11.873954	21.474394	8.384376	20.843260	14.865295	19.792322	21.741190	21.823266	20.397783	13.533997	20.798849	22.036042	21.020280	14.615915	18.540781	19.633635	22.625138	17.078475	16.900145	21.651182	15.271701	18.148590	15.663076	20.672452	22.335380	21.994866	20.399901	22.249424	17.228472	19.683533	22.918953	7.302046	22.431616	13.127747	21.892914	19.340169	22.750983	18.283853	22.155330	22.627981	22.565045	20.916074	14.845996	19.774551	19.150082	15.245424	22.754896	20.910531	17.303536	18.387572	21.664995	20.123362	20.919607	19.103368	18.780774	20.476726	22.076491	22.139128	15.735145	18.748641	19.928134	22.844804	22.379113	13.092774	13.723106	22.432328	22.201850	6.055825	22.655569	22.870293	16.455055	21.508193	17.171856	14.538965	17.557808	12.784710	18.173589	21.120949	18.958785	9.879031
16.767437	20.082637	21.013538	15.271104	21.901046	9.386411	11.604565	20.227237	19.091556	18.082687	19.930800	8.142804	14.159075	19.074671	16.499699	19.746949	19.799480	17.042696	15.756952	20.690676	22.312839	21.887424	21.605092	19.973995	14.839155	14.407033	20.429379	21.897330	16.933180	22.403813	19.472879	17.448336	17.766817	15.087572	21.349192	22.024062	16.795129	22.899409	10.627067	15.804070	20.279534	22.553700	6.414925	21.197929	13.858804	21.218860	10.491074	16.751247	14.095177	22.671894	22.541431	19.892733	16.478361	22.586985	21.095404	18.907417	15.656891	19.834399	18.681950	20.084526	13.495346	22.197025	14.590802	8.390968	15.509708	20.443624	21.910779	5.992644	17.953665	13.585352	15.908520	22.709654	20.343832	21.281450	21.555495	12.770065	22.574401	21.353140	13.134143	15.227437	22.028282	17.397921	21.826875	16.937980	18.975393	22.106709	22.274230	21.788742	16.132790	20.328815	22.526990	16.190985	14.369469	22.829733	19.967039	19.001091	19.475319	22.151043	16.129436	22.153449	21.667775	8.114869	20.471378	10.910436	21.023921	15.352598	22.776643	10.761658	22.847341	22.467660	15.540718	15.602653	15.428846	21.208094	21.811040	22.123696	21.571826	21.782573	16.477855	18.633650	10.955920	19.113894	17.523823	19.997468	22.384326	15.786226	18.577639	21.080629	13.614634	13.526947	15.773789	18.878052	17.811802	11.413427	20.099337	21.531597	20.636816	18.647076	13.549886	22.799734	17.579094	18.775152	15.511750	22.724241	18.974225	14.412102	17.334677	16.322727	12.046051	18.157659	21.380058	20.212008	22.288554	19.780739	13.539584	19.659613	9.609389	19.173757	16.069343	18.305087	21.221909	17.701928	19.572862	22.653610	22.342870	21.933597	21.505927	14.209759	21.546227	18.111552	16.512373	20.547461	18.435848	22.858564	14.442794	7.210949	22.406208	17.789309	21.666695	16.581628	12.792183	22.414757	12.195220	18.906479	15.583248	22.119089	16.525037	22.491267	17.251762	22.895048	15.197704	14.198602	21.842424	18.122109	22.730270	18.079032	12.929869	22.452960	22.658146	21.656600	14.180830	21.851194
22.156785	22.799177	17.342452	22.417624	21.740164	12.039002	22.152479	22.543415	20.114105	16.146113	11.087503	22.145530	21.267042	22.500608	19.837313	19.623296	22.893066	19.545766	8.736538	22.137138	14.591810	22.897925	22.915663	10.292779	19.222738	10.829684	22.061602	13.682610	21.121743	21.671241	19.769419	18.623949	19.759849	22.336724	17.711498	19.372716	20.541555	21.370395	18.829873	15.197034	21.929594	19.037059	17.405065	21.345294	9.822299	22.682210	22.071167	19.600381	16.616899	13.213631	22.627069	15.065702	21.068463	18.954172	22.862570	19.983223	21.959647	22.524999	21.128950	13.260767	16.981558	21.679313	22.691800	22.182979	22.831725	18.085410	21.065830	19.595564	18.633192	21.505398	14.761125	18.192794	22.760349	16.613625	19.892328	19.930889	21.133550	21.971809	22.856737	13.066485	22.016961	21.635301	6.495992	14.992794	18.985425	16.512121	22.506433	10.311852	22.069318	12.296974	19.972542	18.441409	20.118808	20.389579	21.639212	18.625774	19.992997	17.544639	18.909901	14.455351	22.544833	18.566047	19.261497	20.391979	20.670738	18.334732	16.163189	12.580457	19.187999	18.375931	18.558461	14.336653	18.780610	21.829919	17.579498	22.410856	10.266487	17.179480	7.524604	19.069483	16.937152	22.611128	19.010042	21.228852	20.882393	16.556787	20.756458	15.983339	19.771050	21.657882	21.090174	22.607530	10.829514	20.765654	20.019118	19.146298	22.834414	21.262983	22.816905	21.727402	12.309238	10.232344	15.280555	20.865585	19.870777	21.164418	22.608272	11.293470	20.334511	22.768253	18.903388	18.211328	22.063904	22.527259	21.932111	10.758669	20.534247	22.689645	9.171299	17.886928	17.601454	17.419687	14.561381	18.556895	18.231206	19.823398	19.737172	17.575899	8.205101	19.923396	21.457265	8.404464	20.739382	20.586640	17.607321	15.894966	22.050623	22.224055	19.119790	19.821160	14.222784	19.912077	17.579155	21.502441	17.122008	16.025204	22.617915	22.842213	22.519369	16.044203	14.743360	14.859507	15.132375	10.034310	18.158330	22.699349	20.009535	19.711257	22.101054	7.103694	22.527308	16.857248
22.914773	18.424673	17.965803	12.026373	22.388615	12.690262	17.549557	18.077862	19.883614	10.456174	22.168883	19.896363	21.716427	11.125154	22.890246	12.299259	22.868861	16.420549	19.940761	21.979287	15.937233	9.533068	18.945007	10.242379	22.051936	21.870159	17.460919	21.933923	17.703369	15.998158	18.492250	14.292471	22.157139	20.196146	21.160900	20.984798	22.869885	11.825714	20.337383	20.705210	16.398921	22.540164	18.512900	8.068976	22.896452	10.652792	12.852887	19.513809	8.228933	19.310760	18.677614	22.389715	18.657030	7.920746	22.616807	15.154274	17.461523	22.281452	11.643915	22.761774	19.767041	16.904538	22.863087	20.699201	18.905858	21.914759	14.239874	21.344874	19.307568	20.709017	10.710802	22.845262	22.392175	18.179771	20.410637	22.296211	20.742719	11.173882	15.632669	13.882018	13.233543	19.487369	18.541042	22.560425	18.589750	17.003815	15.328554	20.113707	20.351866	22.900534	12.859725	13.824928	22.882162	16.487695	17.165798	19.387487	7.345364	12.935968	22.109193	11.395931	17.221035	20.300945	17.552772	22.044550	21.408827	18.943280	20.966941	12.930860	22.740480	12.262794	10.934902	21.157753	10.200690	22.583736	17.922481	22.344686	18.557619	19.564719	22.820727	21.800526	20.962961	15.797775	19.841727	19.263040	22.659892	21.902774	6.923672	19.840273	19.668329	19.422606	21.976322	19.892487	11.268339	16.497798	22.329363	17.858003	15.089520	18.568939	22.491391	11.692358	22.564771	20.955104	22.163562	21.046948	14.498483	8.629197	17.846112	22.280531	14.684786	22.099441	21.293302	9.706522	22.710037	5.941917	22.283045	12.216347	16.103899	19.426518	16.632435	20.356590	15.675610	19.486229	22.402862	9.190750	17.976704	21.118839	14.711658	18.818256	15.749852	20.796615	20.254677	21.090168	15.560607	20.965051	22.055123	19.377209	20.374612	21.666520	21.355655	22.372472	19.591152	10.547394	17.420928	20.552308	13.350868	19.098985	22.146894	21.585561	21.242655	22.637287	12.595640	20.318616	21.172866	21.247794	15.250063	22.383209	17.703222	17.147043	16.003282	20.821009	19.283130	22.819650
22.253037	20.002288	12.792551	22.116779	22.776777	22.079420	17.024830	21.868033	22.074295	18.296321	21.760103	22.848420	17.441056	22.256597	22.913768	12.425329	13.276791	11.998728	15.843301	9.484584	9.996616	14.115506	18.422761	19.200061	22.870979	16.486240	7.021382	16.512730	19.625133	20.837644	16.682924	22.827193	21.601566	16.808342	22.656037	16.470516	12.574102	21.524033	21.104740	18.524190	19.014347	19.119187	21.466992	11.879703	15.323844	22.919555	11.600913	19.991710	14.062019	18.494848	17.449074	22.834556	20.005095	12.632204	21.213969	17.788882	19.376068	16.604129	12.060703	19.762083	16.920922	11.667496	11.096130	19.205653	19.967142	10.443448	19.424627	19.763314	7.188357	15.046751	20.992738	12.394022	18.582378	15.735277	21.705871	21.522686	19.268500	21.910216	22.914733	22.790775	21.890022	11.962666	22.753692	18.646765	19.598379	19.593702	20.356163	21.786099	16.504499	20.344178	12.761989	17.736017	15.114581	17.468263	22.567454	10.987594	17.884827	9.924847	21.787785	20.315017	17.174104	20.593131	22.712527	21.093725	7.722890	21.222349	22.268736	22.040481	18.988103	8.312385	11.645671	20.103202	22.792415	17.505158	10.381169	22.384566	21.493544	21.831273	22.415114	12.761491	8.205471	21.563736	21.027037	21.985860	14.515765	18.901365	22.531354	20.533882	13.883793	22.916656	16.924920	16.021624	17.221145	15.692728	8.067103	21.055951	19.774789	18.198231	7.851282	21.623512	22.891427	19.383890	21.099265	22.900379	21.071904	14.058621	16.228834	21.162880	16.264277	10.669777	19.940997	17.409653	9.505033	12.894967	20.207687	22.176280	15.821740	22.256589	22.591864	10.452318	18.773547	14.551623	22.811864	19.465342	18.913039	19.833222	16.544926	22.908619	11.727256	18.502847	14.004595	17.999228	14.755611	12.346007	15.830823	16.917549	15.637262	7.111252	5.814631	21.215005	19.277850	19.302825	22.693066	18.916815	21.465127	17.156794	22.553055	16.043198	15.188614	17.997762	14.976408	20.092875	16.802882	14.130104	22.722648	22.295899	18.259023	13.642499	18.356958	12.411637	9.253072	18.744138
20.860437	22.705046	18.439894	20.313001	21.737787	14.635312	17.251863	20.233249	15.978891	19.674089	14.294833	21.212147	16.003745	18.423385	15.670510	13.962076	6.049378	9.566781	19.495225	18.428381	22.881229	22.175225	16.132359	16.177928	22.061670	22.058248	20.996649	14.959135	18.388014	19.844205	15.850084	16.920895	13.827266	20.129135	19.099616	14.410578	22.861895	21.836779	7.406836	17.906126	22.172340	21.356958	19.162818	21.207685	18.685349	20.543341	12.864069	13.829960	8.641346	14.387661	19.323390	20.146774	15.211729	15.727532	20.731929	15.633617	22.400909	18.693137	20.850734	15.947498	14.308245	20.357386	22.792033	22.108691	15.011548	12.524706	12.641544	21.980853	22.918857	22.742870	22.654081	16.333537	17.385457	21.308347	9.942366	16.495290	10.293316	21.871285	15.329083	20.407870	16.258808	22.369697	13.814012	21.470370	20.787439	7.719159	18.092610	15.156965	20.895706	15.835464	19.341114	19.172034	17.943335	22.442225	22.851758	20.920339	20.601936	15.360225	18.209168	20.290643	13.403190	8.770770	22.292579	22.870349	19.650866	12.279949	9.745618	22.413578	21.965289	9.382778	22.499717	18.013892	18.994153	21.312122	5.213700	20.700108	22.117506	22.624306	18.631527	15.397186	21.171020	15.350548	20.467714	22.195757	18.881381	15.989241	22.113356	17.436797	19.895043	21.010169	18.338044	20.859533	6.646432	22.910971	15.786687	20.773667	5.957987	11.252345	22.838572	20.605292	22.343504	19.281758	22.103225	20.100322	19.272591	19.791566	11.146333	16.067831	15.571998	18.404753	21.424138	22.495661	17.888826	21.735871	22.562437	22.386702	14.020960	20.104484	8.269384	9.119475	16.432977	22.015424	22.427064	13.920313	17.376499	16.559850	18.374110	21.553651	21.910798	15.502853	21.743264	12.912686	17.668306	17.262289	11.935118	21.595882	16.792221	18.402095	22.862814	18.859051	17.501241	5.724767	17.503300	21.451185	13.065715	18.089814	21.712084	15.593999	19.082717	21.242286	19.688341	21.098070	17.983538	18.638258	15.540643	18.125951	18.369881	11.318338	18.835158	15.236666	13.476737	20.625098
22.567901	22.548548	22.128997	22.630089	21.952637	16.330329	19.435799	21.515127	21.659153	20.486665	17.689630	21.670954	17.624275	20.627019	22.813335	21.050241	14.705897	22.152039	17.809632	16.578398	14.118043	20.902453	22.117624	20.532880	20.640457	21.758535	17.919517	20.530875	21.150283	22.784038	22.355373	12.992210	22.386495	10.058691	18.675253	18.588743	12.563904	20.726126	21.624593	20.489895	17.407201	20.719318	21.849259	21.721162	17.304749	10.135380	21.850124	19.457723	22.852934	18.418864	19.708632	14.518167	20.379800	22.720822	21.924284	21.381113	20.245802	18.649844	21.091806	11.500115	18.581642	20.953014	20.044401	16.462425	12.068173	8.789680	14.913185	22.848680	15.791906	8.234278	22.894172	15.517233	15.734905	20.225073	17.606466	14.995529	17.616772	16.670130	16.329060	14.841633	12.671795	14.469936	19.711109	17.739625	16.390848	21.719646	21.340077	19.055574	19.615706	15.039507	22.109281	22.881045	22.492917	9.505046	11.160107	18.071945	15.978903	17.863116	22.460719	22.824934	18.553349	22.828246	17.918903	18.224396	21.773363	14.085716	8.454122	21.483597	9.835820	22.594378	22.401457	16.536743	20.941596	18.660558	21.635968	21.785134	22.110707	17.136035	22.180117	20.589965	22.358114	16.416574	22.904100	19.193845	21.668404	20.595005	20.923117	20.904318	14.654657	8.714076	22.110760	22.105767	21.544047	13.051607	20.775219	17.136109	13.980865	20.858655	21.804028	19.910720	16.171803	9.282344	21.337246	6.658157	13.019731	16.326664	15.368850	17.750587	19.527481	22.030446	21.611361	19.602533	21.759977	21.188126	22.824064	22.895625	22.753474	14.037890	14.010819	16.693296	19.911746	17.889899	11.772285	14.611380	20.553163	22.506049	22.886201	20.867648	22.893536	17.148328	19.453849	21.267945	18.095452	21.035194	21.762698	18.288703	20.953295	16.608560	17.723756	13.585565	20.077181	22.161110	22.239472	18.554323	20.801726	10.917727	5.775820	14.122836	21.209088	16.476680	15.696313	17.256508	13.361784	21.799472	22.579372	15.588660	20.008441	16.837843	13.961966	15.550976	8.215778	17.448728
22.739110	16.680638	20.046887	20.227588	21.953101	11.430852	21.013718	19.085953	22.907370	14.113702	13.740139	20.786985	12.206709	21.129593	18.155485	20.569819	21.524316	21.337756	22.127084	15.354959	22.703704	18.394221	10.602466	21.239351	22.192010	19.636797	22.771836	5.976756	21.661512	9.808115	14.504931	21.242292	22.719797	13.450903	19.912361	16.836565	22.639095	19.086183	20.781341	20.913276	21.851079	16.581851	16.140028	19.613017	17.689436	16.650686	15.075990	11.401407	19.470024	20.364596	22.873626	21.841017	18.809153	11.788153	20.899826	8.366318	18.700889	17.031035	19.510062	17.330556	21.781818	19.307633	22.506493	22.011555	22.482746	22.556159	20.152414	22.130304	14.953900	22.154101	18.275739	22.875007	21.558869	20.687360	15.290301	19.907645	9.794758	21.635513	21.410448	16.223822	22.834227	7.372806	12.148220	11.374421	21.102395	9.724834	20.615390	11.374185	16.959892	22.746288	19.604488	21.354992	17.136925	19.639482	21.287999	22.822063	11.409324	22.902010	22.444130	20.635492	21.141942	21.810392	15.513922	11.608648	16.839735	16.724806	22.392665	17.990470	18.871535	21.101918	8.850366	17.452752	21.018947	22.400112	18.968908	22.663221	19.313507	10.156323	16.568111	21.178684	15.844096	21.941412	6.608771	19.206821	13.997994	22.699682	18.849434	16.766914	20.088363	19.170137	22.559757	17.849121	20.558125	12.254618	19.607367	14.730414	16.992923	15.379700	20.198974	20.102471	13.967128	14.481711	22.367896	14.090299	22.438220	18.275450	22.269107	13.600700	21.711801	8.121976	22.609876	22.411850	15.658367	21.134851	22.179082	18.935569	21.468340	18.263671	15.620840	17.374205	18.929849	7.867724	17.717050	21.192436	22.731651	21.958025	17.171947	17.513251	18.975791	21.296929	21.669604	21.128269	20.055622	21.267868	22.886777	22.657119	18.500201	22.495771	22.841680	16.534500	20.938294	14.262653	15.537904	20.619388	22.373620	18.788531	18.316003	22.590051	9.917999	21.149254	21.503606	10.153389	17.070654	22.379054	21.601368	20.207474	10.550328	15.516457	18.830249	13.314899	18.182206	20.466514
21.740381	12.458270	12.744094	22.816084	21.184945	22.692697	16.731898	21.744142	21.256569	22.577924	20.669181	14.785771	21.426114	21.175245	22.690377	20.939261	22.434438	21.104777	21.615667	8.655726	7.202592	22.687660	12.042798	20.213388	17.296119	18.967461	21.390756	21.716205	18.588135	19.853701	22.911518	22.337336	21.844129	21.302126	11.397827	19.620661	16.904158	18.884585	18.593755	6.408081	14.680870	22.561480	18.015373	18.345286	21.672972	17.525559	11.810866	21.009730	10.632657	22.790700	18.546598	13.474660	19.510414	16.077504	16.060547	21.495036	15.789374	17.312941	20.362054	22.802634	21.612791	18.903937	7.264707	21.976382	21.378470	22.859504	22.682724	19.763544	19.470020	22.535015	22.371005	11.476929	20.261276	21.050465	22.802799	14.424767	21.720591	21.896847	17.910932	20.114167	22.790006	12.481542	16.255338	18.450477	15.550604	20.505018	21.771258	16.933336	18.892419	12.637801	21.800951	22.622803	17.215281	19.474727	17.138810	10.796931	21.923475	18.600749	22.858867	18.593996	16.045524	22.381488	21.872535	17.470748	17.624190	19.111766	14.646552	19.182435	17.404830	16.226957	18.540255	17.224310	18.642950	22.914046	22.894708	19.628092	21.622200	17.278206	14.234128	22.891719	18.882444	14.055099	16.606797	20.290212	19.302734	19.662171	16.303185	14.051308	20.124335	22.650605	21.707003	18.751715	19.065462	20.133523	15.431425	22.737531	22.120703	18.865673	19.399657	21.136903	22.311629	21.072420	19.428388	16.724360	11.231361	20.443326	22.670183	22.659809	21.903504	18.078718	19.634911	17.495443	17.671702	20.572532	18.064725	15.970600	17.397019	19.785670	15.780744	21.428273	12.248884	13.893680	16.048303	19.613741	22.101463	18.601106	9.749659	22.913018	20.463165	5.818753	12.461311	13.864513	20.808070	16.804691	21.688496	20.194590	21.632217	21.220704	22.250922	22.710029	19.705934	21.356202	21.122740	12.694755	22.283971	22.323048	22.369350	15.361554	17.112230	22.913516	19.207621	15.526390	21.221955	21.437557	19.826710	22.701595	22.780808	22.767079	9.414947	18.688001	16.819765	16.192638
20.646254	20.564306	14.124928	17.190263	20.794742	22.242083	5.903354	22.439325	18.570793	21.911178	22.915580	18.039320	15.020841	10.958957	20.553284	20.752294	20.536671	8.812995	18.166415	21.067159	17.268630	16.708143	18.643801	22.238668	21.934324	16.935871	19.293109	22.353943	20.432127	21.885393	22.070286	22.595392	6.198457	22.455183	17.717357	15.022262	14.550551	17.594064	21.944354	9.821015	16.705114	11.248781	22.469781	11.453699	13.545164	19.892113	18.199611	13.527115	19.113456	21.366031	21.367595	18.014791	13.561617	13.747536	22.511685	14.843863	19.168791	19.422881	16.846802	15.845321	11.974660	8.260154	21.986488	22.725506	22.515142	15.718440	22.390303	13.239159	16.594925	13.300586	21.723875	10.470975	13.165916	20.304517	22.133977	21.680115	21.553873	22.907949	20.778824	14.601044	17.797631	12.391056	20.319992	21.871817	21.487789	18.931538	15.770743	14.460005	22.527964	21.856255	22.118721	16.741239	17.465739	18.898069	18.660955	22.870791	16.150364	9.081563	22.285676	19.832995	7.031748	10.904296	14.473468	21.444306	7.967526	22.250638	16.951647	11.886110	20.455313	19.474328	22.491885	20.591663	17.712897	22.498792	21.698737	19.711293	14.352468	20.869529	21.638175	20.576577	21.936251	15.346603	19.990357	12.775542	10.652412	17.499714	20.562598	17.973354	17.101594	5.427891	22.859677	22.516924	15.362798	12.258566	21.830676	22.153839	18.863764	15.576969	13.731717	21.426471	21.946748	21.111324	21.647558	6.958912	19.870210	18.551018	19.945918	17.061306	19.236527	16.478110	14.265225	16.228521	13.097780	21.961660	22.313704	14.717268	14.997458	20.723630	18.699137	22.831502	19.985388	22.231273	17.676636	14.906402	22.381426	11.730294	11.653675	14.855532	16.554278	22.602299	5.410405	11.390801	8.874945	16.684644	19.883031	22.765388	15.371631	19.257327	13.716701	20.172264	13.074332	22.273318	22.151687	18.547158	18.313830	21.845255	22.562317	21.972934	20.589019	19.532010	13.622354	19.863420	17.594711	18.792628	14.697446	19.147074	20.533868	22.771846	14.327569	14.488236	12.374404	19.365078
21.801437	9.584245	22.805858	13.961447	20.067119	13.993636	14.809640	10.963325	20.307215	22.283374	15.010624	6.785024	9.967227	12.267550	20.243453	16.335075	18.014396	22.572097	16.047370	20.270094	21.457381	10.475788	22.806087	19.783015	21.202168	19.319816	15.455802	21.861195	10.678743	20.434888	22.640765	21.162494	15.206184	22.266801	15.022213	22.867778	21.768626	21.237755	20.339741	22.543431	22.406529	19.314223	18.105873	15.792831	21.203032	22.362555	19.859720	22.768265	15.486406	20.786912	22.757030	21.654227	22.345765	16.231590	15.437012	11.031797	22.596971	19.151450	21.785011	22.397329	10.066350	19.353528	20.374183	19.069952	16.056809	20.957171	20.642590	21.519097	18.997678	16.554369	21.647069	7.759698	21.692394	17.248013	16.241145	18.125536	20.630668	10.166286	22.646811	18.339179	19.903838	19.021753	14.837734	20.564966	16.007768	7.603623	21.594929	20.006492	18.446735	21.997822	22.295696	21.820300	22.174575	20.392407	22.123285	17.564780	21.804444	22.366740	14.785683	18.089277	19.489571	21.047241	20.541848	22.562506	21.926758	21.340910	9.377963	19.716348	21.446180	22.848471	22.403951	14.404645	20.012968	19.874218	14.400418	20.744194	8.071508	19.038120	17.624858	19.796965	21.900474	17.301045	22.678442	9.565436	20.121106	10.328660	18.840037	20.816652	20.405513	9.800309	16.025413	13.900553	19.586836	8.755533	21.846022	18.581443	21.244384	15.577997	17.796634	21.405405	22.715873	18.535896	15.292305	16.638313	11.239065	16.979386	22.287328	18.663369	19.105898	19.209448	20.488313	22.851980	15.359723	21.641573	14.597930	14.655833	19.633478	20.107243	17.369652	17.422099	21.796229	20.593824	18.175248	12.322259	18.855523	18.496156	18.898529	22.186028	21.919647	22.809881	19.891554	16.152395	17.594424	14.419351	21.697288	17.329905	20.737515	22.635498	16.939304	18.893125	19.274309	20.626044	14.499254	19.760959	19.363397	6.896960	20.969945	15.723790	21.195837	7.510672	13.402847	18.663021	15.736616	22.508254	15.269157	19.586802	11.379051	21.957678	19.721122	16.560876	22.386585	18.391469
19.146431	10.782703	19.596570	12.290200	21.413055	21.790775	19.190200	14.777066	17.769085	21.665596	16.419599	16.584165	14.509420	21.857478	19.917577	20.000668	17.237680	19.055825	22.672042	19.840320	17.786917	15.977064	20.185622	13.312670	16.300223	22.810415	19.654988	15.004487	18.159099	20.381653	19.034884	22.847686	20.935917	20.699187	18.980739	8.981121	22.508648	16.218410	21.710725	14.742797	20.752095	20.924034	18.250703	21.299263	21.999250	19.185619	21.745582	18.365765	10.895039	15.593517	22.173813	13.696145	11.368453	22.478884	17.546525	21.083820	14.016264	22.632116	22.095992	21.771613	20.069870	13.470343	15.741524	22.242676	21.986048	20.128812	22.621371	21.734426	15.164248	19.816994	18.885783	21.307072	16.953736	14.454396	22.385646	20.589081	17.275004	12.105438	16.875434	20.723546	20.897422	21.630060	22.536873	19.912767	11.151139	21.438619	20.001787	21.240330	22.144718	16.415463	22.142952	21.340314	21.028048	19.734410	20.576985	22.712124	14.995650	19.597721	21.847039	19.927098	22.345245	20.988765	10.904817	19.689005	8.075656	18.416735	22.365501	22.596123	19.381400	20.667588	12.308089	22.847141	12.546423	17.217323	22.569596	22.903070	21.788391	22.527709	21.307535	18.051836	22.034473	22.621532	7.960783	20.897057	21.044321	10.442352	21.689656	11.801557	14.858610	22.081273	9.328532	22.259305	18.912866	19.378356	21.606267	6.005111	6.523439	20.646075	13.528392	22.383452	14.544497	20.357710	19.756964	22.369811	21.782632	22.478125	16.457735	20.863074	12.241624	22.909907	21.182032	22.121888	18.164133	16.672831	19.919241	18.822184	16.648247	19.631962	22.758036	21.666518	22.113906	22.805335	22.561556	16.794274	16.936389	13.946242	18.515326	22.694043	13.424409	22.264649	21.460896	21.378165	20.755619	22.455739	17.532637	21.680052	21.292248	19.764987	21.923243	17.486330	14.158936	16.646517	16.823587	11.038830	14.662807	19.872048	16.174981	20.774292	19.154162	20.169820	15.961751	9.996180	22.823774	22.186986	11.454826	22.851421	14.682435	22.919614	8.145613	20.307659	15.831755	18.462839
14.197565	20.971940	10.869128	17.187150	19.824556	15.350759	21.116849	6.496953	18.315112	17.536753	22.362415	14.769732	19.244506	8.867006	21.109008	14.961338	18.216679	18.632156	13.475733	10.767330	22.429220	11.166592	22.305426	13.669439	10.688192	14.257235	22.532019	22.361350	22.528588	21.104414	18.721607	22.386479	22.716329	22.665005	22.734674	21.567437	21.311193	12.101443	20.231111	22.136132	22.771320	5.151133	20.412609	21.882279	16.130371	13.570431	14.635356	15.545155	22.917860	19.348942	21.733206	15.447237	19.948932	22.284960	18.355787	12.724974	19.606819	7.985741	22.835680	16.446068	22.086709	16.864910	18.421456	18.870960	21.119724	14.146149	22.024941	17.556126	13.991258	21.315210	10.334167	13.063801	18.277915	20.257967	18.313374	21.778337	22.372126	22.352055	13.902748	11.708787	21.770095	18.354546	21.507040	13.215454	18.111305	17.005495	22.480451	18.057085	12.950006	19.618489	22.466985	19.127486	22.689857	19.714367	17.687531	20.388478	22.668123	19.689575	16.586795	14.084158	16.404289	13.039494	22.116099	15.743958	13.176286	17.239915	16.720652	21.362346	17.163095	20.584312	17.623584	15.077334	19.105346	20.732646	21.862803	8.221580	22.609370	21.759661	22.508282	17.919829	19.200343	22.117819	22.883187	17.893124	15.543827	22.591457	10.131354	22.895378	19.522844	21.251435	20.136441	16.687406	21.704731	19.611953	22.260802	19.362544	13.398889	21.087909	22.419102	8.850215	19.166797	19.658790	19.359538	14.661827	18.037573	12.146941	9.719345	22.223953	12.166129	18.868854	19.305760	11.861289	12.368643	21.515728	22.450063	14.752744	19.330570	17.717556	21.599824	15.970905	21.961006	21.996372	20.509926	21.408163	21.994933	14.983404	16.788565	19.511048	15.925271	19.959296	20.044556	14.452133	22.158364	15.286846	17.951308	21.385304	20.112677	21.408628	20.627325	19.362614	8.610561	20.482903	17.860279	18.868657	16.712958	13.942097	11.960290	22.420954	21.235848	17.031648	11.208838	19.660455	9.010011	22.907288	21.458087	20.313465	20.505488	15.826523	22.479867	17.136793	22.196535	11.019265
16.633403	20.143006	18.093175	20.057350	22.349451	22.041921	16.216061	22.634387	14.955331	20.772708	10.105926	16.759797	21.741176	22.667786	19.189314	21.725201	20.849939	21.628251	10.818754	16.425577	21.963740	18.945204	19.212023	21.140978	22.635803	18.948060	15.148585	10.719678	20.557570	22.156605	18.824555	16.375937	18.485530	19.158895	17.601712	15.098043	20.467378	21.784814	22.917630	16.656725	10.680416	18.384832	22.699215	16.903175	18.267375	21.022979	20.574547	20.210701	21.044524	9.800786	16.333516	22.660493	19.501283	16.932642	18.697214	21.531125	19.459822	16.425283	20.986278	21.668207	22.001186	19.134328	16.615371	9.964178	18.567860	17.456463	20.610271	22.241139	22.498637	17.596311	17.553266	22.592787	21.110237	21.354149	16.611206	18.474148	22.008109	22.007093	20.620905	22.598219	22.694766	15.305282	17.921182	15.887509	21.754062	15.542075	12.646082	19.548969	22.840762	18.236583	18.772083	20.140620	17.030855	20.967691	13.301694	17.306012	9.133780	14.188083	18.424903	21.978256	20.389198	19.986822	22.914416	21.593107	22.085869	22.375140	18.257242	9.142140	19.881978	9.592725	20.461226	22.245586	21.391934	14.055181	22.913568	20.243835	17.057981	9.618280	10.307167	17.068869	22.281348	6.490578	7.320894	13.976434	10.050252	18.764320	22.725000	17.275856	17.184556	17.872931	22.864283	22.327298	8.563824	15.768637	14.161087	17.025880	7.794074	21.343821	22.466418	17.376672	20.922965	19.453801	9.889622	22.333378	15.394838	16.679160	19.127746	22.872484	15.381481	8.751153	19.759132	20.626848	20.384413	20.162006	21.195462	20.123751	22.450783	12.763934	21.199140	12.393742	20.092909	22.375339	22.838028	22.546585	20.246197	22.159458	22.323742	22.830064	22.114668	20.821738	15.807255	18.812697	22.581547	21.793805	21.990491	9.912692	22.577946	18.365776	12.411195	11.860353	21.542996	13.824932	22.579929	16.196939	22.867827	20.867631	21.411793	17.906522	16.242362	18.335597	22.084997	20.373927	11.700771	10.669884	22.894941	20.634669	10.905383	17.665740	21.457145	22.678044	18.367579	21.318416
22.646402	16.798384	22.517935	21.371237	11.907478	11.613131	19.518730	22.797867	18.730792	15.357837	21.573469	12.897016	21.352173	22.841247	20.663378	13.663610	14.841956	21.622640	13.627570	7.571240	17.785489	16.323354	13.881225	13.120171	17.981913	14.602457	16.226032	20.806204	21.562077	17.139316	10.702802	17.302460	19.733247	22.905956	19.716761	13.915412	20.736293	21.344734	16.458632	15.596757	21.238046	20.632368	22.821271	15.339103	20.621054	15.657489	16.176978	19.861738	21.148936	9.489749	22.421552	21.569142	20.530203	18.599696	12.992072	15.622548	18.489026	22.592760	19.167788	21.779373	22.240106	20.768623	18.179891	9.046877	22.803913	18.100547	19.715376	19.990557	21.688772	22.075708	16.138309	18.566718	14.249604	8.446406	15.045511	18.928137	22.325753	22.577086	19.388677	19.636853	21.317573	22.500871	22.408396	21.773232	20.507514	22.467942	19.918283	9.233482	21.920842	10.762118	19.909857	22.858435	18.309051	21.922737	21.801161	10.872451	18.450480	10.475407	15.822521	12.821466	22.578577	19.842626	22.531888	19.674396	6.770996	20.478374	22.781893	19.391720	19.112501	21.142816	12.183318	21.917920	12.793669	17.049455	9.555757	15.527510	12.158483	20.093223	18.701022	19.385960	22.368838	20.715958	16.834853	13.549592	22.822529	6.790203	18.673778	22.100608	8.267879	21.296203	18.276216	17.880518	15.904445	21.612593	12.297132	14.064601	18.292182	22.882580	22.699655	21.515599	19.002076	18.523246	22.858102	21.806035	22.783980	22.011982	20.492454	21.887832	21.858097	21.019749	22.506407	20.660993	12.376917	22.341485	20.018254	22.362404	22.472481	13.609657	14.336133	21.053979	21.064915	10.985252	22.594909	16.314368	6.189072	22.613048	20.017426	21.208835	22.342409	10.590324	17.033918	17.904145	14.263758	11.354451	18.183674	17.486421	15.536288	21.023478	19.666514	19.756802	18.998169	19.030300	18.732616	22.634460	13.482133	15.426570	19.405386	16.179189	21.929097	19.162500	19.875393	14.112224	17.003135	20.175899	21.557614	13.555929	21.964931	16.769713	20.800990	22.234355	20.535904	20.674595
10.138676	16.884926	8.990830	22.537432	14.120348	22.172057	22.882141	14.968383	19.595578	21.810285	18.532688	22.500863	22.173290	15.247892	22.871145	22.704607	21.471869	16.337642	19.848515	7.963061	10.150096	22.017240	11.225001	14.680199	20.416999	11.555155	6.605120	16.073225	17.563450	20.745886	20.714079	16.651000	13.241270	20.625585	22.209577	13.919518	13.867026	22.851055	22.394338	20.500290	14.480677	17.897635	11.126449	19.852910	22.851102	17.401985	19.047406	22.509071	10.970046	21.236522	12.136745	17.590625	19.103747	22.789491	12.205068	21.703405	20.554204	15.159034	22.823715	11.885429	21.766459	9.171010	21.210629	15.134757	21.547005	21.717002	22.623859	10.901345	8.132799	10.757179	20.567975	19.634369	17.094643	18.605784	19.010413	6.513529	22.588107	22.383172	17.169296	16.014146	18.288722	22.404386	13.152918	20.488218	19.240239	12.813429	19.032626	19.909058	21.105425	21.478845	18.278183	22.487583	14.342925	21.164611	13.882345	16.431347	22.744858	18.806826	17.615636	21.751723	22.704706	8.168613	12.854942	22.339693	22.494451	19.459845	21.996900	21.265905	7.708082	18.968925	17.807401	16.671916	13.165227	21.959937	22.832537	17.156327	21.464722	18.450997	18.694300	15.733248	22.575971	17.412983	12.896844	16.475732	16.891004	22.888056	20.225370	15.286400	19.732450	20.285419	21.252547	19.225684	15.179002	13.031649	20.205913	22.237828	19.316156	18.138485	22.078145	12.844351	22.325391	19.262482	22.900731	16.017196	13.223861	20.331416	21.790896	19.847872	20.478145	17.860011	16.114715	22.907548	17.525598	21.937516	20.484495	19.229292	17.855795	16.599857	20.470446	14.793041	22.792585	20.575086	21.839119	11.799325	22.891901	17.906088	12.855023	15.340748	6.694103	20.405271	19.627953	20.752864	19.495477	14.910351	17.125722	22.521048	15.773845	20.343877	21.996640	16.293371	21.815556	21.128781	15.993614	21.142772	22.681213	11.762341	21.742768	12.509310	18.736531	21.649865	22.294787	13.680830	19.590932	21.429533	20.587518	22.859745	22.518061	11.319185	18.290408	18.588611	18.710058	10.030935
20.465262	22.248813	18.417041	18.459447	14.454515	10.376363	18.953951	14.520134	11.736074	21.521025	22.681279	15.923407	12.936790	20.192407	16.153485	18.491752	16.102719	22.755033	21.922300	21.778465	22.624979	18.305506	17.455124	22.095803	19.499858	22.180702	22.738919	11.055833	22.267124	19.683839	16.960043	18.651342	19.554615	15.951342	12.810491	14.493891	14.777710	20.523540	21.050587	14.736267	18.715166	22.713117	22.115736	17.292765	19.461412	21.826934	11.114982	13.176682	14.179347	16.117802	20.953228	19.430509	15.175959	18.023258	16.579120	18.475127	22.883655	9.939564	22.661185	17.676311	19.927760	19.168682	11.427766	21.728949	22.426715	15.408653	17.955661	11.884239	8.636984	19.108866	21.411340	18.479896	20.760767	16.620656	19.485520	22.410263	18.802974	19.366725	21.107580	10.651673	10.988078	19.426324	13.754559	12.186718	15.658647	15.810396	14.869277	18.063669	18.257621	22.786207	17.193163	20.667811	22.636045	21.052191	20.653090	18.407041	16.144972	20.449584	19.641527	21.816796	20.979752	22.869039	16.691876	11.642292	10.485558	22.523175	22.675431	8.857486	13.249515	5.875962	22.823249	20.831812	12.260489	22.581507	19.473853	21.044114	19.540411	18.708821	17.116147	17.165007	13.144721	21.897423	8.180297	21.413339	19.717718	17.472159	17.654056	21.166535	21.198748	13.910901	21.628045	15.282458	21.643953	18.546900	14.331703	16.249924	17.534365	22.707675	20.892712	19.879384	17.296319	12.669093	22.220055	17.348559	17.710781	22.469111	20.202639	18.860750	11.890297	14.694417	8.117063	14.643120	20.738133	21.030010	18.175028	19.596623	9.991610	12.744030	14.064305	21.198986	11.121100	11.492189	20.321156	21.341345	19.727130	20.751441	17.634541	22.457689	22.202335	14.342197	22.827087	20.999391	17.490111	20.590421	9.417068	19.195113	19.976600	15.949758	12.758403	5.190004	13.920740	21.979628	19.873274	21.694251	22.905254	18.604291	19.528285	20.481049	13.881239	16.615034	16.107563	18.922603	21.737681	21.646998	22.874200	19.079673	21.383837	22.067428	9.656172	15.372844	21.236956	16.929066
14.490323	18.656841	20.547462	12.838119	22.250726	20.040252	19.539789	13.294867	19.656461	18.277612	17.375704	15.046995	18.323164	15.046834	21.887583	13.078960	14.696419	19.358983	20.593888	11.916724	18.396341	17.691067	21.892570	22.840141	22.149050	21.582260	21.579130	12.793043	13.285425	20.497444	22.871985	20.111508	22.881497	8.997029	17.083524	17.279455	16.947847	16.865141	19.450294	13.217675	22.058251	19.690861	20.218510	20.483327	19.534603	15.652598	17.588061	21.490047	16.282744	18.779014	21.349778	18.469916	13.781934	21.154640	22.692685	20.559072	20.868608	19.245119	21.758866	10.680043	21.535877	16.754597	20.292452	16.370102	16.582562	22.807296	10.352110	21.602495	16.022013	13.773901	19.999168	22.682951	20.463624	20.892182	22.681151	17.933438	17.594259	9.977208	22.706557	10.766535	7.310115	22.776745	22.479404	21.282395	21.850208	15.436911	12.394154	18.712298	18.267812	21.565830	21.053084	17.748860	22.648271	21.961800	21.846520	19.631626	17.544754	22.281282	22.322279	13.741576	22.700809	22.149211	16.899265	22.012509	21.115575	11.475941	21.403310	22.237299	16.690921	21.415809	22.304833	12.002967	17.243844	21.257079	13.790494	16.485864	20.860632	11.785198	13.990693	17.412499	22.050648	19.559373	22.652513	21.554592	20.588521	15.158635	11.426268	18.394303	17.052030	20.896093	13.545182	21.742846	22.763995	10.924610	13.930726	20.452138	21.338249	22.405250	20.749496	14.158524	21.094207	21.622367	18.354159	22.882468	21.526263	10.035258	22.484914	12.808966	18.464271	22.771439	20.621624	10.569041	22.485100	20.783776	20.354820	19.228575	13.096706	22.037082	20.064015	22.863319	18.207542	14.748841	15.213595	22.907356	21.887279	20.567042	18.480896	18.459789	21.110981	20.094892	22.859324	19.058303	20.515280	22.039529	16.778245	20.505947	22.847501	22.710837	18.884925	16.083312	20.691081	10.461789	22.861415	22.915872	18.787634	12.676162	22.414328	14.297557	20.461979	20.321341	20.685558	22.858135	18.555371	20.606338	21.220308	20.789743	21.996594	22.537871	10.616216	14.695726	11.768432	19.828183
19.490317	20.417695	22.053971	22.359085	22.741729	21.861102	22.619209	22.856473	14.041127	8.228335	20.689523	19.859266	21.171924	15.951503	9.738033	20.644841	22.436309	16.638615	21.336284	22.208312	11.880824	13.999478	21.726645	18.030595	7.151964	22.727947	21.320775	22.824250	20.831377	11.191037	21.216701	15.595062	21.922434	22.447554	19.978569	9.480071	22.026777	16.405657	21.785280	20.833024	22.640031	18.889948	21.818776	18.150019	17.733664	18.011494	17.050625	20.369350	15.304011	9.730342	21.850754	13.788570	21.514377	21.048351	22.884057	22.814355	22.243919	15.568902	11.435495	14.799209	22.581006	22.312710	18.157677	19.568253	17.486268	21.721339	22.451097	19.723226	21.720432	12.951392	22.878193	19.951378	12.813861	15.157769	17.657242	22.501802	20.324733	21.004229	21.357969	10.590479	21.628074	18.969347	21.254205	17.518000	16.396557	12.060809	22.337871	22.438689	22.023776	21.490237	19.308616	21.982422	14.576769	17.723927	18.786489	22.775106	22.450361	21.701737	12.174187	21.522974	17.153429	18.486630	21.499589	15.546426	13.838994	22.858210	20.748992	16.052718	11.892281	21.698155	21.459472	15.640331	14.071667	13.516169	22.888484	22.095277	22.765272	20.446883	22.127031	21.398033	21.121290	15.155601	22.619282	10.291814	13.885924	22.749438	20.282913	21.571767	16.752754	21.457452	21.090204	20.711750	18.353512	22.213065	16.157441	16.846835	14.146328	21.603259	18.976126	22.736180	22.511559	21.301676	9.558744	22.422356	20.649039	22.898032	19.699259	12.643305	21.306326	10.658599	18.788507	18.745100	19.470218	18.379632	15.817728	18.575748	22.526893	7.793124	22.534483	22.832323	22.196633	15.658902	21.981042	9.730598	18.301089	18.602605	21.791866	10.373767	16.845334	18.343691	8.068829	10.170955	21.181514	22.077183	19.636243	17.434930	22.690205	18.787720	22.744023	19.629229	20.452184	22.297356	20.786648	21.576113	18.889105	16.665938	22.695060	13.645382	21.744375	22.607706	17.245711	20.879130	22.223004	20.796976	11.638905	18.021674	19.669772	15.055898	13.736786	19.504038	20.555421	11.020114
14.354496	19.439848	18.841910	22.390864	19.947304	16.302107	22.665744	17.682843	9.068280	18.428073	11.586151	11.136845	21.413800	20.334624	22.337021	7.978956	22.914851	11.225046	5.037427	20.524359	21.825352	22.644490	12.810088	18.283350	21.027963	22.097696	19.278668	16.261228	18.578881	18.937467	20.113964	11.362976	13.070919	21.432118	17.051964	22.674666	22.876207	21.254540	22.357233	7.372277	7.074521	19.137551	22.148889	18.587376	21.934261	13.363042	16.224610	17.094512	12.122932	12.335458	22.874033	17.343449	21.661184	14.670627	19.493727	20.714713	15.635459	17.238462	22.901906	13.612931	16.881290	17.332956	15.237536	10.759845	19.724386	20.288079	21.605011	16.788821	16.349620	14.645756	19.308473	18.931336	17.975219	22.065670	16.861350	22.793400	17.594837	20.152396	21.149723	22.767918	22.069028	12.658722	20.392946	14.456056	20.178168	18.210517	15.511028	22.814704	14.562368	15.524961	12.009113	22.797129	20.081723	18.624212	17.110612	22.037624	19.776895	14.975760	9.466774	19.263710	21.517403	9.676150	18.238391	18.045369	18.300723	17.298827	21.065432	16.306068	22.275484	22.895509	10.110760	8.562186	18.844634	22.771008	19.555442	21.298924	20.221935	18.900897	10.405302	20.598473	22.906320	18.409977	10.139493	18.350257	20.887914	19.879677	18.539263	19.937145	16.902467	11.823513	22.118320	14.562368	7.529152	20.543071	21.011077	19.139370	22.393913	17.010148	20.798629	21.240657	21.575513	17.253478	20.166868	13.725489	20.328567	21.676704	17.497192	20.867253	18.632901	21.067456	21.659349	20.570015	15.367071	21.356184	22.914290	22.105228	21.958289	17.604627	21.883387	22.627007	22.898909	14.201103	18.925521	15.041851	21.807061	16.729327	22.658939	22.854165	22.807314	21.423304	17.320825	20.029452	19.132102	13.191414	21.551991	22.233224	22.911307	22.161786	22.609798	9.747814	21.309935	22.684628	21.632664	19.674963	20.120131	20.305537	18.463042	20.572230	22.757113	21.178510	15.702359	21.589088	21.898546	17.671509	20.504456	19.096940	22.182619	19.223212	21.460461	13.597136	21.064680	10.114306
20.137072	19.602049	17.120556	21.165287	7.825990	18.348786	17.952544	13.852128	17.766476	15.588905	14.083702	20.380587	20.026109	21.575427	19.951294	22.322279	20.033084	21.220831	16.639952	18.002421	20.798737	21.987302	22.648832	17.736415	21.633392	17.420075	17.575055	18.428289	15.564968	19.064213	22.743077	21.998932	21.897934	13.236182	22.847477	22.872468	20.795832	22.607555	20.211750	18.614554	14.648438	21.601487	22.458728	21.064554	22.902548	20.986945	21.746867	19.356904	11.927762	22.752994	21.838533	22.134107	22.591722	19.845543	13.972823	14.940054	15.747340	14.269037	17.236149	18.268996	11.860702	16.788878	14.074307	17.114920	20.875633	22.299779	21.036024	19.477630	16.490973	21.213153	22.403663	15.023559	21.854848	19.700518	20.542291	15.221481	21.428937	21.499934	10.261671	9.033858	7.140969	9.861493	12.157267	18.221151	20.851448	21.883138	12.269569	9.771015	10.239683	21.653022	20.024523	22.908824	22.232174	21.624908	21.526367	16.291596	22.912392	19.292522	18.195154	22.856219	9.805447	19.573381	19.107563	11.400201	11.589029	19.264534	21.674305	16.593818	18.523135	6.712019	18.177674	10.944931	18.256153	20.359741	22.522619	14.543655	22.631059	16.726269	22.635121	20.713065	20.111382	15.377499	22.272909	20.654677	18.941790	18.196107	19.923605	18.754385	16.147335	16.347963	19.329097	7.909099	13.746803	5.391019	21.942361	17.521083	20.246350	20.348985	19.549820	19.828598	21.138777	21.834838	22.546276	22.093436	17.876456	22.773886	21.960540	14.131341	22.660406	19.650603	16.910831	21.421142	20.052445	22.349645	18.792068	22.738627	22.547677	15.251160	20.998743	22.880456	21.316022	22.491655	21.270338	15.593766	17.060832	22.734640	17.493881	6.476112	13.067687	21.918403	21.745949	19.830390	14.875662	22.650588	19.290005	19.409145	17.621454	22.630319	22.058186	22.883205	20.433474	20.061194	20.459380	22.791621	16.286408	21.597987	21.132401	13.222658	19.814296	18.147239	21.196688	22.688426	14.858995	15.688802	11.165832	19.484511	22.519731	22.838124	15.825062	19.075344	20.686604	21.963488
19.061451	15.638743	17.152343	22.047526	14.717997	21.670691	21.227303	22.468267	21.747315	14.340635	22.654970	16.743349	17.384396	21.684239	16.926606	17.286079	19.404972	21.728035	15.095045	21.347281	20.045442	15.948919	21.623583	17.316766	19.946315	22.503569	9.745603	22.157155	22.346539	19.151342	19.098149	19.265016	22.154318	22.192490	19.651630	12.533428	13.341956	20.599477	10.834827	17.013124	21.618213	17.399742	18.714914	18.230430	16.516910	22.608835	21.603088	17.645941	22.701668	21.465222	21.410050	16.827687	22.525440	19.549684	22.282537	11.474850	16.306970	22.453322	11.882402	13.528149	9.672588	11.964909	20.492189	21.676640	20.528913	15.887503	9.966897	22.599295	15.294429	11.411576	22.074849	6.027134	21.362270	19.333681	13.997335	15.902099	18.393542	19.493225	16.148699	8.303049	20.597291	8.893490	17.967825	22.557148	11.149896	20.441387	20.002166	22.588895	19.826696	17.394698	21.214317	20.142684	13.647662	22.317591	16.219228	22.801163	19.912910	17.085593	22.318679	21.846894	13.662690	16.238750	19.019098	17.518527	16.436327	18.920373	21.004113	7.814471	22.919490	13.881322	22.119060	22.576304	13.858248	21.382139	21.423561	12.334110	16.956108	19.670771	21.773239	20.557190	12.054486	19.346070	19.432227	21.649665	20.027993	17.179360	22.880200	21.102478	13.463126	22.916853	19.681301	16.210228	18.263785	20.509727	12.695916	20.006360	19.951523	14.357153	20.366235	8.277445	10.431729	14.401477	22.444607	20.570447	16.465506	8.078009	21.349356	22.231631	22.246489	20.553667	17.012304	17.393911	21.165114	21.900648	15.417312	16.541362	22.206131	16.994182	22.804687	18.423089	19.256060	20.196501	11.089957	18.345658	16.767413	22.545551	13.580110	22.754294	20.405531	17.433052	17.013558	15.471217	11.771143	6.809776	15.443331	22.812000	9.425850	16.918945	10.922510	19.631427	22.630889	22.899171	20.748736	21.822383	22.684399	20.710051	21.590501	22.414394	20.857420	21.212458	20.040002	22.391351	18.161852	12.796346	17.986955	15.160865	9.571262	16.831868	13.125346	21.726784	22.431915	20.396869
8.378859	20.290257	21.742557	15.481817	19.989352	21.328608	21.632766	19.016196	12.605162	16.446189	22.107550	21.268481	21.071234	21.194701	17.812504	16.171567	17.049138	22.532562	22.745242	11.118683	19.617069	14.623273	21.794928	16.302526	19.524343	22.067696	20.419529	14.047010	19.558424	20.843270	13.308007	11.221192	21.116272	19.406333	20.621977	19.399932	20.298088	16.960358	15.625359	18.033721	22.689460	12.817172	20.737885	22.520427	22.822046	20.053056	10.391726	20.519408	17.871752	17.680797	22.454813	15.547061	14.626855	22.863357	22.018536	16.580710	20.128890	17.762599	15.879211	14.021200	20.447222	22.704262	10.075394	6.974501	15.451280	13.644902	19.984603	17.916766	22.217883	20.030586	14.918312	16.023918	11.810250	16.820130	18.226924	22.065908	21.203244	13.087337	21.664458	15.498883	22.093745	17.112862	21.722187	18.773438	20.062583	22.200312	21.628100	21.020280	19.230634	10.214016	20.591979	21.086432	22.645596	22.219017	17.126198	13.820595	14.229821	17.182902	18.939311	22.092925	22.251042	22.756705	5.935989	18.859278	16.393471	10.578855	13.398476	6.589536	19.868447	10.769689	22.365703	21.238385	20.763598	18.987796	19.358355	17.372317	16.603136	9.798609	18.965384	19.160499	13.875392	15.151903	14.974975	20.916449	18.513477	9.739338	22.283350	22.892346	22.592964	9.390454	19.551163	12.525380	22.080122	9.858758	22.882135	20.748857	14.085812	17.553405	18.639277	19.501127	17.934914	19.628070	14.473286	21.333063	16.251148	22.153281	20.642200	22.354059	12.401927	18.691922	22.882046	19.486735	19.231657	18.969120	16.537828	18.808305	16.886170	12.009020	20.136352	15.640033	21.871462	22.181104	15.747443	17.923970	20.200764	17.307028	17.158482	10.757527	22.859197	22.295938	15.430348	21.430233	7.934376	15.054682	21.967779	19.005232	7.443826	21.720505	18.273596	19.822254	13.264238	21.384198	8.675358	20.225111	16.342096	13.083869	15.359579	21.307914	17.141870	22.317499	22.048693	20.545053	20.021503	22.179195	21.883601	22.908546	12.025488	14.131141	15.643642	21.740098	19.677854	22.204920
9.979647	22.021380	12.384757	12.478713	22.144857	18.213228	20.830632	21.985905	16.858963	19.417641	13.898998	19.773447	22.225584	15.558034	17.173791	21.574279	20.710104	8.438936	22.790922	13.469565	17.777714	10.305838	11.609556	22.086407	17.738254	19.328091	20.973571	9.259927	20.831704	19.629490	12.338655	21.305061	22.396975	20.834109	21.601438	20.730027	21.417964	20.339610	20.599602	19.962714	22.614943	20.342131	14.843721	19.392989	21.595566	19.159623	7.963398	21.304176	21.260667	22.869628	18.587826	11.420244	21.050143	21.912713	22.298440	21.694149	20.298024	20.155516	18.063556	15.597511	12.631832	18.968464	15.636162	14.876728	19.112593	21.663374	18.978090	6.310421	20.930213	17.217571	20.913574	22.263176	22.151834	10.682118	14.406808	17.242345	17.998234	19.566452	20.775668	16.191302	15.552487	22.625463	19.244414	17.309681	19.416494	17.714464	18.261385	15.837263	13.331767	21.527638	17.251417	19.939439	22.630252	7.429565	11.480445	16.126452	22.654522	19.744914	20.290532	14.879965	21.222570	15.326144	16.328767	17.849366	12.454269	22.381115	22.075414	20.985353	22.044109	18.974999	22.376261	22.527197	17.967518	21.110496	12.111593	21.115296	21.993833	18.207043	6.838307	22.043001	22.764835	22.088661	19.815608	6.647444	22.842970	21.487396	18.986032	13.932516	20.490313	18.633649	16.860687	19.484707	21.203766	9.258344	21.241415	22.111750	16.136424	21.486969	17.758321	11.684625	21.531797	22.699131	17.755247	22.493370	12.509946	21.171131	14.692891	15.099260	21.218031	18.746868	8.107419	16.158753	20.270398	13.135049	11.426520	22.593598	20.526966	18.698574	13.027065	20.920329	15.791714	20.568735	15.751568	22.713409	19.967586	14.460103	22.765952	17.184070	19.585845	9.491005	22.764686	10.072382	18.951766	22.487933	18.795122	18.571275	16.198823	11.440758	17.365795	11.877262	20.702837	12.703038	12.109417	10.568483	13.866719	12.735801	22.371499	22.822705	14.682568	19.188014	17.487229	15.806664	19.763477	17.259400	22.737464	19.469506	14.009985	15.287569	19.899253	10.390523	17.617963	20.466473
18.300360	22.474141	21.075648	19.998742	17.103228	10.642004	21.071036	20.311901	15.298640	9.213653	12.496561	22.818950	17.490205	20.355989	20.665930	20.683431	16.639729	22.434725	20.327591	17.575128	22.206162	21.133360	19.806015	19.829486	20.874376	22.166555	19.142246	15.505946	8.849536	16.029302	15.785327	22.892795	17.155681	13.201367	19.413574	21.227476	22.782647	21.214543	22.897484	14.998298	14.565164	22.092783	21.338905	19.752327	22.828638	8.281042	18.562767	15.756893	22.889323	22.850332	18.125125	20.383376	20.305699	18.140746	18.581811	21.521709	11.647637	20.284400	20.867088	22.769789	22.736801	12.048551	6.995690	22.324040	19.889378	16.082078	20.410880	14.375663	19.698465	22.206695	14.318100	21.785601	21.354293	21.801058	21.879798	12.957457	22.912124	20.225913	21.236912	21.953248	22.330968	19.227522	15.564183	22.783115	19.622334	18.936056	20.851847	21.800403	22.447481	22.037582	20.627269	22.914909	6.767216	17.095417	16.223893	8.851016	16.755902	22.865076	21.939035	17.862454	12.649919	19.074925	21.714063	12.927279	21.631776	12.496077	17.673195	20.412454	12.594584	21.163226	14.764482	22.781327	17.967180	15.436564	22.563041	21.099598	18.776129	6.116138	19.872445	20.014333	10.245430	21.289780	22.897882	16.001557	20.037231	17.629314	16.133743	12.378604	10.114826	14.249447	21.147326	22.438441	20.671700	22.359614	21.022338	22.869297	20.735771	21.405398	22.721562	17.582799	18.455536	13.487021	21.390149	22.430155	20.835648	17.357398	21.266910	22.239134	22.836720	20.721065	22.547801	20.853128	11.803553	22.901342	20.135361	12.555379	22.037107	12.730330	12.255690	12.504583	21.884478	20.803722	11.955596	21.232159	20.484959	17.473231	19.555171	21.642257	18.239804	19.404174	18.738252	14.042785	22.895952	14.964106	20.331501	18.656974	17.157160	22.074019	15.607492	8.952541	8.898047	19.625171	20.600568	18.926311	22.362161	20.529891	18.764774	19.164148	17.947071	21.851763	17.013838	21.385670	19.438163	21.598223	16.093626	13.221206	21.317364	14.649555	22.518217	14.094917	20.797893	18.576365
18.341683	22.479827	12.323695	20.157453	21.847440	17.280227	22.059100	22.613308	22.721596	21.029265	22.689972	20.385444	11.234710	21.446637	20.902153	22.477665	15.423026	21.855845	20.034418	12.799600	21.784665	20.826723	21.689555	22.734216	18.905861	22.840064	17.226338	16.972369	19.743397	20.446541	17.808181	20.223327	22.903308	21.559201	22.869514	13.432412	14.363985	21.074323	12.287976	22.421179	18.992424	21.954082	8.798551	22.856044	17.339167	8.596233	9.973491	22.227214	20.256040	19.875097	19.441828	15.964307	20.689936	22.323178	15.672663	17.611266	16.734151	22.914640	13.302193	22.762922	20.832209	22.721511	19.952403	20.094737	19.520987	21.312460	19.790001	21.822444	17.102651	22.011138	11.676127	16.426240	21.156531	17.632582	21.494646	16.390582	15.093021	13.503537	17.496608	21.115414	10.242254	17.326678	19.120686	22.482740	20.078370	15.852046	19.246594	14.508053	19.369061	20.996009	16.794971	16.239312	13.027874	15.485446	17.396888	19.060102	22.700869	21.007667	22.598434	21.214243	12.036199	17.957396	17.835624	22.805664	14.293671	18.957337	13.185208	12.469447	22.801459	17.082575	20.070156	11.082073	20.592625	12.024891	18.464254	22.629812	21.268662	22.181637	16.557072	18.669977	15.473696	17.170893	20.477065	20.663775	18.437881	13.936172	16.464841	22.593394	22.416195	18.704845	21.904752	11.930311	20.413129	13.949950	22.088602	10.909105	15.060146	15.330901	17.224686	22.588082	17.636641	14.758418	18.128400	8.768268	17.850790	11.983664	22.057573	22.656467	22.855957	20.962802	22.411428	14.603684	20.226106	20.155537	11.900179	15.003368	22.057478	18.515825	22.528336	19.782764	9.734361	20.577719	22.489439	20.909814	20.911771	18.784776	20.205904	19.794093	21.410039	17.698466	16.875822	22.102915	17.047909	12.029449	20.341828	21.538372	11.801636	15.362475	15.071913	21.980020	20.057667	19.046516	22.012168	18.575071	22.170682	22.655293	22.177095	20.875172	12.769412	13.650609	19.825181	21.259408	22.428839	19.560732	22.688805	22.824739	17.953730	22.852058	20.523144	21.782311	17.758820	20.819736
21.688014	22.812117	19.738862	18.804418	19.805734	21.438221	16.368665	21.497201	22.002061	13.593776	22.638492	18.768910	21.081353	22.664273	15.463954	21.602213	20.577340	19.138360	18.441760	14.645935	19.332427	14.201277	12.767363	20.675599	21.311169	17.879975	22.151148	20.588665	17.876415	21.220698	20.796416	18.000959	22.034697	22.143149	20.006621	20.206962	11.813756	19.986484	17.094723	18.095090	13.592279	17.993206	22.071870	13.027019	22.519089	22.794307	16.503704	16.200292	22.534945	18.410495	16.133558	18.483057	20.164507	16.057248	22.902724	21.540281	21.380263	19.559452	13.224214	22.619607	13.849247	22.855766	22.293251	20.682697	17.264760	21.004823	13.150746	14.180982	21.679028	18.224560	21.059610	20.243726	11.875835	15.339131	14.331539	14.556595	20.445193	19.762769	20.065895	22.609252	22.544467	13.866901	16.117452	21.760240	20.498437	19.053569	21.403764	22.365701	9.288894	19.051057	21.021281	21.974519	18.306929	10.864277	18.468960	22.741308	21.556206	22.123803	19.738719	19.099935	13.189327	17.987223	20.244365	22.631050	20.699559	18.391424	22.902578	19.925451	12.507603	21.574319	22.039076	7.452922	13.349620	21.157127	15.477754	19.503840	21.522957	17.609085	21.195513	21.817349	13.735442	13.535182	22.549457	22.649501	22.202758	20.120242	22.877744	19.792282	15.765666	20.288470	22.006626	12.197229	20.994865	8.043008	17.415905	16.071340	22.676307	19.532868	19.939259	21.742473	22.299925	22.225812	22.664881	13.535666	21.654055	22.917140	17.615689	22.441073	20.749537	6.873209	13.847282	20.792900	18.069706	10.816412	12.841813	19.415672	20.070698	9.791661	18.019746	21.502822	20.095046	21.451084	6.229720	21.635251	21.599629	17.239447	16.866410	19.043548	19.179831	20.282718	18.829255	20.783356	15.978945	19.653881	20.796973	22.907467	22.053083	17.791399	17.523497	21.846156	9.052249	7.584176	22.856586	20.556104	17.128879	22.757255	21.673564	12.270141	22.524886	22.558442	21.959968	9.771222	20.793280	22.380085	20.220698	8.480998	20.518921	16.963498	17.507589	19.482037	19.913607	17.263012
13.445850	22.206426	16.144691	8.628015	21.771572	21.390627	15.256381	15.991894	22.164904	17.445369	21.528947	19.805651	20.707753	18.661465	21.743851	20.270728	20.375894	21.841268	14.698194	16.885109	21.587860	17.650025	20.242168	22.737984	22.119408	20.826300	21.754250	22.285756	22.435021	21.254653	21.265955	21.905300	20.006259	12.415404	19.093901	19.948280	11.854504	19.578875	6.999656	20.672093	18.110606	21.508822	19.872632	18.763711	12.494334	16.279330	21.949002	20.707993	11.556152	21.123701	20.794960	17.019683	18.911131	18.742299	22.469484	10.413189	21.123165	18.006151	13.239631	21.007900	19.114828	21.604135	22.080282	22.653275	22.102721	17.198595	18.435571	20.406890	12.003088	20.399478	22.662733	19.438897	20.657426	8.510552	13.202364	16.364975	22.016967	12.497125	22.492939	18.718720	17.642029	21.916641	22.446081	13.009279	21.323396	22.681757	11.605559	20.067278	22.917846	21.091246	22.745448	22.068248	22.128419	18.733775	20.043083	19.569461	19.464276	20.940063	14.370051	9.023847	14.648832	11.566489	21.829566	11.295454	20.001004	21.140764	21.557883	20.344812	14.301384	22.090362	21.380573	22.097532	22.728111	19.190841	21.516172	21.115601	17.048983	14.829930	20.800594	15.932220	15.779415	21.375917	9.955846	14.862448	21.578743	11.744227	17.478994	21.764610	22.615968	22.527834	22.822204	22.861829	15.884474	17.839056	15.871454	22.621229	22.324297	11.072222	5.105212	21.003126	16.885568	14.527177	19.830769	19.130208	22.699590	22.739575	22.610611	22.773818	22.056816	8.373339	17.800929	19.903883	18.558882	15.357103	14.877255	20.998632	18.371287	19.336159	11.325240	12.909639	22.461224	7.678106	19.922004	17.591662	15.625864	17.675521	22.851322	22.559856	17.401492	16.646504	9.421063	17.309435	22.201019	7.776427	15.610215	22.708486	20.791777	12.352218	16.376925	22.291011	18.657310	17.516898	15.509707	21.617257	21.400590	18.951911	20.442055	20.234573	21.479137	18.949474	19.968933	16.118288	21.284324	18.174485	8.532283	12.350653	19.848359	18.938084	22.021811	12.822574	22.089307	17.610151
20.980684	21.308688	16.360811	19.000772	20.694924	9.350301	21.804984	13.668097	20.490560	21.679821	17.697703	5.642698	7.289784	22.223101	14.107533	13.791835	12.720761	18.356746	21.373856	19.934564	22.329039	15.493547	22.896097	17.781601	22.606918	22.485302	19.696061	17.120737	13.435306	19.326463	22.711391	19.693350	20.094147	18.787784	14.294066	19.978274	18.785680	21.696786	22.907221	20.700033	16.389135	17.503724	19.906436	17.536288	22.162733	18.676281	17.385405	22.762381	17.792733	22.799174	21.095184	22.305416	20.844230	19.234291	21.049826	21.179294	21.983217	10.927608	14.859550	18.677377	13.926653	22.231597	11.565020	22.885221	22.856847	22.669259	20.332994	22.570471	19.955363	18.275596	18.901581	22.548846	19.696412	22.333309	21.777575	20.853629	20.918130	19.652607	16.465864	16.803828	22.863941	22.064381	5.572069	18.652440	21.468943	8.072772	22.868417	13.964973	18.515517	13.165188	22.430115	21.510040	22.859366	17.700757	20.547876	20.974884	18.321685	22.295474	9.609300	17.495749	11.757581	20.434657	18.970545	19.893007	13.350705	22.075056	18.212784	16.052608	19.382898	20.933352	18.749761	22.521535	18.011019	7.184477	22.791673	22.904290	20.301830	17.184383	20.784091	19.666333	8.802076	15.949121	19.515736	10.629537	18.704033	22.297801	14.761038	22.370044	21.343249	16.658370	19.733138	22.433279	22.294784	20.826563	13.552896	20.623397	13.175258	13.802399	22.163471	19.025793	22.685246	11.795907	10.189124	11.979964	22.891969	22.020555	14.000770	18.001831	21.406366	21.297181	13.978076	19.842824	16.005299	18.548089	12.789220	21.105854	21.852494	16.325726	18.746365	11.778144	16.575974	21.130275	19.527466	18.793982	22.295444	15.949499	19.147263	15.203820	18.971856	18.652148	20.386312	22.553655	22.834289	7.368793	22.060865	22.033278	20.977252	22.696093	22.856594	21.675767	22.846908	12.196826	17.304327	16.365697	19.030022	22.368494	22.212203	20.426669	22.300904	17.573856	16.768783	19.740426	12.585545	22.386163	20.016186	16.832582	21.613392	22.797200	21.635395	22.337502	22.309897	13.407465
11.733540	19.280676	19.504221	21.616645	16.116390	14.324928	19.467036	17.767735	15.783681	21.870157	18.348680	18.605482	22.761769	22.029695	18.331086	10.965591	20.170273	21.101640	16.608121	20.713049	18.330667	16.663428	21.376798	22.868163	11.043136	22.463099	16.224674	18.171427	10.253965	13.475015	22.109284	20.031274	15.234054	22.805670	17.916786	11.930668	22.052640	14.812906	22.751372	21.362720	20.090012	22.820474	10.027131	21.327686	7.483052	21.704989	21.240015	19.765112	16.174128	16.653629	21.312126	22.454466	17.810859	22.750494	14.884931	14.802370	22.885778	20.638416	20.868247	18.648601	7.383155	22.684013	13.365263	7.776415	22.251959	22.182353	22.865236	21.548765	22.648702	21.538614	20.083194	21.668926	8.562913	21.743290	22.355796	21.377147	12.431010	18.730570	21.958420	22.836759	21.994025	20.344928	20.620099	14.002120	7.984441	20.142251	21.103461	19.592506	19.926963	11.731230	22.303979	22.087930	22.628557	22.769894	19.314956	17.377641	22.127609	18.685884	18.399657	6.402536	10.991343	8.903635	17.336399	18.157076	19.470281	15.747627	18.854656	19.844262	21.648136	18.126431	19.636735	13.316373	22.357755	14.446832	22.710261	22.748747	12.091883	19.868284	18.163034	20.212257	22.237531	22.363579	13.885955	16.902435	22.330788	22.496338	11.061324	7.229635	18.691038	22.723332	20.828604	22.562013	21.135100	22.384990	18.828430	21.808991	21.313981	22.423261	14.432512	20.189707	18.074596	22.895494	18.293978	19.449470	15.630751	16.201232	12.808871	18.636560	18.632942	21.619074	16.336698	13.871779	22.035575	11.436371	20.765009	22.719562	21.800508	20.084540	16.415781	21.762612	22.733206	21.049426	22.547134	22.370867	18.157086	19.880746	22.433207	17.168443	21.593779	13.505516	9.748444	19.715503	16.052217	22.625305	18.491400	22.884853	21.750138	22.540125	22.309307	8.944574	20.322285	22.516734	20.617322	22.252306	18.269356	18.834444	9.737651	10.834219	22.530757	11.606577	20.270818	18.521820	17.644937	22.230989	22.421564	16.255442	20.044222	19.735008	22.818200	22.432612	18.821654	12.651517
22.247181	21.511338	21.739358	13.159117	16.241951	16.330030	19.616121	20.986484	8.124554	18.928679	22.054533	21.951893	16.428176	14.332034	11.441421	14.244706	16.864188	22.577639	19.333768	12.397676	17.708867	20.878560	17.154964	14.719391	22.899407	6.584314	16.401757	21.764942	17.791360	19.175070	22.530590	17.165684	14.463869	20.676847	22.490810	20.403503	15.666223	19.885741	13.165883	22.590496	13.888729	16.960507	20.128925	13.362288	22.818728	20.546347	22.805667	14.353652	20.873596	19.406387	11.889124	22.256645	21.872065	22.349015	22.789208	18.826388	8.607390	17.046101	18.584116	22.061486	22.826322	17.881029	21.811436	16.989061	22.130839	20.206227	16.232013	15.312731	20.219659	21.218947	18.699044	15.772829	18.180931	21.832082	8.911199	21.174169	21.122070	19.811198	22.634851	18.619758	22.394327	14.692381	21.956743	21.349629	20.554819	20.766549	19.228379	18.425852	22.280192	13.627263	15.535931	18.352303	20.720418	9.410386	14.239972	20.724611	11.534900	22.907911	16.554227	20.838570	21.102732	21.283838	16.566831	22.806272	22.746608	12.746407	22.829829	22.010529	22.560062	10.022629	21.307894	18.369599	21.774736	22.240357	19.989328	7.363907	14.853796	22.815407	16.301033	17.188623	14.340042	9.683228	18.529822	18.100543	20.761802	19.987284	22.561641	19.008361	18.746646	16.200711	14.731486	14.381725	22.190978	17.325747	15.830270	9.735683	22.422878	21.549929	22.854477	22.385791	18.335484	17.954244	18.992198	18.158921	17.295222	21.570886	17.985936	16.066662	21.187535	22.839143	22.623810	22.907065	22.406752	17.840050	21.415575	18.618797	21.508934	21.356550	15.960649	22.892158	21.992889	22.247781	21.608373	19.453091	22.911973	14.952372	17.946314	20.005261	22.801591	20.634139	21.615879	20.579197	17.156099	20.817605	18.451312	18.061920	21.941795	21.095602	18.234321	19.914701	15.032534	19.232762	13.163767	21.921223	20.552241	20.952256	11.204444	18.637995	21.662432	20.536134	12.359866	18.512621	16.875568	18.845734	20.000540	21.173861	22.250166	14.679967	22.902061	21.897466	17.975135	20.141679
16.196786	15.023852	22.257009	20.916379	16.511507	20.315681	14.559385	18.887283	18.593928	22.700026	8.874308	17.834825	14.174287	15.872107	22.247300	18.107260	16.311169	13.298834	20.765286	20.748558	21.215981	17.362945	10.008451	22.760827	20.231311	22.895734	20.709762	22.484006	21.991576	20.224560	14.143169	11.335049	19.205886	18.681355	22.146242	22.671151	21.194484	14.075183	12.483965	20.127029	20.515687	19.770768	10.956765	22.154275	16.840868	17.288604	20.499631	16.134954	20.718091	18.885141	13.705416	22.434005	17.902355	21.292726	7.206882	22.372602	19.441587	18.391477	15.484084	17.289988	21.105570	21.848471	20.303174	22.630430	9.174131	22.113461	20.504663	20.834057	16.176004	22.903638	22.820244	18.008768	21.621238	22.849310	20.208967	16.358139	22.136280	13.663596	22.813195	22.836983	22.467031	11.058702	22.767302	15.924069	14.389647	15.127900	22.782429	16.049616	13.914205	13.172404	19.073191	22.160889	21.946157	21.283350	21.449542	22.078999	10.345036	9.454878	16.648452	21.882998	9.994816	20.620287	20.762497	22.480073	18.157025	19.307716	12.391083	21.044392	21.466989	15.792646	22.193526	19.584925	21.477124	22.446911	15.173252	21.586905	22.080005	21.856540	21.893471	13.550633	12.483962	22.615475	14.805371	22.196561	10.857906	20.145282	20.277199	21.912077	14.705808	19.537736	18.162854	22.916759	22.364005	17.450012	16.333595	19.534448	18.960237	22.767184	15.798083	13.923140	12.264345	22.711433	21.980151	17.364127	20.211962	22.660411	21.306144	18.340790	19.648751	14.168055	19.845822	8.014398	13.015227	15.672578	20.618710	9.462664	22.785935	22.750843	19.957325	17.978032	17.959776	20.864825	14.680158	19.141098	20.391786	6.013660	21.625384	19.840274	21.785349	20.221105	9.552896	20.029786	10.773760	22.435420	21.085229	17.233161	17.703840	14.210243	22.803055	15.700965	16.678008	21.723589	14.389007	22.651490	17.139017	21.380525	5.494791	21.840717	22.157916	15.709883	7.306728	20.221315	22.020483	13.801188	13.172229	10.562582	22.151306	21.061948	18.223422	14.575018	20.424410	8.015944
17.680285	22.218161	20.626594	21.241066	21.486501	18.161191	21.138937	17.876931	16.671554	18.054740	4.814290	18.989514	14.882852	18.346369	8.122001	20.425676	21.227569	22.345107	9.510147	10.903076	12.064343	22.515120	14.125798	22.910928	15.632893	19.070713	13.641205	20.090960	19.407251	20.599818	18.841253	20.351332	12.194737	22.885433	22.746895	20.909852	11.767665	11.578762	20.660738	21.185173	16.997807	16.667853	20.288269	9.276936	14.711458	22.446752	12.749753	20.986862	19.735447	21.747657	17.662687	19.102943	19.166961	19.682941	21.305252	22.471485	22.429028	15.060249	11.238217	19.065634	14.582868	19.810716	14.614635	16.786745	22.914050	10.596814	7.611941	14.679216	13.840014	22.493957	17.842034	16.605859	18.786135	22.170984	18.264140	22.780221	7.611774	22.499767	19.044130	22.722449	11.187878	22.669726	21.797609	22.304938	19.991109	16.779906	21.855814	15.636371	20.383053	22.735328	20.293394	20.988482	19.268798	14.447372	22.612072	22.273412	17.667836	10.196780	16.831920	20.387706	21.463459	21.722574	22.797526	20.480927	19.075054	11.507402	21.936778	19.971480	14.895100	16.350787	22.440014	11.376355	22.875424	13.442211	18.184248	21.388787	19.672603	20.725496	20.869002	20.784267	21.186045	21.222111	21.595134	19.191223	20.450074	19.608134	22.352517	17.159635	22.910371	21.986598	17.130243	20.472194	20.337487	8.560165	22.386243	21.169283	7.115044	12.269129	22.170024	17.168691	17.247928	18.898795	22.819567	21.900871	14.082175	21.856107	20.246811	18.269408	15.657828	20.340725	13.575078	21.055394	16.959940	20.872254	19.154403	18.342597	13.402335	21.686494	21.231711	22.800314	18.636868	22.471399	16.483067	16.945903	19.061081	17.882249	21.757295	11.354056	18.730619	12.216665	12.654636	17.265051	18.144573	18.044079	9.821085	22.623928	16.974031	20.884308	22.573123	9.251228	22.558397	11.597116	16.135076	22.899714	19.850438	19.365693	17.771847	21.124496	22.088353	22.574424	21.841344	18.649895	22.569836	22.595947	14.642116	22.479373	16.639099	5.843430	22.504056	12.737668	21.517038	21.879413
13.531739	21.632034	18.338798	20.409523	19.050255	22.794403	21.215077	21.662614	17.346725	12.379869	22.895529	16.488264	17.255205	21.111662	11.176501	7.066148	19.859174	22.049484	10.643362	15.942897	9.359684	17.650073	22.655025	17.798676	21.051411	21.629037	17.065080	8.702594	18.058928	19.853410	17.774281	13.754467	14.496119	13.794087	22.446588	12.800399	22.821997	6.054321	19.984580	12.766100	21.565121	21.041548	12.428897	20.564686	14.607310	12.036038	17.153384	21.468200	19.698487	15.490862	17.096615	19.169080	22.630908	22.404135	19.779977	22.098379	22.857941	21.930107	18.740884	22.249078	18.212588	22.425411	16.459253	22.388790	10.921803	20.347224	17.130192	22.090418	22.723382	19.874296	19.625117	19.942463	15.081798	19.055766	15.170159	22.446507	19.361193	21.079727	21.541172	9.725416	22.160048	21.465677	6.878867	18.228845	21.702989	13.973616	18.501270	19.119832	18.148132	15.076883	20.968250	20.804311	16.770499	18.604912	14.714583	17.453792	12.736470	21.477053	22.616669	17.957486	22.778124	19.676577	21.298663	16.863271	22.068588	10.743937	16.856446	15.162732	21.050494	22.344832	9.209275	19.337911	17.537770	20.263145	15.017898	21.902239	22.841904	21.367142	20.007578	22.482438	22.509099	15.684996	22.042312	22.756250	11.134058	17.684444	14.495000	16.680031	22.864883	20.582207	11.170112	18.859037	20.062248	10.872842	17.910609	22.168251	22.611168	14.532565	14.147288	13.048860	20.944616	16.474315	15.463486	19.961248	20.351120	9.065993	12.633914	19.594727	22.876540	17.445777	21.608320	20.867790	6.923540	21.954207	18.936213	22.187034	15.346643	19.850705	14.699836	13.082985	7.780098	20.395899	10.342025	10.800182	20.009326	19.870111	15.958393	19.486362	22.608004	17.430414	20.309949	21.758248	15.664101	16.714668	22.662406	21.602997	13.374342	22.378509	14.445126	19.756384	22.649897	18.530193	19.353036	17.587479	16.835534	12.115777	22.361165	16.247571	22.188046	22.139181	21.822048	15.263705	22.565702	21.710179	20.002848	22.212782	13.207198	17.770431	20.604689	16.632520	19.293017	20.458390
14.673948	21.296990	17.384410	10.794064	22.470931	19.263792	20.134672	19.192493	21.002889	16.910213	18.111449	22.184158	20.557647	19.876359	21.681556	21.154239	20.521448	21.680874	22.819229	14.783690	22.645343	22.545768	20.696061	19.686291	17.015580	19.156267	22.264900	9.378848	20.618006	10.153929	21.979932	17.142392	21.086387	21.534825	21.457061	7.550178	14.093091	22.917011	19.738483	11.510018	16.104686	19.514458	22.369808	8.602261	7.479438	21.811565	9.039467	20.685779	22.899491	13.019622	9.399821	18.974287	20.401916	22.746628	22.683474	16.962552	12.598241	22.336150	15.680197	8.415892	16.781105	20.529537	19.727297	21.424697	21.492721	10.646071	22.777592	19.022298	18.139936	20.593265	14.802214	21.460784	14.846655	16.482663	22.777557	17.327879	9.059757	22.552836	17.819527	18.505985	14.106561	12.252906	21.457370	21.480931	9.408100	10.318361	22.283253	14.238130	14.836377	15.575178	22.831136	22.046579	15.324958	19.415348	22.330225	22.910258	19.473335	19.561993	22.620446	21.079520	20.072795	22.433422	20.534917	11.438545	19.506433	11.981974	11.987638	19.444795	9.816950	16.179578	13.383348	17.086478	21.877726	20.754005	9.366172	20.330727	12.492454	22.093277	19.640851	16.328678	22.450275	20.254573	19.963604	22.088175	22.457202	19.697836	22.739323	12.356099	22.201981	21.919352	21.529702	17.113600	19.002075	11.427828	18.066813	22.887441	17.210152	15.916536	21.088502	22.676441	14.639358	15.712177	12.240485	15.149607	16.786497	16.286945	22.058721	13.703631	20.047526	15.512679	13.834405	13.416970	14.050299	14.683438	18.682756	22.548607	20.810051	22.112581	18.351360	8.822708	22.890928	21.745817	18.884504	22.564694	22.708926	22.168224	19.192565	17.679077	20.670304	19.054089	17.438608	21.527170	20.731684	22.842687	20.413643	19.524824	20.545751	15.766656	10.025739	21.382814	19.780985	16.553129	20.082641	11.973069	22.351324	22.290083	22.463767	13.723117	18.313246	22.870921	17.598604	14.707124	17.329711	18.231029	21.944054	20.400353	8.985030	19.793396	18.295597	22.872984	19.034031	11.487951
21.955280	19.326677	15.780527	20.933430	22.790101	22.657454	22.872679	22.318505	18.491326	10.379505	21.944901	16.170187	15.500480	20.312631	19.588689	16.069972	21.875736	18.036732	20.691408	18.539172	6.938024	17.256394	22.243033	19.538233	18.934026	19.538385	22.502647	21.830132	15.569467	17.839126	19.766287	22.405523	20.719619	21.361990	21.155627	21.982328	17.864858	15.447022	21.702574	20.863573	18.096768	21.877659	21.627060	20.877616	22.681113	20.721359	20.812652	12.232149	19.126603	14.898609	20.892430	13.501561	21.564930	18.620321	20.028517	19.980159	21.639144	14.459358	22.333546	9.711198	21.301703	21.114723	15.299660	19.565882	10.312294	17.984888	10.084553	22.521428	16.357388	20.950847	18.089836	21.496857	21.533199	20.599081	20.451038	22.078621	17.288435	18.526441	16.499794	19.657163	22.373957	20.155431	21.197922	21.377417	20.382764	19.252542	20.391001	20.435448	22.589740	22.910070	22.385215	9.525027	22.256824	13.594773	19.259193	20.608200	19.072499	19.363863	11.968337	22.344356	22.737205	18.989317	21.680875	21.776893	22.723494	12.184774	20.377708	20.205227	21.672636	20.523819	17.009231	22.297321	22.919912	20.121173	16.577726	18.975496	21.156416	11.367415	21.257993	16.607253	12.617273	16.416083	19.091490	18.655526	19.337474	18.368318	13.288809	15.813752	19.534399	22.713954	22.111213	20.783033	14.011404	22.799939	22.097374	19.384355	16.061982	17.761856	20.335659	22.026617	19.516072	17.386657	18.711895	22.691754	11.955700	17.966886	10.012116	12.101243	10.357429	21.130693	22.658642	18.275980	22.241671	14.175262	10.403420	21.503743	15.076670	22.656928	22.508544	16.811628	22.338935	13.684557	9.374831	16.874670	7.344463	8.567700	22.692214	21.717669	22.144742	18.260804	14.502728	20.932024	22.090422	15.681330	9.308376	17.742045	19.904564	19.187041	22.648403	11.257983	14.214845	22.103099	15.596151	19.418601	15.324757	18.824662	9.716754	20.547281	10.365014	21.835528	20.948656	19.034607	14.767543	21.517908	20.477493	20.328020	21.554728	22.593421	16.853355	6.954414	19.280424	22.224618
11.633582	11.342739	16.280486	15.685518	22.638178	16.528688	21.549485	16.789951	12.605362	19.451988	15.693697	12.272153	17.046624	17.673795	20.776994	19.803632	22.826517	22.199761	22.498612	15.182234	11.924054	7.553112	16.308504	21.341041	20.502147	20.333212	21.375974	20.563262	19.676359	18.892290	15.774377	21.887570	22.796409	20.162894	20.844167	21.469917	13.743813	17.174847	21.924222	14.592411	21.836506	18.284315	21.783158	6.495163	18.537195	22.832372	20.285141	15.877649	22.630624	15.728741	20.196203	13.707459	20.500412	20.004793	22.884664	22.544680	18.068542	20.549326	22.411554	12.079231	15.777542	21.392343	21.739638	21.566702	13.395291	21.429151	18.145136	16.059290	16.095159	22.484518	22.165077	18.114772	21.345608	18.317742	9.998734	21.462388	19.431488	17.476437	22.485581	10.715671	8.764851	18.221644	22.647369	20.019927	21.650097	20.984045	16.237777	16.779761	13.762823	16.107352	14.851720	19.187571	17.994431	13.423155	22.135549	5.799304	22.141259	11.792396	20.938359	7.299525	19.487456	22.394200	21.218755	17.845370	20.895536	19.420845	21.259223	21.664170	17.401144	19.926290	17.005936	11.256687	21.810660	19.562483	20.706705	22.856712	21.293157	8.914295	17.264471	15.836358	10.619605	14.288298	19.729125	19.115489	20.096584	19.420613	22.782993	22.648523	22.255333	19.765648	18.621477	22.560010	21.260231	15.034633	13.063808	14.035306	18.926639	22.430462	12.639100	21.562811	19.195171	18.370952	11.758182	10.965425	15.513074	21.178248	20.124571	22.461599	20.650670	14.809093	14.741943	16.707382	14.818540	20.745734	13.819484	13.524773	22.205560	18.568678	17.128616	19.071729	19.315214	12.461779	14.760289	6.422736	20.650875	22.469476	9.205593	20.882240	19.363305	22.496048	16.156127	22.702030	22.407618	21.374878	22.088941	22.275786	17.923356	21.539007	22.000786	20.128667	13.134024	22.603623	13.773899	20.566192	13.889274	22.847377	14.080762	18.983829	22.379927	16.507043	18.954169	21.045461	20.469338	14.690240	12.727461	10.197117	18.971728	16.010616	18.379031	15.033015	17.194449	15.724942
15.312456	22.581434	19.244814	17.176610	22.549987	17.850637	19.331428	21.362871	20.574578	9.230888	20.439002	22.418214	14.916341	22.726859	7.466072	20.617685	13.429972	21.703917	22.234595	18.920454	21.865456	22.270044	11.301409	22.816874	20.229184	6.665078	18.023478	20.619205	20.613132	17.883307	10.703184	22.398738	13.229746	20.411695	15.795403	19.301249	21.587383	14.941538	9.876959	15.037863	10.775263	21.987854	22.421384	13.273742	12.836893	20.931847	22.378474	18.820808	20.429557	18.609272	21.596464	13.523381	7.824280	18.924347	17.540922	10.535681	16.112072	10.198865	14.259986	20.298440	20.422596	13.572703	20.917941	14.640944	18.010927	22.368891	17.606643	13.904867	21.080825	17.433283	18.402865	20.594649	13.197740	14.513519	21.769680	12.598542	14.025154	18.691608	15.907531	20.318828	18.964248	14.912770	21.999667	22.213302	20.564890	11.118526	17.757880	14.747116	20.820908	18.224286	16.721651	22.818949	18.496711	22.424301	17.062052	22.055105	21.126510	18.960427	14.014224	22.696373	21.110005	9.668350	16.992591	11.057601	21.122988	21.080259	21.675468	21.518421	17.564620	20.183067	16.433686	21.046957	19.566918	22.315245	16.000231	22.745169	19.224773	21.068357	15.062557	14.943661	15.703905	19.745980	20.040905	18.967195	22.852189	22.104850	22.104267	12.932814	22.251929	22.708621	17.848866	11.900017	22.700727	10.702897	15.448679	18.769826	19.890031	7.910115	8.420330	22.016720	12.895381	22.460701	14.699559	20.994623	22.852192	9.079097	17.382868	22.303970	17.344783	22.694940	9.413823	20.682922	21.565178	19.838063	19.948235	17.008447	21.968281	18.796347	21.385895	22.142129	15.590052	18.600041	20.663467	14.644306	22.545336	12.098415	14.572774	18.354607	22.857090	22.105542	13.982001	14.575501	21.365530	19.763350	22.715377	22.846486	16.887724	21.153591	16.318144	5.019687	19.514698	16.007981	18.635846	9.956763	20.439165	12.229883	22.554054	18.727444	9.923762	18.370582	15.530764	20.911007	22.452830	15.741076	17.136614	21.353866	22.828576	20.902785	13.715796	6.611225	21.883481	7.614435
19.418856	16.469644	16.912389	21.143307	9.298246	15.043758	22.286841	12.022597	17.774338	22.785095	21.223636	18.817399	22.564968	21.320898	19.562077	19.226690	15.608467	8.758433	17.074694	22.679541	16.045506	21.325649	20.026436	15.125144	16.409576	9.639919	7.949797	19.835949	21.909432	13.493282	20.318292	22.230049	19.732628	18.081362	14.723665	14.047713	12.208683	18.869872	12.460382	21.987099	21.287263	17.555737	22.452026	22.082439	8.560939	21.255420	10.920687	17.906863	14.520869	21.445097	19.271869	21.523774	21.507289	18.635844	14.332066	19.005667	22.234579	7.799597	20.946842	15.288124	20.204976	16.239368	22.716923	22.002992	18.486538	17.588553	22.629404	12.672931	22.435868	22.071399	12.500563	21.535070	22.775493	22.107233	21.102947	16.548077	21.372203	22.455785	17.216556	21.764488	12.092298	22.115855	21.197837	8.810920	20.283305	21.359170	21.548542	21.134513	11.140892	21.002904	16.977319	19.232046	12.004941	22.744115	11.381985	21.307840	17.451446	14.062086	14.055103	12.487553	18.770969	16.975016	19.584177	14.548487	22.642844	22.721020	18.667501	20.524505	19.245009	14.355373	14.518383	20.393097	21.458277	22.088735	17.501850	19.818226	16.545574	20.584169	22.828119	19.161398	14.461670	9.898302	16.884060	22.692494	20.276487	22.102568	21.518801	18.824252	21.415607	22.885963	19.712064	18.192686	15.083412	17.921424	11.085484	17.009264	21.583178	21.373301	21.124638	14.530722	18.931425	19.798169	15.009896	22.166783	13.040816	18.317271	22.804699	21.908808	20.230863	18.296378	15.477743	22.754230	18.245782	18.620596	14.462647	16.778003	17.804494	21.037555	18.469859	9.217798	8.985309	16.423318	17.298295	21.370853	21.083032	19.541823	9.085968	11.433493	14.318447	21.622420	19.040630	11.584100	22.828639	10.477499	22.488255	11.307398	20.072758	20.291477	16.572411	21.009190	14.666209	16.102673	22.399366	10.194863	21.110790	21.601777	11.676626	21.695406	22.740566	19.080739	22.208320	22.635942	22.564232	19.981226	18.740055	19.980939	20.511874	14.471260	17.625855	22.710148	22.109802	21.087072
15.540597	19.804863	12.575662	21.584264	19.553750	9.612233	11.243594	21.287678	10.161369	19.994375	20.891715	19.238511	16.315178	14.134681	22.326703	10.678086	20.342599	15.057524	22.664564	22.459948	18.314552	20.665567	21.075671	22.183564	21.126734	22.381357	9.062841	6.793481	17.451810	19.983361	21.768165	18.547689	11.989035	8.275713	20.292757	20.006744	18.410233	14.279612	18.132710	18.904443	21.894706	18.720239	20.297168	17.423190	17.690025	22.852401	19.591727	22.436996	17.033561	16.384507	20.363658	19.258377	16.274690	8.791255	22.353533	15.490656	22.140016	17.568079	18.103398	13.967245	8.508442	10.503085	19.119509	22.775319	13.233849	20.195903	19.071104	9.195147	15.281719	22.664335	13.164938	15.789594	18.194090	19.852650	22.758800	21.102397	16.137495	20.750067	22.406246	22.579234	21.089874	17.430598	9.560277	17.778403	20.791222	9.339966	20.959688	20.935786	21.998670	19.896323	14.714358	16.615316	14.078828	11.826702	14.781951	21.740130	22.522832	22.340649	22.084933	19.558012	15.499917	10.878268	14.218696	6.067473	20.534531	21.971426	20.426873	8.218405	15.065816	20.707403	22.360957	19.406189	22.550748	17.108747	16.969523	18.260543	6.439675	17.430516	18.873568	21.691204	19.633699	17.832900	18.166898	18.728461	17.632304	15.469084	22.263614	22.212580	22.623647	20.695262	14.786612	8.654236	14.181381	21.348231	19.312119	22.722732	22.050373	21.568082	19.257112	17.142951	22.502254	20.219633	20.926904	22.022424	20.625660	18.353966	22.719261	14.196597	22.142920	22.263334	10.645812	19.555544	21.222927	18.121386	18.883032	22.032910	22.047861	22.737817	20.467991	20.580050	17.062359	22.017683	18.215664	13.215008	12.272053	19.867435	10.994065	22.509907	21.112916	18.072819	18.481972	20.439921	18.657120	21.617437	22.005178	17.885819	20.933053	22.870053	18.320233	20.899430	18.943562	20.928548	21.283115	16.452382	21.121941	12.854697	20.289282	21.138902	20.104868	21.904021	20.001075	16.326628	17.651508	18.796620	17.655760	22.824081	17.871921	14.767633	13.936528	19.049564	15.582159	18.914197
18.542039	20.951143	22.914417	18.967184	13.246437	11.157951	21.188629	19.309396	9.085748	14.073661	20.045685	13.279860	20.273824	22.604508	16.841768	22.650309	19.886958	14.561654	19.720817	22.111528	16.534210	18.945719	10.452743	19.878446	15.612540	21.583132	21.989399	16.688939	22.394688	22.778772	18.190228	21.662312	13.609879	21.548289	20.852620	18.019413	20.833168	22.420595	17.808442	20.188623	22.696279	20.140890	16.007719	7.227494	21.758593	7.633695	17.461858	21.354635	22.415543	17.466638	21.942155	20.443963	20.870464	18.792790	20.703446	22.686826	11.573141	21.928030	21.198476	14.923503	14.717741	20.742924	15.034370	21.832325	19.414049	21.543796	17.579076	17.897246	16.269439	14.937771	14.642240	22.097115	17.738466	22.533934	14.647637	13.275610	17.684655	17.462081	22.364656	22.340318	20.784183	22.694858	20.398510	9.742457	19.691415	16.460446	8.397540	9.662773	22.528621	21.374599	19.723763	20.591522	18.449616	21.531244	18.126320	21.901611	19.762168	21.726852	22.616726	18.476748	21.649369	21.198101	22.848071	11.877322	21.258138	11.015363	19.523725	20.936521	22.615376	13.539770	17.985946	16.207154	14.065083	19.464925	19.364278	10.598620	18.094200	21.861212	21.990072	17.381774	12.223942	22.414117	16.789930	19.922083	17.911398	20.602459	21.757348	18.134172	15.879495	19.890182	8.837310	21.995231	21.446868	22.667336	21.645875	22.905182	22.796652	21.715575	22.329093	22.136176	19.036162	18.070972	19.345691	16.695946	21.737318	22.893547	11.690787	20.172966	13.931280	15.307057	21.532383	22.281707	22.916509	22.110054	19.185551	18.885758	22.452122	12.653538	20.308267	21.884171	19.934480	10.284732	11.476370	16.777598	14.849321	11.903029	10.799293	21.451691	14.378640	19.839702	22.583034	22.914282	21.724051	22.736601	19.535981	20.058428	16.740535	21.278589	9.749235	20.928941	19.876002	14.453367	10.744625	22.404232	19.186910	20.562945	18.867941	21.789576	20.672833	20.447139	21.659924	13.920412	22.039750	11.523161	21.986627	22.482532	22.798467	11.077315	20.212330	22.734586	21.639358	20.326778
22.203531	6.471943	22.899014	20.278482	21.212110	21.749042	9.646149	21.076045	22.653264	21.595049	22.042033	14.168131	16.809394	21.744682	21.822392	21.415048	13.300120	7.378278	21.467483	8.795095	11.435322	16.594014	21.345573	22.346517	15.985329	21.534336	15.355386	14.469938	21.465908	22.048248	20.118054	20.538525	17.674427	19.705026	21.800743	17.584035	22.633598	16.836178	18.108141	22.334744	14.961492	21.765240	19.788263	16.000161	11.527552	9.520889	22.683782	19.316055	22.045972	22.865082	16.588416	21.492598	15.589012	11.327964	19.976547	21.634517	22.916804	21.518791	13.082980	20.695430	13.982907	22.273606	15.030951	22.454211	22.024164	16.666355	22.786630	6.838636	22.857312	15.371071	22.419977	17.500820	20.054684	22.846174	15.926374	12.245944	18.099634	17.343011	19.750084	15.176780	19.484296	13.170403	18.750031	20.744650	22.492556	21.906665	22.160277	19.377819	16.527160	21.225108	18.342338	21.082642	22.918599	20.392728	22.493532	17.810549	12.532997	14.921499	19.827848	13.072864	15.516497	19.348268	21.306569	20.335338	17.622552	18.709362	9.916774	22.616257	22.553036	15.233108	22.678903	17.858320	18.270950	17.014297	14.036801	18.185271	16.016692	22.275265	22.878057	22.004717	15.388487	19.826927	19.433751	17.588041	22.830070	15.473594	19.666085	18.113680	22.713945	15.404826	11.532984	22.879553	22.772137	21.449778	22.364302	18.508384	16.790517	20.058248	21.640260	19.108535	14.160365	6.696824	22.207946	17.731912	10.994796	21.513854	19.523742	22.767474	14.356473	12.891781	22.698952	21.221071	21.146097	17.449400	20.283230	18.126479	22.168997	20.168206	22.775852	21.039011	22.406999	17.653726	22.501079	19.036319	15.422344	21.622122	22.195544	20.184428	16.356975	22.070033	19.701087	11.117450	22.751488	14.708710	17.536476	17.165034	20.093792	21.860010	22.848754	22.444214	22.706826	11.597300	21.670117	18.317068	22.204497	10.846200	17.573030	21.995938	20.451851	22.180541	22.827059	20.205056	21.157135	22.135989	17.330015	22.482027	18.536098	20.228400	20.025867	13.192154	19.763804	16.904113
20.668299	18.870713	19.266579	16.346818	17.055595	21.442415	19.572554	15.153819	19.837736	8.982647	22.618459	15.546759	22.484644	16.037992	10.333954	21.734306	22.693605	20.762478	22.609887	21.113202	22.467417	22.577447	18.351582	18.278752	22.723287	21.184599	16.323218	13.688157	20.955232	14.445148	19.222446	20.425846	18.028855	22.866528	9.719061	15.950592	19.958545	9.592096	21.234506	22.870009	22.331873	12.025702	15.997810	10.579324	21.672679	22.661872	21.341609	7.698419	8.404910	18.782989	18.110655	8.504282	19.401294	18.788079	22.007357	21.421250	21.855645	19.811516	20.370835	17.506546	12.405756	21.618491	16.994447	14.742724	20.858223	22.657297	21.184741	19.341939	20.202247	16.731680	21.469340	22.540856	7.731799	20.846117	13.792191	17.932059	22.845448	10.044245	17.187053	9.381834	21.644962	21.956090	19.019954	14.668650	20.589785	16.865528	14.056570	20.369665	21.305951	12.292233	20.219238	21.462242	17.539812	12.264620	21.208215	20.602582	22.455086	21.858520	19.304339	13.356953	22.248020	16.923533	15.517394	20.828969	19.400670	22.902316	19.142116	16.369271	16.006867	20.370365	15.470272	22.530897	15.379886	21.532709	18.911414	11.189620	12.877341	19.702337	20.662973	19.913310	12.606829	12.901669	21.797185	17.962294	12.595166	20.449190	20.653375	15.314190	15.542583	16.766514	13.658064	15.830991	8.185062	22.155301	10.455242	21.661685	20.708965	20.142696	20.079398	22.514682	21.432232	13.921377	22.475372	16.147434	22.849091	18.459499	21.142363	19.567905	17.412197	11.322315	22.791811	10.423295	19.301210	16.696956	19.471117	21.075214	21.790057	19.815631	11.322809	20.681877	9.109610	17.916040	12.278077	13.088039	21.171900	15.130389	15.971885	21.845727	22.527589	17.546873	6.867889	22.453635	20.444559	22.456004	19.308283	22.730685	21.895159	22.276989	22.861599	17.251549	21.937372	7.087297	18.139316	18.673725	19.502582	14.782681	22.017136	13.021515	13.832196	22.684437	22.121850	17.596363	19.361722	20.574330	19.652167	15.780418	19.156612	21.821297	14.387597	22.751539	20.524914	22.716011
13.872659	21.207678	11.920439	19.092065	18.661108	22.082944	22.911445	6.163097	13.435142	21.918918	22.627711	22.314231	21.233328	18.005827	20.212990	19.111965	18.333308	21.074348	14.371200	21.199231	17.659985	16.511427	18.372781	19.953272	18.811743	16.210368	21.678138	22.727028	19.621504	21.785813	9.190230	13.473274	22.082623	10.906590	22.019861	12.842555	15.594794	22.796828	11.217629	10.325394	20.710047	18.477480	19.619444	22.020137	14.581546	16.298790	21.043533	21.597589	22.246681	22.035996	19.855957	22.681970	22.788926	22.337808	22.898867	16.458133	20.631424	22.455192	18.131353	21.647970	21.557510	20.652714	19.073406	22.767108	15.403499	10.693387	14.630655	18.414455	10.499132	9.356632	20.198434	17.414833	21.970247	21.506133	14.287587	18.505000	18.139916	22.253308	19.599704	18.802518	20.805421	22.598245	20.549328	22.765553	17.358491	10.162678	12.897486	18.462712	21.049317	22.098099	21.664309	22.888984	21.500196	20.302129	22.116268	19.376989	8.545365	19.980506	22.858163	21.646168	18.215904	22.255559	22.124599	20.978593	21.085186	20.240203	22.742444	13.146998	17.545962	20.825596	10.397506	16.615589	18.640915	20.496666	21.075263	22.116788	22.489442	11.471276	21.067770	22.221378	22.718662	21.313342	22.052035	19.532251	14.283549	22.638432	11.973596	21.236098	21.714282	20.386746	17.433393	16.696447	20.164755	9.814390	19.137181	19.652712	22.563794	22.173278	18.709763	16.548443	22.189648	18.294783	20.541133	21.215747	21.411818	21.948453	21.080734	10.202041	13.383539	16.189561	21.880581	20.011054	10.503024	22.648046	15.764183	20.619019	17.646099	17.854263	16.249149	22.787203	22.592524	20.429094	19.602186	20.787649	17.297280	7.692493	21.701216	16.026819	20.893390	19.162436	22.657569	15.883918	10.145972	13.229769	20.876251	22.127739	18.186147	21.452372	21.685555	21.772769	15.229828	12.620505	14.905145	20.392166	21.542441	17.981020	13.788583	22.018354	16.210283	16.724704	14.684848	10.908293	17.544642	22.201595	22.569285	10.087915	9.964514	21.842467	12.961512	22.434846	21.719711	14.142071
22.175440	22.718863	21.335655	14.527033	21.900508	18.123927	17.308833	22.214294	21.085459	18.128616	21.715376	21.024738	21.937580	14.248547	19.838343	22.727263	22.441067	22.372542	16.062397	14.049157	22.623870	6.784456	21.972297	22.917367	21.768876	12.051286	20.266793	20.289413	22.870170	19.011228	19.349757	19.181491	20.725615	22.919242	12.075270	20.613621	16.431952	16.186682	20.365471	22.483190	22.305725	20.652879	19.961970	21.962564	14.968791	13.059045	19.445033	19.277306	16.086173	14.716002	21.794983	22.354188	18.586061	20.254917	19.085611	22.863533	20.896786	19.792502	22.567438	21.604950	17.770111	12.579296	21.482799	14.668483	20.538994	17.852602	22.891223	20.994408	22.775727	18.154036	16.589588	21.642808	19.484091	16.036761	14.503436	20.178387	22.507086	22.893072	15.273204	22.707593	13.202220	22.074310	15.349453	9.867110	19.626557	12.970697	16.188551	13.379530	15.956223	19.505755	22.571427	18.724918	13.950604	12.749052	11.061560	22.904279	22.650786	12.961236	12.931345	19.222469	15.877920	21.355217	19.493439	17.057833	12.975764	18.520648	22.530658	18.520634	18.021007	8.719899	9.843759	20.941128	21.257419	20.856182	18.696777	17.590093	12.279224	9.496559	22.868724	21.075817	21.069097	22.166584	21.635919	17.864456	22.530990	21.903807	21.881691	12.659555	13.947101	18.470969	12.267390	10.758058	17.074280	22.200888	20.671550	10.521240	17.489067	19.687085	22.828244	22.674756	15.949894	22.129405	16.478961	19.636638	14.048779	21.522069	18.509267	21.599539	20.314218	21.105603	14.684101	22.699625	17.614230	19.002458	19.832380	20.057154	19.720695	19.564292	18.646523	22.758211	12.203762	14.527522	22.360674	18.641020	20.433591	8.606834	20.950268	20.657851	18.925777	15.173768	18.502291	20.110476	16.699626	17.368900	22.390280	5.286366	19.430258	22.801274	21.118940	22.807437	15.656758	22.662243	21.238828	19.483093	22.719377	22.689358	12.367372	21.639017	14.925221	16.531534	19.414723	19.182309	11.560959	14.128267	22.596427	22.737284	19.213427	21.256886	19.056524	20.475051	21.951164	15.361794
22.346918	22.909058	6.566128	13.602728	19.006071	10.666250	22.375413	22.768152	22.717155	18.938327	13.007717	18.040517	21.941687	21.834016	20.530068	19.138794	17.955210	21.436417	12.580216	18.766431	18.234691	20.888827	11.719498	21.738786	20.704316	19.396499	19.392448	21.360909	20.021649	15.783782	20.027208	19.984035	22.152921	22.757814	20.658214	22.658823	20.083849	21.176592	22.585149	20.000909	11.792107	9.013664	10.728884	17.328451	18.519830	18.227914	22.371249	10.620524	21.521098	22.898241	14.057630	17.865827	16.093137	22.084557	20.747143	22.422119	22.657125	19.630441	13.637070	22.601579	22.878898	12.307428	9.715545	22.914525	22.474910	16.450568	19.817402	14.981097	10.826561	22.063002	21.650893	21.745836	13.865697	22.106727	20.885502	18.960561	20.623193	22.213522	12.452297	22.741352	20.162910	21.552457	17.843609	20.044829	19.365650	22.502416	17.490788	21.995604	19.616720	13.798091	22.407624	17.617598	22.869577	22.799672	16.812425	14.842695	7.280885	21.763540	22.731459	9.319630	15.266853	20.584717	18.899648	21.196806	19.947782	22.383986	22.362347	22.135715	21.761006	22.765960	22.658655	16.583797	18.921792	19.322690	19.505713	17.240986	13.772685	20.594937	20.836380	17.418120	16.183982	19.267032	17.286848	21.226542	15.655684	18.063527	10.948702	18.705772	6.844203	18.727268	7.380719	21.463092	12.650947	13.660470	21.510958	22.829495	20.659348	16.376228	21.846364	20.049288	21.096335	18.655255	14.994995	18.596269	14.703039	14.013805	20.100190	18.402873	13.610784	22.248777	22.694745	20.636003	17.045618	10.596430	21.510926	15.478605	18.268979	18.988529	13.805110	11.099126	17.353793	21.187889	20.965977	13.714465	22.550456	13.942556	12.969092	20.257105	16.242471	17.953839	16.314718	19.688959	21.047366	20.852239	12.381863	22.509330	11.211838	21.220689	6.414622	20.317958	20.925957	20.175585	19.027689	22.801983	20.390749	17.993737	20.181045	22.312889	15.063149	22.827976	10.516544	18.616663	21.126131	14.810189	9.871188	19.018669	17.264531	22.324127	22.266167	10.541537	22.761348	21.097529
21.026805	17.466636	21.795766	20.297893	9.604136	14.557446	20.942339	18.776340	18.948981	12.681408	22.586087	21.882127	12.597828	17.661860	16.546846	13.699242	20.491131	19.576342	20.937086	19.306422	22.062406	20.133802	21.198160	12.058002	22.918619	21.672020	13.467189	22.079602	20.304649	11.335721	8.831409	21.146339	13.392503	17.916665	15.108229	13.786960	21.983230	20.164614	19.239689	20.136953	11.511709	18.781909	15.154669	22.435785	11.624783	22.078070	17.842881	20.233485	20.221955	16.958428	21.543351	22.774205	11.797570	20.683471	13.431828	20.729500	16.516152	20.554291	21.348200	9.502171	13.701254	14.094694	12.513285	15.491552	11.432358	21.097722	21.111405	22.813570	17.420582	20.459363	22.199794	19.620725	20.440334	15.611271	13.784188	18.459790	20.614025	22.166631	16.974662	21.556022	19.827977	20.062357	20.243268	12.648757	22.257750	21.950092	19.536096	21.111371	10.515781	13.537867	21.826683	12.623971	22.708819	22.864307	22.235001	20.282171	19.619451	20.079006	21.164400	22.343361	13.389597	16.255686	15.520618	21.222698	22.450904	15.998171	22.902464	17.823923	21.912886	20.528935	22.813160	16.074069	22.448492	22.867556	19.190988	18.528174	21.862726	13.630000	22.603497	22.892765	16.914527	20.126467	21.999928	17.420279	22.176071	22.128156	12.579515	19.149682	14.192541	16.426256	19.581786	22.318060	18.927616	16.731002	18.569034	19.593442	12.989802	21.688528	16.799945	17.179180	22.904265	20.228308	21.277941	20.082704	21.727699	15.441057	21.603269	5.969577	18.747774	18.595521	16.998001	15.338781	7.592920	16.282067	22.352076	19.299378	12.843499	22.024463	10.393191	11.243660	9.682812	22.560651	22.055713	22.519258	16.624419	14.890718	22.246171	20.193855	16.065790	17.529385	18.307950	22.205068	13.844673	17.037284	19.176021	21.475088	16.720853	18.686631	22.794156	22.693841	21.612987	9.533356	11.066294	11.691965	19.496670	17.573968	18.030234	17.919300	18.204162	17.110549	17.986919	22.835860	22.030612	22.838576	20.505791	12.968279	18.687858	12.481696	10.551924	21.247795	21.865675	17.493262
22.002140	16.067153	15.353233	20.808014	22.874775	11.566018	18.795239	16.802781	18.571135	12.412066	16.940175	18.747386	17.124173	18.079686	21.684342	19.836935	17.216334	22.861675	18.593171	12.370568	18.575642	21.454455	16.831543	22.462839	17.579807	21.345967	12.819491	22.202594	22.806189	16.055466	13.961760	9.884937	22.870540	20.367422	21.643724	10.495425	12.681317	10.174935	16.523633	19.290788	21.986912	21.256924	18.415174	13.840683	18.027620	18.458761	11.328052	22.404146	13.314176	16.498062	14.685200	18.159478	21.224867	20.856957	18.865505	17.653076	13.508779	13.111613	21.143990	20.443890	8.721476	12.565547	21.306521	14.499647	20.642608	21.002685	20.532944	22.444768	13.791407	12.928873	22.248789	14.171392	22.571933	16.319476	21.773255	21.821076	22.215286	20.512625	18.634448	9.881822	22.119930	13.323023	21.470590	11.667889	18.764111	22.872130	19.212933	22.710131	17.371057	20.752548	21.120047	21.109271	18.091295	15.076256	18.992267	22.548129	16.626901	10.104209	21.426304	13.751138	21.554956	21.616361	22.832061	22.347653	19.996781	22.807765	22.531218	22.314128	22.118815	22.644063	21.199153	16.391065	22.911575	19.081066	22.435418	16.285037	12.977786	22.521474	22.359220	19.882639	19.986678	20.174051	17.072120	22.871897	19.360770	15.040127	22.839617	19.803097	20.991775	17.803253	19.673359	17.106702	19.606631	15.647299	20.659892	22.850022	17.983576	21.035419	21.844523	15.120495	21.462233	10.790461	18.227793	19.402828	22.286591	22.768616	19.548429	14.861105	9.222172	18.045092	15.293797	17.392850	20.817268	21.316578	20.591739	15.990014	22.881425	12.126276	20.337101	10.645871	19.112344	9.790082	15.740048	19.939048	22.202370	22.637979	20.235432	12.839522	18.770481	20.612637	17.091563	7.634162	14.954409	12.815756	13.880190	14.444856	10.487833	20.665886	22.021513	21.299938	12.551699	22.781438	12.813989	18.268584	13.177314	14.895465	18.017336	10.546674	12.926805	22.715813	17.633735	22.812487	18.472906	17.928463	20.835678	21.781496	14.802345	21.464699	22.231343	22.314516	11.725990	21.444420
21.734735	19.697058	22.278134	21.956306	20.658878	11.456455	6.794190	21.066917	22.327297	18.980317	18.558919	21.264464	21.878682	13.705907	16.925618	9.903838	21.011639	21.345420	20.829765	21.425485	10.350723	22.842464	17.885239	15.146223	19.624020	22.451296	12.697859	20.974707	11.367246	22.201747	18.268993	19.917029	18.580327	12.061076	22.831641	17.420987	10.113233	22.093723	22.710897	22.663936	22.454301	21.446016	20.782524	21.424726	15.089890	22.431434	12.079891	16.811259	13.877466	17.956903	18.842830	21.692660	18.179821	17.936641	19.161107	21.508540	19.129219	21.370917	11.708571	20.638866	17.298760	17.607596	19.677823	22.751890	18.385951	18.068261	21.418261	21.998478	21.222655	17.294205	7.142230	12.648315	13.784723	19.776598	21.122010	18.056071	15.287899	20.287250	22.180611	19.581803	12.492430	21.407175	14.039809	21.161322	22.346743	17.382014	12.042790	21.376956	14.862369	18.069491	15.605319	20.596610	13.331958	20.110927	22.652587	21.088581	19.903647	19.766357	19.686366	20.647415	21.372403	19.700893	18.070716	21.318478	17.476103	16.332597	22.916280	20.691316	21.277138	16.044188	20.848650	20.019005	17.645929	22.690229	19.870572	13.489619	6.559702	16.338003	15.349941	12.385977	22.583193	22.861845	22.178189	19.979736	12.550787	20.342895	12.399871	22.397708	17.623898	22.885367	18.087127	22.894721	22.567815	21.420789	18.162934	18.049941	19.681704	21.988955	22.910505	16.286854	14.484192	20.792749	20.321062	16.784513	17.440215	17.708056	18.899533	19.449399	16.055184	15.203470	15.879666	14.077032	18.855591	14.192071	21.452257	19.487391	22.547591	16.140479	21.847513	22.680559	18.595221	14.406927	13.734478	6.582860	18.141334	22.812947	22.231974	19.419911	18.456872	12.700368	7.774097	13.709950	14.495209	18.098711	22.522906	21.970527	13.385992	21.116201	12.894969	21.603346	14.172888	21.530098	15.140525	20.300433	8.288545	7.199279	18.564618	18.506545	18.537291	21.793757	22.682041	22.764468	11.893616	20.559652	21.374415	19.409653	22.834549	11.495099	20.770754	16.135475	18.466482	22.876274
20.811337	22.143322	20.119168	21.461182	18.649858	18.685663	11.840710	21.292201	14.499961	18.354303	12.492187	22.483116	22.567541	11.428032	20.413558	22.190330	17.464643	14.145581	22.192841	16.637002	11.790741	20.286774	21.932023	17.754267	19.881450	15.265150	21.848986	20.122006	22.650277	7.080999	19.132023	22.789422	20.469323	22.043784	17.491456	8.196651	21.268074	11.688145	13.460667	16.690888	22.883621	13.725698	21.113356	19.662977	22.802652	16.983326	17.862221	16.993054	22.651201	22.846473	22.628457	19.495463	20.735408	19.245946	15.857815	18.992804	22.805189	22.547585	14.651408	10.763880	20.036915	22.206890	15.627643	22.549662	16.653929	22.484253	20.680552	14.401215	9.252577	19.627325	17.508640	6.524796	19.951198	18.963971	22.709671	19.790175	10.290890	22.168105	16.509954	21.499208	22.793331	22.871101	22.143410	22.006269	20.810222	17.864502	21.560450	17.980843	22.174769	19.352535	22.047378	22.478752	14.310013	21.526943	10.423988	19.453318	7.501499	16.376502	21.635889	17.498045	7.400361	7.992826	20.666395	22.246675	16.188367	21.142455	17.199296	21.410123	13.593800	20.174699	20.923605	22.874303	22.591516	20.604235	22.724258	21.942287	6.749013	10.423424	21.768964	19.310960	22.263033	22.058238	21.059462	21.996976	19.879065	21.329414	18.546091	12.435552	19.696233	20.562272	21.236804	22.765655	21.586544	6.692900	18.401180	20.938561	7.475057	20.295638	21.602298	7.973638	21.009594	18.443071	22.174690	13.297796	14.935805	22.138717	21.658721	20.401647	21.156047	22.042502	22.871172	11.510743	21.919619	22.103114	16.921696	15.874774	17.821396	16.344476	22.853012	6.648544	17.570909	20.186297	16.568430	13.877129	21.025393	12.952158	19.833310	18.765755	21.233688	21.822435	22.211490	20.300537	21.372467	22.493987	16.033808	14.439589	20.498442	21.254924	20.960542	21.675912	21.086157	22.728438	22.573684	19.691004	20.585177	19.556681	22.093607	17.785222	19.644407	17.642713	18.751737	18.458714	17.479727	19.616581	11.520895	22.474027	22.891689	18.634806	20.960697	22.532508	22.651059	16.566864
17.557727	21.778975	12.382375	20.955212	18.880196	19.161809	21.165254	22.423138	22.314972	19.525357	15.122527	22.092783	21.797089	22.511209	14.150817	15.376448	22.137569	17.763273	9.621537	19.539866	7.791503	18.466570	7.616479	21.968748	15.594312	21.311457	10.186797	18.050223	20.882681	15.362363	19.751002	21.998917	21.775531	18.865205	17.455220	20.445348	18.965556	11.199636	17.371010	11.131832	9.893498	19.178154	7.968569	22.439505	12.602178	22.919623	19.505861	16.636486	21.779904	19.783872	21.519625	16.812468	8.088328	19.430815	11.644134	20.877157	20.190108	22.566475	22.754180	15.724549	16.145780	21.112345	22.219669	17.841847	21.373176	15.451837	22.165762	21.477315	22.094220	20.157934	16.704656	8.355046	13.632972	21.337646	18.952586	13.824705	20.303988	20.114643	19.918467	21.437803	22.775231	20.860126	15.094123	19.749403	22.533589	16.490424	15.040402	10.847751	22.092200	17.754922	20.546617	21.809720	10.378191	11.263895	18.274606	22.871386	20.662791	17.661481	12.567583	22.715988	20.748331	21.816059	9.114335	22.420208	12.478747	17.494989	20.536885	22.715021	20.358828	20.370219	15.971654	12.444490	17.674633	22.045013	22.680969	20.366353	11.027385	16.600877	22.367370	19.112636	9.105798	13.917746	8.460508	19.309301	19.970206	16.392716	16.548018	21.055574	21.093795	16.470762	20.954897	17.751252	15.385866	17.676161	22.715235	19.789359	21.647045	22.878562	10.966635	22.341500	20.890021	22.629950	19.886052	21.992886	18.527838	21.355226	18.990503	22.382434	21.596382	13.272652	22.778194	22.579902	13.427139	16.832075	11.745913	14.731330	22.436473	11.741518	22.222042	20.472781	21.537921	22.609085	17.927683	12.448270	18.395863	22.274974	20.510127	17.898832	19.124858	22.858097	15.238506	17.229373	11.677548	22.049049	22.200501	9.769197	20.887413	14.705054	17.258806	22.883325	19.278838	8.610755	19.818930	22.775629	22.651647	7.195353	15.910709	22.531031	16.795387	19.184446	21.946457	22.779532	8.473988	21.806909	10.164849	15.353197	13.325051	18.866508	16.864922	10.863752	20.441535	22.551395
14.473138	18.480892	14.090129	22.609386	20.403511	18.253165	22.837252	22.843760	21.244612	22.748944	18.895327	20.912971	22.845151	17.391974	22.110264	12.607580	12.748573	22.333228	15.617427	14.906883	15.819683	13.191518	14.784324	22.129291	21.218614	22.907827	18.957179	14.693110	20.700470	17.029496	21.614910	22.729458	16.588216	18.693669	21.557880	20.685308	19.258084	18.142926	20.755716	15.614330	20.442192	15.388486	22.309039	20.859563	13.731306	13.720943	20.286711	11.740365	22.828355	18.495777	10.843353	21.645918	21.298727	22.878301	22.256993	17.883931	5.751408	21.211060	20.513066	5.534658	21.167401	20.669294	22.685613	10.853023	22.466523	15.575207	13.352177	13.413260	21.975584	17.678638	20.225952	18.423176	18.570525	12.091124	7.501774	13.714176	18.668083	16.014703	18.715602	17.197317	12.461798	17.471808	19.678411	11.748976	15.408151	22.121915	13.973085	20.392207	6.660170	19.211273	19.133139	21.149948	21.154309	21.689707	21.071213	17.764268	22.710176	18.850177	18.127762	21.737858	22.602023	21.104098	22.280031	21.474961	22.897972	16.901741	21.132358	18.945668	9.080850	19.915257	21.857406	7.500208	22.384737	22.106350	22.592801	20.693626	11.330318	21.076575	16.495899	22.334896	18.419482	19.172675	22.919407	12.519010	22.739186	12.311178	21.306249	20.713700	21.815719	20.141416	15.626759	17.802969	21.436687	15.183235	21.992987	19.166711	22.881988	21.325439	15.516812	21.031694	18.325236	14.154843	21.129195	12.402261	9.012125	21.715795	22.569673	22.033201	22.110156	12.836406	15.774855	22.856047	22.135556	22.123007	22.235677	20.394898	8.306217	21.835781	19.583582	16.144017	20.957380	22.029812	20.439875	15.973874	21.244826	21.156207	22.625719	16.549202	21.967495	19.438063	20.018148	15.227959	22.003094	8.485529	20.685077	22.892886	19.059635	21.829531	17.019798	11.509483	7.100571	22.780820	18.394024	20.903878	20.318144	20.750332	21.874266	22.677261	22.576880	18.049748	19.688594	21.901773	14.754430	18.618329	22.919611	22.646137	22.086545	16.783616	7.128917	21.332438	19.400728	18.918287
16.893591	15.558246	20.469741	21.383649	17.989022	22.219795	22.025472	12.832165	15.959096	12.952572	15.889166	19.513997	22.600882	17.773632	11.538322	21.703434	22.771765	17.729089	17.532417	21.525070	8.175476	10.377614	16.697915	21.971386	20.679161	22.725563	20.639232	17.294918	17.205937	12.046570	20.401957	13.870720	22.176297	21.816005	18.941952	22.757692	22.673414	13.681614	20.016174	21.452779	21.896346	22.810126	22.907297	22.617590	16.244278	22.089382	11.239988	22.369828	16.763818	9.459424	22.779030	20.922473	7.386100	22.709200	21.998246	17.321021	21.396876	20.944543	16.515673	16.886268	21.280186	18.425458	21.101239	22.334145	15.761232	16.718446	19.872297	21.508686	22.484519	15.966649	22.839003	16.598335	20.358924	20.969552	21.052939	17.701935	20.210242	21.629370	20.287824	18.725679	14.915652	16.610399	19.449104	21.161771	22.598700	22.413900	15.987017	21.863117	16.821428	19.244466	11.867917	14.175634	19.059414	19.007508	9.535074	21.674812	22.693759	19.347604	22.506165	21.156834	18.088670	21.623803	15.662688	20.047186	21.125837	17.645470	10.789461	18.816829	14.973548	15.958976	15.363785	19.277351	13.774823	21.622252	11.921396	22.075821	22.900388	13.263506	21.631204	22.737759	15.116134	21.963380	22.011636	8.649375	16.502192	22.637517	20.507949	19.726881	13.471219	12.306540	18.720444	6.689462	15.708286	22.907668	17.246272	21.944760	21.548194	17.939676	22.899034	16.925669	21.388248	17.184618	8.580442	13.465927	18.328225	18.756660	22.639673	22.578903	13.806240	15.049893	19.441742	22.909769	21.350077	22.699146	22.063976	18.235089	16.212614	13.367294	21.245585	20.145927	16.078048	12.886620	7.661063	19.141570	18.794104	22.772713	21.890177	20.995945	15.693435	21.073470	20.661410	8.371795	22.800480	17.929883	19.877717	21.270158	21.832515	18.005521	18.525019	18.844703	15.295727	12.236390	19.985161	13.989102	22.861497	22.883478	22.244074	22.272361	15.092287	21.728357	19.682646	21.495003	13.521152	20.638574	16.396144	14.977268	21.746293	22.648052	19.072782	12.569613	15.371055	22.365182
18.705245	19.952549	19.878612	20.549148	20.966661	17.673191	22.339537	18.426546	8.064879	14.433767	22.750707	18.915995	9.305081	16.706245	22.832644	19.057374	17.217943	19.182403	21.143352	19.347069	10.001814	14.353834	21.130711	18.312472	13.024763	13.865710	12.393251	18.417972	21.584256	10.971049	19.143505	18.153201	9.183720	21.413839	22.070866	22.796697	13.341511	14.505470	10.441578	20.333483	20.309032	22.755210	15.875413	20.120856	8.003540	21.583818	21.959627	22.760337	13.931038	16.140702	17.902143	21.954459	12.105094	20.184429	21.919158	22.373805	21.189101	18.887488	22.288177	20.545863	16.853002	21.681019	15.343728	15.570714	15.821996	22.438226	9.777332	22.650235	15.076689	17.463751	15.733970	21.681270	15.495416	19.767770	17.049673	19.513915	20.772039	21.842607	21.151200	12.245367	18.960849	17.378013	16.536793	10.101110	16.222227	21.928639	14.737902	22.770367	21.153601	12.365064	22.751693	14.195826	18.685900	21.107777	20.870699	21.848107	19.514111	15.766384	22.919510	15.360574	21.826122	22.369284	22.607976	21.914212	18.428542	19.380448	22.486163	22.169356	17.344747	17.899198	15.336781	22.333513	22.632333	16.582900	21.372224	19.878089	19.259896	17.851059	18.590575	17.975374	22.719906	22.464903	17.879003	17.559287	22.835861	18.012207	20.706080	22.376099	9.684058	22.560074	12.818600	12.523748	22.342598	22.040204	17.498980	19.485489	18.635314	12.069723	18.817868	21.558280	11.847719	22.679224	22.867023	19.008244	17.314735	22.750085	22.560795	22.089325	19.236895	19.798007	15.879363	15.067267	13.788708	21.473758	21.927108	13.004697	19.447953	10.179172	22.356535	20.836392	15.102972	21.075175	20.466597	22.637669	22.026427	16.682722	22.828721	21.135161	22.377601	20.326961	22.135499	12.925773	21.723336	11.910697	22.501642	21.498168	20.026930	15.136487	22.178533	18.664469	22.417473	22.706038	13.577435	19.065745	18.246870	20.404444	20.938911	20.408529	12.810651	18.716988	11.170883	22.287354	17.412971	16.590005	18.595689	22.545144	14.596533	18.365778	17.771155	21.156482	22.866966	13.259347
18.773338	11.916178	20.289427	17.416391	16.655868	21.324952	21.355728	20.164226	14.250105	22.894461	20.359204	22.077572	12.494181	22.042990	20.672029	22.105814	14.017979	12.925101	22.888004	20.241986	21.984855	13.622537	15.517074	19.478264	21.939264	22.147091	21.401621	21.202389	21.707999	16.673136	19.742796	20.226601	20.548984	18.300552	22.736368	17.792657	18.911961	21.595694	22.374067	19.229784	21.424431	19.361156	14.688211	22.513902	15.878791	21.384614	21.386041	22.471688	20.652049	20.412786	4.878899	20.397112	18.913083	22.870302	21.419815	19.816892	21.078874	18.123517	18.480986	15.599918	15.040810	21.262248	18.683300	21.382765	14.369866	11.251748	20.512999	21.415691	18.305951	15.976449	19.418158	22.238958	18.593072	18.601895	18.441816	17.002044	19.599793	16.329285	20.269571	12.218029	21.363093	19.980981	17.687288	20.972139	15.215722	15.035599	18.842452	21.448749	22.244491	20.777379	20.517184	21.944631	12.539583	14.962527	18.651326	21.160084	19.460194	18.888076	18.971619	21.347962	20.806885	17.668780	20.292631	20.066170	21.251491	19.029020	20.376554	20.705533	21.182048	11.431042	22.914183	17.813651	20.934449	22.088601	18.921997	20.958510	20.907917	22.170755	22.534912	18.806887	21.111568	18.304547	20.022061	22.715083	17.322233	11.758596	18.160912	13.442214	19.707521	18.383499	12.311730	20.788530	17.187860	16.350037	20.198889	22.428266	21.109221	14.370799	21.364142	11.744194	18.340374	14.675248	15.273624	9.843288	22.280752	21.279799	18.489297	19.473003	22.146426	18.903403	20.279833	16.348045	16.585732	12.697574	14.831141	22.777104	22.789117	22.556072	22.840303	22.145459	19.638287	13.549685	20.304740	20.723994	18.681323	12.509319	21.694354	17.079690	19.394573	18.355170	20.805596	13.154870	17.298645	21.589629	22.853487	22.786405	20.103350	21.205131	6.656575	16.019666	21.753007	21.385316	17.334250	22.487330	21.186209	18.582676	21.886603	14.687086	15.072327	18.060122	22.864991	16.662701	20.753939	13.713912	20.866296	20.734762	18.407468	22.917640	17.148943	18.153928	16.837797	21.282593
21.811929	18.502519	17.633165	18.322553	14.132402	10.897414	20.155407	22.241706	20.034994	16.114206	20.225816	19.384110	11.388029	16.799856	13.116106	21.662731	19.360677	16.061994	21.265614	21.225911	20.070052	18.676061	13.916754	19.236359	22.335916	15.564067	20.768439	17.831929	19.221210	22.882272	22.050460	9.750735	11.612432	10.477216	16.485353	15.636243	18.812290	19.796937	15.210956	20.440400	19.760540	20.749734	19.131096	22.334162	8.934866	22.503465	12.406331	19.046307	18.619795	21.392940	19.744920	11.715045	22.420600	19.460266	12.820305	17.370258	22.701777	21.524725	14.095648	16.181065	13.290961	21.852707	15.812058	20.808400	16.497679	19.559134	22.545375	21.273105	18.509949	13.496086	20.834342	17.897534	15.807698	19.779085	20.578379	20.526157	22.663251	9.463961	19.801008	15.005875	21.337544	14.400789	17.403680	16.437780	22.449927	19.635731	19.177642	17.447276	21.953262	17.375230	17.454378	21.295685	13.057565	21.878072	15.155281	19.164962	18.642159	18.879520	20.576587	20.628149	22.768246	16.846972	22.245456	20.690042	22.396305	17.265548	15.394288	22.679369	17.074957	20.478960	13.715148	11.313331	18.519974	20.583578	22.551705	20.177711	14.157707	19.417503	18.897753	21.790031	20.679943	11.557794	17.639806	21.843051	22.835446	19.636428	14.769734	12.008414	22.292716	12.143262	13.893535	19.273909	19.834409	18.117317	18.906656	14.093894	19.805964	19.364100	20.330266	21.563526	22.273550	20.193533	11.965321	21.802415	19.161138	17.795387	17.326048	12.833977	12.830968	21.404827	21.010208	19.432760	14.349019	12.652220	17.791671	21.881396	18.307505	22.733579	16.144870	17.773659	14.926347	7.318691	20.194513	20.949733	21.237776	17.538911	21.878777	19.619199	10.512266	12.232010	20.562213	21.420270	17.895971	12.504320	16.589344	21.041371	9.478099	22.899321	12.594277	19.451548	15.384508	12.969462	22.686538	14.163041	19.291533	22.727043	21.278345	14.391712	16.678475	22.401278	13.193680	18.058701	20.212575	19.892798	21.227266	15.615829	11.919284	22.508541	20.074802	20.621762	19.054857	18.017379
20.397286	22.052401	12.829545	19.141019	13.889086	21.746656	18.680025	20.801897	21.780682	12.893352	11.767383	10.474518	18.797068	21.808420	21.258239	22.489660	13.278674	7.950447	22.009061	16.682775	17.521653	21.115263	16.023854	22.884662	18.526084	22.837737	20.309247	20.124903	21.685877	22.821822	22.150359	11.352288	10.847771	22.140436	20.550624	21.701976	22.835751	20.477076	21.285380	22.310590	22.840465	8.317448	18.358184	21.727605	20.983054	20.723677	19.196982	22.047073	22.666833	17.892556	10.180933	22.535644	15.035244	20.685247	18.853760	21.531676	22.366790	20.010368	18.114275	16.327158	8.631415	21.875928	14.793205	22.857931	21.510447	7.663730	15.378595	12.700212	8.103714	16.618577	13.372653	12.627625	15.245786	18.188473	16.907978	19.848629	15.232240	21.447312	22.877048	20.016458	13.828381	19.695112	22.651801	18.915355	12.396017	21.894553	19.769838	19.266613	22.600174	10.013908	20.804313	20.354258	21.136489	18.166822	20.426284	19.753798	17.529210	11.078165	18.182083	22.558519	13.727984	17.668540	21.053037	18.966102	16.677939	22.870290	22.893826	22.604850	22.666183	6.082023	20.358243	22.138262	13.507037	13.221843	22.253190	17.503587	14.671613	19.361121	22.224359	16.552327	17.528899	18.112156	18.843556	12.288142	19.960968	19.386247	15.187617	21.443715	20.322844	20.823337	20.388799	16.607670	18.605990	22.848027	20.265698	11.128044	16.477074	14.585521	20.574170	13.023311	12.755974	22.703092	17.415271	11.362563	22.812258	22.767052	21.594087	10.831362	15.724886	22.853197	20.973798	20.950261	7.454131	6.719726	15.655224	15.317909	21.852752	18.922786	21.273610	12.507490	19.948041	5.113835	18.909890	22.872077	15.550975	22.749216	22.108088	21.325264	21.696816	19.582808	20.249000	22.803746	21.803750	17.931177	22.743200	22.815301	20.738250	9.404651	22.482864	14.442622	9.479017	22.025076	18.147573	10.283177	16.304405	19.351963	8.041618	16.699945	14.003234	12.424564	22.587788	20.598911	20.976794	7.637444	18.042836	22.662068	22.218031	14.814975	13.473291	11.583237	20.787754	15.400056
21.648440	18.669070	22.173374	7.840569	19.791003	19.508204	22.611263	17.869821	19.783188	21.460601	21.081438	22.731139	20.019079	22.481443	22.218723	21.033142	17.157153	20.736401	22.337128	18.397110	19.567316	20.845715	19.606010	11.506496	16.565328	13.992824	17.189640	18.571263	22.772724	22.597246	22.753378	22.374235	13.318076	21.573060	21.780585	15.283223	7.733677	19.522230	22.776643	22.588053	18.984468	14.563057	14.974856	22.904819	20.393058	12.058966	22.342071	19.512108	8.408050	20.301076	22.636838	19.200768	22.322279	22.084113	17.159160	13.674442	19.295786	22.089762	20.591764	21.304101	21.867891	16.512803	12.191269	22.523973	22.078065	17.279264	15.836002	20.982001	19.199710	20.548234	17.081445	21.622074	12.515652	22.343880	15.681301	17.982681	12.812776	21.345847	14.634386	21.955901	22.006777	22.827283	17.992716	19.479871	16.847831	12.947835	12.846872	21.284823	17.489762	19.215056	10.900636	12.201570	18.163077	19.366761	18.445124	19.805280	21.053423	21.021114	21.891014	13.204328	14.096108	20.906126	22.722537	22.305720	19.244254	20.962255	21.420174	11.686233	22.055364	19.231035	21.804055	22.005734	21.431283	12.795093	11.352450	15.863206	22.490893	22.788830	19.319565	21.159440	21.946926	17.006557	22.906067	20.237870	20.823112	10.677691	22.222010	21.918335	18.677150	15.237313	22.259592	21.366683	13.158602	19.810521	20.084865	15.757891	22.825552	17.956030	8.869197	18.394948	20.106732	20.620653	8.322832	18.844985	15.268847	16.644743	22.777980	18.864687	15.582192	19.676545	18.992812	22.439226	22.671765	18.895730	9.978668	19.926244	11.498601	20.779650	20.905638	18.814183	16.598569	9.610000	15.471280	15.289262	7.521236	9.962939	16.459502	13.690329	19.048430	16.801999	12.978197	17.518384	19.273025	21.269105	18.652053	19.869270	21.631973	22.515527	18.848108	15.313538	14.907064	22.030409	18.321862	22.101513	22.064379	21.633730	21.402187	22.596652	19.658420	20.641192	21.497358	8.224081	12.407205	19.934927	19.749220	13.929701	18.854395	18.086656	21.555369	8.405705	22.495124	22.372854
17.960924	22.413059	8.275272	19.157715	15.420180	13.795942	5.807586	21.765834	22.153425	13.165588	18.944878	22.200007	20.627744	18.639910	14.124005	15.874360	22.272804	18.618544	22.178841	22.028166	22.499718	17.141917	21.011752	22.845535	22.228607	22.539223	22.398878	17.356666	19.838843	19.201218	19.721072	20.518504	22.742648	22.401240	20.462061	22.744331	18.437924	21.575641	15.009217	16.249129	14.846973	16.818494	19.636346	22.767041	6.830653	22.807139	19.927183	15.322554	20.987208	19.024241	22.885454	9.724412	22.783036	15.782931	19.812928	20.758904	15.390940	13.358561	21.433970	22.779169	7.357339	7.431611	22.211342	15.559251	22.212937	21.449380	13.466655	20.798715	22.615984	22.171160	5.814534	8.638090	22.314299	18.696829	22.143878	21.098350	21.221379	11.532664	22.089080	16.842456	10.705991	17.346077	18.355890	16.725306	13.529125	21.432005	21.002521	21.102925	17.652027	20.590592	22.587634	8.157747	22.699883	20.420135	22.903193	8.038680	22.030093	18.714402	22.122362	22.699206	21.757885	22.520700	15.601016	20.130402	21.329445	21.098943	20.938752	22.514733	22.572618	14.813434	17.273508	13.420167	20.844806	16.336098	20.833802	15.156594	19.412074	22.359563	22.860064	9.195133	16.814305	19.427583	22.842250	20.802054	10.815647	21.302112	18.468528	14.882862	17.703214	22.439458	22.230404	22.239738	14.899443	20.657852	8.968349	12.132422	21.012883	17.951924	11.379526	19.764606	20.547105	20.556920	22.442811	18.025918	7.107115	20.352641	21.986440	21.258991	17.697993	19.942821	19.356539	22.794915	21.778798	12.509666	17.100549	22.186484	11.908824	14.904075	21.452302	21.563810	22.086427	15.638529	19.716074	22.704785	19.232436	19.125574	22.503185	22.917518	10.292290	19.736767	19.581822	11.648920	9.708792	19.201087	20.546512	13.525304	16.717435	14.203374	22.049383	15.764611	18.612245	15.334056	9.066292	15.622157	15.544660	15.672914	13.700414	22.167060	18.286970	6.932176	17.847323	12.632733	18.061535	17.614864	19.854634	17.615032	21.325252	14.866367	19.932382	13.689526	15.548506	6.696469
22.603369	15.209060	20.840974	9.590642	22.901694	19.021055	21.382634	16.870339	22.432208	21.076783	20.164939	21.262350	20.106435	22.492740	18.661299	17.397122	18.283732	11.392291	18.999493	21.833864	14.142744	21.292904	14.007984	16.867358	22.028976	20.317193	21.267437	22.531937	22.061083	20.555249	16.245132	21.268626	16.754182	9.168947	20.496117	17.739740	22.032805	20.721980	19.033320	22.347086	22.762296	18.907615	16.883590	18.357146	14.316623	18.640919	21.990090	16.927047	19.204912	15.615593	13.371815	18.573785	22.471093	15.377348	22.802807	21.546025	22.039052	17.555523	15.587188	19.662190	22.799590	22.556277	18.462848	15.682728	19.182600	22.897400	20.408671	17.853033	22.581064	17.151435	21.978470	22.680373	13.940351	16.618831	13.341493	21.761291	21.983044	20.768529	16.881928	20.900860	18.920608	20.227943	14.756148	18.740183	21.047518	18.399707	13.467850	22.840440	18.675570	19.096892	18.426178	12.301730	19.238720	18.023556	22.733630	16.038915	22.386948	15.382846	16.517729	22.055685	15.300352	18.818801	14.985439	18.227981	22.683207	16.925606	14.930407	20.117867	21.321987	16.136780	19.797435	14.554027	14.225125	17.699830	20.355454	15.533495	16.954811	20.543404	17.882477	22.597394	22.556440	21.006631	5.931556	22.618903	21.022877	20.656536	20.166791	13.334201	22.913406	22.897391	14.861520	21.378913	21.192497	22.196080	7.707544	16.773642	19.874743	17.489068	16.322654	21.333009	20.093640	15.684638	11.133708	14.244606	20.085737	12.410005	16.477005	16.843445	22.328185	20.235937	16.339219	15.109805	17.775706	13.757159	9.521133	21.972105	20.437116	14.923413	13.471502	19.041386	18.973102	21.222972	22.538087	22.814880	18.998917	22.271360	19.816793	16.522719	16.019359	10.357582	21.805173	19.350687	15.386925	17.437145	22.814139	17.337957	15.174961	22.564734	22.202637	9.156926	21.044167	17.471031	22.305895	20.927369	22.322663	22.496644	22.663706	22.811132	22.821376	21.575756	19.721415	20.230726	10.124340	10.844383	20.301191	13.698663	21.589664	22.682864	13.835309	10.662805	22.027619	20.104801
22.449065	21.128925	15.591156	7.714495	16.320760	15.014274	22.666822	22.298078	21.918563	14.737224	19.114842	22.493634	21.888358	22.490660	9.894489	20.698592	17.198522	13.837147	10.269908	19.405917	17.530944	22.847514	13.815421	21.714332	18.223886	21.683044	15.293000	11.000535	21.731538	19.881601	19.599852	19.079337	21.176545	21.897036	19.658085	22.105544	20.845194	21.219947	20.720681	22.104763	22.662912	22.815463	20.740290	6.886724	15.230930	12.646760	14.431349	19.320392	15.547369	9.969956	19.720089	16.508958	22.562422	20.683504	16.234145	15.663265	22.005239	16.470713	15.129154	22.744562	17.516522	21.393109	16.436615	22.141076	13.011873	15.297623	19.675657	16.406160	21.423330	14.237320	22.351635	22.860055	8.097422	11.158022	22.633275	18.417999	15.858938	22.866553	22.576583	15.114574	21.368705	18.153436	13.237368	19.446687	22.578199	22.789136	17.458052	18.629573	16.712315	22.283395	22.107459	20.101445	19.658439	12.732323	22.347712	20.921548	17.725410	21.804743	21.795937	21.690337	21.514188	17.567917	13.460836	22.903404	22.308733	21.514898	12.612208	22.658707	22.208036	11.321514	18.189360	11.427783	20.603113	10.658332	20.043742	18.778455	19.963161	15.338700	12.168519	21.588481	22.354146	22.475839	13.406914	19.506603	22.200077	21.295958	18.342471	22.455422	22.296254	19.076807	17.864650	22.661628	21.796646	21.114401	12.952307	22.336187	14.982359	18.801500	16.559976	16.818145	10.179997	14.682222	21.206525	22.188781	22.827117	19.710136	15.946127	12.184344	21.965873	14.228695	22.510261	18.283226	22.280067	20.780053	15.480348	22.361434	17.641840	22.073386	13.616156	19.957218	21.031994	15.727362	21.251404	13.572397	21.956840	16.043995	19.701789	14.870323	22.312320	22.843182	20.669482	20.678510	22.544775	18.756506	13.500438	15.675734	13.668532	21.269378	22.729084	22.899710	16.787063	21.155893	17.785520	16.117598	21.095178	21.885523	11.014620	20.832646	22.294196	14.955743	22.660923	21.201863	20.631020	21.812572	22.694072	18.811443	12.885527	22.776107	16.808626	19.835059	12.631384	17.430657
21.700560	19.323596	20.410911	21.548843	19.493330	21.427916	20.636397	16.661360	22.500740	22.809176	22.155563	21.741499	7.691714	15.155910	21.925458	21.108222	15.583301	16.613169	14.001454	18.333955	18.208052	19.612458	21.218915	19.156322	22.283678	21.464163	20.432422	16.578335	20.557508	20.460154	12.513759	19.409502	22.860025	17.097818	18.810741	13.509120	16.162652	21.642744	22.676983	6.735819	22.796347	11.739464	22.008653	20.189511	19.871962	17.762717	18.292702	20.973451	13.532818	19.140238	17.385390	18.372889	19.345465	17.368306	16.974486	10.528477	18.957609	22.668309	12.491596	21.707026	13.038522	20.251598	22.639409	22.869474	19.533060	11.142430	14.935214	9.519147	19.845535	22.009551	15.721397	13.339950	10.324359	20.655191	19.331115	13.507188	14.028355	22.618545	21.973918	16.309045	13.952321	19.453686	16.005871	17.638219	9.599685	22.390928	20.044539	22.890878	22.812820	21.305335	22.871301	21.503207	19.757169	13.258083	19.188617	19.039752	22.600244	15.793027	17.205412	19.543537	21.663751	19.165422	17.989306	16.683689	17.857144	22.591737	8.032490	22.514760	22.353856	11.698920	19.492119	17.805953	9.094184	19.048934	21.717023	15.223671	15.450761	20.185978	19.542777	22.325726	12.640239	22.478187	20.901254	16.898317	20.975106	18.053869	17.036816	6.711778	17.966653	22.260645	8.380610	22.915563	19.738871	18.552902	12.882642	9.380456	22.894385	22.038733	22.750500	22.351383	21.474081	22.872070	16.471764	18.448310	16.065027	17.851301	21.855532	21.953710	14.364581	20.524041	22.740894	20.157767	22.170543	17.320238	20.847175	22.172040	21.368882	12.784142	11.013576	21.990782	20.714984	21.510466	12.860197	21.928821	13.701492	18.186164	9.652389	22.629119	8.979780	15.958340	11.781602	17.564402	13.285692	14.952047	15.550610	22.494675	22.856313	8.020626	21.559792	22.775215	19.639034	22.752522	16.648520	10.203370	16.368017	16.857054	22.804609	22.379255	18.859441	21.920612	18.800667	20.448250	10.900136	13.322606	21.209706	18.024264	17.184376	22.450783	21.892999	19.035976	18.643480	22.706063
18.686396	22.741376	20.961813	5.514557	16.898889	18.999275	19.066248	9.217772	15.364957	16.730896	22.471845	19.744010	22.495317	22.785048	21.292888	21.656947	21.932790	21.853115	22.761084	21.335856	17.490966	21.853473	19.526327	22.895385	22.842569	13.884390	10.682461	16.117931	15.319521	22.097833	14.557298	14.681260	22.499237	21.907533	20.725137	20.156414	22.369284	22.455954	20.916057	22.719474	22.681794	20.350169	11.354645	21.063565	22.739040	13.194389	15.297499	16.353751	12.954575	15.865953	22.082201	13.569428	21.663548	18.303201	15.005058	17.782338	21.437816	9.198093	21.507644	21.346451	22.545467	21.424057	20.626683	19.781395	19.121686	19.911359	7.439918	21.819709	21.263487	17.608083	16.231438	8.107080	20.783133	19.876227	9.868039	20.830786	21.964703	22.510246	13.365940	22.398695	21.675481	20.400853	19.288030	19.988433	21.430684	15.789671	21.853452	22.748949	21.267889	17.285255	17.310435	19.404012	21.720746	14.498177	22.080828	16.859630	12.887738	17.027722	18.236540	13.381206	10.063194	13.650837	7.852608	21.320382	22.264675	22.503450	12.985232	21.146312	22.417832	21.368021	22.170574	19.214586	17.277100	16.122025	16.750263	13.577316	20.362091	9.930108	18.685664	17.734978	15.209065	10.550314	13.112749	22.889003	21.053641	16.422328	20.229705	20.226415	17.501750	20.476807	18.120353	13.758929	22.330720	15.397342	22.067047	17.283590	20.082816	16.387551	12.286230	22.156185	22.204499	22.664054	15.160679	21.119478	22.206532	12.205500	17.715249	7.835287	21.106998	20.913268	18.993978	19.154893	19.222051	22.890912	21.655640	10.753212	22.386942	10.226494	7.941027	20.947046	13.947133	5.337030	16.286723	10.922563	18.323133	20.375516	14.459560	16.598367	21.674814	20.862631	22.707945	20.992363	22.149970	19.886288	19.507388	21.310720	22.882768	20.380175	22.839274	18.640929	18.655466	15.727486	22.041426	21.321161	22.166670	17.126599	17.906260	21.070449	16.599090	22.782454	9.856089	16.376198	21.886316	21.538115	14.098719	22.320637	22.188146	21.575868	22.728363	9.958708	17.186516	18.146871
18.937212	22.185328	20.393683	22.518661	12.648000	13.439198	18.921795	21.043337	19.112317	19.700637	17.415727	15.275405	22.821425	15.340852	16.737201	22.658306	22.647756	9.326733	17.480937	16.591820	22.816445	22.837259	15.673866	20.235961	21.617903	6.978694	22.746651	22.267894	16.937547	16.944022	7.843707	22.136139	22.297616	12.131753	21.473910	20.153891	14.577119	14.543453	22.031948	21.722027	15.477576	18.897670	17.547647	16.442171	22.580112	20.526814	21.181407	22.596247	13.206890	14.417726	19.262388	16.891284	20.004645	21.107022	21.899031	21.129237	16.980492	19.206516	16.680253	20.083399	15.685278	18.161731	22.449111	20.184599	16.606325	18.455680	21.116494	20.300332	10.425471	22.809379	15.103103	20.664893	21.210265	15.129030	14.419961	16.442541	17.851536	22.909270	22.596122	19.217677	20.932293	15.805921	21.865058	12.008291	16.590520	22.877371	17.620637	13.110631	21.746305	21.059502	11.113970	18.332308	19.892039	13.005017	15.096751	21.261898	19.845389	21.450506	17.012179	18.059894	22.838073	17.916090	7.532847	16.243042	13.737902	20.150113	22.847323	17.437489	21.940695	9.872034	13.214875	7.836596	20.849597	21.416430	22.292434	18.624481	21.300961	19.157360	17.244259	19.395436	17.892235	14.543136	20.330410	15.265091	17.762470	22.910639	16.395422	22.879637	21.976627	14.024158	21.412245	12.638173	14.622861	13.299573	16.632888	20.323638	19.415363	8.206366	10.452891	19.184910	18.378453	15.412990	22.456228	11.798205	19.906688	19.710992	19.928145	17.358235	20.891508	22.061700	20.767259	16.816950	16.028735	21.959412	22.676377	22.677699	13.067792	20.828168	12.272884	12.695975	9.733296	22.813991	9.903577	20.882815	20.911826	14.024434	16.338750	18.707075	19.496007	19.646475	21.081863	19.146127	22.250976	22.425327	9.494317	22.890711	22.009750	22.385293	19.104988	22.896518	17.136353	21.360900	18.132910	21.154130	15.539721	21.508080	21.662127	19.635921	18.273206	19.666419	20.732033	19.992499	19.674418	15.228617	19.485979	15.701727	16.577148	13.027089	17.850252	16.962917	19.288377	15.428534
20.744041	18.642778	22.784602	6.609774	12.252354	14.612907	14.184475	22.049046	14.450705	21.329678	19.799589	20.651080	17.296847	20.268931	14.157946	16.703691	22.812716	21.652653	20.381654	15.697114	22.699324	21.701443	14.868024	21.876130	19.786082	21.002976	17.748025	20.460229	21.486493	7.252058	22.114904	22.389074	22.524425	19.799768	9.892545	21.327898	14.694543	13.597691	22.777882	21.267958	9.845426	19.021185	21.174260	19.580225	17.178956	11.434043	15.471462	20.044845	13.018004	17.592237	21.861519	20.280623	14.378582	19.900864	19.995403	18.849187	22.463685	21.650325	22.307392	15.250202	20.984469	16.649448	21.355835	22.698925	22.772694	17.855793	22.672043	15.012320	14.681849	13.028379	20.355088	13.352149	22.568504	20.413446	18.038024	17.685849	22.892120	16.033928	20.658800	22.518977	22.467460	10.559252	18.974806	19.418539	18.050454	20.476332	17.966831	21.803213	22.120002	12.868121	17.437016	18.125076	21.921267	20.432917	16.995595	22.635090	18.984574	21.078820	16.746522	22.883593	21.918000	22.469178	22.888002	14.609559	22.762641	22.791942	22.014423	12.115320	21.993892	18.440615	12.109415	21.782626	17.603250	20.685998	8.792904	20.630169	21.690118	18.981082	22.311591	22.462687	21.972321	18.806472	15.970694	18.722105	20.931698	9.105366	6.657748	21.224783	21.351352	22.272025	16.792144	10.726295	7.489375	17.227767	8.564188	16.272260	20.240956	21.958075	10.794200	22.841117	20.224662	21.595792	20.335771	15.774641	19.610411	16.015736	12.139100	20.253400	20.162162	22.798344	17.431861	21.868826	21.464039	20.144340	19.233544	20.514018	21.944659	22.269608	20.612059	21.998064	20.810456	22.527899	16.821307	21.713038	12.582839	22.737298	22.146585	17.966089	19.445978	20.736547	14.436798	13.454315	14.029764	22.825936	22.417011	22.723868	10.119449	16.636723	20.867166	22.338905	18.900166	13.472286	16.130610	22.754520	20.836958	12.373230	13.945491	14.542420	19.096194	22.917809	22.556648	22.570797	15.016938	22.772976	20.255504	17.994284	18.978922	22.664318	21.699936	17.916643	15.421761	22.689635
14.169470	19.571816	22.247094	10.611134	18.179213	22.791734	21.875598	9.654992	14.820011	21.131684	20.098982	22.055763	17.265293	21.223264	17.122071	22.425775	21.347403	11.592044	20.358016	19.974767	22.618693	22.778142	18.196525	20.211321	22.915252	22.113963	21.394033	21.925368	22.072578	22.489129	21.725278	16.766578	15.302439	14.025814	17.262510	8.689438	11.581078	17.148857	20.401081	16.625847	21.968727	13.880042	8.173561	22.890740	22.829791	22.376060	15.148024	19.296807	18.820125	20.127023	17.350052	10.920066	12.677427	21.687087	12.416353	17.332523	21.624954	14.850833	8.744547	22.696750	22.793176	17.015771	14.294289	22.602384	19.549531	22.592987	10.562865	14.022791	13.395603	22.869935	19.140874	19.633080	12.954877	12.602821	8.314882	19.703924	19.195291	15.500019	19.311036	21.950458	22.176945	16.797110	21.301247	22.787883	22.010334	21.064633	14.100655	8.300657	12.341539	20.008043	20.654813	18.736108	20.422195	17.462829	16.466812	21.455247	19.784545	21.571120	17.068517	21.934981	22.799980	21.568358	21.256846	22.710345	21.867612	16.418869	18.116928	20.121642	17.071534	22.872287	12.941852	17.179661	17.759488	15.344207	20.974495	17.984252	11.844645	20.229875	18.582803	8.438627	10.720172	19.094898	20.573315	22.623786	15.013512	22.492193	18.394734	22.718694	11.739282	21.041621	18.716993	22.563594	22.358164	22.606149	13.202710	17.426590	22.869500	22.070047	22.689678	22.712699	15.301232	21.001807	18.429731	21.511277	18.031870	22.711029	15.581812	22.814995	22.262015	13.157037	22.652634	15.479710	19.645483	20.206827	22.499886	20.905603	16.798418	22.382743	22.521241	22.188615	20.561818	22.352155	13.386336	18.458362	22.254422	22.712955	22.136565	16.758618	12.604007	21.990969	19.514916	21.658411	11.216126	21.787672	22.536221	12.482323	20.369831	19.931554	18.521480	17.520208	18.212205	22.111645	13.902934	16.288630	20.390403	15.136587	20.374229	19.767844	22.772199	20.930461	20.982972	10.472640	20.220149	8.313048	14.150995	20.805016	22.235729	22.214192	18.469969	12.235366	22.855403	18.104369
21.952401	22.269803	15.191071	20.080693	14.344327	17.758542	17.309467	19.147004	16.592629	14.217886	22.174207	15.423055	22.044644	22.362776	20.369291	22.836854	21.087376	22.409412	16.798978	21.614750	17.855096	21.701227	19.372586	22.632765	7.133569	15.890628	21.867909	17.215614	8.616296	13.366561	19.613563	16.142550	20.608911	12.823925	17.304374	19.429901	20.959773	19.625776	12.373905	19.946067	22.683006	16.735619	22.580583	13.405466	16.316018	21.426011	20.574564	20.448347	20.045509	14.606136	17.265756	19.059787	22.396289	21.276508	12.557160	21.445344	21.723602	10.747650	16.550258	16.119178	21.852195	18.619833	21.930180	13.984490	13.152246	19.637417	22.533221	12.714690	16.575252	22.134968	14.663003	22.357997	20.183836	21.525252	15.448990	19.488386	20.451019	21.076905	20.191415	15.477311	22.302431	22.919662	17.504921	12.036618	20.428886	21.309302	19.715628	18.305928	22.785615	18.831157	22.713644	20.351982	20.764563	22.507196	22.913678	10.411762	16.488553	19.167281	21.378990	17.176430	13.522294	17.892510	22.263490	11.896547	22.116462	11.078339	22.457515	19.574783	22.657431	19.155166	18.655694	20.346161	22.462664	20.269319	18.126767	22.529734	19.822534	17.782506	22.074601	16.330533	21.615254	13.460828	19.073464	14.043906	18.502805	21.191620	14.542819	22.023982	8.207402	22.898580	21.681709	20.124548	22.169216	18.812310	19.106479	12.093882	20.238942	19.937777	21.058406	22.801753	5.462829	21.165024	21.311952	22.195991	19.767648	16.020957	19.790678	22.262700	6.928261	22.902285	15.164507	21.245449	22.271919	21.791953	22.491458	17.554912	22.736738	20.872860	14.836693	22.283587	22.914802	8.015398	17.037806	14.998015	22.826167	22.802036	16.968881	17.704156	14.879813	22.701251	21.498541	12.133354	12.885566	22.855994	16.835864	17.181539	19.094481	17.896050	9.520294	22.800314	21.700986	18.148068	7.909602	16.945710	21.062052	19.841731	22.903520	22.815068	15.399063	17.479352	22.511214	22.739060	18.854947	18.487114	15.075473	22.794678	19.478441	20.189632	21.022549	11.897087	16.060443	22.674819
22.486084	20.762159	20.929517	20.123716	13.026445	19.878315	22.330900	21.958889	18.662798	10.013112	10.277324	19.537449	21.785651	20.902626	22.019521	21.768986	20.683637	16.848186	18.452918	12.874405	13.472933	16.730564	21.111338	22.671609	18.584763	22.320465	16.084261	15.857895	22.605076	22.255233	21.882347	22.332127	19.795190	14.632020	14.322699	18.938946	18.381234	21.140651	8.246695	12.826246	22.905989	15.405541	14.065547	21.381112	22.907502	22.892176	17.216752	21.236024	20.231965	21.665090	8.043404	20.779206	19.678383	14.557736	12.832032	22.625770	22.635234	19.726142	19.945188	21.904968	19.365861	14.878429	21.073763	22.174995	20.394868	17.882471	22.192259	20.326612	19.521444	12.633850	17.640915	22.765888	22.375603	21.349033	21.661374	22.646233	16.738719	17.028328	22.135320	19.625697	20.413621	18.083584	17.986254	17.881592	18.745319	11.692378	22.574651	19.215926	14.744313	15.827365	19.295491	22.566465	19.960701	12.681231	21.719034	22.107465	11.413324	10.176458	18.071725	17.756324	22.822745	17.891807	21.693802	22.375928	20.075044	8.435955	15.264575	22.517109	17.389095	12.006478	22.782646	22.811433	21.883796	11.669845	15.527631	19.593311	22.903475	16.889189	17.879047	16.088218	12.654136	22.479644	6.776691	21.377544	22.776540	15.253831	22.253708	15.694956	20.178630	22.753373	11.037647	22.059927	21.904316	18.900991	22.251576	21.052349	22.344729	19.340307	20.811582	17.390509	16.028595	19.738817	19.917320	22.389543	21.567755	11.820803	19.709110	11.092175	22.222047	16.383446	22.580904	20.625989	17.370645	13.471236	22.833340	18.915988	11.251308	17.763859	22.211141	19.807869	22.775012	13.264120	22.637341	22.319691	12.520290	8.993150	19.755130	22.731105	18.912359	19.988974	13.699103	5.727841	13.632988	22.133456	20.706226	16.231511	11.127382	22.394442	20.033606	17.775745	17.362644	10.643456	21.473640	6.100433	19.603496	10.819857	17.613514	17.776450	21.375197	21.679362	22.620396	20.891841	17.751982	22.103885	20.279115	6.815095	22.600884	22.499953	10.582821	21.170371	16.643741	14.190530
14.621025	11.864242	10.857898	16.899458	16.563641	20.392917	22.245236	20.733932	18.957765	7.203241	17.920435	22.548765	22.393898	20.409673	14.250450	22.166921	22.365758	6.993046	11.889010	22.079521	14.333790	19.079745	22.238929	14.614903	21.612304	19.226106	22.751772	22.678007	5.806303	22.889733	18.547022	16.851973	17.047139	20.060040	19.605018	11.212328	18.734865	18.235854	20.618855	21.647224	20.529380	11.717439	20.490455	19.643913	22.139613	15.105797	14.899802	21.138675	18.915005	11.165144	16.903856	22.187596	12.884912	19.006351	20.049813	21.827030	22.261403	12.181456	17.429277	11.974838	19.541950	12.392829	7.679477	8.827689	22.840916	17.325177	14.549995	22.745252	22.878774	22.145783	21.198946	22.673600	20.169021	20.202200	19.514507	14.919240	16.213418	20.387298	20.819742	12.948048	22.815096	12.563925	14.788513	20.553799	13.770372	22.708481	10.460461	21.222243	22.232195	21.992302	19.922740	22.656858	21.485600	15.878702	14.128490	21.616694	22.876328	17.226894	19.121431	15.906759	17.227221	10.503341	19.571076	19.508712	19.424632	22.918851	22.888201	17.644584	22.547733	15.001283	17.621755	21.869811	18.973301	19.685641	15.427019	15.692885	17.518514	9.454707	13.628049	19.614465	20.473451	16.866398	22.274004	22.261916	9.490056	12.169531	14.969346	12.540895	20.642401	7.831480	17.204851	19.384920	16.702546	12.920730	16.196282	22.033623	18.994323	19.897368	10.659334	20.551218	10.051332	19.771695	14.817338	9.012123	11.065190	18.056909	10.723842	14.989892	16.215631	20.054838	18.454975	6.804041	16.798169	22.230422	18.217134	16.340129	22.140503	9.194145	19.022735	21.610250	21.900568	18.587753	22.405381	15.856524	20.914138	20.542549	22.832595	19.954717	12.173720	18.745561	22.892688	21.631126	9.798443	22.363904	22.670394	19.074852	15.367438	17.703317	22.849088	19.257498	21.582540	22.203915	22.078532	22.479771	22.622486	22.883859	22.836618	18.844832	21.693020	15.518907	18.703648	12.753698	21.269518	22.539339	20.604447	22.215832	22.692993	22.841927	21.889228	19.263187	22.624166	16.522456
12.802739	13.362786	8.179515	21.632000	20.368121	17.327175	22.619887	13.787093	22.783437	22.804298	18.719810	12.173707	12.557080	22.169534	14.258004	17.686176	22.291363	20.344612	21.604356	15.665390	22.591159	16.690840	20.616781	19.415607	15.361711	22.296033	17.713820	20.528674	21.949951	22.313996	22.184310	19.129050	22.882409	19.843418	22.677576	22.776972	22.705686	19.592666	22.910690	21.120097	21.414858	15.138653	13.668156	19.475385	11.494823	21.517752	15.211310	10.926400	22.425217	8.918835	22.458710	10.808663	9.628186	22.402003	21.730090	17.258957	22.691437	22.379521	19.655955	21.879077	8.805659	22.790001	20.007115	18.719117	18.815827	22.030941	22.088748	12.466856	9.356292	14.034228	22.251986	5.210664	20.664701	14.467824	18.440046	21.504868	17.411841	11.183180	22.050678	14.973400	12.419248	15.386826	15.794733	20.292898	19.091437	21.047086	16.974175	10.543227	22.540924	14.423333	19.292527	19.690129	15.896567	22.637965	10.970564	13.167103	21.212435	19.783798	9.249599	19.651690	17.918467	14.232978	16.864073	12.877347	20.161026	22.767844	19.059342	17.688236	20.287184	5.791629	7.498111	11.386422	19.041711	22.474622	15.974471	16.178032	22.042405	22.545283	21.346819	19.729943	19.252515	21.795583	19.507563	22.514361	17.237221	20.054999	22.802022	13.395830	17.767056	14.133596	17.205396	22.219803	20.589756	21.659378	17.480801	19.774817	21.082849	22.783417	15.092400	22.071015	21.701414	19.740993	18.853380	14.452378	9.521191	22.161855	21.036307	22.749049	21.980849	22.367495	8.232081	10.374612	19.683220	19.023625	20.080545	10.118634	16.255576	16.489576	22.692259	20.835383	16.759556	17.855879	17.780454	15.868627	19.254207	19.594958	21.218303	13.756756	20.215539	18.705348	16.940533	20.015576	17.352057	14.227209	18.848587	22.391016	16.384958	22.488846	19.783144	16.731419	22.783601	18.437912	20.156597	17.670111	14.135481	22.245176	7.482075	22.795989	14.472429	19.237402	22.753677	18.936929	7.522170	15.760117	16.455766	14.207764	21.570217	19.853981	13.145285	22.595515	22.679742	14.765723
9.683153	10.368171	17.927189	18.651003	17.502988	22.857591	21.759087	22.608984	15.031465	22.155289	15.915948	18.701439	22.852559	22.514473	19.468521	22.025296	15.954674	15.132700	14.942082	18.636865	21.826850	17.780897	21.525968	9.765430	18.780208	16.413781	11.759127	9.183114	19.948420	22.718000	19.014467	22.198397	19.797981	20.743202	21.321694	22.695359	15.693453	19.847461	15.288959	21.555668	22.230354	22.813472	16.857189	16.947066	18.971884	17.445055	21.586262	11.989695	22.138713	13.709603	12.492967	17.840475	21.430580	13.525781	19.651777	14.437617	21.263012	14.349747	13.328069	21.642160	20.604438	22.678046	22.530483	21.212951	21.289086	21.362363	22.067955	8.744291	22.443032	22.457283	21.466504	22.773465	17.096115	14.324771	14.001479	17.581052	19.545327	15.539434	22.784223	22.543161	20.950391	16.008173	15.230332	22.676469	21.300131	13.237738	18.904757	15.687941	14.240020	21.692034	20.070507	21.798021	22.070441	14.967011	18.611596	22.067497	22.323590	20.813567	22.228290	16.255654	20.599015	17.255335	22.642168	22.110013	20.669401	20.976222	21.193690	21.789064	22.871630	14.493364	22.349670	22.800074	15.285981	15.033633	13.692797	14.089504	19.052017	20.281215	7.141299	19.762714	15.128114	22.464280	21.521010	9.692107	17.529444	21.507707	16.482389	22.483935	6.754361	15.435723	18.720733	17.731410	21.514118	11.022490	20.308212	17.338865	19.879136	13.815911	16.961819	20.641482	21.926806	19.426694	20.676257	22.517717	22.847877	11.167841	22.347511	21.848073	20.719005	20.776506	19.481259	14.484206	22.357887	22.822109	22.870094	15.929714	15.692217	14.517111	17.268417	22.861688	19.266732	21.560139	21.845773	22.856369	22.780125	22.729270	17.591876	16.687235	18.330014	22.370414	21.845860	12.672751	15.658608	21.683230	22.780372	20.890263	21.466799	19.081705	18.456763	17.113824	13.877213	20.983411	9.389327	14.111341	16.937268	19.466849	22.876524	13.476174	11.678255	13.589110	19.018072	19.202747	8.611830	20.164318	17.579602	17.840940	20.513324	14.871449	20.149618	15.732623	22.164514	22.174989
17.408460	22.614246	16.557223	21.558303	13.396785	14.725190	19.176027	22.579781	21.074955	20.786424	19.466201	20.047342	19.910699	21.808695	11.892228	22.868010	13.500270	17.372124	18.944409	21.797162	22.263491	14.140940	18.266913	18.430309	15.008426	22.919340	16.738777	17.947884	22.711456	19.015348	13.719292	15.542407	21.562208	11.689498	16.823588	19.304903	12.046189	16.869302	13.635562	20.508274	7.879450	21.425349	5.191394	18.022247	22.203364	19.616398	19.275039	21.656135	22.740838	22.069637	21.833787	21.330952	19.203372	13.546315	20.764981	20.323447	14.796229	21.785184	20.737296	19.167951	19.923657	15.973733	22.163001	20.662452	13.724223	18.295989	16.558611	21.871634	22.443724	22.906553	21.336740	12.707829	19.475926	18.179413	19.502875	19.734391	22.818263	16.994571	16.733305	21.308390	15.208766	21.209820	22.553973	21.809276	11.980970	21.038826	14.538238	19.668375	10.341444	19.625684	20.064011	17.654632	22.410555	22.378766	16.381782	15.999758	17.669605	17.924803	13.495475	22.292955	17.227894	21.783402	14.261731	21.455479	16.066471	12.918957	16.451714	21.607470	17.475960	16.468869	20.383437	22.311185	16.874327	22.918485	11.369196	15.497342	21.299960	22.135002	21.833545	18.117092	10.317483	22.857110	20.224920	21.664605	22.025998	19.510568	22.173836	7.323731	19.199134	22.238221	13.317250	15.957047	17.328600	18.255660	18.379495	17.004306	16.865314	22.498604	22.236928	16.402032	22.791640	15.190276	19.661177	16.307341	22.831447	20.992809	20.985748	21.280269	22.180385	20.778435	19.526443	19.079737	15.481741	14.802860	14.262963	22.653893	11.485421	18.703970	22.372046	16.635715	19.565077	14.386932	19.038223	22.733775	17.758367	22.501375	19.157131	20.282843	20.502549	18.729220	18.546408	11.855334	22.867104	16.376999	19.411126	10.193419	8.532045	22.896965	21.776506	15.438176	18.476202	21.571971	16.241245	18.268345	21.715757	18.179543	12.634001	22.659673	6.613749	22.358333	20.315043	17.787551	19.619876	22.660001	22.805417	21.523383	16.522199	18.578017	18.934986	15.958469	14.163196	12.678749
22.499114	21.059147	9.864605	13.587221	17.758900	15.853891	14.216104	21.578085	18.983170	21.945311	20.888719	22.408234	18.206530	17.818310	15.532353	21.089911	22.806616	17.496536	21.247813	17.565157	22.455468	22.559407	13.049168	14.932321	22.740976	21.037504	21.437943	16.154568	17.017134	18.692855	17.853717	14.629910	6.050526	22.387769	22.324374	9.902312	14.977299	19.936467	15.953179	22.617244	10.339412	22.322251	10.121894	7.451525	22.211961	22.494354	20.384873	21.161124	17.556961	22.166265	15.816802	19.410446	12.958337	22.412336	19.971659	14.000443	20.466579	21.401001	22.553051	22.594294	19.449145	8.583216	21.277050	20.769125	18.415527	22.722180	22.600446	6.768473	22.877816	21.081166	21.421635	17.399319	11.524229	20.710742	19.348922	18.267725	13.638528	21.331536	20.972809	16.331607	21.455532	22.241253	21.944531	21.750982	22.483153	18.214430	18.719627	14.346068	17.521552	15.369227	15.672410	13.737225	19.782161	16.934422	21.864889	8.221162	22.137425	12.099141	21.472712	10.907033	15.409469	22.904395	16.816382	22.016930	16.758715	17.714222	18.900033	22.861074	22.014104	17.293070	13.623169	17.151768	22.784624	20.849264	22.572230	21.510231	22.232229	21.543507	17.685854	22.477493	16.980050	13.552509	20.789658	9.277313	17.089956	21.039337	21.022981	13.869954	16.620625	12.621576	15.622574	11.582153	22.885532	9.044663	9.749918	17.001231	22.753115	15.400147	6.553080	21.133497	20.525140	22.270865	19.529709	19.720958	16.754782	18.179541	22.750172	22.699542	19.657371	9.842097	22.455503	16.137058	17.398901	18.854592	13.811427	21.251803	8.616388	22.808536	22.808198	17.456867	8.949694	20.730863	15.480871	12.256224	22.154840	20.135976	21.515337	21.343759	16.889300	17.964143	22.652774	18.993295	20.063192	22.725104	19.793771	22.156066	14.996330	7.823594	19.028817	20.916341	21.183211	22.878855	22.432828	22.915457	9.840132	19.170876	20.503838	17.480412	6.205614	21.267366	20.073486	21.990441	13.148389	17.636331	13.292906	13.471827	22.828095	10.545770	21.708619	22.719359	20.913046	19.603007
8.013276	19.601986	15.363346	21.740546	20.260807	22.410009	20.263694	21.864293	12.768050	17.194484	14.160109	18.805284	22.683958	19.351111	22.261646	18.667876	12.802235	16.558778	10.126851	16.829124	15.638140	16.874934	22.593019	16.411209	19.658848	21.989944	16.563866	18.977667	13.319104	22.873121	11.695355	22.564164	13.282495	12.221213	21.118805	20.516467	21.259524	21.316576	17.481559	7.378579	20.227420	12.274102	13.826783	14.643332	16.007596	9.546070	21.241877	22.240075	18.301725	20.123979	22.781510	20.637937	19.272966	13.850565	13.851791	19.997094	21.214758	22.440335	20.701329	22.855996	22.311387	18.621984	21.867903	18.508177	16.163205	5.514600	20.130991	21.461648	18.722205	20.751145	9.089696	17.349882	14.565385	7.932472	19.993088	20.137369	20.461431	14.517302	19.099601	17.722307	20.361512	14.210373	18.784739	20.411545	19.669195	22.780657	17.702681	18.286367	21.218275	18.271151	22.389667	22.182851	22.796575	19.471043	19.758820	17.791717	22.724857	17.443096	10.847360	17.456105	22.586625	22.916785	22.628993	18.537949	17.052413	16.357921	12.749170	22.520261	18.016335	21.595648	15.822499	21.225808	21.005409	22.058826	11.568505	18.080947	20.017600	21.001266	15.916909	19.896020	21.995604	20.647528	22.519934	21.453997	21.430615	13.945141	19.907019	14.710469	21.589756	17.336593	15.902877	9.534123	22.470172	19.147104	13.940631	18.599271	19.069642	17.899932	20.125050	17.625478	22.160250	21.908262	14.485293	18.430277	20.341964	21.185646	19.119189	22.173526	21.972798	19.697354	22.525435	7.892639	14.924999	20.784589	19.680904	14.693490	19.907965	16.941569	15.126671	15.971536	21.978335	10.903490	13.495390	21.859953	18.654312	17.946207	10.365180	21.888289	19.112052	11.750271	17.863871	22.763066	20.910356	18.745846	8.416404	20.866361	21.102340	19.595498	20.061580	13.895863	22.376192	22.780856	22.103708	21.636479	13.900107	22.871278	16.990839	15.626842	11.733445	19.028679	22.108378	19.906161	14.552253	20.399349	21.680982	10.058408	22.642650	17.247185	22.699515	14.299546	21.526389	21.712222
12.826694	21.998795	19.800457	16.095081	18.007308	22.569188	18.452007	20.912671	22.838748	17.354636	19.289674	17.198423	13.738979	12.218198	13.062007	13.519221	19.266127	17.199296	21.834046	10.460021	19.830287	10.789165	14.251767	11.483354	20.362602	22.396312	21.879308	13.439759	22.038813	16.436106	19.815538	22.680470	15.946557	22.480449	14.393855	20.968697	20.098258	19.405493	22.858728	22.523132	18.288310	22.569010	19.361046	21.674401	20.000722	20.483471	17.458829	19.024105	13.340189	22.904358	19.608741	14.478969	21.630264	11.124803	21.781953	22.620104	18.596712	22.783656	21.062570	19.614613	17.913421	22.493618	16.745178	20.023045	20.437456	17.449835	21.959830	20.966948	22.314183	21.578250	20.495421	9.793555	21.362667	21.918359	22.423454	21.791218	17.730247	22.741075	20.700450	22.230156	20.768653	20.180404	22.522682	20.582789	20.439198	16.639647	15.659301	17.296396	21.830113	21.201997	13.164320	18.130849	22.820234	15.162944	17.056461	15.487693	19.493089	22.681005	15.263072	20.319490	21.213867	22.869816	14.134221	15.436140	20.644012	10.583320	22.829347	17.857323	18.678128	20.741452	22.528743	20.392687	15.394018	16.473406	12.320016	21.285826	19.858302	20.520413	19.099076	18.192666	22.808829	19.458751	17.518553	17.522743	7.375931	22.364357	22.206822	21.820848	18.406885	22.827066	20.708649	15.269636	16.986638	21.472604	22.349793	22.607836	21.388858	14.927181	19.524642	15.746708	19.140700	20.960244	6.317490	19.686970	14.739970	18.115398	8.351164	22.513314	7.600332	9.667875	20.271463	17.025854	19.342282	21.297618	20.690326	21.600229	22.871449	12.190062	12.554878	17.902689	13.910020	20.741134	22.357179	20.010424	22.089267	21.861216	16.446973	13.857709	17.479390	13.468082	16.768441	13.255086	17.389596	20.266414	16.300439	22.577552	21.776795	22.628108	18.950891	22.712924	21.828005	22.382579	19.909327	21.558829	21.919159	22.554616	21.682449	20.427572	16.686792	21.597830	21.757757	18.128624	15.190401	14.628199	14.733383	17.003300	19.062509	10.436293	9.883743	16.807063	18.323525	16.448048
21.048107	17.728749	22.736284	22.478132	16.333437	9.904221	12.612791	20.121043	18.815551	19.325095	10.163973	18.494976	19.574005	21.872644	17.802992	18.635242	18.892241	14.451310	12.162567	8.816398	19.866981	20.813132	18.787517	17.494875	19.542774	22.518762	18.793219	20.134559	20.565071	19.150075	13.661550	14.627043	21.316315	17.653287	19.293696	13.639238	22.649663	21.263604	19.292948	18.634406	10.343635	22.850579	15.035688	21.000147	21.676707	21.153086	10.065034	19.504362	9.824262	12.331857	21.216140	16.041971	21.734676	22.888853	12.923034	22.432725	13.964888	18.121081	16.549819	21.548565	20.815084	22.274570	12.287590	22.190128	22.904172	20.349204	20.269483	14.269388	22.465223	19.908445	18.131866	22.614901	22.870149	22.633873	17.646026	21.080181	7.271908	20.963705	21.871263	21.771402	17.080320	22.153466	17.940836	15.070127	19.672396	16.576339	22.042320	22.522944	20.804404	20.576970	18.542392	19.999157	21.120256	16.740964	22.235103	22.302744	14.977890	21.107906	15.564148	22.112813	21.944716	13.628403	21.202510	19.167534	9.635981	20.999109	11.795551	21.863138	14.127654	15.192495	22.581988	13.643905	22.857365	21.485111	19.791079	21.627024	16.576358	17.152270	22.381314	19.820526	17.800622	21.542160	14.972833	8.511880	16.561446	11.622824	18.529751	12.196840	21.061018	21.096272	10.704092	21.954490	21.327710	21.452427	18.715949	22.411169	22.297342	22.916012	22.548808	19.123140	19.408922	21.014291	18.176514	21.092632	22.858009	9.102027	20.506529	22.737251	22.313761	21.011089	22.594877	10.940731	22.543200	22.545981	19.875434	16.891921	20.930286	17.570702	21.186052	20.331825	15.653090	22.559475	22.513887	19.251669	9.118798	20.911075	18.106317	13.438352	19.125325	16.033043	22.423899	19.933261	20.035057	16.848550	16.056054	20.771482	17.842855	18.585986	15.042342	19.509039	21.939508	10.395165	20.936245	17.223728	20.322239	22.191889	19.754885	12.866120	6.480375	16.539538	17.142002	14.106335	20.593707	13.605557	20.140025	19.265818	21.122348	12.493388	17.783112	22.903517	5.031693	18.872187
21.214593	10.137832	18.118760	20.210699	21.513477	21.196375	15.108399	21.026872	21.246426	11.857032	22.853643	11.357307	16.952308	19.831595	18.536109	8.629415	19.813226	15.178579	22.392601	22.871228	21.870493	13.137181	16.002102	22.229534	21.395662	18.428879	19.319102	21.283088	14.287151	22.544107	20.848667	17.491897	15.276673	22.651982	21.706720	20.767370	18.413765	19.767911	13.377714	21.117071	17.215412	18.448789	11.565299	21.128023	15.958525	22.149906	14.697580	22.798586	15.911958	20.422376	21.073417	19.405243	21.448628	9.157290	21.026555	12.847135	22.224045	21.621375	18.387528	20.422508	22.665467	11.727453	15.038995	14.315093	22.574371	21.291659	21.438843	19.525918	14.332623	14.424617	7.125179	17.357626	17.374352	18.345309	19.430771	21.063277	22.894792	14.846594	20.700960	20.440987	15.427150	22.339522	22.306674	22.912826	21.141616	14.247244	13.694297	19.208742	16.647105	22.690475	19.322462	22.596409	16.126046	16.415295	16.273500	6.513225	19.236156	16.048706	19.508498	22.822721	20.000261	15.991362	18.966141	21.901940	10.329753	21.978089	20.826299	18.907707	13.379468	21.686771	22.516475	22.569975	13.921442	21.559973	19.785728	18.490881	19.602004	11.702706	21.493332	13.865219	20.392619	21.180155	22.025942	16.685175	22.231904	18.099712	18.325371	21.303937	16.677091	18.190937	22.254227	16.645553	22.893510	19.372257	19.033530	16.139958	16.186657	18.781218	21.983893	18.203315	6.184764	17.908801	20.419736	22.826443	19.916434	15.093835	20.614959	21.354144	17.728627	18.479012	22.368904	19.519116	17.592798	19.469005	16.387324	22.740697	17.224657	16.275155	15.746884	20.876882	22.488557	7.324342	22.565972	14.398915	16.266717	22.395423	16.716215	16.251198	6.641140	17.859577	11.997901	16.891240	5.775563	20.006994	14.660751	20.120142	20.439725	22.720306	21.196229	21.756700	21.277984	20.126361	19.402294	14.613924	9.691210	20.631802	12.210245	16.305359	20.849567	19.235186	16.170357	22.437122	17.910534	16.214392	22.721450	8.143842	20.748955	20.466507	22.511517	19.995527	17.168053	12.599123
18.764163	18.895440	20.710073	12.359353	16.095885	16.304702	18.559685	21.841115	20.218239	18.730500	20.320405	17.142714	19.635320	8.974514	22.696987	13.902277	17.902718	15.597362	16.893082	22.742336	16.812434	22.156681	22.903131	18.158097	21.461002	20.387183	20.582380	22.909624	12.080433	18.797685	14.376446	21.984630	19.639955	7.219060	17.786689	21.080709	12.264334	17.116545	14.773952	18.740321	21.542401	15.165037	22.307027	15.211220	13.484295	19.707420	13.880158	10.408908	22.456627	21.934587	11.384607	16.566058	22.579127	20.977971	8.191554	16.581258	21.303060	19.524140	21.180477	21.111213	12.879914	12.891516	19.501710	19.273642	20.568917	21.148576	18.306766	20.778394	10.587146	19.889868	16.282186	18.293048	11.057359	12.314951	21.527021	22.180120	18.197665	14.789364	15.452687	12.094347	17.623024	21.787562	11.954945	20.849241	19.455974	20.855238	22.318101	13.823145	18.341965	20.420074	6.175318	18.873431	10.749127	22.815368	22.185474	22.745082	22.382666	22.289447	19.747793	21.849016	22.480704	22.555777	19.909622	21.518284	16.507388	22.901579	17.664181	22.735064	19.406917	22.160608	22.866650	22.735301	11.458453	19.127403	19.617965	20.242094	22.435926	15.743983	16.672939	18.976080	18.214839	15.158468	18.339770	22.017034	20.140889	19.324277	22.855530	18.903307	22.305002	21.187702	22.358088	14.713043	22.793086	20.144084	13.433139	22.124500	22.662232	15.884121	20.929103	22.554500	22.020549	21.001541	18.347329	8.013709	22.806785	16.630350	20.785833	21.400330	17.587756	14.316551	20.577568	22.213900	13.364201	19.278782	18.347932	8.550593	14.589924	20.778015	21.990348	20.958798	22.266849	21.161527	20.714697	19.264324	11.187579	19.064678	21.888106	21.532795	11.467766	22.128915	17.926669	22.870105	14.516173	21.587932	10.641014	21.609348	13.882530	11.787393	18.460917	22.293907	21.121599	6.779042	11.842628	20.463771	20.591863	17.752494	22.832912	22.822684	17.546570	21.051550	22.913859	21.854637	18.332256	22.474658	15.776285	19.056569	16.853404	17.664099	19.159219	15.548866	15.015872	17.628294
19.199015	16.764223	16.415031	22.879247	21.306587	18.593223	22.445617	16.875854	22.136374	15.497988	15.938153	22.430474	22.663978	12.987299	20.488862	20.051861	16.329168	18.010689	17.098348	22.611437	14.375079	22.776698	21.153486	18.023868	20.721316	18.592929	22.448394	20.393426	21.081730	14.825751	19.520512	18.181742	17.590165	17.049315	22.154448	21.680891	20.039328	21.582875	20.536201	7.630395	20.037753	16.228558	14.224124	18.675047	19.059193	19.935014	19.392605	6.768401	20.857836	16.973300	20.635145	22.157801	22.008844	13.261365	22.425282	18.734387	18.021709	12.054520	18.641314	22.123468	21.090630	16.155926	22.082993	20.334596	22.140951	18.571760	21.577449	19.883026	20.126970	16.500370	19.212736	13.924446	22.635465	15.019811	15.724817	22.571456	20.866951	15.584345	17.274058	15.798791	7.240476	7.077042	12.889081	12.586407	19.290410	22.096985	20.032039	12.747466	21.247455	20.678090	21.681163	18.926975	19.950457	20.938589	18.979582	14.218342	22.894867	18.682274	19.358486	18.211547	18.377251	22.851538	21.651323	16.738265	21.202273	20.269596	15.537766	16.970931	15.368526	17.307847	22.849862	21.927511	16.001530	12.861206	20.259541	19.838540	20.198595	11.515981	21.714988	22.023496	19.948917	19.344223	19.086598	18.687399	22.724258	22.629516	20.724472	22.710183	16.393243	22.668545	22.327440	15.847805	21.679876	21.724823	21.876476	20.757349	21.404632	16.674991	19.853877	18.615906	22.457101	16.892101	15.164569	19.649018	19.021569	12.691784	11.312185	22.904479	20.654528	19.776620	20.011513	20.403121	22.380309	18.073106	11.747342	22.420561	16.960023	20.319281	7.212209	19.722774	16.462219	19.389077	22.057846	15.753094	22.639666	7.773947	10.619614	17.935534	22.882535	20.999516	22.907770	20.423020	18.277896	20.377492	22.827018	15.746804	13.172648	13.134514	10.993165	17.700569	18.535727	15.478878	21.977125	22.539390	16.489659	21.017563	14.457711	9.185600	16.774626	21.035470	9.689933	6.848715	22.721893	20.214359	10.540620	21.396098	19.989814	16.058241	22.901402	20.816509	10.259252	15.589443
21.312559	14.129886	13.683015	16.918447	22.852350	13.077734	16.457430	19.893765	12.317468	19.169740	18.776847	22.826086	18.743307	21.963456	11.981244	18.984422	22.653204	19.814023	16.683496	19.968747	17.837488	19.231215	20.153959	16.173116	22.913478	22.632303	22.133483	18.540345	14.945717	14.636402	11.949102	10.240376	22.057835	18.148363	17.574822	18.428913	9.286175	19.358443	20.565345	18.691687	8.396727	19.944869	19.314192	8.972392	12.713623	22.477794	17.762842	22.512663	21.444067	20.723168	20.623845	14.252790	10.729409	21.164391	14.699804	21.941320	22.275645	21.790494	17.009557	14.908363	10.465480	22.893311	21.181110	20.059300	17.820811	21.135995	18.776753	21.679995	21.516992	20.002837	9.613653	14.864287	8.650186	20.996441	14.654194	9.459602	22.597182	15.141928	20.152275	21.656795	20.945989	17.414411	18.889271	18.131225	18.270036	21.626045	17.570646	21.642220	21.567067	16.923308	20.700685	20.731052	17.909665	10.669067	13.399071	15.737695	19.367017	13.858969	13.770452	21.074789	21.999266	15.520559	22.651407	17.044195	17.463580	12.177240	19.206359	20.891050	22.140287	20.162770	14.377162	21.024531	21.061925	21.824598	13.338439	22.074593	13.201369	18.093612	22.389225	22.744682	19.390639	19.136466	21.608902	13.742819	15.340947	21.341282	17.361456	15.063759	21.283754	22.786060	20.214937	22.736753	18.380928	17.043227	7.955471	17.855766	12.899179	21.753952	16.556840	8.592727	12.613920	14.611790	19.571328	12.418074	18.975338	19.856996	20.296842	15.214909	19.129817	22.169064	17.742527	22.737664	7.462374	21.328072	22.286269	22.792644	21.707856	21.339364	18.632753	20.189713	22.866368	22.611296	22.690378	22.036700	14.128662	15.861143	19.289645	15.364596	12.134459	19.360704	17.062118	10.787633	18.759037	21.875653	18.021216	22.916642	22.707369	20.349635	22.158950	17.782196	20.567198	15.707769	21.861675	22.778634	21.139511	18.181115	22.859649	22.050091	18.066389	10.636982	11.699035	18.369885	7.413757	22.099986	20.209456	16.044394	22.108699	21.372318	21.511411	16.934074	18.940702	17.813322
22.494519	19.562803	22.000392	21.770595	19.105826	10.753487	22.653654	15.380106	18.939839	22.008849	18.871948	13.218760	22.475293	22.643533	19.654227	22.652578	21.713061	22.853128	19.281889	19.396595	9.195772	21.789878	20.568279	22.392352	15.048074	15.594946	19.055581	20.779565	10.240912	22.347217	22.479199	7.951116	22.272804	13.956889	22.874717	11.852873	21.957490	21.006929	10.226214	22.785589	21.557670	22.764201	16.895370	20.968096	21.719521	17.755170	22.376891	11.755583	20.568497	20.533733	22.641761	22.687488	19.919367	21.255597	16.311607	9.562694	21.244477	9.955470	18.899567	16.791704	13.207137	21.429444	19.902977	12.388088	21.252890	18.924352	17.374939	8.251137	15.968767	21.959586	19.458733	18.507348	22.413994	21.073954	9.628831	21.108200	17.376590	22.254533	21.971744	13.032058	17.077062	6.256912	19.673485	18.400678	22.824859	22.476725	20.519074	8.827602	19.149267	22.858707	22.339085	16.047937	9.115118	13.320531	10.661109	14.695870	22.303949	22.064324	21.225956	22.506836	21.223108	22.868391	18.790541	19.707600	9.718408	22.806799	13.537308	9.416072	19.829854	19.374897	22.892730	22.342739	14.836474	18.029401	19.583702	18.280113	22.751341	19.819017	15.985473	20.423831	22.273934	19.377525	18.362389	11.409317	18.610361	11.242530	18.475760	17.171382	13.136989	15.864339	20.220670	21.239048	18.910570	18.515231	22.869365	14.559642	15.194869	16.532408	21.669838	14.149971	20.485387	10.376149	19.844309	17.042550	13.616978	22.596223	18.310901	21.503816	8.874260	13.284341	13.758994	17.218683	17.037373	20.727103	19.054967	21.669185	14.293958	20.819540	20.136304	19.116610	21.117832	20.426363	21.847522	15.220187	20.633419	13.256302	22.583079	18.173772	22.876215	20.951325	19.640726	22.682065	18.394796	20.844244	22.524177	19.488104	17.440425	15.891039	18.747371	12.382795	13.086931	17.473167	21.970786	19.040899	19.942743	9.458637	21.275409	21.812026	13.645608	20.768790	19.791872	22.849704	18.507585	15.401971	15.126410	22.689385	21.927685	9.386990	21.456691	18.455928	21.123517	19.094432
17.775101	22.470931	13.736694	22.228879	13.407142	21.171528	18.235657	7.187059	22.631684	15.680651	18.180406	10.676268	21.340328	20.171797	18.649095	19.538415	17.232704	22.869823	9.925502	19.341389	14.735463	20.982849	13.437323	21.449073	22.799373	17.889162	17.026310	14.875243	22.174841	17.128840	22.908974	22.643105	14.588871	21.343476	14.903524	19.015098	14.963195	21.259001	14.385155	16.192118	13.382040	19.675996	15.864817	9.484421	22.823861	14.404977	22.527914	18.925625	20.663545	19.434867	14.936968	22.693794	22.586080	15.765254	22.005879	22.845333	15.008882	17.352893	18.375784	13.401973	22.509138	19.214213	22.816062	18.237592	13.774181	21.467322	22.732640	19.309773	18.285329	21.179000	11.535106	13.552453	22.665179	20.684897	21.738494	22.778894	17.392515	13.802491	11.490574	22.714309	22.760913	18.745316	22.617830	10.834836	11.290461	21.819362	22.319657	15.045686	21.505067	20.002009	13.887214	19.651390	22.000023	19.535014	6.738156	21.378035	16.288476	22.357318	19.703421	20.739990	20.415003	9.557072	8.834867	19.517866	16.389871	9.248879	9.793592	12.414813	21.259861	19.274717	22.835667	15.710044	13.988601	17.316814	17.266836	22.650154	10.281082	18.931374	22.534972	10.721029	16.768483	18.293227	20.978321	15.818081	15.468517	16.535081	16.288470	15.411026	20.296960	11.005899	20.759299	15.020237	17.961197	22.280356	17.646691	12.700031	21.802421	22.186638	21.134713	20.384309	20.935411	11.540016	22.635898	17.184233	17.466505	21.825200	21.358035	21.182651	15.218885	21.190000	21.082861	22.614544	19.001146	18.482167	16.611774	7.522102	21.569578	17.365892	22.022465	18.659711	22.271193	22.184561	17.901590	19.070236	11.520510	15.990078	14.306742	22.757650	20.894657	19.439954	11.270996	20.543967	18.830236	17.979387	20.460038	14.937345	15.273169	10.925604	18.350703	22.854349	17.964992	20.824200	22.595643	22.523043	14.803446	13.079177	20.298267	19.705823	21.411474	22.709220	18.060407	18.634983	15.413831	20.322429	21.552622	16.103398	17.414893	21.817641	19.931604	22.914206	22.739250	22.452838
19.103990	8.316287	17.913157	22.493243	8.723963	17.696271	22.806269	18.608623	14.347973	17.360315	13.535231	18.674164	21.732858	14.617390	22.542133	17.860418	15.015661	22.040373	22.595850	8.502613	21.961247	14.848754	10.349946	22.687085	20.366664	16.238897	20.647913	19.962372	22.744260	8.103022	19.983912	21.864934	22.576568	21.968293	19.875188	13.064059	8.691061	18.079023	17.357727	21.922455	22.361884	18.670149	21.002223	20.243403	21.682465	18.063393	19.779689	20.938893	15.024045	15.969665	19.646602	19.840773	22.132195	13.480326	19.972273	20.916678	16.559612	14.034789	15.215534	22.223859	15.622827	19.176079	22.732639	15.058674	22.033063	11.485506	20.384652	16.734699	21.553978	15.843943	7.533025	20.326190	22.395207	19.944365	10.844658	13.776248	21.325629	22.838118	17.736387	18.352178	16.249317	22.607399	13.238599	22.770721	20.029403	22.495060	22.693369	20.436231	21.547985	17.758410	12.807193	17.131688	17.716933	19.102163	22.511706	18.406265	17.052427	17.224280	21.826850	19.601390	9.701327	6.115950	22.380855	22.850258	22.353157	13.772861	10.157169	21.627750	22.780438	21.403577	18.311099	19.724329	11.802667	20.424515	21.849240	22.559431	22.126163	22.164420	20.876157	19.761280	21.037057	21.306266	21.547309	22.461339	21.046358	16.996444	21.881629	18.924016	20.815126	20.496138	20.043206	11.871886	22.470033	20.024023	15.175316	22.092499	21.841809	22.806796	17.939813	17.752242	10.553919	20.499989	13.371788	20.176025	15.920997	22.342264	20.366425	22.248000	22.612642	12.056446	20.074082	21.319844	21.303684	18.494344	21.331985	13.088812	13.080182	22.672429	14.576186	19.336405	22.327751	22.607641	22.736641	17.653670	22.529616	22.291967	19.093808	21.804879	19.316257	15.856348	21.568589	20.190525	15.199669	13.051800	15.577870	21.496838	15.892875	11.843294	22.864869	21.698284	21.951855	20.657474	20.059008	16.028898	21.371740	22.746300	20.684564	17.995398	19.102337	15.536022	16.171639	16.501881	15.055896	22.723546	21.441079	12.409693	13.432275	16.907298	13.544832	16.409638	20.487441	19.673935
22.648655	17.161813	10.125007	19.972139	13.636397	18.395794	22.722988	15.437949	18.657723	15.406828	19.340134	13.355008	20.832188	22.918467	19.990221	12.714282	14.445419	20.228743	18.293984	21.119577	22.539342	19.130609	19.985159	15.308814	21.001431	15.871216	12.855939	22.277903	19.946886	22.635225	22.885443	21.028454	22.789257	17.756481	17.389941	21.116012	20.042775	13.523701	16.014889	16.514847	16.529464	22.147347	20.354251	12.805297	18.450361	20.679465	17.236294	8.681368	16.707105	18.726136	19.247032	21.251091	18.058301	12.541575	20.711311	16.897906	18.061915	22.706777	17.125596	19.525885	22.574040	15.320868	22.905610	17.463471	18.328649	15.666199	19.271537	10.536988	11.658775	21.665297	11.031064	17.315966	19.396283	16.687226	15.857075	14.681206	17.842251	9.401859	17.860704	18.806145	22.843186	22.224540	18.021960	22.514285	17.164760	20.951448	16.659238	9.621191	22.866172	15.530857	15.383657	10.600027	22.517655	22.268189	16.686288	22.198852	18.013585	15.904518	8.316662	19.708887	19.995242	22.789169	22.613995	21.494190	22.199846	21.033744	6.631053	21.918744	19.469197	16.653179	11.590153	21.062967	15.928354	22.390378	20.677488	21.383322	18.995560	21.898899	15.395255	15.616525	22.500069	21.322470	21.935833	18.407268	22.066277	13.329309	7.646456	18.954997	22.899020	22.917045	13.583284	17.193991	16.819355	11.079016	21.181082	15.858229	20.161677	21.551734	18.931748	19.517613	22.495628	13.748107	21.922400	22.493156	22.916582	20.798986	22.084594	22.886161	17.984022	22.905686	22.918104	20.336431	18.021946	22.554154	18.993995	21.450140	16.917307	17.367065	12.658914	19.185558	18.360133	22.274872	21.519638	22.757596	22.745147	22.075222	16.984847	16.846911	20.202238	22.103833	19.858732	14.328988	18.016628	18.663474	17.979819	15.825282	22.224779	22.605722	16.406154	19.340197	14.707703	19.399341	13.512445	22.843792	22.054145	14.229412	22.683466	22.786618	21.884884	22.091319	20.823274	12.984971	9.048439	19.109645	21.501191	21.497746	12.689908	22.726527	20.781999	7.783974	21.001539	11.342622
15.582505	15.948456	22.083347	10.284305	22.621039	13.430924	16.355428	22.478195	22.902320	22.913539	22.826314	10.535198	19.472575	22.845266	21.963169	13.718061	20.585358	18.951818	15.096173	11.492106	11.977453	21.851819	12.426976	16.438808	20.058046	11.283682	14.851720	22.271837	18.321706	20.976295	19.287141	10.205005	22.830959	22.247487	21.904844	22.030570	20.147597	22.734411	19.646749	15.870438	7.011744	20.299931	15.892720	18.975830	22.833813	15.626529	21.734705	19.617529	10.172723	16.397771	21.606242	22.693400	22.468869	14.107346	8.288513	22.530039	19.305952	11.578942	20.176856	7.065106	14.167794	19.345805	18.746988	19.191162	22.077378	8.705119	21.814558	20.446290	19.466051	18.244312	20.381005	22.252796	16.133923	18.216381	16.374851	20.782157	17.108840	15.831110	18.683466	16.082129	20.837974	20.224469	22.833848	22.622556	20.395322	15.495889	22.849648	21.381667	21.722775	14.707859	18.591611	12.673866	22.600513	16.508940	12.381281	22.803146	22.529122	13.466503	19.317348	21.009467	22.345593	22.707626	14.667806	16.717904	19.473429	20.282922	12.751428	22.430099	22.111292	18.747964	21.476616	17.178022	21.695593	12.320720	21.552883	20.850484	8.589752	12.254464	21.112856	18.128660	14.633877	11.004297	21.726630	19.423663	19.661365	22.680599	16.166642	13.235586	22.676574	21.896943	20.099090	12.140090	17.541119	19.880620	21.495485	19.010579	17.965800	19.858108	22.418052	21.956182	16.891425	16.220839	20.152894	21.824329	7.786285	16.657212	17.911911	21.854856	12.972001	17.201644	19.533095	10.037595	22.333241	21.900658	19.152280	22.487838	22.710671	21.574330	13.009529	17.843092	10.041610	22.363352	21.974608	11.295480	22.826278	18.780522	22.786966	22.380545	6.878085	18.620560	20.657421	16.655276	17.123336	18.549246	18.334014	19.419383	18.772402	15.862698	19.113557	17.469387	17.414530	22.876268	13.959231	22.912076	21.549176	11.372462	22.848976	18.262595	5.297202	13.743245	16.537180	20.857401	22.253338	14.518657	16.866914	9.436828	22.794352	18.160560	21.408775	22.851320	18.505044	22.646796
17.703694	14.361227	22.851469	12.844493	18.839997	15.891665	14.982889	17.907602	22.395226	15.981656	18.671718	19.456607	21.252311	20.533953	18.915021	6.852011	15.663566	11.322747	20.770611	20.855286	19.110078	22.769804	12.812690	18.734331	22.308071	15.666850	22.693381	19.063842	7.347928	10.288186	20.866122	11.633038	21.017155	17.865555	15.077417	21.732472	22.340281	20.985986	22.179957	18.964034	22.467208	13.164025	19.135735	21.512666	20.880775	22.502123	20.760659	15.767570	19.635264	19.633517	18.569234	21.555396	18.879490	18.932014	8.931779	19.351043	14.791401	20.015411	14.446415	18.873962	14.545559	14.436920	18.190220	20.631307	10.438225	17.446396	22.075375	22.078573	16.802527	16.944381	20.338906	12.489421	9.136869	7.572754	14.855163	21.874189	22.640734	16.252471	22.279579	21.935194	13.889884	16.288597	22.424619	22.255184	22.856329	18.023044	7.170241	15.639082	19.491027	22.543161	14.816382	12.016391	11.388433	22.267385	16.403033	19.653456	16.633287	22.514090	21.787071	22.633282	22.516982	21.984423	18.875526	9.237331	21.263018	21.497200	8.196666	13.803055	22.310182	22.540196	22.503722	20.101267	22.680273	21.905520	22.337730	19.044672	6.209785	20.956149	12.613509	19.474587	20.712541	20.094276	18.729072	20.922695	18.546033	18.462786	16.051633	11.659330	18.095324	21.268547	15.148559	21.811862	7.825148	9.810879	21.766066	11.199367	22.279551	16.566820	22.850722	15.577954	18.155936	20.804336	5.868693	22.725577	22.443522	22.238633	22.011818	22.742275	21.333528	14.246317	12.697268	21.012694	19.076766	18.451867	22.133952	15.020135	18.768991	6.805772	18.750794	22.792860	15.661027	19.673444	22.029049	22.323441	22.013939	19.819035	16.722257	21.199645	18.342481	19.305579	20.949834	22.484198	20.117156	15.643848	22.543522	13.529925	21.634510	21.396460	21.260963	13.082091	19.396710	21.722538	18.938970	5.879723	15.909137	20.455905	22.782659	22.208028	17.282417	18.614595	10.454810	17.409489	17.757143	13.257050	19.684226	20.511554	11.676659	14.245049	7.640831	18.903505	10.319776	19.899948
20.029775	10.107225	13.877932	17.856208	19.921957	13.892640	12.431076	18.869326	11.237601	20.809009	15.993928	22.756977	12.530951	10.343977	21.841492	8.062555	10.880835	19.401043	13.295723	10.607749	14.796856	14.841081	19.315338	18.175821	18.956495	12.494330	15.301722	21.481420	16.949125	13.985842	21.914199	22.912019	18.227450	14.852422	22.085586	15.027424	17.945069	22.843193	22.638994	6.296466	19.045870	21.767422	19.480687	17.167517	22.574784	22.339912	12.597371	20.611355	20.327738	13.908848	16.669300	15.487871	13.123911	19.714776	19.119109	10.701650	14.815257	19.047755	18.925210	14.593262	22.844707	15.603731	22.890217	22.854768	22.771526	22.697077	17.589841	21.308634	16.700063	13.060580	21.528403	22.767720	21.251178	18.612385	15.302506	13.326605	21.710594	13.216726	19.678177	16.947688	15.466206	15.102234	18.641531	19.301726	16.426055	10.556291	15.340416	22.696124	21.536326	19.260579	16.100244	15.781035	14.006011	18.130127	19.300561	16.957806	18.888317	20.963341	20.053225	16.739830	21.537213	22.181706	22.722454	11.202819	22.685898	20.766461	22.470187	8.926581	13.728764	20.260026	19.956529	22.116416	22.900902	21.061857	22.338134	19.931335	22.179368	16.522247	15.244351	22.752891	22.755473	22.836535	14.359352	22.889722	20.253671	19.630041	22.403323	20.658709	21.848894	17.538443	17.726118	22.746491	22.865560	15.441662	17.210996	17.871191	7.113653	9.522563	22.883534	17.562020	22.451885	21.739233	17.172152	10.483541	22.315656	15.922852	20.158227	22.633606	18.122576	17.940780	12.365076	21.724337	22.306800	20.453333	22.087903	15.197377	18.800962	18.906873	22.407080	22.056657	20.920867	21.566676	18.180225	21.304487	9.773603	22.554087	17.050245	22.813198	21.486764	22.808654	22.640344	22.451597	17.907928	22.700689	20.735583	20.850169	18.284780	19.818821	18.072797	14.918871	13.322375	22.908895	20.009392	19.774069	21.621082	16.450208	21.807521	18.395067	20.981282	20.501243	12.948524	22.891520	11.218815	18.774766	21.483745	22.806462	21.943596	12.537122	18.775772	14.336441	22.436982	20.945683
18.491142	22.687081	22.706796	21.419538	21.430413	22.794673	14.888748	9.176501	19.261512	21.182965	22.732064	21.592317	18.005989	19.389041	19.420749	17.895852	19.160598	14.245704	21.476142	22.263972	14.855609	12.439620	16.154793	21.673149	21.409266	15.807778	20.475624	10.148772	16.761761	21.303515	19.963946	16.791456	18.794394	21.292447	15.937882	20.754119	22.482265	21.372784	17.991108	17.700758	19.298699	21.103732	16.690294	22.827419	22.400707	17.299958	16.087809	14.403856	19.987024	21.521832	20.821868	21.515612	10.881971	20.209249	17.695401	6.072716	20.908325	15.518225	19.115748	21.825595	14.130215	12.630814	19.514172	21.624643	21.290840	5.952274	15.114961	20.332312	19.019735	6.433495	21.114220	20.571800	13.699922	22.876219	20.146706	22.519319	21.740581	11.006595	10.772005	17.817347	19.041666	22.849946	20.357585	21.557117	16.222380	16.160799	20.290287	16.068247	18.429604	22.334797	21.557069	17.603172	11.465121	12.001643	22.850586	19.894458	6.124784	17.745256	11.194737	16.036441	17.218469	20.152948	11.082031	5.597767	15.711894	22.518558	14.814233	15.999220	22.724362	19.706674	16.672298	19.073813	18.255896	13.903059	21.291492	18.333544	12.253009	11.052564	12.808656	14.008137	19.959587	21.393174	20.234426	22.910118	22.728628	12.655294	21.155560	22.137933	19.265052	14.066811	21.485421	19.875168	11.247145	20.087081	13.317102	20.370739	16.755754	8.707097	18.831797	15.433750	19.319310	22.246633	11.211486	17.031560	12.725414	18.984555	18.079226	20.785658	22.368337	22.435142	19.450683	16.585100	18.378099	9.235066	22.400687	17.544540	17.678983	22.437458	15.995361	7.980672	10.660082	21.279346	18.574089	14.791039	20.178901	14.484953	16.140862	16.739566	9.841718	22.156424	21.799781	20.922298	20.479157	22.837167	18.744387	12.468822	13.893281	10.918598	17.355619	17.165996	14.208115	18.521673	22.104221	18.383729	13.458141	13.175654	17.909271	22.852927	12.759181	9.060348	13.577405	21.378530	20.306948	22.830936	21.956200	11.748796	17.349334	22.465573	9.679541	22.435694	19.887596	22.790105
20.372996	22.852452	17.356036	20.825938	22.677480	12.755353	22.447826	22.365778	13.003896	14.093093	19.457774	19.775717	14.194785	14.453154	21.193136	12.102013	8.104162	13.864169	19.104757	9.145962	9.969738	19.917884	14.651759	22.005066	15.477781	21.284567	20.246898	11.578258	12.834095	14.519166	21.944439	18.045709	18.728160	21.944281	14.499342	22.762511	11.295752	20.326983	13.991353	17.351711	19.210284	17.509493	21.407353	12.856052	19.930808	18.259264	22.748765	22.625312	20.621967	22.083249	22.801520	15.360660	9.739914	22.839494	11.125240	22.325818	22.537864	13.752512	19.413213	22.841364	18.182324	20.222637	22.699763	12.355886	22.315873	22.867122	10.471426	18.743961	15.134780	21.143758	22.404913	21.758514	22.589508	21.925146	22.799277	19.402420	20.592314	13.203139	18.792699	21.730474	22.451215	22.510810	22.816675	15.604835	21.299787	21.560096	18.509532	22.860628	18.204994	19.260517	8.783475	22.637824	20.648796	9.243891	10.570662	19.551832	18.271885	22.215443	22.568348	22.081710	22.102549	12.228565	14.784431	12.758146	21.403357	13.253038	21.351238	16.488194	20.058550	22.431851	18.619796	11.104791	22.228097	22.623754	12.197059	22.550423	17.316124	18.676116	22.143859	19.295878	20.154763	5.662815	9.681917	21.317056	22.718676	22.381972	21.373043	21.796844	22.747016	10.933543	22.207046	16.668381	22.472472	22.261331	22.665104	20.843205	22.271976	17.523481	22.280662	21.489362	22.571555	10.786393	20.723990	22.414381	17.772032	21.897907	21.842796	11.810381	21.905370	18.504518	16.368301	19.382841	21.445550	14.684394	16.157835	21.492730	19.904169	19.642901	21.663168	22.158870	19.595931	22.268327	15.643171	21.570803	18.695604	18.921614	21.944285	22.016364	22.760781	13.393028	13.324249	11.120134	15.100099	20.053765	10.256011	17.691241	19.176717	22.048229	9.253103	19.958453	13.601978	6.982136	13.872060	20.416506	21.736859	20.804609	16.135326	20.687522	15.329692	21.091697	20.911728	17.275661	11.601862	19.754370	21.343054	22.194955	10.849061	20.369594	17.054463	16.607031	18.271388	22.893637
10.305728	15.109620	13.916105	22.530869	20.751394	21.317659	15.680114	19.846576	22.723678	22.826245	21.973998	22.466677	11.827076	22.710562	11.433063	6.514175	16.859989	15.221225	22.151266	20.493095	15.645254	17.998739	20.221578	15.938129	12.977492	16.577567	13.014176	20.930136	20.984741	22.509883	20.696808	12.155454	12.204083	13.378516	19.928568	17.084590	19.334721	11.199647	22.087452	22.664161	17.920964	18.029652	22.198609	11.009926	14.089773	17.550152	22.519055	14.433259	21.510607	20.419006	15.123345	22.129769	14.029399	18.875142	20.725141	13.874881	5.671306	22.101066	19.338949	20.255637	19.681572	20.815398	17.267776	16.676682	19.584286	21.281986	16.605126	22.088258	12.898162	21.975955	18.315337	14.140395	21.493171	22.830773	22.046770	18.668337	21.151796	17.707462	16.704015	18.480747	21.926547	22.225010	22.012184	15.994691	22.041073	21.944879	20.066888	22.499885	22.568677	21.207848	21.964627	17.841785	18.774007	18.449359	19.563996	22.428232	10.983174	16.765437	21.016841	9.536808	21.313261	14.678451	12.182980	21.203854	22.707162	10.873947	20.513223	18.993736	17.710398	10.666542	20.835509	9.998575	11.842183	19.862022	19.735376	10.437396	20.134179	22.739871	22.884810	13.744363	22.473840	14.941646	9.707678	15.391129	16.314009	9.021517	15.541596	22.827533	18.325402	19.631362	22.610760	18.927673	14.110701	22.033577	15.911727	13.303259	21.836232	16.139977	22.055577	21.936769	8.034659	7.868328	22.297225	22.094941	22.436565	16.904256	20.147445	14.966495	20.028615	9.065412	22.177326	21.190861	12.823846	14.584428	18.467962	21.735082	18.487401	14.946280	22.583080	22.665696	14.740321	10.799811	21.600423	14.156504	9.297534	21.235743	20.109611	20.975151	22.410946	22.239689	14.989937	17.991559	10.975230	13.538244	15.849122	20.639968	20.462701	16.561318	17.547447	18.056491	13.190622	7.521024	17.230767	19.623918	22.255295	21.716095	19.602473	11.252393	11.227298	22.897212	9.411800	20.444248	16.665924	22.760364	21.945421	18.286430	14.448622	15.468239	13.897889	11.818704	17.963883	22.144659
17.747354	17.686909	20.784973	16.532679	16.779119	14.973682	22.150152	20.654653	18.939099	20.098396	10.134205	19.350155	19.382457	21.123550	22.474631	22.816275	8.962485	19.985052	12.207530	22.538735	22.868474	19.910197	16.757094	21.116509	20.290333	21.746056	18.557462	20.116416	17.352121	17.412496	13.406359	21.417074	22.526844	22.516893	17.605240	22.812522	20.808362	16.503602	22.731364	21.955028	15.775183	15.425845	22.796207	15.267956	21.750360	21.429377	17.242140	13.172670	22.850244	12.180794	15.436264	19.681984	22.614165	22.217372	22.033022	13.179666	15.566394	18.481855	22.874640	22.459534	19.801455	19.820797	12.407444	21.391210	20.994049	19.493561	21.013969	18.387516	14.505445	20.398067	13.077000	21.876566	11.538504	9.082758	12.689460	21.456694	18.543062	21.808205	21.916914	13.735573	21.638890	17.213191	22.025733	16.439258	19.036840	14.303097	22.653374	20.583535	22.633569	20.654097	13.419807	22.248974	14.643686	22.782478	17.819930	20.238717	21.787471	21.971163	9.117093	6.906272	18.244363	18.512890	17.030747	20.419416	17.347782	20.026979	17.575251	9.686515	19.298164	21.750535	10.292914	9.160196	22.727447	16.767192	21.010745	17.190055	17.490511	13.028267	22.836867	8.258314	21.374354	21.632424	20.200831	6.346398	19.910308	22.288524	20.708844	18.584345	15.747059	6.417897	20.000533	17.752560	21.417404	21.776114	21.560149	14.718059	6.532507	21.522571	22.375887	22.716336	15.365803	19.888822	22.592070	22.125343	21.416050	15.561916	12.304179	15.957848	19.177787	20.246683	13.935853	19.324643	14.892435	10.858827	21.540271	20.948037	16.047400	22.032191	19.138639	7.804355	17.294985	22.242569	13.920246	17.179117	21.036348	22.596142	21.521729	22.700288	10.602400	19.680098	16.944741	6.912495	16.123634	15.783797	22.909422	22.897157	12.923948	9.754625	21.014063	19.018267	9.532675	21.723379	16.607400	21.843654	21.982510	22.554605	19.874453	21.250927	22.664249	21.834129	14.804616	22.132532	19.463792	10.974242	21.195471	19.734589	22.030421	17.219006	22.587897	19.211108	22.009256	22.601082
17.191675	22.904774	22.491987	18.308011	19.230806	20.094223	19.565645	22.745214	22.880749	22.782846	15.533437	22.789096	17.167623	10.574326	20.772612	8.897945	18.499032	21.063826	22.366886	19.229819	20.851022	16.499191	20.631581	13.855869	15.473658	20.223255	11.299519	17.966501	18.928814	12.983114	17.258552	20.694180	21.585816	20.895644	17.206868	18.994020	15.767109	21.990020	10.757561	19.145298	18.857950	20.492351	18.987398	22.737246	21.887993	17.319160	14.648005	17.280939	14.269497	15.229777	14.531522	18.844538	21.521219	21.659393	17.299561	20.124381	20.893351	22.203315	22.207318	10.622510	21.296967	16.865851	21.499574	17.744227	22.608429	22.091241	17.762194	21.535115	15.824258	18.911277	19.188467	18.899256	22.302658	20.743099	15.071614	15.108968	21.645889	21.543500	19.414539	20.052676	19.870834	17.210451	22.838395	21.941729	18.228782	8.386015	20.539320	17.601039	21.910902	20.545102	21.700353	21.243158	14.579061	22.189332	14.776881	19.967590	12.050626	9.878150	14.291975	22.614286	18.146562	7.106243	11.388078	18.896848	21.095453	21.259075	22.887639	13.830817	21.804669	15.110337	19.878583	8.757431	20.629658	17.104835	17.565037	18.208790	21.718349	21.118962	21.820251	20.888790	20.632319	17.181239	22.584716	18.997540	22.009084	20.147077	20.979554	22.884585	13.141128	12.299699	22.492912	20.159174	18.458892	16.072491	14.142549	18.396357	10.693074	21.135896	17.454115	16.791306	16.691260	20.638412	16.117253	18.630466	8.832025	21.521876	21.464386	20.608380	22.606374	17.246386	21.063896	12.770986	21.382009	4.923677	17.673658	21.299062	14.901747	20.978292	15.240705	21.486803	22.334580	14.482236	20.374535	17.151733	12.550346	14.747459	22.881120	22.626563	22.428239	14.674294	21.467853	22.777745	18.392235	21.857627	15.597809	22.397480	14.535490	15.117985	9.853550	19.572234	19.129661	9.491164	21.949011	22.703965	22.319721	20.600030	21.922336	22.153310	21.522323	21.226578	21.388880	21.236236	18.528651	22.380586	17.310990	22.170407	19.283696	6.995963	20.767581	21.242137	20.206786	21.254008
16.822069	19.309926	20.397304	21.688130	16.179846	15.685505	14.370985	22.661857	22.005204	18.946336	17.013196	20.432497	17.349559	19.259180	18.100593	22.627443	17.352700	21.813087	18.080119	13.527564	17.799802	19.906861	21.861913	13.522703	20.218396	13.528207	16.217189	15.302721	21.600891	20.682532	18.091638	8.806409	20.456949	16.265016	21.763187	19.929142	17.234485	22.034541	18.284420	17.462030	16.447904	18.120285	14.934007	22.283419	18.929904	22.211191	20.886380	18.611065	21.356282	19.720059	20.930609	20.457809	16.642834	19.344671	22.018160	14.717779	17.921900	20.455047	21.690120	20.779403	14.399630	12.677938	22.665170	18.073378	20.792680	11.263997	21.325670	17.742947	17.580249	20.562217	18.982488	10.054958	15.987379	16.836943	21.245721	22.211098	15.955818	22.310948	17.429887	21.808331	13.565356	11.710123	22.574248	20.904327	22.292807	22.002198	20.287759	21.428384	20.994246	18.586536	13.312093	22.118353	17.106623	19.137054	10.542478	20.047972	20.694375	12.619514	20.399826	21.713561	16.758535	20.008967	22.584146	10.374219	21.235712	21.756051	11.361428	16.175343	18.811162	13.399548	21.738984	17.545443	11.602069	7.254272	14.567416	20.932450	22.575290	5.942091	15.983396	19.887583	20.178796	21.622065	18.399597	11.520143	13.286079	18.967004	13.188492	21.559212	19.874283	22.646430	15.593828	17.934506	19.530665	18.495320	17.943487	14.953820	16.923975	19.933898	21.356451	19.831453	19.829199	22.582294	12.023876	18.890713	19.232176	20.881698	19.262602	10.793077	21.525541	18.476432	20.763403	21.040144	21.233028	21.592387	21.043746	22.067389	12.216291	22.559493	16.820135	16.630612	13.011299	20.694217	20.228470	20.244054	20.557736	22.366032	20.657368	22.682406	13.445357	17.802217	16.447955	19.699908	22.551557	10.243759	14.183348	13.624890	11.837028	15.950271	16.856414	18.073099	22.820819	15.994893	18.404031	16.044121	18.879664	19.692224	17.929643	22.443194	22.792438	15.264411	13.084390	19.456166	18.199485	11.127308	13.999239	18.239063	21.376761	15.518292	15.949168	22.540248	18.071614	18.604354
22.377661	21.213121	17.230487	20.037669	22.261645	19.784907	16.575056	17.909147	17.130887	12.056272	22.670462	22.217328	21.958198	14.075401	22.451218	22.414568	14.627262	20.145551	22.310157	22.768436	17.678654	20.798537	22.813266	18.065040	21.361296	20.116689	22.475318	22.245751	21.606644	18.188890	14.553491	21.025535	21.640454	17.049652	22.288186	20.579965	19.500299	22.363476	13.784940	20.728571	18.911924	13.568670	21.175872	22.788066	22.142111	19.205352	21.955899	21.035813	19.874646	22.537236	16.976060	19.836174	7.783654	18.876690	11.239610	22.464878	18.249758	14.048082	13.755189	21.951512	19.695326	18.467163	15.927784	19.352793	21.604340	19.516108	19.782180	19.135670	17.796075	22.162051	21.256709	7.414945	21.962280	21.175980	15.085360	21.853079	20.343916	19.993277	22.765566	21.814159	22.036575	18.132047	22.125214	19.126410	20.327597	20.568415	22.388228	21.404411	22.472538	22.172108	18.824671	17.402473	22.692254	22.357578	22.239922	10.858833	19.067350	18.932686	20.541721	22.835670	16.049348	18.287483	9.088241	22.453850	22.103788	15.377346	22.766456	20.482384	22.913640	21.528122	17.756886	22.873101	19.742195	21.165796	19.578437	14.281433	22.905733	15.894977	20.018850	10.730128	22.852302	20.801645	11.024655	22.349341	15.745157	22.647974	10.619787	15.896338	21.971654	21.681744	9.699037	17.609624	22.384829	22.003809	20.606897	13.456765	22.703740	13.800190	21.567570	19.028175	22.825951	18.695593	14.703649	21.978272	17.811128	18.917331	22.795991	22.468362	22.788921	22.817968	20.412380	13.677026	22.076600	21.418824	20.202798	19.713113	18.482111	17.539935	15.953239	20.649209	22.831173	21.735115	21.368785	22.189717	16.010726	22.692739	18.100163	16.247874	18.624077	19.225842	15.806054	21.813472	12.740549	18.665004	21.142434	13.168716	22.712494	18.735002	19.622787	9.207943	22.274224	14.188151	19.554957	21.847482	12.681538	14.189917	18.991475	18.275928	13.921865	19.466930	18.926581	22.575302	22.840453	7.492936	20.441756	21.330783	22.512096	20.671433	21.563148	21.054188	22.123331	12.744318
21.740924	20.163522	7.140371	13.481431	17.750967	14.496008	20.964519	22.607286	22.560854	22.023376	16.994187	21.504230	19.302070	22.252548	22.627573	20.136972	13.383772	19.640016	18.876450	16.842456	18.851244	22.739177	18.998785	21.589966	22.835783	19.162658	20.885840	20.838236	22.370633	17.326021	11.712850	16.794885	18.996099	17.737792	18.555101	19.103979	22.558297	11.654669	20.781935	14.503977	13.444887	21.446544	22.253300	21.016147	17.236057	13.362093	11.385185	18.728393	16.554789	21.943888	15.692148	13.314950	16.195341	21.980166	18.279793	16.965036	7.140607	18.980634	22.574451	14.685510	22.491159	14.328241	17.279393	19.773400	21.629192	22.598558	22.449388	17.790555	15.214033	19.487183	22.429202	22.898341	19.143483	17.157084	21.840018	18.740113	18.596734	20.823245	20.582213	12.527727	16.565708	18.071937	22.690291	18.779928	22.607076	17.240392	20.325688	10.065275	20.382216	21.955269	21.873298	22.698182	19.599593	8.833043	16.516599	16.231045	18.088224	20.110374	11.366003	19.092021	19.905516	17.030507	21.768592	19.848567	19.830075	11.180802	19.737094	20.110959	15.903167	21.297435	22.326815	15.651565	16.489671	21.218815	11.222681	22.783012	12.231790	20.213043	22.000359	22.249196	20.773093	15.512785	18.395704	22.760120	22.867747	21.861754	20.588764	15.236830	7.245801	22.740747	18.828936	13.706779	22.715119	19.173742	19.964321	20.085480	21.443941	6.194338	19.233426	19.888191	22.098488	18.088829	21.768253	19.958149	8.425034	21.416283	18.362779	13.934017	18.523346	13.232728	22.103151	22.740330	8.084624	20.598103	20.994806	16.467767	20.261800	20.511852	22.437934	21.578483	16.717174	22.503326	21.122631	21.051429	22.197762	8.856910	13.168966	22.279139	21.564223	22.822656	21.665018	20.326229	18.311747	22.829323	21.177130	8.854269	21.096865	17.077076	21.084137	6.976715	20.557229	21.612031	22.306919	20.957097	15.485816	18.049163	10.673069	22.465082	22.421867	20.217509	20.756075	13.532493	19.841305	16.119723	20.802096	18.889272	11.517263	21.803364	22.630488	22.515163	12.531161	21.487745
19.322361	18.718676	20.177869	21.825205	19.861117	20.755672	13.791726	22.680581	18.608962	22.073592	18.780623	13.302694	19.149377	19.270367	15.628310	19.018768	19.779903	22.165352	22.701419	21.806237	12.052013	20.786282	11.980768	15.599047	10.817448	17.487342	22.861133	18.515899	19.908752	21.938395	17.636701	21.799967	15.050227	22.038216	21.106371	19.915355	22.396103	19.898969	17.821711	11.658231	22.196968	19.283299	20.838714	19.142504	19.551547	15.168440	17.143128	22.900546	8.127631	20.230079	20.326189	16.155943	21.153906	17.102758	20.980953	22.608966	19.671650	21.359991	22.895519	18.301837	18.981993	22.257379	12.151471	12.239083	22.086469	16.678417	22.177176	15.650686	15.058629	19.021312	9.044453	13.867970	21.011543	15.626027	22.858643	18.284474	15.822150	15.818422	19.391465	15.996768	20.492343	22.776075	14.863242	19.861720	18.450811	19.945354	18.207954	18.238069	8.599932	12.978156	19.810077	19.097985	15.380257	22.027285	12.891882	17.994635	12.214335	21.383486	17.485603	22.528367	19.580946	19.182210	22.443672	22.696010	22.039272	16.181689	18.020930	22.603343	17.841274	14.454719	13.537848	16.225660	16.576162	17.832729	19.625204	11.229184	21.712688	19.515864	22.139469	17.151607	17.939113	19.915928	18.137038	19.911935	22.646068	19.368662	16.202869	13.675276	20.474703	18.962059	12.725526	22.690137	20.579719	5.373727	18.908591	19.299543	14.870823	22.805651	14.214802	16.359692	14.313855	22.798152	14.130038	20.837547	21.826357	6.084670	13.026179	21.461182	9.931034	17.261413	19.064868	20.378962	17.597284	16.478494	19.644003	22.588389	10.154434	18.710354	21.222119	21.094571	9.753007	20.849920	12.337012	22.883131	22.042846	21.400372	21.547058	13.355634	18.149685	19.750201	12.653506	15.688933	13.140910	16.217356	22.237248	22.044439	11.287089	21.400383	16.456814	21.900035	11.519521	10.233740	22.912834	18.339658	22.901272	20.261892	18.772803	17.728504	21.791311	9.085827	16.517434	19.572586	13.048768	9.708827	22.915892	22.826534	12.625072	20.952219	19.236272	22.549809	21.083932	22.182464
15.321487	11.821283	19.483624	18.395313	18.353911	21.892945	17.972398	22.679067	20.882051	14.406521	22.425299	16.558146	13.866954	9.755529	16.958082	19.695777	22.276666	15.649468	9.731877	22.039850	22.206385	21.815041	16.906418	19.695573	22.812670	13.101716	20.397716	20.622071	20.072959	11.061377	11.080580	17.004580	21.307854	12.634328	16.482168	18.658218	17.398570	22.680805	15.449746	22.885458	19.222381	17.054943	19.540178	20.433742	17.237413	12.072800	18.867381	22.290164	11.064685	16.905532	7.650373	22.556516	22.042978	20.887360	21.430221	7.129176	21.199343	10.245485	21.349019	21.691651	13.000747	14.052954	17.923310	14.180279	21.369426	18.726579	22.575532	22.059767	22.901673	21.934457	20.295577	21.844608	21.225513	19.576906	21.206012	17.861536	12.522201	12.897493	19.987305	19.150000	12.614739	22.518538	20.936899	16.312813	14.842788	11.641175	17.723364	13.954264	17.988930	21.741682	13.391109	22.592224	21.581348	14.951779	22.381811	18.353822	7.296705	17.484673	14.192849	16.697652	13.190857	16.598935	10.523085	14.030363	21.628756	22.332111	6.303248	17.052296	22.277712	18.448410	7.710894	22.903506	22.499011	22.240633	22.800021	12.282042	20.644913	20.390482	18.746119	19.114082	17.787144	20.003214	22.745455	22.571220	7.857261	22.080572	19.784541	20.449935	22.859556	22.297524	21.317776	10.182448	16.274235	21.569708	6.895174	12.566161	19.000875	22.273763	21.496006	22.143138	15.832344	20.983649	8.652426	20.684680	17.207863	7.700475	21.230346	15.523111	19.627144	17.640896	21.722417	21.444584	6.425622	16.550486	22.312511	16.046578	15.990801	21.442772	18.363786	18.056721	22.548275	22.598681	19.786374	10.594585	19.694456	18.973761	18.292975	21.592838	19.966190	10.473053	14.237060	22.145597	20.353116	20.858930	18.387961	21.320456	19.961836	13.518151	22.052592	14.133540	21.724966	21.351371	22.393943	19.104084	22.297532	22.679788	18.109495	19.866280	22.601074	17.310267	18.110256	22.286798	17.653952	21.839386	14.334272	20.554130	21.416364	22.153974	13.965201	19.332553	22.064519	18.883858
13.317364	22.872763	22.581784	22.691284	21.328493	22.854696	20.875058	19.989904	9.657763	18.952150	19.542154	21.146292	20.013928	19.069070	18.808392	12.469139	18.798941	21.428083	22.802031	22.742351	9.395721	21.149797	19.567454	22.776268	16.192140	17.556925	14.310466	13.611108	14.899632	18.863990	20.111459	15.422846	21.024368	17.206065	19.176511	21.052740	22.076501	20.901135	18.209801	19.262641	14.273252	20.898390	20.041080	19.045004	20.161137	19.011769	14.643279	10.711377	18.881636	19.265161	17.331252	14.480709	14.475058	11.600686	20.758215	22.534375	19.965090	22.300129	19.662076	22.567973	19.482442	20.444932	17.448963	16.755722	22.825892	18.229100	19.089686	14.634430	13.934478	20.231004	22.823750	17.939916	14.032601	22.550663	22.064111	20.225051	21.350752	21.064256	21.517770	12.578368	10.002290	22.633574	13.809796	18.774320	13.048583	19.766424	21.844167	22.613480	13.488584	21.249742	8.089490	18.698234	18.209483	17.978520	18.845948	22.319254	22.177537	8.682889	19.873973	20.033707	21.512762	20.461426	22.854360	12.852249	12.657927	21.436711	22.899830	18.936772	22.866200	21.177805	22.834492	18.742949	17.429550	17.311524	12.954720	15.190491	14.051724	14.001557	18.778655	9.933578	19.623966	20.019192	22.746060	20.818506	17.662841	21.967527	11.389613	20.690217	22.036349	19.651820	22.352531	18.157720	22.517274	19.760652	22.874102	13.645997	18.236442	20.213494	17.849686	22.412629	16.463204	22.902062	10.447153	7.569079	13.202765	22.289052	17.171901	17.898743	8.239987	21.167503	21.869199	17.050070	22.687923	20.546705	20.167988	17.959146	20.548613	15.588664	17.235613	6.492384	19.727425	13.653236	19.247623	19.171688	18.960825	15.558199	21.442241	12.516226	14.837573	22.514718	21.593320	10.575803	19.642876	22.638325	15.636216	18.509216	10.787156	17.159062	21.847179	15.867153	20.476400	17.199513	21.811069	13.751815	10.701838	22.848405	5.171821	21.397463	17.849313	12.928525	19.123242	22.854888	19.137007	20.680655	19.276914	21.678815	20.194476	22.840196	19.213672	18.761603	18.858942	22.914492
8.157669	19.681081	22.627923	19.379056	21.816116	22.465958	14.672741	22.809449	13.547539	14.009103	20.627924	7.528273	20.056890	17.840631	17.927476	22.773555	20.889000	14.380048	21.491089	10.642193	22.900369	22.364049	14.596770	17.283312	10.870979	16.376158	22.802394	20.472918	22.486226	8.899072	20.754550	13.281927	20.732019	21.449302	17.782158	9.448600	8.006820	18.454260	6.928683	21.775751	20.938996	19.528147	18.524593	19.312091	22.286857	17.079619	16.982162	21.213279	15.335249	17.980949	11.099620	22.155226	22.705254	22.815093	16.150060	22.295724	9.547546	22.086486	13.727760	17.510988	17.841505	18.041261	19.773450	15.866232	22.307278	10.186689	13.565165	7.681118	22.841247	12.906543	21.963340	22.051902	22.597100	22.916265	10.023964	16.262010	20.372841	15.601222	20.409357	16.110379	19.814903	19.847197	18.335732	16.759267	20.121689	8.990765	21.357057	14.344623	21.965945	20.511259	21.387864	22.494270	19.483796	19.669156	22.687790	22.737332	17.424598	13.192458	8.686011	19.670645	10.688723	19.575901	20.239596	9.473898	21.962030	21.707061	12.504952	20.521275	20.085800	20.473390	7.749052	15.257153	22.836613	12.329312	21.954388	17.995301	16.927839	15.506044	6.976553	22.307013	22.119555	19.245265	18.670953	21.800077	19.166752	18.261479	20.110194	15.754474	9.360573	21.672005	21.905529	22.616931	22.128360	18.673512	18.801911	22.916063	21.987298	14.112414	20.234391	22.609472	20.412738	14.104339	21.992502	14.733671	17.592905	16.959431	15.829563	10.612408	21.774284	21.822885	11.723948	16.825545	13.111160	22.199732	22.620351	9.130560	15.216540	10.922945	10.851776	12.384979	21.235864	21.498014	11.813515	19.776686	22.104732	19.428994	13.481729	22.014238	12.065488	18.408093	22.629635	19.427848	14.782227	20.039135	17.776678	11.569613	20.378611	22.900976	21.355156	19.958667	21.652730	19.092682	21.311812	15.010724	16.918650	22.572946	16.307267	22.680003	20.436764	17.158521	18.701569	15.729905	21.274235	22.474866	22.880055	15.507809	22.518833	22.571076	15.586583	22.895198	15.009956	15.486294
20.348836	15.277131	15.180229	16.786918	22.336779	19.369225	21.422248	15.668886	15.465291	18.137140	12.106132	10.622564	20.881697	21.512366	21.766416	18.202483	20.657967	10.763220	13.556800	21.579797	17.889804	7.882659	21.838973	22.888772	21.323022	21.823044	21.515441	21.617868	16.675959	17.486438	19.844679	13.752231	22.705543	16.052782	20.600611	22.879765	21.673164	22.857603	16.542659	6.788423	16.046244	20.752708	21.550639	20.059556	20.939690	21.627948	19.727701	6.269399	14.998847	13.163213	10.383026	22.728212	11.746980	18.498937	17.029267	10.808206	15.786470	20.075055	19.930705	21.963615	22.512351	20.259582	22.043287	20.577002	16.504488	22.276216	12.898569	12.237344	17.477992	15.401704	16.877816	15.282295	21.622144	19.065626	19.957973	15.413879	20.721518	16.046775	22.680774	10.694407	21.927189	20.304824	22.383484	20.208182	17.638770	22.860249	21.502471	16.107168	19.302481	20.573824	12.102082	16.690069	21.764569	22.342648	19.674257	12.942852	22.861266	10.891479	22.878239	22.873667	16.161973	20.879824	14.881320	19.927522	19.321607	22.572158	15.867246	15.068241	22.804686	21.380695	19.992044	16.528351	18.946426	21.035077	18.625454	22.852788	15.193259	15.295574	19.320105	22.289713	13.285962	18.978674	13.965053	22.339775	18.176706	15.036641	21.338237	17.936702	21.460290	21.810223	14.101336	21.441743	22.744470	20.906532	22.857302	22.142382	11.280692	20.845677	17.115645	12.611574	5.024766	20.978177	17.486002	15.669463	20.162409	22.463791	19.474043	22.534405	10.530074	22.016444	20.893673	22.896107	21.381399	14.203521	18.216168	14.478158	21.554432	20.498109	13.758962	21.725889	19.474417	19.788400	14.505171	16.625477	22.286170	22.544669	18.721035	15.239009	21.397371	11.835219	21.199544	15.955735	13.375018	12.498357	22.865067	20.440385	8.821102	16.188021	15.354853	22.655358	19.031923	19.598448	20.444818	16.930038	9.959344	18.990526	20.055749	6.016731	9.283848	15.978302	22.887048	20.153077	14.590507	15.840651	22.730017	20.458536	17.965914	22.809015	20.141674	18.105021	16.961026	16.417762
16.963986	12.965753	20.319531	21.395629	21.750629	15.373692	22.399802	18.365275	22.895435	18.765055	19.620234	18.302048	21.995162	20.764767	22.479127	13.436336	15.612111	8.629971	19.280940	14.780268	11.530770	21.036779	22.695475	21.289039	17.846418	20.148073	8.316121	22.819709	14.696845	18.245065	22.339072	21.447341	17.043497	12.761902	22.518539	15.283046	15.720076	16.194441	12.516866	21.106091	22.158343	21.000974	11.753137	10.601683	16.740705	18.928058	12.686592	20.019442	20.922437	22.604155	22.376446	22.791579	16.514858	18.302558	20.003909	7.432245	22.185318	19.144833	11.491593	15.807611	21.653736	16.454512	20.622207	19.006404	21.655848	21.720242	11.126861	22.717786	20.218919	22.841626	22.903594	20.568463	20.431293	17.670804	22.538506	22.436910	18.478223	22.461045	22.350289	19.612646	19.641720	20.217520	15.676306	19.904147	16.101701	21.682804	6.279469	18.878155	17.156904	14.519563	19.235621	22.009061	21.557391	13.766717	21.937806	19.256166	22.913554	6.566088	21.305879	20.992292	16.693297	21.579167	22.618390	22.732730	22.458115	17.602078	19.535038	13.241233	20.852314	19.184509	21.836753	16.926629	16.946052	17.108244	19.059127	14.204725	15.340991	22.379950	20.806286	21.399102	21.787796	21.186272	18.425224	18.131695	16.838211	16.633296	22.024224	18.548835	15.631109	22.688967	10.514246	14.855951	15.899374	21.320819	13.304353	21.626985	22.492492	15.351326	16.731998	22.130584	11.570769	17.536521	19.125263	22.000045	22.114476	20.764998	21.826325	18.532291	20.376646	17.613712	16.446429	18.832304	20.783795	22.498729	21.707516	19.318336	17.289566	15.260813	18.456589	21.852392	17.152368	19.100160	15.294954	19.545883	17.136438	21.754783	21.430452	16.788058	21.120774	17.726584	18.062946	18.355063	19.394468	22.673997	14.647884	22.250054	19.740515	21.241254	15.618358	21.205348	11.552064	20.347562	15.965554	16.789697	19.242121	13.871657	15.743523	18.541563	19.173504	6.130922	18.054125	22.593529	20.572412	13.587080	21.390675	21.405653	21.471649	16.889558	21.483066	13.940654	16.761022	19.921026
21.272788	20.546579	17.947655	20.449500	16.578989	18.641972	13.375967	14.953377	17.775245	19.725519	18.076359	15.541235	14.825355	10.937147	20.605007	21.967589	12.395722	16.867620	19.121421	19.511249	22.142833	21.923579	16.598399	12.395726	7.378857	22.471351	18.816978	22.424169	21.577434	19.399947	22.840469	22.691901	20.805631	21.118043	13.994516	21.243934	21.791791	17.971925	21.631007	20.937327	21.790231	9.754448	20.607233	13.634527	22.518472	13.765850	16.909083	14.051035	19.838627	22.012189	20.167404	21.910835	20.233537	19.110936	21.830557	21.871552	15.959036	21.076929	9.841787	20.295964	18.884020	21.638400	18.185290	22.555563	20.444181	22.559103	12.898926	15.563314	15.553688	11.783166	13.679624	22.837289	17.144985	22.237835	22.649022	21.461053	17.797276	17.463342	20.364919	22.250713	19.954445	22.326409	19.090676	20.298008	21.599899	17.805285	15.649139	13.800540	21.569664	15.197455	20.682407	22.895635	22.629600	14.319202	12.065554	22.762479	9.054301	19.809943	16.785025	20.208280	17.895174	22.894975	10.739565	14.245984	20.423866	19.029421	18.260953	17.780149	22.720421	10.756055	12.693547	21.690570	22.797546	21.954304	22.547841	21.676690	19.392735	21.964742	13.815434	20.234275	21.900528	22.895844	17.677077	17.227345	21.187381	19.116648	10.872187	17.936323	22.196216	17.072554	18.533620	13.172387	13.500209	21.982701	19.610495	18.180716	15.960769	22.029939	21.464029	21.390142	22.687001	12.337474	21.078893	22.752816	18.855941	15.171286	19.584796	19.308558	16.802199	21.693105	21.485913	18.670324	15.329369	18.890845	22.913266	8.020322	7.747024	21.661166	21.987729	14.644576	21.492656	12.478114	21.240426	11.494160	18.671449	19.405888	22.586314	8.189272	20.884728	12.329566	22.905759	20.994687	19.461055	9.735172	18.825731	15.704361	22.201031	21.695848	15.669220	21.301634	22.894299	22.625120	15.340490	16.568273	13.988091	22.375638	14.916552	22.875609	21.924101	9.183180	15.116612	19.760692	13.215675	20.443119	20.850356	22.734376	16.113026	20.911661	22.834997	15.305498	20.640469	19.640013
16.676650	22.730982	10.613093	22.862082	22.199904	17.804570	16.885025	13.477276	18.228776	16.816855	20.294736	18.965638	17.717622	6.989436	21.516098	16.226081	15.703197	21.540361	18.727687	14.538696	21.378806	22.782172	20.492301	22.865496	12.120128	21.805909	10.504077	19.179994	12.620629	22.804031	20.244399	10.131157	12.574890	19.914603	22.603303	22.465664	8.101332	20.597195	21.927467	16.553141	11.078443	15.181189	22.680877	17.454693	17.301799	18.925681	21.502715	10.709160	19.937627	11.777528	21.586482	19.034651	12.883855	20.396609	22.303432	20.985755	20.125515	22.734081	21.343886	22.553329	22.665150	16.730957	21.471261	19.427198	17.952261	22.661868	21.699339	21.608632	19.974462	10.157905	16.653908	20.922382	21.941700	21.681841	9.978977	10.674998	20.838655	21.403230	22.739591	15.809692	19.793951	22.636821	21.166997	22.913649	16.559821	22.919887	22.875423	21.519045	16.403961	12.741150	18.831705	10.464221	19.770976	6.620115	19.160394	6.905007	21.803298	19.956615	22.231469	21.894399	18.135295	12.313406	21.400133	22.556531	22.567179	22.297034	20.474543	22.757108	17.335974	15.202753	21.139975	22.400144	22.551814	22.121372	22.262912	14.109788	10.425437	16.163063	20.267702	21.021864	8.952484	16.359883	17.268436	21.886784	22.183785	18.842728	22.600279	20.709528	20.655706	19.727321	19.102279	20.261349	21.403562	15.525686	21.773031	14.172333	22.849514	19.270176	21.607354	20.436046	22.301681	11.077451	11.155655	22.895530	13.671991	20.326228	16.688047	21.815440	21.763588	13.874221	12.685942	22.140838	20.609707	8.059309	17.992351	19.667463	22.850629	16.945641	18.850597	13.470110	22.438379	11.402723	20.153315	14.093525	22.048232	8.899116	17.180602	11.455376	22.819266	13.088556	20.414034	17.848488	19.960224	13.178142	17.284633	22.804550	9.320936	21.230040	16.639986	19.855986	5.873543	21.523150	19.927717	14.010817	22.041046	21.622124	21.846084	22.278149	20.667331	8.894096	17.633935	8.714196	20.437022	18.316517	22.652222	19.082471	18.778920	19.296971	12.461979	19.390691	14.232182	16.890204
22.396378	21.903121	22.300166	21.769045	20.346517	22.130149	18.778064	19.793390	20.848167	21.950992	22.843508	13.866575	19.696431	18.094613	9.029000	21.355332	20.953414	22.535266	20.637347	22.753210	20.087287	20.194782	12.846462	21.903868	21.413966	22.310939	13.770888	15.056894	19.167839	12.239274	19.644984	21.316947	17.418481	10.285060	19.154304	14.645408	22.322695	22.237914	21.623540	22.658988	21.066602	20.984837	17.660560	19.118237	21.697429	15.053253	7.868766	19.436887	18.757511	21.498532	13.699683	19.855624	20.590283	9.503402	22.806029	22.708680	21.874288	20.346726	18.146401	19.078160	20.500407	22.702139	20.516242	22.726086	13.622055	20.608638	18.174467	22.738825	9.876938	17.489260	20.835238	22.489224	21.618589	22.840073	15.018807	14.906037	20.353492	20.769916	16.527966	18.754731	22.583584	22.819684	20.920452	22.171355	22.706806	22.734827	20.881704	21.426668	16.362618	12.091994	17.558426	14.507614	15.763301	15.293788	8.660518	7.815214	12.402250	20.402932	16.308131	22.670181	19.775106	18.779849	22.298163	21.879469	17.862597	19.878512	22.818931	18.564429	14.592108	21.627377	22.496056	10.967949	22.093398	16.728983	21.152142	22.342131	17.995728	13.674149	20.055571	7.583190	19.763642	19.177240	18.225725	22.058469	18.705334	21.779359	22.849362	19.341921	22.218186	17.727170	10.608628	13.741880	12.986417	21.381500	22.041853	21.595470	22.010549	21.825638	15.518727	21.694863	6.993319	19.531415	22.111678	19.399507	13.319100	17.070691	22.534499	22.638829	14.239662	18.781614	18.385115	15.407217	12.078315	14.975710	22.154504	18.949193	15.179576	20.480731	10.187170	22.021787	6.725889	15.411835	21.947257	22.426532	22.529679	18.350305	22.393928	22.887271	15.673845	21.286955	16.311133	8.825786	21.004665	22.463065	20.140542	21.894466	18.630169	6.822838	20.443796	12.858081	20.019750	15.929700	22.799116	22.346519	22.718490	22.275706	19.198279	9.316510	22.418563	22.112643	12.923234	22.486513	22.830992	22.909407	16.447478	19.383722	18.375899	18.188091	18.549657	16.947751	19.661572	21.927098
22.623241	21.872887	21.976021	12.000176	10.951919	19.567464	17.753623	20.654180	20.165472	22.314551	18.391819	19.031444	20.758027	21.013959	21.583537	18.526540	15.173235	20.131523	11.385085	15.729462	21.674366	21.292488	19.494814	22.711460	22.640932	19.122309	19.382798	20.324802	21.616703	22.828896	20.796301	21.870942	19.000766	22.076909	19.498103	12.658206	19.796739	18.279648	22.062297	10.592611	21.997965	21.322679	22.584257	19.037632	15.341803	18.546128	18.934253	21.865176	21.802786	21.768805	22.201912	21.451713	16.110158	16.115509	22.187302	14.066127	12.873867	10.375070	20.701483	21.846029	9.464354	20.288191	19.440706	22.749932	20.659174	20.530431	20.959948	21.461285	13.457621	15.982357	17.886522	21.889823	16.072358	10.650512	19.096710	13.225343	19.830517	20.022639	15.019474	22.398847	16.378625	21.835402	14.780438	21.889781	19.124598	17.774743	22.891498	18.819637	13.839342	20.361441	20.504432	22.865338	19.875590	15.301316	7.863410	15.196483	21.374033	20.554638	19.161550	22.765663	9.558126	17.625315	20.990130	11.554188	21.694873	22.361420	6.542176	21.804940	20.779847	17.482516	12.842952	14.234190	22.589158	20.924786	21.329801	18.169776	6.823316	12.826841	20.265556	9.537047	22.178870	19.314998	16.827369	11.052673	19.687374	21.196541	18.274036	11.549815	18.943742	21.649689	10.405134	16.825834	21.869239	6.398525	13.643417	21.832958	22.854647	21.484090	20.090269	11.552818	11.492099	18.519285	13.334128	17.137748	15.148962	18.819725	13.154207	15.759684	17.931599	21.162779	17.598923	22.644650	16.892564	11.639611	22.526460	8.846525	20.599365	21.754994	12.216522	18.026216	22.752345	22.430569	18.156377	22.564769	19.393694	15.156600	20.205327	16.669389	18.554302	11.066473	22.012745	20.092495	10.948520	20.005564	21.975374	10.518066	16.769826	21.233922	18.649619	22.612821	19.978571	12.336023	17.785333	17.995107	21.549288	19.781372	22.249679	13.423999	22.637662	11.782626	20.731612	18.929830	14.231479	21.173280	22.117784	20.616187	12.627151	22.720680	22.624269	16.870347	20.950235	11.382726
10.432658	21.292543	21.831868	22.734069	17.965560	22.775278	13.077024	22.228256	9.412873	18.712890	6.170157	21.856582	19.808769	9.535390	21.267118	21.667142	20.997586	21.439378	12.651566	9.355722	19.380008	9.758117	22.471721	17.183334	22.753842	16.392261	18.779367	16.470463	19.144737	22.271577	12.889198	16.727108	18.388630	8.653820	20.505954	22.782104	20.535396	21.473675	16.305266	19.999166	14.180533	18.019282	18.089271	21.468471	14.040406	17.177104	16.723083	21.804891	21.725705	22.867796	18.054206	21.437595	14.010584	21.937142	21.261605	21.727498	20.165900	17.805752	9.285265	21.835712	19.831778	21.549074	19.223150	20.750767	15.118268	8.059776	20.957897	19.254329	14.461994	16.916272	18.602153	20.559206	21.720379	16.913535	20.455219	20.423461	21.600049	21.376596	22.486713	21.248071	22.501712	20.447119	15.036225	22.872376	21.060445	12.397206	19.225529	15.317291	21.219692	22.019711	19.398877	18.936821	21.907031	15.935552	20.898434	22.277864	15.685372	22.676741	15.804029	18.595424	13.712387	15.256123	18.184340	5.980625	12.673917	21.097564	21.420652	20.530722	13.637628	20.848153	14.048978	18.782978	20.323087	20.896257	17.340315	19.258036	20.078562	22.610783	14.642736	15.859283	14.634037	19.384229	20.177720	22.334254	14.479775	20.466795	11.883887	18.162775	21.402052	18.048004	22.170378	14.529055	15.544939	13.073146	21.516760	10.886423	5.655339	17.557018	21.960153	21.033233	20.694882	16.802142	21.886089	22.561254	11.501248	21.931240	22.062555	19.411733	22.747133	10.478594	16.936461	21.768496	21.794296	12.818164	22.795406	21.584116	12.209400	18.622552	17.938589	21.501849	10.852117	22.684904	22.745890	12.803873	9.739333	13.279913	20.872212	16.597211	21.510510	22.373581	19.270610	19.172030	16.882895	21.480234	18.525159	22.203762	22.199795	16.006649	20.499959	14.483285	20.675571	18.997792	16.004923	9.124880	21.480860	14.734301	17.159775	20.259891	13.397937	8.641160	14.217098	19.124891	21.781179	19.189157	22.356252	21.457866	22.879844	13.202314	10.434299	12.274035	10.041119	15.272004
12.168098	19.181853	21.712929	18.252286	18.772722	16.801045	22.725244	19.288873	12.077526	18.867659	19.876736	20.222251	21.540621	21.248263	21.081924	22.861144	17.678093	20.665299	22.569355	20.323364	21.847602	22.813741	19.216616	22.373062	20.488475	21.987120	20.326478	19.227944	18.029292	7.760552	10.986140	10.506372	21.696983	20.329834	20.831066	20.650542	22.805699	22.011179	20.641371	21.915363	15.647247	10.915390	21.941442	18.116158	14.860007	21.704367	15.963999	18.192026	21.489718	15.401240	19.735289	12.703648	18.295883	21.750861	14.876459	19.184936	19.723589	22.482568	19.796162	16.257226	19.891093	18.422202	20.370548	18.147476	21.515051	9.506892	22.891320	18.917108	20.757925	9.191233	19.396079	17.272138	22.333227	16.676533	22.847185	20.840629	22.010677	17.885899	22.296570	15.716860	21.499393	11.460852	22.775020	22.467013	20.479933	16.756280	17.169777	10.017121	16.831426	15.989145	19.299673	18.707817	15.614908	18.361965	12.966618	20.715186	22.828186	22.595661	19.818453	20.784357	21.915382	15.983801	18.512183	17.464867	22.751226	21.483014	20.588922	16.606204	20.394771	15.476326	21.943754	21.911659	16.924223	18.578061	7.945010	14.193071	8.284978	19.502508	17.663632	21.486297	21.296294	11.766567	14.997203	13.902126	16.647194	19.767833	22.903119	22.766185	22.409607	21.980547	13.729992	20.599605	16.287793	18.812479	22.267702	11.228074	16.375848	10.520298	16.038494	15.461258	20.469126	12.596099	7.317963	19.505825	22.064417	19.273990	9.426389	13.302297	19.652001	22.327425	18.847795	21.871586	20.852229	13.682143	19.052730	18.859801	10.253857	20.984244	18.837713	14.613467	18.744363	22.862639	22.812698	20.764799	22.008709	20.752875	16.950348	13.216199	16.150503	20.534944	18.501734	22.404986	12.428602	21.838456	12.730867	20.394526	21.803633	21.526504	21.271629	11.906998	12.756970	16.972359	20.672138	22.827091	19.770262	19.975607	7.046484	22.376383	18.802614	20.169472	17.382365	21.838259	22.642686	17.379840	21.950034	21.628327	22.403031	19.218689	22.049032	19.717850	18.148563	22.556949
14.271696	22.451479	21.365033	20.879750	21.404872	11.197941	16.502909	18.508711	18.213397	15.107278	16.076808	21.466302	11.690089	22.919894	18.988666	21.058192	20.952168	19.488124	21.328120	16.671662	21.156054	22.200877	22.570988	10.130189	19.641425	19.903515	16.934640	17.371976	21.973726	22.266818	21.714717	19.615667	15.340206	22.808682	16.500074	20.861424	15.848789	11.250129	22.157940	17.609289	12.149960	19.128348	14.502053	14.836889	20.382343	19.865743	19.592004	22.667147	21.011163	21.331863	21.332107	18.375512	15.156451	21.220172	7.554994	17.641745	18.515758	14.745668	22.159240	7.057570	20.086003	21.631512	7.902798	13.830339	12.911296	20.683638	18.145053	21.093032	8.497772	21.004702	19.007239	22.674757	21.894797	22.334628	22.273543	15.959628	18.150628	22.642252	19.279270	16.512431	22.747239	19.597212	19.634312	15.926483	22.876710	21.227253	14.882767	12.251165	16.181004	20.297575	15.457358	20.947459	17.259933	21.476402	9.655369	15.501126	20.469881	22.865860	11.871049	22.468875	21.856449	22.040257	22.218628	16.374562	20.715339	21.806884	10.768706	12.097402	13.448605	18.906337	21.899972	19.878177	21.848945	18.104023	14.575628	22.107573	17.420203	18.664150	17.783692	22.555512	20.968108	13.348642	11.141602	5.038724	19.658872	21.897921	22.294153	18.775665	19.741860	22.647026	21.846140	20.023679	15.514959	17.563021	22.417534	8.624055	5.707790	20.197550	15.044471	19.968571	22.872184	16.733357	15.335312	17.545656	16.574277	12.940497	22.486869	10.049801	19.599913	21.220373	22.855741	21.039970	5.947237	13.745598	19.125644	21.771490	20.896585	19.280471	20.938993	8.916152	17.810119	22.747912	22.667781	9.775721	17.273329	22.032330	22.405517	22.436856	14.371592	15.744641	21.823316	22.669624	7.236345	19.775885	15.185149	22.393208	17.662041	18.628485	13.057805	21.833259	20.228940	20.631174	21.676131	22.911386	17.831592	9.856317	18.874298	18.852102	19.252077	22.234060	22.867786	18.831219	20.205847	22.797116	19.847920	16.422801	20.552109	18.726113	19.091264	14.021030	22.270065	22.121415
17.741897	14.029589	12.886289	21.097318	16.315367	18.987993	13.548118	21.847363	16.013489	20.755893	18.192796	18.896652	18.827416	17.063488	18.461546	20.905136	15.848982	21.685185	22.358902	17.771661	21.674753	19.835226	12.553993	20.653720	21.922418	22.333041	20.847100	16.093545	19.223452	13.188183	18.688961	19.094446	21.793050	21.926973	22.368855	21.786173	20.332864	10.930323	19.029040	20.092970	22.256257	20.773280	8.613338	22.785295	16.826881	21.914346	20.589508	22.633575	19.919361	21.463391	15.971957	18.577917	21.793105	20.150966	18.381991	21.928041	19.667579	21.958048	21.079769	17.585963	20.626541	6.359915	18.308258	19.778087	20.095078	19.941227	22.301459	18.068600	22.891280	19.613218	12.364192	21.792673	12.905159	22.218592	13.448259	22.457402	22.119516	18.044530	20.344037	22.216905	21.411764	16.609250	6.868996	19.150309	22.103492	21.996302	18.618734	17.831894	22.739943	22.387269	22.177981	21.220352	22.557282	10.524183	11.142489	20.212720	14.798100	18.804997	16.520266	13.690091	17.514076	21.140187	19.059126	18.108611	22.766522	20.873512	18.436097	15.321995	18.837975	18.455961	11.172043	19.175718	16.311476	21.806440	12.491202	22.080033	22.095703	22.411553	22.398163	15.574128	20.529620	12.077842	21.263556	12.097493	21.573002	21.270727	15.277188	17.387827	13.320301	22.422339	21.402012	14.787071	21.509521	16.746043	16.395507	15.431033	21.654993	19.975381	20.854135	22.322116	16.486884	14.028698	9.383009	22.506113	22.772208	12.967646	17.366454	21.428711	6.443563	21.476056	19.674847	21.999307	13.463694	22.399372	16.886969	19.461999	19.424604	19.828755	22.896616	21.522831	21.092270	19.979227	16.468295	17.555418	16.807260	19.865798	22.371923	21.407035	17.310473	16.795889	22.296755	15.259858	22.294163	14.614338	20.651887	13.456166	19.602444	22.830631	22.623190	19.637960	22.005621	21.243202	7.205155	15.277522	21.661269	10.309576	20.659655	22.892541	20.431396	22.895358	18.856337	22.513453	9.333477	18.518887	15.244977	21.870960	21.673043	17.275775	22.128273	21.848791	19.722686	20.180967
16.395210	20.027495	22.730423	17.881651	17.882840	22.574708	22.580833	10.660627	21.329028	21.533103	20.654487	18.229993	20.059919	20.455985	16.831434	21.637578	16.986395	20.938350	22.749603	14.661127	22.764294	14.874927	20.361561	7.607915	20.477949	19.499253	18.457735	22.520036	22.096830	16.791175	14.811600	18.576446	21.866911	22.716596	9.979797	21.112562	22.758562	11.880309	15.719527	11.546265	19.582624	15.747657	19.725799	13.675105	22.098885	18.973486	6.994655	22.159710	19.874607	20.802843	18.355380	21.225187	15.690404	18.736090	20.272264	22.231961	10.504714	20.755533	22.401301	14.424120	16.730397	10.994393	18.985995	21.466647	19.224362	17.447495	17.606099	19.743937	13.527462	9.109551	7.110733	22.008036	21.341058	11.150204	21.431683	18.469466	19.613580	20.168074	22.700065	18.405467	22.132008	21.086240	18.983616	17.002151	22.276437	22.526300	19.404937	22.261175	22.878313	10.158366	22.583101	18.275665	21.427807	20.558825	22.732696	17.066878	12.562225	22.482296	17.140731	16.269254	22.300300	22.066578	22.863536	16.977351	21.429494	21.789234	22.327368	21.038624	22.776480	22.405127	22.664672	16.985868	22.085453	14.382511	11.278985	11.919689	15.613264	19.599924	21.606755	12.171872	19.537817	18.201280	18.847385	6.765907	19.418215	22.857770	12.254762	19.187857	20.632793	11.382306	9.338865	22.328668	22.850078	5.957173	19.727135	22.759190	19.941476	15.410232	16.208956	21.834424	7.120090	22.030586	22.891450	21.913096	13.083117	13.379633	16.006950	20.801426	19.938182	21.453464	15.064011	11.445494	22.670070	22.024843	14.856283	13.121373	20.340878	21.365537	17.773470	18.462210	13.996471	14.214518	22.015880	22.775371	17.437866	12.750435	20.028859	19.022994	22.856965	19.431898	16.161720	22.197501	20.995557	16.861303	9.553992	20.858101	21.981111	21.283021	18.975149	15.143178	15.511482	16.583970	22.177301	13.581839	21.911446	7.944213	20.291961	15.180175	18.444427	12.112705	21.843431	5.606031	5.650907	21.611645	20.729182	8.744382	22.460227	17.642246	11.482426	13.516586	16.024292	22.107731
22.908753	20.550129	22.681318	19.620521	14.411829	22.647979	10.693274	17.326423	21.025334	13.851368	20.301837	14.658377	17.485202	20.858075	21.889121	21.503849	22.731693	10.560032	20.786834	15.700712	12.013130	10.442615	22.874286	12.870941	22.261584	12.551306	12.730388	15.548100	14.689809	9.926593	19.805303	21.904649	20.981910	18.258329	11.709487	8.732638	18.683628	19.095791	18.481374	22.242436	22.107309	20.547597	22.723272	19.605562	20.873655	19.255521	21.736402	22.229203	21.525506	18.439076	20.111966	16.339681	18.262880	21.790774	13.027018	11.075230	21.456252	15.737288	12.880535	18.307110	22.738270	20.632856	20.265446	17.816623	7.740958	19.252040	11.688874	20.479425	11.654757	17.862903	14.383590	22.671554	19.526747	18.950417	20.412519	16.157400	13.128177	20.243877	14.160049	21.334539	20.570427	19.677550	18.116448	22.805007	17.795528	22.183342	19.106543	17.552283	16.649646	19.359715	21.377324	9.534499	22.476125	14.559732	21.452779	6.505290	20.183952	22.058319	18.969839	21.452681	20.549173	16.850578	22.465858	21.796435	20.788460	18.790303	10.922124	22.658072	20.469140	22.016419	21.435969	13.689909	15.420884	17.666121	18.223454	18.489423	21.503264	20.700211	10.955526	22.372963	14.836096	22.453803	17.491845	12.929936	18.252658	21.841598	6.224782	16.290841	12.204290	20.284326	14.731676	21.787721	22.179719	9.010614	19.439972	15.790623	20.989664	19.688500	20.308227	14.627217	21.644692	10.748063	7.996319	22.207397	22.203086	20.308693	20.772734	21.949025	21.445178	7.481977	8.628470	20.010927	22.185993	18.349075	19.513066	15.793350	10.141268	19.162712	19.947731	21.514266	14.894851	11.220504	18.460193	22.617201	16.265703	20.907344	15.898855	11.858119	22.377605	20.388224	11.977177	8.082629	16.248921	22.518628	21.486608	17.265625	14.250249	16.046519	13.577275	22.520392	8.316200	20.389426	14.567472	21.483613	21.238815	22.387880	19.396189	19.293073	14.293577	14.248310	21.454583	18.851742	21.550556	22.397282	17.747576	19.748601	11.373862	22.254182	18.725464	19.538351	22.766963	21.097317
19.216260	22.867847	6.792123	13.884193	18.071215	16.500878	10.426897	21.707771	18.312626	19.013196	18.122643	19.556530	21.304427	21.113773	22.618022	10.879637	8.161267	18.655054	19.238264	22.794690	22.861340	21.993704	20.156922	22.474466	17.074381	22.167587	22.131785	5.067597	20.187446	13.359156	21.924059	22.549767	12.025492	12.787384	8.071610	21.779376	12.934958	19.044746	19.856531	13.001843	10.269155	22.104875	21.466095	17.980650	22.740548	15.528162	20.037134	17.065108	22.362643	22.766712	17.370008	12.114001	18.907445	13.120713	12.050133	16.675685	18.951668	21.291729	20.683707	21.693100	17.141292	22.614575	19.508834	22.488806	12.996142	7.969902	22.655577	18.011737	13.486164	8.004378	15.586639	22.092142	22.854656	19.998944	15.426938	21.585823	11.959395	22.167761	7.987259	18.837387	18.617232	17.332464	15.310972	19.191040	22.867884	19.840357	17.245567	22.753253	15.732931	20.408845	15.585902	14.020927	21.702581	14.774602	18.345098	20.735307	22.389084	17.426189	20.398892	20.052405	18.987470	22.001155	7.236274	21.813106	10.258344	22.298741	14.545116	21.830903	22.175171	7.633575	12.561533	19.522197	15.479990	21.401268	21.125392	22.700775	22.728598	15.986060	12.572894	22.364160	15.865279	13.379856	14.784427	5.058685	10.381259	21.240679	17.167826	20.840766	21.092512	13.196530	22.743914	16.684865	21.945211	22.603634	17.947982	21.978492	16.287255	16.810643	11.416422	22.848158	22.136483	9.951999	21.874952	22.829372	22.783235	17.950932	19.102659	17.713409	22.847264	21.204752	22.340228	22.037276	22.001574	21.796891	19.068943	18.065153	9.602985	14.944992	19.929798	20.551735	19.995295	17.427363	17.434240	21.876247	21.721808	22.087819	20.051537	13.626585	18.260221	22.665929	20.969824	6.038698	15.964857	22.331053	12.276821	21.976964	21.883695	22.285455	20.025217	16.028037	21.938672	22.919007	22.282794	19.615793	22.224466	20.985764	22.676395	21.023560	19.598583	15.941278	16.214612	22.633188	18.176459	20.934777	14.849690	17.645867	22.786127	19.609358	20.455367	8.356137	20.259462	22.673474
14.624711	18.730569	22.518679	13.499608	14.853299	13.314627	10.732987	20.580986	21.509377	21.527584	21.831412	15.801708	18.743347	19.009739	22.407972	22.379901	9.720140	15.544750	17.417157	12.798552	17.030445	17.950108	22.903523	19.871176	15.246131	18.558858	15.060791	8.947423	22.432360	15.656827	22.043451	20.119956	21.570097	8.281427	16.305675	14.118709	22.918403	21.639451	22.901929	18.370151	16.843171	19.717278	22.500737	22.030582	15.707866	17.820587	20.302357	22.207630	20.727522	22.675259	21.462521	22.849753	20.103435	21.314162	18.554667	21.060957	19.422997	21.459208	20.123178	16.457887	19.652469	16.960008	14.144421	19.606333	8.096008	13.134385	22.492836	22.775599	12.283937	16.137326	22.559966	8.680567	13.461482	12.679477	22.511215	21.315970	14.705511	19.517798	19.337581	16.615250	22.777249	6.136137	17.767629	20.148450	9.458415	22.667812	22.144930	15.013055	11.562929	15.645775	19.290235	21.198818	20.035849	7.725625	18.032663	16.902767	22.918690	17.673255	15.036347	22.407156	21.497277	19.854839	22.688850	14.770947	20.128864	13.354454	22.912317	11.184727	18.094775	11.126629	19.768279	18.956262	13.692598	9.422998	22.457894	22.502986	19.611715	14.354228	21.212854	15.935441	22.909242	12.889130	20.413352	6.133011	16.618073	22.218045	22.252726	22.837791	20.370253	20.212066	20.357554	22.810757	18.420112	15.651066	15.767941	20.057662	18.393028	14.757638	11.860007	19.687688	22.266828	22.225140	22.230961	17.395333	5.907917	21.955114	21.755370	22.884215	16.740556	20.727320	14.499448	8.474709	15.899315	18.587119	19.175190	16.577520	10.220744	15.611370	21.828763	21.767741	22.870911	18.415188	7.869262	20.184405	13.088806	9.756602	19.519435	20.078556	17.456255	21.488346	22.339133	21.871468	22.295739	20.654995	15.568205	21.748091	20.270260	12.612763	16.591237	22.532003	18.080222	20.495251	19.290018	21.218685	9.079764	20.285585	18.030577	8.366914	13.012595	12.132575	17.146118	16.424349	13.246207	21.056725	12.598987	18.635348	20.015449	7.465936	20.012558	22.770501	21.274891	22.361415
22.917248	19.252664	17.435348	22.255772	22.765030	21.600948	21.534731	19.812004	17.609869	19.560333	18.830157	22.171298	22.873119	9.034732	20.783531	11.554907	22.517198	21.975527	22.761085	21.789597	21.175500	22.377477	12.982787	22.610827	19.001755	10.886129	13.556060	20.284131	17.713697	20.629492	16.634820	12.298326	20.311690	22.072718	21.690873	19.868731	12.262843	21.810078	11.349172	19.243360	19.626747	10.961902	21.874631	11.533618	22.410593	22.137669	20.232736	21.614689	20.282183	22.696073	18.736155	18.021476	12.540418	13.561072	21.244912	13.558353	17.706844	18.385351	21.921414	15.643956	22.906257	21.333543	22.532497	21.977297	21.565309	19.854290	21.975663	20.910142	20.374782	21.331826	22.914974	17.616477	13.834388	20.600362	21.293050	20.945103	20.735152	9.711639	15.900831	19.414423	22.905350	21.642666	22.129241	10.376399	19.503388	18.166801	6.605421	8.450215	21.026327	7.759115	20.335106	22.569476	21.083737	22.317529	16.271293	19.021917	22.221023	21.293457	21.611532	17.622520	19.283456	22.282374	22.608970	20.686146	18.764973	19.947355	6.656500	18.979483	20.013208	22.610406	13.703119	14.281136	18.727911	22.401313	20.675837	7.842327	13.657392	20.150668	18.081273	21.340233	13.560925	19.365118	21.534033	21.740390	21.464712	15.444229	22.498166	17.986946	15.776896	19.435760	22.915395	12.055191	18.485275	22.521102	21.385557	10.733483	20.966182	18.133930	21.227211	11.254096	22.114518	22.737487	18.199045	22.643322	18.905946	21.131696	17.082958	7.891413	7.289312	19.886798	21.746895	6.953464	12.122742	22.063006	7.533095	12.480291	18.513611	19.973997	22.531349	22.017876	21.690256	20.688000	15.721855	13.124459	14.708614	19.772585	10.271984	13.228179	19.167937	16.901906	19.837072	17.320629	15.401359	7.751517	22.729148	12.107817	17.581096	18.232683	17.503601	22.611939	21.257715	22.647954	21.269958	20.208356	16.862099	18.861898	19.431439	17.774865	19.130413	22.269888	22.247115	8.201100	22.466817	22.614856	22.369570	16.603183	20.562694	20.105058	12.774172	21.252932	18.261282	20.082777
20.944268	13.638869	20.025092	19.459915	22.132171	14.860186	19.735727	14.218249	19.493043	18.645782	19.043010	13.343564	10.893688	15.481231	21.497904	21.209599	20.558856	19.783034	22.404030	17.598704	22.445965	20.943952	20.717071	20.972081	20.635086	13.403051	20.710762	11.898269	20.299917	18.825421	22.661692	20.765141	21.303892	12.046748	20.587548	19.811824	20.606144	20.258857	10.512480	9.796732	21.057279	22.780882	19.542692	21.410327	7.594983	13.159037	18.981305	22.562717	10.150602	13.955953	18.519091	21.981194	22.907683	17.099145	20.642068	17.173730	22.550118	17.883693	18.139495	18.561253	14.829785	19.633803	9.556891	20.410039	21.752521	22.790397	21.275723	14.566908	14.857271	22.877334	21.123772	12.160923	19.010968	22.576567	18.888337	20.311987	15.937058	21.914539	14.713988	11.108582	19.161445	21.760272	18.522564	15.359177	19.672359	13.859683	20.648667	20.112533	22.774610	22.908195	14.242212	21.314223	16.318053	12.739463	15.340271	21.879762	21.264160	7.890437	18.417571	18.937023	22.815487	17.826737	17.776592	16.279385	20.570350	22.826800	13.570655	13.102909	16.765438	22.526084	18.082526	20.863342	22.871925	11.384318	21.299286	15.574207	18.276061	20.676759	19.291829	22.572729	12.878121	21.853309	22.188346	22.278709	8.618801	21.788663	20.589620	22.510142	21.841470	22.826868	22.539163	20.400565	11.918151	9.712023	17.277290	17.493252	14.223174	18.347456	21.059396	21.685788	21.393198	15.170624	19.278232	22.552513	17.982050	14.220413	22.902146	11.771226	8.626032	7.275058	11.347299	14.616304	15.690146	19.739232	17.704160	22.722665	17.230935	20.703651	17.605667	19.567157	12.401451	21.205420	15.320224	21.417767	20.377277	9.171608	22.518922	21.878937	20.520238	22.432368	15.329876	12.976516	19.512003	20.055001	15.921081	21.966997	19.557888	14.609481	19.834053	18.385565	21.296234	21.995523	21.586030	19.780465	15.448174	20.869227	21.382139	21.031420	20.347944	18.341468	17.741779	22.609626	18.751733	22.444099	22.909170	22.513365	21.891155	22.111985	19.919650	14.143684	22.857585	22.772785
19.463455	20.987109	21.817557	20.563908	22.919013	21.902878	22.008231	21.673907	21.019821	19.578053	22.821354	22.906184	18.735881	21.900103	19.929165	22.869530	21.750386	11.684812	11.030036	19.308311	17.107763	17.545802	22.535492	21.298349	22.743447	21.021002	21.663189	21.137293	22.813985	14.848526	19.168949	22.358208	18.509003	16.941711	17.491235	7.698479	22.493839	18.598390	18.990254	20.427661	20.501937	16.266400	22.240377	20.490466	21.629297	21.036817	22.578234	21.043236	13.238936	22.626698	19.524417	10.906762	17.289257	22.750084	18.979211	14.972444	17.913152	21.380807	18.374458	21.816967	20.057470	19.699429	12.761861	17.490603	21.140603	15.129435	22.851381	18.743944	22.339203	17.130773	13.231582	9.081370	22.141360	18.666659	20.687091	9.427316	22.755072	21.245074	15.061439	11.167836	22.066850	7.783733	17.546890	21.499791	21.028688	19.221026	22.860534	16.295829	22.599893	22.058719	20.065177	21.231831	21.414611	21.019838	22.808279	14.919441	16.444873	12.362249	14.359273	21.606026	13.728821	18.943836	18.150059	20.445854	22.886087	22.521340	21.634429	18.815350	22.706933	13.740548	21.714182	15.909652	16.800542	22.919632	21.358515	22.306520	16.110454	22.329533	10.582150	16.642036	20.796139	21.432691	14.646944	21.778134	21.688897	22.789856	22.763386	18.040671	14.767076	21.189474	21.405904	19.922259	16.713043	20.973489	22.787896	14.529262	22.206377	21.654076	20.647257	20.136391	20.259393	9.905271	16.728574	22.729408	16.372472	19.029160	12.045310	20.839908	9.166970	20.733028	22.439270	19.392920	15.217186	21.442787	19.250845	15.277282	18.960958	16.469848	21.933764	20.942846	21.205735	20.516930	18.144437	21.322005	21.073731	20.526462	22.281401	22.468758	9.239271	20.900343	16.562584	20.511807	20.263456	15.606819	22.833132	17.445640	10.484794	18.574822	16.571742	12.551326	17.879976	17.936156	22.812616	19.329542	19.215670	15.216195	21.998452	22.713583	20.425795	15.389504	22.557592	12.004377	20.265651	16.221588	21.561018	7.735767	16.647694	22.157188	20.411579	22.048789	7.532503	15.562380
18.733867	21.156404	20.736694	22.831399	18.734486	19.546539	19.453775	9.646977	22.827954	15.764714	21.206938	11.727176	19.468921	10.703458	20.857414	19.999638	12.585978	9.509957	22.513330	11.634497	19.032271	15.973928	20.442147	16.102453	22.864198	21.895760	12.305221	11.621673	13.830925	18.068498	9.764729	12.049398	21.279043	22.263231	15.382986	19.135387	22.126465	22.190235	11.298098	17.089095	17.697966	22.805763	13.819580	18.679020	18.325346	21.785618	19.643551	22.755781	10.985727	20.033290	20.525966	14.766782	8.193641	22.501393	22.672680	10.183619	20.009438	20.050840	16.202858	21.568436	12.292352	22.705393	17.174138	15.352382	18.263836	19.907261	16.647000	22.757093	16.730649	10.173066	19.987226	18.896471	22.590355	18.425295	18.337727	19.370495	16.841278	17.622985	15.273405	17.393930	19.199985	8.865676	20.733981	19.546717	10.187694	19.137833	18.517335	14.060707	13.150946	14.804509	10.481739	21.961759	22.178431	22.660435	19.745897	21.962666	19.399657	13.930923	7.777177	13.319035	22.496125	19.589405	22.039177	18.514935	21.881221	21.843079	19.659741	19.073401	22.178944	18.586147	13.346158	17.207743	10.230223	15.964351	21.065542	19.780479	21.905780	16.055098	15.137747	18.275969	21.232375	22.888395	11.774635	21.457141	16.550476	18.804973	19.844353	10.196345	22.899805	15.873015	20.989560	16.916778	15.905577	17.296192	15.889649	14.708173	14.756351	18.280688	21.143670	19.860708	18.134280	22.687213	22.455382	14.406587	18.834898	12.440519	21.217779	22.058289	21.491660	18.023669	18.283815	22.164497	12.545100	15.286525	22.574533	17.083825	13.224190	21.934816	13.699686	21.806567	10.209890	21.094438	21.733020	17.488069	15.709935	11.436127	22.829887	11.691008	21.153421	18.382764	20.921942	22.632969	20.107460	22.846684	22.051924	18.818153	11.478425	22.851746	15.483708	21.925902	20.536740	19.067317	21.858829	22.077011	13.889632	22.459207	15.545607	19.652509	22.742622	21.720816	22.563446	8.877648	22.784802	12.889655	20.961346	18.948666	14.419972	22.852575	20.817460	9.708168	22.395085	8.557310
