0.000000	18.875958	18.525412	21.883722	26.500591	25.219746	23.967508	18.729082	26.443724	23.731266	20.692152	25.526982	26.069543	12.893034	20.995252	26.253438	21.189083	26.690106	19.237215	20.585342	21.513444	23.914855	17.248991	18.739409	25.371476	24.704152	11.823852	20.752621	25.534209	22.111371	14.859693	23.455009	15.198031	23.506320	25.929754	20.930269	12.969570	26.272966	25.232203	21.573789	24.315968	14.799606	26.503843	23.606357	19.156135	12.936536	18.109267	24.655068	22.281352	9.778437	26.603819	22.076262	26.316966	13.991688	26.429279	22.178247	25.218445	26.444553	23.474609	12.366121	18.554716	23.817481	23.141719	18.672608	26.166508	26.011030	25.415516	21.460518	26.142067	17.034882	13.933324	23.483668	13.047266	20.905880	26.295162	25.385977	21.307968	9.307715	23.344851	9.852755	7.012710	20.570301	26.655821	14.109652	23.265033	25.078497	26.293708	19.742329	22.623363	24.775817	12.503551	25.142991	23.884283	15.199518	22.634944	22.946740	16.586711	12.167889	25.459607	16.131005	17.465663	26.651116	26.532699	21.925464	23.854396	18.690402	26.546468	18.896615	9.528718	26.279210	14.574248	24.310143	26.576587	26.487369	26.523790	19.753349	23.112606	15.789258	22.063120	22.243112	26.564582	22.701736	26.695647	21.527529	25.870399	18.283129	22.467026	21.271783	25.972590	18.416998	26.129709	23.302495	26.290229	21.872919	22.017475	26.759280	14.702588	25.209441	22.242628	25.383600	21.511545	24.302422	25.685209	23.355166	17.637070	21.868588	20.175329	23.764588	21.961805	26.756722	26.599358	24.195503	11.827260	24.355483	23.064066	8.464917	25.716985	16.220145	13.163264	11.382433	22.070969	20.697302	24.403374	10.161496	23.902384	26.734080	26.083924	16.373661	23.703182	19.685104	25.322602	23.410425	13.022688	25.741684	11.087459	25.335158	20.970362	19.756086	12.119700	16.851876	22.089874	13.136513	26.716589	25.919538	18.022024	25.111288	25.272960	22.214635	23.543438	26.655093	25.879365	16.885345	25.876960	20.812140	8.951520	25.635813	13.980283	12.178051	17.568762	13.225947	18.868665	15.508192
16.805882	0.000000	23.201576	26.128114	26.686545	11.417936	24.212285	25.431946	19.619601	26.555462	23.449154	22.916445	15.048507	19.221114	20.206531	13.568419	22.346203	26.161119	17.657685	26.046094	17.768110	23.140034	25.985488	21.636043	21.311482	24.709126	26.357796	6.759276	25.971047	26.170155	26.721775	24.529840	24.993546	17.414060	22.605463	21.572918	20.320417	23.535916	13.253499	14.001997	21.723099	24.111523	14.673949	19.470945	25.378615	26.578072	16.775065	18.466650	12.962562	13.444117	23.020461	24.045347	22.631001	26.294978	20.770037	23.691569	12.526490	15.402833	16.287658	20.206987	25.194029	18.058342	16.476338	23.946410	9.696058	13.791870	13.584679	25.882458	15.916142	21.573782	22.944630	19.871634	16.342702	21.224356	24.267231	17.133553	15.534760	25.752176	18.508264	23.599614	25.485630	18.727874	18.067155	23.381433	19.073283	23.720202	25.257886	23.281099	22.338002	26.103854	9.050783	26.584233	24.639902	24.532464	15.008403	25.108476	10.047994	26.740140	21.175494	21.451589	18.591776	19.557583	24.568296	25.363550	11.911343	19.051204	22.980223	22.304868	17.916717	23.591961	22.603389	24.762863	22.413741	25.589846	14.750530	22.274232	20.152772	25.767055	15.036832	23.262782	24.254748	26.109410	15.558804	14.067360	24.641771	25.248407	23.914403	22.908383	25.122961	25.026808	22.464372	15.952629	25.323587	12.699150	24.994072	24.749126	19.785267	26.749795	21.859845	18.068524	23.128865	25.780037	25.053216	11.420854	22.697772	19.664617	10.619197	25.683420	24.599462	21.654003	26.031629	18.710625	24.631270	23.807767	26.444739	26.663118	24.188694	24.696894	26.365560	24.301264	19.807441	25.112940	19.278228	22.961462	23.433936	21.734133	17.771576	26.650686	18.405545	22.545805	11.224801	22.235428	19.224472	22.524152	19.935421	21.752111	24.715677	19.486113	26.229988	26.569426	26.352208	26.428232	23.743882	26.073254	11.866254	24.336952	24.584092	26.109121	23.341066	20.206748	26.063309	26.025279	23.880415	16.118044	26.274012	17.248003	24.038659	17.711549	16.124861	24.558408	23.660207	20.210814
24.865797	25.369146	0.000000	25.369334	25.741351	25.518900	17.829352	26.610995	13.957590	26.398764	24.722473	17.753196	17.665530	25.756548	17.575943	21.584346	15.759616	24.896111	20.701884	26.300115	23.847450	19.549061	26.415002	24.140963	18.140171	19.833991	23.992312	20.179639	13.595461	24.720601	23.358201	21.856703	18.627021	18.533745	11.580953	15.520619	22.630840	23.270976	16.679263	25.546130	25.885915	18.338985	12.455082	25.727316	18.881520	26.164305	25.786429	11.993085	25.460370	25.415419	23.580041	24.706585	17.676370	23.761201	16.875960	13.858688	17.814212	20.853417	15.429438	16.642916	26.279478	19.669485	25.013330	13.921649	23.251847	20.870394	23.561609	24.844871	14.889232	10.812500	25.400947	26.393263	26.753098	18.057236	24.214106	21.005460	22.440796	24.809892	17.011903	22.161533	26.305402	17.608541	22.057229	21.667548	21.356942	15.084947	23.867705	23.751701	23.102010	26.508378	24.986311	19.856241	25.925744	26.541217	26.138238	26.432298	26.697682	20.879872	26.720400	20.002181	26.727611	20.378523	22.619747	23.808315	16.916910	22.417238	22.795545	23.503231	11.294993	19.947264	21.623366	16.592418	22.715353	14.298756	12.971751	26.298635	16.373315	26.272461	23.670140	16.921567	21.075957	8.651120	23.111529	25.999932	16.708524	15.016103	22.711349	11.059312	11.874627	25.122739	23.611124	12.727139	26.521153	14.955907	22.485931	25.562281	24.196600	15.097263	20.618265	17.999921	25.317208	26.314961	9.421289	20.073094	19.259144	25.761823	24.072084	23.011032	24.356750	12.341288	15.445472	18.544736	19.664091	23.100648	13.276995	25.241198	22.917672	20.725863	14.629100	17.385735	17.757427	24.874904	26.746686	19.154773	21.402820	23.809646	24.586216	20.080773	25.704423	24.760160	10.406456	11.083001	24.543723	16.887467	23.691457	25.350549	25.530250	25.430745	17.222498	14.684854	17.005441	16.489100	26.667970	18.350084	23.864744	26.700374	22.885857	18.449951	20.679947	20.559123	24.104929	25.396911	18.969036	15.029306	22.500626	23.946462	19.064841	17.583047	24.391367	11.049259	26.141491	13.712369
22.298536	24.213711	13.238176	0.000000	23.655019	25.403208	25.837129	23.836419	26.639115	23.846794	25.182896	20.601847	24.633647	25.750872	25.252881	22.865373	25.121181	8.946183	21.675006	18.371564	24.881120	25.203344	22.048851	25.618970	20.193784	23.278025	23.615141	19.269365	24.887999	25.771006	14.989652	24.739790	17.791241	26.674909	19.640668	25.002090	23.599351	16.527507	12.079312	24.616453	12.407958	23.438432	26.749041	9.927543	23.244295	15.572011	22.821198	23.872444	23.246120	25.873675	24.023868	12.321038	24.187423	25.173662	14.529385	22.487103	26.389878	24.376113	24.349130	17.846169	21.011556	26.759648	24.801791	18.969896	22.584859	25.180737	25.150820	26.572217	24.283080	20.648946	20.020583	24.711101	22.614197	12.628215	26.374593	26.567033	23.676964	25.641785	13.180108	22.598038	25.823670	24.783055	26.481541	24.398889	15.079521	19.675696	23.990254	10.104316	24.640309	25.767405	26.116596	19.735402	14.770883	26.104551	24.662549	15.528358	13.308911	26.667619	25.121371	16.590184	25.406362	19.199958	25.178400	21.972670	18.660362	24.914215	25.306715	15.429542	24.171561	22.533107	25.946342	20.443488	23.236493	24.882404	12.491113	18.049547	26.051213	22.417703	21.139644	20.524661	26.190178	20.151104	23.036406	26.289698	20.021671	17.554359	19.458217	14.050265	21.819453	26.089956	25.263135	25.322921	16.645169	23.011710	12.820900	21.809247	16.329077	22.804927	26.411874	24.960786	20.226990	26.629845	15.519239	20.439879	12.959977	26.134034	20.750226	22.939296	19.463644	26.239070	23.080116	26.156150	17.835871	22.064717	23.542156	24.679335	10.273867	23.364251	26.686393	24.891977	19.861060	19.583988	16.454714	19.010445	19.141493	26.557491	26.148079	10.579751	13.476747	26.156725	22.847299	19.237847	20.428096	23.451154	11.878766	20.373001	22.737139	23.942359	19.441246	25.295104	21.507022	26.338680	26.632390	20.825630	26.620256	26.259370	25.656585	16.417575	21.132018	20.875415	24.872125	26.406145	23.746639	25.984098	25.516023	19.650770	25.694443	24.197305	24.862774	20.904055	26.189142	26.533363
22.885244	20.459874	14.078065	26.202329	0.000000	26.481110	25.911440	26.361686	24.305715	26.213076	21.827353	26.358669	25.603810	17.087586	21.453041	18.482609	21.180673	26.388389	25.164734	26.577332	26.269677	23.617946	12.688306	25.468457	26.224361	15.305527	24.769837	26.397531	23.704663	24.874675	16.170015	26.514310	18.685584	16.634064	25.746028	21.806537	22.862366	25.912658	25.683907	20.955606	18.542879	26.612286	12.635102	14.317340	24.307774	19.285080	21.301468	18.189451	25.740145	25.415724	20.237789	24.747338	25.205441	25.162201	26.704187	24.442908	17.094938	26.019244	24.214131	22.138134	21.170655	26.143738	19.447988	25.914995	26.332443	24.127029	25.141768	26.398176	14.235863	20.735406	26.652527	23.494477	21.852214	18.259710	20.481839	23.218320	23.341251	22.416707	22.386892	15.474730	25.827549	25.057378	17.338868	14.181630	26.216295	11.194296	24.553322	17.607376	23.621462	17.999202	23.303297	18.802731	20.531902	19.953846	21.110076	22.017305	22.463859	25.531373	19.475524	19.118993	20.321511	19.668936	23.438661	24.108202	20.962144	19.856615	15.424724	16.204623	14.494369	25.463759	26.396912	14.774540	16.748558	26.606213	23.073003	25.991345	20.094251	14.608411	25.397250	22.043180	25.731716	23.707240	18.989523	15.853068	18.505867	25.865078	23.967852	26.167939	17.671979	21.668916	24.731497	23.880735	16.633190	26.628512	22.400366	25.207339	26.570163	17.112048	22.793828	26.036381	21.722452	25.464245	13.239098	26.695586	14.891178	17.115628	8.562642	19.903938	16.224617	24.633417	26.425537	24.285297	21.643587	19.998792	13.730358	12.899074	13.498967	25.957390	20.110726	23.491266	24.496007	26.083294	26.447416	21.279202	19.799833	11.482551	19.315321	15.387789	21.039090	25.800695	25.867888	25.922474	24.816239	22.450135	26.650971	20.470267	19.072287	22.240817	17.811566	11.110197	17.176636	12.045963	25.661635	23.108621	19.847224	21.497316	22.203577	25.501961	26.131817	24.237639	19.177053	16.218334	26.290914	25.704660	20.972149	21.896469	25.371106	24.668835	25.053788	26.061474	23.488664	17.698429
23.550910	25.819697	26.519842	17.228109	18.618219	0.000000	24.875559	25.057364	23.045743	12.684194	24.274671	24.548195	23.513613	21.665332	23.883894	23.655441	24.685320	14.009329	26.718691	25.646097	23.126322	21.233646	16.536105	21.116460	24.732047	14.961646	23.336283	24.617208	24.861354	22.588094	21.452610	15.568355	17.432043	26.530761	25.484813	17.849783	23.350768	11.815373	17.460246	26.626516	18.562250	23.974243	25.601173	26.287383	23.656003	12.434729	18.474029	25.645142	18.224287	17.732326	22.439225	17.635886	22.406339	24.692110	21.026091	22.142753	20.442293	26.724905	11.057068	26.579926	17.708769	26.756846	25.297988	8.726460	24.754508	24.799940	26.513602	16.283959	20.214598	24.945062	26.753346	17.053790	11.912926	17.523479	20.212824	23.368451	11.619799	19.034227	25.745685	25.109310	26.112335	17.072991	22.131973	17.217343	19.403090	8.754800	26.274398	21.661963	21.522072	23.296098	22.312099	22.806988	26.728211	10.434357	25.060004	12.827908	25.741901	26.342831	17.687628	21.038470	25.426680	25.662478	23.008584	18.689769	26.261021	22.735670	23.175811	24.010567	25.328167	22.918327	17.377090	17.126782	25.905649	26.233088	11.677131	25.257974	24.058574	24.617351	22.043032	14.882248	25.273208	19.811722	23.754661	19.385325	22.355687	26.669508	24.345461	24.845493	19.816347	25.819400	23.419602	12.287157	17.044651	25.751680	20.340424	22.878823	22.652480	24.855358	25.041161	17.373640	25.160260	24.282984	19.991959	25.301033	19.976335	24.881924	12.243189	13.604404	21.661976	26.426132	17.249565	25.646218	21.289772	16.901304	25.381353	16.852469	22.879033	20.740845	26.427187	11.870423	24.267915	22.742152	21.677946	24.109233	24.015811	15.181618	26.412039	7.092435	15.951315	22.390291	24.062263	25.946022	25.322976	15.293946	22.017421	25.118409	12.173794	25.983977	22.921100	18.196201	19.578328	26.186309	22.190122	22.307244	25.328200	24.306668	15.441350	18.913966	26.316271	22.507507	18.542319	26.690763	21.951361	21.012321	26.143738	26.404599	26.354032	25.080251	16.941153	26.104084	23.703157	24.743554
25.856210	17.951153	26.484368	19.758337	22.302715	23.444773	0.000000	16.842806	22.045315	23.913531	18.531247	18.426532	26.424881	26.393828	24.085962	26.100421	12.711007	26.671809	21.406955	19.950298	14.920573	18.643201	13.385214	20.665317	13.796089	22.495050	22.495202	20.359589	25.012163	25.435172	19.898996	14.213920	20.032715	13.665140	26.286781	10.829974	25.152444	24.480869	16.734007	25.112212	23.264714	26.594921	14.233806	21.424138	26.754663	26.464990	20.014145	23.703794	19.740341	25.189389	18.343752	26.595807	18.685964	15.930067	26.219523	17.285827	20.100098	13.237214	19.784862	20.754946	26.254220	15.370895	26.341438	26.187104	26.453532	19.601495	21.399342	20.966483	25.565135	25.097663	25.392059	11.307520	19.701329	24.475580	24.153944	23.212498	13.811586	22.749050	24.491720	26.546801	22.177584	21.996154	26.559485	22.309886	26.590986	25.423361	23.175478	21.799677	16.875325	21.645547	25.189712	24.236927	25.715841	10.198249	20.880369	25.051096	25.350369	7.604268	24.985231	7.336819	24.047151	24.451647	15.201372	24.081344	25.803434	18.931454	11.042289	25.953183	22.060140	21.873048	24.565356	26.750971	16.396241	26.636439	26.062445	9.495280	24.650930	26.155633	25.910093	17.152439	23.000311	20.643330	20.657374	26.703805	25.606080	11.337126	16.069084	26.088639	21.457154	24.544022	19.974578	25.885784	9.097798	25.896763	17.624009	14.196099	26.336366	23.187568	24.897604	24.509272	21.965426	24.492330	21.912451	23.925691	17.340388	19.539149	25.917315	8.830624	18.911632	25.218981	23.413045	25.461650	26.079950	25.139150	18.490851	9.054895	17.515384	26.023483	13.832196	22.340174	7.737267	26.104545	17.914275	23.147498	16.644634	22.712275	25.084832	24.753671	17.443310	23.660517	10.938004	19.442301	20.942709	19.247841	23.819454	26.700492	22.030116	20.339321	19.484252	13.171110	12.110904	22.298087	21.984765	25.472900	24.227865	19.231852	26.646094	23.743386	23.066763	26.617229	26.405969	23.099914	25.453211	26.274340	21.666420	26.223999	26.699607	26.231470	17.389688	20.682034	17.382368	26.609825
6.615284	10.441582	9.948143	24.511490	24.407289	18.994048	20.237107	0.000000	9.345187	26.654045	22.980700	23.600764	24.751674	24.364682	26.656916	26.003473	26.433738	19.090065	24.707045	26.035910	22.590298	23.401489	20.456631	25.542246	24.702554	25.168001	14.932188	21.954590	18.548662	23.257380	21.808854	19.401589	22.339448	24.555208	22.343954	22.994861	13.589150	11.201561	10.315195	19.032013	26.216408	14.908323	21.222216	12.913613	16.256539	23.528813	17.260079	21.758920	15.545343	25.292005	25.847489	22.724190	25.424993	18.450110	25.916336	26.697443	25.761586	26.344865	21.735747	22.685074	26.633723	18.396550	21.963961	12.642263	25.395692	22.535783	25.200164	20.974217	18.959111	23.649669	20.691700	21.971639	22.839925	16.715911	26.047992	21.823949	21.088245	19.803208	26.125880	26.706105	23.489757	14.988584	25.479982	19.557639	22.745953	25.516431	17.536435	26.102658	24.152156	12.410265	24.406782	21.855683	11.264850	23.360449	25.799222	24.790231	25.661522	7.979362	18.785975	25.288168	24.987101	25.814391	22.910338	19.895374	19.703812	25.649031	24.122044	26.701388	24.017793	25.176545	26.744216	25.406616	22.645636	26.231442	26.246758	24.706203	20.982324	25.460745	11.105926	8.002713	13.950128	24.721847	24.198320	26.759584	23.226439	16.809498	23.620565	26.454699	22.878915	23.487990	21.068033	26.665238	26.496494	25.373658	25.946184	23.829012	19.189052	18.792923	22.088107	21.675341	23.745369	22.949398	26.756545	25.772922	25.838636	17.826733	26.609243	22.011447	18.855076	16.676875	25.434891	20.144880	26.412710	18.180425	19.640559	16.769238	26.725461	25.314709	25.987093	26.628432	16.502957	14.990983	26.334768	23.802099	26.372871	18.548404	24.115144	16.368318	26.573872	24.467365	19.646545	23.891765	16.198304	20.155617	26.226907	17.346224	11.155418	26.712713	25.303757	24.949248	14.948509	20.584622	25.290187	26.386610	11.878372	18.180581	23.085238	24.014577	24.030049	12.649381	25.814755	22.939770	12.234279	26.137646	26.248927	26.450866	19.800043	26.649247	26.113649	25.305975	17.904074	24.563702
24.421427	15.843554	19.627399	16.316823	24.065101	16.757172	20.341328	26.690188	0.000000	19.793972	22.275315	19.838408	21.535504	17.879971	20.157353	26.145646	22.017994	25.050184	22.139608	24.363236	26.654459	25.360742	16.205518	14.161979	17.889986	21.482429	17.276061	25.125945	12.161076	13.802093	25.418482	19.924747	17.708201	8.241255	15.647364	22.023680	24.715018	26.340325	14.769533	18.108537	26.651576	22.091556	22.314015	20.469883	25.532251	24.460973	26.535686	25.145403	23.136413	26.427947	23.174321	21.575907	21.971486	25.474449	24.360160	20.046644	24.624566	21.012589	26.062105	26.600321	26.180531	18.078910	10.607634	22.013195	21.719190	26.187422	20.793158	18.436256	26.527549	15.646201	26.758401	25.373934	21.840585	14.858167	12.675059	20.633436	26.244487	14.875428	26.658525	23.537335	25.866095	26.346650	17.234786	25.851584	25.340726	25.974364	19.789201	19.264035	26.752438	18.096600	23.928011	20.524133	7.899151	14.132389	11.452090	23.861826	22.898575	19.436582	15.305706	12.740196	22.866359	25.338745	24.394121	26.212113	21.562496	20.343952	19.393796	9.875819	22.767582	25.829166	23.304860	25.900376	26.351491	17.320300	25.886155	10.770197	20.672830	19.669298	9.002085	22.146091	25.501386	22.941854	10.685692	25.935849	14.989776	25.378934	25.147462	18.181680	21.872333	22.102731	20.435618	24.355712	26.358945	12.639756	17.500008	25.504822	25.889385	25.224679	26.681048	11.207136	21.927335	23.764529	24.703198	25.146997	26.311972	24.436115	26.513483	25.939119	8.444555	24.175069	17.935820	23.505332	23.685439	25.327125	17.742203	23.609916	22.385079	19.644005	23.089969	25.749577	20.732157	23.036601	19.426794	17.111042	24.998593	25.730765	25.409403	19.349096	26.724504	14.887191	18.910120	22.754877	14.145118	26.076626	15.452829	24.426132	19.046148	24.825625	17.184595	16.409612	20.731605	12.886908	14.639561	25.141225	15.363857	8.040897	26.603090	26.268169	26.698842	25.291369	25.990378	19.592625	26.665235	24.774102	10.435546	22.986539	23.799692	22.481752	18.258994	15.492606	24.042985	25.105553
15.981292	25.235982	26.413162	26.186699	13.772445	23.738168	22.227598	24.482416	23.934295	0.000000	15.251698	23.851979	22.714996	23.517757	24.665821	21.825532	15.917362	15.847678	24.051341	25.910946	25.755728	11.859251	23.604947	24.254075	24.433893	21.257013	18.746404	25.353115	13.805372	26.004890	23.924921	23.768775	24.736489	16.034652	13.901843	17.168808	19.704430	21.503983	18.541036	13.536890	20.394042	11.841394	24.278740	23.916949	21.825531	23.835959	24.863916	26.569348	17.997683	26.367300	20.161640	15.844814	18.636996	19.558539	21.329911	16.407405	19.712075	18.361989	16.695432	17.059465	11.808341	26.584268	22.133996	24.230917	26.700272	26.496629	23.253139	23.960231	19.950415	26.121288	13.455340	17.798062	18.305410	13.156560	20.987143	19.249602	18.239859	15.194789	13.512292	22.096622	21.465499	21.809299	19.667593	19.860775	26.108379	25.392727	21.723222	23.764247	16.781133	24.548969	25.329834	15.558486	23.163018	14.152505	21.746567	20.908749	24.977825	10.689095	26.354477	15.396292	13.865211	24.771200	23.618975	23.499175	23.496236	15.706589	26.221001	24.621675	17.888703	15.493628	26.439725	13.965593	26.593112	21.658779	11.151285	19.719004	24.866377	26.399550	22.035825	23.961499	12.595371	21.068870	20.898076	22.116876	26.427682	23.646574	24.024977	18.960245	26.063714	12.991702	21.821492	24.126563	23.696435	16.636609	23.629068	19.411882	22.272551	24.637250	20.778399	21.930892	23.695641	18.497764	20.120031	20.039154	20.365640	25.518607	9.574777	21.029699	26.479648	23.887728	18.666036	20.546222	12.708355	21.965848	26.656109	24.443197	12.729169	25.256726	25.712653	17.149087	22.454081	26.732230	17.401734	14.089392	17.353545	24.380975	19.285508	25.328330	19.476254	26.512683	15.083132	26.605353	26.053500	20.599791	22.773394	22.606373	26.675572	18.119383	14.295891	19.929338	24.336367	23.902540	15.964968	20.481865	22.345308	9.984405	23.338587	22.934475	8.183715	24.703357	13.428533	26.478060	15.221426	24.640963	19.189006	24.156622	26.332952	24.832759	9.286158	25.842855	22.083422	26.753012
23.565219	15.101996	9.183342	22.653136	21.763100	25.425284	26.456963	20.939990	24.883235	22.609933	0.000000	19.330308	19.011648	19.331444	26.714559	26.014980	22.513252	24.681244	21.002377	26.001564	14.354984	17.837074	26.162318	20.252871	26.158525	18.115980	12.325535	25.030854	20.991925	12.704183	18.907793	9.158806	26.393136	26.524818	26.197193	15.823621	25.226501	26.525600	26.321140	25.274402	21.293639	26.309178	26.012403	21.539950	18.874299	20.510083	17.298583	25.770031	25.996793	16.282298	24.680221	22.791714	26.733632	26.299560	24.948829	22.542144	19.158073	16.679664	23.746623	26.132271	20.027472	16.340757	26.014218	21.647505	23.945704	17.508506	20.933724	26.510191	17.597971	24.115547	25.430908	26.090300	17.092980	26.452340	26.419295	20.693146	24.401273	26.117715	26.655613	21.100847	15.220682	26.409491	19.137580	13.006639	17.787230	25.336071	24.829116	26.153316	26.020680	24.008635	25.191542	25.910344	20.534076	24.106588	24.437739	15.224304	22.271635	26.279098	26.110280	23.125749	26.171054	26.754094	15.402106	22.896449	26.432749	25.810188	17.089260	18.900432	15.445959	23.969120	26.711361	26.069400	12.173701	25.901602	25.542622	25.987824	17.281861	17.124877	21.009964	24.953437	21.349483	9.962003	17.900921	26.174927	21.774990	19.297119	21.791320	26.227731	20.084915	19.528175	17.460721	26.428612	25.508815	25.423761	25.143772	23.117416	20.593360	18.856926	24.920331	26.490429	25.962526	26.423507	17.703685	24.658854	26.465902	15.700881	13.384500	18.853983	26.314087	22.536073	24.108094	11.799800	20.261937	17.922299	24.866958	21.264558	25.750412	25.864734	26.536689	20.273813	22.601204	21.199834	26.098017	21.000054	25.034289	17.229075	25.405726	11.895413	12.245957	23.320945	25.867437	24.706335	17.431233	17.512844	24.479059	25.762676	10.383002	19.911327	23.514886	22.420525	20.889975	9.469408	10.623019	18.525604	26.638120	26.667900	22.022066	22.576975	17.995752	18.441113	24.599923	25.952904	26.066442	18.159964	15.485309	24.949428	25.136767	25.794389	24.004544	22.852003	22.425875	26.281471
22.427663	19.360652	24.145380	25.527535	26.439101	18.793902	26.583786	24.664729	14.186188	26.184885	14.595736	0.000000	22.998938	23.739215	11.991171	22.182676	26.376460	16.287206	21.084044	25.692467	10.105226	23.247676	18.397640	17.481868	12.710870	25.667746	24.858467	19.467773	25.594315	26.748265	24.577431	19.197222	26.744618	20.642150	10.952911	26.628456	18.507712	17.201474	18.954132	22.743452	15.217490	8.180903	25.244486	25.862901	25.408060	26.328208	25.525208	16.218012	14.346326	25.355066	26.372644	14.653029	24.398794	20.762164	25.688314	23.384401	24.803767	22.555170	14.573377	24.377942	8.664934	21.708848	18.580041	12.613849	20.992316	24.049537	26.724362	25.289272	21.039634	14.116201	22.338502	23.855820	13.656357	24.291981	25.770643	23.303510	24.773998	20.264709	23.511572	23.299740	21.397875	24.942572	21.646293	23.630050	18.774770	18.389476	21.440594	21.988524	23.026143	20.959342	22.570695	26.178138	18.502493	25.921844	23.123331	22.855355	20.137709	25.077013	20.268175	24.173560	25.726904	23.063660	9.680634	26.269407	23.744211	15.471350	25.863652	25.121592	22.196676	18.276151	26.646099	22.037507	22.848730	22.178283	24.932164	23.953955	24.443170	13.372631	25.314053	26.720382	24.988054	12.767495	19.677729	24.063892	26.654788	26.231930	24.972254	23.281904	15.174787	21.697982	24.452126	25.147646	22.250732	23.904602	26.180949	25.102052	12.183052	22.118936	22.918697	20.041668	17.938200	24.479437	24.673825	21.925180	17.794646	22.102013	21.147660	14.385359	15.352786	20.092640	19.879232	14.498917	25.841722	26.419850	23.023154	25.289122	19.003685	20.235854	23.536304	25.738137	24.892395	25.391867	23.693897	26.730731	20.291715	21.289900	26.692664	15.443160	23.707040	25.750070	12.695819	21.996843	19.750359	22.215939	21.762090	20.751983	17.723089	17.567933	18.571968	25.972356	23.772387	15.052656	16.425351	16.496290	25.877527	24.428964	24.478463	22.332939	26.730867	26.448853	17.217540	26.660970	25.758641	24.545347	26.439506	19.983078	22.507013	10.926758	26.669938	26.665679	16.345390	11.181245
24.257971	22.541586	21.105011	19.191645	18.221328	14.949880	12.887992	20.088860	16.468404	18.240898	26.720704	14.159508	0.000000	20.649840	26.565858	15.339270	26.429118	9.925467	16.273726	18.952559	25.300953	21.780796	21.581751	26.696289	26.554274	25.403090	17.381215	18.022047	20.303712	25.616079	25.502430	23.122819	11.311317	20.143732	22.291654	6.350064	25.135696	26.758269	26.655887	24.779491	26.096241	14.874556	19.794560	12.849643	18.752844	24.998053	21.215406	25.254409	19.635404	16.772016	23.770412	16.067696	17.900031	25.415551	23.390073	11.300305	21.760018	22.722463	25.732332	23.891032	24.724363	22.114670	24.952717	20.064642	24.875579	22.931944	22.200171	26.655538	26.037404	26.691821	8.709832	20.142887	26.382968	26.372082	23.976204	26.726040	26.578403	24.206635	26.540027	19.962604	23.134137	17.357111	14.050837	23.624510	22.796776	18.545990	24.841993	19.969024	19.611137	26.064535	19.967999	18.714739	18.783331	26.212209	11.888034	18.877439	23.541687	25.430514	21.987620	17.213308	18.180452	15.674608	22.209296	19.994739	17.090852	17.955685	10.189685	20.121918	21.723502	26.367366	23.158325	26.218209	24.719177	25.014324	23.414960	22.220353	26.644276	22.360773	24.065114	18.704329	24.142182	19.071716	19.363379	17.862130	26.474638	25.507674	10.577437	23.326828	11.981329	13.683949	21.584456	20.685795	19.663000	24.236999	26.223861	24.794621	23.413631	19.585231	15.370813	13.117775	26.615844	14.696549	26.398079	20.627512	19.887790	26.015155	20.722137	17.631451	26.710654	19.180559	12.387664	13.907873	13.153756	13.257103	19.261703	23.457848	24.465025	26.753200	21.924261	19.578972	15.553533	19.597591	17.613224	19.930806	24.350195	24.946094	15.712366	24.831593	25.677518	25.116086	26.225191	8.378838	24.137886	26.665211	11.197671	26.458770	15.627456	26.182850	26.531089	21.877216	21.149744	25.695481	22.939850	24.898642	23.902587	25.564072	24.952048	24.894882	15.278671	19.042411	20.001401	20.635037	26.718299	22.520153	20.925683	10.358800	13.074605	25.883894	26.698294	25.924543	26.673552	11.245572
24.412977	23.169715	24.511259	24.489450	25.029083	21.618315	23.251548	7.658947	25.430230	25.838464	25.493000	20.736634	15.283689	0.000000	24.360350	17.903952	26.691810	17.158390	24.951172	23.898864	21.595779	25.926266	26.387981	25.884856	22.351137	16.579945	24.797833	25.904152	14.609113	24.553718	24.184292	15.952372	22.381513	25.400381	26.609673	22.057077	26.565745	23.586923	10.171985	25.212210	19.249652	19.753663	20.595042	26.561769	6.725302	22.023000	15.975099	24.745049	26.022389	26.742350	21.449829	21.496934	13.845417	23.902705	26.323073	22.475101	25.899498	23.900990	21.729412	11.565804	14.918221	26.309559	13.461778	21.928474	21.416473	16.198767	22.936641	20.200707	25.570589	19.574649	25.607785	14.763652	26.049760	15.333226	21.436552	25.948825	26.188544	25.127609	21.433115	13.790933	15.499571	17.472808	26.256889	22.055293	25.418868	18.849252	26.183542	10.506038	26.699353	21.806086	26.084940	25.841622	25.971168	14.440101	17.007381	16.927482	19.989846	24.109110	18.265873	25.823846	19.642334	23.474704	18.640214	22.800975	20.597862	19.608747	9.785235	15.536952	19.540116	22.741056	24.879601	25.397280	24.973159	22.192653	18.394938	26.259815	23.580364	12.420824	26.045942	19.316874	22.509298	22.725259	25.842772	24.429122	26.495146	24.518900	22.082057	17.993437	19.134212	12.154033	25.552738	24.404992	17.790482	25.126268	19.013363	19.250924	17.719335	12.788708	25.472092	24.021663	26.177971	17.463429	19.697324	24.610698	22.583798	23.433155	26.360451	15.786241	18.366331	12.293778	20.453818	25.240691	26.454281	26.681576	21.383851	25.753947	25.776630	21.882747	26.559509	26.166521	24.305498	25.881931	20.309067	25.123345	22.713806	26.327279	26.755732	26.731174	26.485265	25.345776	14.209192	17.306386	22.311716	14.878431	26.220934	25.789339	21.455718	24.829264	18.605549	25.784992	24.020749	20.600422	26.127297	18.850654	9.431510	26.050993	26.510920	23.058946	16.847181	22.356881	25.822443	25.079195	12.347080	25.759296	24.339406	19.869129	16.112786	22.755913	19.606685	25.957529	19.655873	25.382333
24.059892	22.690786	26.734439	26.635397	25.473969	14.838747	26.452995	26.556599	18.628152	22.915290	15.509189	19.644559	26.245051	19.409495	0.000000	23.773768	8.895496	25.575360	17.906674	22.474773	16.303500	25.963385	20.462310	17.096464	21.081748	22.678000	14.033339	12.986485	19.432151	25.980763	26.756558	24.263468	18.082652	25.235938	24.008907	26.678145	14.403288	15.122030	12.518787	20.955530	24.480922	26.550467	26.427318	25.797727	24.697077	25.180801	21.973113	11.816670	26.265896	17.380904	22.895320	22.255962	22.073898	20.402408	26.116055	24.870569	20.700691	13.567642	19.516598	25.698060	23.634196	19.494207	24.076497	26.099093	26.636583	12.891243	15.405301	18.351214	16.434306	24.045519	17.144588	25.525210	23.418830	20.619383	10.902391	18.138593	22.030244	25.664182	22.501858	25.608142	20.387193	26.235788	20.037649	20.477143	26.322603	20.393260	21.102521	22.695001	25.805964	22.326041	24.397626	14.680011	26.657505	22.948155	26.322960	21.932966	24.700477	22.419609	23.771374	26.379667	22.617267	26.412436	25.821859	22.019492	25.615088	22.618310	23.917127	25.381959	25.175364	17.148010	25.207464	17.687774	19.685967	21.256275	18.540815	17.009750	22.361775	19.806132	25.338841	18.470195	16.487777	24.532924	16.018719	13.526306	22.987914	26.644877	26.697146	19.379188	16.284886	12.281623	21.350172	18.836040	18.114727	11.791067	23.741710	22.850931	22.522430	25.453952	26.571696	18.751472	25.425598	26.465223	22.357214	15.886783	12.038858	23.643754	10.110630	25.129333	25.552182	14.114790	26.705277	24.718892	22.823209	23.715614	23.150359	26.488671	23.354910	22.762299	18.092382	25.514201	22.460088	21.180578	21.626605	10.556171	26.695797	24.846530	19.430105	26.311582	12.691571	24.160490	14.275821	26.212813	22.934088	21.284742	25.920965	25.189861	26.145242	20.450198	18.426802	12.426761	26.387744	10.347723	13.655803	17.607240	25.184126	25.427551	24.896721	26.648062	22.972314	20.291848	26.429700	26.115648	13.839186	23.946761	13.730404	26.458123	12.091237	26.619295	21.115849	26.554454	17.620866	16.691774
26.625938	25.799600	26.508163	19.976054	26.584508	22.694756	17.273223	24.835192	26.607947	26.416014	26.087836	17.126203	26.256325	24.977987	19.411856	0.000000	26.520752	24.301033	23.469228	23.972026	20.382671	26.034338	16.288838	22.905336	19.332618	23.035069	11.023850	21.886603	25.801060	25.642846	10.656762	23.946458	26.720109	16.409457	19.172434	19.591024	20.961631	17.556139	21.023223	23.683187	26.454729	26.131642	25.081380	23.594818	15.131347	25.251057	21.910341	26.356602	17.515476	24.152102	22.150047	21.398033	22.071730	10.694084	26.232323	17.757980	25.935673	15.598278	19.048708	25.807567	26.486900	10.147076	24.645172	12.502034	10.625914	11.089622	23.900612	20.192872	25.769115	15.650968	26.664257	22.317742	21.349918	19.264423	14.502263	23.743978	17.015172	24.308200	26.020011	24.140326	18.074653	25.082844	18.100661	20.493673	17.180029	24.696770	19.567929	23.488512	14.431407	21.731472	11.920021	20.817499	23.655640	23.797459	21.271347	18.693069	22.308664	10.403435	26.717831	18.167897	24.118402	22.435744	14.058153	21.461274	25.830256	24.491016	23.278218	26.700328	18.073264	24.085371	19.133223	23.684211	23.679147	18.860659	20.973557	17.774029	21.622468	21.599176	20.944448	12.600626	25.285720	16.177244	26.482832	18.496696	18.373026	24.251644	24.235853	10.964437	25.240241	14.322789	25.502923	23.101168	23.193600	14.910502	25.433613	20.916545	26.040253	25.452570	10.331272	25.573253	16.039677	23.816875	11.268602	14.998553	24.512370	24.872147	26.642652	26.412254	20.726164	24.616610	21.646518	23.577917	24.004096	19.252077	21.183892	21.768412	26.489749	26.411536	22.280737	21.154614	26.709221	17.770983	20.714410	25.018298	26.704447	15.416681	24.260325	17.743531	26.274052	13.285000	25.862930	11.028546	22.312703	20.943605	23.951362	13.366967	16.626904	25.002318	18.621044	23.837578	26.555993	24.847966	24.810176	24.236033	11.873723	20.571498	13.193698	20.953565	26.410144	20.858404	14.468206	18.021012	22.454353	19.293882	26.562983	26.292054	26.172948	26.334436	25.731246	26.316188	20.084559	21.476768
25.719285	25.717647	16.371402	20.709095	24.237606	26.115206	19.882032	25.827537	24.698828	22.212886	14.049225	18.943854	25.808076	24.639015	21.452772	23.169531	0.000000	26.506583	24.295127	13.707866	24.570364	25.041563	26.531493	26.272292	25.195700	23.528676	18.599179	26.048993	25.775396	23.528908	23.002733	24.870719	22.628628	26.318510	22.062085	20.602671	16.444561	18.157018	13.597427	26.530363	23.111726	19.495347	17.658859	13.881872	9.935046	25.350112	13.877886	15.660308	26.069166	22.833519	23.649410	25.643171	26.590646	25.069897	23.640572	24.571440	24.005856	15.394238	14.159011	25.383974	24.588362	23.204232	14.395138	20.575725	26.473266	8.122102	6.499809	22.688971	19.177321	26.758560	25.162628	14.973306	25.807658	13.732473	20.826403	24.027259	26.206329	17.116288	26.741347	23.772987	22.596071	24.129676	23.590645	16.603344	14.186700	18.252641	22.060763	18.795900	26.293704	26.426035	17.463976	17.072452	26.147268	12.584575	21.456718	19.557278	21.336192	18.923049	22.467122	18.796121	26.075077	23.283106	24.162883	11.048305	21.525041	20.519104	20.680537	25.288265	14.657857	7.276021	20.777845	11.866087	21.338093	26.339143	19.386211	24.276982	24.746014	24.594419	26.729468	23.060195	24.929739	24.643332	23.556689	15.451326	23.968962	18.894558	25.201243	16.556538	26.383220	20.142531	22.561569	14.311873	6.940540	26.681892	26.752424	16.470388	25.886089	24.535976	24.188797	25.905711	11.777800	25.724542	25.413264	17.236193	22.797813	17.820733	23.489293	21.639356	18.703609	21.161670	18.731785	26.109855	23.183825	17.210163	24.221527	26.659808	8.945535	24.417690	22.286222	15.922902	22.755204	23.536520	16.025312	25.102627	21.652780	20.107040	21.606710	21.971434	14.315574	21.508993	18.681718	25.187845	23.142847	24.742148	23.429762	26.475520	21.179423	12.461635	15.973712	21.616836	20.873183	26.138281	15.744689	15.507754	23.934330	18.137444	13.418112	7.187240	12.772243	18.540190	17.048536	8.180637	26.264114	26.689369	15.785774	24.440282	25.158097	13.569252	14.650140	26.573224	19.880013	23.136369
18.368007	12.864077	23.161713	21.829027	15.480439	24.647650	5.956377	24.655928	26.190146	26.172423	24.408205	8.681003	23.649336	19.178908	25.029566	19.660452	26.401593	0.000000	21.647298	19.500486	23.541952	17.750882	25.887714	26.759414	25.873213	24.575925	20.869341	24.831202	26.449417	25.222035	26.557899	20.844544	26.582836	21.161058	26.430254	8.284120	21.398344	25.412332	16.022458	11.088534	25.134118	24.312019	20.394512	17.576613	24.069786	23.100782	26.600814	19.597400	25.189344	23.749929	25.623282	24.215177	19.257170	16.071445	17.629542	17.611300	21.277564	24.554996	26.090529	25.336138	25.296542	14.455637	25.049501	26.723782	25.042748	25.879230	25.458957	25.319342	26.300841	24.414349	20.551882	18.728767	6.492633	25.339385	20.835314	21.941716	15.537534	25.512865	20.543014	25.395856	22.540725	23.015337	17.603185	11.213090	26.486635	22.972991	22.093669	22.795322	25.470555	10.511037	21.591703	24.384575	22.701792	25.925856	26.501556	17.504954	25.980667	7.858906	15.954774	25.624762	15.456246	25.936926	21.073845	19.819767	17.722809	22.260654	19.742559	26.249923	22.170749	13.916941	25.029529	19.492962	24.923953	24.828978	26.650653	14.464812	15.435030	25.342687	20.026582	20.463914	9.956920	24.035673	17.003340	25.780179	18.790035	25.593036	25.512979	22.109710	7.436590	26.433747	26.644041	7.035215	23.922102	24.663602	25.938643	19.195958	16.926445	23.898531	18.627062	23.276485	19.899009	23.452523	26.090425	24.966226	19.406487	21.644408	18.997363	20.254528	11.426184	24.938769	22.794153	22.523772	25.679279	17.560411	19.808169	21.622477	10.793959	23.651933	26.096719	22.757840	25.926840	22.844311	26.572762	20.457821	24.800326	17.460049	21.009434	14.336469	24.483144	20.722237	25.734504	22.976728	22.603494	19.100505	21.879446	25.615108	16.014151	25.889561	21.582712	24.892895	24.325614	23.586479	22.997426	26.367772	25.518641	25.138205	15.056619	26.116791	26.355882	20.610179	24.390749	25.269233	20.085027	25.174823	20.470352	8.173331	24.818873	16.447738	20.941892	22.338109	24.957024	15.647473
26.349963	24.738295	14.179938	17.915654	23.802307	12.318749	22.346124	26.235897	26.126487	26.131988	25.025325	10.421224	15.069453	26.247887	19.897004	23.833740	25.454740	17.785111	0.000000	23.147826	18.204816	24.118424	26.093797	26.746458	20.731931	26.663305	23.108611	26.587737	12.021525	14.494653	23.101390	24.855426	22.035622	13.533077	20.715904	25.837085	23.129804	25.775779	17.753082	14.307126	24.617636	24.636879	25.515615	19.649056	21.419166	25.175589	13.513831	17.830896	16.243465	19.788265	24.391616	23.393006	26.464490	26.040112	23.220716	22.357637	22.375244	20.872334	18.064061	24.478534	19.315970	26.297179	22.757188	26.450842	23.261738	25.192444	24.928166	25.872043	26.181958	16.870269	26.739736	21.446669	21.291208	20.530352	11.998103	23.430743	23.834952	20.037397	20.457368	25.433253	24.193248	26.078314	23.501489	19.194779	24.678631	13.480618	24.928895	16.478014	20.443054	24.260550	26.014080	26.454128	24.958095	26.061059	25.553043	26.118425	25.960714	20.357111	25.992558	26.741448	19.833789	24.858981	22.627376	24.044777	26.115521	26.021893	24.256480	22.756120	26.580063	21.733364	15.677948	26.703592	24.964739	26.309425	25.066141	25.612895	20.577848	13.675443	8.291948	12.564473	7.228291	23.069528	25.083568	23.893026	21.192884	23.874638	17.773364	19.867536	19.480006	15.123280	9.378962	25.226281	25.980491	21.796844	25.639156	16.937434	25.961599	20.201363	19.600774	17.609449	26.669771	22.161340	19.855030	14.865862	18.761642	25.516299	21.968099	25.876229	15.435102	23.273802	25.918415	14.423403	15.885437	17.755092	22.595316	14.037046	26.536716	20.444416	24.553434	26.459561	22.663453	23.927544	17.977035	22.560031	25.841909	24.652954	21.241251	21.465479	11.621046	18.328270	26.100246	25.748981	24.229221	25.070506	16.430456	23.725765	24.810381	17.929349	15.801884	21.854946	24.646652	25.701402	24.080127	17.575514	19.649267	22.212505	24.396781	25.758515	23.755851	25.892171	25.291358	25.034571	11.675221	20.729637	19.631646	21.801038	19.482330	17.543360	23.938614	22.902899	22.781683	20.555568
26.672002	19.230495	19.517336	24.758516	22.385601	10.152706	19.109329	21.229399	25.656584	23.741250	10.808640	26.420559	21.335675	26.107912	14.849769	22.578385	22.811410	22.999509	25.188561	0.000000	15.083670	25.232595	15.054791	26.739554	19.144413	19.861228	22.140741	17.236220	25.114588	25.363872	25.350773	6.181217	12.186217	26.049435	16.227762	23.773314	14.646296	18.473617	24.696845	19.828033	26.367837	11.916781	26.665732	15.382888	16.401713	24.619284	22.996878	21.564453	22.016524	10.908520	24.903232	21.917403	26.165773	12.051595	25.378007	18.515044	20.461196	25.355128	21.980502	22.455849	8.759280	25.628431	26.599582	17.171820	23.396023	24.623840	11.305192	21.006669	25.732547	19.147345	17.931006	26.570762	17.586323	25.764181	26.625114	24.509055	22.598382	16.399744	14.233160	15.083208	23.612088	20.874280	26.362903	25.050931	23.315679	8.961995	25.236351	18.167151	9.474207	25.456006	21.389979	24.425478	20.745251	26.042397	24.875510	24.021174	22.476377	16.861036	25.329566	16.315904	26.146105	14.065347	26.336154	23.101246	12.808827	17.948940	25.491024	18.554833	24.239588	26.325086	20.800366	22.819703	24.209424	22.817337	20.425471	23.681714	25.285249	19.929249	18.062286	20.854064	26.238785	23.846717	20.091610	25.299847	13.313263	13.540728	14.096700	21.761002	23.197800	24.834691	24.465597	21.812178	17.748663	26.186038	17.191172	26.323496	23.577704	20.112493	20.816684	25.705107	11.524304	16.244801	21.766815	19.967860	25.928031	23.007168	22.726309	26.150330	26.162529	16.413820	24.350150	26.111733	10.341418	26.668578	14.668595	25.758968	17.951998	19.258768	9.074659	23.462188	22.380969	25.636770	22.037283	25.860346	17.231502	16.561892	20.901474	17.229012	24.983997	26.286329	15.937203	25.309102	26.479816	21.078077	12.018144	25.600481	13.309857	21.066486	12.313461	25.712307	22.980405	26.626790	10.163263	24.282325	18.733409	26.286431	24.289999	23.199046	12.238714	24.647294	16.746472	8.648957	13.811973	18.102756	24.847091	22.754072	23.845549	14.771052	19.114610	20.144952	26.127728	26.415748
23.309873	25.074326	12.971098	23.423844	20.566628	21.268614	22.774057	26.553178	20.265811	13.985690	24.183885	24.177871	26.475500	25.168250	25.225077	15.530779	24.019101	24.502649	18.404700	25.504684	0.000000	25.343414	10.043495	20.124471	21.453905	16.987317	11.742928	25.030359	25.366572	26.508576	20.766754	26.677696	13.323850	20.569300	16.682778	25.879481	24.094150	23.374535	24.307726	25.585022	16.885535	18.480439	26.317363	17.855171	18.214256	20.712619	25.140864	24.908669	24.522987	15.711693	10.473747	26.123464	18.217120	25.289727	24.444395	26.318984	20.953761	17.611685	12.688798	13.403930	24.735090	25.505209	24.216043	23.292728	26.474309	18.651429	18.773493	25.765050	21.995994	18.873352	15.310905	23.892907	24.335050	17.282009	25.112332	24.024821	25.296035	14.967175	22.488884	24.453789	23.007710	21.317115	18.312411	25.506062	22.962393	19.251377	17.301462	25.351286	26.662990	26.356033	23.143911	23.641817	26.099240	20.580586	19.879130	18.310286	25.916806	20.587790	25.738655	22.526054	25.221673	22.846544	14.596256	18.988060	24.838524	21.284686	25.387613	18.140744	21.867977	20.468270	26.717479	25.948899	23.765872	25.536258	21.509863	26.420395	26.613272	26.251568	25.466676	25.950227	23.256895	26.328159	23.597304	21.614577	22.748554	16.347541	25.445666	8.812131	26.655117	22.329884	20.163240	25.080200	13.610264	15.002362	23.392652	19.544869	25.344643	21.122412	23.786014	26.321254	26.311530	21.370963	17.308508	23.116186	24.966781	25.356027	26.427766	26.175019	22.652274	26.085131	23.425956	19.999007	11.726349	13.178669	14.879925	21.576370	22.255159	20.027066	26.750771	22.939296	23.958588	18.574509	15.064561	12.326739	13.053709	24.381134	6.052240	21.006592	26.241917	23.849739	13.153288	25.697830	18.437517	15.376972	24.226491	8.768284	24.365693	17.363286	25.969400	23.125880	25.084810	17.272522	20.749396	20.105894	25.704478	22.146557	26.495203	9.869264	22.297594	21.253894	22.621845	25.233378	20.699159	17.143962	21.192595	26.700912	11.838627	26.704561	26.198782	19.951843	24.071587	26.654944
20.919747	25.674942	8.276549	24.959673	18.890542	25.623108	17.810154	23.333795	16.232946	20.866639	17.439639	10.420102	23.212931	23.792711	16.754243	17.573758	26.572032	26.066994	18.913205	26.598812	22.851864	0.000000	18.327587	24.840643	22.851612	25.154345	21.361579	24.823806	16.707335	11.989584	15.036344	11.691861	24.911295	26.602962	15.002493	24.638143	22.864959	22.115754	26.366370	26.305972	26.654801	25.480790	16.234177	22.195908	24.876070	26.513115	24.903981	19.943238	13.614661	25.519526	19.508437	15.006634	22.083905	26.700501	16.277434	23.026986	26.042679	22.765150	26.539833	22.747363	18.290012	20.378548	22.691435	17.285530	25.256366	26.499772	22.677253	22.442780	22.562161	16.284787	24.256680	17.727776	24.094283	25.714343	26.720306	24.964910	19.225088	12.367986	23.767481	25.173019	18.710121	16.924105	26.105322	23.892238	26.262485	15.010835	24.833668	23.618279	18.919038	24.155532	23.039816	26.563133	22.872835	12.091593	14.328587	16.660892	20.529834	17.894026	22.987094	18.066601	16.190623	21.715065	16.733922	11.266546	23.040924	9.078971	24.318234	19.268061	26.755269	19.890420	26.686741	23.707332	21.318615	11.439634	10.023540	11.865593	26.600517	24.482234	26.759497	9.479452	17.435847	26.073520	26.319156	19.115776	24.428485	26.496542	26.486434	12.955959	19.834209	22.840731	25.178189	23.776169	15.219566	26.575297	22.808184	15.634461	9.400841	26.716187	18.569446	20.956561	25.794340	14.172851	22.299436	24.730851	15.211191	16.172776	21.993195	23.218708	26.505361	19.430512	18.583506	23.158816	24.129939	17.628916	23.011643	24.502173	9.342098	22.485711	23.763232	24.822497	17.928155	14.899541	25.394210	13.385223	25.952097	16.071510	26.711672	12.347349	21.012647	22.418202	25.545699	11.122260	25.141094	17.267176	19.695163	26.659758	14.368699	26.663560	16.861625	25.936853	26.600341	26.279799	18.556055	21.227188	25.206664	23.732166	23.206416	26.197517	26.634312	20.222582	25.185790	17.989040	20.500303	20.513825	26.029989	24.679509	19.161185	25.274581	24.696744	23.518100	5.846758	15.032225
25.595660	19.786608	25.211380	24.757988	21.875313	21.839488	26.619006	26.389842	21.479039	19.796662	26.403326	25.732247	24.539106	23.530045	26.349510	26.755311	13.512721	23.795834	21.324136	21.908081	22.918642	22.329482	0.000000	23.660693	12.329061	24.234441	25.995424	14.117039	23.263771	23.916051	25.756040	12.186126	21.488478	19.393481	25.905873	14.150284	25.754254	25.483828	15.551942	14.633337	23.481084	25.064958	26.463638	14.473729	25.910919	15.007097	14.046442	21.289193	17.502087	19.632939	17.134947	24.907410	23.860357	14.710604	13.861785	12.273441	23.509102	20.722070	23.977814	25.484486	26.642506	25.356932	20.064198	24.125823	15.275844	22.810334	22.632158	15.136516	25.640142	16.040865	22.145199	23.677874	13.294482	25.907739	23.495383	22.769752	25.223248	13.867241	25.410882	20.348967	26.247673	26.215474	18.533146	23.908686	16.449439	24.958253	26.266644	26.733127	24.165089	22.284503	19.539762	23.636947	11.515648	26.720497	25.352472	21.661022	22.921806	23.941418	14.932078	23.536086	23.758172	26.338986	26.331513	26.556840	11.327217	6.156439	18.833971	25.319402	26.318049	25.823914	26.616125	24.519103	23.734700	23.038220	22.916196	21.530110	24.220616	22.845349	15.673629	25.942158	24.789179	7.468239	26.194652	22.944790	26.019321	26.093691	25.321237	17.735786	24.548827	19.391756	14.174809	24.847086	13.614808	24.595113	25.852893	11.338210	24.703867	21.835512	22.464723	24.011012	26.368595	25.281031	25.500788	24.947836	26.161375	25.029833	18.500296	25.266024	15.362327	15.312015	13.073473	25.271981	26.474223	21.654849	14.420708	23.815186	26.565461	26.486716	24.831592	26.568884	13.528775	17.205788	24.650986	22.184811	14.413313	26.670356	25.168619	22.069577	13.500541	16.766194	20.518972	20.906293	11.342312	23.216670	25.216521	23.645945	19.803017	25.452536	24.023884	17.444663	23.810596	24.034273	24.307631	11.604869	26.080666	17.386714	23.198222	26.187091	22.045570	21.144759	25.054115	15.246589	20.111499	24.059425	12.675392	21.210172	24.509298	25.414624	8.027163	19.841163	23.753512	20.079941
25.913971	16.953453	24.254300	25.870196	11.654310	17.879628	23.760308	25.433611	26.439089	25.920176	19.279984	15.104242	26.656246	20.717974	16.205624	16.276600	23.068362	18.657101	19.475617	21.455972	25.254220	25.617049	13.296136	0.000000	23.756549	19.036243	21.906822	13.738306	21.435835	16.957116	18.532824	17.118393	24.610824	22.667045	26.693545	17.222392	21.865113	22.776586	17.736409	26.455846	22.145487	18.125571	24.750615	25.199115	21.427015	22.256372	21.273492	24.122245	26.757455	10.720660	24.740340	25.421069	9.037452	21.754268	17.422800	25.933897	26.597192	14.679314	26.462576	20.349306	25.042527	26.555811	20.932306	15.192711	9.068632	18.086066	25.343913	16.110995	21.349064	19.513637	19.846164	20.449396	21.156219	25.877149	26.469714	22.359835	10.564770	26.507294	17.479178	25.697027	22.664271	24.439643	24.912776	20.294413	25.690417	26.407911	23.818706	25.384947	26.564439	23.945658	20.697776	24.806729	22.593097	25.496416	21.966690	23.942722	14.357528	10.763430	20.748042	19.933059	26.131838	26.241791	24.348849	24.759708	24.991834	20.916293	26.044192	26.409773	10.913844	23.562618	25.700291	21.913177	20.673072	18.113713	26.681398	21.770127	25.675979	17.540040	6.895690	23.365154	24.579108	24.047014	22.619849	22.418939	17.985480	24.972557	26.267046	24.392517	26.312439	20.098588	21.604445	21.780395	23.083925	12.039676	14.652760	22.247413	26.277447	24.530372	23.612576	20.111836	24.941121	17.007666	19.235132	25.776998	16.551369	20.266800	25.802412	22.993439	23.939857	26.736695	25.841558	23.016170	26.211272	24.470098	25.689757	18.109394	25.381955	24.865959	21.236813	23.307451	24.592815	26.639798	12.605243	21.179599	19.010807	25.600348	20.002815	26.104523	19.797694	25.768519	25.946937	12.806205	7.386284	20.745209	23.166163	17.864466	20.031831	22.324880	8.681077	17.796700	23.601525	24.264711	25.716377	19.354586	16.715174	22.804722	25.415517	25.216247	22.845225	26.690175	18.366576	24.659615	24.821969	15.436450	16.351675	24.954700	23.511992	25.422066	11.658748	13.730807	26.200184	26.443333
25.515328	25.594897	23.116152	18.068639	22.244484	23.777215	25.763210	18.107359	20.452323	16.670157	13.508853	26.531665	23.192977	25.331524	26.036911	26.471378	23.788259	22.350338	24.473073	18.600567	26.502308	25.746470	26.538965	11.668196	0.000000	24.363075	22.488246	13.575842	26.434136	23.633558	17.469619	24.511865	25.532445	23.092535	20.999131	18.776937	23.553993	16.028933	25.615803	18.481292	10.418862	25.476415	7.372545	19.516235	20.102688	25.979999	26.594745	10.619746	20.750152	25.339307	26.282197	25.432420	20.833221	25.413625	20.385404	25.653656	25.669738	22.256878	24.097413	25.999635	19.606162	25.992383	15.759882	24.003272	22.468830	23.416570	21.173243	12.337361	24.000152	26.402253	24.349968	25.797774	22.930928	20.815700	26.644093	24.424144	23.588888	9.184508	25.856419	25.706123	19.591691	17.964871	21.165017	26.657595	26.387284	20.055578	22.284340	19.647948	24.664961	17.985824	20.449796	19.728989	25.830169	9.648404	20.273009	26.400953	26.591723	22.361510	13.405399	17.120054	11.865697	26.624349	21.778424	22.529663	22.832921	26.203846	24.425273	25.531624	13.759411	24.490515	26.754210	22.228352	19.276505	11.822441	24.320433	24.715156	26.369055	25.030203	26.682106	26.160645	6.646749	23.807492	23.088160	20.802424	15.660086	15.712655	23.808337	24.879135	24.395093	22.351507	26.635712	14.046532	23.656898	23.357693	25.752940	23.712234	25.099972	25.205757	23.894238	25.504958	9.429672	24.338250	21.828135	20.209861	13.121167	26.374803	9.346323	25.493297	20.882397	22.792814	19.146047	23.734953	24.428811	20.953223	20.898379	22.633656	21.837021	26.512070	24.808294	21.634059	26.099982	22.576849	16.708103	12.584960	26.754316	17.129848	9.878473	26.702820	25.092044	15.399308	20.908906	26.414961	23.383289	14.565745	24.866886	18.530988	20.637745	11.337482	25.476445	15.361494	13.653931	23.324490	17.693855	16.982173	21.073891	26.248078	26.332158	20.170074	19.762228	12.893469	22.840488	14.572000	13.851805	26.709392	23.983627	23.498128	25.404289	17.143945	26.706989	16.898158	25.075104	24.329705
22.884284	16.479376	26.708213	24.043068	16.809411	23.586880	15.169632	11.166022	26.269701	15.573455	25.733316	17.931673	25.092843	19.457566	18.409914	23.564204	23.200905	25.957021	26.674312	22.745897	25.018967	20.729608	25.873779	11.173812	23.711175	0.000000	17.216216	8.550066	25.220524	25.694326	25.990393	20.617317	18.133944	23.661292	16.939343	17.493083	26.126584	24.780367	25.598976	23.162055	16.280221	24.666352	23.681998	25.363188	26.326095	26.311237	26.712755	15.448146	20.355893	16.587980	18.104727	26.609947	25.574121	24.245305	19.038266	24.011501	20.969764	25.058285	25.190842	25.446584	17.799463	20.690872	21.345499	22.374251	14.265475	12.238088	16.447726	21.946680	25.809313	23.808184	12.295688	25.140585	16.923876	20.742440	24.368991	18.759062	20.462493	26.637427	21.488392	9.303966	18.583171	15.207755	22.292428	25.521432	22.684794	22.772029	23.567988	17.784606	25.318144	20.943233	23.777570	13.161555	24.094106	23.349805	26.676693	15.494597	18.561666	21.313482	26.527321	21.724811	21.277227	23.444826	25.807042	25.914640	21.242317	26.646740	25.684744	25.965259	24.757370	14.339123	25.299294	15.163154	13.625011	25.878181	26.097893	25.181998	26.011563	20.204065	26.352286	9.867759	22.209623	22.776019	12.772784	23.744535	26.516431	26.382453	26.618756	24.281901	21.331062	20.363578	22.037597	7.985693	26.696079	25.415305	25.924750	15.189475	26.629762	22.449286	21.674854	25.896221	17.479486	18.953989	25.488118	26.231680	16.023563	25.177802	16.941790	26.056508	13.250614	15.993597	24.682221	19.496032	26.720478	23.545192	20.961178	25.271044	26.415932	25.820017	24.640273	25.321588	26.152548	22.200667	22.779121	24.342372	20.722451	22.179170	22.651375	21.459871	24.623928	26.325325	25.493272	22.024699	9.584158	17.366767	25.001465	21.244179	16.246119	24.199568	26.269899	12.544434	23.137730	25.688136	22.531141	24.041400	25.119730	22.724077	25.302970	26.148577	18.469422	10.528130	18.862248	23.876973	26.562526	16.155815	15.643380	21.419064	25.384551	15.091708	25.681128	25.569695	23.333282	22.112447
20.137739	26.528481	20.287261	17.317915	11.771794	19.188912	10.956164	25.290211	26.328734	15.198304	17.502880	13.923546	22.324783	23.327972	25.288953	23.521589	25.905849	26.101197	15.141387	25.814005	19.937863	19.845854	17.813056	25.944610	25.277392	26.077883	0.000000	18.448466	15.167566	26.541224	25.957888	24.788540	25.937550	25.167635	21.094349	13.648791	20.970730	25.584648	17.452117	26.574142	26.714686	16.373479	24.999385	23.810992	26.599047	13.931272	23.628472	19.882345	26.585920	16.920511	26.523931	15.438910	25.065973	26.346265	22.299091	22.007906	17.412742	25.814955	24.323140	24.643950	25.194076	26.338916	25.325395	25.104433	22.238323	11.609186	26.725394	14.007589	21.340869	13.255107	25.586187	9.611366	16.141745	25.192800	19.867558	26.264274	19.693637	20.768996	26.088245	21.740683	19.680355	15.312958	19.806926	26.578349	20.848679	18.585841	25.569713	14.427880	19.460904	21.313832	24.796812	26.652371	15.911688	17.269129	22.253041	20.682312	25.842292	10.847508	23.336129	18.045364	13.008263	18.307004	22.029711	26.343037	22.357220	18.053183	10.967218	26.101965	18.623841	14.236298	24.139143	10.594615	26.233774	19.665377	21.745507	18.216312	17.793898	17.697949	22.208571	23.091454	21.435125	26.421076	25.063671	9.860314	19.240735	22.993475	23.924399	21.336202	23.550703	21.612990	17.473660	26.643383	23.950499	21.022174	23.981639	22.547225	25.694124	21.452975	16.596831	24.867885	26.736889	17.831179	23.381733	23.412004	25.366217	21.409391	25.988195	26.577819	24.635121	26.747308	22.648234	17.183404	23.562798	20.917195	25.851951	25.534144	18.922943	23.681189	23.569119	18.944951	25.281870	17.820296	19.682749	23.621749	25.939283	19.744009	25.505188	12.895658	20.266487	19.389671	24.395018	11.000235	23.877412	20.918529	22.921150	26.566186	15.433688	25.591584	21.759048	26.192795	21.887054	11.438771	21.686047	23.668797	15.262518	26.523575	21.570506	18.777931	22.371525	26.371949	12.584310	9.845473	18.520774	25.346278	26.454394	24.598018	25.184068	21.238240	25.565145	25.049475	16.836572	21.235922
20.717950	20.253812	25.741723	20.163385	25.587816	14.678978	22.822507	23.106196	22.822775	26.503902	10.698760	24.985738	20.195072	24.761269	18.667422	10.247804	22.377148	21.977756	26.661610	19.211631	25.451775	23.043907	25.649795	17.468867	24.159466	21.379910	26.673812	0.000000	21.324928	25.515362	22.818612	26.601049	26.459367	22.826980	25.882957	23.289315	22.293144	18.552686	26.702953	21.097891	17.589624	21.459110	16.756625	26.636494	18.346566	25.954004	22.861879	20.602996	23.596971	22.846069	26.558084	14.708172	20.141893	21.446959	22.733170	26.662833	24.475376	19.815311	23.443759	21.385549	26.373848	26.709501	26.594319	17.753596	17.190801	24.701166	7.735583	22.123184	16.717479	21.138694	24.396886	16.978142	22.554736	26.032070	8.447394	24.940779	18.494893	19.136593	22.339904	26.423908	11.797213	24.933246	14.130289	19.916854	26.486433	26.079656	17.720282	18.728969	21.744276	25.089621	23.660841	21.243565	19.646449	20.953139	21.582474	20.301678	21.793021	26.466194	25.571015	20.506130	14.226397	24.749287	26.411975	26.308644	17.187131	7.384342	21.033120	21.052437	19.922769	14.208927	14.691274	26.283205	25.178450	21.517393	25.667567	20.318909	20.912469	20.213894	16.189060	25.036388	25.859601	23.169707	15.962254	23.902058	21.853601	17.370093	18.053767	16.514247	24.219088	25.253482	24.701763	23.536492	25.173500	19.795757	13.756911	22.872203	25.668353	15.990486	19.865516	16.136309	16.937543	25.558116	17.353687	23.327008	22.736669	17.169766	20.375227	16.876471	24.380157	22.672000	22.892718	26.210792	24.208957	11.672273	18.483319	22.910800	17.494665	19.000757	12.227005	12.738346	23.902346	21.638265	23.332147	15.778108	21.012378	11.503803	24.852194	26.075630	13.139472	15.903920	17.778533	24.744835	26.725446	24.371629	22.470423	25.598935	26.054719	19.889220	22.749971	26.697685	16.998566	26.316062	25.853506	22.829156	21.124072	21.935101	16.803715	23.367361	26.759178	25.504326	10.424448	23.680371	19.080683	25.407782	25.590588	26.553819	15.802196	21.491463	15.276798	23.314605	20.215161	7.794151
23.337680	26.088142	13.424192	18.263951	23.552938	19.155642	26.701354	22.506416	26.710314	17.961411	26.754238	20.457212	25.063702	17.522127	26.147300	16.772017	16.550848	9.254419	15.239230	26.654019	22.221198	17.695754	7.973339	20.690876	25.661697	22.972210	26.416867	25.443250	0.000000	15.755310	17.054703	21.538467	18.997157	20.182603	21.679685	24.569091	9.633460	26.168230	26.471276	25.209901	20.123411	26.708125	26.429415	23.139989	23.078255	25.921379	23.042903	22.350544	25.848040	14.386213	17.554494	21.911268	16.631489	23.049110	25.492376	26.451549	23.454350	18.239135	26.227881	18.267708	22.259539	23.137532	26.293055	13.204212	23.400662	22.198622	17.317322	19.489623	26.404718	25.482571	25.714526	10.229729	24.816683	21.888013	16.165868	17.014930	22.614956	14.004668	20.908494	22.977402	21.261571	25.844760	26.694146	11.825839	26.517545	9.669634	10.233846	8.891136	23.654655	15.690524	15.102560	16.759614	25.791428	26.149481	22.264706	22.770746	19.443022	26.472893	26.169282	23.353535	24.220889	20.702260	24.829991	15.067371	18.991747	26.412682	10.841033	18.218606	23.845790	23.967818	21.217514	8.937124	18.254443	11.216194	14.939001	15.767006	22.411280	21.596517	26.378675	16.918100	20.977745	18.690939	19.145983	23.271110	23.874032	23.294808	21.594862	24.792946	25.957916	26.567669	26.520568	18.274716	14.830576	25.172963	23.768999	26.507923	22.767448	25.533423	23.102875	18.586172	16.241606	26.146135	22.148208	9.508157	19.457912	11.474629	24.578016	11.623948	23.581186	18.066058	25.223864	25.349410	25.732607	12.445397	24.972884	23.516683	23.403139	23.854903	25.555440	20.848423	20.442173	18.052254	23.591685	13.978714	19.056638	14.342100	25.379711	21.143180	22.823513	26.234531	25.729808	23.678347	24.726220	21.559774	26.571343	17.214945	26.311791	21.602780	24.284608	22.619800	16.872567	24.998315	6.533297	24.915070	19.480765	13.405949	21.045281	13.286637	19.760931	17.747195	26.387558	24.206141	22.884424	26.612027	23.242422	18.795393	25.932263	6.565182	6.733560	26.514738	24.401565	9.226684
14.255540	16.861701	19.684295	16.026492	22.943827	20.776967	25.221453	23.325843	26.490208	24.326019	19.579560	25.950161	24.864020	18.629850	20.850070	12.737422	21.214738	25.058985	17.448851	24.560265	17.434434	24.773455	15.956870	25.069158	26.647301	22.975102	17.843405	22.029529	18.942431	0.000000	8.473010	26.164389	26.711721	26.575822	24.271222	26.294395	10.208407	26.639069	7.325456	10.329254	26.213436	10.231475	25.633497	23.408658	23.914611	25.341373	17.585213	25.260767	24.141339	24.618799	26.161579	20.767231	23.925077	18.857425	23.958520	18.539851	15.573864	25.611838	21.972724	13.941166	17.671188	20.196669	26.516228	12.908188	17.753231	15.190034	26.666807	15.929240	25.933656	25.819318	24.847513	18.579448	17.991415	19.449174	9.902422	26.665919	24.587113	26.470604	26.365422	25.824346	26.450030	20.399829	26.156535	26.048770	24.919367	19.992365	25.085419	26.311056	25.969208	7.797361	26.150420	24.088790	20.218320	26.744682	22.718869	16.267431	24.012239	21.326503	14.288570	25.566542	25.771933	21.971897	20.836002	20.270415	17.523120	21.720216	24.221120	24.188486	24.577271	25.437488	23.555533	22.646057	26.602991	18.823567	14.349858	16.618828	25.114377	24.022638	24.396577	16.793077	26.212078	19.800026	26.006282	26.407165	23.153147	22.368009	24.733659	26.479555	20.712979	23.503848	17.049671	22.406413	17.174586	21.387423	16.955818	24.701277	22.890311	21.436059	18.220675	19.461665	23.382449	26.756632	24.841239	10.305847	26.631450	21.942946	19.118343	22.541383	21.714472	16.340137	26.213082	23.999790	24.723715	22.953122	24.398238	20.355482	12.078955	24.396351	24.504634	26.311918	26.700985	23.089464	18.074145	12.602944	19.600277	17.039350	13.975844	14.574908	26.668089	23.118721	23.780777	23.871115	21.645402	24.508831	24.265463	23.473275	16.952080	16.254781	22.660026	26.573891	26.081631	19.601147	14.865252	18.915431	15.229596	24.164546	19.524304	25.886105	25.449206	22.929845	13.232194	10.943035	16.396361	21.348251	22.127534	23.475955	13.443767	25.340369	18.540790	12.043390	26.695374	21.146346
19.983177	25.684633	26.086769	23.679775	21.056141	21.846679	19.997424	25.956891	22.831898	20.818320	25.105280	20.666810	25.405654	25.620575	18.682209	20.674135	26.755594	25.434397	23.649174	19.693123	26.621142	21.629168	20.042071	24.296094	20.966276	19.964681	26.336735	23.260498	20.212973	14.529152	0.000000	20.488526	24.956418	21.928769	26.300214	24.177823	23.999217	18.175204	18.888064	24.821768	22.541036	24.468515	22.140939	26.171009	16.114083	22.968004	24.552666	17.201799	22.034390	22.018611	18.617013	26.472527	24.949457	24.386017	21.961843	26.592895	15.151631	24.514996	19.681267	23.411798	17.063184	25.964961	19.559039	21.215426	21.995913	13.365864	19.531566	25.632390	14.441974	21.681700	22.045545	26.670031	26.275148	22.647803	26.546928	22.370424	24.644533	23.446613	23.267375	19.105360	26.692911	25.316850	21.268277	19.138507	24.845513	17.289202	12.824317	26.302828	18.208960	24.798587	19.476306	22.376612	14.151539	21.415679	26.026761	26.670145	22.194662	18.425146	24.904835	19.037842	24.807233	22.300166	24.189876	25.998609	25.065384	19.068301	8.817708	16.146566	25.714266	16.433349	21.917025	14.028904	26.418450	26.755735	26.145894	20.848208	22.855330	10.573073	25.083363	18.328712	18.498876	20.511920	26.717285	24.637592	11.274197	22.434799	22.043180	24.235704	21.038889	17.975009	13.162538	15.312045	24.901615	16.839853	21.363541	26.750133	26.084125	24.106937	24.240866	25.248393	24.864087	22.326484	20.389029	22.932318	7.436377	26.569941	20.409461	26.598106	26.163345	8.552778	26.216297	25.316819	22.067051	25.124940	15.689567	10.939616	26.532581	25.338825	18.800881	21.523759	26.684784	26.277947	23.376748	21.487903	16.587508	24.960246	25.804409	17.562346	8.432738	22.477860	15.194881	11.324772	23.792423	13.609789	23.869937	22.021773	12.659906	25.480055	24.174871	22.794638	11.184525	26.294835	24.298607	10.640081	26.141474	25.437919	25.957311	21.082674	14.530846	25.843281	24.823505	12.684058	18.887356	19.713436	22.903194	17.560561	26.741692	23.286136	25.084956	25.125011	26.301796	12.618244
12.390763	15.453364	21.602695	14.253419	23.322258	21.745292	25.903005	17.308556	25.767660	14.608114	22.737451	13.281409	25.250110	20.438143	20.620249	13.341827	24.526717	25.412181	22.526050	14.311510	20.102261	25.646521	26.462976	19.104262	20.376653	26.221212	9.312407	26.640258	26.500760	22.823434	24.950035	0.000000	20.744829	22.467834	16.924845	18.800708	23.292486	22.569731	23.149110	19.583804	25.810073	25.219643	24.725034	23.868157	26.670802	25.099736	23.589075	18.816571	26.148610	18.114207	24.658603	22.453216	23.201432	17.550790	26.523448	7.337797	10.931322	25.991165	24.372241	23.988997	19.410137	23.579180	25.296698	25.792887	17.111848	19.687769	18.816420	20.420430	17.695113	26.688508	8.990462	16.549864	26.125324	18.129168	15.789696	19.968217	24.295646	8.268921	26.339397	24.873170	18.144133	22.514143	23.604990	24.284330	22.323646	21.333546	21.660482	23.974244	20.078906	12.413410	26.167660	25.037568	22.733364	12.979415	19.507543	25.299031	23.254018	24.237116	25.751562	22.631291	21.832683	17.609895	9.955560	25.412933	26.042631	26.371768	21.052828	25.519349	21.130550	24.237536	25.234230	16.127745	26.757219	25.887830	24.710865	21.940367	16.235405	23.511949	14.687376	19.629174	25.547460	16.889787	26.752111	25.591597	26.739049	25.977648	24.958599	17.950891	21.524385	24.286512	24.436991	17.014711	16.611208	24.332929	26.378435	26.472177	13.608957	15.118611	23.646630	24.640223	26.445624	25.733684	16.446645	17.352067	24.201850	22.365584	26.391253	25.682422	26.714747	25.953731	21.038004	22.367038	26.344925	16.291748	21.854304	24.562093	25.577822	25.437273	19.943623	24.182051	17.980529	15.892952	24.530853	16.043927	22.288839	26.447551	21.022816	10.780956	17.544602	17.586131	23.094632	20.229669	20.398611	8.225910	22.239769	20.078467	9.351310	26.707860	17.097668	24.867929	23.731640	24.208984	26.721982	20.649768	22.841304	22.706617	20.450182	24.649244	21.558811	25.646046	20.130039	19.270628	21.459205	17.671085	24.841795	18.203987	25.751388	21.258768	16.890990	22.178687	20.907213	25.032496
25.696503	25.886705	24.851219	24.727798	25.929300	24.320453	18.480883	10.288355	24.047327	21.847166	13.590453	14.505490	19.886396	26.414856	14.801764	22.188689	26.506224	22.729532	8.425220	10.285241	24.252289	25.003013	25.599311	20.051664	21.983662	7.180603	25.574757	23.534823	23.506126	24.213075	22.834592	23.236751	0.000000	25.255108	21.522291	24.288203	17.210693	18.038949	18.269191	12.189026	9.396808	11.669505	14.759489	15.390358	14.778612	23.272330	24.483020	17.388011	26.644778	25.685907	7.263696	26.656020	26.681015	16.530177	25.453842	12.301088	22.884301	16.221330	26.331582	25.144088	25.890484	21.877611	14.330170	24.621439	18.629076	25.591473	22.876563	22.393982	23.570499	20.637014	22.714092	22.821644	25.637079	26.120944	10.462078	21.225332	25.267407	17.070670	19.584144	17.691875	23.441442	15.080726	21.607157	12.238488	22.700436	10.753239	23.295916	23.525246	9.892531	18.321565	25.638931	20.397195	15.645551	24.379380	23.551140	26.496500	17.122653	15.017845	25.908490	26.092658	21.824914	19.337081	23.801344	25.251055	21.019538	24.902852	25.314621	18.523168	14.747413	21.417284	26.240301	26.447424	22.597876	15.381038	20.670699	26.289783	25.763707	19.741724	15.201970	26.013171	24.647333	16.276369	26.374730	23.037340	21.207836	25.044728	26.505425	21.038020	25.975129	25.850579	14.694976	19.736342	25.501468	25.004788	26.595215	24.908494	14.728016	25.607787	26.148715	21.029659	26.546709	13.222812	25.979296	21.111490	25.650515	17.655391	17.389220	22.859075	25.094650	23.915634	26.580940	24.062367	17.454529	26.480396	25.025373	16.842474	12.556074	9.946691	24.026247	17.823750	9.604399	17.517495	25.817997	22.782680	26.450905	25.736782	24.791783	25.026135	19.555687	21.981042	16.883058	26.419356	20.304722	26.493032	14.473944	26.183132	23.112902	26.064114	24.243816	25.675853	22.698090	23.103672	26.746799	26.462496	25.027783	25.737804	18.021583	21.992686	19.589895	22.183943	20.885489	22.807803	22.018110	20.163903	18.104929	22.241555	11.608261	14.623012	24.776735	26.167467	19.892236	24.010671
26.691586	19.681179	16.185060	17.371462	17.791755	20.136419	18.820597	26.630157	19.929092	25.192578	22.835733	22.232846	21.927158	14.213262	15.888468	24.185234	20.471592	21.069399	23.322295	24.858361	8.763710	24.649144	25.598459	23.487119	25.976564	23.885617	25.606556	23.190542	24.485360	17.602534	26.388141	17.144040	20.060240	0.000000	19.038786	25.560208	25.163380	17.642646	25.742758	25.517645	22.262916	24.588671	22.387130	23.036944	25.157303	17.477406	22.632418	20.964731	22.948205	18.739292	20.347158	24.877459	23.148908	26.464177	10.838620	24.483235	17.935309	26.584422	18.455665	18.470264	24.533409	10.654884	14.463619	25.775634	18.980617	20.846217	25.399513	25.462273	19.689912	21.016518	23.149730	25.034661	19.296413	24.259826	25.945460	21.314509	26.427356	25.618297	7.561941	9.227405	18.328744	20.849761	21.009936	13.292112	24.022742	10.813886	25.931214	24.910750	24.357952	23.798108	22.242104	24.760913	9.574991	26.526139	26.749293	26.665056	25.769449	25.538490	21.476693	26.687902	25.266344	26.603416	26.404780	21.439658	11.251807	25.854506	23.508575	23.828601	23.770657	17.263804	16.371152	10.177213	17.745767	24.951237	21.235561	17.093126	23.448070	20.075006	23.147869	23.865298	21.491599	24.990982	25.185138	25.799474	25.981303	26.533240	25.094181	19.994751	25.298596	24.572423	22.851345	13.855798	23.664369	25.004522	19.964808	26.724840	26.723899	26.092753	14.913745	24.264041	24.330068	26.127142	26.283247	22.491857	26.673419	24.278123	25.641881	23.311817	23.234840	15.748200	26.535729	25.847060	24.576088	21.908909	20.068486	23.850769	18.979665	18.393895	23.091302	25.787281	26.360007	23.057569	26.604930	20.742835	12.418477	13.551374	26.468952	24.313023	21.056816	8.958036	16.009758	24.814832	25.512295	26.326214	17.366599	20.464662	13.284546	11.379410	25.014337	22.725851	13.373816	26.077775	26.493742	22.833828	26.344575	22.240205	19.667272	26.034577	15.849546	25.706575	26.602759	20.532467	26.720071	24.679635	23.668829	18.262513	26.696987	19.859180	16.417828	25.100847	24.661305	24.060482
23.026981	19.168457	21.196404	15.041969	25.828901	13.823006	22.173579	6.801354	24.435228	23.455179	23.671285	13.622025	17.570567	25.413388	26.018263	17.295694	20.135796	16.110031	13.589143	20.978871	25.990559	24.454746	18.942549	26.126072	18.221405	7.395344	26.554280	17.248352	26.189751	23.383433	23.079646	13.604262	19.840814	13.570663	0.000000	20.723798	18.273168	25.744081	19.356562	21.383561	15.424959	21.489447	23.154026	21.998418	20.278286	21.482191	19.291797	25.176022	21.455150	19.364974	25.931889	26.705300	25.813577	23.364715	26.495404	17.299006	20.299319	25.554903	20.032614	24.488787	26.529171	26.131869	24.343033	24.130972	25.599901	24.283131	19.749988	23.737654	13.286539	8.382618	25.951174	19.624648	15.475865	23.000924	16.876535	24.168433	20.381964	22.785316	25.482772	20.726700	24.241863	17.243307	26.565406	12.239392	18.711625	24.604919	23.176493	17.559461	26.204519	24.773744	25.343334	21.535214	14.653613	20.171500	17.464949	22.420847	18.982775	21.182946	24.439395	25.192460	14.580309	24.001178	16.827882	20.977070	18.677862	26.712040	17.916388	21.661361	22.129205	26.221957	26.523641	23.647385	17.880881	24.068297	24.975228	25.802791	24.215756	14.622731	10.599877	25.471655	26.078933	23.568560	25.994871	23.922692	18.538304	23.462266	26.640168	25.874121	21.423557	14.453662	25.951182	24.684191	26.598498	17.956264	24.395106	25.017925	24.904570	23.207995	24.778895	26.369097	10.062573	24.562307	25.231285	21.657093	18.018697	26.393703	13.368236	16.030494	26.543010	11.054980	20.070988	23.963850	24.802951	15.736026	23.366295	11.877177	26.255922	18.362830	25.533378	21.948258	24.196534	24.543842	15.408041	26.707712	12.820424	26.654957	17.715477	25.907810	13.071078	7.690450	25.009436	24.285815	23.429866	25.259899	26.723924	24.304333	23.635247	21.062318	23.035841	22.255951	6.759813	25.354230	25.615726	26.623669	16.301908	18.383575	12.828985	25.130876	26.496624	25.565789	23.786100	14.549068	26.492105	25.480052	9.747007	16.845529	14.863611	24.600784	15.159475	20.678253	22.796498	26.413724
25.152559	18.102306	22.546304	24.840093	19.429468	26.325365	26.714285	16.962399	19.388803	14.312691	23.983768	26.510838	19.058044	26.190659	16.907767	24.522821	26.331610	25.802466	26.471622	17.112590	24.058582	24.584067	25.997451	26.531963	18.779264	21.580143	21.486070	19.680900	25.622521	14.669573	21.481136	14.554151	26.324509	22.770111	25.869483	0.000000	18.686784	24.950211	26.099009	19.534380	26.453047	19.471178	22.026108	26.266586	7.032252	25.800047	19.295024	18.309008	19.230775	23.124986	22.097746	13.750530	26.448707	21.432817	26.570970	18.309718	23.217596	21.512192	10.343876	22.462072	21.192735	20.738574	20.231865	24.882539	24.674949	24.766187	24.730196	23.744201	25.782057	21.981105	17.542567	16.110212	9.153872	19.498706	25.743188	25.918297	21.171792	9.192379	22.873886	17.720713	20.427296	26.691210	26.649587	12.811509	19.217231	25.137337	25.348512	23.887770	22.179851	26.627756	21.586820	21.474942	18.192880	25.185566	25.224444	23.956622	25.826059	15.393985	25.994111	23.113352	26.054870	21.391883	15.757353	18.168526	26.212040	9.150259	23.779906	26.347313	11.255433	22.947249	19.825486	19.363558	17.134364	13.175293	20.007267	25.933764	24.710142	21.668411	25.524632	18.152891	22.129904	26.634194	8.833380	24.015181	19.071385	25.911476	26.675906	13.991849	26.694750	15.863699	24.681395	19.405789	20.221842	26.034274	10.305928	22.749769	23.477824	21.455832	22.013825	22.168778	23.873122	17.941863	20.893358	11.983686	23.426583	22.208285	25.036882	24.951163	20.352451	20.833741	17.497189	22.437613	20.491232	19.692643	25.430071	21.811223	23.087645	26.570822	20.770227	26.469612	17.902516	13.279185	26.146548	19.622764	16.436813	22.217730	21.357483	17.760055	25.634808	26.052833	24.257844	21.890039	21.700605	23.223783	23.618065	8.989812	23.853281	16.860897	22.561417	23.800993	25.685785	22.277361	22.390916	25.744855	26.444932	15.880350	26.536002	20.530676	24.854411	25.266425	24.486676	25.727125	26.038022	20.274923	23.620559	24.942153	24.199600	26.568512	23.162419	26.500837	26.630908	26.230524
25.111606	24.840599	21.440241	25.152363	11.621165	25.949028	26.237232	10.691655	24.649210	18.857124	16.876810	25.226114	26.584805	10.835470	20.612824	13.399998	25.616677	26.653967	19.468382	20.132034	20.365722	25.726699	26.448135	20.124187	15.552373	14.593150	25.790612	20.819287	25.879718	12.169022	12.199257	18.598721	18.407243	21.490321	15.924318	17.208354	0.000000	25.221729	25.037938	21.285229	18.239407	23.104375	8.480791	26.682348	26.751923	24.028886	25.727877	15.608153	20.100242	25.051497	25.231972	25.564682	23.965759	25.233032	18.441342	24.429902	13.993702	11.515872	25.754686	24.125591	26.253951	23.330485	14.548772	24.950722	15.701991	26.279116	22.755002	26.530369	22.485378	18.232967	14.951507	23.072663	18.927506	24.845653	25.916030	16.954754	26.758556	26.077465	22.450796	26.161384	24.838188	22.673317	20.634357	26.599078	18.603246	22.209439	24.453277	13.270538	25.276369	26.734375	23.318263	26.443889	24.539584	8.330544	12.430579	26.601803	17.961467	21.199136	26.200489	25.245018	26.753962	20.979423	22.903472	11.976314	25.652272	13.360324	17.871366	18.943563	25.792605	20.795804	24.336344	8.346571	21.139340	13.676652	22.919833	19.869035	24.658962	17.062503	22.302206	22.595110	16.567179	18.507117	11.744369	22.942230	16.727119	26.743437	11.384893	15.172782	16.810212	25.909718	26.012502	10.905085	10.539620	26.332945	7.655207	25.277963	16.167273	19.021568	14.033086	18.116187	26.756956	26.290550	17.885281	20.741069	24.477237	21.910571	25.020005	20.372099	26.042182	24.214345	22.397164	25.666704	20.687074	13.920832	25.628172	20.191569	13.753104	14.041921	19.239112	25.891719	8.673600	17.782268	25.321099	12.583709	24.301331	16.543009	22.482895	23.279280	24.289851	25.286994	25.478344	23.145123	7.107722	25.333251	25.401509	18.815845	22.871648	22.913276	22.976288	18.176832	19.346270	23.367705	26.237231	26.411944	23.101761	23.967374	15.666782	20.271828	19.808196	23.203559	21.675858	25.904673	25.948386	20.123750	23.583156	13.882341	17.781240	20.218388	24.588278	24.898581	25.807692	18.614821
14.651767	23.677040	23.649501	19.559185	25.140149	20.883109	16.816595	16.297501	25.671521	24.946996	25.173171	23.579243	19.190964	24.386473	25.290169	25.821161	13.193665	24.882240	17.416025	21.489142	13.768135	9.923532	19.777663	24.975825	23.376424	17.928394	26.110127	24.009633	26.368382	24.866237	24.954996	13.470956	12.674637	22.175941	23.367197	21.795136	25.735419	0.000000	25.708361	22.911637	23.878020	21.638908	13.359622	23.535121	25.081630	18.382143	26.523790	21.451752	19.565435	22.896118	24.621287	26.279729	17.393701	21.035357	25.408315	17.459096	19.204176	22.598103	10.234905	16.986874	25.225555	26.309557	24.978121	23.851037	25.711463	16.483256	25.891608	26.250632	26.552424	25.496376	6.910511	15.979101	11.504054	26.347357	26.363009	13.196035	25.584989	25.606747	23.873736	18.370264	20.800574	26.305089	19.382904	24.012675	16.619901	23.221943	20.944804	17.170442	10.884814	23.126128	14.326990	26.284242	25.582034	23.833201	24.569158	23.941046	18.510817	26.688605	15.508422	25.921906	14.150171	23.482765	23.014541	25.450096	22.864350	9.982317	25.507549	25.390527	14.705453	25.928448	23.470442	14.132647	24.557707	22.629016	16.815915	20.766241	18.133708	26.095484	12.662149	23.590933	14.331806	26.477501	24.822351	11.025756	22.810760	22.102448	20.891386	24.840548	22.422444	23.734083	20.807807	8.327187	25.453125	14.027121	19.054421	23.205728	14.939726	25.011776	18.038145	21.191794	25.021653	16.933808	12.606877	22.086636	20.782575	23.712098	20.325762	12.084573	20.629936	21.215908	20.415247	20.885183	24.058626	26.739985	23.175263	15.517660	13.928670	25.453212	21.398883	17.073075	13.628641	19.946474	22.710032	19.948995	25.047882	16.729042	25.847165	25.458957	20.972439	25.922092	23.802351	25.368344	11.183140	25.956261	14.225465	25.420477	26.685094	26.231682	21.741485	23.506878	26.283084	23.466626	17.779297	25.063982	26.296402	19.672996	24.773829	23.530334	24.005897	16.803934	26.119631	15.016354	19.458231	25.453162	23.574415	22.589715	19.980494	26.437732	20.756054	18.324197	21.892891	26.469403
26.211485	18.025953	20.002411	21.733853	20.679651	22.349844	20.026265	14.695843	26.487822	16.961532	19.024658	22.299671	19.882398	10.345317	24.710152	26.658736	25.889782	25.197934	16.339590	9.406588	6.567810	14.461771	18.984012	22.202248	22.045988	25.128646	10.594011	24.410722	26.106829	15.102818	26.698308	26.302697	19.881016	18.915141	24.428071	26.619322	21.560419	26.681474	0.000000	25.154518	26.490323	12.839787	18.654848	17.718524	18.578327	15.884643	25.562710	23.619590	26.578277	21.575818	21.557550	22.025491	17.945690	22.105450	15.381382	25.616882	16.814872	25.116361	26.437061	22.594969	22.611520	16.744697	26.444944	20.771533	19.984249	21.239624	18.134691	11.609401	19.454237	20.530429	18.128406	26.153012	20.323680	22.941073	21.773375	26.509775	23.610097	10.763380	26.578063	24.159218	19.893737	23.787876	21.230569	25.277589	21.445431	21.895352	26.169300	21.629005	23.542099	19.295553	25.196123	25.561278	25.298808	22.367873	25.529388	23.967023	9.985165	26.256517	9.982328	14.519268	24.074764	23.962645	7.121347	24.616241	19.810903	16.419475	18.972756	25.748621	24.654459	23.375843	19.410240	25.664759	23.265925	18.623138	25.331992	23.788793	26.703205	19.419955	25.672001	7.857692	26.750395	11.416997	23.510904	22.140480	10.869354	14.764038	22.632931	15.602179	19.211787	25.668450	20.914911	11.385804	23.412627	11.948340	23.368314	26.621492	23.097244	26.693965	25.187585	26.514668	19.825201	19.158427	26.746466	24.125547	18.421273	26.726786	26.230499	16.988151	23.004770	16.495700	25.950164	26.676295	24.620141	19.731486	16.120727	26.168219	18.019792	26.752286	18.305569	25.507965	24.685871	25.364756	19.602609	25.566143	20.941943	25.968889	9.565870	26.417789	14.942340	16.259268	17.772971	14.363570	13.332366	26.249985	25.781154	24.521892	20.105674	26.099602	22.474506	22.953777	22.961231	26.513381	24.604803	26.410607	22.335802	23.757214	16.244869	26.757211	18.374646	24.223630	25.287886	25.656908	26.081637	24.946864	11.365004	24.237800	20.308017	17.655171	21.151621	7.964083	19.928074	18.170171
14.526419	14.999347	17.921104	11.716606	21.818659	25.732808	26.512906	19.213024	23.717754	20.936153	24.150698	19.427420	24.267385	14.539708	21.045729	18.291485	23.943040	8.796642	24.603301	23.777073	13.883969	16.948039	23.826590	21.205458	21.902968	25.318505	24.483898	18.901864	20.002965	23.252694	25.331101	26.438742	22.867578	24.751244	25.609522	20.069652	25.493568	16.894751	26.565873	0.000000	20.273992	26.497423	22.474696	23.694194	12.787058	17.926699	25.655601	18.405094	14.140622	21.728996	17.390739	15.270547	25.996644	26.417632	21.509366	25.402331	21.768868	21.710401	11.505857	24.401023	23.719477	23.220589	18.144433	25.661495	24.811943	23.575045	23.752310	18.883142	24.476677	24.980034	18.998971	15.873011	13.948459	22.176671	21.270620	26.012584	16.766433	14.617239	6.587393	25.309690	12.908296	22.099979	10.850473	20.644799	25.759653	15.820212	18.807057	25.865353	21.215426	22.593722	23.905648	16.693694	18.499701	26.090058	26.547102	23.263932	21.420292	23.788593	24.715901	25.106457	25.275007	25.168693	23.417771	25.259283	22.525257	22.270127	14.476186	26.728153	22.366257	24.901877	24.149009	13.819928	14.404995	22.921069	23.673572	21.532223	20.762165	20.712119	26.709782	24.762627	19.202207	17.370948	26.649102	13.547517	11.062015	10.582553	17.029175	21.832041	24.996531	23.535211	25.454000	21.167398	5.941043	26.016327	23.670299	26.460488	18.535343	14.228515	18.187572	21.654735	26.445095	23.464337	7.437047	9.660344	14.136688	25.746375	21.415585	16.891802	26.434596	22.074971	21.827918	12.183627	25.764460	15.460103	24.470956	17.531950	26.436533	22.923283	22.486127	10.661263	25.539406	26.690521	23.237202	25.503580	18.752738	19.319438	22.906374	12.508270	14.604875	22.417433	21.470147	20.442028	19.808859	25.985659	21.245301	13.495171	26.493737	23.416436	26.516503	21.007732	21.673909	20.153982	25.126369	15.393130	25.698957	26.234589	25.757470	24.132674	15.933103	16.123227	25.139417	22.120953	22.413012	23.591227	23.925350	18.867239	16.144178	20.112584	14.858789	25.001320	23.316633	24.231535
21.012056	15.627296	26.293184	22.067321	25.727806	25.542305	19.850167	26.610888	22.635898	24.609809	21.169908	20.147327	21.174156	26.115948	20.070153	24.260755	25.447051	13.257822	25.500125	23.817395	14.167926	21.341356	12.930426	6.817082	23.693402	14.728121	23.484131	22.715456	26.124801	23.561898	26.358078	21.291597	21.684984	25.721875	22.002341	24.793735	15.972838	15.316912	25.764172	26.734181	0.000000	14.168721	12.117285	12.742894	22.175363	25.722584	7.463311	24.381509	23.811037	19.681667	11.562340	10.250960	16.708284	25.972152	24.390827	24.330698	23.314329	23.451117	25.600106	15.482755	25.842982	14.970294	26.362225	6.903741	24.146532	25.162915	14.749592	24.485295	23.665235	25.904978	9.641218	14.906098	16.653648	18.212892	22.444623	22.397402	26.181266	19.755834	26.717436	12.939650	17.553681	26.697983	13.582172	25.948764	26.468158	14.016223	14.255469	26.426088	22.936959	13.148191	26.270614	20.684430	24.173418	23.825415	20.626805	26.601591	25.407396	20.639246	23.976315	26.289701	24.884618	26.673983	21.537328	23.931469	24.713119	21.095149	14.653279	23.422586	20.418209	17.881569	14.036909	26.555002	18.533082	19.692152	12.849651	23.934684	23.307602	22.992763	24.652574	23.424565	19.299522	20.287203	22.558054	19.217003	26.461607	21.479189	25.923110	23.635090	21.279479	25.412102	22.845921	26.147504	17.767489	15.318905	16.478682	20.151915	26.097896	22.557722	19.186418	21.311204	18.071976	26.167812	16.824093	20.218348	17.485205	26.690425	26.724289	19.472294	25.232465	26.352012	17.605463	16.187903	22.599872	17.777505	8.749748	22.067452	15.881692	22.902247	22.485171	24.542281	20.168907	24.688863	25.330945	26.549126	26.631654	7.500942	16.491260	19.148384	25.344054	13.563362	24.625613	26.728793	20.935957	22.466887	25.425552	26.588270	17.324309	22.018342	26.144713	26.586327	26.619504	19.977701	19.838809	10.083635	23.051895	15.025548	25.585386	25.311191	13.837783	24.200546	12.708985	19.566422	13.334082	16.897498	25.403474	13.408380	25.649358	23.306718	16.333855	8.558997	25.539249	24.526219
26.149185	20.514954	23.983032	21.691318	22.860432	24.704442	19.108536	24.636099	21.718060	22.776902	21.775184	25.374653	16.546135	25.822791	20.810646	16.656676	17.803482	25.769150	26.233203	17.956563	16.303192	18.203750	20.428343	18.811888	22.493175	9.430552	25.801071	25.720138	18.659203	18.014376	24.818323	25.500540	26.082693	23.795368	25.707296	21.739835	18.039995	15.020730	25.292462	13.637927	17.594723	0.000000	24.315643	19.371450	24.746789	21.814485	20.415554	20.072735	22.083302	22.039567	23.880777	18.302206	26.739520	19.582028	9.770973	22.076610	12.698477	13.000595	23.319749	25.122511	19.939884	22.976752	25.994352	25.674117	24.273602	24.423503	17.217980	12.900314	24.704560	16.862442	26.669010	14.504851	7.568789	25.860202	20.966695	26.585084	25.273580	17.574685	25.487976	6.521435	22.069662	25.138340	19.891854	20.593937	20.808784	25.705244	18.288881	25.781944	16.532110	24.172406	26.091235	26.465320	26.564945	21.257028	24.252222	24.860400	26.108855	24.538146	20.887128	20.759283	25.777508	13.476939	19.066055	19.462346	26.731881	14.997195	21.838254	20.110265	24.556439	24.920482	24.170807	26.405997	25.679673	14.525054	17.726660	15.538142	23.369280	23.760594	18.234128	23.656418	12.244761	15.967223	12.967299	17.519076	25.606655	23.091487	23.577841	26.556295	25.856720	19.992491	24.901186	14.451031	24.671867	22.023637	25.816453	17.889981	26.759028	26.323043	9.315883	23.969981	12.776462	25.086367	24.421014	23.938979	21.165595	21.446561	20.536032	26.536971	26.152775	11.189027	19.458851	23.319038	17.360815	22.856292	24.806972	11.518671	20.461475	21.244614	21.470896	14.371109	9.584535	24.309357	20.672378	13.473756	21.815263	26.148001	21.919863	20.342085	26.358211	14.494409	26.344398	16.751968	21.337519	26.185481	18.212390	23.679775	11.042606	25.794060	8.806005	12.471814	25.692346	26.576717	25.174558	20.836697	25.140497	11.706396	21.713013	12.408736	9.011994	19.109155	21.008988	16.020142	25.347304	23.040321	25.854795	26.667531	13.425089	18.370212	26.450522	11.564927	24.079437	25.722138
19.054292	23.418921	19.810399	26.698920	14.169176	25.814712	18.525390	26.039593	26.373978	18.885211	23.442247	26.238617	17.361366	26.511140	16.206715	25.684289	8.837769	14.513838	22.723291	12.905154	15.452505	11.978059	25.970565	21.813526	7.791617	18.557132	24.177415	18.529214	24.707462	26.712935	20.039796	25.529046	25.128733	26.680213	24.207647	26.560478	21.837930	17.275028	25.382118	23.346362	20.927766	19.746058	0.000000	22.815135	12.022125	21.773561	15.494222	26.240219	24.385414	25.440350	25.351073	9.032422	22.371928	24.742510	21.860646	23.281870	19.773120	14.428094	23.911061	12.426719	12.403284	26.251060	24.095286	20.489834	23.940294	13.632588	14.514810	25.939215	24.379487	12.922838	24.821626	21.754398	22.374960	16.601869	26.615431	25.505462	26.495025	20.817943	25.069051	24.527622	23.918245	12.090269	24.057287	17.125780	22.450376	24.938510	26.717654	18.097767	19.550678	20.229585	24.150341	26.106942	24.262410	26.315636	14.892159	25.264964	26.511883	26.682126	13.575091	16.850970	26.482602	25.056219	21.441472	25.721808	21.598610	16.068428	24.744451	25.384711	23.688305	17.073652	21.973918	26.068063	16.556779	23.140129	25.257099	16.650184	11.894356	26.474100	18.111776	22.716581	25.328278	23.739831	20.461428	15.681033	24.332991	13.288357	14.203290	26.162872	23.465495	26.678923	11.716639	13.050788	24.610211	22.909362	26.757125	24.016784	21.200058	22.399035	21.724115	20.560559	26.500490	26.537023	26.617658	25.712210	23.806031	14.741543	18.815156	12.701342	24.240645	25.106753	22.171631	23.956879	26.631942	21.838859	23.852658	21.205807	22.574025	21.550551	24.977999	19.102543	18.772827	25.960925	21.611417	26.112708	24.397571	26.579996	17.031866	26.435810	24.676982	9.599326	26.018121	21.363992	24.988361	24.579890	25.254412	14.569066	19.105598	20.610500	14.024168	26.747588	23.308624	26.307956	25.937079	24.521986	21.295091	22.536562	13.466876	21.944794	26.052762	23.894071	21.947794	11.054262	19.224902	17.463012	24.777696	24.829408	25.815788	19.202485	24.238145	18.143873	24.270836	25.981694
18.192940	13.917238	21.086397	24.908244	17.015319	25.282714	26.212474	20.125334	11.551528	25.004926	13.498611	22.724161	11.803018	20.314782	23.796593	17.785402	26.507619	25.732156	22.799978	26.432315	12.771698	18.353258	20.285566	15.870852	21.109966	21.698962	24.773688	25.416815	21.271600	25.475960	12.943802	24.907761	22.747412	16.543261	25.555327	8.155414	22.806981	25.769406	10.494185	25.299324	26.458538	25.590609	14.302192	0.000000	21.601170	15.611215	14.457269	26.362985	26.052583	23.526253	24.339355	26.219903	15.912584	26.707193	18.873157	24.115183	25.463608	26.319174	22.132526	22.978825	20.204674	20.926161	25.217390	15.271413	21.787196	6.963016	21.149600	20.798718	23.858105	20.493231	25.768839	26.203435	24.040038	25.653119	15.244098	24.624846	26.434294	18.133720	18.828965	13.837692	22.520957	25.049740	21.836984	24.400175	25.411689	16.193093	22.265717	17.650419	12.951419	24.544329	11.274434	26.718849	23.243194	20.111365	11.380586	26.755978	26.651891	23.246922	20.288338	22.366966	22.956853	23.069182	14.372645	23.831510	21.932269	19.631180	14.594735	17.684767	19.218952	15.042312	19.776978	24.364608	23.380496	24.413064	26.756951	26.201133	25.006145	16.294432	10.904060	19.089755	23.472579	22.077688	25.915328	25.949160	7.815419	24.743957	18.382432	22.867943	23.671561	24.202374	25.603374	19.816524	17.458933	26.650344	26.182347	26.386758	20.654542	24.223992	23.874254	26.191372	25.208856	21.161403	15.388197	26.270382	14.516798	22.869938	24.861412	21.722290	25.315148	25.791610	23.856314	21.120116	23.780560	21.451106	26.269788	20.753546	26.450302	22.675495	22.853662	23.418347	26.372985	9.558024	26.728288	25.479051	21.223898	18.978924	18.913886	25.899130	25.450415	20.179042	24.259029	14.145564	13.157951	6.596240	22.564154	21.248503	19.063539	20.286567	5.785271	20.421505	26.257057	13.364241	24.637562	20.526161	25.668263	19.790158	22.748423	23.850333	21.887764	25.596690	20.407822	25.338017	15.730856	24.182851	13.763054	15.077172	24.776769	24.603344	11.025134	18.156927	26.748489	26.296827
25.141862	21.937786	24.825729	25.868830	17.841130	17.673968	16.826354	23.415588	20.185965	7.303504	22.396398	26.436878	16.398800	23.687217	26.379336	15.263801	25.121839	9.033531	20.587705	20.137531	20.617621	25.207717	23.906704	7.274455	13.937371	24.529141	25.268453	16.121979	24.808360	13.639180	11.512340	23.864487	26.614371	26.094606	15.425250	16.871808	26.720678	24.000149	24.685744	18.612958	20.883579	18.308517	21.350574	26.640200	0.000000	25.831362	25.781877	19.224493	16.321829	26.733158	23.148490	26.503245	24.493699	24.770339	8.705700	19.019579	23.245496	15.567330	20.189874	25.861933	19.065489	23.154504	26.297440	25.249934	17.112055	19.561374	17.187118	22.679951	25.910132	18.190888	17.405097	26.579882	24.958934	19.738822	24.075545	24.295846	22.323402	26.167095	16.956666	24.791512	20.842367	23.016274	26.733630	26.254898	22.319326	20.750227	20.538502	21.076412	26.745345	20.764889	18.584153	18.406264	23.773739	25.497594	25.804499	24.930689	17.750599	17.076198	26.375054	25.315939	26.081333	13.420547	23.022948	19.983074	20.586915	23.578874	19.826499	26.403866	15.573662	24.876847	26.738239	22.645921	19.283474	7.984962	21.703235	13.124696	25.424205	23.420877	26.231299	24.704804	26.098485	24.127358	20.399274	26.334781	15.604875	20.936891	17.542492	25.988125	21.404114	16.690131	26.308844	24.158751	26.416831	24.760303	25.872388	16.478665	15.006843	23.960632	26.427201	11.084504	15.114301	23.624826	25.105833	14.291847	22.669043	21.979628	26.115924	17.028808	26.740821	19.280845	25.566257	15.188588	18.072094	15.246280	26.228536	18.664800	20.217245	23.242342	26.417416	24.684767	14.091135	22.896019	24.902644	12.739145	26.103179	25.783218	14.333086	23.123647	9.430230	20.839827	8.812372	21.948338	23.446089	25.512251	25.655824	17.114888	26.413887	18.504666	25.368049	19.575107	22.420467	21.455759	24.594027	21.118827	26.743183	25.111454	11.521761	24.174574	22.113578	22.092954	21.826381	19.583104	13.250587	16.790947	15.086830	18.267238	21.348067	24.927991	14.536774	24.650726	25.762852	22.341383
24.634084	9.361830	12.830368	18.144932	22.402027	17.057673	26.523603	22.036723	26.440411	20.872331	21.519840	22.378427	10.126445	25.872541	24.522763	24.858045	26.721784	18.212871	26.055102	17.045324	21.685601	12.632778	16.066078	15.478676	25.788479	26.419709	26.218591	26.757352	15.645536	20.414542	17.145145	16.756722	15.276985	9.540051	13.801170	23.544878	25.656772	17.894059	19.600094	26.701012	25.282192	22.149168	23.250610	20.241876	26.230379	0.000000	17.152001	22.420854	24.378871	24.984475	11.307617	21.771370	17.620224	25.055299	22.565332	25.605688	17.087089	25.450821	24.721164	23.434995	19.471731	25.602888	17.989927	21.213988	25.062410	21.409401	20.495151	25.029448	15.397385	26.382884	26.139110	25.772815	24.817715	23.192635	18.057775	23.959816	12.490070	23.081024	23.244746	26.589323	21.332271	20.217897	25.942697	18.114184	21.101875	16.735697	24.642969	13.242222	24.420914	25.851642	17.884656	13.575014	13.790461	12.724558	25.793364	19.676945	25.249019	14.534367	23.411179	22.565986	20.393356	16.746613	25.301913	17.283804	19.115076	24.800754	15.494101	14.536918	12.903311	23.821369	26.402291	25.911723	19.491387	24.411993	23.883194	22.092581	16.743624	24.309655	24.470344	23.741702	24.370672	18.571855	25.348909	25.808206	26.563050	25.887583	25.928700	21.564200	22.741595	26.226068	18.647758	24.282640	26.601890	16.852263	25.626591	25.329989	19.151482	26.334592	25.242885	24.943995	25.441406	19.154101	19.894951	21.812425	18.382681	24.804023	22.351514	25.877557	10.399057	25.521040	10.946533	26.017789	18.403643	21.542386	23.754719	24.695122	20.352027	26.644649	26.756199	21.966785	19.027874	24.444783	16.507712	12.104470	18.174532	17.484794	25.066801	26.555833	26.219390	26.629673	17.388617	16.948274	19.390052	19.492566	22.511998	21.891044	18.713423	25.543136	21.499896	21.545159	24.915261	18.900986	23.308891	18.952871	22.321654	26.050006	23.773665	22.946934	26.049420	25.207820	18.523097	8.838359	12.346466	15.379738	17.322323	19.928856	22.959778	26.741944	18.487957	22.190164	26.635365	22.384027
26.447588	24.197520	23.012100	21.219752	22.019825	22.510027	9.605597	24.360424	25.549753	16.453046	23.950256	26.283975	20.116533	11.486610	18.585308	23.727990	16.634772	21.145027	23.065919	24.827175	25.958182	25.927521	22.653390	26.371921	26.329358	25.480545	22.262825	23.635195	17.188246	18.657628	20.706626	15.060170	25.598914	26.146928	21.912118	20.713718	25.689245	14.358247	22.045187	22.962410	25.073403	25.397934	23.194155	21.532511	18.548533	12.606994	0.000000	20.228902	25.140863	22.125027	26.241251	25.983519	21.048502	26.518772	21.941583	23.970021	7.498278	25.078422	20.951771	12.594873	26.415473	19.640554	13.883340	26.488475	8.488051	25.347726	15.079281	11.147682	15.243073	25.041624	23.429740	15.947324	10.610974	26.259886	25.834246	12.815652	12.209566	20.695418	23.419495	20.173338	25.569929	22.502375	23.009748	12.806932	21.020519	17.453100	24.841385	26.442374	25.527660	16.110254	19.294900	25.386191	25.557092	23.638798	17.639076	25.467207	21.980435	22.308247	21.458529	14.928732	21.900563	25.058893	26.597611	25.859378	9.221942	19.260950	26.103153	25.848497	18.397270	23.653797	25.264615	16.791615	15.886519	23.575229	16.012692	26.275917	23.288515	21.598743	23.003474	10.980632	15.141304	24.040025	20.150356	25.096143	19.486650	23.545046	26.140096	22.433839	22.906788	21.096453	25.067800	22.983151	14.776744	20.906878	25.176410	22.677635	25.445453	24.185446	22.592796	21.596175	22.532668	25.665321	25.443294	20.854715	25.452847	14.962161	15.770119	13.845368	24.662746	26.535854	18.292497	17.180091	23.171286	24.533838	25.480202	24.837518	26.603049	25.724914	23.349182	26.666469	26.451894	19.749138	14.309353	26.441359	21.900131	17.339616	17.054765	26.161582	25.013087	16.074859	25.712718	25.263813	23.107549	25.852476	26.660476	22.877897	23.900770	24.403380	26.193618	20.372578	24.672566	21.837038	23.520615	21.513705	18.940673	25.538126	19.993338	16.508592	22.695839	21.882086	17.760595	21.616585	16.978996	24.988066	20.499167	21.328077	19.376486	19.397669	18.946084	25.349271	17.895094	19.405264
7.520236	16.969204	9.974119	17.978800	20.023637	21.780736	9.089177	22.033726	26.112895	23.434430	18.180812	24.241283	20.748659	18.794554	18.845000	15.440047	22.192462	23.458869	24.191574	24.088194	14.508845	21.829794	10.482345	21.224359	21.938181	18.036550	17.145513	13.902513	24.643316	14.047516	22.643192	15.511081	26.654890	26.604128	16.313396	25.886226	21.301684	17.304572	24.184621	8.264008	21.527760	21.137501	26.280809	25.253435	23.038032	19.897142	24.656239	0.000000	17.533320	26.167992	23.477291	16.023615	23.547524	24.648958	26.038396	15.339777	26.437588	24.068558	21.021005	10.822640	14.222873	26.354271	25.889508	24.376854	9.096794	23.449209	25.813409	21.013621	21.212046	26.015374	18.051973	13.141278	26.326124	25.417791	25.623067	17.645234	25.955076	26.191009	26.370588	20.744278	26.168859	23.237076	22.369177	25.494643	26.195522	24.950292	17.298632	23.867362	22.893583	26.213458	26.284706	23.241455	21.929491	20.163207	26.573994	21.279973	23.286562	26.743918	23.306230	20.534191	25.524512	17.903380	22.172410	23.514180	25.930595	23.783725	16.412246	21.638177	24.125213	20.578972	19.599181	14.970542	21.828114	25.485191	23.484708	18.508325	16.422321	16.764458	20.525144	26.467172	25.839904	19.522458	13.496102	14.332637	26.504739	12.311446	12.760943	20.672191	23.680458	26.600892	25.158157	14.368356	16.514049	25.621439	26.701491	17.384430	25.183634	23.982433	12.815219	26.509160	20.108827	26.437604	24.775577	17.189572	11.798345	24.856124	25.574237	20.337970	15.564645	15.825116	21.591586	10.790024	26.630609	10.511062	26.717191	22.959556	25.086222	18.167352	21.741490	25.747581	26.715493	21.712254	26.736735	26.498342	26.051679	21.349927	10.288261	23.506740	22.634631	13.539688	20.963833	12.719792	23.168928	26.473041	23.322614	14.077508	23.701093	24.689332	22.929009	22.462392	25.054471	26.464074	22.650094	26.512970	20.548591	23.381271	12.488988	18.439131	21.958281	22.841823	23.011196	25.583077	17.310785	26.723786	16.486601	22.526685	26.329565	26.416288	21.483986	25.940066	24.471858	26.221452
15.814891	16.256550	25.658679	25.141433	26.070411	26.328475	11.596120	14.633464	23.795015	24.356207	21.495229	25.633181	25.108946	19.970418	25.838181	21.520384	25.243287	19.126920	17.607330	24.682855	20.457988	26.247288	24.388198	24.367267	20.124759	24.287753	19.235595	22.202362	22.917511	20.392871	23.860508	26.000627	15.583050	21.878207	21.675637	26.075070	21.895482	20.354996	11.330303	25.360042	22.270170	15.559161	20.456936	22.723038	12.469138	24.232677	22.035531	25.683883	0.000000	18.462909	25.299271	18.345736	16.557464	23.924442	14.441584	26.702040	11.478841	26.019632	25.357538	17.327778	26.680735	25.017016	24.442686	16.580001	22.725062	25.314090	13.581922	20.991385	20.919978	17.922770	17.775949	13.584287	19.811941	18.606996	26.618465	26.709244	26.588885	16.362978	25.640790	26.575917	26.450197	26.537946	22.439416	26.021352	22.878679	18.980484	14.755878	12.947734	11.787120	21.108244	21.751193	7.466734	25.178470	23.194767	14.963968	17.981615	10.349676	26.526299	26.741124	20.703101	22.745940	25.761597	25.100347	23.832508	23.456268	22.922614	26.711289	9.128743	24.227376	19.104676	8.013156	25.369340	21.475629	24.974724	11.459079	23.309266	21.343692	25.843304	25.947169	22.457761	25.697917	23.193890	26.490722	25.364488	14.719674	26.036408	15.816848	24.032047	26.692731	21.810498	24.857601	10.143667	20.468425	19.376919	23.448503	25.476441	19.441268	26.008271	26.250868	23.782758	14.677475	24.108017	22.640411	24.949974	25.125272	19.993626	20.496079	25.036657	23.941687	21.037822	26.170140	16.723496	22.504896	19.665997	18.246624	22.164187	26.426905	26.432481	25.363178	15.000122	25.806198	16.715852	25.727461	24.102386	18.396238	12.597323	18.346765	26.151529	25.579085	22.138729	25.702930	25.598183	25.377024	23.592371	18.675528	20.074344	25.700025	24.164943	12.743390	17.862540	22.444033	25.661944	26.011046	22.381984	22.012518	7.370266	20.380386	24.122952	15.000200	25.242942	21.153331	15.176396	18.529876	8.425861	24.492995	16.535585	15.857795	18.639485	26.591667	20.505491	21.063777	18.367403
8.514989	26.729919	25.236917	16.617210	23.478137	20.054774	24.793834	26.624678	17.237499	26.093500	22.018748	24.235181	22.641794	6.644821	7.726538	21.908471	17.419139	25.479827	10.004733	25.381288	22.011974	23.324323	25.735141	25.936660	26.096239	22.934840	26.604178	22.457172	23.072000	21.222147	20.894299	13.592086	16.594923	22.331270	26.525704	25.442567	18.148293	10.442187	18.629138	20.325265	24.762571	25.274811	18.464085	23.862278	16.342538	20.105608	24.272628	9.598775	20.172114	0.000000	25.042953	20.389241	19.505642	25.358308	14.794637	25.727229	26.131760	16.674117	18.623643	23.957438	23.580548	13.364931	26.759789	26.407771	25.684187	15.162741	18.363621	17.991779	26.575664	26.745853	25.600215	24.125974	18.419409	25.048779	15.462113	19.170383	24.341965	15.313926	18.060467	14.222706	23.380569	23.092523	21.647055	14.659394	17.044616	24.956581	25.409838	25.148747	20.465179	26.006003	22.503939	26.308352	24.547605	23.558074	21.298023	12.907745	7.824066	25.624276	8.605389	15.862196	24.922561	17.190572	20.360647	26.364706	26.131096	22.019116	26.644344	15.184920	26.387467	24.674312	14.338955	15.998484	26.005180	22.200343	16.241317	23.782622	22.210779	23.484006	14.493160	26.503665	21.062297	25.117687	23.717872	25.760525	20.864925	14.284833	26.326079	24.275658	25.591267	25.866503	21.830505	17.815869	10.849518	11.056598	26.270915	23.356374	24.328320	20.541202	26.468932	21.551510	23.346733	20.907606	25.936575	22.760841	20.583588	21.934881	24.423442	21.250159	18.033934	17.176156	23.970454	19.961294	23.896658	25.858795	22.797280	16.970390	23.996925	22.987081	17.907469	23.946639	20.718216	26.757033	19.557925	24.858656	24.432232	16.745605	19.564182	24.947584	21.378256	19.170848	23.676710	18.648290	19.009007	23.701793	17.295771	23.908930	25.250347	20.190505	11.361286	25.820770	21.765384	25.785750	16.100425	21.259298	21.673378	20.032187	23.008111	26.347122	24.561320	18.036583	15.437420	15.203470	24.902477	18.866149	16.944947	21.060459	26.046988	7.649421	12.376015	25.680560	24.427402	15.122875
23.757474	24.005763	20.820504	24.564178	26.297370	12.809577	15.804719	25.421045	23.257146	26.714096	26.390883	13.995463	21.117228	17.443437	25.941566	26.155072	23.073130	17.833743	23.771762	21.257761	22.366147	25.352706	26.645816	16.128592	19.973187	23.997982	18.111477	24.822815	17.079163	20.212459	14.690089	14.263080	16.952132	19.062759	18.452540	23.384143	20.244542	24.600504	15.177065	18.155770	24.063731	22.428605	19.836116	17.243280	19.357641	23.090626	24.115983	25.391689	24.397400	11.998200	0.000000	15.087916	23.814373	20.977972	26.525957	24.922607	23.615393	25.628728	18.439330	22.125432	14.329515	20.272218	14.815712	22.997863	26.552492	26.724757	23.924152	15.569190	22.285584	21.848578	26.650673	22.562835	19.647298	25.091201	23.893665	26.130479	15.334320	23.898221	17.117909	15.251992	23.681967	26.003769	26.473253	13.599989	14.090286	25.199339	25.032837	15.381798	9.933168	21.154487	26.749442	26.328264	13.455792	26.008937	19.685141	23.080696	22.606084	24.425408	26.747982	17.535761	15.714715	25.069544	22.431833	23.151029	22.877968	22.772691	26.029035	20.390698	17.817403	21.141339	26.516640	15.480643	26.242470	25.419648	26.694687	16.169843	18.953843	13.367090	22.290030	25.065973	24.899990	26.075655	23.488675	26.242399	24.304079	21.923637	26.294653	22.007775	17.207960	12.069683	23.805926	18.307416	26.274270	18.007457	18.334262	26.704046	22.243936	26.275282	25.430013	8.423958	23.056619	23.623839	18.492153	20.964719	15.960594	16.118440	26.667226	22.097129	12.559163	22.635593	20.053612	25.594149	23.568032	25.953481	23.533253	19.861997	26.653018	26.475838	25.980487	25.088480	24.922105	21.867024	7.828407	16.924044	24.329146	26.065723	24.842903	22.012968	19.055110	25.610559	20.751397	13.765135	26.434633	23.142095	22.774452	17.841661	25.734498	20.925426	25.015833	23.298770	22.087539	25.367612	21.547771	23.873173	25.240774	24.628932	10.851214	23.737121	15.755583	26.274893	26.721542	23.239225	25.893237	14.578707	21.764506	20.867906	23.355449	24.904093	24.581445	25.213042	25.342391	24.782225
19.214581	26.146079	20.725993	24.737433	12.734213	23.521384	26.587012	12.594652	21.967395	26.530219	26.431011	26.214220	25.094905	25.333526	26.624891	25.810453	20.982266	25.766982	21.334574	26.481546	24.600867	21.178001	18.836044	24.699429	25.483659	24.427951	25.982428	13.740788	17.603056	25.735423	14.587322	23.334469	24.486741	25.238669	25.031311	16.982256	18.510335	16.191924	23.706971	25.814150	26.247347	22.983295	23.553089	7.848745	19.489057	26.528843	11.703358	20.003257	25.699259	26.510948	25.606499	0.000000	23.787851	20.933369	18.233246	23.799421	26.686511	25.000457	23.474264	24.744672	12.897380	25.843850	21.876250	15.018785	22.925414	25.706219	20.084099	18.346346	22.667197	21.758897	19.060015	25.612320	23.615765	25.792738	10.646102	11.862079	14.250815	16.732324	18.217674	23.665855	25.582724	19.734127	21.335345	26.638353	13.918450	14.254917	23.027426	23.318994	22.603340	26.620334	24.712293	13.080435	25.638645	23.320863	26.090136	22.409804	25.991708	20.504932	16.378728	11.201161	23.571448	17.852625	14.229838	21.767055	16.133324	26.406473	25.683302	20.729912	25.062553	17.885810	21.267170	24.234421	19.644794	23.233403	13.234057	19.258822	14.065964	15.106374	23.707910	23.036140	12.316696	26.534179	21.467999	22.624500	21.324179	17.905979	26.666518	26.651619	26.750913	14.792065	14.850350	22.630015	15.355647	26.543129	20.155546	10.783353	26.758382	20.591840	24.409821	20.589975	13.361982	25.769881	24.066615	22.293484	21.110843	24.111883	13.120904	24.041731	19.926323	23.392778	23.468293	26.700554	25.573681	15.660452	23.518167	16.904868	24.809875	17.818917	23.972434	21.732057	24.633936	14.088204	22.942064	22.095290	17.320812	18.346500	26.621560	14.878326	22.578273	20.215022	16.636164	25.934890	24.477222	14.007797	23.567566	13.137890	17.313132	26.086450	21.063230	20.795382	21.096511	26.569123	17.172187	20.823182	17.326941	24.852181	23.977607	25.882438	26.243771	9.181428	18.319848	17.344063	26.677345	22.574806	14.021286	11.690175	25.796263	26.030959	25.483577	23.447498	24.711215	23.548622
26.678128	15.828588	17.497100	25.995031	22.741559	24.800533	11.836249	17.766136	21.341402	16.358446	11.515131	18.171718	21.329709	23.701664	26.700382	24.020903	21.572947	22.460744	10.967059	22.179463	17.855009	16.719803	19.555027	26.622891	17.528215	23.231369	14.930766	26.692134	16.688471	19.844197	25.442465	10.694173	25.002106	21.672746	24.334658	25.037451	25.619382	16.780392	16.899004	25.659343	15.040655	13.024861	19.520381	16.831521	23.596479	13.227307	24.072214	22.340733	23.279050	24.533993	25.644966	8.239019	0.000000	15.285792	20.962067	25.767758	22.571680	26.049725	26.110015	22.843325	16.788328	18.522840	20.063910	24.442999	21.102666	16.437504	20.174595	26.571779	24.062644	21.210669	20.400484	23.780973	20.573477	26.501499	18.890669	20.668033	26.699940	16.387704	24.446110	19.486104	25.298914	17.088631	20.309845	26.327860	26.407787	20.320554	13.322401	26.588785	25.969266	16.374167	12.699548	17.791786	25.134545	24.764106	19.236344	21.981798	19.698327	11.056007	14.833509	26.138059	20.779096	15.996230	23.460505	25.440282	19.528585	24.245439	26.585921	20.014524	9.090026	25.462801	12.979413	20.969199	26.310159	22.672894	21.724222	17.745702	26.205169	26.314980	19.482027	25.165776	14.672634	26.174803	26.263221	15.915686	26.670366	7.068619	23.680719	10.432985	23.115000	24.772845	22.108488	11.948116	20.105777	15.472585	16.959119	10.627193	13.034525	23.886245	25.353111	23.141016	19.560957	23.226501	23.281519	19.781339	25.423261	19.137766	25.917331	19.506035	25.940735	26.584319	18.499714	24.537255	7.396491	17.977212	25.916385	17.501265	19.484155	13.018619	22.843232	26.169429	22.647676	26.740286	26.694587	24.403073	14.749635	19.120827	19.010652	22.049201	17.402817	18.934058	24.645877	12.210171	12.943808	17.158091	24.811179	26.573752	26.722447	19.453983	22.114901	10.913017	26.167711	22.690175	26.488979	17.865124	23.636259	23.202253	20.479500	26.161280	21.479206	21.960953	13.707159	19.760326	21.321650	17.031029	25.462135	24.045323	26.515091	14.499267	16.884679	6.761239	20.632120	21.031588
17.876180	26.373527	25.783904	21.060273	18.056140	23.996599	22.615193	21.025265	11.006793	26.329233	16.747737	26.382424	25.904688	24.302163	20.800859	26.705371	20.734888	23.318938	23.075751	24.987018	21.572775	22.293730	17.759845	21.880327	22.397021	25.903323	18.944007	21.349955	26.000291	26.079659	25.512402	16.098564	26.249579	26.610879	11.281574	19.345177	24.500495	16.793212	23.748825	18.320213	22.794232	23.605175	19.665893	23.115375	9.584268	22.674094	11.173993	17.859359	19.337594	23.969615	26.062698	25.665920	15.739431	0.000000	22.738685	25.638784	26.102176	12.128535	23.264112	25.723274	21.032287	26.196089	25.760377	24.431515	18.711749	26.656731	22.431774	18.889384	26.317870	25.709364	25.549589	23.845091	8.932414	25.465518	20.370725	14.385459	13.440278	26.590591	19.661799	26.134678	18.780069	26.440711	17.716596	24.830066	23.741581	24.254682	22.756306	24.712838	23.882203	23.321811	26.712587	26.509731	17.116688	26.238623	18.892399	19.752748	26.498521	16.301993	11.209575	23.894197	14.040982	22.929988	25.003113	24.315251	25.438972	26.017219	25.116556	25.306053	23.711864	26.409134	18.151734	15.963816	14.039102	21.775581	23.897437	15.755297	21.168202	21.560060	26.242350	19.945500	16.170276	9.754782	20.948302	24.523814	26.603375	25.915118	21.812203	22.167469	18.797020	24.360177	25.816870	23.271083	7.838098	15.550035	25.686355	22.419736	17.294472	19.675894	25.248722	22.065367	23.604652	17.673539	20.885600	16.794182	23.486695	26.061941	14.349791	14.844391	19.859529	20.197872	15.178895	23.961382	22.663564	26.114509	24.296342	25.848764	11.283158	19.020065	26.153200	22.367901	25.309102	20.839776	25.254717	9.830366	20.450275	15.388867	18.184298	18.849932	16.000575	21.661187	26.217426	17.053358	23.851641	22.275194	25.977373	23.264139	24.063254	23.920606	17.273061	25.723393	25.879486	19.089730	17.771939	25.019993	20.525561	21.530207	26.528783	23.226803	26.053259	23.983368	24.137347	18.039011	16.502105	19.973158	19.471002	26.042389	13.038479	26.045818	26.432004	25.267628	21.122747	19.832119
23.479150	24.787227	13.899172	24.256940	17.668864	24.472898	12.376254	23.802844	8.732500	26.240519	25.371913	19.471574	22.432437	19.866309	17.964698	9.079991	25.981859	21.197283	19.577990	24.453142	18.989441	26.008912	19.442857	24.966540	26.166766	15.669454	19.868662	15.918032	26.551995	18.804532	24.287152	21.070006	26.387545	25.948010	24.050925	26.416387	8.340110	16.302481	23.207048	21.768708	19.279293	24.756135	24.695712	21.336087	25.053091	25.369601	21.415525	14.589733	21.498157	24.508069	26.207308	20.500361	24.991363	20.983369	0.000000	21.520130	24.711045	23.209729	25.362311	21.839959	25.454332	24.191343	18.930028	25.590595	26.601666	20.017202	23.999263	20.691985	14.688897	21.019646	24.963032	26.731893	20.526043	24.245931	12.514346	19.775701	25.927548	11.598602	25.793082	20.515859	21.487424	22.678453	25.668282	18.545371	19.942841	14.390565	20.421249	21.307344	25.331655	24.483311	25.330135	15.589194	24.573932	23.966691	25.929136	24.654838	13.856774	19.147990	22.813575	24.289200	25.354749	18.112210	25.099436	26.726441	26.755777	20.600790	24.446992	11.469984	26.733863	22.637083	17.318181	13.312644	25.131913	21.791293	25.864605	14.564481	26.235188	25.399761	22.663395	23.461837	25.662597	22.456742	24.275885	25.849972	26.243752	26.032963	22.824077	25.605938	24.187317	23.267929	14.990838	26.756632	13.081306	10.868908	26.336363	14.116184	14.301315	19.027311	21.947803	23.145605	14.759607	24.683399	24.579662	20.924954	15.464424	26.545330	26.755463	22.771618	16.207948	26.752654	16.745067	26.626002	25.485072	24.407480	6.421943	26.159266	25.821906	16.316271	18.983113	26.535103	21.253975	20.824643	7.469590	22.293207	20.505772	24.543746	26.758125	25.272171	17.757643	12.746415	12.660397	24.772103	19.655011	24.039583	18.458608	23.064310	22.173719	25.041386	19.654200	21.512566	21.893703	18.179835	23.138368	14.749064	22.052641	18.819381	25.867127	25.423732	18.847199	23.270998	26.658233	15.730332	18.613118	24.100432	16.439295	25.988445	11.687086	23.858136	25.413901	21.776139	22.821786	26.175690
23.265433	23.784829	25.489842	25.527128	20.714808	16.725731	7.667688	24.888372	23.095078	23.027277	25.282597	11.227580	16.310392	20.267820	21.668355	26.269161	24.657795	22.499368	25.844771	25.036913	26.367727	21.159011	22.642401	18.413241	13.617871	20.874280	11.981090	22.832426	25.339369	23.911560	24.325549	16.507630	26.567071	21.381674	14.878199	22.492843	21.024241	16.130087	19.336761	22.901066	22.017535	24.093152	23.485167	19.491857	24.760873	25.923890	20.255617	17.161578	18.869412	20.037364	15.318061	23.773234	17.752469	23.704250	24.037211	0.000000	14.640698	10.974650	25.293897	25.083525	26.387558	20.623847	22.959751	25.490680	15.649819	22.060594	26.059395	6.679703	22.247150	17.887428	18.192767	18.156250	14.163507	17.660478	25.717396	26.083562	21.276248	25.750981	26.532120	24.935424	19.505031	26.469527	23.740485	15.487338	16.537725	24.676032	13.838728	24.311876	13.488950	17.538469	15.124518	16.929092	21.559834	26.001999	23.697806	22.709713	23.694973	20.658159	24.271820	26.759248	25.760883	10.219801	20.468446	16.020019	21.025225	23.429021	23.579779	12.186657	26.423182	5.929452	15.232845	22.737812	23.600214	24.963730	19.039946	26.277976	26.595164	16.837963	26.241673	12.113492	14.908288	26.553952	23.667219	24.866135	25.296175	24.855513	21.756816	20.961258	13.883696	25.671192	13.308741	13.968168	26.069192	22.609098	13.902427	25.703772	23.386669	20.068253	19.268866	23.795459	21.715227	15.012162	13.800089	23.782938	22.511282	26.282242	14.208884	19.484258	14.212208	23.908338	21.089274	20.165408	18.497973	25.790038	24.823693	23.291096	25.710249	23.723577	26.395225	18.701380	15.320160	14.360737	19.350374	24.425601	24.815566	21.141179	9.404523	22.380235	21.004297	22.328084	15.179372	23.642737	26.446930	24.210125	26.039816	26.741898	21.212485	15.455317	25.773413	21.862777	15.220868	14.710053	22.189075	20.899806	15.590581	21.890556	16.441606	18.695089	20.458004	9.351901	26.446593	11.453486	25.762837	19.551999	19.988086	24.248797	25.783449	18.085517	23.120525	26.658607	23.897733	22.917269
26.163085	23.448342	20.379187	26.679290	25.770426	25.499694	22.214887	21.661525	24.554599	23.398799	22.280409	20.919270	26.720236	18.209804	24.173177	18.139325	20.711584	26.350574	16.631404	17.514671	21.870840	21.181118	24.962338	21.051688	25.848562	26.269028	20.678311	24.450992	21.922084	24.395895	26.147909	26.439914	25.140057	22.438245	14.295829	19.321700	26.328408	17.025447	19.763448	25.912283	8.157468	24.116837	16.847016	18.599156	20.551018	21.862420	25.076886	19.827436	24.465130	20.765912	12.847880	16.455081	24.595285	22.275595	21.907764	22.454989	0.000000	25.181954	13.016318	23.353132	9.413943	24.800183	12.930460	21.311834	18.424983	19.502875	23.536593	25.993770	18.736184	19.587191	21.452810	26.111254	25.181966	7.828010	21.824866	26.727300	21.810279	17.951993	26.283211	16.098830	12.354834	20.145385	19.325828	25.524157	22.492996	21.467808	25.153780	11.805954	26.554350	20.536828	24.796894	22.994117	16.686198	26.713194	24.477804	21.254020	25.625298	8.743335	25.132004	26.106163	9.446920	19.883464	17.476670	25.848693	26.739171	26.758574	19.381548	14.525176	26.136017	18.716164	20.702420	24.413535	25.486110	8.679081	14.260336	25.200016	26.499272	17.953375	25.867141	25.805678	23.069052	25.253538	26.515359	25.350351	25.160743	13.545368	25.547229	25.478027	20.743264	26.731021	23.145506	26.552084	12.468817	23.314934	22.137684	25.405182	10.557977	25.610619	26.149847	15.334594	25.408687	25.839409	23.557815	26.448317	20.133729	22.435846	22.637739	20.450231	25.585325	25.585747	25.941969	26.217591	19.646029	24.206850	22.444474	22.495401	23.529228	24.660243	8.670719	18.539038	26.580752	21.041720	17.576746	22.965905	16.530324	26.363257	15.388971	24.106168	21.862766	11.961596	22.985242	18.739772	25.264110	11.624049	23.100830	20.485412	24.550270	18.472711	26.703484	17.971217	14.879127	23.218282	18.966092	24.928132	20.052926	18.635657	6.887212	25.330439	12.494653	25.991067	26.303853	20.045390	12.132888	22.485079	22.647183	22.068778	25.781327	14.363479	21.479348	19.887217	23.470361	22.095539
26.631411	21.966928	25.350338	13.060575	25.943746	21.380564	22.624858	25.444190	18.490102	24.167644	25.434398	21.126726	19.060442	26.092412	10.292695	20.811128	25.309831	26.139297	26.273229	25.625674	16.579090	20.658482	24.045950	24.993604	21.314754	12.896421	26.327108	15.172911	26.249204	23.887976	21.607124	12.936688	22.281895	20.616768	23.168027	18.546561	22.293029	26.541479	20.772165	22.020663	26.629440	12.888550	21.711799	16.691580	18.131012	26.660367	12.879209	26.606417	19.942404	18.869727	24.696945	21.868606	23.090595	20.089452	23.027366	23.535530	13.817473	0.000000	19.735911	26.314779	25.598608	17.716953	26.710538	22.592767	21.296428	14.436752	26.048202	5.532078	8.637648	26.566898	26.392948	21.250032	26.105342	15.540980	26.123802	19.701094	20.334305	24.214599	17.611664	22.010718	18.099590	25.384195	21.895450	26.404574	20.522947	26.459959	26.647027	22.345803	15.231047	26.665734	19.778094	23.273650	16.348080	22.775581	26.380119	15.618957	14.755288	25.459257	26.053753	18.887082	24.352595	23.127032	13.741568	19.571644	26.179037	17.948550	11.473027	25.971153	18.994107	16.820245	24.847546	19.115319	14.157545	25.789813	22.815151	26.400372	8.800241	21.917383	24.277912	17.107548	24.888777	17.613877	23.073369	23.293104	25.672251	22.801458	15.703835	15.771658	19.397808	22.327110	25.432911	13.891887	26.637013	18.731650	22.512179	19.607065	22.163864	19.540311	19.808128	21.164429	18.002969	26.326148	14.584790	17.901723	24.678576	21.610170	24.754250	24.872971	22.801323	22.115872	17.453859	19.444688	22.327839	15.006657	22.945736	25.747570	16.383298	25.518749	21.224227	12.008914	17.238521	25.221897	23.467640	25.891053	18.392531	23.538637	20.858941	22.931366	24.507551	25.871153	23.020889	7.645583	23.084257	25.809901	22.491087	19.876100	25.444579	22.465688	25.005131	23.224087	23.789478	26.299276	6.250711	24.833897	26.586581	20.417810	22.249999	26.259040	26.702092	22.650979	23.716119	18.438911	18.904671	19.382470	23.439361	24.290688	20.855688	22.758054	24.900182	26.122398	23.186885	16.917660
26.264983	26.368984	15.659546	26.488027	19.334547	25.890713	24.904381	18.050259	25.073218	15.920730	25.265192	26.530833	21.310264	11.647917	25.928816	26.512250	20.701948	18.652259	20.522241	18.523704	25.956778	8.525233	26.566375	22.074491	24.007439	21.567131	13.006112	14.770078	19.735048	19.455472	17.142920	13.051389	26.220615	22.774051	9.249071	20.412495	24.160665	18.989134	23.481455	17.936456	15.581066	25.908419	25.373371	21.454381	25.685031	22.425662	22.882927	24.024801	25.967458	19.898293	14.844405	25.341472	26.187193	22.128735	24.943485	26.247955	25.131470	17.691435	0.000000	25.247156	25.313397	19.309577	25.026219	17.110293	26.016548	17.936570	23.105564	21.618865	15.188238	23.167869	18.524119	25.904471	24.918590	25.700785	19.730783	24.592604	14.403297	23.159208	9.937284	24.325153	22.380707	26.675886	24.384102	20.732803	19.519359	11.754987	21.152512	26.661581	26.326404	26.652047	26.422255	25.552350	19.849342	8.768176	25.915694	22.165267	24.838642	22.375389	24.836582	24.884628	23.862204	25.160467	23.914438	26.643883	10.224922	26.275126	20.621524	26.100197	23.456550	25.894921	26.496890	21.952892	21.929522	23.442469	15.871074	9.812262	24.365103	18.487383	16.016822	18.622113	20.795121	18.962561	25.155489	26.625980	12.061517	17.593395	26.305833	26.696571	24.382524	25.569574	26.130362	22.512433	16.049087	24.760940	19.771573	21.376607	20.565399	22.865227	13.855882	22.552484	18.338305	21.812765	22.142385	26.314205	25.809332	19.905472	24.014471	15.679731	17.689213	26.541019	24.569593	22.102646	17.746002	13.290242	16.389838	25.882888	25.389542	20.153971	21.698146	11.642880	25.971299	21.371756	16.168079	11.522737	25.666389	23.991371	24.976621	24.936376	23.974221	26.246995	16.688537	23.651628	12.838766	18.392539	23.740341	7.673328	20.987490	20.506335	26.447410	21.841986	26.415415	26.509084	25.468710	17.963326	19.012395	12.625717	21.598991	17.436773	26.205559	24.632986	23.118640	22.740315	25.235591	26.721137	24.504278	14.219771	14.990434	20.491227	23.614807	22.544966	25.085827	26.220567
25.744566	13.105570	9.693097	11.590975	16.424915	25.315288	17.500029	25.409217	25.214761	12.051073	17.873960	16.701803	21.921058	19.689682	26.223740	11.420092	20.227266	19.784108	24.017567	23.046245	26.004744	26.613930	17.957393	23.561399	23.399789	17.088328	20.045060	20.154789	25.200200	25.631697	14.227462	26.068571	11.001305	24.503044	20.411530	20.584340	15.780936	24.899186	22.063868	24.449756	8.758778	20.579219	26.640213	25.147284	10.879317	21.324984	20.792520	12.993060	24.578791	25.546082	20.714130	18.560114	24.934596	18.632247	16.917830	25.251364	25.986729	22.444402	24.835427	0.000000	17.069183	23.461450	25.719063	17.600135	21.447284	26.668889	24.525796	26.666614	13.515622	24.573430	20.221755	23.818104	11.256904	24.188334	18.711517	21.794823	25.495820	19.379530	13.729733	25.887323	19.089741	21.603133	23.269335	19.335566	12.892680	25.509344	11.362410	24.113552	26.606970	24.116666	23.155122	20.456467	22.905232	19.699492	22.528477	25.486419	17.449614	18.945057	19.530131	19.689304	26.525303	23.976636	16.416365	21.564537	23.440318	23.832119	22.435591	16.023765	24.870969	21.181346	16.974384	20.252693	26.189215	20.440612	26.392684	25.783534	9.141015	14.892176	17.133825	17.759232	26.622587	23.702163	25.525271	25.576175	14.550547	17.477442	12.927061	17.155348	25.643210	11.789138	26.757765	11.134104	23.760224	17.861670	26.752145	23.844328	13.717842	23.655496	25.533237	25.413765	21.251144	16.948295	23.416371	26.058206	22.280691	26.538823	25.066523	18.775056	24.270196	26.744205	8.552142	19.976000	15.986458	17.773644	8.927309	20.964383	12.214514	7.552463	26.734882	16.409058	24.978125	16.309983	25.982489	23.066963	13.641871	26.542602	24.268528	21.539407	26.476199	25.113877	19.820362	22.322594	25.144630	26.754599	26.132451	23.044713	17.617903	20.542407	25.730355	15.221484	20.800935	21.463358	26.317550	26.583594	23.717407	24.832776	26.444829	24.764403	25.391649	12.168880	18.195590	17.628291	15.298062	18.107964	22.916725	26.508252	22.488399	24.993388	16.291744	24.971637	22.400260	24.441428
19.449177	21.802911	24.250797	23.595653	20.021172	18.286083	13.196800	13.786608	25.124921	26.077177	25.384030	26.454894	22.885200	26.682437	20.632946	16.192545	22.683315	11.595119	21.429924	24.996774	25.577155	22.495051	21.936442	20.604217	24.084429	19.682128	26.727291	25.535080	25.877210	13.878280	14.855152	18.375804	18.400711	26.218760	26.755648	21.287123	26.189007	26.025183	26.212710	23.829087	24.152365	26.225509	22.094944	11.110192	25.804535	23.929830	17.643829	25.975727	15.234224	23.465630	21.892884	26.328345	19.680616	18.970914	25.783491	26.687457	25.598089	15.218156	11.715391	21.328293	0.000000	20.080629	25.441220	20.950231	25.181685	25.536346	16.207154	23.497248	21.606485	13.950324	24.107542	16.756043	25.583295	21.371190	20.510637	25.840601	16.495405	22.238873	15.235202	25.615954	24.978226	16.705031	26.571985	23.844459	25.844876	15.304156	24.226847	26.693027	8.394928	25.526005	26.560308	13.148456	26.429994	25.693223	13.872128	13.323763	24.119376	25.402817	25.502620	23.584696	21.365612	22.468731	22.089808	21.997864	21.330734	26.251018	20.153572	14.416786	12.450346	25.508770	22.818120	21.456296	17.603983	24.454943	21.887254	12.777088	9.047699	26.483239	19.522467	26.414680	23.773866	26.252731	26.205781	14.840911	25.973253	25.848242	15.382847	13.826033	22.327308	24.113953	19.148316	20.559399	17.904241	25.941881	25.800216	21.264582	18.221957	21.719575	17.052454	25.605669	26.331321	14.714644	16.116875	20.369833	13.348643	24.127648	14.917722	22.280390	26.423922	13.005317	21.729470	14.205694	22.020478	23.643148	26.440745	22.380970	25.985830	13.058616	26.111068	23.891755	25.621447	23.984415	24.545677	25.287574	17.466168	26.212192	26.736750	26.220583	25.766234	18.461978	25.537763	26.569875	26.697502	23.020352	19.739375	17.592274	21.725232	24.033351	25.500153	23.790556	10.289416	25.877666	26.441360	25.726151	23.884777	21.391737	25.901558	12.454771	14.688800	26.211965	18.146590	21.982488	24.838333	25.960624	23.947510	16.644845	26.674754	21.568147	24.077298	25.497401	25.251170	22.012626
15.583244	25.805266	26.031960	24.121333	25.405080	26.423856	17.722355	25.680481	22.329031	25.742945	26.380723	22.391087	23.596787	26.256814	25.233277	19.014955	21.532458	20.133850	19.413548	10.744906	25.709712	20.648115	15.463631	20.613964	13.061505	24.874694	23.979380	24.703132	19.259623	18.876167	25.325666	24.943393	17.781924	19.192727	25.466626	25.821888	25.956143	19.876894	23.433266	24.238885	19.007513	8.740893	23.146982	17.901001	10.403671	19.676874	24.650852	19.949211	14.452160	24.651091	25.050525	19.144135	12.839020	7.836885	25.431351	25.620181	21.368117	20.350507	14.174428	16.664473	23.601396	0.000000	21.522453	25.973071	25.305138	20.465932	23.502861	24.860199	15.749982	25.441828	23.591129	19.910787	11.716782	9.833654	18.174615	22.678620	11.591109	26.379363	26.737376	24.000590	16.817355	19.281660	21.738866	25.786784	23.943627	15.021705	24.228303	14.200940	26.611105	23.240227	25.381634	24.833698	17.459048	16.893450	23.481975	19.168356	23.748044	26.251825	18.604252	24.775665	16.873084	14.410677	15.459870	15.234942	19.869658	21.583373	19.894497	26.294039	26.374608	26.610842	17.736868	26.595339	20.036785	26.422166	24.328817	26.500992	14.622193	23.756532	26.163730	26.063880	16.446611	26.237440	24.966370	22.201337	20.430686	24.921785	18.657591	19.602942	17.607794	26.642177	24.372751	20.888332	23.764622	26.647859	24.131241	20.079930	13.041025	21.495570	26.578079	16.003875	26.172599	24.575710	18.251929	19.651966	26.632376	22.508351	25.204794	9.789166	6.585085	12.689584	24.529035	26.380788	21.834880	19.824213	26.141526	17.768923	25.337807	16.167961	11.240212	19.204688	26.685461	21.653392	26.601746	19.442231	26.482418	25.002854	26.615226	16.075756	25.605424	25.555748	24.642241	23.213556	24.701975	15.854997	21.074464	21.447075	20.261687	26.633209	23.615442	24.538614	23.510874	24.308290	26.262798	22.640250	21.674147	19.182676	22.241403	17.593873	15.642241	20.234844	16.616054	25.268708	11.563634	26.716365	24.943059	23.410188	17.974728	18.623917	24.253690	20.157064	23.079987	25.691660
15.493986	25.002194	21.438157	26.046730	22.849998	24.483038	26.063545	14.038505	24.176268	24.204190	15.603450	24.742961	26.610244	26.493010	17.220752	26.436491	13.266774	25.816717	26.138925	22.224289	25.917500	14.960724	19.722325	23.535841	19.811812	24.663667	11.729287	24.156728	24.244613	26.618779	26.655120	21.923742	23.137690	19.380060	24.061036	20.631004	26.546432	22.762899	21.531656	26.457334	24.899367	22.824245	22.835327	24.308748	22.192469	23.242708	25.259304	24.905658	23.659353	12.589890	25.816890	19.386464	24.627024	22.722259	25.036336	26.585412	24.504719	14.892565	17.065149	25.926093	11.621004	20.732006	0.000000	25.925740	26.644753	25.121588	16.133594	24.760740	17.747384	26.219926	11.926531	26.758494	19.312678	16.580227	20.558621	21.440212	22.089412	24.003226	13.692439	12.983245	18.940494	17.162472	22.652254	26.565558	14.775737	25.983564	25.911907	24.330916	20.378428	26.442989	21.525409	13.093950	18.225669	24.379994	19.394649	21.807290	23.252610	21.051612	26.609170	22.500571	23.153453	5.670567	24.255817	23.952358	26.722296	22.725344	15.280083	25.617471	19.386548	18.533822	16.636526	23.098061	24.484248	18.861927	20.633710	18.898538	25.552887	22.825501	24.076079	26.662964	14.353065	24.192684	17.578340	12.286053	18.666765	19.197891	13.004317	22.438592	17.593850	18.782529	22.941382	24.582737	17.082745	20.248888	26.171827	25.259034	26.096261	20.079616	26.009886	26.470412	24.078778	21.997234	13.815894	23.355871	25.224603	19.917499	26.685863	18.329928	19.002091	18.480292	12.865807	26.132196	20.214438	23.219091	26.380703	16.288420	15.033472	12.562202	23.147255	15.152319	19.324561	24.160178	26.755978	25.908851	22.647401	22.494325	15.374984	20.532816	12.627798	24.237558	20.847778	10.830322	19.209598	19.803467	19.340115	26.612247	26.491064	25.802975	8.937069	14.853115	19.686386	17.274863	13.802973	18.445712	21.955792	20.117889	25.541648	26.014927	19.685980	21.832639	22.599586	20.803574	26.299109	25.565825	15.054940	7.752961	25.545158	21.883595	25.735706	24.973463	17.421916	20.171433
15.714126	6.623717	26.202256	25.116849	16.307293	12.803156	22.467119	26.455313	26.073497	24.677608	22.990425	26.382762	25.661240	24.619732	21.737929	16.976036	22.435294	24.649295	20.882097	16.332353	13.432144	25.701545	22.285722	22.444878	18.998039	8.797563	20.007130	9.238500	26.134232	8.779858	24.122017	25.900411	26.304940	24.902862	26.398398	20.256447	25.976456	18.988589	26.468305	21.684271	20.010491	26.263561	19.419615	26.655315	23.710612	22.853989	23.082580	12.652868	24.975859	21.736517	15.004555	13.979917	24.796417	22.932848	26.069877	12.406370	24.020091	25.771123	20.376476	24.776869	21.179816	16.294888	19.393133	0.000000	23.754560	22.361206	22.441352	19.401349	14.473767	22.649888	20.628531	18.496940	26.117171	26.651390	20.209292	25.954400	23.537463	26.710046	25.468259	25.301423	22.263642	25.586408	24.504959	24.014975	24.166049	19.547189	26.397191	14.040352	22.898518	21.399847	14.307543	25.911954	25.843302	15.864676	24.202812	22.714382	16.479539	25.727154	25.544228	25.570377	26.278485	26.269369	26.384711	20.011080	19.083614	15.364430	25.667116	22.210112	19.292251	26.714693	23.928254	26.643541	23.971401	12.964553	11.977196	6.947775	26.075542	21.880682	23.338920	13.115044	17.561621	26.413894	24.927781	26.755668	24.767002	15.068114	17.294091	20.230636	18.523047	21.459302	14.286094	25.416701	22.377914	26.069451	23.409857	19.891496	26.701476	20.597575	18.065993	26.232831	21.060131	22.998237	25.822306	24.809156	19.310956	19.245181	12.991452	23.258788	22.824680	23.951100	25.231957	14.289044	23.879430	19.608736	23.067985	12.336788	7.358423	23.276812	24.539791	24.600291	20.476943	19.509864	26.742657	21.716993	23.435180	18.321802	12.433800	23.986748	26.755383	24.318836	20.133189	15.232148	13.105547	24.674445	22.497998	26.550870	22.667940	23.768977	26.621579	23.988626	22.163578	20.621879	20.153508	21.909112	22.281917	19.778907	25.314654	19.116345	22.830708	25.593099	16.892244	25.151074	18.700151	26.416860	23.305162	25.655963	26.444204	17.498798	26.570964	26.661649	26.456081	21.117855
26.354202	12.869297	12.980506	12.287362	26.244323	23.828514	21.205544	17.862779	20.776564	16.601055	24.612223	11.746803	22.903434	20.188143	23.728479	25.842913	18.130947	20.998666	13.810934	21.300270	26.256272	20.930235	14.813501	26.703536	14.662148	24.835973	24.568222	21.068769	26.024306	17.828058	21.026075	26.722069	22.153175	9.354931	23.807411	24.539797	10.791763	24.042137	24.889041	26.660614	18.851486	24.251577	14.856866	13.232815	21.825103	19.295205	17.761954	25.452658	24.435286	25.484940	16.457281	11.960934	26.655532	24.270685	26.249661	16.284713	12.774330	18.751877	23.544663	23.719644	19.528161	19.698752	24.050862	12.808215	0.000000	15.156244	26.229618	13.490898	26.631566	21.551621	19.673164	19.353273	26.692544	23.886652	24.729873	19.146098	26.684184	23.669837	8.583842	23.710178	23.890892	25.455312	24.244079	26.522857	25.673227	23.636467	26.632887	26.299457	26.701435	26.661294	16.407835	24.991120	17.760422	19.098080	21.436968	18.809833	23.195336	19.532283	26.360593	21.726361	23.132024	25.491825	22.721431	24.316841	15.722170	22.700323	21.488755	23.984925	17.291697	20.162315	22.646560	24.423164	7.578453	21.695727	26.565857	25.064295	23.280181	24.081157	22.617809	26.066562	21.761530	23.428941	20.693525	11.964904	22.722819	21.771405	21.817078	22.488096	19.939984	19.447399	26.258477	22.748106	24.013838	21.714154	23.853441	19.816047	25.084435	22.314711	17.833824	21.636562	21.322912	26.323096	17.822640	14.204140	22.032654	19.631952	23.435217	17.456535	26.604587	25.594020	21.116011	26.062383	21.306009	22.576265	20.866136	26.690984	12.510720	14.741871	24.063348	26.288154	26.725154	10.505901	18.418791	19.490625	17.616537	25.250694	24.527574	26.659678	22.215204	9.821366	20.213162	25.785747	22.369677	25.704486	20.507299	20.482656	19.138828	26.656112	23.899197	25.228962	23.978906	26.558802	12.958629	25.658064	22.686083	19.128858	9.742886	26.113580	26.127686	12.435325	26.474830	26.706114	19.623082	24.168146	20.726901	24.283515	19.775913	21.924607	22.136666	12.911325	13.898363	25.685872
23.056917	22.980653	23.821489	19.358394	24.104718	25.431348	11.134610	12.463863	20.937861	26.742051	25.295928	24.011024	23.983147	20.664162	25.723751	24.778867	25.188752	18.913946	24.050898	22.028379	19.653771	26.112880	26.629535	24.488914	20.598320	25.644423	8.051613	11.261547	19.242568	14.156764	22.886429	22.157073	26.488041	26.580484	19.202364	17.192247	20.266555	24.915785	19.448549	7.858015	26.130630	16.605856	26.084198	21.116629	22.414958	18.286736	26.609938	19.704111	25.049644	21.563384	20.706767	17.942515	15.515787	16.469405	25.518201	14.917579	18.874953	25.487663	13.254334	21.663652	23.794258	19.292228	17.882263	18.237291	25.708185	0.000000	24.167495	21.230610	25.029627	20.998846	21.566790	20.376277	18.106980	13.178420	22.619871	26.677614	16.538934	14.137632	24.308984	20.374225	19.481572	21.388682	24.555203	26.752299	25.353466	13.616933	18.406031	26.655410	24.768599	20.798467	23.756545	16.295139	26.719565	17.052527	13.944199	24.145282	10.529848	25.423442	6.679165	18.940972	24.974967	25.471427	16.817562	25.737642	18.596963	24.036808	19.511257	24.720965	15.787991	20.745175	10.779558	16.740348	22.744564	18.855810	24.393263	26.612470	26.717042	23.445961	19.582748	22.582433	26.050389	12.742923	15.424828	26.721872	8.599669	26.465662	23.444494	13.946541	17.208859	25.458691	16.226681	25.529687	26.650396	11.636447	14.207423	6.950739	19.085440	25.453359	16.359793	9.699895	17.943715	26.419792	22.896603	25.887484	26.581059	25.785276	24.301187	15.472096	13.171147	19.364237	20.627632	17.525771	18.048337	25.080062	24.181881	24.125934	22.285482	11.684570	24.499357	9.889608	19.123813	24.699552	25.390789	22.567403	18.090760	24.498237	23.592929	26.227787	20.483910	11.119297	21.976860	26.696357	26.456116	16.225767	19.590847	21.005026	22.946606	14.153289	25.034261	25.685727	22.399922	23.449054	11.753666	10.839875	19.735608	20.286732	15.051605	14.737752	25.812046	22.957179	25.797107	17.417933	21.137085	13.624787	20.394973	24.215278	18.345691	26.296775	25.110890	21.914575	15.954589	24.355306
26.299465	23.483254	26.522703	23.815514	13.791857	17.177009	20.657270	18.452456	24.742340	23.763688	14.672314	26.589477	25.585643	19.504762	24.519984	20.743897	23.632480	22.035119	26.107185	18.670482	19.008193	17.750972	20.817312	19.211544	18.616614	25.385555	24.532502	24.701291	24.812238	20.858349	23.851508	15.320694	24.184818	13.177169	24.647801	26.487946	14.900081	14.804732	19.824722	23.334287	21.547143	25.055693	24.514873	11.745566	26.152617	22.299742	24.530669	26.553393	26.486082	25.529832	26.119941	21.789121	16.336073	24.095645	26.229130	24.019063	24.744014	22.145129	25.234833	25.315547	26.271559	26.539755	25.156504	23.088600	20.233221	17.668685	0.000000	26.741011	21.504416	16.651436	20.621456	25.434246	26.549016	23.647035	22.879049	25.605530	8.398013	25.613295	21.086841	26.042618	21.164993	19.204037	9.781135	26.308708	20.963094	18.853677	24.230756	21.227827	24.555805	13.387326	22.931755	18.535910	16.333055	16.332346	24.880517	12.638402	11.356447	15.518914	21.122459	18.117862	18.932054	24.571578	24.943928	22.655661	25.372676	15.532942	12.591625	9.067034	24.032060	21.671747	15.638725	22.580481	19.920852	24.976984	21.588032	21.662281	16.601657	23.519355	25.855130	18.174966	20.522128	26.272103	10.406744	16.133722	24.638469	24.175946	20.074924	23.449057	20.435408	25.046567	24.106564	24.343522	21.376312	22.107240	24.023154	22.137166	21.494806	25.813284	26.681574	24.769961	26.746192	19.124874	15.983445	23.853794	21.833142	14.077217	7.529917	19.754126	23.851828	25.963729	21.597557	24.784025	22.887663	13.095145	21.845545	12.866734	26.352342	19.734353	23.451712	22.190428	25.904207	23.448290	25.929566	13.094852	21.318767	16.180031	20.432592	18.705764	24.818216	25.142913	17.647256	24.605916	20.220273	16.497647	22.426128	21.960697	26.507961	13.489371	24.635302	18.714643	25.191126	26.730125	15.103188	23.166773	18.074509	25.507173	22.951188	16.460101	26.659469	22.740477	15.643162	26.735088	19.833173	24.137067	26.032961	24.575666	16.595990	26.080195	23.662148	16.377038	8.064495	16.420697
20.251188	17.659739	19.687335	15.572763	21.045468	25.637845	19.500685	11.138724	21.274330	25.925564	20.833970	21.813596	25.278534	20.316069	19.516098	20.523396	16.784388	8.712688	26.078165	21.792201	12.567446	23.521609	25.129307	24.230771	20.562041	26.611709	16.297414	15.580025	22.009190	22.530980	12.468060	26.504652	7.471189	18.830819	26.622526	12.275377	23.121145	22.124178	25.435569	19.686414	25.976992	26.731455	25.882948	21.669389	26.607482	11.138934	21.522392	23.065906	14.854405	19.793516	23.378237	25.054838	26.441684	18.525537	26.748246	23.986440	13.688921	22.491316	23.183756	23.894542	15.457644	24.095332	14.694297	9.318334	12.748290	23.861321	17.938046	0.000000	12.948696	14.444252	26.669917	19.378352	21.022300	24.468260	24.557079	19.881515	26.051878	24.114713	25.735722	20.482167	22.265684	25.179862	9.410580	19.890647	12.143915	24.869993	25.113616	26.159257	23.281488	17.428622	26.082604	24.860517	23.316573	26.642834	24.182950	22.363919	20.207107	16.575335	25.400143	22.482297	26.432560	23.708171	24.926101	20.523726	26.083839	24.191395	24.048647	26.366186	16.571610	23.863993	26.114699	11.683291	26.438451	26.403793	17.910233	26.655052	22.277055	18.710359	7.664026	19.431332	24.473006	18.298014	21.605737	22.745849	10.552594	16.184866	25.291556	23.391204	24.526337	19.883727	24.973068	16.277889	24.164991	15.443842	23.424163	26.581874	17.572771	25.658142	21.568420	16.141199	26.492064	26.699201	25.711257	20.688353	7.747141	16.951569	10.643495	22.340778	26.217313	25.591777	26.738264	22.343678	19.613345	16.649588	19.686124	26.578218	23.032146	23.491179	20.440738	7.078951	18.529469	14.994752	17.598970	24.947359	23.030597	13.446855	26.404076	24.190790	13.653612	18.525487	14.906383	24.639407	17.072540	21.313985	23.073807	14.900706	22.073517	23.466416	23.798870	23.546009	26.206110	22.640518	17.896063	26.472035	20.094296	26.270124	20.597560	23.276264	20.349741	16.866273	8.541563	26.732143	23.857567	24.506567	24.915175	19.303491	26.748786	25.526838	16.264563	25.274931	23.798249	25.564761
8.453106	22.990301	20.664714	18.085971	25.560766	9.640737	18.146580	19.151988	21.509951	18.717300	20.350770	22.941754	26.672572	25.037251	21.606367	22.047293	25.357673	26.307553	23.678748	25.185987	13.897684	21.768713	21.207712	21.459904	23.993774	22.414403	23.644874	23.648870	18.108166	16.314703	25.083331	25.830964	22.516452	21.233502	26.714219	18.887425	26.189959	26.676155	26.759136	17.990628	12.997404	13.711753	17.649178	21.707849	23.974451	24.728528	12.695390	23.303918	24.321523	24.043518	19.373352	25.130197	21.397423	25.820159	22.951720	23.021694	23.765421	16.463022	20.829812	25.699270	22.521373	21.897897	25.491689	20.570739	18.159652	25.298029	8.489921	24.446925	0.000000	25.909860	22.280611	26.096584	17.120366	10.763135	17.243961	12.586194	26.489542	22.790631	20.329571	24.560202	10.828136	19.110961	20.632623	10.974950	14.930401	24.648300	20.383870	15.533919	25.107928	24.854811	25.300465	26.344356	23.502635	23.041881	24.192146	24.088479	22.282432	26.426741	9.017869	22.661690	22.394452	12.642892	24.786206	26.546295	24.183075	21.306432	12.834511	26.677017	26.692483	20.892911	20.007673	16.926187	15.749165	21.980029	25.675809	20.933585	20.465748	26.579120	18.302820	23.269137	21.070716	22.319765	14.949002	24.029040	22.191300	12.782451	26.441019	16.162850	21.491934	23.290972	18.675659	22.023035	20.490648	21.055829	21.574821	25.884679	26.187798	19.223700	24.209266	23.343883	19.941790	19.704135	26.678958	14.239111	24.317907	15.751483	26.401252	25.558987	20.912002	25.433180	25.313728	23.638205	24.689368	25.923833	24.318227	23.450416	24.711524	22.591215	22.678350	18.644458	19.350334	11.081472	18.877500	26.637941	13.795274	10.263901	24.441573	21.143612	24.833921	26.245288	20.866602	23.677488	17.710659	21.454809	24.298598	22.004437	26.616356	18.458289	18.821036	26.563690	23.303288	24.957896	22.087969	24.232249	20.280770	24.914066	26.746137	21.498818	26.759315	22.381061	25.320931	11.736552	17.191313	22.813771	22.430518	14.264064	25.908634	15.998893	15.430262	24.324450	26.004704	18.258302
7.234587	10.197111	19.976206	25.472539	21.569009	25.344905	18.830833	25.514776	22.007715	18.375220	17.853871	15.563104	10.571190	26.228307	26.353049	16.012350	23.144625	21.472168	11.048783	24.195873	22.708750	24.121614	10.851218	23.432916	20.190086	19.000688	25.538985	25.530229	21.783004	23.947364	22.758411	26.154113	13.708364	26.634150	25.437058	20.159256	23.923906	23.713454	20.391878	25.935955	8.813925	8.197231	24.350110	25.273793	18.017341	19.901054	17.644346	23.925255	18.575389	22.289030	13.980801	8.632260	24.307749	22.996221	26.387587	11.810334	16.629176	26.563761	10.391926	23.172247	25.575364	13.930894	22.752235	9.923324	24.504296	22.537356	25.123322	24.210735	24.950591	0.000000	22.512880	24.078183	16.622454	26.727456	26.568912	25.240633	26.589768	26.027847	24.934896	25.188225	7.870537	22.988099	25.432566	25.862262	24.676846	19.415344	25.372745	26.022202	24.718406	26.748128	26.222182	20.678514	21.080462	24.779446	17.411456	26.066550	12.918439	23.625993	9.595214	16.531792	24.458101	22.697136	26.012449	26.399228	25.552267	22.421021	18.566518	22.793104	22.464661	25.289330	21.661352	24.555166	13.057202	23.081509	25.975214	18.045069	20.457329	23.397938	23.878051	19.492750	26.502674	11.988421	16.997009	25.233680	22.299598	25.616888	26.169752	16.644202	17.596207	23.505467	18.689286	25.973179	24.945714	24.721832	20.999021	24.720988	15.556996	13.032328	16.556554	24.366204	23.497870	26.161259	26.214312	26.682286	26.055605	10.719648	26.704368	25.626525	25.266142	25.253801	20.729938	22.381322	25.010980	24.921101	24.184131	19.342808	25.821366	22.298241	25.460822	26.172723	25.711772	26.062100	19.777559	15.777255	22.773797	25.002420	26.496710	24.276218	23.714336	21.472363	14.579020	21.341093	26.183774	9.721593	18.511602	23.683827	22.901568	14.787118	26.493494	24.899171	23.504687	15.004218	19.526710	25.177319	24.091281	25.591640	20.174447	13.555390	23.777436	25.864947	24.840117	17.728989	23.880807	19.359799	19.988096	26.666289	16.657295	26.643439	19.688251	24.796901	24.841167	18.380379
16.922300	10.166065	26.345583	23.648665	17.124343	24.481921	21.840396	21.390356	15.913563	22.950363	26.646186	17.112707	22.197981	23.894419	18.402209	12.572887	22.399912	22.006639	26.635731	22.041892	24.877426	26.694145	22.328888	15.459180	9.409055	22.314721	26.370775	15.433872	26.370910	20.436099	25.781397	24.286245	20.121806	22.362664	26.055028	17.426602	17.455790	26.301646	14.092251	11.444372	23.961683	18.295891	10.497762	26.452808	22.070993	22.047315	26.412765	8.322641	15.179257	22.858596	6.577805	26.694664	22.335307	24.032885	13.461200	23.015024	25.964516	8.933271	16.035133	24.251303	13.216445	26.306281	22.272585	24.312271	26.487215	26.582872	12.393321	13.847859	20.846814	20.801937	0.000000	24.535129	18.816814	21.666656	24.504318	17.698582	19.690745	25.285446	14.633528	25.330088	22.715862	23.661674	21.853741	22.047232	19.883147	9.980160	26.465933	26.726326	18.137597	26.092114	7.709135	25.423379	16.205610	23.762150	25.656905	15.103145	25.079624	21.695051	23.329229	26.650351	24.848853	26.439846	23.601005	25.130270	26.278123	15.610201	18.033130	8.267049	26.452101	25.508952	23.430687	23.647985	25.971774	26.624277	22.924013	21.126250	25.533829	25.003343	25.013998	12.686562	22.715866	24.333696	23.317083	19.511529	23.328296	24.518229	21.536033	25.632734	25.611139	25.703894	25.704404	25.163161	20.842370	24.828398	8.335819	25.966849	25.646003	24.726633	11.551982	24.045046	23.008750	14.571875	24.383307	23.039046	23.150449	23.552301	23.075078	26.658495	20.246272	26.741001	22.387955	26.689890	21.606330	23.072584	26.668060	21.719240	23.938228	16.671858	9.370258	20.382542	20.997846	26.011043	14.339373	11.763511	16.638612	23.404388	25.733769	23.533537	17.750028	26.507781	16.095708	10.216917	21.205645	19.510598	23.680447	16.855153	26.129000	23.359035	26.267543	20.452430	25.884815	23.884683	25.205250	22.984307	20.646673	21.479324	24.781828	26.602801	24.306126	26.660343	20.350811	20.373335	24.006068	23.307951	24.208433	18.859124	18.020399	18.589712	7.532426	26.568956	24.018426	26.461650
26.525086	19.924761	15.466369	21.772988	14.265890	24.502186	18.182183	22.009942	18.899273	26.295237	24.087953	15.975306	22.737710	24.724541	24.189416	20.449001	22.797662	20.389262	16.901975	12.654324	23.545768	26.146880	20.429669	24.330889	25.281408	25.795919	19.608187	25.301458	25.415441	13.550889	17.110194	10.586240	25.692323	8.160275	25.568169	24.797241	24.947444	25.459785	26.450802	26.253650	13.461530	20.485012	24.596272	14.860504	18.336966	25.165856	15.095458	26.221206	22.691710	18.779622	12.789827	26.341297	11.754473	16.669887	26.596302	20.280986	22.694537	22.194427	21.321758	12.427082	15.522771	25.726036	25.100074	23.164016	26.532551	12.929489	26.329095	26.731287	25.048239	24.442175	25.318211	0.000000	25.846654	16.619473	21.769372	22.435501	17.103223	21.631677	16.230937	23.694367	17.721022	25.406832	26.604013	17.546909	18.747529	26.662782	22.789540	22.704691	25.622109	21.733990	22.281550	22.898842	26.376737	14.199319	13.644001	26.431335	23.099122	16.954525	26.447167	26.424707	19.937371	22.880953	23.125544	20.413054	12.120372	24.894495	20.879099	23.033555	26.613015	25.806151	22.703220	14.478645	16.288783	20.112576	22.651846	26.140297	26.286106	26.737108	20.032323	21.968292	23.575735	17.180639	24.685414	22.141025	19.667698	26.043352	24.493806	17.510270	25.202447	8.728930	25.577137	16.352959	8.287215	25.336662	25.090752	23.595337	26.010427	21.783059	14.451448	24.935794	19.615444	26.310996	25.560399	7.087367	25.516080	25.808140	21.453602	14.572738	25.002770	26.596338	23.508483	24.993476	25.030765	21.371380	25.842413	24.980836	13.971218	22.955152	25.943761	24.720630	21.685220	14.495263	23.732896	14.811924	22.120391	22.120936	26.504266	16.113925	23.589246	24.800972	26.674916	22.387769	16.508910	16.859424	21.033847	22.622215	26.576795	24.557606	20.190859	21.357967	25.157347	23.145899	20.531916	22.886974	19.340742	26.667097	26.428519	20.735726	26.156660	14.734903	25.060938	25.934715	19.561942	18.631844	14.122060	21.433307	26.741815	17.531447	15.714745	24.278459	24.952591	13.576927
21.457377	16.101220	21.100527	20.730661	23.507603	24.797712	26.555688	18.416637	26.434484	25.260240	26.371963	14.892529	25.334553	24.480626	26.111911	22.322108	22.819329	18.477522	26.109453	24.382494	25.956105	23.260159	25.364737	16.287832	17.612642	12.999918	14.024553	16.709391	24.055359	25.993125	25.701392	26.051322	15.523556	26.486736	25.684330	20.937457	21.865624	26.495752	15.324983	18.606628	22.946023	15.484401	24.343221	26.203832	17.572922	24.863554	24.831197	25.387230	25.617378	12.701824	20.978164	20.372727	24.511705	16.178609	25.563525	26.332987	24.253896	22.429914	26.107227	23.980186	13.524292	25.490663	24.126667	26.673668	22.526449	26.004028	19.225324	25.467893	23.748916	26.122807	24.380319	26.670633	0.000000	9.922700	26.758340	18.785017	15.290906	11.033691	22.557198	23.116503	15.641636	17.333530	24.076634	22.670580	25.433281	19.137123	25.903489	25.704041	25.145190	25.269209	24.535567	19.720089	20.268929	24.235085	16.658295	22.807785	16.568798	12.717045	20.057751	24.204983	26.539497	13.234532	15.607785	20.915528	23.995715	24.989242	17.238388	24.127300	25.499147	19.328122	26.575334	20.473909	20.392100	21.605469	24.510871	23.255192	23.370690	24.696086	26.029360	22.578011	21.139731	10.150886	26.364651	26.202687	25.529874	13.020579	9.245281	18.953065	20.635498	21.988906	14.817741	26.667263	26.311294	23.479993	22.772825	19.424611	25.982388	23.627111	26.443746	15.966062	16.882381	12.686122	26.287767	26.564116	13.557527	25.125191	22.701951	18.065710	26.062612	13.770844	23.810476	23.973023	14.070295	12.614227	25.947513	20.095142	17.306707	18.738647	20.874610	25.994767	26.416452	23.868334	10.722452	21.993540	21.942450	23.797683	21.754582	23.934275	12.613887	21.784843	16.805332	20.796520	25.083607	24.736122	26.671977	24.709595	20.590491	10.452373	19.571270	25.877483	12.351373	25.381125	10.729345	17.316568	15.388093	16.032068	11.541151	20.446439	22.777383	24.084205	15.023884	21.290166	22.732914	22.360042	26.514830	19.620919	21.216840	19.987954	26.614562	26.544678	26.036129	21.259889
25.098732	24.979437	26.628436	21.859479	25.220699	24.416957	26.072514	25.645034	24.704335	22.972046	24.402669	25.800470	24.115981	25.815953	12.730572	22.806284	17.321292	17.923814	23.916401	12.459282	24.304441	25.582816	24.446071	10.208763	22.183558	20.297318	17.086753	23.741606	11.218442	10.906711	18.081912	22.876482	25.337813	21.857744	25.754725	21.434244	24.336992	21.096411	24.342080	18.807036	13.161218	23.843441	22.392320	24.120589	24.950646	21.499788	25.002680	18.592421	20.287153	24.862995	20.644185	14.158543	18.140640	25.296634	26.659699	22.716062	23.545247	21.142981	26.082468	22.549515	25.942698	26.142825	19.432352	23.162742	23.620177	23.947257	21.490101	23.755919	23.731471	22.809991	14.648703	25.077235	26.037965	0.000000	24.038157	13.258564	24.157626	13.496229	22.551920	24.591266	24.510999	9.110623	24.213855	26.420477	25.324645	24.311952	25.414178	25.750375	18.879808	24.258048	23.763771	19.018577	14.732721	19.932983	20.567636	25.155381	10.430672	21.815179	26.493926	26.473557	25.366330	13.225695	15.711596	17.385790	26.720525	20.530426	24.636701	25.094762	18.284560	13.961348	22.285462	22.740699	21.337161	18.228684	26.246978	26.619254	24.485230	17.696821	23.606958	20.031431	25.320950	25.145306	24.705392	21.153034	17.728774	26.465108	24.342434	26.197648	19.182972	14.172391	8.619414	19.699008	19.826969	10.874101	22.946970	12.463963	20.140060	24.927329	23.318043	16.704416	24.669722	21.563537	8.271379	25.057990	25.581935	24.331927	25.563268	23.840479	22.646830	22.031533	21.810399	23.867705	21.976901	24.126019	24.119575	20.251449	19.791681	21.871165	11.755787	20.753936	13.374015	25.464695	24.910985	17.461010	16.437910	22.913990	19.386811	25.400350	23.727401	23.700346	13.169864	18.424332	18.678687	23.548822	20.572830	25.873322	14.110051	21.646365	25.947359	26.614575	16.549471	22.504500	22.172359	25.094999	26.621404	25.496314	9.081589	17.894042	14.734721	26.411983	24.403653	11.989438	25.832128	26.058796	19.152642	14.957975	22.771651	23.313073	23.519616	22.906465	13.472004	24.646104
21.248129	14.667628	26.050797	23.940061	21.656094	25.778843	24.166063	23.702888	16.600169	26.242859	26.243395	21.938408	21.970999	13.791623	22.742151	26.713442	22.619718	25.176263	26.682896	23.922376	17.985778	24.757761	24.282504	22.984471	15.138141	22.715793	26.009037	26.626922	26.378960	23.685550	23.208024	26.478070	24.884397	16.661202	13.246821	23.415087	26.467916	24.554184	20.675192	26.194500	22.360258	24.334812	26.194969	25.458790	25.906032	25.113548	15.776541	13.254758	20.239813	20.865790	26.582084	21.772061	26.161947	26.004746	19.210960	20.513475	16.966035	24.235628	11.800692	14.754215	23.774045	26.387160	26.451827	23.904417	18.013314	25.019506	25.187591	26.300994	24.127045	12.568843	20.025130	26.421554	26.668984	24.628422	0.000000	25.824486	25.837700	16.503449	12.277488	21.500768	22.721709	15.274520	24.072068	17.641032	18.907660	21.825903	10.523375	22.664979	25.255947	19.596123	26.635837	26.263065	26.472345	25.958351	23.060221	26.269904	14.699873	20.950537	15.209729	12.975481	21.220393	15.894889	20.121579	20.073158	26.315296	25.056511	23.210031	21.424031	21.862923	19.312892	25.773471	24.481810	23.448357	13.840401	8.995460	20.242044	19.545602	13.365596	7.280445	26.570920	13.354383	11.363994	21.600206	25.982450	25.939368	24.592736	23.850624	22.117672	18.602834	11.062191	18.757081	15.464252	22.832726	10.322293	16.127520	25.243869	22.617869	24.246667	25.880541	19.188037	14.301078	16.121003	21.180880	22.654657	13.828981	23.776075	20.904533	26.576089	24.407551	19.957834	24.675325	8.849887	26.541098	19.423273	21.729080	25.390704	22.139639	23.353985	17.224258	23.784928	24.883050	7.513317	26.051291	23.786746	26.458178	25.466374	26.502456	26.686755	18.691796	26.257021	25.312642	24.662385	22.558110	24.897102	25.310830	25.020674	18.386742	9.659049	14.493302	12.488244	26.598052	23.588890	21.554974	18.711243	19.618146	20.916998	16.105371	11.438884	12.409791	24.850330	25.976101	25.893918	14.932520	18.824558	25.902623	25.819860	26.583662	26.397739	20.907930	10.997867	12.228239	23.921844
21.210176	24.031875	26.739472	15.670721	26.621428	26.110665	18.749580	21.598797	26.757721	22.364858	26.231201	25.724425	7.792129	25.344746	23.268168	23.058942	11.437487	25.576388	25.565574	25.637515	21.200236	24.741259	24.833970	25.601374	21.445201	7.170597	20.689157	25.821825	21.366952	22.968761	12.810782	24.495922	21.058380	19.921277	20.898204	20.006341	11.976517	26.417441	14.424971	26.257585	21.148877	23.498907	25.949086	15.359952	23.514886	25.208976	22.536215	18.870280	25.705357	21.610389	22.160390	22.435758	25.851006	25.487421	18.456669	21.650193	26.202161	19.752035	25.805851	26.129821	17.932288	17.533790	26.174829	20.910517	18.779583	24.615804	25.022224	10.547942	26.014360	15.419251	25.193721	24.551985	15.000756	24.777622	24.732808	0.000000	24.647137	9.826082	21.136767	20.045006	20.738039	26.394249	26.646468	18.856484	25.576509	22.927728	13.557035	26.262781	26.552690	23.468938	18.599973	21.870330	17.264309	24.350516	26.462811	15.738850	19.318801	26.371787	20.642193	22.652993	26.193454	24.032570	22.813532	25.058072	24.300911	26.243609	18.677196	12.664694	21.740876	26.512715	17.148617	25.757811	17.955457	25.248611	23.948774	15.784507	24.388084	18.440734	16.621360	13.095264	25.185044	24.663215	11.089067	21.485942	21.199423	25.526939	23.353379	23.841842	26.620517	20.837037	21.129676	17.541465	23.884458	24.303379	20.741095	12.284375	26.056095	26.646005	26.595799	23.533868	25.518201	15.190409	26.030852	21.281230	25.223372	14.506590	26.314872	26.756096	23.527200	22.323607	19.474011	12.565619	26.442446	11.910152	19.465734	21.525202	11.073677	18.505319	16.493411	23.910754	21.112792	26.730384	24.185925	20.053112	24.343360	26.109497	22.504467	16.774072	24.916388	18.864339	21.267060	25.552134	24.654045	11.305623	26.071211	15.541735	11.966458	26.628639	26.408768	19.239292	10.061840	9.887421	19.681688	24.913327	10.409590	13.027666	13.480948	22.641770	25.393415	20.161737	22.532178	26.608393	7.320123	18.841295	22.319366	23.723135	17.136402	15.451362	22.160935	22.664056	24.175791	25.611075
26.103500	10.224900	23.572064	26.645192	26.384290	26.107964	26.268792	24.181812	7.232422	19.591186	21.875669	24.865131	18.944904	25.721322	23.641229	26.523999	18.724359	26.733909	26.164117	22.979422	20.765349	24.073550	21.994283	16.964110	23.562427	25.278091	26.070053	26.484501	26.173363	17.101861	15.813291	12.527708	19.138268	22.510796	19.833820	26.719530	22.405676	25.150407	21.741440	23.995907	25.825119	23.864498	26.512319	18.408856	25.162070	15.569168	25.908447	17.512155	26.278117	18.453914	26.432028	18.469840	25.611787	26.639554	24.893192	22.949031	25.201228	19.079219	13.405533	25.821004	12.152121	25.247024	25.063536	14.879556	25.426111	19.289553	26.668513	22.699890	21.163862	24.359270	20.969490	26.398209	17.464416	24.586201	12.490328	13.218560	0.000000	18.957962	25.469424	19.876990	25.869699	13.308414	26.380277	10.190823	24.901326	26.628195	9.466820	22.333275	22.513754	25.057464	19.243991	22.979003	15.146836	25.165128	22.044567	20.211672	25.819737	22.187371	25.924549	25.443263	26.723165	25.015324	14.479757	16.511209	16.529485	15.642092	26.204495	19.708346	20.506898	25.491707	5.981827	11.301626	24.994307	25.771904	14.123149	25.862085	17.788430	22.898732	24.372196	15.598731	26.374330	22.623913	25.800012	25.315508	12.540759	25.167313	17.046278	26.599163	13.343399	23.856138	19.175778	7.235364	12.310055	26.736664	21.853412	20.066529	12.502908	26.371449	21.639879	25.979762	12.951023	23.078365	24.881243	16.424340	22.007089	26.497903	23.318188	26.707886	21.746326	25.516573	23.876292	25.109153	26.413303	26.357970	20.409389	24.468030	24.097215	8.235028	26.551510	24.786031	23.622076	23.721554	26.653162	26.392781	26.751529	13.587119	26.716186	15.131253	26.102003	26.400132	26.017719	23.772740	11.933964	24.132658	12.662121	24.314462	24.967123	21.904593	24.217050	21.175109	10.257597	14.404456	26.733097	26.688782	24.776332	26.054400	26.449573	24.222133	23.757794	24.350653	25.507223	11.187863	14.902741	13.422480	22.952752	22.658281	20.251873	26.719378	23.521418	24.692137	23.671465	14.978515
25.806537	15.754162	25.942702	16.978322	21.767447	18.046254	10.053896	17.694611	21.735936	19.345903	23.101119	25.622868	21.663173	10.261726	16.060541	19.930056	24.857450	23.716997	24.426687	16.928605	21.321626	24.420089	25.937207	18.488407	16.995375	24.327458	25.053035	20.158141	24.404429	18.856265	26.646615	26.656895	13.236144	25.319863	23.538706	21.943370	21.553378	26.488582	16.656463	24.209503	18.403139	26.670915	24.031608	15.957313	25.461726	22.991098	14.419684	18.099797	21.871853	24.315252	25.921691	17.930933	23.923892	19.570240	18.239254	24.902674	25.776193	10.751370	26.341638	25.887641	19.267273	25.498244	26.506377	11.394740	24.468312	25.411441	25.064031	12.978265	16.820227	20.463139	19.378412	24.314124	19.107198	19.432566	18.772238	24.389563	24.968634	0.000000	22.608074	25.003438	24.548978	26.260352	22.394162	26.180512	20.044692	25.758973	26.058254	26.215652	25.750100	25.087628	13.285599	26.326576	20.928474	14.888452	12.875441	26.672169	26.546033	25.870274	15.749785	26.612614	8.834109	26.282633	21.267300	17.139013	18.182057	21.499185	18.945727	25.857264	20.731435	13.537465	20.643410	24.973276	19.172211	20.428695	22.053057	24.996400	22.887347	26.366165	22.687300	10.973476	25.275562	20.713339	21.924801	24.626433	26.302970	20.934262	26.727990	23.422228	25.618808	24.292327	23.268066	23.739846	20.612640	18.281760	26.347791	25.160126	16.172763	19.263742	25.140556	17.020565	21.833560	24.148961	24.045446	18.975328	23.722736	16.983972	26.581053	24.789457	23.178555	20.456598	24.276173	18.807643	20.995141	24.989015	14.658866	16.327087	23.196845	25.121160	24.504088	16.661468	23.584486	16.652107	13.230411	16.032944	20.452707	24.633849	14.441989	16.724270	9.702075	12.229500	26.183050	24.246611	20.160899	16.174665	19.114553	24.945935	24.823258	8.386340	11.716699	18.682019	21.265487	19.561041	23.569572	26.749894	20.524942	17.248399	20.918393	20.802247	19.617553	24.362739	23.310764	16.393128	26.643467	15.819764	19.582780	17.183776	18.663970	26.571828	21.686617	25.747206	26.225500	23.206923
26.346849	17.227845	11.414534	16.477301	25.190153	23.083436	21.583398	25.361778	13.877976	21.447199	20.083365	17.578185	25.624477	26.743262	21.690109	19.148253	18.512280	15.803963	15.697738	26.464125	22.773231	23.464676	23.782510	26.720873	23.189291	13.019636	22.094818	26.289416	17.994116	21.694217	26.211240	14.237064	26.354503	26.074857	26.325829	26.442768	21.340941	10.465531	26.501508	25.755746	23.287847	22.850703	10.431263	20.747307	26.720247	22.385035	21.778894	26.429439	23.624268	19.528714	25.593818	15.253359	9.222331	24.484156	26.643352	24.652726	23.912476	25.452378	18.569815	14.733808	25.326833	24.422717	25.645734	23.619918	8.526547	17.975514	25.308502	15.266473	25.409481	24.603407	25.730940	26.019123	19.199282	17.914526	26.293687	19.741377	24.488244	20.740748	0.000000	21.040519	25.293200	13.147462	24.537270	22.336054	25.458796	23.678489	20.348959	11.270022	26.275035	22.382431	22.610630	25.620737	13.464677	10.540913	25.852939	25.934827	25.835853	22.920973	24.182400	24.507315	19.613435	22.424897	14.038589	25.568927	26.580561	21.546745	26.338753	26.103031	26.613571	17.607507	13.894665	24.249588	20.392757	22.822595	22.888070	26.163710	24.001685	21.998612	12.603803	16.273183	9.731398	26.759048	26.126893	23.510946	26.124801	15.329090	16.049591	15.003509	26.318369	26.663851	25.600708	17.173211	21.553530	13.550824	26.617962	23.605104	24.275334	11.036992	25.755641	19.061478	26.459690	25.610531	25.024127	20.397836	26.739829	11.547532	21.905713	24.688429	22.344612	26.414958	23.670184	20.748978	24.421488	26.380697	20.186503	23.258564	24.493452	25.892959	15.127086	26.086705	24.989137	24.539394	14.060636	20.884215	19.427958	21.197885	25.685558	23.334661	24.616017	25.611456	12.769884	18.670596	22.760672	20.272679	13.213670	22.264579	25.079935	23.249216	25.407249	20.001537	25.419189	19.698172	26.401873	20.301999	17.293969	8.944627	22.167327	23.334360	15.432578	13.314059	24.351223	25.667981	25.774044	24.295707	26.152643	17.139515	20.640956	20.985568	22.810549	11.735703	21.376087	15.138509
17.925570	22.439153	18.899809	20.258549	10.643996	25.843843	22.182163	21.007794	22.737367	26.748923	25.250360	8.526286	22.552075	26.749288	22.941957	26.613890	17.659935	18.102193	25.986831	26.373280	20.975483	24.588819	24.203944	25.084926	25.340386	13.665163	21.334866	25.069404	25.572114	22.913521	26.491922	12.384397	19.787890	17.693938	25.699679	23.026221	26.675411	14.762290	25.966928	22.262309	10.164730	18.357795	22.431182	13.208267	23.841451	21.729722	21.378927	26.709020	21.990601	26.319330	25.699160	26.196026	10.253467	10.168316	26.235386	23.204731	26.260508	25.968955	25.118010	11.644354	25.967631	20.323510	20.889413	18.978113	20.012440	19.997068	23.723673	24.751821	25.529749	20.567085	13.328758	25.402884	19.592125	22.227512	18.890802	22.706409	25.272444	19.069940	17.213437	0.000000	26.181789	24.084076	26.649581	25.034387	15.477430	20.069319	13.143143	24.052169	22.772000	16.545065	20.824835	21.609356	26.357667	26.539220	24.529449	25.653468	23.357263	22.168878	17.704503	18.489282	24.278038	22.082882	14.967118	16.687509	16.827175	25.326363	14.519802	20.811596	22.949646	14.741973	25.090523	24.463787	13.966844	11.826304	17.618288	18.907320	20.907003	14.903925	15.859829	26.534698	23.696462	26.218979	16.163645	12.590226	16.018576	20.141849	26.015513	11.112098	24.625041	22.214397	26.586481	14.709905	26.337577	24.535535	18.198509	23.788523	12.954696	20.910488	24.210361	17.662222	22.822715	14.672626	20.995396	14.637759	26.572224	25.922358	23.345655	16.768155	25.677001	26.491777	18.293382	25.605458	20.148748	24.351851	26.118848	24.501081	25.912718	23.872723	19.926843	24.109335	9.503362	25.893259	25.398605	25.522756	25.340786	23.572997	25.273183	23.809118	23.350116	17.320412	17.419004	26.691748	26.726223	22.803541	25.401221	21.280580	26.496442	19.934510	24.115961	26.316426	14.790872	17.116350	23.307096	26.712497	24.135285	26.487144	25.072881	22.455569	26.107352	24.436857	20.346698	23.280395	26.588776	26.499383	26.249170	24.650872	26.214497	26.091523	21.163226	20.826114	15.612480	19.068366
23.031075	25.800664	26.314794	23.239516	24.113655	25.642322	12.681939	21.289002	24.485588	26.275194	20.727976	11.259982	13.455322	25.492638	24.048940	18.577349	26.243482	26.122573	25.123375	23.155036	15.946810	25.473259	25.517989	25.509140	25.646413	25.444268	26.294657	25.761706	25.566897	14.084145	13.248971	20.221249	9.872515	26.551836	23.008582	26.650104	10.401053	24.148132	21.037278	22.211599	22.459259	17.570154	19.159830	21.785287	24.724050	21.082444	26.382911	23.455129	21.656184	26.341927	23.247791	25.371167	26.002820	26.636338	26.716934	25.494886	23.671591	26.447519	24.925230	26.641391	22.944571	25.561233	19.617018	21.334209	21.573359	18.061683	25.356777	25.906140	25.720187	26.516013	25.418329	26.511860	23.524640	26.702291	13.682495	22.887879	17.781861	23.969445	24.787927	14.726203	0.000000	21.515959	24.379056	20.806459	20.696051	18.300684	23.596881	25.526840	18.873230	16.116253	15.468003	19.401393	26.640721	25.727042	25.745998	12.488435	25.895811	25.327042	23.963979	16.595089	20.910973	20.939103	26.219124	13.298707	23.003461	24.220705	25.091389	15.780612	26.676831	25.125155	13.208773	16.913202	19.632742	10.784916	24.115956	24.439711	26.154511	24.686448	20.393578	19.478797	25.009521	13.113804	19.952882	25.890620	23.853155	23.309378	24.237949	7.545062	26.436298	26.701357	25.540184	14.396052	19.837088	22.730373	26.444089	24.789232	24.832386	18.245275	25.893947	14.481222	22.358249	18.266194	26.383158	23.396619	22.163647	19.523381	19.403000	22.731339	17.874311	17.583279	25.241320	20.299110	7.009585	26.562201	21.043164	13.021565	25.199011	24.763070	6.318013	25.474376	26.709257	15.785647	14.136220	15.538902	22.823316	23.622612	23.170700	16.356925	24.154182	24.314920	21.414451	25.693360	16.438051	20.415170	22.481489	24.381425	26.747307	22.982236	10.959269	24.335543	16.929600	23.113170	16.841665	24.311271	17.636568	26.501547	19.761100	26.672629	16.043499	25.526175	22.056675	23.279751	23.475329	17.565249	24.052604	22.772224	16.578742	22.384714	26.677286	8.508260	21.100711	26.198381
26.671528	21.905149	20.114985	24.382010	26.589722	25.263458	25.761245	16.748983	23.839084	22.246096	17.785764	10.784341	25.720374	18.978089	24.433679	26.245006	12.165404	26.249666	24.231575	24.321821	23.752806	9.457188	20.206903	15.697843	23.485075	22.561463	22.637710	25.773739	25.757373	12.276240	21.947977	18.122524	15.484644	22.483881	26.613409	22.940174	18.931219	9.976615	26.696774	25.008515	21.988687	23.708317	18.503553	26.183391	17.100188	14.284883	14.052026	13.521651	23.650827	16.818161	25.899356	23.648569	18.669587	26.564869	25.442006	20.846762	25.070191	23.405917	15.811650	22.966240	24.550794	25.278000	24.967303	23.229047	15.092332	26.116346	21.240939	18.004167	25.357753	25.990387	14.897730	24.267081	25.931500	19.217745	10.624393	20.479541	25.552443	23.715027	15.846158	22.804691	24.818074	0.000000	11.715327	20.917736	25.847812	25.447593	24.122378	25.584023	25.060914	22.190223	26.580447	19.927389	21.527602	21.989980	20.634273	7.262934	25.022977	16.683085	24.685985	25.010548	16.938793	19.182579	26.597155	24.771346	13.640740	22.822314	26.006376	22.827412	20.582282	20.063664	13.272924	26.725124	26.465353	22.834569	23.096214	26.246845	26.647707	15.578523	18.293701	24.854366	22.391426	25.866854	17.830956	24.794670	26.390017	7.724116	25.046711	25.747099	19.819551	26.606517	23.145385	23.486821	18.886649	24.710738	16.060229	26.589507	25.100804	23.640128	22.084484	16.893841	10.277665	24.399940	24.219686	18.555181	26.111688	26.650361	17.526929	20.373556	25.601446	24.533375	26.513073	10.287063	26.487479	20.424530	17.369224	24.533199	24.443080	12.576428	26.308350	24.504679	19.904585	25.356609	25.487219	11.723740	23.898765	23.554307	15.421377	26.611116	14.717730	23.884509	25.689326	22.981928	19.438787	15.428064	14.968547	19.333121	19.039907	10.886317	26.205227	20.972756	26.509738	15.184723	25.387970	23.699736	15.131048	7.278610	18.808807	9.286913	25.035500	23.872854	24.212947	22.931705	24.011474	14.227738	26.197755	12.776215	15.711729	14.219383	24.973442	20.637271	25.165690	18.610219
24.881484	19.315394	22.680985	17.339168	21.572422	24.500355	26.419047	17.444050	24.466398	22.125520	26.097589	19.814588	25.994728	25.536129	19.347994	25.522438	25.670169	18.608817	24.484323	24.255961	17.769155	17.202003	26.217148	21.754442	24.308048	24.193477	24.635083	26.725572	22.023246	26.101926	14.316519	20.239993	24.662679	26.246013	23.443298	7.585384	26.523047	24.403727	19.349575	23.319077	26.247064	24.182560	21.775801	23.053723	20.291377	26.588338	26.209159	21.515618	25.112358	16.093122	25.949327	14.313012	20.156283	21.591814	11.991521	19.537600	25.583293	16.827867	26.531691	21.908715	22.456195	26.673931	19.932225	18.371344	26.295347	13.139310	13.844554	26.018507	14.194073	26.025276	23.132234	19.940465	21.532728	17.238761	25.378614	24.226799	20.878728	26.246705	25.492933	24.976381	22.936946	20.223328	0.000000	22.359671	21.138433	15.350467	26.135676	21.929224	23.445534	24.656437	21.344231	23.509582	14.579773	20.755449	25.092241	23.386964	19.501050	22.120000	24.014732	26.750258	13.291672	22.086268	25.437012	26.489858	24.784872	20.257304	16.878544	26.519938	24.236367	22.367550	26.338758	18.498663	24.030286	24.485238	23.447216	22.582274	26.195339	18.336091	13.660573	26.184733	22.729571	26.730051	15.688291	12.955777	23.037512	23.989060	25.282848	24.249858	26.110050	23.573720	22.753045	26.583258	22.084439	19.209302	21.986475	16.401868	23.657931	21.764748	26.410846	20.314109	12.178432	24.902592	26.528690	26.686677	19.842472	17.184904	22.842026	11.851459	26.248840	25.895322	26.707639	23.038041	23.729806	22.748683	11.122920	18.045903	26.700263	23.052013	25.860102	22.671298	18.230124	26.021394	24.241799	23.257516	16.139838	13.701165	16.953802	24.258732	15.507546	24.848212	26.239715	26.004386	19.364314	17.141871	20.604052	26.384214	18.087900	24.284296	26.345576	16.152509	9.646921	23.840235	20.381586	20.261966	26.347419	24.549504	26.429564	17.459127	22.372462	23.732843	13.950064	11.507556	21.365382	21.701832	13.971539	25.408416	22.472545	17.994265	25.389964	26.640416	25.337231	21.889996
24.034774	25.173877	25.535526	17.133239	17.298243	25.016784	17.439126	15.899623	18.890958	25.751356	26.613456	23.392734	26.456727	20.537449	26.624661	24.608096	10.830383	24.828410	22.591880	16.886272	24.410187	20.637954	21.487799	16.184245	23.383523	26.380620	26.553217	17.707900	25.309551	22.610365	25.658784	25.952102	26.233590	23.817903	14.677664	13.651437	16.910214	23.151363	22.951675	24.272151	22.949379	22.551956	24.937100	18.596089	22.281377	15.415411	25.408489	11.445331	20.726325	22.645117	25.600227	16.594440	15.042898	26.352893	26.677165	23.935521	26.742333	20.750429	26.009690	21.007861	21.446270	21.149019	25.923758	24.698911	15.669213	7.182351	24.082143	26.664091	23.237028	22.522501	25.986878	18.938011	10.339745	25.819969	25.400964	15.273875	10.354725	25.487885	22.653818	21.067981	22.900884	25.322596	21.198867	0.000000	22.317650	18.992295	22.787783	23.435987	19.043657	9.993808	18.193216	24.309936	11.267378	13.938152	25.957541	25.077824	18.600607	23.429806	25.308902	18.271659	26.074534	12.978825	26.648785	25.505828	20.862500	24.964439	22.974225	21.600420	11.441109	25.067591	25.395919	26.727880	25.585788	24.327473	22.963154	25.345665	21.379011	22.674978	16.232035	25.465258	24.644323	26.734608	14.570290	18.895427	12.373050	21.220003	25.373162	20.363901	25.692532	26.346082	22.338660	26.570678	18.408099	25.584549	26.041262	22.422990	25.592801	23.195311	24.817270	16.097202	23.194154	25.667932	22.478914	24.418412	25.087151	23.575706	26.204465	9.538784	14.318902	23.086878	26.176241	11.505597	14.429393	26.581245	25.930266	20.537630	21.772825	15.198606	21.932334	13.962678	23.219773	13.264237	20.051808	19.572035	21.878527	25.988231	18.063932	8.220134	22.922007	21.813664	26.294939	24.318670	25.360445	12.514347	17.370924	23.313536	16.858017	25.356821	23.699268	25.609715	22.110039	19.341294	26.096823	16.795004	25.546512	18.123280	22.656677	23.473226	26.452126	18.609129	16.088902	24.986442	26.233229	26.454495	24.896612	10.883068	20.500789	22.022674	26.484221	9.488515	26.728998	21.953328
19.992883	10.457053	16.835899	22.702074	8.972523	26.625657	24.095877	15.501462	19.550896	7.058556	20.431116	19.524580	26.155113	19.903109	25.963966	25.837300	23.354885	8.335227	22.163984	10.378584	18.013590	25.382147	23.432960	21.406421	22.273900	22.871908	24.427415	23.493815	25.811224	20.394119	23.264574	23.414050	26.630447	24.907579	23.370553	20.499089	15.851978	22.576204	17.900195	16.323538	24.644294	25.828844	20.347331	24.923368	23.259479	20.942175	25.226093	24.874944	24.313986	19.697593	24.901146	25.427935	19.569604	25.650558	22.929113	26.431176	7.649181	23.467661	24.462358	24.101140	22.334782	25.970116	21.022419	23.604882	16.424153	12.033830	23.526065	22.451686	24.230465	10.728623	26.700794	22.966397	24.733284	23.999217	10.532882	25.900122	18.507015	22.890180	25.815150	15.196108	25.627408	20.425001	15.014711	24.020314	0.000000	19.989875	21.455785	23.056512	17.922587	19.475860	26.737724	20.125981	18.617954	23.690437	15.636305	24.856435	26.349737	25.348624	17.589069	26.522085	24.144624	26.583410	22.872932	24.230245	24.577524	21.646147	10.078506	25.513715	26.223967	24.579135	26.157520	19.836602	11.484491	24.718630	19.735040	18.181793	23.927058	25.485470	14.164056	23.109773	22.930659	16.818936	24.304841	24.437496	15.666982	18.447930	12.081839	18.723463	23.310809	20.548128	25.364821	25.054186	22.022031	21.088101	19.272989	20.926568	11.578784	25.771740	26.385932	26.728606	26.210018	25.771104	26.477256	24.061399	14.912058	18.740973	20.950544	22.776944	22.670006	17.645490	22.083878	20.761909	24.129277	15.835541	9.841796	25.637549	26.609357	22.316410	22.839028	22.450953	26.674082	8.298828	25.565328	22.796502	12.543058	25.928271	6.583785	25.364810	25.451267	26.613560	12.731500	23.804924	7.820487	16.479069	26.396618	17.915924	20.575638	19.734309	26.326004	21.124243	25.918424	26.566666	16.371038	24.254670	17.255372	22.982176	22.421304	13.996208	26.228998	25.898085	19.031934	21.005361	24.135010	13.433039	24.801490	11.268666	26.271042	25.955554	20.259259	25.070216	25.037467	22.913421
26.353662	12.528666	24.265778	20.740238	25.205673	21.181870	19.795919	18.022428	26.383018	22.803910	14.021415	21.580030	20.821137	13.891032	26.187627	21.844518	10.893649	8.919810	24.115573	26.334274	22.353648	20.925919	20.842819	17.731615	23.650562	21.843145	22.597160	10.871337	20.456375	25.436586	26.207521	26.719486	24.524277	26.236450	16.771559	24.841124	26.059862	26.434809	9.654198	24.101619	18.932478	22.253323	22.695663	25.461336	19.722449	25.586573	25.565086	18.645597	26.216872	21.845495	21.856546	24.007992	12.759342	11.625038	23.200288	16.472906	26.513660	24.067657	19.378968	26.518558	26.046775	6.977953	21.154533	21.668389	24.949452	20.821866	19.966781	24.994139	26.707407	26.703906	13.632478	24.312806	26.108905	22.514216	23.376965	25.410454	20.372981	19.921742	26.733997	16.490957	21.064850	25.006227	15.188402	26.358163	25.950006	0.000000	26.574656	21.852793	25.117959	8.783434	17.813038	18.860444	24.761516	24.117754	19.505522	19.918470	26.212358	25.811793	23.743201	19.161984	24.362185	25.984094	24.670114	21.549871	17.690164	22.197213	16.268099	25.580342	25.903268	15.222444	25.611866	20.437381	9.608593	26.098636	11.346293	24.857521	23.814250	26.053599	10.238000	20.599200	17.864267	15.979748	13.864916	25.072408	9.791204	24.335627	17.356989	23.108768	25.383865	25.479680	23.815579	15.802839	24.283781	25.728072	24.542279	17.065864	21.647728	22.923518	26.415780	19.940640	19.732460	25.278790	17.831424	21.189886	18.288313	24.136226	26.077518	25.680004	23.818052	25.977174	20.115747	22.981769	26.758777	8.527699	26.189863	15.328585	25.560987	22.580928	26.562691	21.347791	25.867329	26.419099	26.345628	24.420629	17.334458	23.088022	22.359022	17.800748	26.567258	24.414159	20.203375	21.468872	25.294915	23.495223	24.424754	22.304488	21.927894	23.907737	25.775293	25.848415	18.372446	21.890382	23.267314	26.672217	26.128572	15.287759	16.023604	26.190695	25.921636	7.072869	26.451304	26.701972	19.212864	25.111866	20.049653	16.976033	20.500211	14.928126	21.219070	24.659799	22.135703	11.536055
19.577537	23.447680	24.534408	17.830728	25.570480	10.960974	13.550432	23.616485	22.290698	21.112952	23.270427	9.509195	16.532552	22.270988	19.264981	23.055800	23.117125	19.898873	18.397903	24.157502	26.051205	25.554577	25.224984	23.320852	17.326473	16.822016	23.852465	25.566142	19.771025	26.157407	22.735853	20.372414	20.744206	17.616473	24.926249	25.714087	19.609864	26.735962	12.409308	18.452909	23.677536	26.332383	7.492080	24.749665	16.182017	24.774100	12.250551	19.558636	16.457957	26.470362	26.318061	23.225987	19.240071	26.371240	24.629978	22.075736	18.281093	23.157889	21.812528	23.449885	15.757719	25.916004	17.036546	9.798900	18.109272	23.869094	25.581842	6.999111	20.962332	15.862791	18.574843	26.514444	23.752597	24.847167	25.167085	14.911030	26.356550	24.930857	15.336052	17.779751	25.719014	20.313560	25.483893	19.776628	22.155091	25.810569	0.000000	25.439376	18.836654	23.735067	26.301202	18.904591	16.778164	26.654623	23.312732	22.185090	22.738701	25.862324	18.832739	25.865134	25.298160	9.476584	23.901494	12.740111	24.546529	17.925863	26.592645	12.566429	26.675179	26.231941	18.145473	18.217775	18.014874	24.761532	25.465407	25.830400	25.186150	25.432175	19.239481	21.756142	12.793209	22.316775	20.460537	23.348255	26.134657	18.432077	21.690755	24.612730	15.896975	15.794609	18.417559	22.041455	20.796722	13.327300	23.467175	25.139187	24.094625	21.771816	15.821388	26.619603	20.525060	21.921331	18.111656	26.531472	22.153727	16.827934	20.239729	19.058385	14.065821	21.200473	24.962281	23.598707	26.022854	23.095246	15.809362	22.953844	11.221277	22.386660	18.762586	21.372579	24.777659	20.668456	22.852573	26.449018	26.086262	25.608480	25.109220	16.591720	25.156266	21.146648	19.279776	23.990313	21.525230	26.688281	16.863764	8.421353	26.160202	20.770464	25.296900	19.360624	14.936851	26.170183	14.239960	22.074641	18.195122	25.825022	19.294561	26.259500	20.142935	26.730871	17.745040	16.578696	25.502044	21.158973	26.538510	21.108685	15.097584	26.214781	26.454314	25.285115	16.557948	25.512283
25.869028	26.618951	20.248806	26.173530	25.382667	14.057592	25.864001	26.320377	23.484416	18.852208	12.946817	25.855889	24.830348	26.270405	23.161290	22.911449	26.728557	22.820940	10.202316	25.846092	17.037723	26.734230	26.754938	12.019062	22.443840	12.645842	25.757911	15.976329	24.660726	25.302206	23.082031	21.744818	23.070860	26.079087	20.679627	22.618923	23.983419	24.951001	21.985212	17.744258	25.603806	22.227079	20.321900	24.921698	11.469827	26.482406	25.769078	22.884697	19.401800	15.428846	26.418035	17.590942	24.598527	22.130317	26.692957	23.331625	25.638890	26.298878	24.669140	15.483872	19.827500	25.311629	26.493600	25.899607	26.656948	21.116130	24.595453	22.879074	21.755607	25.108603	17.235382	21.241490	26.573624	19.397978	23.225515	23.270531	24.674510	25.653088	26.686148	15.257069	25.705798	25.260250	7.586717	17.505830	22.166802	19.279483	26.277204	0.000000	25.766920	14.358747	23.319156	21.531722	23.489906	23.806003	25.264817	21.746948	23.343035	20.484838	22.078636	16.878422	26.322032	21.677223	22.489086	23.808805	24.134226	21.407187	18.872141	14.689683	22.403286	21.455283	21.668367	16.739855	21.927702	25.487447	20.525532	26.165628	11.988369	20.058553	8.787512	22.264930	19.775661	26.399425	22.195540	24.785765	24.381310	19.331625	24.234294	18.662186	23.083936	25.286611	24.623873	26.395225	12.645644	24.245030	23.373528	22.354605	26.660087	24.825608	26.639647	25.367769	14.373064	11.948510	17.841760	24.361689	23.200356	24.710545	26.396091	13.187262	23.741716	26.582852	22.071032	21.263126	25.760599	26.301517	25.606745	12.562939	23.974887	26.491085	10.709853	20.884424	20.551163	20.338969	17.002201	21.666539	21.286331	23.145046	23.044387	20.521331	9.581920	23.261783	25.052412	9.814655	24.214360	24.036050	20.558012	18.559020	25.745095	25.947558	22.323659	23.142434	16.606925	23.248569	20.525131	25.105151	19.991461	18.711058	26.407348	26.669192	26.292305	18.733238	17.214642	17.350232	17.668775	11.717326	21.201257	26.502413	23.362341	23.014134	25.803968	8.296144	26.301574	19.682382
26.753898	21.512184	20.976502	14.042849	26.139664	14.817868	20.490579	21.107319	23.215343	12.209808	25.883151	23.230225	25.354956	12.990771	26.725265	14.361414	26.700301	19.172581	23.282056	25.661818	18.608362	11.132180	22.119619	11.960226	25.746627	25.534423	20.387103	25.608860	20.670137	18.679485	21.591072	16.688277	25.869441	23.580190	24.706438	24.500858	26.701497	13.808601	23.745070	24.174468	19.147333	26.316582	21.615179	9.423008	26.732510	12.439339	15.007716	22.783634	9.609742	22.546596	21.807465	26.140949	21.783436	9.249966	26.406055	17.694340	20.387809	26.014564	13.596369	26.575287	23.079256	19.737588	26.693561	24.167454	22.073916	25.586489	16.626876	24.921208	22.542870	24.178912	12.507059	26.672751	26.143820	21.226286	23.830585	26.031792	24.218256	13.047656	18.252816	16.209116	15.452091	22.752769	21.648032	26.340234	21.704894	19.853483	17.897795	23.483951	0.000000	26.737275	15.015699	16.142471	26.715828	19.250968	20.042581	22.636167	8.578268	15.104704	25.813469	13.306874	20.107064	23.702531	20.494332	25.738005	24.995866	22.117602	24.480011	15.098741	26.550429	14.318845	12.768672	24.702764	11.911558	26.367448	20.925927	26.088382	21.667384	22.843066	26.644109	25.453133	24.475364	18.445559	23.166444	22.490888	26.456351	25.572497	8.085988	23.164746	22.964020	22.677164	25.658356	23.225701	13.157925	19.262762	26.070494	20.850657	17.618748	21.680599	26.259645	13.652922	26.345308	24.466193	25.876939	24.573411	16.928775	10.077007	20.836775	26.013488	17.146264	25.802084	24.861003	11.334669	26.514891	6.939894	26.016423	14.264623	18.802927	22.681732	19.419936	23.767491	18.302945	22.751438	26.156297	10.732560	20.989227	24.657336	17.177633	21.971650	18.389615	24.281174	23.648518	24.623866	18.168691	24.477805	25.750348	22.624168	23.788530	25.296696	24.933793	26.120820	22.873924	12.316297	20.340418	23.995971	15.589056	22.299371	25.857481	25.202185	24.801879	26.429963	14.707407	23.723161	24.720407	24.807878	17.806164	26.133354	20.669966	20.020686	18.685467	24.309652	22.514341	26.642852
25.981392	23.353881	14.937280	25.822324	26.592803	25.778712	19.878016	25.531941	25.772729	21.362347	25.405943	26.676438	20.363916	25.985547	26.752725	14.508587	15.502578	14.010576	18.498707	11.075581	11.673323	16.481689	21.509951	22.417367	26.702773	19.249269	8.200054	19.280193	22.913593	24.329070	19.478877	26.651657	25.220869	19.625289	26.451851	19.230913	14.682264	25.130357	24.640877	21.628360	22.200565	22.322955	25.063767	13.871627	17.892295	26.759481	13.546170	23.341533	16.419249	21.594106	20.373275	26.660253	23.357158	14.750092	24.768391	20.769965	22.622836	19.386892	14.082925	23.073468	19.756714	13.623898	12.956888	22.423895	23.312852	12.194952	22.679523	23.074905	8.394980	17.568819	24.510126	14.472040	21.696288	18.372600	25.342633	25.128785	22.497262	25.581184	26.753852	26.609143	25.557611	13.968478	26.565853	21.771453	22.882360	22.876901	23.766993	25.436292	19.270585	0.000000	14.901602	20.708251	17.648003	20.395677	26.348440	12.830184	20.881971	11.589541	25.438259	23.718960	20.052277	24.043628	26.517797	24.628018	9.018990	24.778173	25.999719	25.733255	22.169928	9.707163	13.598420	23.471688	26.611059	20.438748	12.122248	26.134938	25.094765	25.489027	26.170599	14.901021	9.582352	25.176706	24.550167	25.669491	16.948949	22.068671	26.306297	23.974461	16.211189	26.756096	19.761382	18.706880	20.107193	18.322928	9.420822	24.583921	23.088300	21.247837	9.168874	25.246488	26.726645	22.631968	24.634485	26.737095	24.602545	16.415283	18.948776	24.708750	18.990151	12.459167	23.282331	20.327256	11.099453	15.056840	23.593663	25.891785	18.473536	25.985538	26.376937	12.205307	21.919457	16.990809	26.633763	22.727054	22.082299	23.156515	19.317778	26.746714	13.693661	21.603444	16.352212	21.015522	17.228943	14.415988	18.484140	19.752777	18.258178	8.304968	6.791301	24.769600	22.508177	22.537333	26.495078	22.086707	25.061590	20.032070	26.331631	18.732065	17.734429	21.013810	17.486701	23.459633	19.618915	16.498731	26.529612	26.031428	21.318805	15.929504	21.433133	14.492604	10.805315	21.885125
24.355679	26.509064	21.529952	23.716606	25.379892	17.088508	20.143053	23.623504	18.656994	22.970744	16.691034	24.766263	18.686008	21.510680	18.296992	16.302576	7.065342	11.171537	22.761939	21.516512	26.714738	25.890555	18.836151	18.889348	25.757991	25.753997	24.514692	17.466536	21.469388	23.169337	18.506625	19.756683	16.145200	23.501962	22.300108	16.826155	26.692169	25.495455	8.650031	20.906835	25.887186	24.935314	22.373890	24.761054	21.816496	23.985504	15.020770	16.148345	10.091190	16.799401	22.561340	23.522553	17.761413	18.363558	24.205660	18.253922	26.154016	21.825587	24.344353	18.620346	16.706691	23.768421	26.610612	25.812883	17.527723	14.624599	14.760995	25.663646	26.758666	26.553219	26.449568	19.071004	20.299009	24.878566	11.609992	19.259834	12.019689	25.535737	17.898412	23.827355	18.983767	26.117580	16.129727	25.067711	24.270462	9.014634	21.124535	17.697482	24.396852	18.489557	0.000000	22.384649	20.950273	26.202249	26.680335	24.425608	24.053907	17.934766	21.260605	23.690506	15.650136	10.242279	26.027552	26.702038	22.943634	14.338872	11.380310	26.168806	25.645477	10.956732	26.269365	21.032641	22.176991	24.882973	6.089778	24.168512	25.823174	26.414808	21.753664	17.977915	24.718252	17.923469	23.897217	25.914523	22.045342	18.669076	25.818329	20.358943	23.228685	24.530475	21.411053	24.354624	7.762340	26.749459	18.432615	24.254384	6.958653	13.139253	26.664941	24.057825	26.087002	22.512739	25.806502	23.468325	22.502038	23.107886	13.015495	18.760821	18.181989	21.488929	25.013740	26.264630	20.886639	25.377655	26.342583	26.137431	16.371317	23.473185	9.656964	10.649355	19.187090	25.704004	26.184549	16.253823	20.288552	19.335201	21.453157	25.164933	25.581863	18.101269	25.386286	15.077525	20.629205	20.155224	13.936318	25.214234	19.606470	21.485827	26.693241	22.019274	20.434175	6.686394	20.436579	25.045315	15.256170	21.121271	25.349886	18.207673	22.280380	24.801448	22.987382	24.633090	20.997205	21.761521	18.145385	21.163457	21.448219	13.216293	21.991381	17.790524	15.735994	24.080946
26.348962	26.326370	25.836588	26.421560	25.630707	19.067260	22.692566	25.119961	25.288095	23.919341	20.654099	25.301871	20.577805	24.083188	26.635480	24.577255	17.170908	25.863487	20.794189	19.356853	16.484651	24.404729	25.823312	23.973291	24.098876	25.404113	20.922468	23.970951	24.694044	26.601279	26.100858	15.170361	26.137189	11.745789	21.804709	21.703718	14.670359	24.198886	25.247751	23.923111	20.324393	24.190938	25.510024	25.360484	20.204791	11.835316	25.511033	22.718159	26.681708	21.505403	23.011070	16.951753	23.794587	26.527481	25.597607	24.963513	23.638159	21.775046	24.625777	13.428498	21.695428	24.463753	23.403044	19.221467	14.091645	10.264354	17.412894	26.676742	18.438708	9.615982	26.729849	18.118057	18.372166	23.613959	20.557014	17.509023	20.569046	19.463941	19.065779	17.329365	14.796310	16.895449	23.013961	20.712463	19.137909	25.358715	24.915608	22.248693	22.902588	17.560362	25.813572	0.000000	26.261426	11.099467	13.031575	21.100411	18.657007	20.856625	26.223838	26.649020	21.662399	26.652887	20.921750	21.278382	25.421423	16.446913	9.872625	25.083152	11.485611	26.379871	26.154656	19.308226	24.450424	21.787554	25.261029	25.435164	25.815236	20.007836	25.896266	24.039932	26.104058	19.167941	26.741438	22.410110	25.298895	24.045816	24.428852	24.406905	17.111091	10.176094	25.815299	25.809469	25.153722	15.239700	24.256196	20.007922	16.324511	24.353599	25.457221	23.246986	18.882198	10.839486	24.912303	7.776028	15.202488	19.062981	17.944835	20.725260	22.799594	25.721540	25.232304	22.887210	25.405796	24.738222	26.648005	26.731545	26.565599	16.391081	16.359479	19.490986	23.248184	20.887892	13.746228	17.060570	23.996970	26.276756	26.720543	24.364097	26.729106	20.022187	22.713637	24.831401	21.127853	24.559690	25.408972	21.353453	24.464081	19.392065	20.693937	15.863040	23.441311	25.874077	25.965556	21.663537	24.287141	12.748623	6.745992	16.490246	24.762692	19.238109	18.327114	20.148476	15.601799	25.451903	26.362353	18.201440	23.361065	19.659729	16.302448	18.157448	9.594385	20.372872
26.548831	19.476208	23.405946	23.616896	25.631248	13.347641	24.534618	22.284157	26.745256	16.479584	16.043488	24.269932	14.253371	24.669890	21.197935	24.016413	25.130687	24.912898	25.834355	17.928620	26.507497	21.476634	12.380589	24.798021	25.910149	22.927210	26.587034	6.980564	25.290849	11.453269	16.936301	24.801454	26.526285	15.705837	23.248901	19.658236	26.432074	22.284427	24.263343	24.417364	25.512149	19.360885	18.845104	22.899449	20.653872	19.441242	17.602953	13.313267	22.732519	23.776837	26.705863	25.500402	21.961023	13.764752	24.401662	9.770124	21.834637	19.885259	22.779260	20.234918	25.431293	22.542946	26.277274	25.699487	26.249553	26.335254	23.529137	25.838114	17.460426	25.865894	21.338320	26.707475	25.171024	24.153630	17.853137	23.243396	11.437676	25.260498	24.997759	18.942924	26.659869	8.610304	14.185092	13.281764	24.638140	11.356047	24.069613	13.281488	19.802208	26.557210	22.889492	24.933020	0.000000	22.930343	24.854813	26.645669	13.322510	26.738999	26.204473	24.093079	24.684306	25.464651	18.114191	13.555199	19.661937	19.527770	26.144393	21.005298	22.033848	24.637582	10.335198	20.377569	24.540723	26.153086	22.147520	26.460238	22.549803	11.859764	19.344845	24.727199	18.499634	25.617602	7.718375	22.425258	16.344506	26.502803	22.008047	19.576927	23.454365	22.382433	26.339455	20.840288	24.002762	14.309301	22.892853	17.199529	19.840767	17.957502	23.583491	23.470834	16.308474	16.909194	26.115477	16.452262	26.197573	21.337982	26.000151	15.880708	25.349556	9.484880	26.397963	26.166789	18.282816	24.676029	25.895057	22.108601	25.065341	21.324231	18.239007	20.285874	22.101923	9.188068	20.686109	24.743253	26.540122	25.636996	20.049759	20.448196	22.155556	24.865237	25.300295	24.668345	23.416143	24.831311	26.721216	26.453115	21.600354	26.264758	26.668570	19.305608	24.446569	16.653468	18.142188	24.074280	26.122159	21.936949	21.385323	26.374819	11.581547	24.692842	25.106510	11.856339	19.931510	26.128503	25.220637	23.593414	12.319723	18.117151	21.985650	15.547065	21.229129	23.895816
25.382921	14.547042	14.880711	26.638689	24.734508	26.494648	19.536048	25.387310	24.818121	26.360662	24.132408	17.264153	25.016047	24.723184	26.491939	24.447698	26.193158	24.640920	25.237329	10.107977	8.411597	26.488768	14.062024	23.600318	20.194717	22.145830	24.974771	25.354697	21.703008	23.180421	26.750098	26.079801	25.504036	24.871304	13.309089	22.908372	19.737144	22.049082	21.709569	7.484091	17.141691	26.341466	21.034369	21.419508	25.304228	20.462564	13.791267	24.529963	12.415834	26.609056	21.654518	15.733570	22.779671	18.772113	18.752318	25.096506	18.435752	20.214355	23.773870	26.622988	25.233973	22.071673	8.484110	25.658426	24.960428	26.689377	26.483005	23.075174	22.732515	26.310571	26.119107	13.401431	23.656223	24.577517	26.623180	16.842719	25.359817	25.565577	20.912446	23.484488	26.608246	14.574210	18.979715	21.542308	18.157014	23.940765	25.418965	19.771206	22.058227	14.756626	25.453629	26.413054	20.100347	0.000000	20.011076	12.607606	25.596663	21.717733	26.688634	21.709851	18.734780	26.131344	25.537196	20.398578	20.577705	22.314291	17.101629	22.396791	20.321626	18.946584	21.647114	20.110887	21.766999	26.753050	26.730474	22.917047	25.244957	20.173805	16.620168	26.726985	22.046583	16.411171	19.390006	23.690002	22.537226	22.956831	19.035572	16.406744	23.496358	26.445510	25.343955	21.893971	22.260236	23.507084	18.017885	26.546987	25.826905	22.027004	22.650374	24.678424	26.049792	24.603147	22.683914	19.527249	13.114757	23.868747	26.468365	26.456255	25.573348	21.108318	22.925007	20.427407	20.633170	24.019581	21.091983	18.647314	20.312507	23.101003	18.425677	25.018568	14.302607	16.222731	18.738024	22.900294	25.804445	21.718150	11.385027	26.751849	23.891906	6.796113	14.550593	16.188682	24.294547	19.621027	25.322350	23.578373	25.256650	24.776252	25.978922	26.514882	23.007919	24.934432	24.661890	14.823113	26.017503	26.063122	26.117174	17.936318	19.980046	26.752431	22.426193	18.128747	24.777713	25.029405	23.148913	26.505036	26.597508	26.581481	10.994287	21.819591	19.638625	18.906521
24.105643	24.009978	16.492689	20.071141	24.278987	25.968603	6.894875	26.198863	21.682763	25.582308	26.754840	21.062325	17.538572	12.796754	23.997110	24.229434	23.977717	10.291572	21.210695	24.597005	20.162627	19.508317	21.767993	25.964618	25.609329	19.774166	22.525990	26.099189	23.855672	25.552207	25.768049	26.381055	7.239376	26.217375	20.686468	17.540231	16.989559	20.542536	25.621038	11.468328	19.504781	13.135093	26.234417	13.374313	15.815876	23.225264	21.249448	15.794806	22.316265	24.945906	24.947733	21.033690	15.835083	16.052124	26.283335	17.331968	22.380862	22.677485	19.670187	18.501065	13.982479	9.646188	25.670224	26.532949	26.287372	18.352945	26.141635	15.458647	19.376147	15.530356	25.363651	12.227087	15.373145	23.706702	25.842402	25.312566	25.165192	26.745932	24.260404	17.048503	20.780179	14.468577	23.724767	25.536358	25.088046	22.103895	18.414003	16.883855	26.302340	25.518190	25.824592	19.546954	20.392731	22.064823	0.000000	26.702553	18.857169	10.605096	26.019494	23.156250	8.212155	12.732943	16.899572	25.037284	9.304576	25.978591	19.792582	13.879106	23.882740	22.737544	26.260222	24.041914	20.681261	26.268284	25.334305	23.014175	16.758317	24.366293	25.263605	24.024303	25.611577	17.918864	23.339953	14.917424	12.438895	20.432392	24.007984	20.985317	19.967629	6.339823	26.689579	26.289452	17.937770	14.313909	25.488330	25.865588	22.024776	18.187792	16.033656	25.016464	25.623832	24.648563	25.274559	8.127126	23.199694	21.659678	23.288075	19.920598	22.459937	19.239779	16.656470	18.948410	15.293602	25.641240	26.052214	17.184183	17.511275	24.195972	21.832591	26.656688	23.334152	25.955984	20.638930	17.404976	26.131272	13.697208	13.607763	17.345591	19.328696	26.389118	6.319410	13.300886	10.363891	19.480885	23.214661	26.579507	17.948082	22.484219	16.016128	23.552311	15.266230	26.005067	25.863076	21.655172	21.382786	25.505349	26.342444	25.654402	24.038828	22.804882	15.905986	23.191767	20.543291	21.941732	17.161043	22.355510	23.974445	26.587047	16.729250	16.916812	14.449138	22.610007
25.454197	11.191924	26.626752	16.301841	23.429564	16.339419	17.292017	12.801853	23.709851	26.016807	17.526645	7.924132	11.639015	14.324397	23.635416	19.072800	21.033229	26.353860	18.736935	23.666516	25.052548	12.232706	26.627019	23.097904	24.754613	22.557168	18.046342	25.523958	12.469635	23.858896	26.434023	24.708299	17.754940	25.997459	17.540174	26.699037	25.415893	24.796157	23.747822	26.320396	26.160577	22.550638	21.140019	18.439787	24.755623	26.109242	23.187448	26.582865	18.082070	24.269847	26.569750	25.282344	26.089642	18.951992	18.024407	12.881787	26.382898	22.360618	25.435021	26.149837	11.754730	22.596523	23.788030	22.265479	18.747954	24.468606	24.101366	25.124595	22.181106	19.328802	25.273988	9.061960	25.326901	20.138558	18.963147	21.162973	24.087448	11.871396	26.441081	21.412379	23.238951	22.209212	17.324814	24.010748	18.690704	8.879758	25.213120	23.358789	21.537939	25.683456	26.031192	25.476217	25.889796	23.809304	25.829920	0.000000	25.457707	26.114127	17.264050	21.120645	22.755338	24.573753	23.983760	26.342663	25.600496	24.916580	10.951112	23.020077	25.039472	26.676497	26.157568	16.819228	23.366350	23.204374	16.814294	24.219978	9.425965	22.228318	20.578485	23.114189	25.569812	20.200468	26.478007	11.169967	23.492589	12.060949	21.997077	24.304565	23.824604	11.444156	18.711303	16.230755	22.868885	10.224491	25.506245	21.695196	24.803897	18.188992	20.779015	24.991871	26.521703	21.642025	17.855477	19.426799	13.123751	19.824964	26.021423	21.790835	22.307442	22.428325	23.921264	26.680594	17.934180	25.267572	17.044868	17.112464	22.923335	23.476405	20.280559	20.341786	25.448117	24.044437	21.221007	14.388264	22.015156	21.595633	22.065360	25.903166	25.592195	26.631448	23.224611	18.859540	20.542956	16.836397	25.332614	20.234158	24.212181	26.427874	19.778173	22.059051	22.504044	24.082050	16.929675	23.072156	22.608044	8.054804	24.483518	18.359190	24.747223	8.771248	15.649735	21.790430	18.374163	26.279330	17.828455	22.868845	13.287169	25.636592	23.025650	19.336399	26.137295	21.473421
22.354760	12.590996	22.880248	14.350839	25.000802	25.441750	22.405855	17.253990	20.746854	25.295617	19.171473	19.363586	16.941542	25.519618	23.254991	23.351990	20.126495	22.248986	26.470535	23.164801	20.767672	18.654861	23.567905	15.544463	19.032114	26.632072	22.948446	17.519480	21.202155	23.796750	22.224540	26.675581	24.443795	24.167436	22.161332	10.487841	26.279790	18.936606	25.348300	17.213985	24.229201	24.429922	21.309092	24.867962	25.685123	22.400507	25.388992	21.443415	12.722137	18.207110	25.888906	15.992130	13.274797	26.245044	20.487040	24.616455	16.365835	26.423926	25.798058	25.419380	23.432777	15.728530	18.379893	25.969296	25.669710	23.501584	26.411382	25.375969	17.705984	23.137571	22.050481	24.877078	19.795022	16.877307	26.136199	24.038900	20.170067	14.135149	19.703612	24.195874	24.398855	25.254133	26.312741	23.249376	13.021106	25.030645	23.353297	24.799164	25.854941	19.166644	25.852879	24.915884	24.551347	23.041162	24.024779	26.517326	0.000000	22.881592	25.507432	23.266105	26.089035	24.505489	12.733551	22.988157	9.430806	21.502917	26.112681	26.381908	22.629061	24.130549	14.371722	26.674945	14.649952	20.102731	26.350941	26.740236	25.438967	26.302042	24.877619	21.076936	25.726242	26.411570	9.296704	24.398429	24.570345	12.193673	25.323704	13.780400	17.349185	25.780876	10.893406	25.988709	22.082097	22.625507	25.226356	7.013665	7.618759	24.105434	15.796297	26.133638	16.982491	23.768798	23.067492	26.117713	25.432244	26.244158	19.215993	24.358757	14.294132	26.748217	24.731107	25.828289	21.208031	19.467094	23.256933	21.976236	19.438395	22.921565	26.570925	25.296693	25.818971	26.626141	26.341555	19.608866	19.774770	16.284092	21.618012	26.496219	15.674907	25.994948	25.056651	24.960072	24.233316	26.218024	20.470827	25.312492	24.859773	23.076858	25.596392	20.416768	16.532390	19.436376	19.643085	12.889997	17.120606	23.201840	18.885908	24.255114	22.363785	23.549457	18.636984	11.672814	26.647666	25.904285	13.375628	26.679942	17.143519	26.759549	9.512474	23.710369	18.485227	21.556739
16.577485	24.485847	12.691888	20.067507	23.146399	17.923716	24.655013	7.587839	21.384283	20.475632	26.109079	17.245429	22.469252	10.354624	24.645860	17.469108	21.269373	21.754398	15.734822	12.573050	26.187066	13.039146	26.042551	15.960954	12.480665	16.647143	26.307074	26.107835	26.303069	24.640496	21.858822	26.137171	26.522235	26.462321	26.543651	25.181027	24.881889	14.130485	23.621008	25.844918	26.586432	6.016737	23.832888	25.548571	18.833830	15.845373	17.088559	18.150653	26.757502	22.591169	25.374544	18.036343	23.291593	26.018658	21.431767	14.858391	22.892213	9.325840	26.661565	19.202372	25.787221	19.691326	21.508429	22.033177	24.658369	16.517462	25.715114	20.498248	16.336643	24.886578	12.067379	15.253935	21.340859	23.652360	21.382254	25.427230	26.120416	26.096984	16.233317	13.672101	25.417608	21.430318	25.110519	15.430974	21.146360	19.855444	26.246873	21.083063	15.121093	22.905837	26.231154	22.332643	26.491333	23.017765	20.651649	23.804718	26.465960	0.000000	19.366656	16.445094	19.153600	15.225560	25.821531	18.382734	15.385250	20.129104	19.522921	24.941605	20.039426	24.033332	20.576997	17.604522	22.306797	24.206497	25.525835	9.601157	26.397372	25.405428	26.279363	20.922832	22.417696	25.823539	26.717024	20.891657	18.149103	26.376461	11.830615	26.731256	22.794181	24.812128	23.510491	19.484109	25.341303	22.898207	25.990456	22.607049	15.645115	24.621229	26.175255	10.335021	22.378534	22.952884	22.603539	17.119461	21.060285	14.183599	11.349639	25.947439	14.205999	22.030718	22.540759	13.850131	14.442413	25.120662	26.211399	17.225596	22.569722	20.686700	25.218835	18.647671	25.640477	25.681763	23.946495	24.995091	25.680083	17.494868	19.602201	22.780411	18.594398	23.303692	23.403225	16.874666	25.870871	17.849104	20.959580	24.968405	23.482749	24.995633	24.083546	22.607130	10.055252	23.914949	20.853313	22.030487	19.513938	16.279252	13.965704	26.177417	24.793932	19.885975	13.088464	22.954828	10.521567	26.745160	25.053372	23.717147	23.941314	18.479119	26.246191	20.008720	25.915431	12.867158
19.421067	23.518154	21.125196	23.418161	26.093944	25.734936	18.933864	26.426577	17.462095	24.253265	11.800931	19.568618	25.383849	26.465567	22.404821	25.365199	24.343424	25.252020	12.633081	19.178452	25.643668	22.119848	22.431331	24.683181	26.428231	22.123182	17.687699	12.517421	24.002114	25.868818	21.979004	19.120502	21.583228	22.369310	20.551464	17.628697	23.896824	25.434791	26.757234	19.448292	12.471587	21.465674	26.502257	19.735996	21.328555	24.545430	24.021933	23.597181	24.570581	11.444713	19.070980	26.457053	22.769011	19.770396	21.830346	25.138636	22.720610	19.178109	24.502586	25.298665	25.687383	22.340631	19.400016	11.635455	21.679340	20.381901	24.063637	25.967502	26.268103	20.545159	20.494909	26.378013	24.647295	24.932035	19.395154	21.569941	25.695464	25.694278	24.076051	26.384355	26.497063	17.870627	20.924411	18.550314	25.398891	18.147057	14.766293	22.824680	26.667498	21.292609	21.917748	23.515370	19.885050	24.480887	15.531650	20.206266	10.666053	16.566415	0.000000	25.660614	23.805557	23.335827	26.753482	25.210994	25.786241	26.123934	21.316726	10.675813	23.213433	11.201823	23.889643	25.972694	24.976146	16.411266	26.752492	23.635862	19.916716	11.231656	12.035859	19.929427	26.014441	7.580397	8.549703	16.319337	11.735937	21.908685	26.532358	20.171062	20.064479	20.868083	26.694956	26.068084	10.000691	18.411544	16.534900	19.879241	9.102090	24.919979	26.230491	20.288754	24.428674	22.713581	11.548419	26.075181	17.975174	19.474483	22.332947	26.704530	17.959581	10.219377	23.070023	24.082989	23.799972	23.540335	24.746785	23.495676	26.212239	14.903872	24.751079	14.471712	23.459672	26.124166	26.664307	26.324078	23.638619	25.872148	26.063932	26.655009	25.819861	24.310503	18.456627	21.965161	26.364892	25.445287	25.674898	11.575350	26.360689	21.443428	14.492088	13.849038	25.152494	16.142475	26.363003	18.911541	26.699093	24.364078	24.999328	20.907297	18.964568	21.408197	25.785223	23.787731	13.662743	12.459292	26.730747	24.092119	12.734212	20.626210	25.052272	26.477542	21.445533	24.890321
26.440604	19.613664	26.290632	24.951984	13.904052	13.560432	22.789379	26.617423	21.869545	17.931979	25.188069	15.059232	24.929729	26.668064	24.125633	15.954149	17.329743	25.245470	15.912076	8.841954	20.766004	19.059117	16.208191	15.319742	20.995308	17.050153	18.945505	24.292368	25.174770	20.011666	12.497720	20.202119	23.039805	26.743606	23.020559	16.248100	24.210754	24.921045	19.217040	18.210893	24.796498	24.089433	26.644745	17.910108	24.076225	18.281790	18.888239	23.189804	24.692471	11.081610	26.178115	25.183017	23.970166	21.716504	15.170199	18.241001	21.587309	26.377982	22.379691	25.428439	25.966296	24.248496	21.226427	10.564604	26.624481	21.133801	23.018942	23.340187	25.322673	25.774379	18.843097	21.678006	16.638235	9.863618	17.567371	22.099924	26.066279	26.359684	22.637556	22.927275	24.889336	26.270711	26.162757	25.421271	23.943680	26.232270	23.255815	10.782445	25.593589	12.566966	23.245978	26.688129	21.377207	25.595801	25.453874	12.695768	21.542311	12.232260	18.474448	0.000000	26.361425	23.167493	26.306920	22.971102	7.907755	23.909661	26.598774	22.641108	22.315150	24.685327	14.226065	25.590178	14.938586	19.906763	11.158667	18.130054	14.197073	23.460039	21.834791	22.634384	26.116576	24.187016	19.656237	15.821046	26.646213	7.930177	21.802987	25.803447	9.655207	24.864390	21.338876	20.876941	18.570086	25.233742	14.358931	16.422263	21.357515	26.716316	26.502770	25.120511	22.186240	21.627257	26.687740	25.459564	26.601211	25.699985	23.926099	25.555054	25.520341	24.541659	26.277174	24.122849	14.452072	26.084646	23.372520	26.109066	26.237570	15.891164	16.739248	24.581619	24.594385	12.827450	26.380490	19.048627	7.228421	26.401666	23.371553	24.762396	26.085724	12.366414	19.888625	20.904523	16.654758	13.258451	21.230844	20.416874	18.140301	24.546013	22.961901	23.067302	22.181679	22.219188	21.871675	26.426663	15.742294	18.012217	22.657062	18.890820	25.603226	22.373518	23.205745	16.477858	19.852689	23.556554	25.169559	15.828442	25.645059	19.580194	24.286281	25.959583	23.976822	24.138729
11.839163	19.714693	10.499175	26.313393	16.487342	25.886856	26.715804	17.477333	22.879090	25.464525	21.638280	26.270702	25.888295	17.803629	26.702967	26.508552	25.069461	19.075797	23.174367	9.299364	11.852494	25.706123	13.107332	17.140909	23.838013	13.492752	7.714112	18.767118	20.506798	24.221953	24.184822	19.441609	15.461112	24.081515	25.930657	16.252894	16.191615	26.679514	26.146345	23.935246	16.907988	20.896923	12.992283	23.179499	26.679569	20.318304	22.239159	26.280285	12.809699	24.794719	14.171696	20.538521	22.304930	26.607645	14.251456	25.339755	23.998185	17.699898	26.647598	13.878312	25.413364	10.709516	24.764491	17.671556	25.157175	25.355627	26.414287	12.729498	9.497516	12.561199	24.014261	22.924375	19.959516	21.723611	22.195973	7.607190	26.372551	26.133310	20.046664	18.698150	21.353476	26.158075	15.357970	23.921153	22.464270	14.961652	22.221904	23.245045	24.641676	25.077605	21.341173	26.255199	16.747177	24.710770	16.209498	19.185188	26.555541	21.958307	20.567720	25.396161	0.000000	9.539324	15.010115	26.082553	26.263217	22.720637	25.682378	24.829020	9.001704	22.147540	20.791584	19.466026	15.372340	25.639229	26.657896	20.031525	25.061117	21.542915	21.826944	18.370231	26.358382	20.331143	15.059031	19.237002	19.721788	26.722709	23.614306	17.848584	23.038874	23.684407	24.813425	22.447279	17.723208	15.216402	23.591592	25.963637	22.552895	21.178089	25.777224	14.997752	26.065858	22.490236	26.737505	18.701711	15.440788	23.738103	25.441891	23.173618	23.909394	20.853001	18.815554	26.745464	20.462610	25.613054	23.916807	22.451491	20.848079	19.381905	23.900406	17.272639	26.611257	24.022563	25.498186	13.777794	26.727198	20.906790	15.010210	17.912030	7.817990	23.824321	22.916885	24.230099	22.762234	17.409586	19.995797	26.294266	18.417624	23.752650	25.682075	19.024115	25.470680	24.668943	18.674181	24.685276	26.481241	13.734620	25.385707	14.606626	21.876244	25.277253	26.030131	15.974251	22.873667	25.020038	24.037076	26.689658	26.290779	13.217283	21.355443	21.703564	21.845340	11.713388
23.894354	25.976460	21.503274	21.552779	16.877446	12.116637	22.130059	16.954050	13.703956	25.126846	26.481319	18.592222	15.105664	23.575826	18.860813	21.590491	18.801550	26.567418	25.595291	25.427379	26.415594	21.373069	20.380338	25.797837	22.767348	25.896948	26.548607	12.909846	25.997836	22.982126	19.802384	21.776796	22.831271	18.624833	14.958223	16.923413	17.254743	23.962388	24.577659	17.206362	21.851303	26.518486	25.821107	20.190801	22.722466	25.483962	12.978897	15.385712	16.556217	18.819157	24.464003	22.686390	17.719656	21.043574	19.357697	21.571083	26.717571	11.606721	26.457862	20.638551	23.266878	22.380736	13.344039	25.369575	26.184142	17.991302	20.964662	13.876922	10.086097	22.310906	24.998800	21.576650	24.239325	19.406186	22.750610	26.164936	21.953810	22.611930	24.644193	12.438033	12.830750	22.681505	16.060322	14.230034	18.283142	18.460293	17.361636	21.090750	21.317168	26.603811	20.074526	24.130808	26.428512	24.579532	24.113624	21.491600	18.850876	23.876052	22.932732	25.472126	24.494967	0.000000	19.489328	13.594475	12.244111	26.296749	26.474492	10.343510	15.470738	6.862898	26.647054	24.322262	14.316154	26.364845	22.736990	24.570103	22.814689	21.843896	19.984619	20.041658	15.348401	25.566250	9.552965	25.001134	23.021676	20.400225	20.612570	24.713015	24.750622	16.242835	25.251779	17.843982	25.270351	21.654870	16.734076	18.973395	20.472844	26.512134	24.393357	23.210404	20.194951	14.793156	25.942889	20.255935	20.678790	26.233635	23.587770	22.021257	13.883994	17.157507	9.479145	17.097622	24.212903	24.553638	21.220750	22.880310	11.667479	14.880637	16.421918	24.750900	12.986039	13.419246	23.726126	24.917088	23.032663	24.228437	20.589788	26.220301	25.922202	16.746327	26.651534	24.517893	20.421181	24.040464	10.996763	22.411591	23.323893	18.622984	14.897416	6.062115	16.254321	25.662216	23.203271	25.329069	26.742786	21.721869	22.800534	23.912784	16.208208	19.399623	18.807204	22.093464	25.379768	25.273905	26.706533	22.276827	24.966693	25.764713	11.275891	17.949498	24.795225	19.766221
16.919248	21.783215	23.990314	14.990476	25.978693	23.398201	22.813963	15.523681	22.950165	21.340505	20.287625	17.569104	21.393683	17.568916	25.554763	15.271632	17.159844	22.602891	24.044511	13.914846	21.479109	20.655777	25.560585	26.666773	25.859997	25.198331	25.194677	14.937854	15.512659	23.931923	26.703947	23.481384	26.715052	10.506411	19.946535	20.175264	19.788147	19.691596	22.709487	15.433568	25.754000	22.990324	23.606298	23.915443	22.807909	18.276080	20.535528	25.090681	19.011710	21.925839	24.926933	21.565000	16.092280	24.699130	26.494634	24.003867	24.365217	22.469967	25.404500	12.471151	25.144183	19.562548	23.692617	19.113690	19.361715	26.628430	12.088324	25.221953	18.707333	16.082902	23.350239	26.483271	23.892442	24.392738	26.481169	20.938719	20.542764	11.650667	26.510828	12.572122	8.537119	26.592765	26.245651	24.848270	25.511132	18.024289	14.472194	21.847956	21.329065	25.179151	24.580574	20.723244	26.442786	25.641404	25.506826	22.921173	20.484972	26.014365	26.062224	16.045165	26.504117	25.860186	0.000000	25.700601	24.653526	13.400278	24.989425	25.963019	19.488213	25.004016	26.041858	14.015525	20.133692	24.818716	16.102272	19.248831	24.355907	13.761303	16.335983	20.330578	25.745123	22.836825	26.447737	25.166032	24.038246	17.699432	13.342290	21.476730	19.909769	24.397304	15.815897	25.385798	26.577880	12.756657	16.265979	23.879034	24.913474	26.159084	24.226168	16.531908	24.628581	25.245151	21.429866	26.716185	25.132961	11.718433	26.252084	14.956442	21.558410	26.586571	24.076890	12.341569	26.252300	24.266186	23.765426	22.450654	15.292348	25.729287	23.425941	26.693831	21.258706	17.221041	17.763591	26.745239	25.554408	24.013171	21.577818	21.553178	24.648163	23.461987	26.689168	22.251879	23.952745	25.732144	19.590154	23.941850	26.675365	26.515824	22.049479	18.778894	24.157974	12.216363	26.691608	26.755182	21.935902	14.801409	26.169682	16.694214	23.890522	23.726342	24.151527	26.687780	21.664760	24.059046	24.775790	24.273152	25.682021	26.313905	12.396640	17.159035	13.741730	23.150632
22.756210	23.838825	25.749004	26.105191	26.551887	25.523849	26.408858	26.685839	16.394860	9.609043	24.156156	23.186918	24.719308	18.625020	11.371455	24.103993	26.195342	19.427151	24.911180	25.929180	13.872936	16.346239	25.366885	21.052140	8.352494	26.535799	24.893075	26.648223	24.321754	13.067683	24.771580	18.208914	25.595447	26.208469	23.326192	11.070312	25.717257	19.155198	25.435335	24.323678	26.433166	22.055342	25.474438	21.191554	20.705504	21.029841	19.908129	23.782387	17.869142	11.362477	25.511769	16.100026	25.119085	24.575049	26.718041	26.636671	25.970747	18.178374	13.353062	17.279840	26.364260	26.051054	21.200494	22.847192	20.416696	25.360691	26.212606	23.028106	25.359632	15.122710	26.711195	23.294449	14.962157	17.698420	20.616290	26.271798	23.730302	24.523541	24.936495	12.366595	25.251814	22.148033	24.815361	20.453739	19.144574	14.083049	26.080426	26.198121	25.713754	25.090903	22.544093	25.665477	17.020165	20.694138	21.934566	26.590852	26.211746	25.337808	14.215405	25.129121	20.028141	21.584512	25.101821	0.000000	16.158891	26.687867	24.225579	18.743179	13.886311	25.333626	25.054989	18.261761	16.430512	15.782027	26.723208	25.797223	26.579372	23.872899	25.834293	24.983265	24.660197	17.695890	26.408944	12.017935	16.213677	26.560887	23.681482	25.186081	19.560396	25.052631	24.623908	24.182102	21.429110	25.934729	18.865431	19.670225	16.517671	25.222844	22.155947	26.545410	26.283188	24.870779	11.162155	26.179054	24.108895	26.734355	23.000128	14.763052	24.876207	12.446118	21.936921	21.886248	22.732746	21.459603	18.468853	21.688547	26.301089	9.100980	26.309950	26.657646	25.915546	18.283440	25.663866	11.362776	21.367912	21.719900	25.443024	12.113606	19.668473	21.417646	9.422837	11.876845	24.730502	25.776101	22.926563	20.356764	26.491738	21.936002	26.554565	22.918375	23.879087	26.033129	24.269538	25.191155	22.054359	19.459048	26.497407	15.932870	25.387583	26.395430	20.135871	24.377502	25.946332	24.281595	13.590521	21.041725	22.965705	17.579497	16.039574	22.772227	23.999606	12.868149
16.760685	22.697293	21.999264	26.142290	23.289694	19.034313	26.463183	20.646176	10.589590	21.516152	13.528937	13.004419	25.001672	23.741849	26.079434	9.317920	26.753989	13.107384	5.883997	23.963344	25.482115	26.438371	14.957753	21.347204	24.551248	25.800048	22.509133	18.986591	21.692205	22.110817	23.484251	13.268403	15.262245	25.023056	19.909692	26.473598	26.708877	24.815752	26.103029	8.609686	8.262088	22.344393	25.859810	21.702122	25.609254	15.603267	18.943845	19.959363	14.155571	14.403672	26.706339	20.249969	25.290467	17.129734	22.760191	24.185562	18.256073	20.127409	26.738878	15.894986	19.710448	20.237720	17.791541	12.564312	23.029461	23.687512	25.224890	19.602500	19.089779	17.100700	22.543927	22.103659	20.987494	25.762660	19.687171	26.612207	20.543439	23.529117	24.693389	26.582460	25.766580	14.781049	23.809933	16.879245	23.559203	21.262180	18.110813	26.637078	17.003353	18.127078	14.022700	26.616561	23.446614	21.745124	19.978157	25.729919	23.090759	17.485944	11.054789	22.491670	25.122617	11.299213	21.294719	21.069387	0.000000	20.197878	24.594989	19.038937	26.007596	26.731409	11.806574	9.998779	22.002443	26.586068	22.832237	24.867566	23.610296	22.068125	12.150421	24.049864	26.744030	21.495027	11.840116	21.425310	24.387755	23.210746	21.645955	23.277833	19.735170	13.806032	25.824124	17.003353	8.792821	23.985188	24.531535	22.346517	26.145850	19.860877	24.283525	24.799546	25.190454	20.144938	23.546011	16.026386	23.734777	25.308584	20.429448	24.363636	21.755268	24.597352	25.288325	24.016643	17.942758	24.934411	26.753334	25.808841	25.637305	20.554868	25.549864	26.417962	26.735379	16.581615	22.096871	17.563099	25.460762	19.533047	26.455240	26.683144	26.628451	25.012767	20.223558	23.385593	22.338032	15.402911	25.162995	25.958262	26.749852	25.874866	26.397872	11.382873	24.880420	26.485228	25.257172	22.971764	23.491451	23.707892	21.556976	24.019228	26.569846	24.726996	18.334172	25.206302	25.567561	20.632945	23.940110	22.296984	25.899187	22.444393	25.056144	15.876548	24.594111	11.810714
23.511228	22.886645	19.989766	24.711559	9.139348	21.423594	20.961024	16.174224	20.743809	18.201726	16.444561	23.795506	23.381690	25.190355	23.294351	26.062224	23.389832	24.776401	19.428712	21.019249	24.283651	25.671175	26.443440	20.708716	25.258022	20.339422	20.520345	21.516405	18.173782	22.258779	26.553462	25.684751	25.566847	15.455172	26.675337	26.704512	24.280259	26.395254	23.598406	21.733849	17.103831	25.220777	26.221514	24.593965	26.739626	24.503363	25.390492	22.600464	13.927731	26.565038	25.497503	25.842553	26.376771	23.170898	16.315122	17.444261	18.386682	16.660921	20.124709	21.330447	13.849446	19.602567	16.433593	19.983187	24.373419	26.035958	24.560658	22.741399	19.254795	24.767437	26.157231	17.541745	25.516548	23.001597	23.984278	17.772797	25.019343	25.102224	11.982746	10.549406	8.339659	11.515581	14.195653	21.274593	24.345186	25.549574	14.326754	11.409958	11.957078	25.280938	23.379839	26.746954	25.957036	25.248118	25.133081	19.022043	26.751119	22.525305	21.244245	26.685542	11.450154	22.853178	22.309385	13.311859	13.532296	0.000000	25.305784	19.374855	21.627128	7.838906	21.223839	12.780380	21.315454	23.771170	26.296100	16.981508	26.422693	19.529477	26.427434	24.183638	23.481238	17.954933	26.004590	24.115476	22.115863	21.245358	23.262027	21.897087	18.853634	19.087846	22.568003	9.236369	16.051268	6.296779	25.618711	20.457338	23.638798	23.758614	22.825674	23.151117	24.680611	25.493189	26.323717	25.795074	20.872198	26.589428	25.639932	16.500175	26.456951	22.943326	19.744934	25.010243	23.412434	26.094171	21.941078	26.548267	26.325353	17.807444	24.517136	26.713837	24.887527	26.259953	24.834196	18.207400	19.920045	26.543612	20.425583	7.563510	15.258473	25.590743	25.389420	23.153209	17.369090	26.445491	22.522367	22.661450	20.574511	26.421829	25.753923	26.717045	23.857245	23.422648	23.887487	26.610131	19.015987	25.216690	24.673168	15.439384	23.134420	21.188309	24.748216	26.489662	17.349634	18.318345	13.038259	22.749432	26.292729	26.664418	18.477414	22.271773	24.152748	25.643374
22.255554	18.259906	20.026874	25.741479	17.185033	25.301565	24.783956	26.232649	25.391014	16.744503	26.450606	19.549416	20.297771	25.317380	19.763350	20.182996	22.656579	25.368508	17.625197	24.924018	23.404259	18.622004	25.246571	20.218820	23.288539	26.273861	11.380292	25.869460	26.090546	22.360492	22.298395	22.493195	25.866148	25.910709	22.944525	14.634782	15.578652	24.051036	12.651845	19.864350	25.240302	20.315686	21.851009	21.285426	19.285073	26.396748	25.222645	20.603097	26.505121	25.061701	24.997293	19.647872	26.299393	22.825514	26.015830	13.399005	19.039990	26.215203	13.874778	15.796013	11.295055	13.971096	23.925789	25.308509	23.968660	18.550307	11.638630	26.385611	17.857957	13.325139	25.773376	7.039375	24.941516	22.573353	16.343737	18.567347	21.475842	22.759605	18.855226	9.696263	24.048485	10.385541	20.978862	26.336409	13.019656	23.866483	23.353739	26.373470	23.148897	20.309797	24.768797	23.517779	15.935531	26.056752	18.937561	26.621270	23.249543	19.948951	26.058021	25.507262	15.953075	18.960352	22.206111	20.454355	19.191001	22.090861	0.000000	9.125901	26.759405	16.208305	25.824987	26.358772	16.181368	24.964710	25.013067	14.402099	19.797791	22.966871	25.421278	24.001670	14.075667	22.587817	22.688396	25.277019	23.383890	20.058414	26.713538	24.638237	15.720105	26.756326	22.979163	18.927055	21.324364	23.946263	14.824469	23.358635	23.294619	16.763787	23.778751	9.666374	12.181271	16.815530	26.205029	24.017146	19.225064	9.433553	24.926440	25.956402	25.973748	23.997558	19.863393	20.308879	24.711358	25.570015	18.001410	19.313619	25.926634	19.842238	26.625384	21.510335	22.482739	23.580605	12.949683	21.419942	19.577509	26.322871	15.856672	26.566556	23.824624	20.354571	19.864858	18.064338	13.744895	7.953026	18.031784	26.633921	11.007015	19.754406	12.754207	22.920941	26.422494	26.735684	24.225280	25.478649	26.484960	24.180119	25.207952	26.169759	24.352157	24.766626	23.397908	26.142859	21.205368	14.941711	21.001195	17.702034	11.176768	19.652753	15.325783	25.367047	26.190213	23.814513
9.784764	23.690055	25.385461	18.076712	23.338780	24.902219	25.257291	22.202724	14.718523	19.202514	25.811551	24.832027	24.601762	24.745897	20.797541	18.881922	19.906393	26.307708	26.555989	12.983218	22.904180	17.074454	25.446598	19.034803	22.795932	25.765026	23.840966	16.401728	22.835717	24.335638	15.539020	13.102885	24.654340	22.658167	24.077303	22.650695	23.699197	19.802751	18.244282	21.055789	26.490869	14.966023	24.212613	26.293541	26.645649	23.413148	12.134572	23.957564	20.866707	20.643788	26.216944	18.152877	17.078635	26.693875	25.707637	19.359552	23.501676	20.739283	18.540628	16.371597	23.873295	26.508149	11.765289	8.145326	18.041064	15.932310	23.333237	20.919257	25.940353	23.386916	17.418880	18.709557	13.790548	19.639051	21.281332	25.762939	24.755870	15.281411	25.294288	18.096636	25.795435	19.980784	25.361681	21.919330	23.424270	25.919841	25.251844	24.542279	22.453057	11.927115	24.042283	24.619504	26.439662	25.941677	19.996352	16.137412	16.615140	20.062548	22.112969	25.794478	25.979063	26.569370	6.932973	22.019538	19.140971	12.353025	15.644633	0.000000	23.197636	12.575804	26.112917	24.796893	24.242630	22.169570	22.602158	20.283670	19.385733	11.442172	22.143406	22.371183	16.201382	17.691573	17.485028	24.421068	21.615853	11.372979	26.016778	26.727717	26.378220	10.965693	22.827241	14.625386	25.779532	11.512389	26.715796	24.225422	16.447025	20.495071	21.762711	22.768829	20.940442	22.917022	16.899360	24.907419	18.974824	25.864937	24.100911	26.099324	14.481268	21.824168	26.715693	22.752028	22.454252	22.147768	19.309493	21.960034	19.716145	14.022591	23.510387	18.261413	25.535943	25.897418	18.386802	20.927666	23.585581	20.207452	20.034040	12.561606	26.689018	26.031474	18.016628	25.020855	9.265877	17.578077	25.648384	22.189925	8.693212	25.359717	21.335817	23.143711	15.487924	24.967114	10.130896	23.614004	19.080996	15.277363	17.934013	24.878061	20.014647	26.056645	25.742842	23.987502	23.376313	25.895189	25.550115	26.746629	14.041815	16.499942	18.265625	25.382590	22.975139	25.925221
11.653514	25.710957	14.461224	14.570907	25.855103	21.265344	24.320885	25.669543	19.684384	22.671368	16.228940	23.086734	25.949343	18.165687	20.051912	25.189013	24.180181	9.854898	26.609315	15.727622	20.756928	12.034308	13.556259	25.786869	20.710862	22.566828	24.487752	10.813318	24.322136	22.918680	14.407405	24.874731	26.149424	24.324944	25.220719	24.203439	25.006532	23.747669	24.051182	23.307682	26.403879	23.750612	17.331803	22.642589	25.213864	22.370160	9.299757	24.873698	24.822905	26.701196	21.702648	13.335257	24.577140	25.584100	26.034395	25.328949	23.699122	23.532758	21.090618	18.211772	14.749658	22.147001	18.256893	17.370335	22.315257	25.293023	22.158240	7.370082	24.437135	20.103020	24.417711	25.993227	25.863248	12.473574	16.821754	20.131942	21.014361	22.845089	24.256720	18.904961	18.159212	26.416159	22.469144	20.210549	22.670029	20.683091	21.321562	18.491657	15.566757	25.134565	20.142532	23.280511	26.421750	8.676564	13.405535	18.829255	26.450083	23.053424	23.690376	17.374114	24.778432	17.894980	19.065436	20.840574	14.542372	26.130909	25.774036	24.501506	0.000000	22.154630	26.125243	26.301445	20.978503	24.647596	14.142334	24.653200	25.678799	21.258124	7.986333	25.736196	26.578862	25.789500	23.135952	7.763521	26.670076	25.087588	22.167511	16.268068	23.923599	21.756141	19.686397	22.749660	24.756479	10.811470	24.800430	25.816454	18.840897	25.087088	20.734288	13.643894	25.139421	26.502159	20.730700	26.261954	14.607369	24.718381	17.155724	17.630117	24.773132	21.888312	9.467887	18.866963	23.666871	15.337110	13.342584	26.378961	23.966387	21.831934	15.211050	24.425597	18.438484	24.015149	18.391618	26.518828	23.313370	16.883969	26.580165	20.063911	22.867729	11.083076	26.578687	11.761772	22.127508	26.255607	21.944643	21.683326	18.913741	13.359206	20.276056	13.868778	24.171697	14.832784	14.139793	12.340917	16.191257	14.871031	26.119683	26.646419	17.143674	22.403303	20.417817	18.455937	23.075095	20.151852	26.546908	22.731916	16.358505	17.849948	23.233599	12.133168	20.570435	23.895768
21.367062	26.239507	24.606915	23.349742	19.969537	12.426745	24.601531	23.715322	17.862873	10.759297	14.591743	26.642035	20.421292	23.766790	24.128613	24.149043	19.428451	26.193493	23.733638	20.520430	25.926670	24.674288	23.124753	23.152153	24.371951	25.880433	22.349873	18.104880	10.334230	18.715843	18.431028	26.728242	20.030771	15.414529	22.666621	24.784158	26.599655	24.769060	26.733714	17.512255	17.006617	25.794312	24.914240	23.062079	26.653344	9.670574	21.673394	18.397834	26.724188	26.678670	21.162493	23.798761	23.708082	21.180729	21.695625	25.127644	13.600715	23.683217	24.363444	26.584645	26.546134	14.068739	8.170062	26.064279	23.222071	18.777453	23.830869	16.785396	22.999200	25.927292	16.718197	25.435710	24.932203	25.453755	25.545675	15.129790	26.750806	23.614939	24.795174	25.631420	26.072368	22.449424	18.172866	26.600201	22.910326	22.109170	24.345651	25.452989	26.208384	25.729871	24.083480	26.754057	7.903343	19.960419	18.943007	10.335958	19.564071	26.695882	25.614828	20.855853	14.770772	22.271284	25.352197	15.094561	25.256136	14.591178	20.634912	23.832707	14.706175	0.000000	17.239300	26.598114	20.978109	18.023885	26.343289	24.634875	21.922471	7.143278	23.202304	23.367943	11.963787	24.856891	26.734180	18.683453	23.394674	20.583687	18.837766	14.454041	11.811321	16.638051	24.690592	26.197831	24.135349	26.105809	24.544681	26.700810	24.210145	24.991863	26.528345	20.529385	21.548213	15.748000	24.974062	26.188158	24.326741	20.266254	24.830193	25.965162	26.662780	24.192978	26.325497	24.347147	13.782730	26.738219	23.509231	14.660407	25.729316	14.864644	14.310552	14.601108	25.551138	24.289470	13.960224	24.789625	23.917348	20.401477	22.831920	25.268371	21.296369	22.655647	21.878254	16.396795	26.731927	17.472340	23.738203	21.783371	20.032497	25.772408	18.223425	10.454477	10.390861	22.913637	24.052310	22.097793	26.108782	23.969802	21.909215	22.375443	20.954634	25.512946	19.865184	24.968832	22.695325	25.216965	18.790934	15.437689	24.889093	17.105134	26.290961	16.457654	24.282666	21.689268
21.415302	26.246144	14.389940	23.535021	25.507900	20.176165	25.754991	26.401969	26.528384	24.552768	26.491467	23.801175	13.118667	25.040005	24.404378	26.243621	18.008080	25.517712	23.391390	14.945509	25.434618	24.316322	25.323587	26.543117	22.073919	26.666683	20.113255	19.816773	23.051654	23.872499	20.792494	23.611920	26.740513	25.171412	26.701063	15.684250	16.771762	24.605368	14.348242	26.177679	22.174973	25.632393	10.274710	26.685338	20.244971	10.038525	11.646327	25.951246	23.650110	23.205399	22.699604	18.639968	24.156638	26.063274	18.299505	20.562617	19.538679	26.753742	15.532233	26.576628	24.322726	26.528286	23.295645	23.461806	22.792014	24.883368	23.106059	25.478720	19.968864	25.699000	13.633974	19.179225	24.701338	20.587501	25.096051	19.137599	17.622835	15.767281	20.428766	24.653338	11.960079	20.230391	22.324705	26.249545	23.442699	18.508916	22.471689	16.939946	22.614656	24.513946	19.609679	18.961008	15.211994	18.080949	20.312354	22.253979	26.504188	24.527555	26.384606	24.768711	14.054320	20.966688	20.824532	26.626525	16.689678	22.134012	15.395666	14.560091	26.621616	19.945426	0.000000	12.940479	24.043037	14.041118	21.558391	26.421236	24.832239	25.898040	19.331958	21.798550	18.067232	20.048529	23.908134	24.126098	21.527603	16.272336	19.224288	26.378723	26.171861	21.839255	25.574806	13.930706	23.833494	16.288420	25.789431	12.738557	17.584456	17.900534	20.111327	26.372521	20.592240	17.232221	21.166316	10.239358	20.842236	13.992991	25.753208	26.452353	26.685237	24.475179	26.166296	17.051585	23.615165	23.532783	13.895530	17.518174	25.753097	21.618594	26.302773	23.097611	11.367169	24.025636	26.257366	24.413321	24.415607	21.932566	23.591581	23.110836	24.997281	20.664414	19.704065	25.806140	19.904958	14.046440	23.750259	25.147097	13.780492	17.937393	17.598193	25.662673	23.418530	22.238120	25.700202	21.687758	25.885250	26.450982	25.892737	24.372881	14.910267	15.938972	23.147128	24.821436	26.186621	22.838412	26.490104	26.648793	20.962408	26.680685	23.961926	25.431869	20.734871	24.308165
25.321787	26.634058	23.046359	21.955495	23.124426	25.030181	19.112013	25.099033	25.688404	15.872625	26.431369	21.914044	24.613576	26.461466	18.055859	25.221624	24.025194	22.345337	21.532131	17.100909	22.571889	16.581818	14.907876	24.139901	24.881861	20.876307	25.862447	24.038414	20.872151	24.776246	24.280941	21.017542	25.726503	25.853109	23.358939	23.592817	13.794641	23.335432	19.959608	21.127431	15.870877	21.008491	25.769898	15.210996	26.291979	26.613267	19.269657	18.915456	26.310489	21.495632	18.837551	21.580340	23.543255	18.748466	26.739833	25.149325	24.962521	22.836917	15.441200	26.409323	16.170860	26.685013	26.028338	24.148186	20.158109	24.524235	15.355435	16.558125	25.311297	21.278573	24.588192	23.635734	13.867111	17.910141	16.733885	16.996614	23.870926	23.074269	23.428135	26.397234	26.321606	16.191469	18.818749	25.406104	23.933083	22.246353	24.989956	26.112914	10.847133	22.243421	24.543447	25.656251	21.374730	12.686225	21.563884	26.551396	25.167915	25.830524	23.046193	22.300480	15.400474	21.001507	23.636481	26.422681	24.167871	21.473369	26.739661	23.264182	14.604634	25.189060	25.731615	0.000000	15.587599	24.702033	18.071969	22.771997	25.129101	20.560071	24.746844	25.472773	16.038005	15.804223	26.327430	26.444221	25.922696	23.491580	26.710671	23.108722	18.408076	23.687968	25.693733	14.242305	24.512609	9.392694	20.334555	18.764918	26.475515	22.805883	23.280301	25.385362	26.036129	25.949610	26.462176	15.804787	25.282143	26.756662	20.567780	26.200903	24.226215	8.027077	16.168566	24.276837	21.097797	12.630348	14.994789	22.669069	23.433743	11.434060	21.039475	25.105595	23.462166	25.045196	7.275872	25.260192	25.218607	20.128559	19.693077	22.234654	22.393750	23.681254	21.984490	24.265696	18.657057	22.947153	24.281591	26.745369	25.747967	20.772904	20.460156	25.506402	10.570875	8.857056	26.685971	24.000403	19.999482	26.570012	25.304919	14.327422	26.298747	26.337919	25.639265	11.410199	24.277281	26.129707	23.608852	9.904000	23.956996	19.806417	20.441586	22.746544	23.250356	20.156068
15.699937	25.926978	18.850548	10.075627	25.419332	24.974619	17.813539	18.672172	25.878506	20.368950	25.136094	23.124328	24.177437	21.788613	25.386971	23.667256	23.790027	25.500695	17.161916	19.714907	25.204869	20.607865	23.633916	26.547515	25.825394	24.315828	25.399111	26.019588	26.193838	24.815884	24.829078	25.575446	23.358517	14.497001	22.293436	23.290833	13.842210	22.859592	8.174691	24.135808	21.145544	25.112600	23.202521	21.907974	14.589143	19.007724	25.626463	24.177717	13.493915	24.663012	24.279241	19.872008	22.080072	21.882978	26.234071	12.159628	24.662386	21.023603	15.459198	24.527826	22.317866	25.223867	25.779719	26.448627	25.805914	20.080868	21.524906	23.826211	14.015666	23.817558	26.459668	22.696183	24.118685	9.938501	15.415693	19.107705	25.705805	14.592402	26.261452	21.855453	20.598530	25.588685	26.206751	15.190287	24.896135	26.481877	13.551593	23.429751	26.757485	24.625124	26.556230	25.765670	25.835914	21.873027	23.401505	22.848602	22.725810	24.448634	16.778844	10.537719	17.104291	13.505983	25.487034	13.189578	23.352382	24.682932	25.169873	23.753742	16.698683	25.791486	24.962883	25.799856	0.000000	22.406603	25.121180	24.653556	19.906212	17.315703	24.285819	18.602509	18.424126	24.957447	11.625728	17.353665	25.194225	13.713474	20.408204	25.411205	26.405075	26.302188	26.645834	26.692092	18.546772	20.828538	18.531572	26.411217	26.064580	12.928979	5.963129	24.522253	19.715442	16.962272	23.153652	22.335820	26.502694	26.549373	26.398821	26.589348	25.752324	9.778320	20.784029	23.239004	21.668859	17.931122	17.370951	24.517008	21.449862	22.576246	13.224350	15.073968	26.224428	8.966709	23.260158	20.539732	18.244872	20.637628	26.679826	26.339570	20.317729	19.436360	11.001426	20.210262	25.920667	9.081489	18.226603	26.513080	24.275526	14.423238	19.121656	26.025722	21.783763	20.452453	18.109271	25.239186	24.986251	22.127678	23.867263	23.625050	25.077945	22.124833	23.314943	18.819724	24.850522	21.220116	9.963870	14.421411	23.174186	22.111536	25.711460	14.972329	25.790254	20.561316
24.496055	24.878964	19.102844	22.184718	24.162460	10.918819	25.458337	15.959387	23.923887	25.312223	20.663524	6.590587	8.513385	25.946445	16.472381	16.103838	14.853473	21.432886	24.955042	23.274821	26.070115	18.090406	26.732096	20.761465	26.394510	26.252537	22.996395	19.989977	15.687629	22.564927	26.516471	22.993230	23.461117	21.936078	16.690139	23.325848	21.933621	25.332027	26.745082	24.168424	19.135910	20.437073	23.241985	20.475088	25.875972	21.805909	20.298949	26.575997	20.774461	26.618948	24.629721	26.042538	24.336759	22.457327	24.576770	24.727911	25.666406	12.760157	17.350282	21.807189	16.261223	25.956363	13.504269	26.719400	26.686275	26.467286	23.739946	26.351962	23.299102	21.338152	22.068923	26.326717	22.996804	26.075100	25.426340	24.347732	24.423030	22.945666	19.225483	19.620020	26.694558	25.761156	6.508135	21.778077	25.066045	9.427440	26.699782	16.305958	21.618234	15.372294	26.188111	25.114022	26.689217	20.667089	23.990798	24.489284	21.391956	26.030932	11.221173	20.427763	13.729063	23.858626	22.149431	23.226307	15.588866	25.773617	21.264826	18.743051	22.630810	24.440799	21.891689	26.294834	21.029287	0.000000	26.610191	26.741660	23.703565	20.064278	24.266553	22.961690	10.278825	18.622240	22.785884	12.412191	21.838306	26.033649	17.235280	26.117985	24.919311	19.450213	23.039677	26.191805	26.030127	24.316135	15.824902	24.078960	15.384049	16.116170	25.876833	22.213927	26.485950	13.773805	11.898056	13.988671	26.727277	25.709994	16.347747	21.018560	24.992993	24.865531	16.321254	23.167725	18.687822	21.656259	14.933392	24.642177	25.513800	19.061886	21.887725	13.753068	19.354024	24.670686	22.799578	21.943313	26.030897	18.622681	22.355731	17.752180	22.150961	21.777737	23.802188	26.332331	26.659942	8.605620	25.757051	25.724846	24.492049	26.498613	26.685980	25.307490	26.674673	14.241835	20.204299	19.108549	22.218864	26.116175	25.933722	23.849301	26.037271	20.518945	19.579109	23.048185	14.695622	26.136802	23.370106	19.653587	25.234674	26.616644	25.260360	26.079995	26.047770	15.655127
13.700997	22.511476	22.772441	25.238471	18.817509	16.726167	22.729031	20.745279	18.429106	25.534420	21.423470	21.723259	26.575283	25.720664	21.402930	12.804499	23.549986	24.637258	19.391553	24.183620	21.402442	19.456118	24.958476	26.699485	12.895024	26.226616	18.943918	21.216546	11.973751	15.733985	25.813575	23.387720	17.787475	26.626532	20.919280	13.931124	25.747450	17.295830	26.563144	24.942041	23.456290	26.643814	11.708946	24.901143	8.739004	25.341604	24.798796	23.077004	18.884911	19.444678	24.882978	26.216538	20.795622	26.562120	17.379911	17.283530	26.720049	24.096493	24.364796	21.773596	8.622385	26.484511	15.605861	9.081475	25.980133	25.898876	26.696068	25.159229	26.443289	25.147378	23.448331	25.299504	9.999628	25.386316	26.101352	24.958884	14.515219	21.869286	25.637458	26.662825	25.679022	23.753877	24.075110	16.349324	9.324323	23.517273	24.639384	22.875505	23.265948	13.698301	26.040861	25.788646	26.419771	26.584767	22.551495	20.289885	25.834968	21.817120	21.482981	7.477617	12.834561	10.397384	20.241740	21.199792	22.732820	18.387017	22.014143	23.169403	25.275234	21.164018	22.927137	15.548786	26.103638	16.868477	0.000000	26.560080	14.119324	23.197446	21.206748	23.598998	25.963290	26.110438	16.213713	19.735133	26.072157	26.265420	12.916256	8.443168	21.823137	26.530411	24.318517	26.342089	24.676319	26.135432	21.983527	25.463015	24.885143	26.180110	16.851761	23.572674	21.103506	26.731392	21.359612	22.708525	18.250577	18.916552	14.956332	21.759539	21.755315	25.241307	19.074695	16.197165	25.727528	13.354084	24.244278	26.526009	25.453113	23.449902	19.167015	25.408873	26.541938	24.576304	26.324719	26.118945	21.199804	23.211994	26.191721	20.045669	25.211777	15.769591	11.383609	23.019090	18.742593	26.415975	21.590080	26.718970	25.394311	26.316537	26.047081	10.445176	23.727444	26.289230	24.071868	25.980538	21.330868	21.990548	11.371009	12.651136	26.305600	13.552782	23.667362	21.625593	20.601925	25.955653	26.178129	18.979837	23.402835	23.041860	26.641159	26.191026	21.975617	14.772638
25.974556	25.115537	25.381726	15.365207	18.964088	19.066911	22.903072	24.502826	9.487890	22.100558	25.749660	25.629838	19.181486	16.734463	13.359980	16.632517	19.690484	26.360329	22.573455	14.476305	20.676556	24.376836	20.029933	17.186661	26.735960	7.689823	19.150644	25.411592	20.772858	22.388192	26.305406	20.042447	16.888366	24.141358	26.258966	23.822258	18.291986	23.217825	15.373106	26.375339	16.216951	19.802926	23.501716	15.602387	26.641776	23.989012	26.626528	16.759699	24.371041	22.658231	13.882625	25.985604	25.536647	26.093435	26.607315	21.981144	10.051549	19.902848	21.698317	25.757776	26.650641	20.877537	25.465870	19.836259	25.838739	23.591959	18.952486	17.879322	23.607639	24.774202	21.832483	18.416438	21.227640	25.489971	10.406214	24.721928	24.661108	23.130805	26.427119	21.739924	26.146333	17.155130	25.635500	24.926759	23.998902	24.246075	22.450425	21.513560	26.013092	15.911718	18.139885	21.427699	24.192222	10.988962	16.626990	24.197117	13.469106	26.745887	19.328637	24.330152	24.638533	24.849955	19.343350	26.627235	26.557583	14.883411	26.654734	25.698289	26.339811	11.703690	24.878037	21.447891	25.423026	25.966589	23.338752	0.000000	17.343565	26.637899	19.033059	20.069227	16.743811	11.307476	21.634934	21.133797	24.240533	23.336366	26.341654	22.193578	21.888053	18.915945	17.200781	16.792472	25.908944	20.229305	18.483494	11.368712	26.179663	25.160588	26.683509	26.136368	21.408065	20.963008	22.174708	21.201947	20.193669	25.185052	21.000005	18.759456	24.737531	26.665608	26.414229	26.744900	26.160838	20.829699	25.003743	21.738803	25.112730	24.934838	18.635698	26.727498	25.677697	25.975256	25.228815	22.712753	26.750629	17.458642	20.953750	23.357352	26.621771	24.091500	25.237577	24.027361	20.031258	24.305677	21.543282	21.088708	25.618049	24.630209	21.289968	23.251633	17.552223	22.455542	15.370635	25.594034	23.995894	24.462868	13.083334	21.761214	25.291923	23.977089	14.432167	21.614853	19.703768	22.003728	23.351841	24.721569	25.978040	17.140637	26.739059	25.566301	20.987395	23.516605
18.911362	17.542087	25.986028	24.420986	19.278765	23.719734	16.999871	22.052232	21.709771	26.503204	10.363147	20.823599	16.550310	18.532334	25.974694	21.141638	19.044893	15.528312	24.244600	24.225072	24.770738	20.272729	11.687139	26.574182	23.621241	26.731672	24.179782	26.251024	25.676163	23.613360	16.513983	13.235802	22.424167	21.811833	25.856719	26.469496	24.745644	16.434617	14.577039	23.499504	23.953220	23.083607	12.794195	25.866098	19.663260	20.185945	23.934477	18.839180	24.189505	22.049731	16.002953	26.192653	20.902433	24.860330	8.416605	26.120971	22.699323	21.473430	18.079359	20.187560	24.641846	25.509104	23.705134	26.421958	10.713159	25.818452	23.940351	24.324883	18.887102	26.740899	26.643546	21.026659	25.243834	26.677477	23.595157	19.099725	25.845090	15.954133	26.635317	26.663087	26.231207	12.913196	26.581742	18.592995	16.801720	17.663552	26.599401	18.739557	16.246692	15.380718	22.269259	25.873818	25.623142	24.849386	25.043397	25.778221	12.080067	11.040901	19.438635	25.549411	11.671222	24.075329	24.241344	26.246432	21.199733	22.543042	14.468609	24.570427	25.063764	18.439573	25.911919	22.866654	25.075596	26.207718	17.716496	25.203753	0.000000	25.518523	25.561636	15.822260	14.577035	26.404499	17.287034	25.915462	12.678788	23.520811	23.674811	25.583357	17.170804	22.811566	21.206537	26.756217	26.110935	20.374371	19.071072	22.807728	22.137398	26.581604	18.445919	16.257122	14.320656	26.516520	25.662826	20.274109	23.598653	26.456958	24.875995	21.414259	22.941165	16.543035	23.171224	9.359294	15.197230	18.299406	24.073488	11.049991	26.603494	26.562528	23.301392	20.990778	20.969465	24.360802	17.140860	22.348533	23.808579	7.023646	25.248674	23.164747	25.435416	23.609327	11.155327	23.385983	12.580556	26.194305	24.618100	20.121220	20.670688	16.592285	26.623479	18.332544	19.473138	25.363318	16.800973	26.446543	20.011317	24.962827	6.417921	25.500052	25.870347	18.342955	8.533164	23.609572	25.709909	16.114756	15.380514	12.334028	25.862631	24.590922	21.277244	17.018121	23.846664	9.361099
20.643190	25.940678	24.082692	24.800024	25.086542	21.204596	24.680798	20.872754	19.465604	21.080327	5.623509	22.171575	17.377484	21.420772	9.484909	23.848142	24.784266	26.088873	11.105423	12.731519	14.087175	26.287345	16.493705	26.749410	18.253077	22.266367	15.927994	23.457396	22.659240	24.051435	21.998497	23.761353	14.239396	26.719647	26.557919	24.413366	13.740835	13.520310	24.122552	24.734774	19.846469	19.461283	23.687733	10.833174	17.177400	26.207533	14.887318	24.503267	23.042373	25.391414	20.622646	22.303992	22.378726	22.981078	24.874953	26.236406	26.186842	17.584576	13.122760	22.260437	17.027284	23.130242	17.064370	19.600077	26.753054	12.373990	8.889469	17.139761	16.160082	26.262641	20.832014	19.388912	21.934153	25.885604	21.324778	26.596823	8.889273	26.269422	22.235334	26.529381	13.063996	26.467831	25.449728	26.041981	23.340831	19.592094	25.517676	18.257137	23.798384	26.544415	23.693717	24.505159	22.497610	16.869108	26.400526	26.005177	20.628657	11.906994	19.652814	23.803816	25.059643	25.362133	26.617025	23.912641	22.271435	13.437006	25.612193	23.317916	17.391782	19.091142	26.199668	13.284021	26.707962	15.695689	21.231514	24.972472	22.969010	0.000000	24.365678	24.266759	24.735791	24.777895	25.213360	22.407049	23.876623	22.893748	26.097524	20.035386	26.748759	25.670353	20.001074	23.902447	23.745191	9.996419	26.136896	24.716225	8.309394	14.326240	25.884482	20.045959	20.138459	22.065671	26.642756	25.570275	16.442778	25.518018	23.639336	21.330929	18.282187	23.748971	15.850797	24.583271	19.802263	24.369474	22.364066	21.416369	15.649138	25.320013	24.789102	26.620279	21.759898	26.236306	19.245565	19.785877	22.255123	20.878961	25.402665	13.257990	21.869343	14.264995	14.776279	20.158448	21.185197	21.067881	11.468410	26.414368	19.818714	24.383546	26.355058	10.803162	26.337867	13.541736	18.839322	26.736318	23.176613	22.610724	20.750078	24.663940	25.789140	26.356576	25.500784	21.775106	26.351220	26.381702	17.096450	26.245614	19.427715	6.824920	26.274430	14.873209	25.122191	25.545226
15.800204	25.256437	21.411934	23.829285	22.242484	26.613379	24.769684	25.292135	20.253794	14.455518	26.731433	19.251632	20.146954	24.648958	13.050714	8.252314	23.186811	25.743765	12.428331	18.614974	10.929773	20.607920	26.450670	20.781399	24.578621	25.252938	19.925004	10.162690	21.085215	23.180082	20.752920	16.060215	16.926015	16.106467	26.207342	14.946442	26.645592	7.071113	23.333209	14.906402	25.178323	24.567107	14.512753	24.010421	17.055819	14.054132	20.028089	25.065178	22.999226	18.087272	19.961818	22.381199	26.422516	26.157782	23.094357	25.800845	26.687553	25.604405	21.881326	25.976770	21.264597	26.182620	19.217765	26.139868	12.753380	23.756557	20.001015	25.791552	26.530469	23.204465	22.913574	23.284042	17.609732	22.248918	17.712885	26.207247	22.605471	24.611677	25.150365	11.356726	25.872837	25.062233	8.033683	21.283576	25.339269	16.316048	21.601603	22.323708	21.189351	17.603995	24.481539	24.290159	19.581111	21.722594	17.181048	20.378784	14.871811	25.075513	26.405894	20.966793	26.594375	22.973649	24.867262	19.689413	25.766067	12.545741	19.681446	17.704214	24.577551	26.088553	10.754186	22.578292	20.476819	23.658404	17.535136	25.571873	26.668831	24.947203	0.000000	26.249193	26.280316	18.313902	25.735392	26.568839	13.001166	20.648045	16.924708	19.475500	26.695657	24.030875	13.043255	22.019258	23.423879	12.696224	20.912069	25.882413	26.399472	16.968561	16.518791	15.236493	24.453949	19.235348	18.055313	23.305971	23.761106	10.586919	14.752088	22.878098	26.709265	20.369427	25.228753	24.364263	8.085834	25.632539	22.109352	25.904340	17.918912	23.176924	17.163832	15.276331	9.085774	23.813381	12.076551	12.611401	23.362098	23.199579	18.633064	22.751593	26.395777	20.351492	23.713043	25.403778	18.289510	19.515935	26.459286	25.222539	15.616459	26.127867	16.866485	23.066814	26.444684	21.635368	22.595949	20.534849	19.657033	14.147218	26.107620	18.970648	25.905522	25.848477	25.478258	17.822090	26.346395	25.347663	23.354535	25.934398	15.421336	20.748426	24.057121	19.420036	22.525883	23.886332
17.133611	24.865308	20.297787	12.604259	26.235760	22.491766	23.508425	22.408532	24.521977	19.744212	21.146528	25.900982	24.002204	23.206873	25.314248	24.698662	23.959946	25.313453	26.642361	17.261723	26.439367	26.323124	24.163788	22.984989	19.867217	22.366242	25.995240	10.952145	24.072666	11.856969	25.662570	20.015256	24.619452	25.142955	25.052175	8.817368	16.455522	26.756511	23.045918	13.440059	18.803845	22.784392	26.117709	10.045562	8.734786	25.466020	10.555953	24.151785	26.736058	15.202362	10.976628	22.153800	23.820404	26.557606	26.483881	19.805313	14.710444	26.078417	18.308299	9.827996	19.593493	23.969389	23.032859	25.014393	25.093804	12.431493	26.593754	22.209847	21.179784	24.043784	17.283348	25.056521	17.335228	19.245093	26.593713	20.231794	10.579639	26.331375	20.805740	21.607107	16.471248	14.307302	25.052535	25.080039	10.986293	12.048926	26.016665	16.624840	17.323229	18.185702	26.656260	25.740374	17.893596	22.668691	26.071501	26.748628	22.736385	22.839884	26.410303	24.611435	23.436191	26.191972	23.975669	13.356622	22.775024	13.991018	13.997630	22.703067	11.463582	18.891274	15.626973	19.949983	25.543255	24.231431	10.937346	23.737299	14.586949	25.794889	22.931942	0.000000	26.211646	23.648397	23.308722	25.788933	26.219733	22.998466	26.549078	14.427769	25.921789	25.591850	25.136975	19.981645	22.186239	13.344111	21.094420	26.721991	20.094359	18.584201	24.621921	26.475671	17.093231	18.345633	14.292802	17.688892	19.599787	19.016613	25.754548	16.000869	23.406692	18.112740	16.153534	15.666222	16.405567	17.144690	21.813468	26.326438	24.296859	25.817425	21.426599	10.302910	26.726062	25.389266	22.048988	26.345218	26.513594	25.882381	22.408616	20.641779	24.133720	22.246960	20.361058	25.134019	24.205374	26.669745	23.834095	22.796493	23.988316	18.409232	11.707321	24.965499	23.095534	19.327356	23.447685	13.980622	26.096131	26.024639	26.227397	16.023617	21.382105	26.702705	20.547836	17.172341	20.233932	21.286125	25.620687	23.818580	10.492404	23.110023	21.361501	26.705114	22.223545	13.414298
25.633792	22.565177	18.425425	24.440891	26.608356	26.453505	26.704758	26.057819	21.589994	12.120306	25.621676	18.880311	18.098499	23.716174	22.871049	18.763320	25.540933	21.059304	24.158356	21.645849	8.102742	20.148342	25.969713	22.812147	22.106799	22.812324	26.272785	25.487695	18.179034	20.828620	23.078376	26.159403	24.191289	24.941189	24.700283	25.665368	20.858659	18.036093	25.338784	24.359341	21.129389	25.543177	25.250631	24.375733	26.481125	24.193320	24.299895	14.283070	22.331612	17.395879	24.393028	15.764974	25.178099	21.740582	23.384501	23.328049	25.264737	16.883100	26.075377	11.340128	24.870810	24.652531	17.864064	22.844424	12.041844	20.998781	11.775981	26.294709	19.098849	24.461223	21.121297	25.098632	25.141058	24.050574	23.877749	25.777779	20.185746	21.630987	19.265092	22.950985	26.122553	23.532659	24.749657	24.959198	23.798046	22.478633	23.807662	23.859549	26.374456	26.748408	26.135696	11.122793	25.985813	15.873789	22.486397	24.061219	22.268452	22.608588	13.975098	26.087996	26.546607	22.171345	25.313454	25.425544	26.530600	14.227765	23.792144	23.590791	25.303835	23.962713	19.859806	26.033089	26.759897	23.492667	19.356070	22.155211	24.701204	13.273586	24.819784	19.390539	0.000000	19.167369	22.290621	21.781680	22.577782	21.446395	15.516608	18.464211	22.807670	26.519463	25.815828	24.265319	16.360162	26.619842	25.799671	22.632510	18.753993	20.738416	23.743057	25.717071	22.786276	20.300410	21.847485	26.493547	13.960345	20.977766	11.691417	14.130251	12.094534	24.671174	26.454892	21.338601	25.968123	16.551448	12.148223	25.106670	17.603747	26.452891	26.279669	19.629125	26.081668	15.978602	10.947456	19.702721	8.577216	10.005216	26.494085	25.356407	25.854969	21.320884	16.933730	24.439250	25.791555	18.309622	10.869877	20.715289	23.239799	22.402168	26.442939	13.145835	16.597657	25.806355	18.210184	22.672489	17.893361	21.979128	11.346614	23.990102	12.103389	25.493994	24.458665	22.224217	17.242873	25.123207	23.908632	23.734139	25.166190	26.378754	19.677836	8.121876	22.511182	25.948216
13.584307	13.244778	19.009073	18.314512	26.431003	19.298822	25.160069	19.603820	14.718757	22.711465	18.324060	14.329771	19.903457	20.635614	24.258268	23.121972	26.650869	25.919198	26.268074	17.726981	13.923402	8.820792	19.041782	24.916733	23.937414	23.740200	24.957513	24.008758	22.973394	22.058077	18.418245	25.554748	26.615721	23.541372	24.336685	25.067182	16.047777	20.053144	25.597535	17.038425	25.495136	21.348331	25.432858	7.585749	21.643542	26.657704	23.684082	18.538804	26.422184	18.364970	23.580256	16.005338	23.935388	23.356806	26.718749	26.321853	21.096439	23.992490	26.166444	14.104555	18.421940	24.976623	25.382053	25.180168	15.640915	25.019593	21.185854	18.750850	18.792723	26.251621	25.878708	21.150407	24.922064	21.387353	11.675795	25.058393	22.687533	20.405219	26.252862	12.512743	10.235369	21.275169	26.441732	23.374473	25.277523	24.499979	18.959215	19.591924	16.069970	18.806958	17.341142	22.402786	21.009922	15.673443	25.844236	6.773408	25.850902	13.769705	24.446645	8.524756	22.752869	26.146184	24.773978	20.835909	24.396653	22.675108	24.821220	25.293953	20.317322	23.265162	19.855959	13.144322	25.464963	22.840456	24.176213	26.686118	24.860834	10.409828	20.157771	18.490601	12.400597	0.000000	23.034993	22.318638	23.463962	22.674838	26.600059	26.443080	25.984072	23.077629	21.741931	26.339750	24.822397	17.554673	15.253944	16.388065	22.098176	26.188517	14.758142	25.175626	22.411658	21.449470	13.729765	12.804305	18.113202	24.726689	23.496633	26.224866	24.110799	17.291379	17.212988	19.507428	17.302406	24.221776	16.136115	15.792072	25.925967	21.680295	19.999175	22.267553	22.551796	14.551139	17.234405	7.501198	24.111037	26.234061	10.749888	24.381131	22.607937	26.265081	18.863897	26.505544	26.161848	24.956235	25.789827	26.007948	20.926949	25.147837	25.686915	23.501416	15.335913	26.390664	16.082900	24.012179	16.217587	26.675220	16.441130	22.164939	26.129523	19.273554	22.130314	24.571675	23.899113	17.152630	14.861295	11.907387	22.150812	18.694029	21.458902	17.552784	20.076028	18.360535
17.879002	26.364760	22.469612	20.055203	26.328049	20.842058	22.570723	24.942218	24.021969	10.779418	23.863699	26.174219	17.416580	26.534529	8.719182	24.072293	15.681402	25.340352	25.959862	22.090956	25.528932	26.001246	13.196531	26.639611	23.618758	7.784107	21.043832	24.074066	24.066977	20.880196	12.498167	26.151482	15.447658	23.831821	18.442790	22.535493	25.204311	17.445994	11.533636	17.558443	12.582311	25.671818	26.177919	15.499019	14.989045	24.439043	26.127826	21.974630	23.852673	21.727683	25.214913	15.790446	9.137352	22.095500	20.480498	12.302625	18.812468	11.909427	16.650355	23.699608	23.844547	15.848025	24.422810	17.095083	21.029179	26.116639	20.557221	16.235790	24.612958	20.354841	21.486725	24.045400	15.410296	16.946328	25.417123	14.710796	16.376213	21.823802	18.573688	23.723408	22.142080	17.412411	25.685610	25.935005	24.010660	12.983034	20.733774	17.219027	24.309533	21.278253	19.524087	26.642034	21.596281	26.181324	19.921469	25.750327	24.666291	22.137620	16.363454	26.498939	24.647024	11.290108	19.840380	12.911911	24.662180	24.612298	25.307141	25.123806	20.508163	23.564922	19.187919	24.573421	22.845633	26.054013	18.681905	26.555904	22.446215	24.598403	17.587271	17.448472	18.335976	23.054669	0.000000	22.145521	26.680838	25.808399	25.807718	15.101022	25.980098	26.513237	20.839991	13.895341	26.504022	12.497832	18.038027	21.915113	23.222833	9.237555	9.833177	25.705517	15.057323	26.223817	17.163509	24.512327	26.680841	10.602218	20.295987	26.040851	20.251527	26.497267	10.992974	24.148449	25.178390	23.162166	23.290781	19.858890	25.648969	21.946073	24.969095	25.851918	18.203066	21.716907	24.125738	17.099007	26.322620	14.126950	17.015501	21.430389	26.686560	25.809207	16.325836	17.018684	24.945322	23.074946	26.521124	26.674180	19.717959	24.697905	19.053035	5.863288	22.784672	18.690953	21.758706	11.626799	23.863889	14.280426	26.332796	21.865637	11.588273	21.449039	18.133853	24.414715	26.214628	18.379370	20.008512	24.931705	26.653272	24.405116	16.015071	7.721239	25.549975	8.892380
22.672787	19.229896	19.746753	24.685900	10.858050	17.565325	26.020855	14.038440	20.752987	26.602513	24.779675	21.970649	26.345538	24.893219	22.839982	22.448454	18.224563	10.227876	19.936227	26.479290	18.734759	24.898765	23.382072	17.660335	19.159773	11.256917	9.283879	23.159698	25.580269	15.755310	23.722782	25.954556	23.039082	21.111404	17.191650	16.402548	14.255676	22.031906	14.549508	25.670937	24.853953	20.497794	26.213690	25.782236	9.997323	24.816780	12.752078	20.907696	16.954908	25.038207	22.501194	25.130055	25.110810	21.758704	16.734500	22.190432	25.959843	9.108537	24.456548	17.850597	23.590498	18.961072	26.522929	25.689491	21.584405	20.536102	26.420761	14.797636	26.194828	25.769349	14.596415	25.143241	26.591303	25.811181	24.638784	19.321457	24.953111	26.218078	20.101836	25.411063	14.119809	25.821246	24.749558	10.289150	23.681939	24.937897	25.158969	24.675634	13.009144	24.521994	19.822552	22.454706	14.017829	26.554673	13.290594	24.877975	20.376044	16.419327	16.411176	14.581228	21.916447	19.819863	22.865781	16.987149	26.436450	26.527712	21.795660	23.963514	22.469838	16.761709	16.952005	23.810110	25.053594	25.789586	20.434886	23.139009	19.318536	24.033166	26.652739	22.372232	16.885799	11.558553	19.713681	0.000000	23.673980	25.805736	25.124250	21.978649	25.003781	26.720266	23.015076	21.241363	17.611616	20.924694	12.944460	19.859844	25.199403	24.954393	24.664106	16.966409	22.103763	23.115594	17.525795	25.880699	15.227103	21.386803	26.625398	25.579541	23.620719	21.362413	18.071956	26.566481	21.303348	21.740902	16.886940	19.589872	20.788191	24.562446	21.564934	10.764136	10.492730	19.175815	20.197257	24.951536	24.615535	22.816337	10.610239	13.350725	16.718601	25.245214	22.231248	13.526542	26.653346	12.234703	26.255984	13.203522	23.436148	23.691479	19.349865	24.529333	17.124577	18.801496	26.152215	11.904756	24.647940	25.221115	13.634557	25.330417	26.550530	22.278071	25.929189	26.428392	26.344679	23.329294	21.880358	23.328959	23.948769	16.896995	20.579648	26.515021	25.814180	24.620252
18.145331	23.123408	14.684086	25.200671	22.830261	11.224597	13.129038	24.854438	11.865654	23.344644	24.392194	22.462253	19.049572	16.504074	26.067389	12.468867	23.751158	17.581395	26.461806	26.222938	21.383629	24.128189	24.606942	25.900289	24.666553	26.131192	10.583240	7.934004	20.376469	23.331786	25.415355	21.655792	13.999260	9.664351	23.692973	23.359083	21.495326	16.673266	21.171348	22.072264	25.563078	21.857225	23.698123	20.343058	20.654560	26.681085	22.874595	26.196144	19.888208	19.130507	23.775743	22.485444	19.002307	10.266192	26.098711	18.087031	25.849452	20.512201	21.137129	16.308610	9.936038	12.264572	22.323330	26.591100	15.452449	23.579907	22.266823	10.737693	17.843119	26.461538	15.372002	18.436009	21.243003	23.179195	26.571816	24.638141	18.842146	24.226834	26.160247	26.362192	24.623523	20.351707	11.163943	20.757732	24.274878	10.906755	24.471544	24.443641	25.684445	23.230179	17.180786	19.399952	16.438871	13.809754	17.259694	25.382628	26.296349	26.083670	25.785148	22.835236	18.097842	12.702559	16.602153	7.086467	23.975218	25.652640	23.849539	9.597450	17.591075	24.177028	26.107377	22.657999	26.328937	19.975980	19.813451	21.320579	7.520973	20.351611	22.036221	25.325512	22.923593	20.821352	21.211258	21.866824	0.000000	18.061848	25.993739	25.934162	26.414039	24.162855	17.265134	10.106238	16.558591	24.925127	22.548182	26.529710	25.744803	25.181780	22.483967	20.015910	26.272326	23.607609	24.433273	25.712175	24.081602	21.429641	26.525659	16.576354	25.852841	25.993413	12.431191	22.832356	24.778847	21.158128	22.047270	25.724416	25.741871	26.547320	23.897541	24.028357	19.921827	25.706641	21.268188	15.430454	14.329654	23.196455	12.837739	26.281260	24.650422	21.101431	21.579075	23.864772	21.783541	25.239396	25.692043	20.883129	24.440450	26.701693	21.390261	24.401200	22.117931	24.435191	24.849111	19.209744	24.660957	15.009829	23.688916	24.680757	23.473633	25.573953	23.352465	19.062939	20.609596	21.946393	20.614559	26.648025	20.866905	17.242978	16.272752	22.241678	18.193851	22.083651
21.649196	24.461568	26.753482	22.145508	15.467143	13.029059	24.738809	22.545004	10.609982	16.432840	23.404543	15.506161	23.670871	26.391697	19.664311	26.445164	23.219246	17.002520	23.025294	25.816194	19.305270	22.120450	12.205803	23.209309	18.229318	25.199349	25.673622	19.485898	26.146754	26.595131	21.238494	25.291783	15.891424	25.158673	24.346553	21.039085	24.323845	26.176998	20.792799	23.571407	26.498830	23.515684	18.690647	8.440668	25.404181	8.914865	20.388200	24.932602	26.171100	20.393780	25.618470	23.869490	24.367385	21.941921	24.172409	26.487794	13.513749	25.601980	24.750304	17.424940	17.184735	24.218495	17.554366	25.490255	22.667176	25.153428	20.525039	20.896468	18.996177	17.441596	17.096595	25.799369	20.711111	26.309309	17.102896	15.501201	20.648292	20.388460	26.111695	26.083283	24.266661	26.497170	23.816428	11.376620	22.990970	19.219158	9.806573	11.283598	26.303107	24.955909	23.028733	24.041750	21.541302	25.138775	21.163889	25.571139	23.073567	25.367127	26.405959	21.572976	25.276674	24.749866	26.676030	13.868848	24.819953	12.862602	22.795209	24.444499	26.404384	15.809579	21.000016	18.923466	16.422825	22.726568	22.609072	12.376099	21.126391	25.523977	25.674407	20.294710	14.273490	26.169436	19.603795	23.260251	20.912990	0.000000	25.402727	21.173055	18.540959	23.223009	10.319957	25.680431	25.040275	26.465042	25.272595	26.742702	26.616004	25.353962	26.070179	25.844968	22.226032	21.099275	22.587375	19.494079	25.379344	26.729119	13.651088	23.553130	16.266625	17.872699	25.140104	26.014861	26.755925	25.814474	22.400427	22.050451	26.213802	14.774997	23.711079	25.550779	23.274723	12.009668	13.400778	19.589399	17.338340	13.898857	12.610363	25.045906	16.788870	23.164079	26.366629	26.753324	25.363857	26.545901	22.809517	23.419419	19.546132	24.843827	11.384532	24.435650	23.206456	16.876106	12.546545	26.157896	22.402014	24.008389	22.029652	25.440350	24.136671	23.873198	25.288995	16.253938	25.732402	13.455403	25.670387	26.249303	26.618123	12.934925	23.599083	26.543549	25.264987	23.732689
25.923599	7.558642	26.735501	23.676309	24.766220	25.393031	11.264190	24.607379	26.448614	25.213261	25.735067	16.543124	19.626517	25.387941	25.478659	25.003129	15.529813	8.616692	25.064340	10.270675	13.352860	19.375084	24.922024	26.090520	18.664508	25.142384	17.929117	16.895451	25.062503	25.742322	23.489026	23.979881	20.636352	23.006860	25.453386	20.530828	26.425656	19.657785	21.142666	26.076775	17.469288	25.411940	23.104030	18.681824	13.460529	11.117963	26.484241	22.552778	25.739665	26.695889	19.368549	25.093660	18.201851	13.227531	23.323831	25.259335	26.756269	25.124238	15.276325	24.163051	16.326894	26.005404	17.550374	26.216241	25.714206	19.459535	26.604305	7.986718	26.686818	17.947428	26.176276	20.433684	23.415048	26.673816	18.595686	14.299175	21.132735	20.249458	23.059460	17.720614	22.749181	15.378382	21.892005	24.220510	26.261004	25.577039	25.873104	22.624880	19.297039	24.781394	21.416066	24.615080	26.758365	23.809679	26.262144	20.795259	14.634278	17.422601	23.150241	15.264516	18.117197	22.590382	24.876490	23.742682	20.575793	21.844528	11.580116	26.405412	26.331608	17.786371	26.478544	20.851027	21.332729	19.865720	16.389810	21.232707	18.701122	26.007341	26.711036	25.691504	17.967759	23.149167	22.690176	20.535505	26.655016	18.067113	0.000000	21.149133	26.519453	17.986833	13.466870	26.712783	26.587385	25.043672	26.111282	21.609908	19.604480	23.419209	25.266039	22.310520	16.534057	7.821167	25.928753	20.703459	12.838592	25.118474	22.795230	26.581942	16.762992	15.053120	26.501950	24.776681	24.689157	20.373656	23.681852	21.164074	25.883284	23.547573	26.591722	24.564145	26.161126	20.612185	26.270954	22.226215	18.007284	25.244866	25.914275	23.566511	19.098366	25.767754	23.002262	12.981778	26.563281	17.174192	20.475308	20.041689	23.460703	25.522575	26.676828	26.204571	26.511143	13.541952	25.300894	21.386566	25.924726	12.665123	20.517981	25.681255	23.878698	25.896760	26.651501	23.590592	24.702042	25.844750	20.234287	26.248713	21.642261	23.617843	23.381407	15.403774	23.075477	19.737092
24.131379	22.032888	22.495019	19.086509	19.913930	25.035076	22.852213	17.693809	23.161785	10.489623	26.407983	18.152525	26.251768	18.725988	12.067129	25.375828	26.495708	24.241323	26.397976	24.650755	26.231657	26.360105	21.426858	21.341836	26.530359	24.734104	19.058958	15.982805	24.466342	16.866511	22.443499	23.848340	21.050109	26.697577	11.349308	18.623957	23.302816	11.201089	24.792366	26.701641	26.073425	14.042065	18.679079	12.353573	25.303886	26.458663	24.917397	8.990423	9.815176	21.930480	21.145601	9.931182	22.652285	21.936422	25.694587	25.010368	25.517479	23.131176	23.784120	20.440368	14.485738	25.240627	19.842547	17.213900	24.353094	26.453322	24.734269	22.582995	23.587313	19.535794	25.066509	26.317390	9.029391	24.338962	16.104254	20.937110	26.672969	11.728925	20.067394	10.955631	25.271529	25.634738	22.207111	17.127426	24.039721	19.692048	16.412888	23.782755	24.875770	14.353212	23.607147	25.058222	20.479203	14.320976	24.761673	24.054660	26.217262	25.520835	22.539100	15.596160	25.975535	19.759762	18.118245	24.318943	22.651556	26.739356	22.349722	19.112720	18.689652	23.783572	18.063235	26.305764	17.957718	25.140485	22.080402	13.066029	15.036263	23.003721	24.125161	23.250009	14.720469	15.064664	25.449233	20.972406	14.706855	23.875592	24.113956	0.000000	18.147650	19.576460	15.947674	18.484335	9.558526	25.867296	12.208721	25.291051	24.178852	23.517793	23.443899	26.286834	25.023188	16.255065	26.240945	18.853749	26.677222	21.552840	24.684798	22.846786	20.330226	13.220936	26.610352	12.171425	22.535447	19.495258	22.733796	24.606409	25.440911	23.135979	13.221512	24.147229	10.637838	20.918408	14.336686	15.282230	24.719280	17.666458	18.648814	25.505901	26.301902	20.487445	8.020867	26.215568	23.870186	26.218333	22.543704	26.538995	25.563607	26.009353	26.691823	20.142686	25.612887	8.277003	21.179060	21.802925	22.770528	17.260545	25.706002	15.204571	16.150956	26.485006	25.828245	20.545220	22.606089	24.021680	22.945152	18.425298	22.366645	25.477381	16.799327	26.563340	23.963992	26.521864
16.198192	24.761046	13.919182	22.291293	21.788197	25.782826	26.750013	7.198097	15.687437	25.591343	26.418783	26.052829	24.790990	21.023226	23.599854	22.314524	21.405525	24.605398	16.780185	24.751185	20.619492	19.278673	21.451605	23.296660	21.964047	18.927218	25.310258	26.534726	22.909356	25.435958	10.731953	15.731952	25.782451	12.735621	25.709184	14.995654	18.208601	26.616210	13.098726	12.057137	24.180114	21.573831	22.906951	25.709506	17.025742	19.030441	24.569425	25.216225	25.973972	25.728019	23.183056	26.482125	26.606985	26.080353	26.735330	19.216457	24.088331	26.217386	21.169763	25.275040	25.169438	24.113184	22.269510	26.581515	17.985284	12.486730	17.083071	21.500255	12.259958	10.926210	23.582861	20.333302	25.651265	25.109461	16.682575	21.605957	21.179760	25.981707	22.883907	21.953277	24.291454	26.384385	23.992493	26.579700	20.267530	11.867183	15.059781	21.556590	24.576176	25.800518	25.294114	26.723792	25.102530	23.703914	25.821728	22.623911	9.979142	23.328453	26.687812	25.272937	21.268468	25.984335	25.831454	24.493614	24.618049	23.631622	26.552722	15.351059	20.486382	24.315006	12.141319	19.400271	21.764623	23.931016	24.606466	25.822335	26.257369	13.394832	24.597718	25.944433	26.524960	24.884398	25.746743	22.805163	16.677861	26.431299	13.981237	24.794224	0.000000	23.802695	20.354970	19.494664	23.543545	11.460594	22.343961	22.945788	26.344167	25.888281	21.844996	19.321885	25.907391	21.360551	23.982925	24.770466	24.999358	25.625822	24.612852	11.913136	15.627196	18.902928	25.546588	23.364115	12.264501	26.442522	18.406345	24.073849	20.603281	20.846291	18.972491	26.604974	26.377707	23.852132	22.886804	24.270707	20.196072	8.983505	25.337200	18.712944	24.394149	22.373444	26.453639	18.546122	11.847680	15.447685	24.374140	25.835120	21.233730	25.046700	25.318916	25.420729	17.782542	14.736434	17.403509	23.809023	25.151846	20.994266	16.100041	25.707424	18.927119	19.527651	17.146335	12.737609	20.484841	25.921339	26.350577	11.779905	11.635848	25.502094	15.134525	26.193634	25.358790	16.512701
25.890806	26.525194	24.910446	16.962104	25.569852	21.161095	20.209559	25.936163	24.618369	21.166569	25.353729	24.547483	25.613129	16.637001	23.162493	26.535000	26.200896	26.120901	18.754478	16.404234	26.414300	7.923469	25.653657	26.756926	25.416185	14.071932	23.662663	23.689069	26.701829	22.196925	22.592121	22.395688	24.198289	26.759115	14.099931	24.067548	19.185894	18.899567	23.777859	26.250070	26.042899	24.113378	23.306815	25.642296	17.477809	15.248384	22.703346	22.507542	18.782233	17.182705	25.446662	26.099475	21.700587	23.648799	22.283759	26.694081	24.398113	23.108979	26.348422	25.224819	20.748053	14.688327	25.082220	17.127232	23.980428	20.844351	26.726405	24.512076	26.591577	21.196244	19.369917	25.269014	22.748942	18.724550	16.934557	23.559458	26.277967	26.728564	17.833179	26.512038	15.415525	25.772747	17.922191	11.522139	22.915255	15.145247	18.901749	15.622516	18.630531	22.774231	26.353078	21.862687	16.289184	14.886499	12.916532	26.741647	26.445721	15.134201	15.099308	22.443525	18.539120	24.933282	22.759855	19.916543	15.151162	21.624225	26.305484	21.624208	21.040946	10.182892	11.494879	24.449877	24.819113	24.350712	21.829837	20.537900	14.338026	11.089560	26.700141	24.607112	24.599268	25.880467	25.260972	20.858190	26.305872	25.573703	25.547885	14.782021	16.285094	0.000000	14.324210	12.562225	19.935744	25.920513	24.135174	12.285766	20.419963	22.985916	26.652885	26.473704	18.623142	25.837065	19.240772	22.927024	16.403793	25.128064	21.610938	25.218502	23.718026	24.641884	17.145463	26.502736	20.566077	22.186687	23.155532	23.417932	23.025151	22.842568	21.771170	26.571128	14.249931	16.962674	26.107046	21.764746	23.857382	10.050901	24.460547	24.119182	22.097169	17.717098	21.602794	23.480180	19.498375	20.279681	26.141609	6.174608	22.686098	26.621400	24.657454	26.628595	18.280937	26.459096	24.797411	22.747777	26.525794	26.490750	14.440929	25.264589	17.426946	19.302145	22.667962	22.396644	13.499527	16.496587	26.382263	26.546698	22.432970	24.818491	22.249802	23.905783	25.628987	17.936598
26.090987	26.747226	7.668593	15.883076	22.190904	12.455050	26.124253	26.582734	26.523200	22.111820	15.188463	21.063723	25.617923	25.492229	23.970009	22.345844	20.964136	25.028074	14.689402	21.911150	21.290400	24.388821	13.684605	25.381059	24.173425	22.646687	22.641958	24.939927	23.376483	18.429224	23.382972	23.332572	25.864516	26.570665	24.119606	26.455103	23.449095	24.724757	26.369097	23.352272	13.769368	10.525831	12.528169	20.232461	21.623270	21.282488	26.119391	12.401669	25.126931	26.734599	16.414126	20.859790	18.790363	25.784709	24.223421	26.178777	26.453122	22.919790	15.923166	26.388277	26.712018	14.370951	11.345202	26.753608	26.240405	19.207625	23.138046	17.492175	12.642196	25.759546	25.278453	25.389289	16.190064	25.810590	24.384940	22.137776	24.078722	25.935262	14.540070	26.551447	23.541390	25.163539	20.833853	23.403543	22.610674	26.272515	20.421972	25.680866	22.903772	16.111141	26.161856	20.570010	26.701136	26.619530	19.630055	17.330606	8.502996	25.409956	26.539899	10.883014	17.825765	24.033805	22.066667	24.748354	23.290252	26.134261	26.109000	25.844431	25.406998	26.580175	26.454908	19.363157	22.092517	22.560523	22.774183	20.130355	16.081483	24.045736	24.327595	20.337140	18.896415	22.495548	20.183894	24.783068	18.279684	21.090584	12.784782	21.840336	7.993216	21.865431	0.000000	25.059215	14.771972	15.950483	25.115094	26.654346	24.120929	19.120842	25.506644	23.408749	24.631065	21.781364	17.508399	21.712504	17.167571	16.362964	23.468172	21.486734	15.892480	25.976418	26.497038	24.093677	19.902283	12.373542	25.115055	18.072963	21.330427	22.170426	16.119336	12.960386	20.262045	24.737945	24.478886	16.013517	26.328597	16.279789	15.143373	23.651354	18.964695	20.962535	19.049035	22.988103	24.573898	24.346109	14.457846	26.280586	13.091966	24.776235	7.491726	23.722393	24.432166	23.556188	22.216141	26.622228	23.807369	21.009112	23.562561	26.051263	17.587961	26.652572	12.280284	21.736312	24.665849	17.292657	11.526900	22.205611	20.157841	26.064382	25.996719	12.309461	26.574790	24.632459
24.549896	20.393778	25.447576	23.698969	11.215144	16.997607	24.451291	21.922718	22.124257	14.807533	26.370193	25.548394	14.709961	20.621681	19.320020	15.995745	23.924554	22.856634	24.445159	22.541532	25.758851	23.507410	24.749935	14.079772	26.758388	25.303116	15.724849	25.778925	23.706855	13.236586	10.313068	24.689440	15.637660	20.919138	17.640588	16.098147	25.666420	23.543379	22.463628	23.511088	13.442033	21.929219	17.694802	26.194731	13.574035	25.777136	20.833004	23.623780	23.610320	19.800498	25.152909	26.589800	13.775746	24.149090	15.683569	24.202825	19.284188	23.998286	24.925090	11.096111	15.998094	16.457393	14.611267	18.088077	13.349400	24.632684	24.648658	26.635755	20.340014	23.887468	25.919236	22.908447	23.865254	18.227836	16.094911	21.553179	24.068020	25.880522	19.819450	25.167701	23.150392	23.424006	23.635200	14.769416	25.986893	25.627736	22.809652	24.648617	12.279394	15.807358	25.483668	14.740481	26.513468	26.694984	25.960336	23.680615	22.906960	23.443442	24.710523	26.086836	15.634268	18.980122	18.122009	24.778581	26.212380	18.679500	26.739528	20.810872	25.584301	23.968686	26.635276	18.768104	26.209565	26.698778	22.406775	21.633010	25.525745	15.914913	26.390516	26.728206	19.749248	23.498847	25.685914	20.339661	25.891542	25.835606	14.688583	22.358554	16.571619	19.179244	22.862990	0.000000	22.099316	19.535002	21.680710	22.876598	15.167549	25.322387	19.615487	20.058203	26.741631	23.617736	24.843071	23.447759	25.368115	18.029129	25.222856	6.972183	21.889369	21.711631	19.846696	17.909733	8.867264	19.010919	26.097009	22.533309	14.996757	25.714556	12.136282	13.129115	11.306990	26.340499	25.751037	26.292176	19.410578	17.386666	25.973376	23.577515	18.758438	20.467031	21.375922	25.925393	16.165521	19.892555	22.389303	25.073218	19.523155	21.817992	26.613090	26.495983	25.234202	11.132516	12.922058	13.652463	22.763626	20.519076	21.051719	20.922215	21.254761	19.978083	21.001152	26.661775	25.721734	26.664946	23.941667	15.142424	21.819424	14.574391	12.321586	24.807878	25.529187	20.424860
25.688497	18.760030	17.926604	24.294480	26.707204	13.505434	21.944780	19.618797	21.683163	14.493104	19.779190	21.888917	19.993989	21.109448	25.317501	23.160849	20.101576	26.691912	21.708887	14.444660	21.688424	25.049133	19.652373	26.226313	20.525892	24.922484	14.968730	25.922505	26.627137	18.746386	16.302207	11.542950	26.702261	23.780136	25.270083	12.255630	14.807426	11.881492	19.292921	22.523281	25.670719	24.818536	21.501095	16.160863	21.048667	21.551978	13.227633	26.157795	15.546222	19.263070	17.146746	21.202597	24.781112	24.351616	22.026809	20.611426	15.773400	15.309751	24.686697	23.869405	10.184732	14.672277	24.876434	16.930133	24.101388	24.521739	23.973366	26.205217	16.103338	15.096421	25.976432	16.546931	26.353669	19.054590	25.421297	25.477123	25.937322	23.949645	21.757074	11.539314	25.826003	15.556549	25.067968	13.624357	21.908442	26.704117	22.432394	26.515000	20.282199	24.229730	24.658746	24.646167	21.123001	17.603262	22.174789	26.325880	19.413476	11.798927	25.016269	16.056329	25.166456	25.238140	26.657340	26.091846	23.347453	26.628978	26.306138	26.052709	25.824702	26.437873	24.751094	19.138162	26.750165	22.278452	26.194302	19.014386	15.153522	26.294763	26.105349	23.214204	23.335658	23.554397	19.933221	26.703845	22.604978	17.561086	26.666162	23.121347	24.509002	20.786742	22.969892	19.973593	0.000000	18.269895	24.121564	26.678308	20.997250	24.559952	25.504495	17.654907	25.058212	12.600052	21.282348	22.654076	26.020563	26.583275	22.824049	17.352097	10.769242	21.069063	17.857219	20.307640	24.305284	24.888176	24.042003	18.669979	26.714968	14.159475	23.744740	12.431260	22.314966	11.432217	18.378170	23.280055	25.922243	26.430771	23.626053	14.992114	21.915878	24.066400	19.955919	8.915409	17.461019	14.964370	16.206982	16.866171	12.246767	24.128562	25.711112	24.868749	14.656111	26.598243	14.962307	21.329966	15.386450	17.392209	21.036661	12.315457	15.094008	26.521633	20.588848	26.634490	21.568490	20.932911	24.326776	25.430918	17.283501	25.061091	25.956066	26.053162	13.692184	25.037417
25.376329	22.997558	26.010689	25.634990	24.120381	13.377530	7.934831	24.596722	26.068082	22.160839	21.668901	24.827337	25.544372	16.003526	19.762196	11.565015	24.532192	24.921845	24.319873	25.015313	12.086705	26.669485	20.882452	17.684942	22.912294	26.212838	14.826737	24.489077	13.273388	25.921516	21.330443	23.254350	21.693893	14.083361	26.656851	20.340487	11.809461	25.795409	26.515894	26.461073	26.216345	25.039281	24.264724	25.014427	17.619179	26.189652	14.105325	19.628694	16.203803	20.966112	22.000337	25.327211	21.226345	20.942459	22.371892	25.112271	22.334667	24.951611	13.671849	24.097018	20.197800	20.558334	22.975103	26.563750	21.466980	21.096110	25.006879	25.684221	24.778530	20.192483	8.341131	14.768900	16.095535	23.090413	24.661038	21.081881	17.850334	23.686544	25.896842	22.863010	14.586921	24.993938	16.393321	24.706930	26.090783	20.294991	14.062013	24.958660	17.353572	21.097546	18.220888	24.047689	15.566980	23.480706	26.447824	24.622013	23.238729	23.078457	22.985076	24.106999	24.953346	23.002034	21.098977	24.890393	20.404829	19.069907	26.755658	24.158248	24.842134	18.733221	24.341919	23.373396	20.603082	26.491767	23.200118	15.751033	7.661091	19.076219	17.922761	14.462648	26.366814	26.692111	25.894015	23.327555	14.655047	23.751504	14.478868	26.150280	20.577364	26.719570	21.118135	26.730489	26.348862	0.000000	21.206631	21.074724	22.979633	25.673104	26.748916	19.016507	16.912091	24.276661	23.726017	19.597471	20.362934	20.675610	22.066533	22.708442	18.746057	17.751772	18.541158	16.436775	22.015235	16.571070	25.046566	22.752794	26.325252	18.845630	25.507985	26.480478	21.711280	16.821893	16.036880	7.688126	21.181416	26.635027	25.956803	22.674018	21.549772	14.829666	9.078769	16.008246	16.924952	21.131657	26.296434	25.651591	15.630059	24.654256	15.056843	25.222947	16.548676	25.137437	17.678290	23.701934	9.679332	8.407730	21.675554	21.607761	21.643653	25.445231	26.482209	26.578433	13.887869	24.004545	24.955694	22.662043	26.660245	13.422643	24.250984	18.839789	21.560992	26.708955
24.298360	25.853311	23.490327	25.056985	21.775064	21.816862	13.826107	24.859718	16.930500	21.430035	14.586637	26.249985	26.348542	13.344349	23.833996	25.908188	20.391450	16.516799	25.911119	19.425268	13.767774	23.685989	25.606642	20.729556	23.212815	17.823777	25.509706	23.493640	26.445127	8.269650	22.337940	26.607564	23.899095	25.737111	20.422752	9.572055	24.831552	13.648003	15.717234	19.488174	26.717532	16.026630	24.650935	22.957771	26.623008	19.829564	20.855581	19.840920	26.446206	26.674165	26.419655	22.762217	24.209721	22.470933	18.515650	22.175417	26.625970	26.325245	17.107298	12.569023	23.394305	25.927520	18.246949	26.327670	19.445028	26.251311	24.145683	16.815224	10.804737	22.916152	20.442812	7.620343	23.294239	22.141757	26.514464	23.106262	12.016857	25.882243	19.276953	25.101376	26.612128	26.702916	25.853414	25.693316	24.297059	20.858244	25.172870	20.994059	25.890022	22.595364	25.741306	26.244890	16.708756	25.133754	12.172235	22.713017	8.760540	19.121162	25.260936	20.430444	8.642471	9.334112	24.129155	25.973965	18.901534	24.684906	20.081686	24.997379	15.872653	23.555153	24.429421	26.706654	26.376530	24.056591	26.531492	25.618624	7.882092	12.171576	25.416288	22.546829	25.993061	25.753984	24.588020	25.682467	23.210031	24.903160	21.653927	14.520522	22.996594	24.007603	24.795048	26.579819	25.203332	7.816586	0.000000	24.446880	8.729671	23.696336	25.221723	9.311712	24.529804	21.533661	25.889930	15.527099	17.439301	25.847935	25.287591	23.820091	24.700772	25.735614	26.702998	13.440906	25.592162	25.806373	19.757618	18.535448	20.807922	19.083775	26.681799	7.764805	20.515505	23.568692	19.345217	16.203410	24.548248	15.123604	23.156617	21.910361	24.791411	25.478709	25.932890	23.702056	24.953420	26.262676	18.721103	16.860022	23.933089	24.816201	24.472541	25.307660	24.619183	26.536372	26.355713	22.990491	24.034342	22.833682	25.795275	20.765692	22.936094	20.599329	21.893996	21.551923	20.409060	22.903610	13.452757	26.239373	26.726950	21.757492	24.472722	26.307645	26.446041	19.343389
20.500117	25.427975	14.458443	24.466319	22.043959	22.372712	24.711520	26.179967	26.053694	22.797116	17.657279	25.794313	25.449121	26.282780	16.522911	17.953705	25.846595	20.740070	11.235459	22.814053	9.099088	21.561094	8.894766	25.649514	18.208038	24.882198	11.895340	21.075053	24.381647	17.937262	23.060532	25.684733	25.423954	22.026458	20.380450	23.871107	22.143607	13.077722	20.282144	12.998567	11.552944	22.391792	9.305794	26.199074	14.715040	26.759560	22.774355	19.424666	25.429060	23.098904	25.125211	19.630106	9.445600	22.686747	13.596626	24.375198	23.573141	26.347298	26.566423	18.360076	18.851818	24.649755	25.942438	20.831796	24.954247	18.041714	25.879508	25.075819	25.795990	23.535582	19.504247	9.756965	15.918383	24.912770	22.128466	16.142210	23.706084	23.485044	23.256030	25.029693	26.590998	24.355316	17.624120	23.058665	26.308906	19.254153	17.561407	12.666933	25.793631	20.730320	23.989328	25.463866	12.118771	13.152737	21.336997	26.703248	24.124948	20.621238	14.674654	26.521838	24.224808	25.471266	10.643354	26.176546	14.570948	20.426876	23.977966	26.520708	23.770104	23.783402	18.648544	14.530956	20.636592	25.738546	26.480957	23.778888	12.876636	19.383096	26.114864	22.315308	10.633388	16.250825	9.880081	22.544893	23.316429	19.140090	19.321389	24.583481	24.628100	19.231200	24.465952	20.726036	17.964699	20.638375	26.520959	0.000000	25.273961	26.711626	12.805717	26.084663	24.390216	26.421397	23.218188	25.677693	21.632617	24.933292	22.172731	26.132449	25.214817	15.497747	26.594457	26.362971	15.678094	19.652994	13.715441	17.200598	26.195534	13.710310	25.945208	23.903132	25.146569	26.397040	20.932001	14.535368	21.478551	26.007001	23.946729	20.898320	22.329575	26.687735	17.792672	20.116799	13.635632	25.743257	25.920061	11.407835	24.387171	17.169925	20.151158	26.717186	22.509331	10.055477	23.139830	26.591463	26.446727	8.403146	18.577398	26.305920	19.610166	22.399138	25.623492	26.596018	9.895817	25.460585	11.869717	17.926562	15.558918	22.027979	19.691341	12.685612	23.866656	26.329692
16.899187	21.577814	16.452065	26.397392	23.822267	21.311967	26.663401	26.670997	24.804162	26.560311	22.061622	24.417007	26.672621	20.306617	25.814720	14.721346	14.885940	26.075007	18.235022	17.405538	18.471134	15.403032	17.262464	25.836931	24.773812	26.745790	22.133828	17.155980	24.168935	19.883462	25.236446	26.537563	19.368316	21.826208	25.169870	24.151235	22.485102	21.183274	24.233428	18.231407	23.867422	17.967759	26.046768	24.354659	16.033176	16.021079	23.685915	13.708965	26.653014	21.595190	12.661799	25.272644	24.867336	26.711321	25.986009	20.880925	6.717494	24.764994	23.950161	6.464462	24.714027	24.132540	26.486379	12.673087	26.230613	18.185735	15.590583	15.661892	25.657495	20.641267	23.614985	21.510436	21.682451	14.118439	8.760861	16.013179	21.796339	18.698800	21.851812	20.079376	14.551161	20.399816	22.975790	13.719017	17.990715	25.828321	16.315428	23.809071	7.778378	22.430456	22.339242	24.693652	24.698743	25.323764	24.601738	20.741232	26.515053	22.008914	21.165572	25.379974	26.388795	24.640128	26.012904	25.073070	26.734284	19.734322	24.673118	22.120390	10.604264	23.252282	25.519535	8.759033	26.135137	25.810150	26.378030	24.160945	13.230279	24.607998	19.260545	26.076953	21.506124	22.385396	26.759308	14.617950	26.548919	14.375329	24.876117	24.184379	25.470869	23.516299	18.245917	20.786410	25.028390	17.728149	25.677811	22.378435	0.000000	24.898519	18.117565	24.555604	21.396101	16.527611	24.669425	14.481658	10.524034	25.354219	26.351030	25.724757	25.814594	14.988476	18.418802	26.685341	25.844244	25.829595	25.961126	23.812211	9.699962	25.494290	22.865086	18.849760	24.468850	25.720800	23.864718	18.651137	24.804412	24.700959	26.416458	19.322771	25.648051	22.695209	23.372396	17.780360	25.689610	9.909290	24.150965	26.728347	22.253434	25.486993	19.872142	13.439435	8.292498	26.597522	21.476405	24.406392	23.722610	24.227143	25.539217	26.476628	26.359444	21.074498	22.987677	25.571329	17.227565	21.738257	26.759545	26.440294	25.787030	19.596425	8.325590	24.906690	22.651625	22.088425
19.724809	18.165935	23.899583	24.966473	21.003608	25.942585	25.715734	14.983525	18.633884	15.124088	18.552249	22.783853	26.387463	20.752163	13.473101	25.339789	26.586951	20.700163	20.470570	25.131567	9.547336	12.118098	19.496377	25.652593	24.144059	26.533016	24.097446	20.193314	20.089439	14.066427	23.820452	16.195928	25.891806	25.471204	22.116052	26.570522	26.472137	15.975167	23.370092	25.047176	25.564993	26.631734	26.745170	26.406968	18.966804	25.790342	13.124828	26.117733	19.573312	11.046209	26.595433	24.428099	8.625824	26.513913	25.683950	20.223787	24.981914	24.453864	19.283629	19.716260	24.845691	21.513100	24.636789	26.076077	18.402900	19.520345	23.202131	25.112441	26.251622	18.642702	26.665444	19.380128	23.770216	24.483059	24.580405	20.668463	23.596645	25.253327	23.687214	21.863576	17.415775	19.394211	22.708098	24.707454	26.384916	26.169181	18.666479	25.526201	19.640565	22.469205	13.857868	16.551883	22.253177	22.192581	11.134521	25.306375	26.495888	22.589608	26.276892	24.701691	21.119936	25.246827	18.287860	23.406295	24.665505	20.602547	12.598886	21.969985	17.483362	18.633744	17.938923	22.507595	16.083979	25.245017	13.920299	25.774511	26.737105	15.487070	25.255467	26.547253	17.649816	25.643247	25.699582	10.100563	19.267891	26.430231	23.944186	23.032373	15.729553	14.369914	21.857465	7.812573	18.341091	26.745604	20.136526	25.621510	25.158562	0.000000	26.735525	19.762256	24.971843	20.064551	10.020091	15.723375	21.399591	21.899743	26.432748	26.361806	16.120654	17.572487	22.699504	26.748056	24.927282	26.502177	25.760683	21.290864	18.929840	15.608232	24.805298	23.521565	18.772749	15.047096	8.946813	22.349085	21.943455	26.588058	25.557792	24.513871	18.323753	24.604372	24.123336	9.776517	26.620473	20.934569	23.208459	24.833985	25.490477	21.022868	21.629326	22.002524	17.859471	14.288021	23.333887	16.334126	26.691704	26.717364	25.970928	26.003950	17.621977	25.368884	22.980734	25.096468	15.787844	24.096678	19.144092	17.487705	25.389821	26.442530	22.268783	14.677023	17.947409	26.112309
21.839722	23.295817	23.209503	23.992283	24.479684	20.634908	26.082371	21.514370	9.418226	16.853225	26.562368	22.085750	10.866030	19.506102	26.658021	22.250795	20.103455	22.396752	24.685953	22.588983	11.679392	16.759912	24.671195	21.381201	15.208363	16.190079	14.471139	21.504361	25.200661	12.810870	22.351343	21.195269	10.724353	25.001717	25.768727	26.616057	15.578133	16.936930	12.192770	23.740517	23.711973	26.567625	18.536194	23.492297	9.346619	25.200150	25.638867	26.573611	16.266342	18.845890	20.902186	25.632834	14.134747	23.566512	25.591624	26.122375	24.739360	22.052471	26.022414	23.988447	19.677425	25.313621	17.915508	18.180491	18.473836	26.197580	11.417332	26.445078	17.603768	20.390410	18.371074	25.313914	18.092587	23.080107	19.907017	22.783758	24.252483	25.502258	24.695114	14.298500	22.138113	20.290319	19.308285	11.795309	18.941062	25.602691	17.208271	26.585319	24.697917	14.438234	26.563519	16.575455	21.817139	24.644422	24.367659	25.508678	22.783987	18.408914	26.759428	17.935174	25.483013	26.117098	26.395745	25.585850	21.516700	22.627949	26.253541	25.883703	20.251485	20.898748	17.907398	26.075338	26.424179	19.362109	24.953136	23.208892	22.487218	20.842550	21.705857	20.987675	26.526411	26.228723	20.875172	20.501938	26.661776	21.030674	24.175484	26.125053	11.308445	26.339825	14.967689	14.623482	26.085945	25.732932	20.431535	22.750574	21.758085	14.093455	0.000000	25.170337	13.834289	26.478919	26.698155	22.193441	20.216449	26.561642	26.340666	25.790275	22.460367	23.115405	18.540804	17.592769	16.100188	25.071667	25.600904	15.184938	22.706755	11.886438	26.102215	24.327609	17.634451	24.606363	23.895913	26.430409	25.716848	19.478641	26.653441	24.676390	26.126807	23.732903	25.844178	15.092802	25.363022	13.907810	26.271612	25.100162	23.382649	17.673576	25.894416	21.792120	26.173353	26.510222	15.853549	22.260567	21.304617	23.823356	24.447289	23.828125	14.958410	21.853430	13.044155	26.021453	20.331129	19.370404	21.711826	26.322395	17.043237	21.443430	20.749271	24.701280	26.698088	15.482215
21.919213	13.914207	23.689086	20.335121	19.447292	24.897951	24.933879	23.542927	16.638819	26.730186	23.770543	25.776555	14.588965	25.736184	24.135733	25.809524	16.367837	15.092018	26.722648	23.633704	25.668318	15.906201	18.117871	22.742139	25.615095	25.857711	24.987454	24.754872	25.345118	19.467450	23.050952	23.615743	23.992091	21.367286	26.545629	20.774373	22.081041	25.214014	26.122681	22.452065	25.014082	22.605428	17.150262	26.285924	18.540138	24.967600	24.969265	26.236644	24.112409	23.833094	5.698933	23.814796	22.082350	26.701982	25.008694	23.137452	24.610681	21.160616	21.577923	18.214582	17.561884	24.824751	21.814103	24.965441	16.778628	13.138556	23.950082	25.003879	21.373588	18.654143	22.671972	25.964956	21.708772	21.719071	21.532196	19.851416	22.884012	19.066041	23.665906	14.266587	24.942477	23.329008	20.651365	24.486080	17.766075	17.555800	21.999896	25.042471	25.971414	24.258718	23.954968	25.621360	14.641966	17.470496	21.776777	24.705485	22.721045	22.053157	22.150685	24.924812	24.293163	20.629759	23.692826	23.428457	24.812193	22.217695	23.790797	24.174845	24.731126	13.347863	26.753210	20.798881	24.442080	25.789430	22.092757	24.470169	24.411107	25.885336	26.310450	21.958378	24.648847	21.371949	23.376964	26.520781	20.225202	13.730248	21.204270	15.695692	23.009772	21.464117	14.375973	24.271735	20.068336	19.090266	23.583392	26.185953	24.646108	16.779717	24.943701	0.000000	21.413773	17.135128	17.833669	11.494329	26.013745	24.845240	21.587626	22.735997	25.856935	22.071050	23.677886	19.087941	19.365416	14.826405	17.317118	26.593184	26.607208	26.335153	26.666962	25.855805	22.928949	15.821153	23.706962	24.196396	21.811795	14.606636	25.329189	19.942059	22.644439	21.431046	24.291658	15.360250	20.197665	25.206933	26.682354	26.604043	23.471860	24.758072	7.774181	18.704594	25.397660	24.968420	20.239231	26.254904	24.735983	21.696636	25.553618	17.148949	17.598676	21.086609	26.695783	19.455268	24.231354	16.012871	24.362519	24.208968	21.492098	26.757245	20.022905	21.196117	19.659675	24.848502
25.466445	21.603060	20.588182	21.392970	16.501414	12.724910	23.532632	25.968164	23.392063	18.814959	23.614826	22.632224	13.297650	19.615383	15.314996	25.292272	22.604869	18.754008	24.828680	24.782332	23.432989	21.805652	16.249667	22.459741	26.078144	18.172730	24.248282	20.820218	22.442056	26.715956	25.744904	11.386284	13.559616	12.234372	19.248234	18.256989	21.964686	23.114156	17.760511	23.865330	23.071667	24.226445	22.336857	26.076096	10.433842	26.273739	14.486410	22.237876	21.739968	24.977319	23.053432	13.679407	26.177003	22.721129	14.969681	20.281266	26.505248	25.131165	16.458508	18.893010	15.519120	25.514049	18.462234	24.294931	19.262624	22.836546	26.322665	24.837426	21.611735	15.758582	24.325216	20.896805	18.457143	23.093316	24.026406	23.965442	26.460273	11.051506	23.118909	17.521101	24.912651	16.814727	20.320283	19.192698	26.211240	22.925965	22.391195	20.371177	25.631436	20.287071	20.379468	24.863785	15.246656	25.543660	17.695516	22.376393	21.766076	22.043169	24.024314	24.084508	26.582843	19.670386	25.972542	24.156761	26.148641	20.159028	17.974531	26.479089	19.936534	23.910345	16.014314	13.210448	21.623437	24.032476	26.330055	23.558669	16.530954	22.671207	22.064454	25.440881	24.144972	13.495832	20.595935	25.502777	26.661293	22.926779	17.245431	14.021884	26.027712	14.179304	16.222562	22.503577	23.157900	21.153378	22.074848	16.456460	23.124694	22.608865	23.736761	25.176461	0.000000	23.577140	13.971576	25.455338	22.371928	20.777559	20.229655	14.985640	14.982128	24.991197	24.530521	22.689018	16.754291	14.773458	20.773222	25.547540	21.375402	26.542374	18.850756	20.752194	17.428260	8.547130	23.578284	24.459923	24.796183	20.478150	25.544482	22.906666	12.275290	14.282909	24.007535	25.009224	20.894980	14.600800	19.369632	24.566900	11.068010	26.735859	14.705816	22.710951	17.963114	15.143805	26.487458	16.537181	22.524151	26.534743	24.843542	16.804130	19.473683	26.154447	15.405556	21.084950	23.599369	23.226064	24.783913	18.233157	13.917834	26.279666	23.438534	24.077052	22.247856	21.036712
23.814999	25.747171	14.980467	22.348442	16.217369	25.390245	21.810280	24.287340	25.429968	15.054955	13.740506	12.231223	21.946916	25.462349	24.820071	26.257623	15.504777	9.284639	25.696576	19.478703	20.458004	24.653161	18.709483	26.718747	21.630570	26.663967	23.712223	23.497021	25.319293	26.645388	25.861526	13.255926	12.666957	25.849941	23.994006	25.338086	26.661649	23.908146	24.851755	26.048579	26.667151	9.713073	21.434565	25.368005	24.498822	24.196027	22.413773	25.740951	26.464455	20.890994	11.888494	26.311305	17.555385	24.151164	22.013097	25.139280	26.114186	23.363314	21.149827	19.063558	10.079596	25.541157	17.272831	26.687541	25.114497	8.949927	17.956212	14.829484	9.463561	19.403759	15.614487	14.744747	17.801171	21.236445	19.741603	23.174500	17.785357	25.040794	26.709859	23.370423	16.146501	22.995287	26.446906	22.085002	14.474368	25.562899	23.082521	22.495059	26.386637	11.693510	24.290160	23.764769	24.677940	21.211170	23.848852	23.063796	20.466826	12.935917	21.228986	26.338009	16.029299	20.629479	24.580519	22.144244	19.473057	26.701969	26.729445	26.392096	26.463696	7.103453	23.769421	25.847404	15.771366	15.438432	25.981571	20.436914	17.130885	22.605387	25.947913	19.326419	20.466463	21.147353	22.001185	14.348436	23.305644	22.634719	17.733265	25.036595	23.728097	24.312369	23.805092	19.391026	21.723852	26.675979	23.661385	12.994145	19.238569	17.030382	24.021493	15.206668	14.894580	0.000000	20.333815	13.267921	26.634223	26.581449	25.212137	12.647800	18.360470	26.682015	24.488016	24.460539	8.705242	7.847903	18.279146	17.885367	25.514101	22.093678	24.838014	14.604502	23.290554	5.973195	22.078623	26.704055	18.157446	26.560628	25.812180	24.898315	25.332063	22.864183	23.641892	26.624285	25.456897	20.936079	26.553605	26.637775	24.213039	10.982267	26.249690	16.863563	11.069081	25.715271	21.188699	12.007853	19.036996	22.594696	9.391071	19.498747	16.350624	14.507694	26.372178	24.050375	24.491513	8.919240	21.066429	26.458892	25.940526	17.298246	15.731971	13.525535	24.270829	17.981265
25.275589	21.797492	25.888393	9.156368	23.107228	22.777091	26.399583	20.864453	23.098106	25.056307	24.613674	26.539525	23.373484	26.248031	25.941333	24.557294	20.032489	24.210880	26.079559	21.480007	22.846098	24.338493	22.891269	13.435947	19.341596	16.338471	20.070414	21.683312	26.588071	26.383220	26.565486	26.122877	15.550775	25.187591	25.429854	17.844875	9.031583	22.793465	26.592646	26.372487	22.165685	17.004158	17.484889	26.742278	23.810063	14.080898	26.085329	22.781649	9.818841	23.702685	26.429438	22.418192	26.062224	25.784191	20.034831	15.966794	22.529115	25.790786	24.042032	24.873610	25.531774	19.280279	14.235347	26.297681	25.777130	20.175041	18.490186	24.497592	22.416957	23.991215	19.944108	25.244809	14.614030	26.087441	18.309588	20.996205	14.960891	24.922343	17.087427	25.634516	25.693909	26.651763	21.007920	22.744016	19.671389	15.118558	15.000694	24.851104	20.420775	22.434872	12.728671	14.247373	21.206798	22.611971	21.536058	23.123895	24.580970	24.543253	25.558768	15.417986	16.459045	24.409017	26.529483	26.042893	22.468957	24.474541	25.009112	13.645771	25.750630	22.453526	25.457253	25.692692	25.022082	14.940247	13.256116	18.521943	26.259063	26.606872	22.556875	24.704734	25.624039	19.856684	26.743734	23.628898	24.312106	12.468406	25.945171	25.590662	21.806924	17.791279	25.989043	24.946668	15.364606	23.130014	23.450281	18.399000	26.649742	20.965093	10.357182	21.477483	23.475808	24.075757	0.000000	22.002853	17.828093	19.434305	26.594207	22.025853	18.193890	22.973611	22.175425	26.198747	26.470212	22.062093	11.652370	23.265109	13.426731	24.261369	24.408447	21.966895	19.380401	11.221990	18.064412	17.851925	8.783580	11.634009	19.218056	15.985341	22.240354	19.617885	15.154002	20.454187	22.502545	24.832755	21.777625	23.198597	25.256365	26.287820	22.006499	17.880264	17.405750	25.721497	21.392163	25.804504	25.761153	25.258417	24.988115	26.382525	22.952452	24.099734	25.099216	9.604077	14.487429	23.275245	23.058451	16.264782	22.013839	21.117585	25.166939	9.816103	26.264002	26.121265
20.970806	26.168200	9.663837	22.367932	18.004757	16.108633	6.783076	25.412634	25.865105	15.372761	22.119468	25.919484	24.084035	21.763450	16.491612	18.534964	26.004468	21.738508	25.894775	25.718879	26.269365	20.014702	24.532324	26.673070	25.952873	26.315484	26.151646	20.265399	23.163077	22.418717	23.025592	23.956509	26.552960	26.154403	23.890617	26.554925	21.527653	25.190604	17.525002	18.972468	17.335599	19.637140	22.926683	26.581437	7.977398	26.628247	23.266205	17.890790	24.503671	22.212116	26.719672	11.355554	26.600109	18.428231	23.132824	24.237150	17.970623	15.598036	25.025218	26.595594	8.592248	8.678953	25.932717	18.167108	25.934580	25.043207	15.724225	24.283625	26.405094	25.885808	6.791187	10.087389	26.052909	21.829897	25.853960	24.633417	24.777041	13.466496	25.789989	19.665114	12.501443	20.253037	21.431887	19.528354	15.797152	25.022924	24.521548	24.638759	20.610201	24.040664	26.371998	9.526640	26.503037	23.841673	26.740379	9.387641	25.721129	21.850412	25.828842	26.502247	25.403355	26.293860	18.215864	23.503441	24.903196	24.634109	24.447103	26.286894	26.354468	17.296446	20.168321	15.669955	24.337431	19.073995	24.324586	17.697048	22.664869	26.105749	26.690031	10.737677	19.632250	22.682974	26.669235	24.287523	12.629454	24.871287	21.563379	17.377496	20.669957	26.199018	25.954970	25.965867	17.396853	24.119183	10.472931	14.166650	24.533643	20.960299	13.287724	23.076413	23.989897	24.001355	26.202933	0.000000	8.300139	23.762881	25.670168	24.820948	20.663862	23.284461	22.600038	26.613976	25.427768	14.607042	19.966410	25.903698	13.905622	17.402260	25.046619	25.176793	25.786892	18.259657	23.019757	26.508760	22.455161	22.330411	26.273412	26.757103	12.018491	23.043914	22.863032	13.602213	11.337320	22.418564	23.989205	15.792691	19.519165	16.584266	25.743647	18.406845	21.731153	17.904217	10.587269	18.240545	18.150075	18.299798	15.997113	25.881022	21.351430	8.095915	20.838189	14.750709	21.088259	20.566818	23.181511	20.567014	24.898302	17.358240	23.272273	15.984403	18.154565	7.820752
26.390367	17.758298	24.332959	11.199392	26.738630	22.208397	24.965289	19.697664	26.190555	24.608240	23.543759	24.824870	23.475462	26.261219	21.788420	20.312627	21.347650	13.302626	22.183225	25.492052	16.513486	24.860538	16.356169	19.694184	25.719824	23.721500	24.830808	26.306978	25.757306	23.999405	18.967801	24.832197	19.562063	10.707107	23.930374	20.712597	25.724294	24.194045	22.222715	26.091184	26.575898	22.075967	19.713133	21.433353	16.716472	21.764628	25.674429	19.763865	22.423030	18.232882	15.613509	21.686256	26.235949	17.954755	26.623189	25.156030	25.731586	20.497543	18.199722	22.956854	26.619434	26.335392	21.556749	18.311254	22.396983	26.733617	23.828290	20.844854	26.364328	20.025814	25.660863	26.480261	16.277215	19.404055	15.578112	25.407330	25.666203	24.248387	19.711193	24.402869	22.091136	23.617310	17.229571	21.880508	24.574076	21.483039	15.725620	26.667122	21.805080	22.296928	21.513940	14.364299	22.462497	21.043923	26.542432	18.727065	26.137719	17.961174	19.286029	25.751004	17.864872	21.972287	17.497243	21.282566	26.483569	19.762183	17.433000	23.488808	24.894490	18.841312	23.114738	16.993616	16.609658	20.666007	23.766165	18.137041	19.796276	23.985577	20.879227	26.383392	26.335582	24.526345	6.927798	26.408501	24.545311	24.117647	23.545922	15.569599	26.752302	26.733606	17.352581	24.960945	24.743324	25.914901	9.001075	19.584780	23.204986	20.419964	19.058300	24.907357	23.460525	18.313484	13.000757	16.632400	0.000000	14.490698	19.238489	19.666268	26.069119	23.626642	19.077638	17.642428	20.754584	16.063358	11.118247	25.653434	23.861496	17.424835	15.729883	22.232130	22.152416	24.778900	26.314157	26.637284	22.182552	26.002782	23.137335	19.291855	18.704235	12.094713	25.458558	22.593206	17.965935	20.359350	26.636419	20.243558	17.718491	26.345265	25.922555	10.693074	24.570165	20.398908	26.043097	24.433815	26.062673	26.265777	26.460804	26.632908	26.644867	25.190738	23.025992	23.620558	11.822427	12.663001	23.702819	15.995070	25.206975	26.483169	16.154589	12.451028	25.718240	23.473555
26.210233	24.669111	18.204354	9.009190	19.056089	17.530905	26.464441	26.033972	25.590929	17.207479	22.317882	26.262263	25.555668	26.258791	11.554101	24.166742	20.080783	16.156735	11.992362	22.657682	20.468850	26.675380	16.131372	25.352510	21.277787	25.315986	17.856288	12.845292	25.372597	23.212993	22.884080	22.276434	24.724701	25.565798	22.952062	25.809209	24.337885	24.775369	24.192529	25.808298	26.459877	26.637964	24.215420	8.042855	17.783829	14.767084	16.850403	22.557840	18.153237	11.642201	23.024444	19.275790	26.342566	24.149128	18.954975	18.288533	25.692114	19.231143	17.665015	26.555194	20.452014	24.977517	19.191337	25.850689	15.193315	17.861685	22.972574	19.155784	25.012797	16.623894	26.096494	26.690021	9.456216	13.029142	26.425279	21.504393	18.516961	26.697606	26.359097	17.647995	24.949029	21.195544	15.456556	22.705277	26.360984	26.607231	20.383756	21.751383	19.513187	26.016831	25.811444	23.469637	22.952474	14.866971	26.091915	24.427020	20.695868	25.458056	25.447776	25.324499	25.118863	20.512012	15.717431	26.740626	26.046410	25.119693	14.726748	26.454968	25.928857	13.220000	21.237480	13.344058	24.055281	12.445806	23.402275	21.925187	23.308204	17.909638	14.208789	25.205593	26.099426	26.241490	15.654483	22.775221	25.919566	24.864104	21.416222	26.217655	26.031843	22.273481	20.858417	26.458378	25.448603	24.652156	15.123778	26.078460	17.493648	21.952089	19.335349	19.636733	11.887401	17.143270	24.759700	25.906380	26.651568	0.000000	18.618745	14.227263	25.646158	16.613826	26.281673	21.347060	26.012946	24.261840	18.074998	26.107934	20.598309	25.771668	15.898751	23.301267	24.555954	18.363360	24.812091	15.847668	25.635613	18.732995	23.003081	17.362858	26.050598	26.670323	24.132760	24.143298	26.321965	21.899564	15.763662	18.303090	15.959895	24.833075	26.537126	26.736314	19.600448	24.700592	20.766041	18.818919	24.629714	25.552358	12.861734	24.323236	26.029440	17.462577	26.457555	24.754257	24.087859	25.467195	26.496253	21.963697	15.045819	26.592020	19.625621	23.158660	14.749135	20.351775
25.336433	22.561581	23.830905	25.159320	22.759727	25.018151	24.094136	19.453703	26.270559	26.630625	25.867601	25.384225	8.982595	17.696250	25.598979	24.644942	18.195184	19.397446	16.348546	21.406280	21.259302	22.898796	24.774164	22.366306	26.017162	25.060465	23.856017	19.356781	24.002042	23.888392	14.611820	22.661867	26.689986	19.963222	21.962877	15.773798	18.871515	25.268939	26.476303	7.866689	26.615648	13.707913	25.696100	23.572445	23.201740	20.739421	21.358121	24.487611	15.801463	22.347530	20.298932	21.451731	22.587110	20.278988	19.819244	12.294214	22.134330	26.466177	14.585947	25.343982	15.224425	23.644924	26.432440	26.701016	22.806108	13.010939	17.438612	11.115929	23.170889	25.697148	18.356397	15.576310	12.055928	24.116077	22.570358	15.771543	16.379950	26.408083	25.655549	19.042413	16.291188	22.713447	18.688489	20.594082	11.209948	26.142365	23.403205	26.726004	26.634879	24.875050	26.703149	25.106045	23.067731	15.480739	22.404007	22.230223	26.386719	18.440017	20.088826	22.818338	25.293463	22.376930	21.003939	19.479770	20.849654	26.376788	9.380415	26.286925	26.099087	13.660582	22.758314	20.789894	10.619830	22.240942	25.355653	17.775354	18.040457	23.568320	22.817451	26.066248	14.759472	26.244231	24.403329	19.730325	24.489543	21.079310	19.892009	7.838624	20.977494	25.990273	9.786808	26.754820	23.046370	21.661877	15.042452	10.954021	26.730097	25.731215	26.562127	26.096200	25.072044	26.704047	19.232370	21.539777	18.757547	20.842832	0.000000	25.631959	16.772457	23.962972	26.550913	23.535387	25.885088	20.222873	24.340197	25.886836	24.949234	14.927463	12.860516	25.675236	24.185878	25.114519	15.016249	25.602904	15.998372	21.233750	11.271475	26.420427	10.486276	18.633002	13.757105	20.507909	15.512970	17.458262	18.157021	26.263478	26.685652	9.366565	25.172102	26.590979	22.929821	26.564487	19.438714	11.914687	19.111256	19.682155	26.625293	26.128738	22.019729	25.593321	21.951117	23.874495	12.728087	15.556062	24.763414	21.044749	20.064269	26.212239	25.561086	22.225814	21.767618	26.510251
21.817717	26.551476	24.474025	6.440995	19.730993	22.182971	22.261154	10.764105	17.940290	19.534879	26.236827	23.052370	26.264228	26.602458	24.860520	25.285520	25.607537	25.514525	26.574483	24.910680	20.422180	25.514943	22.798248	26.731264	26.669608	16.211886	12.473974	18.819307	17.887249	25.800207	16.997435	17.142147	26.268804	25.578052	24.197731	23.533807	26.117098	26.218276	24.420609	26.525907	26.481919	23.759995	13.258677	24.592810	26.548748	15.406383	17.861541	19.094603	15.126426	18.525150	25.781959	15.844201	25.293226	21.370378	17.520147	20.762325	25.029707	10.741133	25.111224	24.923049	26.322772	25.013646	24.082796	23.096012	22.325872	23.247732	8.688650	25.475527	24.826197	20.558902	18.951815	9.467490	24.265435	23.206718	11.523223	24.321064	25.644792	26.281656	15.606651	26.151431	25.307156	23.819163	22.520062	23.337707	25.021382	18.436099	25.514919	26.560316	24.831336	20.182035	20.211429	22.655458	25.359999	16.928417	25.780356	19.685162	15.048401	19.881392	21.292559	15.624472	11.751046	15.939238	9.170421	24.892616	25.994978	26.273722	15.162215	24.689408	26.173772	24.948230	25.885125	22.434323	20.172514	18.824087	19.557488	15.853409	23.773913	11.595682	21.816863	20.707038	17.758304	12.319706	15.311077	26.723815	24.581225	19.174659	23.619367	23.615525	20.434769	23.907832	21.156923	16.065424	26.072079	17.978097	25.764268	20.180090	23.447890	19.134060	14.346204	25.868328	25.924729	26.461210	17.701818	24.658082	25.927102	14.251961	20.684007	0.000000	24.643513	24.417354	22.176787	22.364637	22.443038	26.726042	25.283994	12.556569	26.137711	11.941681	9.273642	24.456786	16.285132	6.233751	19.016354	12.754268	21.393647	23.789586	16.883336	19.380165	25.306378	24.358240	26.512448	24.509689	25.861072	23.218464	22.776139	24.881337	26.716535	23.795024	26.665761	21.764639	21.781610	18.363505	25.734358	24.893525	25.880568	19.996821	20.906992	24.600846	19.381010	26.599430	11.509273	19.120807	25.553284	25.146796	16.462092	26.060307	25.905638	25.190869	26.536285	11.629069	20.066767	21.187880
22.110519	25.902349	23.810793	26.291480	14.768532	15.692171	22.092521	24.569195	22.314935	23.001736	20.334347	17.835748	26.644924	17.912151	19.542240	26.454500	26.442184	10.891306	20.410472	19.372523	26.639111	26.663409	18.300909	23.626670	25.239940	8.150221	26.557634	25.998735	19.776122	19.783682	9.160031	25.844925	26.033433	14.165869	25.071844	23.530861	17.020573	16.981272	25.723293	25.361494	18.071762	22.064358	20.488349	19.197824	26.363217	23.966209	24.730377	26.382053	15.420977	16.834499	22.490127	19.722115	23.356633	24.643541	25.568128	24.669475	19.826256	22.424903	19.475759	23.448570	18.314231	21.205227	26.210288	23.566710	19.389456	21.548381	24.654599	23.701817	12.173966	26.630862	17.634604	24.127402	24.764066	17.664871	16.837109	19.198256	20.843107	26.747474	26.381907	22.437931	24.439564	18.455069	25.528468	14.021740	19.371005	26.710235	20.573558	15.308605	25.389836	24.588067	12.977715	21.404357	23.225177	15.185311	17.627188	24.824342	23.170719	25.044522	19.863247	21.086343	26.664359	20.918467	8.797135	18.965361	16.040877	23.526452	26.675157	20.359751	25.616765	11.527887	15.430298	9.151730	24.343025	25.004742	26.027383	21.745439	24.869944	22.367518	20.134176	22.645446	20.890619	16.980902	23.736929	17.823707	20.739132	26.749072	19.143249	26.712881	25.658712	16.375051	24.999856	14.757060	17.073972	15.529174	19.420466	23.729024	22.668709	9.583397	12.205976	22.399679	21.458226	17.996364	26.218596	13.776487	23.242278	23.013824	23.267327	20.267231	0.000000	25.758026	24.246903	19.635338	18.715181	25.638615	26.475596	26.477140	15.258595	24.318009	14.330624	14.824538	11.365925	26.636246	11.564710	24.381804	24.415671	16.375373	19.077091	21.841858	22.762852	22.938507	24.614171	22.354405	25.978986	26.182522	11.086943	26.725808	25.697380	26.135786	22.306379	26.732587	20.008208	24.939916	21.171581	24.698535	18.144309	25.111734	25.291567	22.926187	21.335362	22.961790	24.205781	23.342454	22.971128	17.781128	22.751146	18.333434	19.355395	15.211078	20.841608	19.805738	22.520467	18.014510
24.219799	21.766798	26.601937	7.719545	14.306658	17.062352	16.562204	25.743254	16.872999	24.903469	23.117252	24.111278	20.195567	23.665159	16.531234	19.503121	26.634758	25.280508	23.796751	18.328048	26.502385	25.337464	17.360174	25.541393	23.101484	24.522079	20.722270	23.888479	25.086533	8.469343	25.820136	26.140200	26.298208	23.117461	11.551831	24.901391	17.157654	15.877195	26.594093	24.831416	11.496825	22.208548	24.722035	22.861168	20.057941	13.351366	18.064623	23.403562	15.200473	20.540404	25.524336	23.678808	16.788803	23.235480	23.345844	22.007759	26.227301	25.277789	26.044846	17.806326	24.500473	19.439797	24.934003	26.501919	26.588036	20.848076	26.470536	17.528624	17.142835	15.212584	23.765738	15.590552	26.349666	23.833864	21.060812	20.649685	26.727453	18.721243	24.120289	26.291849	26.231707	12.330141	22.154405	22.672417	21.075323	23.907278	20.977702	25.456270	25.826087	15.025500	20.359199	21.162437	25.594085	23.856595	19.843887	26.427397	22.165809	24.610619	19.553121	26.717499	25.590272	26.233713	26.722646	17.058444	26.576300	26.610506	25.702835	14.146685	25.678867	21.530794	14.139792	25.432236	20.553260	24.152040	10.268117	24.086866	25.324243	22.161732	26.049747	26.226135	25.653686	21.957893	18.647425	21.859404	24.438869	10.632884	7.775549	24.781014	24.928770	26.003558	19.606380	12.525146	8.746386	20.114923	10.001116	18.999470	23.632501	25.637055	12.604418	26.667913	23.613480	25.214128	23.743188	18.418553	22.896407	18.700006	14.174445	23.647028	23.540518	0.000000	20.353181	25.532866	25.060320	23.519712	22.456454	23.951272	25.621393	26.000736	24.065725	25.683738	24.297332	26.302263	19.640424	25.351000	14.692464	26.546715	25.857120	20.976836	22.704448	24.211051	16.856763	15.709819	16.381595	26.650190	26.172814	26.531037	11.816717	19.424942	24.363535	26.081634	22.067271	15.730799	18.834109	26.566820	24.328270	14.447767	16.283214	16.980066	22.296113	26.757442	26.335826	26.352342	17.534015	26.588366	23.649484	21.009751	22.159211	26.461518	25.335705	20.919112	18.006604	26.491073
16.544687	22.851351	25.974454	12.390707	21.225635	26.610263	25.540772	11.274514	17.304124	24.672331	23.466761	25.751095	20.158730	24.779241	19.991534	26.183045	24.924160	13.535816	23.769156	23.321753	26.408256	26.594396	21.245845	23.597905	26.754457	25.819037	24.978596	25.598873	25.770724	26.257004	25.365289	19.576534	17.867308	16.376984	20.155481	10.147332	13.523014	20.022804	23.819430	19.412246	25.649490	16.206810	9.545100	26.725842	26.654690	26.125008	17.687044	22.530307	21.973832	23.499497	20.257677	12.751353	14.802885	25.320705	14.498109	20.237215	25.248171	17.340105	10.211666	26.499379	26.611946	19.867440	16.690399	26.389217	22.825336	26.378248	12.334359	16.373454	15.641280	26.701555	22.348272	22.922870	15.126778	14.715790	9.710077	23.005573	22.411798	18.097962	22.546918	25.628163	25.892562	19.612177	24.870278	26.605767	25.698062	24.594057	16.464352	9.693472	14.410771	23.360600	24.115635	21.875751	23.844078	20.389333	19.226589	25.050057	23.099690	25.185326	19.929015	25.610095	26.619889	25.182102	24.818445	26.515250	25.531449	19.170620	21.152924	23.493214	19.932538	26.704300	15.111573	20.058764	20.735651	17.916067	24.488830	20.998039	13.830700	23.619565	21.696784	9.854536	12.517997	22.294600	24.020495	26.414202	17.530016	26.260581	21.477233	26.524996	13.707700	24.567192	21.853436	26.343933	26.104117	26.393612	15.416097	20.347028	26.701047	25.767771	26.491123	26.517998	17.865898	24.520714	21.518088	25.115465	21.053627	26.516048	18.193445	26.637418	25.991873	15.362778	0.000000	18.074252	22.937350	23.592659	26.269562	24.408406	19.613704	26.132810	26.294492	25.906185	24.007074	26.097101	15.630461	21.551512	25.983009	26.518297	25.845423	19.567242	14.717175	25.675455	22.784926	25.287229	13.096971	25.438128	26.311979	14.575122	23.782949	23.271307	21.625196	20.456317	21.264150	25.816331	16.233534	19.018581	23.806964	17.673693	23.788083	23.080193	26.587458	24.437424	24.498726	12.229030	23.608211	9.707936	16.523119	24.290982	25.961186	25.936044	21.565063	14.286826	26.684589	21.138263
25.630431	26.000964	17.737297	23.445411	16.748813	20.734547	20.210299	22.355429	19.373467	16.601207	25.889366	18.008113	25.738115	26.109500	23.782319	26.662936	24.620607	26.163943	19.614358	25.236259	20.847264	25.337212	22.618771	26.424684	8.331021	18.553956	25.531795	20.100736	10.061947	15.607375	22.900087	18.848048	24.062050	14.973906	20.204354	22.685680	24.471644	22.914344	14.448556	23.288249	26.483335	19.540393	26.363767	15.652794	19.050554	25.015927	24.021953	23.874608	23.404338	17.054448	20.159271	22.253611	26.148623	24.841398	14.662486	25.038496	25.363333	12.550075	19.324003	18.820763	25.513451	21.740013	25.604491	16.328742	15.357185	22.927934	26.308476	14.846386	19.353181	25.843559	17.120834	26.103921	23.565819	25.131780	18.038390	22.753955	23.877727	24.608383	23.574667	18.071452	26.039053	26.759605	20.438471	14.054808	23.851889	24.879681	23.019237	21.373562	26.603120	21.986711	26.519102	23.762113	24.243756	26.278096	26.752620	12.157962	19.251969	22.379099	24.961035	20.054992	15.789177	20.890940	25.993595	13.891291	25.821955	12.936120	26.220098	22.854815	26.453479	22.364957	21.781876	23.755316	26.226109	23.665611	21.164411	26.304406	23.144037	20.762522	25.773087	19.067498	25.236848	15.717423	22.269578	16.398105	21.603395	24.742300	16.980532	25.713994	9.584606	26.734994	25.314427	23.496607	25.883540	21.964709	22.308119	14.121659	23.630149	23.278572	24.586787	26.621959	6.380609	24.711252	24.882775	25.914797	23.079964	18.706101	23.106849	25.992672	8.091346	26.739319	17.706287	0.000000	26.003435	25.443126	26.259723	20.496830	26.546061	24.370182	17.323599	26.017055	26.753932	9.360462	19.893164	17.511924	26.650460	26.622290	19.812701	20.671057	17.373936	26.504634	25.100598	14.167738	15.045865	26.685280	19.657418	20.060957	22.294114	20.895072	11.117268	26.620279	25.336931	21.189277	9.236956	19.785651	24.591043	23.166448	26.740761	26.637503	17.980105	20.408622	26.282785	26.548772	22.014483	21.585077	17.602349	26.613700	22.742346	23.572586	24.544928	13.891921	18.752197	26.473778
26.253449	24.240950	24.436323	23.495636	15.210327	23.209156	26.072288	25.638006	21.790169	11.692580	12.001019	22.811231	25.435769	24.404930	25.708786	25.416313	24.149284	19.671803	21.545157	15.032836	15.731554	19.534491	24.648579	26.470030	21.699072	26.060106	18.780001	18.515744	26.392360	25.983955	25.548650	26.073721	23.112116	17.084664	16.723566	22.112543	21.461473	24.682799	9.630477	14.976615	26.743644	17.987668	16.423367	24.963511	26.745410	26.727519	20.102064	24.794137	23.622005	25.295026	9.393156	24.260851	22.975757	16.997946	14.983370	26.416518	26.427566	23.031511	23.287223	25.575058	22.610921	17.372320	24.604714	25.890286	23.812177	20.879221	25.910440	23.732495	22.792547	14.752014	20.597230	26.580090	26.124474	24.926063	25.290688	26.440406	19.544012	19.882099	25.843969	22.914251	23.834069	21.113999	21.000376	20.878194	21.886504	13.652945	26.356842	22.435887	17.215755	18.480103	22.528771	26.347285	23.305333	14.807325	25.358000	25.811452	13.327179	11.883270	21.100154	20.731958	26.646465	20.890119	25.328544	26.124854	23.438816	9.851417	17.823106	26.289668	20.303256	14.019623	26.599654	26.633259	25.550342	13.626640	18.130195	22.876445	26.740708	19.719669	20.875223	18.784621	14.775695	26.245931	7.914404	24.959347	26.592526	17.810563	25.982175	18.325530	23.559742	26.565481	12.888617	25.755956	25.574296	22.068234	25.979686	24.579716	26.088433	22.581089	24.298646	20.304907	18.715017	23.046307	23.254690	26.140748	25.181398	13.802867	23.011628	12.952272	25.945214	19.129268	26.364142	24.081986	0.000000	15.729573	26.658834	22.085741	13.138043	20.740753	25.932483	23.126918	26.590742	15.487787	26.430025	26.059203	14.619444	10.501883	23.065351	26.539485	22.081506	23.338338	15.995584	6.689982	15.918401	25.841794	24.175654	18.951900	12.993372	26.146466	23.390442	20.754630	20.272377	12.428440	25.071529	7.124944	22.888335	12.634370	20.565242	20.755452	24.956606	25.311687	26.410244	24.392340	20.726889	25.807272	23.677048	7.959236	26.387466	26.269640	12.357655	24.717494	19.433134	16.569272
17.071829	13.853578	12.678778	19.731657	19.339627	23.809900	25.972285	24.207998	22.134512	8.412355	20.923539	26.326623	26.145832	23.829460	16.639222	25.880860	26.112981	8.166975	13.882492	25.778830	16.736513	22.276910	25.964922	17.064682	25.233404	22.447772	26.563612	26.477499	6.781579	26.724667	21.655013	19.676224	19.904059	23.421300	22.890110	13.092538	21.874300	21.291758	24.073658	25.274170	23.969205	13.682201	23.923765	22.935516	25.848981	17.637749	17.397271	24.680492	22.084595	13.037456	19.736791	25.904997	15.045102	22.191231	23.409362	25.484074	25.991158	14.223891	20.350164	13.982687	22.816486	14.470647	8.968310	10.308725	26.667678	20.228639	16.988909	26.556001	26.711873	25.856184	24.750852	26.472354	23.548524	23.587258	22.784449	17.419963	18.930779	23.803339	24.308173	15.118806	26.637536	14.670384	17.267354	23.997712	16.078782	26.513074	12.214813	24.778050	25.957060	25.677011	23.261018	26.452810	25.085490	18.540033	16.496847	25.238529	26.709018	20.113904	22.325575	18.572786	20.114286	12.264871	22.850487	22.777683	22.679529	26.758659	26.722878	20.601513	26.325418	17.515740	20.574862	25.534016	22.152648	22.984230	18.012741	18.323111	20.454339	11.040703	15.912635	22.901139	23.903914	19.693063	26.005869	25.991757	11.081969	14.209971	17.478456	14.643498	24.101146	9.145757	20.088171	22.633170	19.501783	15.086916	18.910774	25.725249	22.177190	23.231398	12.446976	23.994698	11.737198	23.084689	17.301004	10.524032	12.920769	21.082858	12.522283	17.502442	18.933362	23.415228	21.547558	7.946331	19.613413	0.000000	21.269904	19.078700	25.850020	10.736524	22.210358	25.231006	25.569921	21.702563	26.159237	18.514143	24.418370	23.984578	26.657964	23.298347	14.214860	21.886786	26.728116	25.255377	11.441977	26.110817	26.468612	22.271198	17.943187	20.670078	26.677218	22.484418	25.198657	25.924047	25.777676	26.246079	26.412683	26.717810	26.662660	22.002674	25.327632	18.120011	21.837858	14.891923	24.833238	26.315619	24.056838	25.937959	26.494993	26.668858	25.556683	22.491059	26.414646	19.291547
14.949174	15.602969	9.552051	25.256397	23.780953	20.230972	26.409650	16.098302	26.600577	26.624930	21.856725	14.214846	14.662392	25.883911	16.648041	20.650067	26.026133	23.753509	25.224126	18.291014	26.376113	19.488118	24.071237	22.668994	17.936501	26.031585	20.682338	23.968381	25.627571	26.052554	25.901161	22.334469	26.716116	23.168418	26.476996	26.593031	26.509811	22.875691	26.749131	24.658805	25.002907	17.676104	15.959456	22.738779	13.422321	25.123025	17.760924	12.758747	26.182393	10.415129	26.221493	12.621302	11.243221	26.155294	25.370907	20.151335	26.493176	26.129048	22.949575	25.544833	10.283007	26.608240	23.359516	21.855915	21.968815	25.722119	25.789602	14.557066	10.925813	16.386806	25.980165	6.086233	24.127178	16.892983	21.530130	25.107984	20.329809	13.058511	25.745159	17.483189	14.501488	17.965820	18.442009	23.693138	22.290560	24.573572	19.818882	12.311433	26.317469	16.841045	22.525311	22.989469	18.560889	26.430755	12.810304	15.374529	24.766600	23.098818	10.801260	22.944595	20.921242	16.618825	19.690349	15.036271	23.539191	26.582374	22.253092	20.652472	23.686467	6.764449	8.756585	13.295774	22.232510	26.240069	18.651833	18.889469	25.735501	26.322557	24.923479	23.035947	22.478601	25.447362	22.776343	26.286459	20.125960	23.415416	26.622273	15.641544	20.744485	16.502808	20.088808	25.942594	24.039687	25.288358	20.410313	23.088333	24.615321	26.600554	17.622110	25.768900	25.337431	23.048848	22.012654	16.874951	11.118315	25.874947	24.560989	26.560433	25.663641	26.115009	9.613416	12.114593	22.981403	22.211397	0.000000	11.815766	18.979994	19.253164	26.494136	24.326431	19.568337	20.848177	20.760127	18.528272	22.480577	22.878367	24.773449	16.062887	23.602830	21.839842	19.779609	23.369394	20.260019	16.612091	22.007059	26.142468	19.131033	26.256673	23.098054	19.535489	26.600768	21.527639	23.534020	20.631313	16.505008	25.972215	8.737864	26.615231	16.898359	22.460958	26.565836	22.110188	8.784670	18.401598	19.213695	16.589391	25.184272	23.180749	15.349060	26.381198	26.479524	17.240749
11.307389	12.107074	20.931424	21.776400	20.436215	26.687144	25.404757	26.396922	17.550974	25.867281	18.583514	21.835278	26.681270	26.286590	22.730766	25.715528	18.628723	17.669155	17.446629	21.759895	25.483864	20.760643	25.132616	11.403439	21.927233	19.164681	13.730868	10.723646	23.290996	26.524187	22.200705	25.917605	23.115375	24.218820	24.894148	26.497756	18.323775	23.173137	17.851571	25.167288	25.954912	26.635640	19.682313	19.787235	22.150994	20.368584	25.203002	14.000031	25.847931	16.007841	14.587547	20.830194	25.021261	15.793249	22.944698	16.857720	24.825643	16.755141	15.562441	25.268257	24.056828	26.477544	26.305280	24.767201	24.856081	24.941624	25.765328	10.211367	26.203190	26.219827	25.063198	26.588936	19.961234	16.725984	16.348575	20.527346	22.820428	18.143974	26.601495	26.320081	24.460690	18.691177	17.783130	26.475704	24.868976	15.456988	22.072631	18.317340	16.627046	25.326480	23.433520	25.450208	25.768230	17.475731	21.730396	25.764794	26.063755	24.300964	25.952502	18.980084	24.050497	20.147105	26.435660	25.814426	24.132665	24.490846	24.744716	25.439752	26.703533	16.922798	26.094201	26.619999	17.848095	17.553505	15.988222	16.451335	22.244541	23.679499	8.340044	23.074205	17.663801	26.227995	25.126828	11.317842	20.467099	25.111298	19.244773	26.250941	7.888335	18.022902	21.857803	20.702873	25.118782	12.870923	23.711015	20.244618	23.210115	16.131944	19.804457	24.100073	25.600551	22.681937	24.140669	26.290378	26.675804	13.040604	26.091680	25.508639	24.190572	24.257699	22.745635	16.912108	26.103792	26.645723	26.701740	0.000000	18.322332	16.950520	20.162377	26.691927	22.495197	25.172506	25.505954	26.685717	26.596710	26.537343	20.539982	19.483910	21.401679	26.118417	25.506056	14.797426	18.283097	25.316202	26.596999	24.390497	25.063542	22.279199	21.549645	19.981907	16.203508	24.499238	10.964378	16.476827	19.775796	22.728813	26.709246	15.735337	13.636458	15.867178	22.204914	22.420502	10.056733	23.543035	20.525653	20.830738	23.950462	17.364172	23.525873	18.369502	25.878051	25.890279
20.325864	26.403064	19.332134	25.170363	15.642659	17.193431	22.389309	26.362831	24.606106	24.269277	22.728057	23.406478	23.246961	25.462669	13.886249	26.699307	15.763467	20.283445	22.118920	25.449206	25.993596	16.511381	21.328015	21.518764	17.524078	26.759230	19.544079	20.955583	26.516547	22.201734	16.019152	18.147445	25.174922	13.649583	19.643088	22.539759	14.065982	19.696453	15.921406	23.944566	9.201757	25.015154	6.063737	21.042394	25.923403	22.903396	22.504896	25.284572	26.550847	25.767292	25.491962	24.904955	22.421232	15.817219	24.244245	23.728801	17.276361	25.435223	24.211925	22.379881	23.262089	18.650972	25.876284	24.124553	16.024908	21.361959	19.333754	25.536145	26.203999	26.744302	24.911712	14.838376	22.739410	21.225869	22.770870	23.041140	26.641232	19.842692	19.537692	24.878616	17.757955	24.763547	26.332703	25.463348	13.989846	24.563930	16.975184	22.964074	12.075873	22.914236	23.425936	20.613242	26.165278	26.128167	19.127326	18.681353	20.630722	20.928639	15.757869	26.027992	20.115072	25.433143	16.652391	25.050327	18.759234	15.084846	19.208964	25.227760	20.404662	19.228991	23.798833	26.049274	19.702320	26.758232	13.275664	18.094837	24.868775	25.843598	25.491679	21.153116	12.047901	26.686582	23.613780	25.294460	25.716348	22.779851	25.888933	8.553014	22.416285	25.964095	15.549810	18.631493	20.232635	21.314879	21.459443	19.854056	19.691798	26.268065	25.962586	19.150965	26.610153	17.736369	22.955671	19.040424	26.656623	24.510210	24.501967	24.845789	25.896578	24.259950	22.798383	22.276901	18.076624	17.284103	16.653830	26.449348	0.000000	21.838233	26.120322	19.423765	22.843484	16.798550	22.228439	26.542602	20.734342	26.271300	22.367250	23.681399	23.937883	21.867710	21.654296	13.843179	26.698250	19.121742	22.663762	11.903069	9.963592	26.733109	25.425092	18.025766	21.572339	25.186320	18.963263	21.329687	25.354174	21.226020	14.752190	26.456096	7.724186	26.104314	23.718990	20.768412	22.907456	26.456479	26.626237	25.129599	19.291247	21.691197	22.107920	18.633153	16.537362	14.804428
26.268661	24.587652	11.519214	15.864973	20.734965	18.511069	16.599127	25.193457	22.164170	25.622154	24.388695	26.162567	21.257525	20.804319	18.135708	24.623565	26.627636	20.428683	24.807900	20.508790	26.217708	26.339046	15.236853	17.435234	26.551008	24.562386	25.029855	18.862077	19.869031	21.825257	20.845653	17.082201	7.066683	26.138677	26.064670	11.563233	17.487741	23.277042	18.626978	26.406565	12.073501	26.062191	11.819572	8.702200	25.933439	26.263103	23.800508	24.706700	20.499223	25.880094	18.467772	22.662969	15.130818	26.167356	23.318126	16.347365	23.895892	24.986731	26.331626	26.379773	22.708146	10.023329	24.842031	24.249082	21.501507	26.529066	26.386955	7.904809	26.710755	24.613357	25.010818	20.315192	13.456649	24.180926	22.591146	21.328963	15.924868	24.905637	24.486861	19.068751	25.050390	25.967635	25.621243	25.395295	26.250028	21.266747	21.856511	16.750846	20.457886	17.945276	18.299209	16.040087	23.096907	19.772474	25.528270	9.600669	25.846427	14.127798	25.070445	12.736138	17.992254	26.741783	19.634675	25.705762	19.567355	20.682808	22.067116	26.691210	25.702462	20.191157	15.906938	20.026203	26.601963	24.342636	26.354015	25.114245	25.957101	25.153090	20.649691	26.243420	19.825740	15.824450	24.273053	10.833613	19.954043	24.564526	24.545432	16.195034	19.406150	14.737685	18.241031	13.524269	26.719762	10.562019	11.385330	19.850467	26.565180	17.981372	7.653361	24.674448	23.964256	26.002204	22.802196	23.025458	19.562763	21.226018	26.561744	26.502639	22.951227	11.492939	26.217749	18.841636	20.314704	22.014068	16.126710	24.812557	10.062054	0.000000	26.629483	20.382373	10.451153	24.204415	18.075608	14.311175	25.866757	23.509948	25.120205	24.919906	19.719799	20.974563	26.448042	22.175989	23.424980	26.532480	23.110460	25.868188	17.509958	9.136551	22.217457	24.420941	24.732484	26.711968	26.191278	26.754697	11.490645	22.383297	23.939388	20.409859	7.247731	24.830725	23.436998	25.674839	15.352683	20.591878	15.521391	15.730263	26.652711	12.314402	25.345841	26.525773	24.417095	22.887764
9.357984	22.886572	17.938410	25.383113	23.655675	26.164639	23.659046	25.527574	14.908678	20.076069	16.533759	21.956507	26.484446	22.593701	25.991442	21.796097	14.948585	19.333950	11.825359	19.649550	18.259203	19.703028	26.378285	19.161679	22.952951	25.674258	19.339889	22.157745	15.551975	26.705274	13.656420	26.344600	15.509237	14.270304	24.657297	23.954130	24.821570	24.888173	20.411198	8.617043	23.616699	14.332046	16.144636	17.097871	18.690503	11.147359	24.800970	25.966260	21.368655	23.495943	26.598328	24.095934	22.502475	16.172399	16.173830	23.347818	24.769311	26.200042	24.169938	26.685283	26.049510	21.742523	25.531788	21.609666	18.872161	6.441047	23.504129	25.057529	21.859521	24.228093	10.614590	20.257479	17.006876	9.263654	23.343142	23.511575	23.889882	16.950744	22.300090	20.692246	23.773238	16.592437	21.932523	23.831645	22.965030	26.597332	20.669335	21.350727	24.773417	21.332963	26.140892	25.899456	26.615914	22.733709	23.069658	20.773275	26.532192	20.366297	12.666477	20.381483	26.370820	26.756246	26.420280	21.644422	19.910216	19.099470	14.886637	26.293348	21.035493	25.213960	18.474422	24.782210	24.524918	25.754671	13.508336	21.110920	23.371757	24.520082	18.584636	23.229824	25.680866	24.107130	26.292966	25.048597	25.021301	16.282807	23.242665	17.176246	25.207082	20.241966	18.568255	11.133411	26.234873	22.355545	16.277541	21.716008	22.265117	20.899604	23.497193	20.579209	25.873072	25.578904	16.913377	21.518725	23.750417	24.735326	22.322958	25.888571	25.654242	22.997904	26.299387	9.217153	17.426687	24.267135	22.978700	17.156424	23.243769	19.780817	0.000000	18.648408	25.660706	12.732003	15.757770	25.522507	21.780262	20.953626	12.103582	25.555588	22.314625	13.720529	20.857507	26.576796	24.413955	21.887119	9.828594	24.362594	24.638076	22.878998	23.423098	16.225280	26.125162	26.597564	25.807065	25.261626	16.230234	26.703122	19.838335	18.246014	13.700886	22.217297	25.812518	23.241664	16.991545	23.817408	25.313578	11.745459	26.436223	20.137591	26.502607	16.696536	25.133107	25.350048
14.977139	25.684592	23.118265	18.792633	21.024954	26.350465	21.544094	24.416657	26.665147	20.263029	22.521980	20.080667	16.042134	14.266784	15.251842	15.785589	22.494491	20.081686	25.492264	12.214300	23.153089	12.598540	16.640760	13.408931	23.774509	26.148649	25.545103	15.692826	25.731308	19.190743	23.135870	26.480374	18.619247	26.246871	16.806633	24.482061	23.465916	22.657187	26.688472	26.296698	21.352994	26.350256	22.605299	25.305896	23.352053	23.915611	20.384663	22.211956	15.576589	26.741740	22.894457	16.905993	25.254371	12.990361	25.431451	26.409903	21.713021	26.600832	24.591648	22.901312	20.915351	26.262244	19.551552	23.378113	23.861893	20.374164	25.639104	24.480019	26.052773	25.193650	23.929562	11.436271	24.941979	25.590690	26.180335	25.442267	20.701515	26.551125	24.168912	25.954680	24.248531	23.561813	26.296173	24.031554	23.863927	19.428355	18.283906	20.195041	25.487673	24.754414	15.371281	21.169175	26.643534	17.704462	19.914941	18.083572	22.759446	26.480998	17.821351	23.724181	24.768271	26.701416	16.503537	18.023389	24.103026	12.358238	26.654172	20.849863	21.808066	24.216776	26.303249	23.809631	17.974216	19.234287	14.385646	24.852275	23.185793	23.958738	22.299477	21.241341	26.630220	22.719359	20.454385	20.459277	8.613953	26.111345	25.927440	25.476857	21.491418	26.651510	24.178483	17.829014	19.833430	25.070319	26.094344	26.395581	24.972555	17.429234	22.796280	18.385945	22.348069	24.472193	7.378334	22.985781	17.210684	21.151138	9.752433	26.285237	8.875916	11.289553	23.668115	19.879211	22.583394	24.866042	24.157093	25.219307	26.703321	14.233938	14.659823	0.000000	16.241807	24.216405	26.102967	23.363380	25.790208	25.523982	19.203429	16.180739	20.408666	15.725891	19.578709	15.477240	20.303842	23.662221	19.032367	26.360228	25.425429	26.419247	22.126487	26.518261	25.485212	26.132618	23.245359	25.170977	25.591624	26.333453	25.315291	23.850355	19.483393	25.216507	25.403205	21.166578	17.736516	17.080204	17.202995	19.852882	22.256789	12.186599	11.541556	19.623796	21.394104	19.204684
24.574764	20.699767	26.545532	26.244166	19.070888	11.565462	14.727429	23.492516	21.968492	22.563331	11.868695	21.594255	22.853906	25.537324	20.786437	21.758000	22.058019	16.873705	14.201841	10.295544	23.195925	24.300455	21.935765	20.426743	22.817448	26.291597	21.942422	23.508294	24.010871	22.359013	15.951744	17.078854	24.887868	20.611672	22.526675	15.925697	26.444410	24.826334	22.525803	21.757024	12.078431	26.678959	17.555904	24.518776	25.308588	24.697316	11.753194	22.772605	11.472118	14.399469	24.770924	18.730632	25.376261	26.723639	15.089605	26.191158	16.305859	21.157773	19.323491	25.158996	24.302735	26.006530	14.347791	25.907952	26.741523	23.758868	23.665804	16.661331	26.229097	23.244330	21.170362	26.403830	26.701804	26.425977	20.603196	24.612207	8.492516	24.476234	25.535711	25.419134	19.942794	25.865152	20.947356	17.596108	22.968768	19.354451	25.735402	26.296479	24.290266	24.024762	21.649608	23.350226	24.658991	19.546632	25.960455	26.039419	17.488431	24.644573	18.172824	25.817695	25.621459	15.913048	24.755013	22.379395	11.252321	24.517564	13.773388	25.526226	16.495871	17.738960	26.365407	15.931145	26.686880	25.084920	23.107317	25.250588	19.354472	20.026789	26.131141	23.141693	20.783670	25.151518	17.482527	9.940052	19.337065	13.571748	21.634851	14.241850	24.589836	24.630992	12.499226	25.632869	24.901170	25.046765	21.852218	26.165993	26.033113	26.755345	26.326672	22.327569	22.661189	24.535287	21.222484	24.626742	26.687632	10.628986	23.942529	26.546660	26.052280	24.531549	26.380454	12.775477	26.320126	26.323372	23.205793	19.722858	24.437221	20.515264	24.735800	23.738580	0.000000	26.339125	26.285906	22.477614	10.648564	24.414793	21.140537	15.691184	22.330121	18.720209	26.180854	23.273299	23.392136	19.672228	18.747073	24.251834	20.832972	21.700499	17.563672	22.778065	25.615380	12.138587	24.444177	20.110208	23.727390	25.910007	23.065065	15.023164	7.568486	19.311489	20.014802	16.470983	24.044301	15.886378	23.514674	22.494131	24.661432	14.588040	20.763229	26.740758	5.877304	22.034609
24.769119	11.838177	21.155063	23.597179	25.118033	24.747851	17.640787	24.549975	24.806280	13.845161	26.682535	13.261785	19.793354	23.154615	21.642273	10.077261	23.133172	17.722714	26.144318	26.703064	25.534812	15.339599	18.684090	25.953954	24.980497	21.517093	22.556335	24.849079	16.682067	26.321185	24.341939	20.423266	17.837229	26.447118	25.343624	24.247033	21.499449	23.080271	15.620395	24.655272	20.100500	21.540337	13.504594	24.668057	18.633218	25.860997	17.161199	26.618262	18.578856	23.844290	24.604311	22.656895	25.042330	10.693500	24.549604	15.001001	25.947547	25.243993	21.468821	23.844444	26.462860	13.693892	17.559765	16.714686	26.356514	24.859085	25.030907	22.797770	16.735150	16.842543	8.321226	20.266520	20.286046	21.419534	22.686696	24.592474	26.730573	17.335157	24.169507	23.866016	18.012895	26.082353	26.044007	26.751626	24.683925	16.635480	15.989973	22.427501	19.437062	26.492054	22.560257	26.382242	18.828781	19.166448	19.000918	7.606834	22.459503	18.738495	22.777434	26.646438	23.351515	18.671551	22.144291	25.571523	12.062226	25.660419	24.315826	22.076075	15.622443	25.320336	26.288927	26.351383	16.255140	25.172313	23.101070	21.589474	22.886592	13.665002	25.094517	16.189506	23.809551	24.728916	25.716283	19.481505	25.956722	21.132827	21.396259	24.873419	19.472067	21.239321	25.982781	19.435250	26.729076	22.618388	22.222959	18.845022	18.899538	21.928412	25.667194	21.253771	7.223391	20.909958	23.841208	26.650782	23.253656	17.623784	24.069110	24.932030	20.699624	21.575619	26.116654	22.789829	20.541058	22.731330	19.133795	26.550683	20.111293	19.002850	18.386150	24.374877	26.256336	0.000000	26.346710	16.812539	18.992999	26.147612	19.517741	18.974882	7.756161	20.852494	14.009611	19.722064	6.745692	23.359375	17.118205	23.491464	23.864543	26.526878	24.747681	25.401971	24.843121	23.498724	22.653453	17.063540	11.316794	24.088772	14.257499	19.038110	24.342989	22.458371	18.880510	26.196291	20.911981	18.931916	26.528214	9.510407	24.225536	23.895807	26.283140	23.345989	20.045214	14.711474
21.908503	22.061754	24.180145	14.431568	18.793571	19.037343	21.669796	25.500516	23.605981	21.869204	23.725250	20.015633	22.925485	10.480128	26.499657	16.232767	20.902857	18.211599	19.724214	26.552596	19.630066	25.868906	26.740307	21.200984	25.056776	23.803206	24.031078	26.747887	14.105958	21.947635	16.786310	25.668055	22.930896	8.430822	20.767405	24.612824	14.320642	19.985084	17.250355	21.880669	25.151799	17.706905	26.044419	17.760819	15.744818	23.009654	16.206946	12.154630	26.219061	25.609635	13.293655	19.342448	26.362067	24.492887	9.566105	19.360193	24.872394	22.795695	24.729292	24.648434	15.039268	15.052811	22.769510	22.503264	24.015361	24.692051	21.374539	24.259903	12.362705	23.222643	19.011058	21.358526	12.911628	14.379733	25.133846	25.896269	21.247176	17.268347	18.042706	14.122201	20.576343	25.437999	13.959464	24.342609	22.716118	24.349610	26.057347	16.140389	21.415631	23.841603	7.212364	22.036060	12.551800	26.637854	25.902519	26.555802	26.132719	26.023897	23.056786	25.509740	26.247169	26.334809	23.245704	25.123645	19.273957	26.738496	20.624390	26.544107	22.658850	25.873491	26.697719	26.544384	13.379863	22.332546	22.905225	23.633829	26.194895	18.382763	19.467220	22.155893	21.267225	17.699236	21.413068	25.705884	23.515683	22.562376	26.684738	22.070938	26.042056	24.737727	26.104027	17.179251	26.611841	23.519413	15.685099	25.831338	26.459083	18.546359	24.435839	26.333318	25.709986	24.520404	21.421893	9.358490	26.627833	19.417503	24.268587	24.985947	20.535172	16.716388	24.025459	25.935703	15.604620	22.509265	21.422597	9.985245	17.035522	24.259461	25.674730	24.470505	25.997516	24.707170	0.000000	22.492387	13.063646	22.259321	25.555374	25.140586	13.390734	25.836492	20.930817	26.701753	16.949425	25.204952	12.425590	25.229953	16.209714	13.763865	21.554494	26.029104	24.660559	7.917148	13.828347	23.892614	24.042148	20.727486	26.658334	26.646394	20.487092	24.578784	26.752831	25.516302	21.404297	26.240111	18.420472	22.249855	19.677894	20.624295	22.369688	18.154984	17.532771	20.582496
22.416145	19.573785	19.166140	26.712425	24.876511	21.708948	26.206208	19.704102	25.845200	18.095591	18.609436	26.188531	26.461121	15.164628	23.921905	23.411753	19.065905	21.028901	19.963841	26.399786	16.784714	26.592710	24.697782	21.044287	24.193270	21.708605	26.209450	23.810493	24.614015	17.310825	22.791459	21.228587	20.537984	19.906599	25.866300	25.313473	23.397121	25.199048	23.977168	8.911012	23.395283	18.948453	16.608489	21.804469	22.252919	23.275346	22.642141	7.904726	24.352642	19.817861	24.092675	25.870214	25.696322	15.484571	26.182469	21.873742	21.041766	14.075708	21.765089	25.830134	24.624405	18.863663	25.782884	23.741815	25.850543	21.683893	25.192715	23.214656	23.499435	19.265764	22.432163	16.258647	26.427835	17.537370	18.360389	26.353112	24.363284	18.196403	20.168963	18.446746	8.455822	8.265031	15.049968	14.696629	22.522839	25.799218	23.388612	14.884648	24.807482	24.142808	25.313790	22.098567	23.293374	24.446913	22.159981	16.601740	26.730659	21.812906	22.602312	21.263382	21.456823	26.680078	25.278954	19.543481	24.754736	23.665935	18.142027	19.815095	17.944457	20.208408	26.678122	25.601374	18.683422	15.017428	23.654197	23.162723	23.583049	13.447021	25.353277	25.713426	23.291576	22.585660	22.284911	21.818888	26.531492	26.420891	24.196955	26.515062	19.140705	26.466453	26.068249	18.503965	25.312287	25.364758	25.541797	24.235335	24.990969	19.469616	23.180628	21.735428	26.219615	19.723069	17.706359	22.941477	22.208997	14.819645	13.209110	26.741881	24.115303	23.090438	23.364651	23.821812	26.129969	21.101766	13.717109	26.176958	19.802361	23.723937	8.422824	23.027579	19.221228	22.638023	25.753527	0.000000	26.432740	9.078594	12.400607	20.941166	26.716263	24.518040	26.745723	23.845042	21.340837	23.791892	26.651453	18.386057	15.381003	15.336485	12.836688	20.666869	21.641827	18.073281	25.659294	26.315679	19.253260	24.539107	16.881177	10.726549	19.585929	24.560012	11.315304	7.998483	26.528732	23.601452	12.308390	24.981007	23.339319	18.749626	26.738289	24.304398	11.979923	18.202354
24.883483	16.498477	15.976802	19.753825	26.681026	15.270201	19.215636	23.227192	14.382671	22.381971	21.923309	26.650366	21.884155	25.643337	13.990165	22.165631	26.448545	23.134102	19.479544	23.314725	20.826707	22.453736	23.530942	18.883730	26.752386	26.424144	25.841825	21.647218	17.450872	17.089781	13.952643	11.957887	25.753514	21.189621	20.520073	21.517134	10.843959	22.602261	24.011191	21.823894	9.805623	23.286850	22.550602	10.477651	14.845140	26.243772	20.739567	26.284477	25.037006	24.195432	24.079483	16.641953	12.528781	24.710513	17.163795	25.617495	26.007784	25.441422	19.860186	17.407266	12.220672	26.728844	24.730031	23.420437	20.807239	24.677364	21.923199	25.312426	25.122137	23.354523	11.226255	17.355811	10.101509	24.514450	17.110550	11.046417	26.383145	17.679928	23.528975	25.285343	24.455552	20.332810	22.054552	21.169615	21.331662	25.249445	20.515197	25.268328	25.180595	19.759500	24.169185	24.204635	20.910966	12.458338	15.645328	18.375423	22.612270	16.182210	16.078875	24.605913	25.685141	18.121939	26.446447	19.900623	20.390210	14.218970	22.424719	24.391417	25.849768	23.541227	16.787145	24.547242	24.590895	25.481234	15.574546	25.773077	15.414532	21.125705	26.140376	26.555335	22.639847	22.343127	25.229432	16.046617	17.912262	24.917015	20.270990	17.588674	24.849857	26.603639	23.602126	26.546078	21.461116	19.899492	9.290504	20.848046	15.061757	25.398763	19.331687	10.034432	14.728747	17.061048	22.850782	14.500118	22.155027	23.184268	23.697742	17.765126	22.335365	25.883362	20.715851	26.547142	8.714866	24.901593	26.020187	26.611325	25.344950	24.914775	21.755095	23.572681	26.697391	26.399621	26.491940	25.728841	0.000000	18.519535	22.521947	17.939869	14.169028	22.604900	19.921545	12.596751	21.902518	25.540836	21.041191	26.756080	26.511776	23.759372	25.871555	20.762160	24.013354	18.340487	25.524518	26.594970	24.681469	21.227856	26.689546	25.744474	21.093925	12.420882	13.660716	21.448225	8.658109	25.802721	23.595729	18.733461	25.812892	24.953246	25.115623	19.772068	22.114592	20.798497
26.263296	22.840829	25.686455	25.418192	22.307358	12.556890	26.449070	17.957976	22.113586	25.696329	22.034330	15.434834	26.240852	26.437254	22.947557	26.447813	25.351027	26.681934	22.512893	22.646799	10.738423	25.440703	24.014616	26.144027	17.570364	18.208779	22.248702	24.261270	11.958512	26.091336	26.245412	9.285420	26.004468	16.296521	26.707136	13.840306	25.636372	24.526693	11.941355	26.603090	25.169625	26.578121	19.726885	24.481360	25.358569	20.730610	26.125978	13.726731	24.014870	23.974287	26.435186	26.488567	23.257081	24.816986	19.045404	11.166765	24.804005	11.625289	22.066572	19.605866	15.421265	25.019935	23.237947	14.465112	24.813826	22.095505	20.286731	9.635662	18.645175	25.638819	22.719339	21.608698	26.169292	24.604938	11.243973	24.644916	20.288658	25.983138	25.653012	15.216879	19.938991	7.307617	22.970039	21.484172	26.648933	26.242523	23.957174	10.308623	22.358070	26.688447	26.081844	18.737597	10.644268	15.553641	12.449048	17.159203	26.040826	25.761090	24.782383	26.277675	24.779059	26.699752	21.939296	23.009864	11.348545	26.627850	15.806705	10.995600	23.152584	22.621469	26.728165	26.086109	17.323343	21.050746	22.865226	21.343425	26.563109	23.139932	18.664677	23.845988	26.005786	22.624537	21.439474	13.322502	21.728955	13.127795	21.571822	20.049100	15.339374	18.523266	23.608820	24.797668	22.079417	21.617901	26.700889	17.000171	17.741730	19.303166	25.300568	16.521924	23.917848	12.116388	23.169457	19.898702	15.899711	26.382025	21.379367	25.106756	10.363092	15.511392	16.065500	20.104318	19.892659	24.200026	22.247984	25.299806	16.690014	24.307937	23.510331	22.319947	24.656160	23.848944	25.507996	17.771287	24.090660	0.000000	26.366680	21.219283	26.708885	24.461781	22.931797	26.482236	21.477306	24.336776	26.297919	22.753626	20.363179	18.554436	21.888900	14.458934	15.280937	20.401402	25.651893	22.231562	23.284368	11.045290	24.840114	25.466559	15.933134	24.248691	23.108243	26.677937	21.608975	17.983500	17.661813	26.490782	25.601578	10.961649	25.051742	21.548671	24.662797	22.294057
20.753877	26.235760	16.039467	25.953190	15.654750	24.718845	21.291527	8.393464	26.423421	18.308830	21.227027	12.466744	24.915900	23.551765	21.774173	22.812359	20.120687	26.701423	11.590305	22.582352	17.205423	24.498583	15.689982	25.042849	26.619180	20.887032	19.879744	17.368602	25.890106	19.999437	26.747129	26.436754	17.034293	24.919576	17.401617	22.201442	17.471277	24.820961	16.796476	18.905913	15.625446	22.972970	18.523824	11.075390	26.647768	16.819616	26.302282	22.096992	24.125829	22.691478	17.440659	26.495929	26.370184	18.407595	25.692860	26.672835	17.524610	20.260994	21.455111	15.648716	26.280362	22.433888	26.638664	21.293786	16.083229	25.064153	26.541277	22.545444	21.349514	24.727568	13.469346	15.824385	26.462524	24.150755	25.380717	26.595274	20.307249	16.116278	13.417360	26.519878	26.574283	21.886500	26.407248	12.651856	13.183750	25.475122	26.059163	17.567575	25.108216	23.353556	16.215183	22.944246	25.686025	22.808389	7.869417	24.959920	19.018401	26.103128	23.004986	24.215070	23.835683	11.160203	10.317104	22.788370	19.136769	10.800420	11.436315	14.496311	24.821964	22.504519	26.661550	18.343143	16.333542	20.218876	20.160532	26.444984	12.005407	22.103703	26.310521	12.518998	19.578758	21.358734	24.493296	18.469265	18.061186	19.306286	19.018394	17.994071	23.697880	12.851554	24.237611	17.537867	20.971125	26.013284	20.603972	14.829272	25.455345	25.903878	24.675867	23.799850	24.443203	13.475079	26.428342	20.064102	20.393624	25.481938	24.936573	24.731830	17.769768	24.740408	24.615335	26.403412	22.185154	21.579301	19.395817	8.784591	25.183525	20.276170	25.712223	21.786566	26.002587	25.901454	20.901539	22.265810	13.452307	18.670053	0.000000	26.570474	24.395627	22.697416	13.161027	23.986234	21.985636	20.992359	23.888256	17.441099	17.833138	12.757817	21.425832	26.683360	20.975555	24.313376	26.381347	26.296594	17.284787	15.271885	23.699405	23.007790	24.998957	26.513937	21.086942	21.757699	17.997346	23.727612	25.163731	18.802342	20.333373	25.473113	23.271365	26.753236	26.548994	26.214638
22.305214	9.711717	20.915043	26.261806	10.187636	20.661852	26.627231	21.726925	16.753070	20.269659	15.804280	21.803438	25.374137	17.067585	26.318881	20.853476	17.532525	25.733129	26.381589	9.929233	25.640757	17.337678	12.085798	26.488097	23.779251	18.960523	24.107580	23.307284	26.554842	9.462753	23.332430	25.528322	26.359080	25.648984	23.205506	15.254237	10.149226	21.108675	20.266638	25.595472	26.108459	21.798751	24.521199	23.635358	25.315310	21.090428	23.094021	24.447268	17.542312	18.646222	22.938656	23.165330	25.840322	15.740185	23.318843	24.421335	19.334923	16.387461	17.765855	25.947329	18.241326	22.389371	26.541276	17.582738	25.724595	13.411444	23.800251	19.539318	25.165315	18.499456	8.797342	23.732002	26.147360	23.286262	12.663322	16.085641	24.898742	26.664411	20.708683	21.427554	18.972687	26.395071	15.457994	26.585733	23.385536	26.263927	26.495433	23.860463	25.158318	20.734393	14.954373	20.002761	20.685973	22.303081	26.283360	21.490694	19.910232	20.110852	25.483863	22.885876	11.328604	7.143058	26.130606	26.678584	26.098271	16.081688	11.860751	25.251436	26.597076	24.989738	21.379599	23.029394	13.781696	23.846787	25.510001	26.339074	25.833280	25.877941	24.374031	23.072531	24.561864	24.876137	25.157529	26.224562	24.572723	19.844878	25.547812	22.095113	24.302783	23.930399	23.401649	13.862502	26.234712	23.379255	17.718905	25.793981	25.501326	26.627847	20.946162	20.727193	12.323915	23.934894	15.613478	23.556701	18.589408	26.085554	23.778972	25.975512	26.401192	14.077956	23.437693	24.891988	24.873122	21.593517	24.906161	15.283133	15.273059	26.470987	17.019484	22.576534	26.068613	26.395355	26.545948	20.612119	26.304268	26.026838	22.293328	0.000000	22.553013	18.513938	25.182372	23.573628	17.747334	15.239925	18.188844	25.098610	18.556579	13.829124	26.695640	25.333776	25.629793	24.118742	23.420096	18.715371	24.952571	26.557224	24.150366	21.011051	22.303285	18.139991	18.882007	19.267528	17.579494	26.530660	25.033517	14.490334	15.684090	19.740810	15.815488	19.159844	23.920246	22.970564
26.443234	20.037929	11.823206	23.318686	15.922381	21.478471	26.530010	18.025501	21.784244	17.989170	22.580888	15.593889	24.322702	26.758210	23.339794	14.845909	16.866828	23.618244	21.359618	24.658197	26.315622	22.336289	23.333885	17.874749	24.520275	18.531294	15.011279	26.010420	23.289205	26.427556	26.719658	24.551821	26.607371	20.732140	20.304244	24.654035	23.401145	15.790821	18.699017	19.282664	19.299728	25.858009	23.764761	14.952159	21.542172	24.144414	20.124877	10.137911	19.507105	21.864110	22.472200	24.811726	21.084484	14.644292	24.181591	19.729845	21.088702	26.511085	19.995650	22.797731	26.356128	17.888821	26.743201	20.390082	21.400086	18.291959	22.500807	12.304150	13.613718	25.295268	12.880932	20.217886	22.646436	19.483899	18.514786	17.142084	20.832268	10.979008	20.853810	21.957511	26.670327	25.948124	21.042059	26.286371	20.041369	24.461925	19.451226	11.235054	26.697161	18.133961	17.962121	12.377741	26.290305	25.999080	19.482804	25.918136	21.032282	18.570170	9.712155	23.011367	23.345656	26.607269	26.402772	25.095518	25.919297	24.557996	7.744386	25.591140	22.731554	19.444153	13.533608	24.592112	18.597997	26.141723	24.142105	24.966092	22.178633	25.567973	17.975661	18.233970	26.269776	24.895053	25.611090	21.491865	25.763369	15.563888	8.929762	22.131280	26.735509	26.756551	15.860377	20.075493	19.638145	12.936910	24.729998	18.516133	23.539951	25.162695	22.104140	22.788075	26.264591	16.052791	25.595409	26.261705	26.756010	24.283942	25.784752	26.720497	20.997770	26.743290	26.757786	23.743958	21.042042	26.332914	22.176806	25.044095	19.752495	20.277539	14.781273	22.400437	21.436840	26.006882	25.125226	26.570410	26.555877	25.773812	19.831340	19.670315	0.000000	25.807211	23.186296	16.730907	21.035834	21.790959	20.992864	18.477671	25.948403	26.393114	19.155777	22.580961	17.173016	22.650005	15.777679	26.671036	25.749206	16.614662	26.483872	26.604290	25.551612	25.792603	24.312295	15.161910	10.566428	22.311815	25.103691	25.099669	14.817455	26.534141	24.264111	9.090299	24.520400	13.244642
18.194255	18.621464	25.783296	12.009170	26.410995	15.682513	19.096560	26.244240	26.739361	26.752458	26.650632	12.302061	22.735498	26.672756	25.643002	16.017715	24.034553	22.127569	17.626514	13.419149	13.985740	25.513012	14.510510	19.193897	23.418973	13.175836	17.341142	26.003338	21.391981	24.490931	22.519023	11.916596	26.656054	25.974913	25.574913	25.721685	23.523514	26.543345	22.938828	18.530386	8.188802	23.701348	18.556398	22.155601	26.659386	18.245648	25.376294	22.904716	11.878909	19.145991	25.226327	26.495469	26.233353	16.472163	9.679295	26.304762	22.540983	13.520521	23.557671	8.251097	16.542730	22.587507	21.888453	22.406978	25.776328	10.165638	25.469514	23.872206	22.727882	21.301632	23.795994	25.981110	18.837976	21.269024	19.119234	24.264295	19.976088	18.484475	21.814297	18.777512	24.329456	23.613254	26.659427	26.412766	23.812707	18.093140	26.677872	24.964160	25.362367	17.173198	21.707066	14.798728	26.387033	19.275769	14.457166	26.623585	26.303692	15.724048	22.554287	24.529656	26.089440	26.512076	17.126441	19.519713	22.736495	23.681492	14.889273	26.188092	25.815920	21.889591	25.075003	20.056851	25.330635	14.386468	25.164036	24.344060	10.030959	14.309120	24.650352	21.166620	17.086832	12.849684	25.366868	22.678398	22.955891	26.480525	18.876173	15.454477	26.475826	25.565690	23.466887	14.175601	20.480729	23.211848	25.097031	22.196167	20.976498	23.185567	26.174029	25.634845	19.722279	18.939441	23.529697	25.480921	9.092996	19.448861	20.913588	25.516558	15.146769	20.084428	22.806148	11.721161	26.075021	25.570027	22.361588	26.255497	26.515630	25.189074	15.190579	20.833250	11.725848	26.110173	25.656356	13.189609	26.650590	21.927599	26.604697	26.130243	8.032770	0.000000	24.118680	19.446600	19.993011	21.657609	21.406349	22.673401	21.918120	18.521350	22.316383	20.396989	20.332950	26.708947	16.299255	26.750750	25.159708	13.279477	26.677087	21.322975	6.187257	16.047114	19.308736	24.352135	25.981743	16.952325	19.693666	11.019830	26.613320	21.203860	24.995806	26.679823	21.606009	26.441064
20.670517	16.768542	26.679998	14.997917	21.997031	18.555167	17.494266	20.908558	26.147383	18.660221	21.800583	22.716857	24.813150	23.974544	22.084612	8.002332	18.288885	13.221440	24.250816	24.349666	22.312321	26.584662	14.960790	21.873676	26.045638	18.292718	26.495446	22.258345	8.581262	12.013701	24.362316	13.583672	24.538631	20.859473	17.604618	25.373688	26.083240	24.502244	25.896078	22.141831	26.231413	15.370937	22.342273	25.117087	24.379422	26.272173	24.239199	18.410298	22.925420	22.923381	21.680943	25.166970	22.043134	22.104450	10.430240	22.593623	17.270725	23.369201	16.867991	22.036680	16.983730	16.856906	21.238485	24.088194	12.188855	20.370150	25.773990	25.777724	19.618501	19.784100	23.746848	14.583408	10.669660	8.843722	17.345160	25.539127	26.433986	18.976369	26.012377	25.610344	16.218300	19.018542	26.181695	25.983899	26.685671	21.043325	8.373831	18.260302	22.757038	26.320081	17.299887	14.031196	13.298122	25.998141	19.152134	22.946657	19.420931	26.286143	25.437426	26.425287	26.289520	25.667813	22.038506	10.786939	24.825650	25.099032	9.572073	16.116936	26.048102	26.316619	26.274040	23.469429	26.480144	25.575702	26.080262	22.235966	7.252601	24.467413	14.728268	22.737846	24.183026	23.461268	21.867537	24.428359	21.653859	21.556676	18.741912	13.614366	21.127704	24.832104	17.687669	25.466367	9.138365	11.456495	25.412905	13.077408	26.012344	19.343338	26.679125	18.188942	21.198462	24.290188	6.854412	26.533032	26.203763	25.964576	25.699794	26.552525	24.907963	16.634397	14.826047	24.533423	22.273432	21.543930	25.842372	17.537747	21.914138	7.948352	21.892895	26.611577	18.285921	22.969991	25.719910	26.063581	25.702270	23.139953	19.524794	24.751668	21.416233	22.540548	0.000000	26.251248	23.487978	18.265866	26.320502	15.798086	25.259327	24.981429	24.823251	15.275287	22.646934	25.362090	22.112571	6.867289	18.575563	23.883432	26.599669	25.928849	20.178722	21.733898	12.208216	20.327065	20.732914	15.479533	22.982578	23.948396	13.634595	16.632917	8.923195	22.071169	12.050578	23.234411
23.385969	11.802448	16.204347	20.848561	23.260104	16.221517	14.515297	22.031269	13.122041	24.295643	18.674547	26.569688	14.631890	12.078831	25.500957	9.415513	12.705555	22.651992	15.524680	12.386756	17.277094	17.328721	22.551940	21.221676	22.133029	14.589139	17.866470	25.080611	19.789639	16.330320	25.585835	26.750683	21.281947	17.341960	25.785911	17.546257	20.952298	26.670336	26.431956	7.353791	22.237365	25.414488	22.744968	20.044588	26.356998	26.082809	14.709428	24.064903	23.733810	16.240439	19.462973	18.083780	15.324107	23.018242	22.322864	12.496375	17.298574	22.239565	22.096508	17.039419	26.672103	18.219034	26.725232	26.683849	26.586673	26.499761	20.537606	24.878902	19.498884	15.250175	25.135459	26.582229	24.811828	21.731318	17.867386	15.560731	25.348147	15.432460	22.975516	19.787961	18.058488	17.633589	21.765342	22.536050	19.179010	12.326685	17.911642	26.498649	25.144708	22.488015	18.798660	18.426017	16.353866	21.168332	22.534690	19.799773	22.053438	24.475809	23.413345	19.545308	25.145743	25.898120	26.529386	13.081437	26.486711	24.245972	26.234891	10.424171	16.030210	23.654763	23.300463	25.821902	26.737705	24.590816	26.080733	23.271051	25.895391	19.291304	17.799496	26.564918	26.567932	26.662563	16.766354	26.724654	23.647344	22.919322	26.156835	24.120183	25.509598	20.477604	20.696695	26.557447	26.696447	18.029835	20.095345	20.866052	8.307771	11.119916	26.717429	20.505128	26.213526	25.381580	20.049999	12.241756	26.054492	18.591574	23.535924	26.425665	21.159518	20.947290	14.438248	25.364190	26.044154	23.880429	25.788615	17.744659	21.951462	22.075101	26.161221	25.752138	24.426225	25.180138	21.226816	24.874061	11.412979	26.332836	19.907685	26.635320	25.086849	26.630016	26.433532	0.000000	20.908939	26.503978	24.209925	24.343693	21.348874	23.139703	21.101406	17.419532	15.555793	26.747036	23.362174	23.087461	25.243652	19.207206	25.461299	21.477622	24.496753	23.936359	15.119361	26.726753	13.100111	21.920880	25.083325	26.627456	25.620152	14.639094	21.922054	16.739607	26.196127	24.455195
21.589779	26.488091	26.511107	25.008370	25.021066	26.613694	17.384368	10.715926	22.489104	24.732196	26.540604	25.210071	21.023415	22.637981	22.674997	20.894841	22.371298	16.633682	25.074449	25.994157	17.345681	14.525270	18.862340	25.304434	24.996379	18.457237	23.906451	11.850949	19.570910	24.872925	23.309122	19.605577	21.943793	24.860005	18.609120	24.231565	26.248991	24.953790	21.006043	20.667090	22.532516	24.639700	19.487480	26.651922	26.153780	20.199198	18.784143	16.818308	23.336062	25.127787	24.310653	25.120527	12.706881	23.595487	20.660836	7.092587	24.411583	18.119215	22.318940	25.482399	16.498860	14.748469	22.784057	25.247809	24.858129	6.951984	17.648447	23.739149	22.206856	7.513758	24.651944	24.018726	15.996539	26.708891	23.522474	26.292247	25.383153	12.852366	12.578507	20.803196	22.232458	26.678219	23.768653	25.168979	18.941240	18.869352	23.690090	18.761307	21.517940	26.076838	25.168923	20.553169	13.387647	14.013979	26.678966	23.228001	7.153371	20.719037	13.072002	18.724177	20.104069	23.529761	12.940430	6.538135	18.345303	26.291359	17.297379	18.680725	26.531614	23.008784	19.466472	22.269985	21.315155	16.233680	24.858890	21.405800	14.307422	12.906030	14.956081	16.356348	23.304033	24.977593	23.624878	26.748464	26.536593	14.777048	24.700204	25.847020	22.493236	16.424843	25.085281	23.205483	13.133182	23.452868	15.549638	23.784009	19.563899	10.167946	21.987458	18.020599	22.556578	25.973915	13.091554	19.885872	14.858905	22.165787	21.108912	24.268383	26.115993	26.193979	22.709941	19.364678	21.457814	10.784295	26.153758	20.484722	20.641670	26.196683	18.676220	9.319923	12.447850	24.844710	21.686611	17.270302	23.560058	16.912979	18.846077	19.545000	11.492496	25.868606	25.452263	24.427895	0.000000	26.663301	21.885415	14.559361	16.222265	12.749640	20.264176	20.042812	16.589800	21.625421	25.807665	21.464386	15.714285	15.384512	20.910507	26.681699	14.898325	10.580330	15.853514	24.960498	23.709540	26.656027	25.634866	13.718807	20.256839	26.229505	11.303171	26.194624	23.219991	26.608361
23.786643	26.681145	20.264664	24.315405	26.476884	14.893855	26.208787	26.113005	15.184002	16.455525	22.718219	23.089384	16.574239	16.875857	24.744070	14.131151	9.464085	16.188280	22.306110	10.680276	11.641946	23.255349	17.107707	25.691912	18.072000	24.850806	23.639437	13.519722	14.985779	16.952919	25.621136	21.069784	21.866473	25.620952	16.929777	26.576148	13.189927	23.732929	16.336754	20.259615	22.429301	20.443808	24.994145	15.011411	23.270436	21.319086	26.560102	26.415983	24.077291	25.783182	26.621687	17.935274	11.373651	26.666018	12.990872	26.066356	26.313897	16.057932	22.666198	26.668200	21.229267	23.611116	26.502896	14.427521	26.054745	26.698271	12.227614	21.884919	17.671583	24.686426	26.158691	25.404089	26.374185	25.598614	26.619069	22.653600	24.042674	15.416598	21.941815	25.371355	26.212743	26.282314	26.639379	18.220323	24.868574	25.172457	21.611248	26.690689	21.255732	22.487942	10.257110	26.430590	24.108611	10.794597	12.343461	22.828022	21.333820	25.937505	26.349483	25.781385	25.805712	14.278886	17.262588	14.897116	24.989480	15.474850	24.928637	19.251551	23.419562	26.190138	21.739969	12.966999	25.952276	26.414165	14.242107	26.328558	20.218070	21.805717	25.853938	22.529222	23.531880	6.614071	11.305945	24.888733	26.524976	26.131909	24.954093	25.448834	26.558059	12.767085	25.927702	19.461899	26.237559	25.991074	26.462436	24.335563	26.003501	20.460138	26.013641	25.089882	26.353227	12.595304	24.196392	26.169744	20.750295	25.566815	25.502479	13.790701	25.575528	21.605394	19.111588	22.630743	25.038737	17.145805	18.865892	25.093814	23.239338	22.934335	25.292782	25.871462	22.879503	25.999242	18.265075	25.184956	21.828467	22.092309	25.620956	25.705101	26.574129	15.638273	15.557981	12.984911	17.631097	0.000000	11.976139	20.655980	22.390115	25.742300	10.805351	23.302709	15.882200	8.154239	16.197492	23.837437	25.378809	24.290506	18.839614	24.153819	17.899123	24.625650	24.415555	20.170834	13.547277	23.064464	24.919084	25.913587	12.668462	23.782673	19.912609	19.390280	21.333240	26.729224
12.034178	17.642211	16.248910	26.305731	24.228383	24.889437	18.308203	23.172104	26.530815	26.650551	25.655644	26.230794	13.810191	26.515503	13.350222	7.607944	19.685581	17.772499	25.862585	23.926846	18.267507	21.014951	23.609879	18.609408	15.153180	19.355884	15.196003	24.437046	24.500791	26.281231	24.164660	14.193538	14.250306	15.621332	23.267822	19.947779	22.574568	13.077734	25.788089	26.461335	20.924157	21.051039	25.917853	12.856255	16.451648	20.491274	26.291939	16.852632	25.114684	23.840355	17.658234	25.837489	16.381169	22.038058	24.197736	16.200785	6.623984	25.803982	22.579504	23.649639	22.979479	24.303101	20.161630	19.471590	22.865908	24.847793	19.388056	25.789029	15.060570	25.657928	21.384545	16.510745	25.094328	26.655837	25.740596	21.796636	24.695810	20.674916	19.503498	21.577644	25.600249	25.948673	25.700221	18.675438	25.733947	25.621650	23.429295	26.269560	26.349868	24.761244	25.644703	20.831724	21.919994	21.541002	22.842222	26.185913	12.825025	19.575202	24.538264	11.136546	24.884303	17.138868	14.225671	24.756582	26.511534	12.697514	23.950344	22.176505	20.678343	12.455390	24.326578	11.675611	13.827826	23.190136	23.042290	12.187887	23.507851	26.549718	26.718919	16.048420	26.239155	17.446120	11.336019	17.970844	19.048208	10.534999	18.146497	26.652055	21.396296	22.920865	26.398995	22.099382	16.476080	25.725195	18.578586	15.533477	25.494816	18.845045	25.750878	25.612182	9.382947	9.188774	26.032977	25.796831	26.195641	19.737259	23.523337	17.475129	23.384616	10.586242	25.893007	24.741414	14.973814	17.029106	21.562719	25.376734	21.585412	17.451530	26.366682	26.463127	17.211094	12.610968	25.219535	16.529550	10.857219	24.793809	23.479170	24.489595	26.165733	25.965809	17.502495	21.006569	12.815751	15.807798	0.000000	24.098305	23.891365	19.336914	20.488115	21.082370	15.401986	8.783333	20.118426	22.912175	25.984027	25.354569	22.887140	13.139309	13.110013	26.733397	10.990613	23.869823	19.459031	26.573641	25.622283	21.350800	16.870567	18.060861	16.227645	13.800418	20.974261	25.854872
20.721486	20.650923	24.267583	19.303482	19.591174	17.483519	25.861284	24.115449	22.112721	23.466077	11.833943	22.592586	22.630295	24.662836	26.240079	26.638912	10.466085	23.333760	14.254330	26.314914	26.699848	23.246375	19.565462	24.654616	23.690143	25.389545	21.667200	23.487114	20.260093	20.330575	15.653835	25.005493	26.301032	26.289416	20.555583	26.634531	24.294887	19.269537	26.539788	25.633498	18.419185	18.011370	26.615484	17.827052	25.394570	25.019856	20.131702	15.381029	26.678567	14.223118	18.023534	22.979961	26.402970	25.939757	25.724548	15.389196	18.175447	21.578938	26.707047	26.222455	23.119430	23.142010	14.487709	24.975300	24.511656	22.759996	24.534912	21.468807	16.936901	23.815911	15.269344	25.541901	13.473313	10.606491	14.816932	25.051745	21.650390	25.462097	25.589003	16.038158	25.264440	20.097907	25.716038	19.194423	22.226824	16.700682	26.448743	24.032425	26.425623	24.114799	15.669535	25.976649	17.098283	26.599457	20.806210	23.629888	25.437892	25.652333	10.646573	8.065675	21.301691	21.615167	19.884924	23.840834	20.255028	23.382705	20.520574	11.311313	22.531892	25.394774	12.019219	10.696891	26.535215	19.577251	24.531147	20.070898	20.421649	15.212454	26.662951	9.644040	24.955622	25.256892	23.585659	7.412082	23.246504	26.022819	24.178710	21.698584	18.386354	7.495549	23.351833	20.727563	25.005879	25.424635	25.172518	17.185106	7.629345	25.128650	26.124806	26.522244	17.941279	23.221421	26.377176	25.832323	25.004298	18.170220	14.367158	18.632428	22.391364	23.639187	16.271963	22.562803	17.388671	12.679864	25.149313	24.457943	18.736970	25.723578	22.345663	9.114092	20.193394	25.969171	16.253744	20.058129	24.561036	26.381931	25.127667	26.503509	12.380512	22.977759	19.784520	8.072940	18.825966	18.429242	26.747652	0.000000	15.090673	11.390824	24.535021	22.205142	11.131722	25.363072	19.390710	25.503480	25.665581	26.333440	23.204648	24.811535	26.461438	25.492362	17.286152	25.840715	22.725245	12.814597	24.746795	23.041371	25.721511	20.104696	26.372305	22.430263	25.696804	26.387698
20.072789	26.742225	26.260340	21.375993	22.453258	23.461206	22.844148	26.555956	26.714179	26.599887	18.136973	26.607183	20.044712	12.347739	24.253153	10.390742	21.598990	24.593114	26.114299	22.452106	24.344688	19.264388	24.088514	16.178591	18.067188	23.611837	13.194324	20.977317	22.100715	15.159742	20.150861	24.161591	25.202482	24.396780	20.090526	22.176836	18.409760	25.674347	12.561645	22.353437	22.017989	23.925978	22.169105	26.546654	25.555242	20.221615	17.103325	20.176996	16.661458	17.782482	16.967344	22.002332	25.127072	25.288376	20.198735	23.496413	24.394103	25.923347	25.928019	12.403988	24.865281	19.692425	25.101804	20.717835	26.396274	25.792512	20.738810	25.143294	18.476476	22.080242	22.403831	22.066209	26.039318	24.218699	17.597844	17.641451	25.272611	25.153083	22.667747	23.412704	23.200423	20.094708	26.664735	25.617973	21.283502	9.793118	23.980809	20.550678	25.581986	23.987559	25.336192	24.802465	17.022841	25.907023	17.253775	23.313375	14.071161	11.535027	16.687698	26.403112	21.187519	8.299120	13.297707	22.063398	24.630036	24.821047	26.722222	16.149346	25.457969	17.643049	23.209469	10.226706	24.086269	19.971414	20.508650	21.260164	25.357200	24.657480	25.476160	24.388779	24.089375	20.060607	26.368591	22.180945	25.696602	23.522907	24.494735	26.718656	15.344207	14.361927	26.261420	23.537030	21.552130	18.766261	16.513259	21.479128	12.486364	24.677248	20.379161	19.605402	19.488608	24.096489	18.818516	21.752425	10.313787	25.127839	25.060726	24.061429	26.393875	20.136659	24.593195	14.912105	24.964559	5.751206	20.635453	24.867728	17.399543	24.493262	17.795240	25.086894	26.076585	16.909808	23.788440	20.026162	14.654531	17.219427	26.714612	26.417443	26.185921	17.134015	25.064773	26.593933	21.474316	25.519792	18.212120	26.150014	0.000000	17.651977	11.506309	22.851839	22.335182	11.083262	25.626474	26.507802	26.059238	24.051682	25.595333	25.864971	25.128360	24.783109	24.972580	24.794385	21.633567	26.130292	20.212078	25.884930	22.515002	8.170380	24.247280	24.801274	23.592611	24.815131
19.641314	22.545622	23.815021	25.321923	18.891587	18.314496	16.779933	26.458646	25.692073	22.121170	19.864435	23.856104	20.257102	22.486382	21.133854	26.418471	20.260770	25.467797	21.109953	15.795330	20.782713	23.242481	25.524796	15.789655	23.606165	15.796080	18.935180	17.867636	25.220080	24.147994	21.123401	10.283883	23.884650	18.991014	25.409544	23.268491	20.122766	25.726320	21.348454	20.388400	19.204516	21.156843	17.437202	26.016859	22.101988	25.932541	24.385965	21.729777	24.934525	23.024410	24.437598	23.885654	19.432076	22.586183	25.707198	17.184779	20.925250	23.882429	25.324246	24.261081	16.813374	14.803482	26.462513	21.102084	24.276580	13.152856	24.898789	20.716341	20.526409	24.007539	22.163373	11.741431	18.666902	19.658678	24.805457	25.932432	18.630058	26.048996	20.350877	25.462245	15.839447	13.673661	26.356371	24.406917	26.027819	25.688564	23.687139	25.018697	24.511887	21.701142	15.543791	25.824162	19.973501	22.343813	12.310559	23.407213	24.161819	14.735278	23.817965	25.351610	19.567145	23.361678	26.367926	12.114135	24.793773	25.401213	13.266596	18.886330	21.963368	15.645885	25.381289	20.485776	13.547519	8.471928	17.009246	24.439746	26.357587	6.940097	18.662252	23.219976	23.559936	25.244799	21.482910	13.451879	15.513422	22.145298	15.399500	25.171425	23.204449	26.440636	18.207473	20.939966	22.803312	21.594656	20.950450	17.460332	19.760279	23.274044	24.934723	23.154450	23.151818	26.365764	14.039933	22.056236	22.454858	24.380499	22.490376	12.603107	25.132117	21.572607	24.242403	24.565467	24.790640	25.210153	24.569672	25.764667	14.264558	26.339146	19.639057	19.417808	15.192645	24.161635	23.617925	23.636117	24.002308	26.113301	24.118618	26.482634	15.699362	20.785533	19.204575	23.000885	26.329882	11.961837	16.560888	15.908947	13.821809	0.000000	19.681409	21.101758	26.644216	18.675673	21.488086	18.733143	22.043337	22.991914	20.934289	26.203380	26.611084	17.822913	15.277971	22.716342	21.249300	12.993286	16.345960	21.295504	24.958433	18.119293	18.622295	26.316679	21.100024	21.721942
26.126877	24.767400	20.118098	23.395184	25.991441	23.100113	19.352952	20.910362	20.001826	14.077753	26.468691	25.939705	25.637199	16.434871	26.212747	26.169962	17.079110	23.521126	26.048073	26.583065	20.641286	24.283418	26.635400	21.092350	24.940379	23.487433	26.240881	25.972886	25.226797	21.236932	16.992990	24.548414	25.266266	19.906992	26.022424	24.028258	22.767863	26.110317	16.095788	24.201740	22.080998	15.843316	24.723916	26.605981	25.851898	22.423544	25.634514	24.560411	23.204873	26.313164	19.821082	23.159961	9.089925	22.039866	13.124387	26.228693	21.307990	16.402979	16.061058	25.629393	22.995536	21.561786	18.597332	22.595665	25.224106	22.786318	23.096929	22.342197	20.778362	25.875175	24.818285	8.659497	25.641964	24.724042	17.613891	25.514483	23.752696	23.343362	26.579715	25.469048	25.728696	21.170574	25.832172	22.331387	23.733645	24.014774	26.139213	24.990711	26.237636	25.886915	21.979139	20.318874	26.494131	26.103432	25.966081	12.679870	22.262441	22.105235	23.983613	26.661553	18.739244	21.352029	10.612892	26.215819	25.807159	17.954754	26.580753	23.914342	26.752576	25.135130	20.732613	26.705251	23.050250	24.712153	22.859081	16.675392	26.743345	18.559033	23.373216	12.529620	26.680969	24.287046	12.873449	26.093816	18.384133	26.442439	12.400809	18.560622	25.652907	25.314468	11.325932	20.560701	26.135244	25.690444	24.059698	15.712680	26.507540	16.113591	25.181182	22.216708	26.650208	21.828454	17.168284	25.660633	20.795935	22.087309	26.615233	26.232760	26.606979	26.640888	23.832621	15.969811	25.775420	25.007537	23.587955	23.016300	21.579236	20.479346	18.627048	24.109094	26.656304	25.376773	24.949121	25.907473	18.694157	26.494697	21.133353	18.971002	21.744967	22.447463	18.455225	25.468246	14.876574	21.792745	24.684881	15.376413	26.517759	21.874460	0.000000	10.752631	26.006126	16.566495	22.831670	25.507949	14.807685	16.568556	22.173865	21.338540	16.255635	22.728908	22.098108	26.357601	26.667138	8.750543	23.866913	24.904758	26.283816	24.135037	25.176019	24.581863	25.829974	14.880973
25.383554	23.542105	8.338961	15.741474	20.725703	16.925885	24.477184	26.394940	26.340735	25.713287	19.842243	25.107240	22.536452	25.980821	26.418623	23.511110	15.627468	22.930967	22.039586	19.665113	22.010160	26.548908	22.182399	25.207327	26.661686	22.373703	24.385335	24.329762	26.118672	20.229624	13.676845	19.609580	22.179263	20.710323	21.664444	22.305202	26.337750	13.608924	24.264036	16.935188	15.698813	25.039897	25.981698	24.537454	20.124601	15.602160	13.294330	21.866745	19.329293	25.620493	18.322252	15.547125	18.909676	25.662844	21.343052	19.808213	8.339236	22.161209	26.356609	17.147108	26.259374	16.730035	20.175191	23.086680	25.253118	26.384751	26.210610	20.771918	17.764102	22.752551	26.187045	26.734715	22.351318	20.032409	25.499236	21.880426	21.713047	24.312261	24.030882	14.628127	19.342040	21.100402	26.491839	21.926906	26.394695	20.129662	23.731416	11.753475	23.797408	25.633779	25.538087	26.501051	22.883778	10.314975	19.284710	18.951356	21.119415	23.480061	13.271937	22.291241	23.240910	19.884643	25.415854	23.174429	23.152842	13.055734	23.044296	23.480743	18.568594	24.865827	26.067520	18.274875	19.253274	24.774047	13.104624	26.600081	14.282652	23.599915	25.686416	25.976907	24.253714	18.112864	21.478365	26.573357	26.699000	25.524611	24.038530	17.790715	8.462039	26.550742	21.984118	16.004544	26.520824	22.386642	23.309559	23.450999	25.036858	7.234568	22.456317	23.220686	25.800972	21.120122	25.415458	23.302354	9.838669	25.004570	21.439929	16.269821	21.627374	15.451139	25.806415	26.550255	9.441275	24.049432	24.512541	19.227704	23.656834	23.948743	26.197239	25.193921	19.518860	26.273577	24.661762	24.578641	25.916864	10.342838	15.376705	26.011863	25.177274	26.646362	25.294942	23.732048	21.380355	26.654144	24.725384	10.339755	24.631684	19.939007	24.616825	0.000000	24.001716	25.233085	26.044293	24.468520	18.081381	21.073815	12.463011	26.228932	26.178482	23.605129	24.233848	15.801084	23.165951	18.821400	24.287573	22.054554	13.448517	25.456447	26.422026	26.287395	14.632135	25.087995
22.560140	21.855401	23.558854	25.481943	23.189080	24.233377	16.103710	26.480503	21.727321	25.771908	21.927717	15.532818	22.358199	22.499442	18.247727	22.205726	23.094271	25.879029	26.504830	25.459800	14.072781	24.269111	13.989610	18.213566	12.631557	20.417949	26.691279	21.618681	23.244688	25.614081	20.592310	25.452481	17.572877	25.730611	24.642781	23.252397	26.148406	23.233267	20.808290	13.613082	25.915937	22.514538	24.330320	22.350175	22.827689	17.710878	20.016116	26.737290	9.491482	23.619803	23.732001	18.863683	24.698273	19.968988	24.496369	26.396900	22.967897	24.938855	26.731421	21.368786	22.162795	25.986460	14.188887	14.291166	25.786942	19.473615	25.892831	18.273849	17.582685	22.208696	10.561774	16.192717	24.532079	18.245062	26.688372	21.348517	18.474015	18.469663	22.640811	18.677862	23.925969	26.591983	17.354591	23.189783	21.542697	23.287417	21.259187	21.294343	10.042843	15.153955	23.129496	22.298203	17.958152	25.717850	15.053239	21.010161	14.262275	24.966284	20.415920	26.302810	22.862009	22.396528	26.203938	26.498516	25.731844	18.893739	21.040857	26.390337	20.831128	16.877684	15.807335	18.945070	19.354244	20.821152	22.913676	13.112215	25.350592	22.786033	25.848813	20.026014	20.945344	23.253065	21.176401	23.248404	26.440214	22.614190	18.918463	15.967768	23.905375	22.139525	14.859035	26.491659	24.027970	6.276592	22.077106	22.533501	17.363442	26.626510	16.597607	19.101538	16.713240	26.617755	16.498653	24.328958	25.483288	7.106543	15.210015	25.056985	11.596763	20.154202	22.259544	23.793608	20.546295	19.240227	22.935622	26.372879	11.857560	21.845686	24.777904	24.629006	11.388936	24.343401	14.405486	26.716959	25.736017	24.985996	25.157237	15.594619	21.191164	23.059596	14.774960	18.318498	15.343952	18.935376	25.962960	25.737875	13.179813	24.986008	19.214918	25.569299	0.000000	11.950140	26.751634	21.412938	26.738137	23.656941	21.918588	20.699480	25.442376	10.610074	19.285685	22.852250	15.236387	11.337361	26.755205	26.650888	14.741766	24.462825	22.459639	26.327841	24.616586	25.899006
17.889544	13.803428	22.748396	21.477909	21.429576	25.561022	20.984201	26.478737	24.380911	16.821418	26.182489	19.333212	16.191531	11.391880	19.800095	22.996062	26.008976	18.272426	11.364269	25.732518	25.926930	25.470078	19.739783	22.995824	26.634704	15.298197	23.815502	24.077412	23.436383	12.916318	12.938736	19.854376	24.877991	14.752572	19.244515	21.784822	20.314318	26.480766	18.039273	26.719676	22.443423	19.913169	22.814417	23.857558	20.126183	14.097048	22.028998	26.024733	12.920180	19.738748	8.934335	26.335671	25.736170	24.387109	25.020841	8.325892	24.751316	11.963852	24.926047	25.326033	15.180327	16.408667	20.926896	16.557305	24.949870	21.864627	26.357870	25.755770	26.738606	25.609483	23.696265	25.504594	24.781866	22.857293	24.759101	20.854781	14.621676	15.059789	23.336390	22.358926	14.729704	26.291336	24.444941	19.046812	17.330713	13.593171	20.693479	16.293457	21.003500	25.384439	15.636033	26.377357	25.197266	17.457949	26.131722	21.429473	8.521464	20.414834	16.571980	19.496070	15.402260	19.380828	12.287920	16.382294	25.252610	26.073702	7.361709	19.910080	26.010198	21.539894	9.004986	26.740745	26.268540	25.966912	26.619938	14.341315	24.104078	23.807057	21.887438	22.316995	20.767937	23.354963	26.556238	26.352837	9.175854	25.780057	23.099685	23.876461	26.689438	26.033326	24.889574	11.890263	19.001776	25.183678	8.052719	14.672994	22.184838	26.005587	25.097638	25.853096	18.485916	24.499516	10.104125	24.150502	20.091687	8.992823	24.787508	18.124918	22.915941	20.597207	25.361949	25.037609	7.504568	19.324270	26.050821	18.736011	18.670897	25.035494	21.441105	21.082639	26.326050	26.384894	23.101825	12.371389	22.994520	22.153185	21.358440	25.210680	23.311741	12.229512	16.623591	25.855967	23.763436	24.353920	21.469327	24.892702	23.306658	15.784341	25.747393	16.502742	25.364924	0.000000	26.145884	22.305324	26.033335	26.479578	21.144247	23.195107	26.387688	20.211233	21.145135	26.020803	20.612449	25.498498	16.737075	23.998098	25.004665	25.865747	16.306224	22.572038	25.761317	22.048233
15.549944	26.704856	26.365169	26.492998	24.902085	26.683765	24.372747	23.339424	11.277748	22.127957	22.816723	24.689385	23.367470	22.264449	21.960135	14.559731	21.949102	25.018346	26.622284	26.552614	10.971842	24.693477	22.846259	26.592209	18.905939	20.499180	16.709285	15.892859	17.397073	22.025039	23.481327	18.007869	24.547051	20.089589	22.389875	24.580173	25.775305	24.403189	21.261344	22.490422	16.665842	24.399985	23.399167	22.236354	23.539320	22.197556	17.097809	12.507731	22.045639	22.493364	20.235731	16.908025	16.901428	13.545905	24.236346	26.309823	23.310457	26.036366	22.956720	26.349046	22.747017	23.870622	20.373146	19.563861	26.650139	21.283873	22.288516	17.087478	16.270359	23.620883	26.647638	20.946281	16.384906	26.328838	25.760840	23.613934	24.928070	24.593617	25.123046	14.687244	11.679947	26.425628	16.124806	21.920360	15.236171	23.078535	25.504079	26.402171	15.749825	24.810151	9.446956	21.831538	21.260973	20.991347	22.003977	26.058693	25.893253	10.139686	23.204087	23.390560	25.117199	23.889876	26.683372	15.006971	14.780121	25.028417	26.736454	22.110005	26.697194	24.726173	26.660178	21.883737	20.350483	20.212701	15.126596	17.736620	16.407231	16.348666	21.925420	11.599733	22.912231	23.373616	26.556943	24.306729	20.622826	25.648089	13.299499	24.156965	25.728431	22.944747	26.097540	21.200544	26.289860	23.071798	26.706419	15.933587	21.292444	23.600442	20.840948	26.167698	19.222377	26.739059	12.199277	8.839432	15.416161	26.023435	20.049706	20.898216	9.622645	24.714146	25.533302	19.907481	26.489075	23.989430	23.547318	20.968730	23.991658	18.201445	20.124083	7.582505	23.033008	15.942039	22.472890	22.384244	22.138084	18.165881	25.034873	14.614700	17.324626	26.286876	25.211242	12.349462	22.934306	26.431174	18.256957	21.610879	12.596195	20.034717	25.507595	18.526551	23.907357	20.081940	0.000000	16.057119	12.496595	26.676420	6.040888	24.982600	20.840513	15.096016	22.327689	26.683989	22.343758	24.145803	22.507084	25.311049	23.578240	26.666838	22.433256	21.905514	22.019147	26.753569
9.526548	22.978906	26.419031	22.626324	25.471333	26.229954	17.132202	26.630944	15.818648	16.357475	24.084244	8.791795	23.417623	20.830377	20.931759	26.589041	24.389023	16.790514	25.091898	12.426966	26.737083	26.110986	17.043514	20.179766	12.694049	19.120760	26.622708	23.903292	26.253615	10.392058	24.232067	15.508574	24.205764	25.043116	20.762116	11.033573	9.350448	21.546724	8.091838	25.424211	24.447388	22.800372	21.628830	22.548150	26.020873	19.941976	19.828205	24.767585	17.905609	20.994183	12.960963	25.867207	26.509307	26.637533	18.856815	26.031224	11.149082	25.786961	16.029037	20.445553	20.831398	21.064591	23.086738	18.525476	26.044712	11.895213	15.839225	8.970225	26.668065	15.070354	25.643201	25.746588	26.383048	26.755640	11.705249	18.987505	23.786463	18.216105	23.829092	18.810492	23.135130	23.172829	21.408355	19.567999	23.493270	10.499100	24.935431	16.749159	25.646242	23.948051	24.971394	26.263006	22.748597	22.964986	26.488919	26.546755	20.344702	15.404129	10.143331	22.966724	12.481285	22.856120	23.630914	11.063105	25.641672	25.344023	14.601539	23.959743	23.451373	23.903843	9.049532	17.814441	26.662655	14.396498	25.632751	21.010938	19.764790	18.104994	8.147721	26.044403	25.825566	22.470138	21.799690	25.452608	22.378482	21.321672	23.479851	18.395011	10.930811	25.303098	25.575713	26.406199	25.835844	21.802676	21.952569	26.755404	25.671169	16.478080	23.624838	26.397491	23.833038	16.468653	25.677245	17.203331	20.541183	19.801669	18.482669	12.392195	25.422499	25.479235	13.689800	19.645372	15.309222	25.919164	26.410191	10.662295	17.767029	12.754714	12.671631	14.461483	24.793950	25.099983	13.794359	23.090515	25.808261	22.684621	15.741822	25.702619	14.088511	21.492828	26.421030	22.683284	17.260015	23.396896	20.755718	13.509630	23.793199	26.737791	24.933211	23.302959	25.280597	22.292013	24.882612	0.000000	19.754062	26.354852	19.040337	26.479829	23.861086	20.034085	21.835430	18.366329	24.838744	26.240354	26.713369	18.107055	26.291680	26.352669	18.199015	26.731047	17.525865	18.081938
23.758439	17.837763	17.724640	19.600279	26.079151	22.614847	25.011534	18.295096	18.057420	21.176520	14.135959	12.404051	24.380498	25.116737	25.413313	21.252800	24.119317	12.568252	15.829459	25.195456	20.887782	9.205503	25.498016	26.723544	24.895698	25.479420	25.120326	25.239899	19.470746	20.416895	23.169890	16.057605	26.509645	18.743253	24.052360	26.713030	25.304452	26.687159	19.315133	7.928099	18.735620	24.229917	25.161416	23.420736	24.448199	25.251667	23.033330	7.322194	17.512896	15.369988	12.124416	26.536107	13.716687	21.598879	19.883195	12.620769	18.432362	23.438829	23.270316	25.643523	26.284113	23.654245	25.736530	24.024799	19.270572	26.008451	15.061045	14.289135	20.407034	17.983189	19.706393	17.843791	25.244891	22.260429	23.302148	17.997402	24.193506	18.736241	26.480729	12.487919	25.600998	23.707060	26.133674	23.594241	20.594725	26.690247	25.105186	18.806743	22.536931	24.021088	14.131231	19.487218	25.411157	26.086002	22.970941	15.112741	26.691434	12.717981	26.711249	26.705911	18.870722	24.378312	17.375696	23.266600	22.559259	26.353931	18.526660	17.593906	26.625383	24.963026	23.341922	19.298429	22.121275	24.559553	21.746574	26.681538	17.739852	17.859293	22.557505	26.024207	15.513285	22.158921	16.306051	26.082649	21.222709	17.557017	24.913460	20.942529	25.055944	25.464453	16.465147	25.034292	26.555087	24.409490	26.686806	25.852214	13.172346	24.338449	19.984033	14.726009	5.869217	24.493128	20.416386	18.295769	23.540806	26.227425	22.737212	26.309859	12.296079	25.705194	24.394479	26.732108	24.963847	16.584438	21.268777	16.905048	25.165845	23.932700	16.065463	25.366003	22.737648	23.104190	16.936582	19.411813	26.020071	26.321841	21.858155	17.793259	24.982492	13.819696	24.751550	18.629961	15.617249	14.593840	26.695872	23.865313	10.301036	18.901131	17.928496	26.451059	22.221084	22.882442	23.870488	19.767357	0.000000	22.172757	23.416292	7.027231	10.841242	18.656306	26.721532	23.529911	17.036203	18.495613	26.538215	23.886502	20.976632	26.630437	23.516600	21.139024	19.803532	19.169328
19.806986	15.139475	23.724229	24.980459	25.394884	17.950487	26.152724	21.442843	26.731323	21.909543	22.907874	21.369032	25.680349	24.243995	26.245327	15.688831	18.228817	10.077911	22.511784	17.257728	13.464284	24.561540	26.497890	24.856026	20.837132	23.524070	9.711524	26.642921	17.160340	21.302510	26.081829	25.040828	19.899807	14.901501	26.291337	17.844668	18.354854	18.908625	14.615447	24.642454	25.870847	24.519741	13.723875	12.379675	19.546330	22.099832	14.813585	23.373907	24.428057	26.391284	26.125458	26.610082	19.282678	21.369627	23.355774	8.679693	25.902337	22.352894	13.418550	18.457042	25.281772	19.212230	24.077570	22.191293	25.284237	25.359410	12.992764	26.523937	23.606775	26.668507	26.740848	24.014831	23.854700	20.632122	26.314647	26.196044	21.574698	26.224218	26.094923	22.899015	22.932956	23.605142	18.303757	23.239313	18.800361	25.315705	7.333949	22.041576	20.032198	16.953383	22.458879	25.696575	25.169299	16.074515	25.613393	22.482863	26.752475	7.668546	24.875685	24.509606	19.490986	25.194721	26.407902	26.541382	26.220799	20.551892	22.808417	15.461068	24.346196	22.399211	25.495424	19.763376	19.786051	19.975393	22.252841	16.585843	17.912312	26.129549	24.292463	24.984514	25.438273	24.736057	21.512827	21.170163	19.660158	19.420942	25.714277	21.657130	18.250995	26.490294	12.277602	17.346080	18.564166	24.893127	15.534755	25.250542	26.260930	17.924378	19.536166	25.838440	13.510979	20.475360	22.330048	25.686051	25.819637	24.244265	25.483251	21.637816	23.790905	20.565473	19.202794	21.988050	24.266208	26.268211	25.344554	22.555440	20.187066	17.818714	21.549442	25.513681	20.026902	22.300743	17.858570	22.821077	20.008306	25.399733	25.021111	19.601610	24.659595	20.697239	21.089906	21.430921	22.644316	26.472818	17.103184	25.977910	23.048289	24.800242	18.236109	24.758327	13.489143	23.756953	18.641424	19.603523	22.466468	0.000000	18.382226	21.648640	22.386364	7.160536	21.079609	26.378880	24.019440	15.864808	24.974676	24.992161	25.069204	19.720100	25.082533	16.277568	19.570048	23.259016
24.837055	23.989283	20.955316	23.875954	19.357544	21.765857	15.618356	17.459814	20.754046	23.030783	21.105565	18.146077	17.310362	12.771293	24.057492	25.648162	14.474025	19.694489	22.325563	22.780646	25.852740	25.596785	19.380203	14.474029	8.617368	26.236250	21.970158	26.181170	25.192697	22.650713	26.667157	26.493719	24.291699	24.656407	16.340447	24.803371	25.442936	20.983649	25.255237	24.445440	25.441115	11.390618	24.060091	15.920197	26.291259	16.073504	19.742894	16.406426	23.162825	25.700227	23.546636	25.581907	23.623840	22.313323	25.488192	25.536048	18.633815	24.608411	11.492577	23.696717	22.048423	25.263869	21.232729	26.334559	23.869745	26.338691	15.061461	18.171851	18.160614	13.758930	15.972843	26.663444	20.018285	25.963645	26.443662	25.056835	20.779765	20.389932	23.777215	25.978679	23.298030	26.067046	22.289672	23.699104	25.218923	20.789114	18.272043	16.114000	25.183626	17.744749	24.147849	26.731557	26.420988	16.719482	14.088588	26.576111	10.573271	23.129339	19.598069	23.594355	20.894050	26.730786	12.540637	16.634008	23.846029	22.218163	21.321058	20.759771	26.527013	12.559888	14.821704	25.324771	26.617048	25.632652	26.325544	25.308567	22.642294	25.644838	16.131388	23.624702	25.569874	26.731800	20.639445	20.114430	24.737351	22.319991	12.695459	20.942087	25.915060	19.933728	21.639368	15.380698	15.763396	25.665803	22.896505	21.227389	18.635838	25.720949	25.060309	24.974054	26.487998	14.406026	24.610703	26.564830	22.015643	17.714201	22.866504	22.544026	19.618118	25.327730	25.085856	21.798955	17.898746	22.056390	26.752139	9.366210	9.047164	25.290445	25.671672	17.099322	25.093728	14.570208	24.799276	13.421547	21.800268	22.657648	26.370457	9.563441	24.384036	14.396794	26.743376	24.512402	22.722049	11.368115	21.980376	18.336508	25.920680	25.330932	18.295485	24.870730	26.729997	26.415759	17.911728	19.345034	16.332946	26.124516	0.000000	26.708178	25.597394	10.723723	17.650374	23.071844	15.431233	23.868504	24.343911	26.543304	18.813581	24.415477	26.660768	17.870878	24.098889	22.930964
19.471553	26.539342	12.392994	26.692386	25.919365	20.788279	19.714808	15.736624	21.283495	19.635227	23.695284	22.143703	20.686777	8.162760	25.121093	18.945561	18.335150	25.149418	21.865920	16.975718	24.960820	26.599101	23.925920	26.696373	14.152298	25.459417	12.265730	22.393940	14.736579	26.624618	23.636521	11.830386	14.683184	23.251518	26.390290	26.229611	9.460781	24.048372	25.601323	19.327369	12.936242	17.725761	26.480849	20.379835	20.201347	22.097057	25.105471	12.505143	23.278397	13.752349	25.203260	22.224268	15.043868	23.814209	26.040223	24.501975	23.497736	26.542960	24.920055	26.331950	26.462490	19.534951	25.068751	22.682525	20.960693	26.458659	25.335008	25.229117	23.321397	11.861611	19.445004	24.427994	25.617939	25.314581	11.652732	12.465262	24.330251	24.989332	26.549392	18.459472	23.110670	26.429418	24.713556	26.752586	19.335168	26.759868	26.707961	25.124534	19.153217	14.877275	21.987351	12.219203	23.083850	7.731617	22.371060	8.064198	25.456369	23.300564	25.956214	25.562719	21.174365	14.377929	24.985716	26.335689	26.348119	26.032754	23.905190	26.569840	20.241243	17.750934	24.682010	26.153124	26.330182	25.827686	25.992919	16.475014	12.173926	18.871994	23.663725	24.544129	10.454410	19.101761	20.162400	25.553831	25.900548	22.000218	26.386759	24.179509	24.116678	23.032887	22.303217	23.656307	24.989720	18.127924	25.421036	16.548029	26.677715	22.499219	25.227626	23.860248	26.038178	12.935083	13.026378	26.731434	15.963933	23.732047	19.484857	25.470544	25.410012	16.200014	14.812825	25.850411	24.062978	9.411724	21.007494	22.963008	26.679017	19.785571	22.009404	15.728258	26.197759	13.314804	23.530189	16.456028	25.742303	10.392108	20.059863	13.376270	26.642403	15.282835	23.834551	20.839549	23.304776	15.387416	20.181308	26.625224	10.884538	24.787151	19.428751	23.183089	6.860074	25.129326	23.266828	16.359476	25.733915	25.244867	25.506317	0.000000	24.130248	10.386248	20.589081	10.176234	23.861387	21.385923	26.447397	22.280093	21.925729	22.530499	14.551372	22.639907	16.617897	19.720854
26.148727	25.572902	26.036410	25.416382	23.755732	25.837933	21.924730	23.110015	24.341356	25.628787	26.670704	16.191089	22.996825	21.126873	10.543735	24.933416	24.464220	26.310864	24.095245	26.565291	23.453108	23.578597	15.000215	25.573773	25.001866	26.048986	16.079385	17.580659	22.379751	14.291388	22.936767	24.888606	20.337561	12.010051	22.363950	17.100294	26.062710	25.963737	25.246521	26.455296	24.596355	24.500903	20.620163	22.321846	25.332779	17.576410	9.189285	22.693836	21.900736	25.100588	15.996260	23.182667	24.040303	11.097549	26.626951	26.513306	25.539242	23.755976	21.187331	22.275060	23.935383	26.505671	23.953868	26.533626	15.905638	24.061731	21.220095	26.548497	11.533612	20.420189	24.326262	26.257115	25.240741	26.666693	17.536197	17.404550	23.763875	24.250006	19.297980	21.897492	26.367270	26.642892	24.425740	25.886037	26.511118	26.543830	24.380506	25.016693	19.104954	14.119455	20.500932	16.939433	18.405315	17.857208	10.113571	9.126769	14.481645	23.821591	19.041345	26.468363	23.088671	21.926814	26.034071	25.545290	20.856020	23.209386	26.642013	21.675334	17.038072	25.251001	26.265091	12.807251	25.795031	19.532646	24.696213	26.085400	21.011435	15.966451	23.416084	8.855905	23.075288	22.390726	21.279933	25.754254	21.839826	25.428423	26.677537	22.582974	25.940706	20.697923	12.387782	16.045520	15.163598	24.963964	25.734857	25.213752	25.698313	25.482449	18.119801	25.329783	8.167294	22.804187	25.816370	22.650198	15.551970	19.931554	26.309969	26.431762	16.626628	21.928874	21.466004	17.989625	14.103485	17.485886	25.866365	22.124506	17.723878	23.912413	11.895775	25.711431	7.855097	17.995016	25.624426	26.183929	26.304342	21.425367	26.145867	26.721793	18.300884	24.853593	19.044851	10.306504	24.524051	26.226577	23.515278	25.562799	21.752078	7.968275	23.869296	15.013780	23.374266	18.599568	26.618881	26.090522	26.524758	26.007855	22.415287	10.879372	0.000000	25.817497	15.089839	26.253950	26.656093	26.747633	19.204019	22.631772	21.455245	21.235999	21.658090	19.788034	22.956132	25.600892
26.413566	25.537607	25.658004	14.012266	12.788538	22.846271	20.728804	24.114896	23.544382	26.053202	21.473830	22.220524	24.236126	24.534900	25.199821	21.631103	17.716475	23.504750	13.294213	18.365812	25.305855	24.860052	22.761460	26.516552	26.434218	22.326599	22.630693	23.730382	25.238539	26.653645	24.280807	25.535337	22.184711	25.775781	22.765299	14.780446	23.113925	21.342882	25.758723	12.369084	25.683622	24.895298	26.368055	22.227748	17.913261	21.653970	22.107064	25.528605	25.455771	25.416102	25.921708	25.045931	18.810234	18.816481	25.904653	16.424045	15.032208	12.115129	24.170117	25.506254	11.051963	23.687642	22.698295	26.561463	24.120726	23.970432	24.471848	25.057105	15.713678	18.661039	20.883950	25.557378	18.766106	12.436677	22.296715	15.442519	23.153358	23.377639	17.536976	26.151609	19.123640	25.493847	17.257927	25.557328	22.329272	20.753459	26.726727	21.973262	16.159297	23.773155	23.940081	26.696187	23.205975	17.865997	9.183032	17.743616	24.955248	23.998692	22.372409	26.579828	11.161433	20.579019	24.507082	13.491623	25.329795	26.107917	7.640631	25.458286	24.261599	20.412315	14.996118	16.620240	26.373777	24.430799	24.903612	21.214619	7.968833	14.977310	23.661219	11.136825	25.894809	22.551543	19.647501	12.906157	22.986252	24.748045	21.336330	13.486518	22.118142	25.277047	12.150224	19.645709	25.533348	7.472934	15.930576	25.490994	26.683707	25.083727	23.456590	13.490024	13.419140	21.622633	15.569514	20.009835	17.688139	21.973365	15.359475	18.401093	20.936573	24.708632	20.548208	26.438558	19.723609	13.591345	26.300584	10.330714	24.050905	25.399980	14.264827	21.047027	26.564280	26.188642	21.198977	26.345306	22.643412	17.697056	23.590908	19.463077	21.663511	12.922268	25.700877	23.459188	12.784570	23.357706	25.657249	12.282060	19.580326	24.791684	21.774784	26.401401	23.326195	14.404332	20.765822	21.010711	25.159840	23.095985	25.977472	15.674429	26.430400	0.000000	24.205290	22.101901	16.617075	24.720890	25.823498	24.070544	14.744193	26.527315	26.414766	19.697673	24.460509	13.291460
12.182356	24.860117	25.489721	26.542946	20.976218	26.591053	15.269372	25.952462	10.991866	21.848647	7.206339	25.518573	23.127969	11.134891	24.830436	25.297421	24.515786	25.031532	14.772695	10.925147	22.627436	11.394901	26.236682	20.063052	26.566028	19.139559	21.926251	19.230851	22.352782	26.003035	15.050105	19.530457	21.470107	10.105751	23.941858	26.599021	23.976228	25.071569	19.038001	23.350237	16.557602	21.038932	21.120637	25.065494	16.394018	20.055779	19.525758	25.458229	25.365787	26.699057	21.079703	25.029450	16.359204	25.612618	24.824001	25.367880	23.544881	20.789659	10.842897	25.494209	23.154830	25.159590	22.444320	24.227651	17.652307	9.412269	24.469453	22.480719	16.886178	19.751286	21.719373	24.004024	25.359570	19.748091	23.882630	23.845556	25.219098	24.958240	26.254184	24.808200	26.271693	23.873175	17.556531	26.704404	24.589167	14.475757	22.447098	17.884646	24.775071	25.709008	22.649463	22.110063	25.577466	18.606399	24.400037	26.010374	18.314341	26.476021	18.452861	21.711518	16.011091	17.813238	21.231620	6.985081	14.798788	24.632500	25.009671	23.970772	15.923817	24.341339	16.404026	21.930467	23.728380	24.397496	20.246312	22.485046	23.442923	26.399022	17.097175	18.517364	17.087020	22.632363	23.558680	26.076204	16.906935	23.896144	13.876512	21.206446	24.987957	21.072463	25.884896	16.964463	18.150400	15.264845	25.121867	12.712078	6.605344	20.499289	25.639481	24.557400	24.162411	19.618051	25.553019	26.341202	13.429821	25.605728	25.759024	22.664471	26.558196	12.235981	19.774855	25.415742	25.445860	14.967181	26.614549	25.200497	14.256513	21.743186	20.944733	25.104459	12.672029	26.485551	26.556745	14.950497	11.372973	15.506223	24.369425	19.378816	25.114570	26.122114	22.499725	22.384644	19.712322	25.079226	21.629491	25.923868	25.919237	18.689398	23.934859	16.911032	24.139867	22.181239	18.687383	10.655665	25.079957	17.204066	20.035550	23.654606	15.644004	10.090973	0.000000	22.329614	25.430547	22.404638	26.101885	25.053114	26.713122	15.415634	12.184271	14.331968	11.725276	17.831777
14.208297	22.396111	25.350872	21.310940	21.918494	19.616771	26.532643	22.521045	14.102564	22.029323	23.207313	23.610665	25.149722	24.808424	24.614241	26.691292	20.640631	24.127876	26.350659	23.728704	25.508089	26.635953	22.436693	26.121508	23.921453	25.670961	23.732339	22.449917	21.050619	9.062957	12.828487	12.268409	25.332258	23.736257	24.321392	24.110649	26.626566	25.699048	24.099943	25.587193	18.269834	12.745895	25.617638	21.152025	17.350815	25.340878	18.639608	21.240593	25.090298	17.982647	23.042188	14.833495	21.361835	25.395155	17.370021	22.399710	23.028530	26.249345	23.113252	18.981920	23.224074	21.509299	23.783786	21.188586	25.119872	11.101623	26.726520	22.087049	24.236007	10.733124	22.646197	20.166722	26.075005	19.471416	26.674996	24.332555	25.698462	20.883222	26.032211	18.351100	25.101592	13.382663	26.590751	26.231186	23.911482	19.564512	20.047226	11.697260	19.652237	18.668963	22.533654	21.842724	18.232082	21.438979	15.140485	24.186114	26.652817	26.381369	23.139274	24.266864	25.587215	18.662725	21.614343	20.391712	26.562974	25.082471	24.038714	19.389315	23.812064	18.070301	25.620337	25.582869	19.760567	21.691248	9.278291	16.572238	9.675168	22.770442	20.623750	25.086304	24.864495	13.739553	17.510977	16.232591	19.437166	23.080180	26.740293	26.580437	26.164171	25.663288	16.031643	24.051185	19.017604	21.964906	25.998512	13.110920	19.120399	12.284666	18.726574	18.052712	23.898865	14.707944	8.546281	22.774313	25.761198	22.503671	11.007643	15.532354	22.944959	26.068231	22.006134	25.536088	24.346098	15.975785	22.245374	22.020150	11.973624	24.500211	21.994365	17.063006	21.885388	26.693038	26.634736	24.244032	25.696164	24.230112	19.791066	15.431844	18.857333	23.975701	21.602144	26.158776	14.512408	25.497413	14.865270	23.811778	25.456761	25.133242	24.835703	13.903491	14.895743	19.816762	24.135860	26.651538	23.083016	23.322734	8.229358	26.125385	21.953390	23.549051	20.295400	0.000000	26.436265	20.292452	25.627668	25.252109	26.156494	22.439113	25.743238	23.021830	21.189854	26.336176
16.664025	26.213051	24.944741	24.378225	24.991249	13.075742	19.268729	21.610289	21.265542	17.639477	18.771301	25.062962	13.650273	26.759876	22.170586	24.586538	24.462765	22.753649	24.901649	19.465730	24.700781	25.920500	26.352565	11.829255	22.932612	23.238575	19.772729	20.283272	25.655326	25.997479	25.352960	22.902543	17.911396	26.630048	19.265419	24.356832	18.505113	13.136667	25.870377	20.560309	14.187124	22.333650	16.932942	17.323828	23.797555	23.194480	22.874919	26.464821	24.531636	24.906018	24.906304	21.454793	17.696882	24.775631	8.822989	20.598198	21.618515	17.217336	25.871893	8.242299	23.451610	25.255827	9.229014	16.148787	15.075903	24.149285	21.185757	24.627209	9.923582	24.524093	22.192268	26.473704	25.563184	26.076641	26.005330	18.634506	21.192265	26.435759	22.509835	19.279844	26.558319	22.880998	22.924309	18.595812	26.709464	24.783898	17.377385	14.305270	18.892939	23.698598	18.048159	24.457268	20.152473	25.074752	11.274954	18.099253	23.899746	26.696798	13.861525	26.233359	25.518417	25.732993	25.941223	19.118897	24.186292	25.460555	12.574656	14.125768	15.703153	22.074475	25.569226	23.208995	25.509657	21.137859	17.018833	25.811577	20.339571	21.791747	20.763907	26.334499	24.481373	15.586457	13.009973	5.885511	22.952980	25.566831	26.029390	21.921929	23.049860	26.441332	25.506383	23.378854	18.115402	20.506297	26.173425	10.071004	6.666575	23.581830	17.566157	23.314520	26.704180	19.537752	17.905684	20.486024	19.352043	15.109991	26.254365	11.735411	22.884152	24.775866	26.684985	24.565264	6.946103	16.049862	22.330493	25.419236	24.397878	22.511237	24.447385	10.411997	20.794758	26.559105	26.465561	11.415451	20.168112	25.723739	26.159395	26.195981	16.780643	18.383531	25.479738	26.467712	8.451001	23.089580	17.730383	26.145026	20.621892	21.750112	15.246936	25.491345	23.618474	24.088039	25.307915	26.749944	20.819825	11.509539	22.037073	22.011161	22.478090	25.959238	26.699045	21.986783	0.000000	26.616546	23.173674	19.175211	23.995739	21.864083	22.290358	16.371398	26.001270	25.827737
20.715116	16.381391	15.046709	24.632213	19.049793	22.169800	15.819324	25.507810	18.697383	24.233635	21.241492	22.063169	21.982343	19.923145	21.555230	24.407861	18.505338	25.318484	26.104978	20.749861	25.306306	23.158854	14.658789	24.114359	25.595429	26.074788	24.340110	18.790840	22.444673	15.399138	21.820712	22.294073	25.444405	25.600746	26.116596	25.436377	23.739794	12.763327	22.217718	23.459743	25.985150	24.253933	10.058493	26.602746	19.646931	25.586005	24.039398	26.425630	23.257073	25.059564	18.648899	21.691079	25.444470	23.527448	21.462358	25.601993	22.963145	25.637023	24.611726	20.533079	24.082631	7.427862	21.376281	23.092151	23.462204	23.282599	26.037919	21.096506	26.726473	22.899684	14.437217	25.443965	15.068738	25.941181	15.702750	26.219966	25.825520	21.068407	23.752837	25.939211	24.999294	19.392871	8.022160	22.359287	25.806813	25.681681	21.738729	20.820178	26.549802	26.138093	25.893772	24.775842	26.336565	12.289201	13.011008	23.599538	17.278545	21.956171	19.288991	15.985063	20.449159	24.682258	22.252840	21.143214	26.580831	24.370943	21.525520	17.890137	21.994669	21.548709	13.045509	22.388948	19.045251	25.460037	14.585487	25.779428	25.797721	26.166442	26.150811	18.184476	23.969485	14.102934	24.826277	14.125874	25.187523	24.834649	17.837830	20.301777	15.553372	26.179033	24.987911	17.265670	25.113416	19.552562	19.143348	18.017427	25.283239	23.322471	24.348322	26.062034	19.250022	16.380350	10.957003	26.276831	26.587468	15.141685	20.276826	25.019079	7.525512	25.074349	22.971629	25.685188	15.720768	26.152223	19.717077	22.723152	22.679497	23.151300	26.732702	25.128954	24.626320	23.326960	19.228320	20.497421	19.624027	23.194544	26.120179	24.993775	20.211473	19.610752	26.032428	17.817599	26.029402	17.064022	24.112219	15.711980	22.887106	26.655672	26.413506	22.928567	25.692560	24.802517	8.414590	17.838219	25.290565	12.038670	24.121288	26.727944	23.854819	26.731233	22.016106	26.285400	10.899179	0.000000	17.800226	25.535357	25.304311	20.170967	25.835742	25.509477	23.027476	23.562471
19.143002	23.383308	26.538689	20.878263	20.879652	26.356908	26.364058	12.448486	24.902709	25.140946	24.115255	21.284915	23.421159	23.883525	19.652247	25.262909	19.833147	24.446634	26.561080	17.118644	26.578230	17.368233	23.773294	8.884769	23.909165	22.766642	21.550780	26.293085	25.799036	19.605248	17.294305	21.689363	25.530630	26.522548	11.653689	24.650008	26.571539	13.872334	18.354213	13.482374	22.863968	18.387052	23.031110	15.967568	25.801436	22.152865	8.168852	25.872442	23.204828	24.288445	21.431291	24.781487	18.320215	21.875730	23.669050	25.956788	12.266474	24.233215	26.154474	16.841963	19.534297	12.838122	22.167467	25.063365	22.445736	20.371433	20.556586	23.052284	15.795211	10.637769	8.304361	25.695379	24.916753	13.020015	25.022548	21.564475	22.900106	23.547419	26.503249	21.489763	25.840103	24.619280	22.164690	19.851540	26.008709	26.300397	22.656537	25.990892	26.711335	11.862150	26.366707	21.338233	25.018023	24.003579	26.541342	19.927103	14.668399	26.249027	20.013318	18.995961	26.036566	25.763721	26.694084	19.822590	25.019993	25.439951	26.068165	24.563694	26.592456	26.158940	26.461931	19.832532	25.785755	16.793389	13.170353	13.918307	18.230162	22.884165	25.226926	14.212703	22.811661	21.251396	22.005655	7.901814	22.672038	26.687353	14.309469	22.403120	24.089929	13.290969	10.905469	26.069682	26.678374	6.957704	23.032669	26.572272	23.282890	17.993144	18.925569	25.492705	8.315285	25.721704	26.726671	25.584546	15.276486	15.622635	18.689749	24.286790	23.279044	25.047975	17.588968	13.364734	26.468233	25.714999	17.346468	15.321145	23.749150	24.945330	20.751974	21.556005	16.342728	16.597275	25.704536	26.591162	20.360192	14.888114	23.384900	22.210660	26.686414	22.688012	18.870427	25.916559	24.513417	19.687116	11.156607	24.352952	25.663947	24.849001	22.154806	17.681387	18.111343	19.363358	25.892978	15.858689	25.582621	9.277361	23.692043	17.724577	21.535244	14.143632	25.503220	6.547782	6.600171	25.232634	0.000000	10.211473	26.223264	20.598783	13.407848	15.782514	18.709994	25.811763
26.746870	23.993428	26.481364	22.908210	16.827615	26.442444	12.486597	20.230094	24.548178	16.173336	23.703573	17.115433	20.415452	24.352922	25.556558	25.106794	26.540171	12.331051	24.269755	18.332249	14.027389	12.193980	26.706634	15.028792	25.991369	14.655652	14.864712	18.154091	17.152128	11.591578	23.123922	25.574686	24.497486	21.317994	13.672918	10.197763	21.814486	22.295643	21.578376	25.969016	25.811270	23.990472	26.530341	22.890746	24.371110	22.482110	25.378275	25.953568	25.132077	21.528997	23.481918	19.078177	21.323307	25.441749	15.210995	12.932491	25.051230	18.374947	15.039992	21.374941	26.547850	24.090002	23.661091	20.802351	9.040083	22.478047	13.648854	23.910888	13.609027	20.856377	16.794649	26.469966	22.798738	22.125934	23.832782	18.865383	15.329088	23.635911	16.533688	24.909142	24.017123	22.974784	21.152364	26.625758	20.777723	25.900030	22.308194	20.493761	19.440029	22.603746	24.959089	11.133850	26.241823	17.000276	25.047176	7.597571	23.565955	25.754080	22.148606	25.047061	23.992312	19.674596	26.229838	25.448357	24.271654	21.939018	12.753755	26.454227	23.898882	25.705165	25.027551	15.984850	18.005580	20.626655	21.277282	21.587772	25.106111	24.168633	12.792749	26.121392	17.322901	26.215764	20.423207	15.097662	21.311375	25.501080	7.270108	19.021161	14.250548	23.683131	17.201002	25.438185	25.895800	10.522271	22.697438	18.437210	24.506538	22.987567	23.711033	17.079058	25.271213	12.550558	9.338189	25.928112	25.923079	23.711577	24.253296	25.626490	25.038302	8.737749	10.076158	23.363967	25.903124	21.423930	22.782766	18.440394	11.842189	22.373765	23.290192	25.118955	17.391492	13.102082	21.553650	26.406515	18.991815	24.410438	18.563560	13.846430	26.126811	23.804421	13.985418	9.438947	18.972225	26.291440	25.086667	20.159118	16.638987	18.735941	15.853362	26.293501	9.711617	23.805824	17.009312	25.083171	24.797396	26.138807	22.646325	22.525949	16.689568	16.636724	25.049281	22.010742	25.161320	26.149782	20.721745	0.000000	13.281112	25.982728	21.863325	22.812285	26.581346	24.632212
22.436277	26.699117	7.932419	16.211657	21.099560	19.266358	12.175631	25.344852	21.381381	22.199222	21.159595	22.833507	24.873990	24.651422	26.407473	12.704156	9.530749	21.781129	22.461964	26.613714	26.691521	25.678648	23.534401	26.239887	19.935861	25.881638	25.839842	5.919217	23.570034	15.598731	25.597345	26.327792	14.041821	14.931248	9.426083	25.428443	15.103525	22.236054	23.183726	15.181606	11.991484	25.808428	25.062721	20.993834	26.550509	18.130815	23.394560	19.925036	26.109345	26.581053	20.280974	14.145145	22.075768	15.320374	14.070587	19.470427	22.127394	24.859167	24.149366	25.327724	20.013972	26.403449	22.777826	26.256627	15.174951	9.307351	26.451314	21.030125	15.747000	9.347597	18.199080	25.793564	26.683717	23.349978	18.012647	25.202490	13.964659	25.881841	9.327613	21.993984	21.736976	20.237146	17.877269	22.406836	26.699161	23.164844	20.135703	26.565341	18.369862	23.828494	18.198221	16.371279	25.338793	17.251114	21.419289	24.209603	26.140212	20.346560	23.816874	23.412388	22.169189	25.687347	8.450918	25.467819	11.978863	26.034746	16.983214	25.488595	25.890491	8.914724	14.667591	22.793426	18.074579	24.987042	24.664986	26.504078	26.536559	18.665362	14.680854	26.111116	18.524363	15.622896	17.262583	5.908814	12.122353	24.799572	20.044949	24.332715	24.626602	15.408883	26.554438	19.481143	25.622038	26.390676	20.955698	25.660890	19.016975	19.627976	13.330795	26.676132	25.845327	11.621238	25.540017	26.654201	26.600342	20.959141	22.303660	20.681858	26.675089	24.757630	26.083178	25.729514	25.687835	25.448890	22.264301	21.092483	11.213801	17.450026	23.269258	23.995302	23.345718	20.347930	20.355959	25.541529	25.361238	25.788517	23.411375	15.910926	21.320204	26.463399	24.483377	7.052875	18.640610	26.072467	14.335220	25.659106	25.550224	26.019237	23.380649	18.714367	25.614404	26.758841	26.016130	22.902690	25.948038	24.501985	26.475617	24.546107	22.882599	18.613084	18.932173	26.425177	21.222420	24.442463	17.338772	20.603010	0.000000	22.895178	23.882804	9.758239	23.654105	26.472207
17.076132	21.869284	26.291500	15.762694	17.342984	15.546748	12.532958	24.029450	25.113248	25.134502	25.489189	18.450151	21.884202	22.195186	26.162262	26.129492	11.350567	18.150179	20.336016	14.944286	19.884571	20.958180	26.740765	23.200822	17.801574	21.668830	17.585209	10.448501	26.190732	18.281017	25.736722	23.491246	25.184132	9.671023	19.038478	16.485429	26.758136	25.265096	26.738904	21.448535	19.665948	23.021163	26.270556	25.721699	18.340601	20.806977	23.704180	25.928384	24.200515	26.474291	25.058549	26.677994	23.471960	24.885355	21.663937	24.589765	22.677621	25.054680	23.495008	19.216170	22.945505	19.802344	16.515445	22.891647	9.454566	15.336335	26.261332	26.591427	14.343527	18.841949	26.339699	10.136976	15.718186	14.805278	26.282787	24.887465	17.170457	22.788291	22.577907	19.399874	26.593353	7.166625	20.745155	23.524511	11.045031	26.465598	25.855188	17.529483	13.501827	18.268116	22.522635	24.750704	23.393061	9.022183	21.054554	19.735520	26.758470	20.634983	17.556674	26.161309	25.099123	23.181750	26.490157	17.246847	23.501645	15.593243	26.751031	13.060317	21.127063	12.992493	23.080701	22.132758	15.987989	11.003686	26.220541	26.273180	22.897929	16.760372	24.767089	18.606270	26.747441	15.050026	23.833755	7.162976	19.403171	25.940542	25.981029	26.664030	23.783441	23.598775	23.768616	26.632471	21.506859	18.274292	18.410732	23.418525	21.475242	17.231310	13.848634	22.986620	25.997491	25.948825	25.955620	20.310538	6.900202	25.633598	25.400418	26.718225	19.546157	24.200279	16.929901	9.896658	18.564097	21.701822	22.388332	19.355829	11.934968	18.227951	25.486096	25.414860	26.702694	21.501111	9.189863	23.566484	15.283126	11.393133	22.790202	23.442917	20.381659	25.088696	26.081899	25.535950	26.031242	24.115847	18.177561	25.391921	23.666710	14.727397	19.371842	26.307054	21.110074	23.929363	22.522382	24.773895	10.602996	23.684601	21.052119	9.770819	15.194159	14.166828	20.019607	19.177018	15.466875	24.584825	14.711315	21.758125	23.369245	0.000000	23.365870	26.585476	24.839510	26.107911
26.756787	22.478776	20.357252	25.984585	26.579089	25.220147	25.142846	23.131746	20.560987	22.837946	21.985543	25.885970	26.705272	10.550426	24.265900	13.492462	26.289771	25.657428	26.574483	25.440375	24.723481	26.126662	15.159360	26.399074	22.185865	12.711735	15.828596	23.682904	20.682194	24.086075	19.422720	14.360325	23.715076	25.770888	25.325125	23.197968	14.318903	25.464284	13.252288	22.467913	22.915477	12.800192	25.539643	13.467610	26.165321	25.846711	23.622905	25.236188	23.680629	26.498589	21.875805	21.041494	14.642941	15.834446	24.804513	15.831273	20.674195	21.466280	25.594257	18.265992	26.743957	24.907980	26.307631	25.659495	25.178542	23.181109	25.657587	24.413704	23.788728	24.905976	26.754133	20.568701	16.153514	24.052069	24.860709	24.454518	24.209422	11.340642	18.565866	22.667612	26.742897	25.268848	25.836873	12.116680	22.771468	21.211146	7.714464	9.868065	24.549338	9.061279	23.742411	26.350801	24.616358	26.056680	18.998342	22.209402	25.944019	24.861184	25.232502	20.575755	22.514721	26.015640	26.396906	24.152213	21.909447	23.289753	7.774093	22.159865	23.366629	26.398582	16.000271	16.675045	21.866182	26.154488	24.140178	9.158420	15.946890	23.527099	21.111301	24.915790	15.834275	22.610053	25.142031	25.382930	25.061106	18.032833	26.267553	21.001184	18.421186	22.692520	26.754624	14.076491	21.582930	26.294329	24.968701	12.533537	24.479125	21.172773	24.783849	13.141297	25.819685	26.546935	21.248787	26.437008	22.074018	24.672346	19.945874	9.215723	8.512834	23.219059	25.390525	8.120767	14.155349	25.759551	8.797424	14.572750	21.616010	23.320855	26.306292	25.706867	25.324405	24.154377	18.356931	15.324748	17.174080	23.085727	11.994786	15.445830	22.379865	19.734515	23.161009	20.223330	17.982786	9.052409	26.537201	14.137926	20.527398	21.288056	20.436930	26.400372	24.819459	26.442415	24.833751	23.594443	19.688045	22.022597	22.687476	20.753602	22.336060	26.001064	25.974478	9.577250	26.230957	26.403776	26.117431	19.385788	24.008096	23.473855	0.000000	24.813876	21.321442	23.447844
24.453543	15.925266	23.380503	22.720719	25.840293	17.351024	23.042700	16.601630	22.759392	21.770305	22.234027	15.580529	12.720560	18.076028	25.099854	24.763289	24.003616	23.097925	26.157660	20.547952	26.206615	24.453174	24.188314	24.486011	24.092606	15.649974	24.180949	13.893301	23.701332	21.980015	26.458453	24.244431	24.873366	14.066635	24.037110	23.131535	24.058819	23.653399	12.275540	11.439980	24.585471	26.597594	22.817352	24.997617	8.869673	15.365114	22.161992	26.342910	11.853085	16.295428	21.622407	25.664044	26.745622	19.964771	24.100757	20.051841	26.328202	20.880647	21.179269	21.671627	17.315534	22.923714	11.159991	23.829887	25.397092	26.608702	24.840481	17.008653	17.347621	26.710192	24.663095	14.199922	22.196620	26.359079	22.053462	23.715422	18.608158	25.586232	17.180353	12.971425	22.372286	25.406141	21.626461	17.933544	22.968725	16.183043	24.108461	23.482580	26.590273	26.746219	16.629606	24.885427	19.052929	14.875306	17.911472	25.545633	24.826983	9.214584	21.503893	22.110298	26.637993	20.814157	20.755618	19.007788	24.017034	26.651199	15.845634	15.299590	19.575203	26.300145	21.112764	24.359071	26.703878	13.293318	24.867989	18.184567	21.338695	24.141254	22.524496	26.354598	15.037174	25.514751	25.905872	26.011361	10.064871	25.439284	24.039529	26.281535	25.500931	26.651278	26.315413	23.818827	13.916511	11.341092	20.172736	20.424849	16.607381	21.422041	24.587943	25.319189	24.977621	17.713428	22.508623	26.330999	20.995468	16.604157	26.739157	13.744991	10.073313	8.496193	13.250102	17.066318	18.319915	23.046791	20.671062	26.529632	20.118622	24.172649	20.556081	22.845912	14.480712	24.758410	17.888070	25.006303	23.791642	10.710214	26.291784	25.544670	23.958533	26.190741	17.899337	15.152040	22.781526	23.415418	18.589506	25.647470	22.835091	17.058353	23.157485	21.466529	24.864425	25.680772	25.202732	23.094926	18.037438	24.365941	24.964711	24.555283	23.757398	21.415050	20.714978	26.397671	21.893992	26.204436	26.747358	26.285297	25.558933	25.816729	23.257411	0.000000	26.687137	26.588142
22.724851	24.503556	25.473015	24.009513	26.758848	25.572619	25.695606	25.305318	24.541744	22.858632	26.644841	26.743872	21.875486	25.569378	23.268518	26.701082	25.394600	13.644112	12.879731	22.543738	19.974831	20.486195	26.311127	24.866895	26.553893	24.543122	25.292807	24.678879	26.636239	17.337412	22.381047	26.104167	21.610629	19.780983	20.422494	8.990493	26.262502	21.714979	22.172439	23.850459	23.937168	18.992629	25.966613	23.923777	25.253241	24.561584	26.361024	24.569078	15.458387	26.417601	22.796017	12.735822	20.186706	26.561641	22.159548	17.482073	20.915038	24.963156	21.453563	25.472326	23.418301	23.000326	14.901453	20.421756	24.682743	17.665344	26.679895	21.884899	26.081981	20.001693	15.449802	10.604871	25.851021	21.794677	24.153316	11.008726	26.567465	24.804702	17.585966	13.040599	25.764039	9.090017	20.487466	25.102057	24.552094	22.441841	26.690579	19.026984	26.386309	25.754546	23.427298	24.789242	25.002618	24.541762	26.629577	17.420199	19.200978	14.434948	16.766261	25.226075	16.030276	22.118251	21.191601	23.871698	26.720410	26.294607	25.259232	21.968257	26.511267	16.043966	25.352336	18.576164	19.616183	26.759571	24.937132	26.043827	18.810580	26.070692	12.356872	19.431144	24.280618	25.023725	17.102087	25.426993	25.322819	26.608071	26.577170	21.063902	17.242328	24.739795	24.992453	23.260456	19.514038	24.487655	26.605783	16.964706	25.926922	25.282169	24.106814	23.510433	23.654024	11.566688	19.532168	26.537504	19.116458	22.217858	14.064955	24.331713	10.704800	24.206942	26.198799	22.642509	17.767783	25.035511	22.476652	17.837940	22.138239	19.230133	25.608675	24.451883	24.758778	23.954672	21.185038	24.894510	24.604678	23.965799	26.014503	26.233223	10.789204	24.402265	19.338393	23.948690	23.658767	18.222639	26.658591	20.369267	12.243219	21.687466	19.349084	14.655676	20.876308	20.941892	26.634640	22.568522	22.435589	17.766627	25.684191	26.519030	23.848281	17.968947	26.336927	14.017171	23.661329	18.940316	25.173533	9.034023	19.437750	25.869498	23.831686	25.742954	0.000000	18.170761
21.873135	24.701189	24.211222	26.656567	21.873858	22.821843	22.713550	11.265157	26.652546	18.406965	24.760182	13.693568	22.731232	12.498487	24.352150	23.350787	14.696127	11.105200	26.285256	13.585375	22.221489	18.651199	23.867370	18.801239	26.694857	25.564309	14.368374	13.570405	16.149471	21.096387	11.402620	14.069727	24.844357	25.993292	17.961337	22.341866	25.833633	25.908077	13.192665	19.953039	20.663831	26.626641	16.136227	21.809106	21.396230	25.435729	22.935094	26.568292	12.828005	23.390073	23.965220	17.241985	9.568542	26.271320	26.471281	11.891630	23.362228	23.410561	18.918450	25.182193	14.353351	26.509469	20.052317	17.925610	21.324424	23.242948	19.436939	26.569823	19.534591	11.879310	23.336298	22.062958	26.375175	21.512909	21.410684	22.616330	19.663738	20.576298	17.833413	20.308901	22.417278	10.353071	24.208055	22.822051	11.896386	22.344722	21.620357	16.417718	15.355668	17.286027	12.239653	25.641355	25.894297	26.456985	23.054573	25.642414	22.650374	16.266208	9.082364	15.551894	26.265172	22.871884	25.731732	21.617555	25.547336	25.502809	22.953995	22.269504	25.894896	21.700687	15.583557	20.091547	11.946034	18.640019	24.595117	23.094943	25.576005	18.745957	17.675047	21.338588	24.789877	26.723105	13.748971	25.052267	19.324258	21.956143	23.169509	11.906486	26.736424	18.533394	24.506417	19.751877	18.571407	20.194802	18.552812	17.173565	17.229808	21.344096	24.686323	23.188602	21.173181	26.488246	26.217608	16.821496	21.991078	14.526321	24.772837	25.754044	25.092565	21.044055	21.347747	25.878031	14.648408	17.848729	26.356705	19.946887	15.441173	25.609903	15.996264	25.460186	11.922298	24.628851	25.374327	20.418799	18.343015	13.353799	26.654802	13.651346	24.697707	21.463259	24.427480	26.424921	23.476658	26.674411	25.746613	21.971530	13.403178	26.680320	18.078920	25.599496	23.977797	22.262402	25.521195	25.775900	16.218005	26.222074	18.151181	22.945552	26.552930	25.360080	26.343762	10.367047	26.602170	15.050638	24.473480	22.123889	16.837121	26.681288	24.305508	11.336591	26.147218	0.000000
