0.000000	20.053634	20.247442	12.990506	19.163592	20.002871	19.004779	19.568046	18.524374	16.815325	15.772821	18.943951	17.520911	17.690656	16.532604	18.617280	16.787478	17.675890	20.365854	18.860054	13.251887	17.683000	13.670141	18.602442	11.933531	17.980117	19.686292	14.807929	14.153179	17.122047	19.658019	12.578826	20.218645	18.816844	19.253676	16.473409	19.990098	7.560222	16.750301	18.802484	19.436068	13.264129	17.775658	19.589988	16.809826	5.889294	13.713908	17.177094	14.177947	10.708625	17.344563	12.592107	20.009024	16.434239	19.708798	20.202115	8.623919	7.841791	5.075582	16.394593	18.780867	19.360365	15.267777	18.376984	12.641945	17.349695	16.198513	19.140964	12.675924	11.472262	17.769122	18.976151	18.144494	13.235283	12.418258	19.627283	20.360693	18.025342	17.870727	9.183228	12.962413	11.863000	15.629240	18.537836	18.137563	13.559619	18.680458	20.251894	19.199458	17.257031	16.360629	18.518471	20.338308	17.488629	13.818047	18.412054	16.786392	19.662737	18.770212	20.200368	17.228948	19.479483	15.148537	8.881440	16.847856	17.126182	8.712425	12.925351	16.532017	19.098177	9.269340	20.054903	18.287250	20.167559	18.980214	18.328066	20.342711	17.909468	19.021328	20.408021	11.387544	19.172229	14.105436	16.891151	14.966599	15.425581	20.169956	19.767919	17.604780	13.777756	18.356372	11.619952	20.164574	16.869485	19.585096	17.571393	14.762371	18.905793	20.313322	15.283293	16.590424	14.128319	19.599086	16.301951	19.009208	16.771980	16.636323	19.887009	14.154566	12.893837	15.722512	14.296230
19.556409	0.000000	19.474019	16.135006	11.854195	16.482361	19.938898	16.929226	16.498590	14.108361	14.732510	19.348624	11.344895	14.983302	20.153506	19.291683	17.878507	20.210218	10.607440	18.640105	19.715628	13.965619	18.054174	19.060374	19.920917	15.073791	16.434565	18.635469	17.081220	10.271232	19.837544	20.161454	15.611196	18.750486	8.117521	19.938397	15.929409	20.288125	19.741904	19.577038	16.767622	16.442579	10.850071	19.794121	19.776174	17.857849	19.899784	19.286400	15.017493	11.766336	10.542107	17.164250	19.753456	14.013047	17.300982	16.666849	17.380354	15.780679	14.657100	7.832405	12.735174	16.438913	18.643290	18.768010	10.870398	17.638081	19.734576	20.027993	20.269098	17.502555	6.723662	17.839199	20.458314	13.849119	15.827377	16.743196	17.709371	7.455691	20.448897	13.717916	9.542294	17.055390	16.970757	17.813874	12.937331	18.630056	20.369423	17.466239	9.398428	8.903470	11.427872	16.820309	19.216655	19.752798	15.466847	12.949831	17.085169	12.191428	18.569947	12.126761	20.182345	15.833524	19.917183	18.881221	17.284999	19.990926	17.251536	15.783558	9.177838	20.261015	4.570553	20.304505	19.995702	12.084800	19.851611	20.181143	17.952929	9.524856	15.634901	16.884971	20.355824	13.832595	20.429359	18.462172	16.328131	19.680863	11.756040	14.608871	15.568130	20.175465	16.547728	19.977616	16.013734	12.698430	13.076273	18.647807	20.111411	18.001527	12.096598	8.668943	18.164737	9.290543	17.012328	14.166395	15.588068	14.550694	17.335303	17.785340	18.643949	19.758078	17.973791	12.219079
17.134825	19.794983	0.000000	15.546650	18.625885	10.371548	18.186000	20.471454	18.629305	17.489883	15.510055	8.569857	20.265437	18.105510	15.610517	15.225101	19.693716	19.794126	18.313634	16.269135	18.294520	19.548835	19.870098	18.112145	16.614573	5.654240	16.809418	13.092941	14.090858	18.909356	12.085761	16.443367	17.148388	13.155756	19.377661	20.419780	18.441251	19.797147	20.217294	19.555420	11.268177	10.400947	17.961395	12.500812	19.367132	14.741170	8.652071	12.375210	18.509495	14.251773	20.012553	9.769562	17.568791	19.499921	15.042009	12.968938	19.634013	19.101601	11.412159	18.989351	19.026508	14.331456	16.267189	19.736288	19.996743	13.922175	20.177665	9.261018	12.574546	13.076035	18.800270	15.059533	20.255436	19.533938	19.362897	18.962144	18.832324	18.491723	16.408490	19.710892	19.409655	14.988648	18.521695	18.971861	18.324194	19.429616	12.212515	17.227753	18.588977	17.224206	19.597312	16.278789	6.962727	16.811889	16.940473	20.231767	17.681103	14.451124	7.750446	16.841153	20.387894	18.719015	14.713660	20.196393	18.380175	14.705492	18.582530	17.448920	16.338638	20.420341	20.246777	18.556298	19.910734	13.706795	10.064210	9.423523	16.714088	19.601910	13.157652	19.229144	8.077593	19.635675	12.064182	14.502864	18.832196	17.484446	19.640002	13.069902	16.371182	14.126157	12.733359	20.357994	18.766002	20.444004	20.418702	19.100989	19.004682	12.907816	14.779614	18.028450	20.352914	19.767180	7.866746	18.096580	17.273646	16.533222	18.727234	13.160752	20.436166	16.717802	7.712285	13.342451
15.935698	20.039180	19.157963	0.000000	19.620663	11.777874	13.451215	18.284590	16.697887	10.444221	8.334178	10.604135	20.456938	19.892845	19.968358	11.897345	10.855024	15.643136	14.206290	11.527898	20.391051	19.462700	18.636345	20.225301	20.262251	20.150145	19.538257	18.201559	11.282640	13.049037	11.924947	18.850808	18.561516	17.050457	18.220875	16.653700	19.336066	8.283411	19.107193	20.205589	16.771347	15.908326	14.064458	18.211539	20.362061	17.090504	16.744282	18.649883	19.710844	19.955571	15.538995	20.453509	20.230121	11.728397	8.041688	18.346183	14.067443	14.526204	11.979311	20.175857	15.705990	14.287622	19.317145	16.925933	17.890596	20.051628	15.972519	8.281452	11.701694	13.190895	11.406687	19.983415	18.610783	19.442228	19.724628	20.449725	10.852863	18.738673	11.253185	19.403932	18.948814	13.846961	16.727878	20.268483	15.703890	18.965786	14.031602	17.364208	15.256034	19.278370	17.615293	14.440260	15.824427	19.649623	16.664529	19.177680	19.932705	9.829974	9.837235	16.197924	18.077196	20.114880	12.195912	16.226911	19.166657	16.068201	17.482596	13.886648	19.335775	19.137942	17.194344	20.354793	9.806452	6.005622	16.165491	19.432740	16.801178	14.061451	19.143236	13.870914	20.344777	17.158998	20.009827	20.388811	20.206172	10.561031	18.913849	13.720857	6.004681	20.171208	19.964441	20.423864	20.346501	19.996981	20.428449	9.575665	15.984162	19.836466	13.166518	12.853527	19.092637	20.146387	20.413196	9.633464	17.341142	17.776520	12.855072	7.467985	19.419990	19.155673	13.100198	10.890732
18.800682	9.525445	19.252384	10.165942	0.000000	13.162766	14.549503	20.302972	20.202604	12.001166	18.369703	18.315637	19.781522	20.256457	20.372861	15.133970	16.022490	10.541015	15.592607	10.315389	13.116697	15.978698	19.258654	18.140658	11.565905	20.313239	18.464904	16.009674	16.722946	17.951737	19.023424	20.474006	14.880471	19.554124	14.983926	7.374221	13.483388	19.120139	19.623738	18.486092	18.734554	9.199062	16.171006	19.951984	18.689652	20.406528	19.749769	11.814579	17.703823	16.847991	17.818211	19.634385	16.332276	19.304811	20.354470	14.873111	18.517568	15.339421	18.925652	18.038424	16.425710	12.481991	13.445527	19.829704	15.607500	18.598965	10.536006	19.015283	10.886228	19.520964	19.896516	15.929681	13.456842	14.429275	14.343179	19.309096	16.748082	16.611379	20.402415	6.910004	20.344879	16.802024	20.227614	13.006485	19.117215	16.412810	18.611412	18.692403	19.205389	19.307166	20.385801	18.803877	19.565072	19.741361	18.700809	13.659309	19.480414	14.484044	19.897808	18.718002	18.180559	17.536610	19.343794	18.028682	9.813445	17.877966	14.771561	18.505418	11.333876	18.041156	20.350574	16.707277	15.181716	10.511063	5.680866	19.203563	17.471132	15.404435	20.032092	14.544686	20.464250	19.005045	20.379263	10.589147	18.986208	16.471844	12.986435	7.219869	12.959899	10.781361	16.869343	14.173869	18.879023	18.624318	17.975526	18.666053	19.346251	13.993709	20.393547	16.332747	9.246585	6.380783	19.815480	15.481242	16.766854	11.229102	17.646271	20.463950	20.175381	17.627966	7.026666	6.158667
20.195962	16.424814	17.702495	14.803686	15.632437	0.000000	19.003570	11.920219	13.134548	10.940610	18.191836	16.783529	19.670739	13.637885	15.450387	16.962876	19.133597	15.113210	13.795764	14.452159	15.998484	18.626754	12.559903	6.503849	16.675948	16.510737	18.117194	19.871031	17.374046	8.794069	10.777594	19.226733	5.899895	15.519094	16.144530	19.883992	19.870293	7.217848	17.699875	18.845336	19.201922	20.181018	18.363705	18.726574	20.286168	19.358490	18.783615	17.596019	19.628876	9.667181	20.292260	19.260268	8.025392	18.294248	16.922389	19.937287	19.650866	7.503022	14.254407	18.655330	12.127491	20.415510	11.493135	13.138425	15.500411	20.445788	15.714422	11.088475	14.881848	10.120044	16.578661	16.806544	12.251361	15.667228	14.972400	17.680661	19.996410	8.736732	6.995514	10.538626	7.051000	19.946925	18.978486	15.948614	16.238662	20.442356	10.871189	14.949934	13.321797	14.729134	13.511606	18.355984	16.601606	20.442577	12.601775	19.233816	20.034501	19.560518	19.419361	11.921986	20.026231	19.914407	7.824214	6.637122	16.536742	14.969521	20.241430	19.248221	16.547011	14.942988	18.594238	15.703440	18.711842	12.517514	15.613556	16.309579	17.823008	15.273354	20.372468	15.900626	10.806770	16.185396	16.647966	8.946122	18.667074	20.231085	13.431951	20.121187	18.261706	15.945004	15.909146	19.222482	10.231059	15.406267	6.614967	20.364185	9.270755	16.644146	20.426111	19.102536	18.942475	14.173046	18.449446	12.323217	16.653494	18.099602	17.004559	15.083050	13.156246	19.667338	16.596456	7.236872
19.641370	15.319375	16.328971	19.180331	9.863781	18.130517	0.000000	18.230762	16.864139	20.142528	16.705880	20.065490	20.379018	17.084119	16.941916	20.373723	16.897773	19.438549	16.546140	14.885115	16.160887	19.291164	15.284704	14.981239	18.887857	15.486988	12.243783	14.892181	20.409296	8.982379	15.139552	18.836022	11.240437	11.942904	17.544236	19.682243	6.145310	17.159705	20.318597	19.085899	20.124791	16.747971	10.712066	11.968172	13.833023	18.126766	7.314348	10.215670	12.100544	17.690865	11.417393	18.745182	11.493588	19.362096	14.620211	20.030754	13.156144	16.778594	6.465102	14.450359	17.733121	16.526529	14.918895	20.054122	20.090622	16.037681	13.330646	20.110182	18.214734	19.485874	16.077618	18.858593	19.752032	8.601471	10.077455	19.663364	13.923090	19.524366	17.435284	18.352594	11.770915	18.851754	4.934156	19.931798	19.758008	18.593963	18.597177	16.068167	19.195791	20.143609	20.176987	13.019628	13.993144	20.324737	19.778574	9.917232	11.148540	19.803625	13.937207	16.147412	17.117639	18.527987	20.168050	16.267249	16.061867	18.109413	16.404384	13.507938	19.683936	16.142064	13.310673	20.060869	19.821766	18.735096	16.360813	20.468422	16.604761	19.044590	19.787750	19.631997	8.688840	14.020799	16.054006	20.116943	9.716358	18.905497	17.527218	20.367140	16.521803	15.097168	8.864124	18.492621	20.360588	16.058552	20.255369	17.790499	14.077649	19.147965	20.207262	19.728993	19.104575	16.440950	13.250150	17.206312	14.681647	9.536180	18.966248	16.185999	10.048378	19.726444	17.974852	18.658257
14.390118	20.235869	20.020837	14.481379	17.093427	17.046335	20.129989	0.000000	11.012335	13.019536	9.852898	20.471751	20.452508	12.984027	18.821042	18.477542	14.837182	18.187064	20.121732	15.239850	12.639777	17.001918	19.921746	12.933756	19.614933	14.159321	17.300363	20.415576	14.939765	16.973685	9.628922	20.419902	20.276260	15.174997	10.746867	16.079000	18.797346	16.885078	19.490898	15.747888	15.676509	20.421827	18.219936	18.912314	9.158111	19.234033	13.125471	15.293018	9.815116	11.808418	13.751087	18.910322	18.426320	17.407366	17.682463	15.678240	20.168716	17.498265	19.655559	16.690949	17.218600	17.728886	19.270678	19.382944	15.540253	16.705341	15.752617	17.004821	16.693700	19.932754	19.529332	17.097960	16.384278	19.609863	19.891400	13.264360	6.440318	19.123369	13.485102	11.313812	18.603124	17.326596	20.368851	16.736479	18.507115	11.102306	15.233308	10.188241	17.936470	16.026088	19.249494	12.983647	15.662095	20.247262	17.652666	18.981886	7.161213	13.861819	13.024591	16.423895	19.925539	20.364518	19.113765	15.202963	19.187450	15.571857	17.745845	19.887930	15.079841	12.820621	12.940825	15.787842	19.553220	13.754982	14.413138	14.304026	20.040448	19.053544	11.135716	15.585020	20.135241	12.302844	7.251576	17.169966	18.297185	20.211166	18.818590	12.345804	19.825346	18.637129	15.901442	18.239117	16.846729	19.644351	9.268419	13.398078	20.456065	14.610954	19.682920	16.344018	19.044793	18.300249	17.425177	19.706808	20.232288	20.260646	10.541915	13.919467	19.173631	18.754694	19.963229	17.951411
12.262561	16.576528	16.879276	17.383892	13.760033	20.050768	12.694582	18.075853	0.000000	18.797250	15.823755	20.140371	10.941526	19.886058	17.329282	14.959104	11.442466	18.460278	14.701592	17.011042	13.614970	7.822003	17.351283	14.295025	13.407208	17.999835	15.139297	20.013961	16.072651	17.467909	11.154161	19.526788	14.366444	11.506812	8.605743	18.716281	19.739538	11.784446	15.997040	18.798125	19.120433	15.895303	19.479205	19.875776	18.133617	19.901034	20.296082	19.876755	18.293026	17.368557	18.917512	12.460859	20.348390	18.375744	14.685040	12.366239	20.006587	19.161801	19.858660	20.162043	16.311621	13.692056	17.082485	19.418626	16.303265	18.100670	20.190457	15.915199	17.696749	18.195967	18.123295	16.317491	15.431222	9.837701	19.027094	8.613809	17.384745	15.442030	10.293906	15.334953	18.907590	16.785956	16.760202	18.879817	20.127248	19.846750	19.394270	18.127040	15.713933	15.763510	18.176194	11.144205	20.295756	14.697892	19.242143	8.486571	12.898339	6.323102	19.940386	15.021450	15.716283	20.028566	18.269812	11.600609	19.373605	8.825835	15.899125	17.243831	20.240857	17.894743	12.633405	19.733852	14.419007	19.130190	18.387840	6.470197	15.274990	20.340829	20.198628	10.871610	18.554152	15.248226	16.974339	20.107567	18.154799	15.690449	14.993016	12.894832	18.945773	16.217764	15.400930	19.751281	14.146995	12.799805	17.129038	10.855653	10.102463	12.087056	20.449268	16.519478	19.611304	20.223612	13.528298	14.890744	16.962036	18.336744	20.313045	16.661259	12.532835	19.581574	11.783702	20.177180
15.327716	10.795966	18.437935	20.061914	15.437792	20.050978	17.891507	20.285494	18.755968	0.000000	13.734237	18.979571	19.332765	17.739145	19.318858	18.330812	19.458411	13.140700	14.902103	19.388736	8.132854	17.306200	20.316508	16.404005	19.231686	20.043092	17.485867	18.096338	9.397245	18.814973	17.966050	19.996373	19.882229	11.731464	15.026647	15.636274	19.302838	11.895717	18.289416	9.908122	9.092201	19.857364	15.046779	15.647102	13.772353	20.334207	20.166765	15.150351	7.696631	17.456161	20.093329	14.473447	16.803199	16.700542	18.234473	16.222314	18.899143	15.932781	19.472960	11.194744	16.113688	19.037550	17.736988	11.731175	18.143265	18.342346	15.922165	14.549458	14.763799	16.494603	15.375622	19.309630	18.239589	5.937826	19.969844	17.477786	11.277514	19.167098	19.553702	19.833762	20.451770	15.612212	20.115086	9.210845	14.449450	18.677881	10.046521	18.581025	19.233257	19.462616	5.641250	18.081374	18.615522	18.585901	19.073231	19.802298	17.281435	19.043640	8.854667	13.483486	11.127523	19.034286	19.675565	18.866905	19.020656	13.545528	9.033294	9.056978	17.548171	13.387602	19.143681	11.490475	19.947037	13.639469	14.511459	20.307410	8.622558	19.030654	18.282439	19.929395	9.282370	19.623522	14.628387	13.259830	13.992674	14.136636	13.675548	13.796449	19.948943	18.442495	18.676441	15.973614	9.906679	18.565629	17.854529	15.935695	18.753920	16.176808	16.620656	19.713320	17.096432	17.276587	16.172086	12.364826	20.122070	16.067138	18.567246	16.778226	17.191931	19.428779	19.787051	6.785367
12.650921	18.279473	19.069422	17.128984	20.201009	12.903065	12.539291	20.472069	18.606517	20.478590	0.000000	20.474426	14.820845	18.007113	16.377606	20.135361	19.329606	20.319347	18.671473	16.908973	19.699297	19.147256	20.047893	14.222463	11.677965	19.453000	20.371516	20.478530	19.980223	11.541883	16.484230	19.554806	17.729945	14.898651	16.793258	17.519212	19.831546	15.580735	8.202768	18.309195	17.001851	18.181099	9.772357	14.583431	19.611076	19.767101	17.074331	13.661792	16.743858	14.852618	19.619700	15.038945	20.378710	17.720187	17.789378	15.681421	20.450326	13.284275	18.293354	13.337017	19.139360	20.057921	20.004755	20.289455	15.939089	16.478968	18.536324	12.427214	12.817960	17.892000	12.508528	17.887101	9.464586	10.664034	17.906861	20.027977	13.234440	15.701004	19.067133	16.960348	8.243471	13.518005	18.805928	19.613359	18.402039	20.082749	17.237117	15.146647	20.340948	19.523137	17.534671	14.672996	17.733619	18.444108	15.957376	17.101195	17.579894	9.777118	12.730446	19.197444	9.967963	17.993749	14.159958	18.138535	18.670827	16.137799	18.756921	18.116190	19.107859	19.856183	13.779960	10.415554	7.505034	18.959068	14.970987	20.185449	12.544120	19.642687	18.827201	18.779787	19.535564	13.635798	10.470829	19.393261	16.373120	13.568354	10.573571	15.520488	18.628610	13.867769	15.642130	18.215895	9.758759	17.412702	19.579172	14.303759	15.233522	19.891490	19.006731	20.184084	20.184804	5.804591	20.393365	20.135239	20.316843	15.206142	19.623353	17.776800	7.874196	17.745679	18.918132	7.369929
13.642213	14.982026	20.210319	17.571785	11.275045	16.307806	18.773827	14.448754	16.420703	18.020826	15.295042	0.000000	9.195240	17.579095	14.185881	19.677865	19.571161	12.961641	12.385168	16.002862	9.537818	17.252419	19.447947	11.620318	19.562666	13.357205	15.364323	5.679361	17.359175	13.162769	20.335680	18.140566	18.562906	20.038627	12.303754	18.178374	8.236565	9.547508	15.158959	16.345630	19.904576	9.075782	19.470508	19.548745	20.094336	17.716921	17.024404	20.179712	16.922632	20.268500	17.704784	10.868616	14.659053	18.287057	19.407466	19.139779	16.507163	14.084212	18.946560	13.943370	19.501024	11.491408	17.169325	19.822384	10.150409	19.836726	19.825368	20.157278	17.607291	19.852525	6.169400	19.565238	18.595051	19.315326	12.561458	18.477157	17.914734	13.752530	20.086508	15.890456	9.523459	18.124866	19.016458	15.421197	14.322572	15.776959	19.724946	19.478488	17.877167	11.473262	15.832090	9.830112	15.085627	20.443726	13.022796	19.265944	14.790675	17.916806	14.829185	12.385526	10.114116	20.272293	13.967966	14.758953	16.036197	18.640252	15.955821	13.822171	10.554184	14.203678	17.861564	17.332706	15.305521	10.873638	17.036383	18.320859	20.211329	17.576476	19.017670	12.644011	16.747652	20.156627	20.426002	14.033787	7.346204	15.429751	18.526753	19.564817	6.267476	19.728142	13.764305	19.436721	18.218718	19.993752	12.254316	16.831353	19.601492	18.549396	20.062490	18.965030	19.804782	18.368868	17.907750	20.251542	7.567714	20.395358	17.528813	15.947967	15.480241	13.829617	17.620511	18.637900
14.571656	18.887233	10.595711	20.226402	13.290956	10.301052	18.726244	18.974613	14.883605	8.860014	12.159204	18.419023	0.000000	19.818399	13.493178	19.710013	10.410114	12.672906	20.294234	16.301459	11.825454	15.301851	20.275287	20.144772	13.967848	19.554754	19.966207	15.757177	20.290552	12.588241	18.241931	20.342482	17.533966	15.805361	17.473691	20.380198	17.041638	15.925053	20.396851	14.533005	9.457690	18.170783	19.172540	14.666717	9.970973	19.461033	14.511178	17.331468	13.198356	18.125268	16.782376	6.632527	13.110814	16.201825	19.913161	19.762173	19.257515	12.055864	17.229803	20.395405	18.868446	17.159410	17.481789	11.058177	17.295803	15.331895	9.290523	18.691606	18.528662	19.729254	13.577863	19.752605	17.046196	6.269244	19.157082	20.457866	14.601027	20.476732	6.397148	19.400190	12.535742	18.362432	13.879489	20.253785	19.903210	20.455461	18.279968	20.124229	18.605390	11.744690	18.270399	16.158238	18.180064	10.580889	17.965135	19.341739	7.716529	20.147043	7.598193	19.779237	14.132553	20.217932	13.185107	18.793041	18.337445	19.357326	20.354663	15.679753	7.761897	20.101666	19.856068	12.357077	14.448879	9.385735	19.464226	18.622536	13.771378	11.487945	8.548183	20.299956	17.250411	17.498505	17.309463	17.158432	13.720884	17.516418	19.131253	16.919921	16.110946	18.622351	12.644734	7.365979	16.328228	14.535075	18.003985	20.406758	18.551817	18.150258	14.099865	19.034493	17.784301	17.641389	20.266979	19.044399	12.500711	11.717003	13.501941	11.130920	14.955153	16.482488	20.218636	19.756864
19.869271	20.126787	18.731345	10.779496	20.245702	16.594353	19.963976	20.081840	18.249976	18.473464	19.522676	9.082013	16.696091	0.000000	20.089279	10.314384	20.319888	19.097902	17.783166	18.644308	17.263070	13.784188	19.224419	19.702474	18.016127	18.554930	18.748224	13.499848	19.360208	17.778877	20.275645	18.861316	17.398443	19.995794	20.366831	12.432704	19.367403	19.894291	19.780864	20.366414	18.988427	19.858071	11.819922	19.781765	17.247169	7.779320	17.601106	19.607750	12.914801	19.413543	13.742051	12.493624	17.249967	20.387455	18.424091	17.332664	16.370891	20.378686	20.045694	17.599050	18.241990	9.330455	17.064307	18.305608	20.391082	19.639758	15.378512	16.247315	18.741134	15.461495	18.082929	14.011839	9.449600	20.060404	18.006672	19.722195	15.716193	15.260268	14.351428	16.315327	16.820340	16.570006	20.386346	18.919751	10.997007	10.448910	18.840888	17.545543	10.531941	17.565595	17.880736	15.538725	9.650410	6.075188	15.929780	19.359887	20.289115	20.126142	16.239367	18.745334	16.497669	17.671715	12.777936	15.429065	19.483591	18.632788	16.953282	17.127986	16.616450	16.108853	18.828807	17.816847	16.505535	12.678049	17.440129	20.464497	19.150763	15.672684	16.911293	12.806103	19.532982	18.004612	15.604198	13.471934	13.760942	12.442949	19.118066	10.122824	20.165626	15.742255	19.084700	20.313942	8.834532	18.648108	15.839751	11.986366	16.105612	7.119906	11.675051	14.359522	17.934629	18.515858	19.140658	15.814356	17.624184	17.107976	11.127458	13.427714	18.378115	17.098621	15.252871	10.843049
16.376926	14.461294	17.385947	19.529377	20.203090	16.475836	18.485197	13.682015	16.553728	18.197772	19.231362	19.891995	8.394277	19.924001	0.000000	19.558878	20.418016	13.072569	19.537272	15.029787	17.693128	14.895881	16.899387	20.152633	17.977608	18.798341	15.140492	19.982362	17.433901	18.365819	10.833507	10.136408	12.411374	8.955326	19.650413	13.861230	17.644026	16.192880	20.403180	9.030321	20.035076	19.754771	16.438321	16.699761	20.155657	14.152684	19.692801	19.305964	19.346430	16.474425	14.764548	17.369207	13.082167	8.027459	20.279293	12.576017	15.149500	18.235375	13.132053	16.232394	8.505203	15.788755	11.933155	11.203947	7.208119	15.256083	16.060569	17.272804	13.967793	16.291053	19.363708	8.859674	17.122626	15.497829	9.129072	18.892024	19.297988	14.704756	16.601997	19.995000	19.428440	12.603177	14.712606	19.735923	20.155471	19.181531	19.840696	16.400902	10.576015	16.274644	12.236236	18.647111	20.410590	8.565631	12.171332	12.578896	14.530577	12.024590	13.351677	19.915759	20.100359	9.004820	9.895354	18.497937	19.501665	14.853475	15.238562	8.082012	9.738076	20.154573	12.269419	8.405695	19.539323	17.028248	19.429877	14.587232	19.762648	18.146695	12.381004	18.439062	12.776150	18.831617	18.074522	19.515670	11.719830	18.596598	13.690175	19.150932	15.111389	15.733733	11.053712	10.465631	16.938045	19.849970	19.730775	19.926885	20.381129	12.895871	17.776238	13.035310	19.045564	14.871013	19.127132	19.956071	18.633933	20.098704	17.946273	15.316480	16.760436	19.672737	16.747493	6.817054
15.732009	16.109814	12.995670	13.120384	16.446422	5.280285	19.557781	14.632822	19.604850	20.268116	15.872158	20.048516	19.979341	19.217878	19.236915	0.000000	19.138164	19.106944	18.822737	14.142251	17.571856	12.269820	19.240469	18.608672	18.235250	17.449444	19.632842	18.911365	17.901952	16.978730	19.816428	8.670888	8.443285	12.224937	19.963939	20.179171	8.754846	18.429284	19.449076	18.054912	20.148744	14.744108	16.814305	17.083436	14.760212	15.624534	19.111765	7.899018	14.401326	17.350356	16.482668	12.462820	20.334992	20.229717	18.126974	18.928005	16.627406	19.981713	8.815890	11.570814	19.330367	13.680442	15.306555	12.638495	19.675692	19.116232	16.293822	19.744383	9.637296	18.018207	13.918943	12.756534	16.642149	20.372774	16.225349	18.584208	13.357350	19.981264	12.109890	7.919427	19.739584	20.440168	19.745935	15.407068	14.749061	20.244849	18.871913	19.361166	19.718046	13.144911	13.378332	7.884243	12.766921	16.230498	10.702016	15.569218	12.749033	17.866825	20.237587	12.074663	10.616302	19.505313	19.812920	20.289183	20.416901	17.540443	20.237011	12.230547	16.972056	17.828787	19.026295	20.344936	20.120252	17.170980	19.132173	16.609658	16.490432	16.959418	13.553066	20.308855	19.373198	19.898512	14.342984	18.057190	17.456480	13.741208	17.670328	12.703582	19.304011	18.477334	15.830940	19.769468	20.158250	19.567294	20.265720	17.929075	20.307441	7.155743	15.150320	15.287045	18.934145	18.828359	8.661894	17.182719	7.573847	14.949361	20.177299	11.498294	18.808142	16.134714	17.273365	16.737392
17.987868	20.324492	13.473870	14.682469	9.417387	19.859335	19.568384	16.421540	20.122887	8.777528	16.953589	18.785633	17.554470	18.369156	15.436536	11.731728	0.000000	18.235306	19.783068	19.880446	16.599159	10.693992	20.438992	19.216903	10.818758	20.061678	15.484102	13.559711	18.352030	17.253805	17.613095	19.980626	18.602217	17.560841	20.408119	19.080806	19.070965	16.441378	14.453970	11.564937	20.465013	13.942610	18.091759	18.933072	19.272815	17.152018	18.299182	18.974901	19.252537	17.391146	17.675250	11.955329	20.354842	20.210838	17.464863	20.437157	18.870305	11.020153	15.082255	19.502824	16.500843	18.881457	19.869010	12.147240	17.363124	19.539914	18.934530	14.139516	16.772740	19.431439	9.927771	19.905410	13.676187	16.629282	16.955619	16.085005	13.072557	18.192688	19.640142	14.697363	17.780882	19.497480	16.760996	11.640541	13.174389	15.325565	17.519070	12.556712	13.810659	14.912065	14.874140	19.838829	14.440745	20.325996	20.399959	20.379520	16.693226	18.797645	16.844571	14.221842	18.847415	18.231438	15.726254	17.652267	19.576222	19.921711	13.320765	14.290445	11.813846	19.966901	14.610165	18.822611	16.410658	6.209576	14.930490	18.664211	16.039584	13.759922	7.615600	15.349928	6.786410	20.284336	17.343352	18.608274	13.410838	13.783634	17.082194	19.335822	17.256541	17.198451	15.091813	20.404298	20.140884	19.038500	15.676534	18.556295	18.719806	15.274318	9.492762	18.438975	12.368814	19.146295	11.298851	20.422140	15.600503	19.125777	18.625256	19.005540	10.893960	11.573216	17.997545	18.851303
9.233408	20.415255	18.001724	17.917500	17.235193	20.142190	15.157816	15.326429	20.317205	19.726645	14.763109	14.366486	19.283455	18.024470	16.944651	17.513989	19.340407	0.000000	19.932946	18.828632	19.199786	20.065041	15.087766	18.968606	18.335061	17.547869	17.766669	20.436701	16.642157	8.176641	12.525105	18.966350	19.549959	12.718655	20.393610	19.899047	11.351053	17.084919	19.543859	16.550311	16.587823	18.421750	19.747199	20.027788	5.450554	15.035826	17.070627	19.456504	19.753189	16.349142	19.515907	15.650899	13.237708	14.544591	11.211889	19.026966	17.299370	7.998886	7.959670	12.373928	19.981488	17.775091	19.622653	12.651974	9.326978	18.858660	10.239403	18.590787	17.910248	10.866484	19.434573	18.642033	19.266955	14.145532	10.416197	17.444786	10.284712	16.758614	10.948075	18.338435	8.334367	11.435152	18.254574	19.907824	19.161659	11.034071	18.960123	11.288900	8.082363	19.636350	17.868151	20.274510	20.441143	18.193131	12.440322	19.709500	18.150412	19.318738	5.619742	19.900776	19.545808	19.376287	18.375801	19.534863	19.888565	18.540284	17.420915	15.875069	17.413129	15.499577	14.458827	20.464103	19.365666	16.002278	15.779004	20.478249	7.983357	19.838487	6.308901	12.151040	12.908852	19.696703	14.331678	15.621206	18.154908	18.550896	19.291718	13.006395	19.238375	16.714674	20.442258	8.053413	18.054424	12.539812	19.720541	19.565556	8.603300	16.682415	16.261316	11.020003	19.316871	17.345328	19.233675	16.817703	19.563173	19.218467	16.141992	17.410230	15.938614	19.304182	15.249994	18.711800
6.719704	20.275840	13.584892	16.647607	15.072902	18.486367	14.327037	13.480762	9.978267	20.455295	12.970004	19.336183	20.306099	18.654809	17.081639	9.708431	19.676561	16.983462	0.000000	18.825892	14.182024	16.014568	19.063449	18.148988	19.400857	17.316028	12.056589	18.937306	13.561991	12.993538	20.198816	17.696054	15.452857	11.859954	15.668997	20.375082	17.801942	19.872214	13.970262	20.413679	19.997518	14.876343	19.268917	17.984940	19.075697	12.179295	18.315813	15.940633	19.487714	9.413340	18.971404	20.251813	20.410272	18.852212	20.286058	17.878676	18.164893	19.308618	19.013627	19.569094	18.285775	11.588518	19.931699	18.496838	9.424891	16.232672	12.980283	17.920626	13.533227	11.372090	19.606033	18.983247	18.152056	20.338822	17.136302	20.454879	15.272805	20.286230	20.148238	20.474994	15.111807	15.207956	14.152525	19.486214	18.614630	18.155034	16.539996	18.684612	20.080705	17.404629	18.666006	18.727388	18.055811	19.687829	14.175387	17.530620	20.175232	14.366949	13.114011	20.327923	14.480954	9.169720	19.967082	17.551976	19.142533	12.339471	20.255997	11.876791	10.038580	15.808396	7.481533	15.419312	18.348928	20.346318	17.935871	7.281569	14.900338	15.650710	15.405705	19.723678	19.173536	20.080688	20.281122	20.074279	19.825633	20.092504	17.848920	20.479109	20.050541	19.088286	19.758803	19.896701	20.291424	19.042436	16.884061	19.991912	14.542625	18.185217	12.925298	16.287845	18.115169	17.993986	20.408448	14.701311	15.535357	11.644828	19.180456	5.908178	13.788870	16.413315	12.226457	18.815530
17.275441	13.657608	17.007971	5.942835	20.364996	18.033127	19.669623	17.294125	18.779061	20.444744	18.593069	16.043694	6.256405	20.335250	13.256563	16.679937	16.001812	19.050633	19.288828	0.000000	9.557259	18.820989	19.437255	19.768740	11.483100	19.998069	19.311364	15.516269	19.689345	8.848050	12.624883	13.591954	14.360102	18.229242	20.178618	18.883387	11.063587	17.777905	13.986398	17.275928	13.999735	18.820839	18.140358	16.436192	16.478920	15.342373	18.765415	11.807066	19.799096	15.039285	17.945888	17.763862	11.099620	15.716569	14.868257	14.196217	20.349742	15.095324	18.637746	14.406951	13.197921	12.281209	19.393799	20.401218	15.185783	14.278352	15.524813	12.117572	19.587037	17.826703	14.588951	8.695972	18.746628	19.565907	19.469067	12.610702	11.122178	18.635564	11.435031	15.872987	17.194048	8.224822	11.018740	9.305628	11.487223	16.698854	17.596874	13.830143	15.386386	20.423314	16.216622	15.116036	15.378570	8.231967	20.371567	17.014082	19.170052	8.750903	8.799434	12.857524	20.142314	19.981908	16.427235	18.284709	7.097803	12.204617	20.352113	20.452816	18.329680	11.887980	11.209410	19.469182	20.335855	19.849992	18.091583	20.338064	14.295878	15.892827	20.336446	19.737819	20.208519	9.385004	9.862219	9.727634	15.385132	12.783346	16.768781	14.274174	8.383069	18.595884	19.435408	20.129973	17.713645	11.312290	18.022202	19.462282	18.033837	15.061197	20.033458	20.440757	16.288981	9.851798	13.129653	19.465684	13.049463	18.690448	16.568741	10.711895	20.141158	20.061817	18.965309	7.174363
14.820037	18.584411	17.474714	10.422379	20.043907	14.534966	11.741819	19.125421	15.746315	10.895203	8.206545	12.581788	14.831768	18.884894	15.316415	16.988309	19.231857	16.162338	17.694048	17.150075	0.000000	18.762203	15.773792	19.930520	19.568056	13.739697	17.383771	20.447798	18.217316	20.342436	15.611368	14.819199	20.299496	18.718445	18.648739	18.582633	20.388617	9.771744	13.671108	8.673137	15.495629	12.697133	17.299036	6.466721	14.716642	16.368451	20.422730	17.218280	20.120998	20.227144	20.437087	20.206514	12.571924	17.439003	8.897975	9.872957	17.501779	19.259699	15.264104	19.866272	14.994136	17.780579	20.271539	8.171805	17.513007	9.438933	19.556653	20.376545	13.753612	7.765356	19.722744	17.521994	15.661839	20.106478	14.022456	17.280029	12.689562	17.754124	20.417459	15.633323	10.121297	7.732618	19.173276	16.357316	19.751694	20.339069	12.789713	16.402069	19.536991	14.530566	11.785772	13.237015	20.049830	13.212546	18.210220	18.994789	16.229792	17.075267	20.299388	14.498621	15.686612	18.648182	19.585182	17.924746	19.204618	8.080552	18.763467	19.088685	20.136108	18.031670	19.788634	17.998973	15.960964	5.980098	15.153255	20.444668	14.123665	8.605717	13.801665	16.100447	15.299523	19.821883	20.397818	14.092278	14.379455	19.239346	18.080880	17.661140	19.903941	20.274483	14.002799	8.832153	20.461465	13.111408	18.453381	18.044447	17.597850	19.748539	19.722725	19.800571	17.363620	17.131846	19.088602	13.096083	20.327323	6.616606	12.073193	9.871096	20.255455	14.815116	18.375729	19.485415
15.114024	18.926957	18.873760	16.903802	17.166382	19.373062	14.509556	19.131000	17.773443	7.836194	18.260285	9.649077	19.695963	19.997345	20.341487	8.879954	18.533015	14.063168	8.036855	20.057900	5.749817	0.000000	18.992920	20.469527	13.496403	9.861798	17.447940	18.680476	8.427287	15.371762	18.673568	10.221657	10.111451	10.181197	12.090271	17.848088	20.448414	16.102869	7.215663	6.513419	16.634435	12.445934	19.544018	19.361195	19.360229	10.737419	20.458212	19.538058	9.735460	19.323339	14.271892	10.755892	15.162834	12.424328	17.693912	13.753518	19.489937	20.475897	18.959936	8.216346	15.604201	9.461987	15.679443	8.150772	18.667817	15.212920	11.744934	20.022147	12.992335	10.208917	20.343972	16.249009	20.405790	19.901351	14.722951	12.056516	18.971806	16.841368	18.227119	12.019322	20.140052	20.446908	19.672984	19.913344	10.230852	18.207290	19.422517	19.917193	16.665398	11.793890	17.625179	17.705386	18.657244	7.891544	17.818064	17.791020	15.949403	10.439903	12.346305	10.883664	19.904772	19.186603	17.514635	10.868544	20.353603	13.146613	12.439289	18.155904	12.517035	20.229767	10.636157	20.322858	15.612549	13.261156	6.068559	17.932698	19.534892	17.454331	19.893642	20.276875	18.265564	19.222247	19.691150	12.067433	20.217221	13.957506	13.367503	17.287008	19.508481	19.486834	20.454878	20.035701	18.387998	8.306396	19.067994	14.165209	11.841871	16.895904	20.262726	17.553642	14.678473	18.668689	19.175954	17.745043	20.360637	17.645418	20.044240	16.295932	17.888362	12.240368	19.362702	18.364254
17.953453	16.811391	7.184958	11.106400	17.045407	12.474626	20.135336	16.020636	19.722038	19.225954	16.416841	13.450223	13.382699	6.649453	20.394701	18.878608	12.154236	20.415033	15.023323	19.351673	6.775952	18.302395	0.000000	18.074371	15.338253	18.177973	18.756224	10.274666	5.770648	8.300270	17.914134	18.848273	10.035785	14.106832	17.739231	20.405415	5.978619	6.173909	20.474752	11.025682	19.384647	13.767514	12.156977	18.565710	8.716001	13.799994	11.294723	11.182222	14.882020	7.322396	19.690414	16.088985	18.432858	8.034739	20.220002	17.806311	17.269347	20.177876	20.444177	19.327952	7.461374	17.530661	8.226517	18.692492	18.762433	8.975482	19.305699	16.295985	15.168021	19.597216	13.613317	9.194936	20.448115	12.990552	19.147997	16.582423	16.711029	20.223495	11.850997	19.429092	19.253053	12.428354	19.407914	17.999833	19.615234	19.803982	17.107316	18.472916	16.746289	8.625977	19.665576	20.457585	19.126083	20.084083	20.274561	14.535941	16.367889	18.043590	11.182194	13.439427	12.570449	15.213103	20.353229	19.761070	20.187821	17.901692	18.555876	18.937034	18.314244	10.286273	15.993274	17.883479	14.977712	17.950595	16.285555	13.577167	19.238965	12.837776	19.960803	18.551752	12.677052	20.201206	20.212491	20.310513	9.474734	8.816337	20.355070	17.592120	19.236515	16.698849	20.449629	17.662891	17.746899	17.312729	14.175969	15.896068	14.409328	14.525345	20.157566	16.080240	7.939933	17.185531	12.630994	16.611562	17.252598	19.138883	18.361012	18.505543	19.659622	20.477057	18.779850	20.351589
19.791936	19.502946	15.902558	9.216797	20.061845	19.299238	16.302522	19.616072	20.461486	14.656768	14.365900	16.003894	13.846495	14.511810	11.049645	18.860426	16.388552	18.256857	13.863976	19.364486	14.072826	19.600170	19.155524	0.000000	17.185755	13.941816	12.480726	18.622288	17.368643	19.935103	10.291656	20.243630	7.695842	14.187301	7.751041	18.887082	11.149589	16.363305	17.577181	19.306058	19.346471	7.745675	19.436245	12.774667	14.566430	14.401443	15.056485	20.187975	15.736973	19.261023	19.943407	15.862207	19.140455	16.264962	14.295447	18.421448	15.294032	9.814669	19.982791	18.974207	18.571971	14.607888	17.288175	14.360528	19.870337	17.805408	20.236912	16.055084	13.552765	14.570775	18.667080	17.942233	18.934686	14.506400	19.536127	20.139152	20.100698	18.434322	7.020675	18.511398	16.541209	7.263087	18.935306	18.717803	16.180554	19.618327	17.869879	18.610404	13.582275	11.798051	14.242225	12.150725	20.472856	17.814590	19.787692	16.727243	18.295580	10.882562	20.065895	9.886926	20.453893	19.798468	19.926371	17.300983	11.133981	12.304912	20.424729	16.324537	10.634994	19.662898	18.576959	18.550810	10.533104	14.504293	19.909775	8.140285	8.425659	13.552327	19.372235	17.561420	19.038404	20.418816	13.326886	12.720486	15.258958	17.474848	12.625870	12.137773	16.673827	17.866080	8.211282	15.224414	17.067032	19.878758	18.512590	15.299631	16.772738	16.326062	20.085822	20.080452	19.843541	20.273952	15.965871	10.135318	18.662910	20.430526	16.871006	18.513233	10.386812	19.947721	19.304939	16.686110
15.719783	20.412071	5.890806	20.274772	15.205275	16.137807	17.064526	20.370383	20.075032	18.865725	18.523385	19.348783	19.951483	6.490368	8.838745	20.040169	12.616709	19.418411	6.340685	20.125763	19.874734	19.382420	15.726171	17.716277	0.000000	20.417688	18.763079	18.251243	18.817753	20.003793	14.372487	20.314098	19.254573	16.240634	19.753935	14.839292	17.608025	15.970473	12.506084	20.218276	17.222759	17.715545	20.314740	19.890380	16.895605	18.634838	10.904358	19.910516	19.225468	16.071579	17.501784	20.388942	18.241239	17.616724	20.154675	8.964670	18.335452	19.674501	15.537553	20.338702	13.446051	20.327419	10.254204	20.332002	19.841074	16.562043	19.911645	18.383920	19.715043	7.522470	19.247034	13.586266	16.635509	18.985535	16.360406	19.115268	18.973686	18.753820	20.275588	15.907623	18.304345	19.145035	19.595776	15.513578	18.593918	20.055071	11.129331	12.329620	19.919002	20.060818	18.361379	14.712522	13.242731	16.685959	11.027761	11.508124	17.919053	17.749051	17.938063	15.774321	13.234369	14.934235	16.852874	19.368100	17.296896	20.193042	18.625934	10.793162	19.917555	15.293792	16.809568	17.110888	11.786518	8.916105	17.091308	17.991122	14.607176	17.112944	20.158845	12.748777	18.633536	20.298555	17.370589	19.713415	12.131511	15.609919	8.137899	19.726409	17.846589	19.442160	18.075761	19.355120	12.883839	20.452589	20.456429	8.902897	15.503742	13.798565	19.804236	16.730553	17.651026	16.875551	9.318539	6.816858	17.966295	18.613536	19.851033	8.272596	19.778364	17.991228	15.352453	20.138629
20.081311	8.411033	16.223853	13.277837	20.042999	13.129600	9.883329	18.510076	18.435715	15.218526	19.786785	19.827884	19.009668	20.320978	17.292747	14.650251	18.127473	17.425163	18.417115	18.645190	17.960256	14.113007	17.193787	20.397620	20.048326	0.000000	19.768584	20.372189	19.894909	14.777379	11.812241	15.006093	19.690994	19.242432	19.172533	18.284416	19.207455	20.068723	15.837753	19.301439	10.579498	20.439887	18.174175	16.397673	17.388809	20.016252	19.769802	18.527052	8.906517	8.424823	19.537982	19.716728	19.388302	19.395962	8.380328	12.976010	12.482741	16.536466	17.146959	18.601936	12.702864	11.267855	15.660260	15.711598	19.564284	17.025430	18.637577	18.741329	15.904188	12.790120	20.435554	15.858668	20.108451	19.549389	12.154472	19.170404	8.662872	19.262361	17.336355	18.975180	19.318469	18.924186	20.121172	20.310548	20.462068	17.836676	16.795698	20.470755	17.965973	12.777428	17.151027	16.543832	12.030942	17.453181	18.525103	20.365834	9.070773	19.930243	18.242414	17.473691	14.033832	7.417514	18.619135	10.282530	19.815718	17.362486	13.221251	19.111119	8.074715	17.262620	20.355516	10.646234	14.823240	20.459066	13.492130	19.382448	15.502186	13.349172	20.071615	17.536639	19.181167	19.780706	18.240495	19.660626	17.313781	17.767470	20.194615	19.412052	15.933031	15.987788	7.868939	17.424915	20.115804	18.462397	20.043949	14.622928	13.089164	19.276218	11.904896	15.183514	18.480636	14.757637	16.822660	12.851419	13.868327	4.683891	15.449397	14.869889	18.890244	20.477571	15.614878	18.760197
13.890667	11.449815	17.543937	13.248096	10.869835	15.189228	16.932132	16.585697	12.297744	14.848766	8.611272	16.688444	13.215451	8.353590	16.133772	18.382135	17.183302	20.445723	12.271050	14.098094	20.443055	16.049514	20.174353	16.102792	17.619606	19.267629	0.000000	19.222186	13.184626	4.424320	5.427951	17.264222	19.685163	12.950724	16.384514	18.553460	18.320199	20.251242	18.796017	15.481309	19.634472	11.555473	16.136732	17.598509	15.831042	19.420652	16.992758	13.165856	10.878904	19.719535	19.581666	20.468659	19.368545	17.608444	13.845727	14.443662	19.971321	19.062390	20.315817	20.258624	20.401975	20.427700	18.297937	19.609993	19.506730	20.015510	6.846892	17.576795	12.414464	18.931403	19.446930	19.725881	16.078533	18.702292	19.910820	18.165477	16.514212	19.411877	19.189881	17.419410	18.443574	20.447135	19.683657	20.003169	12.542415	13.080224	15.199332	20.323496	13.385047	15.691317	19.718440	20.383232	17.573136	19.658149	14.256730	18.864327	16.016342	20.087909	14.949543	14.025945	18.205965	6.322339	18.741103	18.514464	20.139201	19.972292	19.107526	18.933445	20.368616	6.968687	19.271726	20.166073	18.586406	15.655878	19.595965	19.923174	19.933469	10.492606	20.461240	19.370002	18.969570	15.428257	10.827180	18.989635	15.819634	14.671948	19.186779	18.483425	19.543659	19.627216	20.016387	17.312903	18.864351	8.498552	20.051399	18.255809	10.319752	18.323017	19.569451	10.723663	14.960552	15.529568	17.424034	13.968825	14.846098	11.089073	17.912166	19.344320	19.929054	19.428274	17.428579	18.847589
19.256648	20.320167	16.394467	17.960041	16.611701	19.446420	20.041903	19.632996	19.204694	13.919184	15.013785	16.549889	12.920608	17.540996	20.157720	17.635273	9.032797	15.662051	14.590935	6.207055	10.006795	7.064968	15.242314	17.357449	18.707492	15.699229	18.958433	0.000000	14.988672	18.079642	19.627735	20.200021	17.467699	18.362240	19.784885	18.655702	13.722567	20.273696	7.487690	18.880356	20.154743	6.829432	20.021216	17.999735	15.338537	7.115718	20.281610	19.795243	13.427457	16.289119	19.825987	12.084402	11.260053	16.511547	4.861802	15.781975	8.135821	17.096766	11.071701	15.757196	17.541006	17.089348	18.900207	15.244681	11.505507	13.941577	13.515659	19.829294	17.253413	16.591536	18.709351	11.178898	20.065142	15.973935	14.340084	18.330343	15.450840	14.786170	18.410518	17.737717	18.407879	20.193764	18.770112	20.434338	14.181456	16.866784	11.449568	12.086043	17.404205	5.415145	13.442674	19.282775	4.716332	18.832192	19.198261	20.260146	16.392363	20.068035	15.319753	12.776203	7.601207	19.604946	20.224702	20.227183	13.164932	19.799573	17.825371	19.853503	18.694364	14.299873	9.305015	19.142152	17.774904	16.961692	15.388719	18.878876	13.828836	20.391287	16.307172	11.204515	14.912778	15.792520	7.342569	20.428799	20.270348	13.469705	14.011753	7.563492	18.970257	20.278083	14.624719	18.298816	20.456105	18.053715	9.576170	14.098411	18.665971	16.737448	20.451371	19.776960	19.752174	14.141589	16.494344	18.167128	17.129809	14.197266	19.460109	19.393412	14.587662	14.940605	14.902861	13.480173
17.144176	18.131549	10.929350	17.714601	11.905240	17.450315	19.261316	17.175420	15.988778	13.223652	6.802107	19.681962	19.688595	19.756658	11.836378	14.936897	17.569924	14.610260	16.692453	19.376721	11.313936	18.639450	9.678475	20.478517	17.791720	15.645996	18.962198	19.494827	0.000000	19.971392	18.508537	18.867945	19.969535	18.014376	19.279367	20.260280	8.331110	9.641128	15.281308	20.249629	13.054579	16.292213	16.226171	20.275616	19.074444	18.257354	20.088076	20.159585	18.595589	18.303642	12.670714	14.881898	18.558900	12.703691	20.462737	20.389385	18.627939	19.441821	16.034865	19.548053	17.546119	19.296529	20.453134	14.401275	18.268807	12.035955	11.406188	16.107325	15.991790	19.454180	20.451121	19.824640	19.968871	13.424704	14.545521	16.154149	13.483420	7.207582	18.271804	15.221986	13.577962	15.787359	18.460920	7.630637	16.997907	17.456354	15.860733	18.428933	10.981714	19.653672	15.723787	17.509317	20.023611	17.501883	18.057524	16.574928	20.063445	16.157727	15.412892	16.432631	20.320819	20.170429	19.634488	8.974999	15.869907	18.134594	18.368432	18.567220	17.806260	18.772088	20.001081	15.484922	15.346790	16.214793	16.177460	19.508568	15.169292	15.393808	15.218118	19.954160	20.352564	9.514267	19.349092	18.439362	17.044553	12.307769	19.766894	12.679948	17.620645	19.272555	19.877387	16.390323	12.772082	15.591749	14.671759	19.853520	18.308379	16.610569	17.385234	19.405144	19.696373	11.464748	18.904126	18.917805	17.737444	18.865664	10.870470	11.200531	8.095957	16.167977	19.847050	20.372872
11.736176	18.469750	18.202094	20.065852	16.550959	17.492214	19.157501	18.012057	19.467756	20.353326	16.279606	18.396795	12.883035	6.748671	19.149637	11.186983	14.282728	7.911243	19.373371	19.576868	14.201223	18.013996	18.613151	11.879881	14.348767	12.290349	15.424880	17.594881	16.106296	0.000000	19.159844	20.323572	19.542271	13.893027	19.899273	13.420771	16.758357	13.882571	13.382550	19.051290	20.372504	17.904151	15.305760	20.472317	13.699663	17.591502	20.213452	14.196151	18.821421	19.211485	20.449919	20.476145	18.280718	12.616568	19.477612	18.627300	20.467872	17.555256	14.167060	16.462803	14.140214	19.863807	10.289054	15.708164	19.802436	19.605138	16.277635	13.125901	18.023181	11.198227	18.260206	12.467067	19.603116	6.894927	18.411798	14.484304	20.412985	16.152252	6.030491	16.846059	19.063708	12.096470	15.836251	20.063877	9.921057	19.489294	20.438172	7.828230	20.352691	14.690083	12.408927	17.059822	9.607058	12.476817	8.456203	9.062433	18.358733	15.495614	15.343533	11.819141	19.969359	10.420200	19.888668	17.265896	19.661161	18.841907	14.639498	20.306574	18.067673	16.741064	20.235925	16.536295	17.094974	9.969515	17.589545	13.803247	17.309625	9.966126	20.297491	20.163491	20.306360	19.572644	17.941591	17.555109	18.160957	16.671020	18.747374	17.534475	19.786675	15.645321	16.714491	15.765739	17.020969	10.770843	9.846339	13.349302	12.691836	5.634127	19.721416	12.497881	18.527371	11.092289	19.641184	19.934876	18.506713	18.592838	19.151691	20.283058	15.621810	19.023150	20.459043	9.178225
16.947517	10.023477	17.724269	17.980524	19.267589	16.377762	10.681205	18.462185	19.945146	20.261038	17.859440	16.209973	15.260520	16.859546	14.413418	20.334940	20.373089	17.476670	8.798962	20.459610	19.005777	19.249911	18.453667	20.461045	15.927900	19.941204	5.624480	14.245943	13.640120	13.795688	0.000000	8.830864	17.917736	15.439839	17.802234	12.962344	18.314583	19.850284	18.708366	16.462367	10.789024	15.425168	18.076846	16.425405	18.951828	19.726544	18.402854	20.470825	14.795472	12.505492	17.544743	19.393016	20.130074	11.178095	18.180035	20.448740	13.350783	12.658697	13.240435	14.743624	19.742715	17.993700	17.922914	14.627851	15.425282	18.452670	17.071839	13.358442	16.703319	9.006235	11.702964	19.834537	15.360351	18.450058	12.810014	13.678400	16.698919	15.988333	17.374540	18.141098	12.066573	12.538944	19.879651	18.171620	18.556560	19.059902	19.146981	15.504656	19.561776	14.689318	16.091014	18.331664	10.636189	16.216723	18.911990	20.032446	16.047204	18.149308	8.926481	14.236907	20.267314	16.414318	14.581367	15.492427	19.295397	9.971636	7.775799	11.335100	16.604407	13.752945	16.605957	19.708206	19.277441	20.134007	19.026425	16.690509	16.559166	20.304733	15.885683	18.344850	14.611422	12.503885	20.199992	17.524540	12.031585	17.647218	19.088908	20.444241	20.361175	19.027990	12.057030	8.770105	16.592477	18.096081	18.441179	16.172532	13.307976	13.034385	19.544327	20.402017	18.480226	16.009059	12.224634	9.874291	16.612648	15.499867	9.573770	15.895131	14.114326	17.513619	20.455840	20.322709
20.365587	15.569702	13.273509	19.344377	19.044412	18.539932	15.472420	11.659370	11.272715	19.745474	17.165485	19.386221	12.951437	16.020951	20.315291	17.802772	20.005287	10.630643	20.016703	16.934672	8.536515	18.568145	9.602925	16.651479	16.240523	10.220169	11.356170	12.584970	19.701161	15.321559	7.897506	0.000000	13.768455	18.216415	14.583555	9.404628	18.486317	19.702595	17.596776	9.949414	17.885580	20.430097	12.766621	17.623894	17.575544	12.377115	11.196716	19.643137	20.285092	18.889520	18.118859	20.018713	19.848868	20.469309	14.816780	11.746794	19.069754	16.568436	19.643704	20.301228	19.998221	19.491252	13.754075	20.054762	20.230733	13.497948	14.903548	18.947153	12.969295	15.980514	17.130830	17.672924	16.473330	18.685229	13.678331	14.649783	19.326858	13.358662	14.109384	16.858746	19.551240	17.950660	20.269698	19.972156	17.005192	13.835940	19.868422	19.718930	15.447780	14.637123	20.475579	13.560167	20.172632	11.985638	9.952928	20.361423	7.705436	18.421607	18.883024	8.763941	16.449886	18.934448	19.149394	19.908097	14.962810	20.416751	13.617419	19.911127	13.226217	17.489709	16.764608	19.799315	18.346896	19.514397	15.481777	17.593180	11.493845	18.230045	14.830245	20.062747	18.686822	11.872059	7.969622	12.145510	19.259828	8.981864	14.070292	13.109279	19.593842	15.578724	20.322467	19.695203	16.315665	15.056404	12.200869	8.019418	17.419722	19.820983	17.992202	12.379627	19.614350	19.715889	20.298481	12.170726	8.748570	19.515692	17.879399	18.792745	12.241612	20.456959	19.960165	18.967727
12.082119	13.233659	12.100444	17.092556	17.831146	13.311460	11.611203	8.150912	20.155771	19.840489	7.427766	20.353930	15.494434	17.188448	20.325486	13.041299	17.989250	14.622540	19.611612	19.051804	20.032981	16.201647	15.502946	16.632328	20.146446	14.781166	19.821954	19.441746	20.230993	15.944958	19.852313	18.889059	0.000000	20.467225	14.660135	8.497270	14.031853	19.841440	18.018264	14.853827	17.937685	16.782109	15.595800	11.494677	17.016462	20.069493	19.441739	19.907541	20.369727	20.438079	8.562350	19.438114	19.605663	14.754199	6.834567	19.238139	15.414754	19.787434	13.583723	20.015499	15.974346	17.073128	17.776732	20.098885	13.793768	16.855601	20.347699	19.631575	20.412642	12.110613	12.540954	18.563363	8.435804	9.628322	12.017910	18.102440	19.175559	12.190671	13.013527	17.201306	10.770490	15.194966	20.454842	15.194814	9.568135	16.139944	19.080162	17.856822	14.024859	16.518808	13.659702	18.308511	15.133609	18.691150	20.125424	13.503359	14.777623	18.885205	19.552053	19.930653	17.893337	14.960258	19.301760	15.142689	16.543606	14.059977	11.084672	18.644399	12.220694	19.315087	15.784347	12.405771	10.624958	17.041815	16.529759	16.570149	19.288563	14.780581	19.048247	19.086816	8.123206	13.829692	19.831492	18.979898	18.519197	9.473380	20.195059	19.858291	18.598111	19.067921	7.776182	19.926202	19.053536	11.177310	15.432066	13.604903	19.211168	15.701050	17.315970	11.673989	15.163252	20.053132	18.585238	16.770980	18.883921	17.052327	8.104223	19.975776	11.400004	20.106711	18.404004	15.048705
20.478788	17.848408	17.097962	17.968873	18.992728	20.243170	16.939811	19.460506	11.041365	11.663473	15.095516	18.523595	19.363341	10.688520	14.392215	19.821615	19.545743	13.182158	19.726003	13.813022	20.451355	20.149269	13.576786	19.966994	17.134044	11.361796	19.283452	13.671899	8.020823	18.339725	16.736327	13.491146	19.464429	0.000000	20.442358	20.326539	20.479746	19.245486	13.689123	18.375091	19.787187	10.803095	15.957744	16.676983	13.201154	20.005754	14.098514	17.901112	19.324362	16.360662	16.747022	18.598332	19.393582	19.752443	18.372228	11.636337	18.330905	18.264507	5.388140	10.498377	13.241089	19.963321	19.102217	13.926257	19.276215	20.479953	19.416256	19.926166	11.761588	19.000098	18.423950	18.989652	19.257366	20.185279	19.163518	20.354030	19.877932	14.349323	11.784746	7.714088	16.319237	17.114816	16.963134	14.626026	19.109300	18.965558	15.075964	14.405155	17.453770	20.445979	19.130848	19.703242	18.022770	16.728840	20.463562	16.459756	20.128030	18.165678	20.445846	15.641171	17.386530	19.777985	11.042289	17.215274	19.261095	20.386326	11.683583	15.356751	17.563383	18.683490	17.623277	17.523278	20.245911	15.451483	18.826294	14.933837	17.811907	18.172163	19.953109	19.908623	12.167898	17.177357	16.689820	13.169520	19.010352	19.789450	16.317993	19.734860	19.799420	13.590396	11.284188	16.406457	20.120391	12.938251	18.273005	20.193325	19.099639	18.988815	14.286287	20.169623	9.147900	15.937153	14.304262	19.682041	19.683875	17.526977	17.264264	10.147265	14.433578	10.924028	6.709269	17.781040
17.439260	20.165927	18.297564	17.199510	12.714109	17.867538	15.592142	13.002057	7.268823	10.090432	19.250958	20.466525	18.096768	5.468499	14.042176	15.952615	11.881717	19.485968	12.053193	12.088162	17.105634	13.016933	10.704371	17.659324	13.632191	19.035215	16.680086	20.305409	11.568746	11.536055	18.132309	20.386336	20.314352	16.932115	0.000000	13.602927	16.348633	19.223518	14.623734	13.702666	16.892722	15.291303	11.073899	13.875105	20.231967	20.000759	15.031258	18.307691	15.767462	20.310156	17.548616	20.389461	16.927745	15.925461	11.794408	19.189732	18.936682	18.418668	19.436060	20.159116	13.839889	16.829872	19.113116	19.719871	20.399262	20.457868	17.063592	13.435481	11.530174	18.804724	20.436857	13.289791	14.354502	13.660917	14.514267	18.040641	14.930417	19.654079	20.162888	16.037639	15.063908	17.829644	16.386834	8.949233	11.821414	20.444417	20.303269	15.587457	20.348205	19.549069	13.173116	16.436809	12.816808	19.487338	12.256633	20.043013	9.566186	16.861589	11.867550	17.890196	20.471111	19.616692	12.342323	17.738330	16.971675	11.779860	18.539200	12.880881	18.167030	19.487835	19.002286	13.067684	9.449121	19.723888	12.327535	18.663654	18.825970	11.114857	13.555839	17.453287	17.771413	19.217185	20.160531	15.502503	19.126600	20.299900	18.758688	15.826789	13.443444	17.473854	20.171559	19.763945	14.284174	20.439367	12.053767	20.148072	20.216220	19.394501	20.022258	16.896202	19.080201	15.718419	11.737829	19.700130	14.518926	13.601609	9.958628	13.688004	12.034049	20.372672	9.648125	17.945780
13.959350	15.507547	19.511735	18.305006	17.908163	8.789344	18.549893	16.038053	16.190522	13.523220	12.857850	17.711225	19.896440	16.472672	13.104454	16.843931	20.023592	19.645073	19.582277	19.303291	14.534088	9.852487	15.298067	18.792008	17.402860	13.173499	17.996236	12.689746	12.156025	15.207977	18.560728	20.105722	19.843827	19.751571	14.745885	0.000000	14.694931	19.031103	14.616976	18.947351	15.972659	18.594735	18.775295	20.091764	16.868046	12.929566	16.632136	13.457062	5.001906	11.063796	17.933619	9.995245	19.454042	19.221580	20.392357	16.689270	19.873390	19.866192	20.000384	18.339499	12.302789	19.937049	13.361344	12.374739	20.146936	17.190407	19.801663	11.166133	18.874256	15.317112	19.414498	19.980990	10.744283	19.125376	15.786802	17.502357	20.200743	19.752026	9.499101	20.222041	19.928067	18.977873	18.322472	19.649384	16.318807	17.863677	12.366459	19.910747	15.973458	18.867417	17.319414	7.559906	13.217746	19.824473	20.441850	18.020491	18.562545	11.159160	17.883583	16.829602	14.715528	14.644149	11.196948	19.004017	13.357362	15.782519	17.256210	10.416836	20.277038	20.202968	10.748350	13.296067	11.978269	19.626167	17.766822	18.223944	19.831731	16.006656	17.080168	18.725996	18.372105	18.748784	16.289737	13.671511	18.721952	10.267305	19.301098	7.660320	14.498448	13.696685	19.471909	20.057895	20.002482	8.218231	14.421303	20.402439	19.143865	7.142112	19.281246	7.679741	15.319689	14.753089	8.594248	10.978455	17.621631	12.354437	10.998992	19.371964	18.418670	18.815383	19.032101	11.007993
17.225083	20.444141	18.361242	17.188205	20.369657	11.846911	18.268687	18.723102	11.750948	20.215138	15.907637	16.496364	13.128766	17.074274	19.810574	18.077383	8.164528	20.050850	15.562269	12.646316	15.209469	13.858036	16.327670	13.546177	19.031602	17.019759	17.572111	11.431540	17.292156	17.939924	17.711740	18.548902	20.018865	18.073288	13.739573	9.660673	0.000000	20.133231	17.405530	14.494907	19.502305	19.589119	7.476088	12.522001	15.371367	15.232460	20.235866	14.918074	6.668840	7.267024	17.147424	18.407209	20.433127	14.531828	18.476212	13.457222	8.985518	19.087829	16.679400	19.530697	20.267771	10.944504	19.906452	8.707429	18.474763	18.698383	19.639954	19.963582	20.252194	17.541964	17.170075	18.402978	18.266037	19.762067	17.070708	17.266711	14.658279	17.761612	17.853352	20.412314	7.856626	17.773686	15.456762	16.897620	19.097618	20.209591	20.104022	20.204267	17.982267	20.470551	6.126535	19.481269	18.536218	16.555897	18.368741	19.551140	19.907807	18.551948	18.268147	18.483702	10.082284	19.332801	19.422118	20.359333	10.459740	15.915721	18.655709	13.043077	14.830598	12.312521	19.919456	19.503875	13.996011	19.327897	11.206023	15.797843	13.560222	17.903608	18.192145	14.890709	17.633532	20.124666	20.288300	13.977246	15.941274	19.756483	18.646880	19.656418	14.724083	8.259529	13.760428	20.300018	19.462197	12.405926	20.464847	19.991019	13.211066	16.773246	18.678812	20.219096	15.713653	16.784373	8.005380	16.550527	17.743004	19.428976	18.988310	20.274497	19.568307	16.833294	16.201519	13.058202
19.032652	18.141706	18.668175	18.473982	18.050117	11.855068	14.882015	17.199458	18.422803	16.962575	20.376864	20.408422	18.570649	11.812461	14.041074	20.090555	10.637188	15.994226	18.315998	19.390006	18.854338	18.437696	18.926226	17.277955	12.319762	13.397035	16.307733	14.677607	15.533349	18.025677	18.682333	20.066490	20.094827	19.244988	19.773638	18.955337	8.398976	0.000000	18.698438	16.084870	19.654917	19.983617	10.707727	12.663953	11.321237	20.101558	17.771838	16.958954	16.254100	18.887497	12.480292	13.146455	9.619969	19.180985	11.562064	20.453819	11.258963	19.584612	12.460066	15.932677	19.439402	18.866893	18.930231	16.823506	20.017466	18.688432	20.367467	19.215453	17.928668	10.154877	19.344803	15.721741	17.267169	17.967606	12.196741	15.360786	13.584252	20.050555	14.543342	18.892598	13.051481	19.707802	20.089519	11.928479	18.337118	19.833374	19.541457	17.643410	17.996597	13.348240	8.358898	20.402403	16.423185	15.088571	19.830099	13.831057	18.188842	18.766814	19.019126	20.073126	12.310803	17.521457	20.236143	13.576300	14.526561	19.879890	16.398798	15.503466	12.699521	12.516379	12.600113	19.543313	10.707957	12.671892	17.450446	11.785729	18.306467	14.825115	16.202463	14.980931	15.594130	19.874019	16.688668	16.789796	20.410651	19.753566	20.154202	7.047814	20.364542	17.402064	20.049638	18.014392	16.783973	15.133019	7.887769	15.951318	17.493986	20.355924	5.256728	19.172731	16.860619	20.349450	16.245283	18.235586	13.355775	12.187297	16.096399	9.974177	19.977971	12.111716	18.985486	11.530106
13.690041	15.744973	11.695515	16.467811	20.449874	11.218546	18.438909	6.772571	10.830090	19.045451	18.444139	19.907325	18.312376	18.461591	18.101971	14.387213	19.081213	20.219598	16.699131	18.134804	17.024774	5.551038	19.970408	14.280083	18.204552	17.516830	18.721581	20.450478	14.169584	8.536595	17.481430	19.360063	11.469946	19.002782	19.844810	18.204282	11.516037	17.689202	0.000000	4.575795	17.228449	10.243860	17.218737	17.430964	15.847169	17.029188	18.796497	8.376631	17.043397	19.475147	18.562551	10.926397	20.211308	13.676981	14.247757	7.589087	20.290959	20.236023	17.114008	15.012809	16.116123	20.391292	19.815702	11.522276	14.689163	13.900317	16.091034	18.768419	17.589787	15.510418	19.042973	15.801372	18.413655	17.020747	11.784125	19.337959	15.534575	20.316397	13.031238	18.550767	14.138920	19.296919	19.972441	18.047466	6.290768	9.677087	17.299535	16.807390	19.247758	14.469501	11.009232	9.732449	18.831260	18.253152	20.241208	20.116459	18.797416	9.843011	19.581764	13.515468	11.036463	17.686042	16.144282	17.303348	17.621347	5.251841	16.487549	14.927090	16.804612	19.568597	19.291194	20.065652	18.728782	16.724452	16.404301	15.913469	15.007201	5.041549	10.256321	20.231862	18.716916	12.664196	9.012010	12.344293	17.775552	16.698831	13.098332	13.179309	19.377925	19.211414	19.193637	19.533468	13.975428	9.411891	14.106608	9.187276	9.196309	18.963299	16.074154	18.425493	20.412613	14.647825	18.577958	13.803281	18.341614	7.461863	14.961181	19.925440	20.278178	20.178756	12.534771	13.198229
10.628015	14.613991	20.361362	19.741518	16.725623	11.818197	20.368282	13.705327	12.752645	11.162876	17.860592	17.857250	13.871284	18.605394	20.308555	19.259692	19.831169	10.346081	19.680642	17.588505	18.193582	19.386950	16.759482	13.341143	16.754373	19.277274	6.545807	20.018929	18.339837	12.593177	19.550247	9.469878	16.903683	19.713317	19.969618	17.021986	19.768884	20.063163	17.705403	0.000000	18.120481	9.543704	19.325736	19.544365	17.400624	16.940645	18.854294	9.212165	19.485734	10.985441	14.873422	19.059198	18.748340	13.328717	10.090736	11.461172	20.198191	19.739995	17.463311	19.200302	15.515043	17.552143	19.777274	20.440972	19.744917	20.126116	19.329432	11.110495	14.689639	14.971575	12.840532	13.330527	15.857695	9.481704	14.621903	19.806917	17.580192	11.791896	13.752560	10.318319	13.796417	11.475745	19.543975	17.750033	20.046230	18.172690	17.691510	18.506049	19.746196	16.484857	9.236653	18.974821	19.968469	18.600910	20.443028	8.893691	19.388846	17.014902	20.354652	16.626888	18.506617	17.138780	15.122220	16.514728	9.915702	12.580319	19.227057	17.665481	16.852424	16.054230	8.250531	10.603476	17.745342	17.390225	16.943467	18.880609	17.982273	13.304378	17.245706	19.670848	19.144689	13.665149	15.684170	10.588126	11.918807	14.466704	19.342695	9.067189	8.890025	9.788092	19.780529	7.608820	13.313377	15.255753	12.819659	17.954530	7.711757	19.260889	18.318871	18.577010	19.452140	20.462222	20.339414	15.530453	12.022113	10.945845	13.664793	15.332622	17.692670	17.891403	10.473785	19.510865
20.449611	15.290321	8.075180	15.484516	19.310242	19.814815	12.475557	19.085915	20.232842	20.306927	12.019876	11.341490	20.375703	10.201339	20.351813	20.159351	20.276156	18.925308	11.499985	17.658660	17.928850	19.534331	14.094625	20.251839	20.392702	19.430636	17.879657	15.409849	11.141675	18.283669	20.039076	19.527281	16.397780	19.439585	18.169953	18.616159	19.918550	17.311081	20.091013	20.273746	0.000000	18.501697	18.133378	18.573635	19.508709	16.477443	19.709980	14.864831	19.285882	16.291598	16.829798	20.216470	8.376136	15.700935	20.271010	19.378465	16.999752	19.839167	6.701870	16.595280	16.971979	16.260070	20.242083	20.271132	10.355296	15.444453	11.974179	15.990852	18.861828	12.606688	17.960497	8.506250	16.976884	17.390512	7.888800	12.504880	15.867555	20.040105	15.518883	4.547238	18.045945	19.658191	12.885090	10.050528	16.721015	18.562232	16.334756	12.568782	10.615035	11.019584	20.428320	19.418591	6.207176	11.459500	12.931116	14.060034	10.785076	17.634162	16.563268	12.178377	13.293082	19.670802	18.092070	20.442800	19.683002	18.310031	16.039576	7.690686	12.639485	19.404584	15.252098	6.184212	16.688977	15.146825	12.522900	13.466024	19.803481	20.427516	11.163808	18.311213	18.206597	13.018989	13.544978	17.757905	20.409952	10.377863	16.771072	16.355796	11.562694	19.328325	15.756430	5.519737	16.491311	19.247346	20.410293	14.785949	18.161777	19.804348	10.247674	8.183103	20.207495	16.329294	16.734434	15.289157	19.398242	14.371759	20.090891	11.810692	18.647985	17.267008	19.504524	18.119334
17.920476	14.034707	7.109615	20.312854	18.620695	20.339459	16.326837	17.843001	15.788992	13.953611	10.106076	20.223459	10.128897	18.109633	15.913281	16.462903	11.883403	19.508506	19.540490	18.611614	18.675544	17.499054	17.188454	10.878609	19.643237	20.479940	13.324168	18.184034	16.866550	18.102132	11.770708	19.263526	9.365334	20.139812	18.929387	20.300922	17.383916	13.521548	11.177350	17.475418	18.968071	0.000000	11.634814	18.542812	15.349988	20.277871	15.313484	12.584023	18.964958	12.337323	18.439203	9.899422	15.385769	19.728718	20.110793	20.460904	13.874169	18.073339	19.047772	19.917032	16.577465	17.218428	17.775825	16.703186	16.071109	15.924784	19.552033	20.190929	12.636878	9.403383	19.293505	20.357796	6.269992	20.149013	13.039372	10.497514	20.194524	18.065775	15.809626	18.809640	20.016335	18.596972	19.639279	9.814875	20.434298	17.685548	16.553614	11.902045	12.758909	17.122056	19.239160	9.770667	17.563685	18.758492	12.490222	15.038506	20.229999	16.644577	13.107753	15.845398	17.612179	18.875554	20.204541	10.576891	18.192198	15.463751	18.614654	19.688712	15.428020	18.072819	20.307439	20.467287	11.948765	9.783599	20.248785	20.058931	10.115525	19.708186	16.679434	20.016680	12.373297	19.220589	19.548069	11.991284	9.242349	18.863536	18.304958	20.257736	16.140412	18.632353	17.520848	19.918843	17.411907	9.350353	19.014574	12.050579	19.428101	11.458683	17.333366	9.577194	16.033507	20.213272	17.077714	19.409198	17.274913	18.603817	11.180808	18.688184	19.871885	16.571390	15.810657	14.697792
14.359277	14.466101	7.446360	14.810066	16.086399	18.922274	20.019828	11.420281	12.398900	10.614029	15.190063	14.370496	19.536965	20.436141	18.337590	19.325912	17.720469	19.127232	18.497478	19.588235	11.287564	19.860961	18.609391	19.089178	10.677193	19.792104	17.962491	8.307828	13.987161	18.494842	17.958617	18.824353	17.884121	9.244636	12.355125	19.955318	15.470948	16.267267	15.850868	17.404154	13.747432	18.689307	0.000000	15.196073	19.574815	16.904250	20.325350	12.177137	6.238177	17.035952	8.850845	17.089748	18.572092	16.023097	16.141744	17.772532	11.641065	16.373812	20.313425	20.337443	16.050413	7.270452	16.235952	18.361283	20.463227	17.833164	16.701020	17.014466	17.000912	18.240253	19.245835	18.663060	17.884718	15.917968	11.326461	20.462650	13.477758	19.702808	18.166754	19.530513	14.822780	20.356203	20.426589	9.187257	15.967933	20.410542	18.974379	19.958596	18.646956	15.694497	20.255745	13.087911	19.985772	19.941506	20.427878	12.203937	15.852649	20.265992	15.332017	16.949029	17.246843	19.169259	18.983013	16.911421	20.452814	13.969819	20.465887	16.051681	20.439110	19.679361	16.349257	19.882636	15.676693	19.560801	15.965333	16.944963	19.886038	16.130156	15.296778	15.657851	17.887777	17.699708	13.014332	7.160186	9.526540	20.060745	20.430605	20.401840	18.111480	19.328285	13.390991	18.184230	20.155332	12.524615	16.741208	20.028320	19.942423	18.566553	17.400412	18.571072	20.415996	13.831631	20.469997	9.185972	18.204292	19.816753	17.050128	19.194090	19.416492	19.539076	19.621101	13.173049
9.798954	18.376051	20.330666	17.651525	17.599968	17.381505	16.576760	13.022272	20.459025	16.000099	20.170030	14.079148	13.475324	8.228812	18.094563	17.250027	20.342673	20.319077	13.449228	9.516851	19.791019	19.732630	20.297558	14.961499	8.066296	13.801510	14.478828	20.288072	16.019534	19.123962	20.474558	20.346971	9.893626	18.036898	20.066572	10.539112	15.748926	18.319087	18.750982	14.290427	15.329225	16.005270	19.785249	0.000000	18.795724	14.916554	14.249080	16.834174	16.011757	19.905443	19.078474	17.379965	19.932902	16.700161	18.591399	20.120163	20.162974	18.247523	20.261081	19.525763	9.723056	5.735804	8.790603	16.944819	18.294309	14.515211	20.152946	17.845912	20.177670	13.636452	20.445943	16.028603	20.468414	20.131460	16.391329	20.389034	15.713921	19.988796	19.867875	19.253959	19.448788	16.881821	19.393681	11.748137	16.772554	9.727731	20.395375	19.426172	18.517938	12.487379	16.676664	20.475484	16.492204	19.697161	14.786479	18.397504	19.100699	19.562664	20.339606	17.084567	9.917496	16.193208	19.722477	19.858798	4.874043	19.805176	18.125190	19.398245	11.155492	20.439654	19.183906	20.199520	20.354507	20.098213	19.172553	17.632077	17.815486	12.516695	16.581578	17.561081	13.955979	10.514762	19.560427	19.251521	20.372979	16.826920	16.577618	14.994223	20.421404	11.469241	19.739135	8.922566	19.047809	9.692041	14.891860	7.981542	15.832351	12.264679	10.345556	16.575846	13.991997	18.161025	20.018429	19.086702	17.010016	18.887530	10.975950	19.090239	9.454810	17.296799	13.253314	10.295615
20.051123	19.825503	15.488255	17.475689	14.188020	20.154677	19.188157	19.283313	15.828048	19.804185	13.719261	12.495415	18.013384	20.469923	16.190427	18.398505	19.762317	13.466964	9.789325	20.375940	14.360643	16.433753	19.095224	11.895660	20.467702	14.757605	17.767572	13.900843	6.406340	18.486520	11.206939	13.189731	16.299240	14.102916	13.078335	13.760272	15.876645	20.091667	20.265030	13.497889	19.408773	18.935542	16.159633	18.286072	0.000000	17.654714	15.216133	20.105378	20.220668	18.855510	14.575598	11.141382	18.113731	16.270924	20.321021	17.565108	18.616063	13.370627	20.019279	9.125624	20.411325	14.434978	17.929764	17.884916	8.808099	15.381991	18.414355	16.093357	11.726611	19.561642	14.256984	20.019411	17.090986	20.159445	15.421390	19.101033	19.084147	16.593757	9.051168	16.488068	14.837770	6.066449	9.810377	17.048025	14.701702	12.115972	14.887419	16.902346	20.322202	18.726310	16.780794	19.632596	19.821035	18.030913	16.980924	20.120807	20.148479	15.420463	19.421515	11.697991	16.151422	20.364350	14.571676	9.703563	10.467825	16.494976	19.278094	17.812119	19.164026	18.339512	20.253057	18.053583	19.659062	20.469590	18.834639	19.935766	16.101728	19.045296	10.006900	15.123443	11.170696	20.403479	16.875329	13.157843	18.227742	19.485955	8.630731	20.007062	17.542585	17.387186	19.857879	10.105684	14.846940	8.311300	20.231216	16.359650	13.383391	5.717601	13.013398	15.261943	18.820846	20.332446	12.972532	18.439160	7.422723	17.163131	20.380005	15.454157	14.349829	10.491663	19.045907	20.016302
19.786701	20.137677	20.475550	16.746727	14.801193	6.584905	17.176930	20.238956	18.295734	19.059930	17.602821	20.471604	13.925804	10.266921	15.558265	20.213581	18.591833	18.672346	18.732998	14.844081	19.839386	20.040382	20.072296	18.731624	14.725294	13.995210	11.726947	12.864290	19.729339	19.919856	16.142639	18.651331	15.963220	19.538384	14.298505	15.842269	19.737267	19.658091	19.082488	12.246673	16.810222	15.265006	12.568391	13.438848	15.877828	0.000000	11.739920	19.697391	15.426446	20.104042	16.758162	18.877357	19.064829	20.362581	20.111265	19.793234	15.551317	18.188472	17.502967	19.020985	20.015110	13.566191	18.787704	14.282117	20.243210	16.343479	8.471151	12.461770	17.807719	20.091602	19.483677	9.555445	18.159383	19.403254	17.417663	20.251684	19.586071	14.450243	19.611288	11.880038	14.379918	16.812569	20.151522	14.679599	10.172899	13.144634	17.907990	19.665025	19.117227	19.421699	20.423606	14.891028	19.823348	18.051862	17.127592	19.622188	12.885293	8.037869	20.317782	14.969610	19.255717	20.233251	10.941732	10.168245	18.024286	18.567752	18.401059	18.825028	19.921251	20.077872	16.459478	18.219135	17.652508	15.996687	14.789494	16.641992	20.247387	20.430866	18.455802	17.086791	12.410927	13.971365	14.032687	16.158760	15.762591	18.718249	19.568016	20.063018	12.882819	19.508912	12.214765	12.997469	14.772374	19.172108	15.827595	13.209876	19.746897	18.704845	15.433125	12.804854	14.055981	10.417058	17.208198	18.720939	19.602069	19.019597	12.731828	17.766509	20.123431	20.224563	18.923710	7.660088
16.268902	17.022091	14.509986	10.457300	13.675503	19.162070	15.807235	16.586583	19.436657	19.164909	7.063415	15.733683	17.954171	12.192903	20.214120	16.913964	19.644201	9.442986	17.240378	19.905546	15.682884	20.054789	20.182651	15.832033	19.903112	19.459629	16.880953	18.700558	5.712917	15.312613	13.859206	15.752194	9.670564	15.389268	14.072951	14.745118	19.371964	18.079381	16.593141	19.729334	19.782752	19.397850	19.543823	7.017472	8.727460	17.097085	0.000000	19.642156	10.351926	18.874973	16.659173	12.106629	15.198698	16.390083	18.453347	20.227631	5.647454	10.019225	16.127171	20.214461	18.095860	17.764462	17.049111	19.514547	19.812139	18.820917	19.887743	17.379970	19.438962	17.968214	16.326121	15.741171	18.365560	7.449342	19.743102	14.464403	9.599220	16.415286	6.258996	19.167383	14.444784	12.930829	19.894975	19.026878	15.903138	18.037948	10.694528	14.837747	14.242586	7.379193	20.343498	18.080377	19.370215	17.497566	20.476036	19.116988	17.532170	8.524060	19.233430	14.075828	19.226981	6.529185	20.240642	15.877177	13.380734	12.716345	19.355491	14.912880	16.983143	12.267878	15.326276	19.680409	17.797596	18.250709	15.752190	17.734383	9.547513	16.550745	14.113971	20.282633	20.256873	19.505576	16.087644	19.827020	19.273581	8.739108	16.146649	20.003449	19.319510	17.838705	10.538697	17.064087	18.822482	19.197191	9.124536	20.410722	19.230509	17.064631	13.272674	19.006003	16.116799	11.312119	18.867022	11.301780	18.061076	18.539579	18.018790	17.276747	14.339574	16.563665	16.133581	19.781537
19.472176	18.632066	17.810961	16.617498	17.057440	15.817315	16.152605	18.960895	10.135693	13.604851	14.676522	18.103307	18.006830	13.050686	19.115513	18.496254	19.107403	16.533529	18.121798	16.884209	8.239104	9.030153	20.146630	16.422362	20.101578	17.130427	15.137651	17.608679	20.135631	16.411993	20.129391	15.426381	19.993126	18.291837	17.351662	15.082830	17.185008	18.880702	20.001340	20.050779	17.500319	18.854419	15.909956	18.183765	16.895996	8.520473	13.769792	0.000000	18.750431	7.529915	18.958021	6.289088	6.501038	20.370354	16.647893	19.036008	14.536905	14.707036	20.344834	16.651337	11.904343	20.002246	19.177762	18.966510	19.643347	13.310632	18.978598	19.718429	19.823340	19.734924	15.047526	17.670089	13.346716	17.346341	19.494858	19.267373	10.910050	12.974735	14.520645	10.752845	8.703895	18.033553	18.359342	17.575658	20.223374	19.907830	15.244670	13.255406	19.622766	20.438676	19.277222	19.366551	13.382990	15.691742	15.932800	20.473149	18.146809	20.390856	13.669451	16.712555	18.323309	10.124578	10.355781	18.501609	16.477288	11.819900	16.602110	18.806679	11.475094	16.304488	7.033852	19.425391	14.401507	18.998888	14.707491	16.365591	7.625191	18.511043	17.803540	15.874963	18.129405	17.136641	12.701821	19.919814	16.696985	15.986954	16.792154	19.162791	7.083165	14.828256	17.852340	12.493241	6.800028	8.959264	12.647395	18.811901	18.188966	19.249859	19.223769	18.684681	15.705662	13.997762	20.018063	18.761011	18.635571	15.990215	19.481575	15.867703	18.253483	19.847789	10.650594	16.819968
20.179555	10.231377	15.906277	20.255172	16.487890	19.037083	5.533161	20.350711	13.309258	11.602916	20.465936	19.179986	18.140776	18.335124	19.572220	12.277334	8.738239	14.697037	4.812066	14.422095	19.123592	20.088491	15.923799	16.790750	13.175606	18.759791	20.273430	9.551139	12.198489	18.392554	19.274130	14.878112	10.441184	15.290986	15.591712	12.739783	12.527506	17.720009	5.055531	19.718107	20.278493	11.874215	11.916760	16.546957	17.600508	20.365059	14.760538	17.854951	0.000000	19.658127	18.383217	19.607850	5.795730	13.976893	15.379071	8.011200	14.896055	17.168287	14.286755	7.438123	15.579329	19.769649	14.715110	10.323761	20.091173	14.263808	19.234777	14.888287	19.707959	20.109640	20.231070	20.252682	9.485208	13.341593	19.110246	14.901546	12.000440	18.194671	18.941521	6.572230	18.975157	14.584465	11.358007	14.946817	17.289668	9.145025	20.282497	19.753588	4.977627	20.198396	10.466626	19.281558	16.695362	13.702558	15.904783	15.145874	17.115265	20.449918	16.217980	17.495068	20.284971	18.650671	20.220174	14.476031	18.559761	20.257400	17.435355	19.656961	19.856230	15.618803	12.561157	7.674310	12.832258	10.906361	13.417720	15.559901	17.353205	18.387781	19.466115	20.461834	16.865320	19.796253	20.167196	20.146287	11.236755	19.405659	19.338876	18.467595	11.036134	20.161033	13.564108	12.015130	17.669693	13.755942	20.309232	19.180037	18.944277	18.552998	19.679398	14.624155	5.298684	20.193195	18.717560	19.963452	20.167719	11.973176	15.224229	17.444897	5.866583	17.209016	20.182114	14.316018
16.783712	11.888177	16.099309	13.620062	19.408765	20.186839	18.831358	19.302497	12.939605	6.511515	19.324175	18.668389	16.901397	18.883053	17.362252	14.022498	17.127130	16.097946	16.114925	14.340399	20.063142	20.117400	20.268060	16.327805	16.124593	19.256109	20.391867	19.978008	19.911945	15.382776	17.692012	11.156946	17.369121	12.268470	18.100658	18.318035	18.509733	14.694969	18.427799	16.772418	9.538333	20.361189	20.378483	19.836206	19.283594	20.070446	9.573043	20.281509	19.477277	0.000000	16.465889	16.022742	15.557572	19.931999	20.323755	14.858175	14.338953	16.585400	19.590518	19.993521	13.994142	16.880066	18.525296	11.126907	12.280409	18.794274	20.362159	17.553729	19.387248	16.606891	17.023385	20.315010	17.530062	20.017877	18.238083	18.331659	19.564324	16.296004	19.782251	14.548833	18.418343	19.365744	15.189057	17.801820	20.210582	9.083021	12.679388	15.730818	12.283523	18.609687	19.261575	15.302517	18.338932	15.449064	20.246748	8.335368	19.902950	20.314755	20.203694	9.342345	15.893852	13.924560	17.809190	18.890895	19.445540	18.832544	13.071347	11.451844	17.205410	13.934963	20.239068	17.260348	13.845233	18.100961	6.978314	16.133373	17.621905	18.851006	19.555512	8.178366	15.551647	18.239230	15.788677	16.168126	20.086387	20.185441	15.479827	20.466611	12.641588	10.959060	19.159205	16.564746	14.560146	6.234162	12.625186	18.017225	15.061345	20.289075	17.107298	19.525784	11.872780	18.296838	8.689061	20.380620	16.723530	19.059381	8.885983	16.367427	18.735816	16.201223	15.413303	15.504912
18.596194	12.791865	13.765020	11.640196	16.350621	20.056065	17.700653	19.858880	20.085129	18.497548	20.446982	10.141356	20.465045	8.215060	20.161417	19.005900	13.707937	20.383484	14.009747	17.795244	19.555712	20.237434	16.501681	11.901503	13.541091	20.041357	20.105624	17.692381	11.147513	20.405941	19.619216	16.231619	19.401511	18.982475	9.264671	17.245686	20.223599	18.182819	19.205259	8.133804	15.045559	13.980336	19.478322	20.471702	18.724115	20.024315	19.760351	15.169564	16.745589	16.351713	0.000000	10.353873	20.215279	20.067342	20.069499	16.705271	16.025272	13.926717	8.340122	11.400526	9.893755	15.495966	17.034461	17.019907	17.186931	15.748697	17.993506	20.365495	14.857658	15.249692	20.292574	14.460282	15.947769	18.027356	19.669503	18.501819	18.769666	18.954918	19.313455	7.797823	20.474202	9.603236	16.433111	7.508687	19.483914	17.009967	18.095877	11.248641	17.210741	19.013764	19.539100	19.731370	16.217178	20.473622	20.096743	11.737058	16.185928	19.515773	13.353522	19.811102	19.961636	15.416186	20.424935	17.432905	19.561848	13.335831	19.760787	20.104145	18.405455	15.451192	20.369211	10.953917	13.212582	14.621773	12.406495	19.528475	12.911477	19.681007	14.110772	15.818413	17.181084	15.757941	18.065202	20.143315	18.189440	20.248014	10.576995	19.616060	15.766323	12.624272	15.118172	17.261343	18.813009	16.765227	15.463016	20.463715	19.699018	17.386277	19.814279	20.263290	19.048118	5.725613	18.046802	18.080563	16.991501	18.136267	17.923000	17.873791	14.988190	17.985419	18.059993	17.912721
19.658110	18.082431	15.300132	11.617586	11.651621	15.507626	20.430716	9.505989	17.081077	19.256928	19.364983	13.242362	19.341285	14.199090	15.237636	20.120653	17.131917	17.927139	19.972623	20.153918	9.525381	10.259995	13.924191	18.709248	18.482087	7.345452	18.915881	8.988026	19.615006	12.394514	14.324696	20.264624	17.875876	19.180417	12.141506	13.914980	9.134429	19.880473	10.208166	17.178786	17.105587	15.579238	19.748087	16.766786	15.550875	14.709351	19.409668	18.060360	16.246475	19.632900	16.033839	0.000000	17.886414	20.240986	19.078900	19.559559	11.664448	12.696326	7.119400	15.553709	19.508123	16.876121	19.589615	17.716903	18.538436	17.939518	17.184113	17.684935	18.554331	18.548430	20.183946	16.095159	17.633163	19.915247	10.846509	11.067327	18.320718	16.993071	18.094774	19.268028	17.088540	18.983685	14.684206	15.962782	19.430973	13.480736	19.230004	9.900529	14.288654	20.296739	16.123910	8.511119	6.982149	9.895663	12.006792	17.016030	19.567561	7.795303	20.354941	19.514870	20.475319	15.002662	17.499411	19.580909	14.613025	18.038574	16.918322	18.448425	20.068153	17.831553	18.407275	19.107293	16.781245	14.900412	18.709561	19.953800	17.535683	18.838922	17.667792	13.203045	19.785149	15.844631	20.427238	5.303927	18.965468	19.982751	19.075957	15.564969	18.069679	12.224966	15.822967	17.522247	15.694009	19.592587	13.457233	11.449148	12.256247	17.495710	19.823955	20.376746	13.012509	20.295952	15.915501	19.899772	19.949312	20.236630	17.802599	19.590234	7.994974	20.169292	15.090737	20.400758
9.306990	17.768587	20.235301	10.031003	19.407128	17.996196	16.514851	7.227689	17.910212	16.534171	12.043792	12.330400	18.668468	15.380185	17.826352	18.357386	17.053081	19.832036	18.805529	18.382506	18.813293	20.327972	20.206588	18.297807	18.014609	18.906792	16.512472	19.378930	11.167871	20.319085	17.210071	20.044184	19.146234	14.153685	11.179147	16.386305	15.712140	19.231910	18.136657	14.810695	19.129378	9.146609	15.970919	19.513604	18.654119	9.804639	12.490949	14.855350	19.233902	19.086486	17.986070	20.469693	0.000000	13.272834	20.449442	16.619505	12.128163	16.782108	15.217711	15.049068	20.180729	16.114178	20.036319	13.507301	18.199898	20.344761	7.326871	14.389530	20.360055	11.851045	18.644118	20.084363	8.474443	19.142086	19.700152	20.038867	18.354914	16.440876	19.818611	8.127849	16.596637	20.204626	20.089944	19.922034	8.638581	17.756240	16.049307	19.784836	19.300819	12.583105	17.670106	15.962628	12.842078	17.803810	17.765228	18.016796	13.502238	16.338473	13.644108	6.065513	16.984326	19.759101	19.488806	15.368225	17.447068	19.490149	16.218629	14.078356	17.477931	17.872480	17.065628	19.874992	20.212901	19.464059	20.377060	18.416277	18.083761	17.742654	12.736091	19.926845	17.795754	13.694251	17.276773	18.415298	19.498359	14.470898	17.214931	14.745974	13.351654	15.991021	11.384155	15.473867	15.247171	18.880177	18.201356	20.134464	19.829526	16.423780	13.582150	7.025850	7.736728	19.158369	18.031119	15.186183	18.421675	20.458492	20.062967	19.421491	18.699693	15.852468	8.774383	12.666773
20.033623	13.060657	14.852378	19.213155	16.146687	16.845979	13.467794	16.971115	19.996144	16.236631	19.400394	14.654757	16.239318	8.702950	20.269498	19.737890	7.209114	17.892835	11.642563	16.668173	17.218602	16.454076	19.224055	19.938720	16.423907	18.202847	19.196530	19.434210	17.100642	17.565269	13.257315	17.816720	15.679838	15.058496	18.226819	16.952826	13.577379	20.281179	9.129470	19.616470	7.479302	19.174996	17.417127	13.197644	20.246084	20.220856	20.374824	19.415425	17.661311	13.689819	15.307610	13.698053	14.189909	0.000000	17.223027	13.374593	12.606494	15.256462	19.845003	16.382687	12.215115	12.762635	20.041419	17.524244	19.047230	15.656457	19.625000	20.096661	19.009815	20.232821	14.467402	12.483920	15.001394	8.308100	10.437718	16.887527	20.401033	16.165406	20.417428	18.249330	20.459514	12.428781	9.290743	16.989580	13.290303	18.453832	17.282764	10.563870	9.112018	20.397693	14.491182	18.709786	18.846608	16.766027	16.435263	17.295510	8.204010	18.720732	12.618494	13.857670	14.755587	19.355711	16.420102	14.416201	14.997688	19.680955	16.861645	20.224908	10.762692	14.671634	19.216219	20.372616	19.927990	18.075150	20.090623	18.543490	14.227318	16.580900	20.194227	19.116735	20.436352	18.438081	10.025383	19.776675	18.384557	20.348682	15.271010	18.009650	16.764291	16.336943	15.254978	19.689559	14.538789	14.348380	12.072078	18.929906	19.090424	19.018464	6.806141	20.477678	18.978610	17.611083	16.557421	15.810799	20.284912	16.093826	15.181158	12.991004	18.803822	12.410565	15.844697	18.034596
18.473412	16.922334	10.435628	10.084906	10.316294	20.389290	10.425904	11.253586	10.415604	17.682701	14.968739	20.066837	10.510878	15.074518	17.020332	17.409894	5.101292	18.636923	19.465736	20.116853	14.868161	6.355724	12.977777	10.262547	10.484629	18.399025	19.035807	19.105358	16.433647	15.394571	16.621618	11.307205	8.290715	19.413051	20.282003	13.764853	14.054397	18.829600	18.753215	18.752412	20.463728	11.292289	17.089267	17.691794	11.875403	20.236563	6.172221	18.982507	17.826278	16.071731	15.358394	14.393032	16.183962	16.874867	0.000000	20.102662	9.795994	20.124313	13.528954	20.012497	15.238886	17.023438	19.422995	10.387630	16.382252	19.321339	10.591921	19.497044	19.198894	11.403776	20.345429	18.225691	19.811101	19.886793	14.822367	16.300080	18.666494	18.660005	14.220756	11.619239	18.564525	20.223215	17.401860	15.233635	6.199638	20.163790	17.955382	19.390608	20.141555	15.729100	18.408760	15.986398	20.091799	19.453610	12.024277	8.023407	10.480370	18.345627	19.516930	16.063692	19.266966	20.078389	10.921306	11.974792	16.514312	15.948442	16.070196	19.316499	13.594658	18.677835	19.342572	20.268762	18.294397	16.555553	16.087794	11.006055	19.030539	20.254597	14.230843	19.185465	19.042264	9.768087	12.075000	19.526558	18.434722	19.954152	14.022407	13.045608	19.806861	16.034796	17.872521	13.449361	18.705495	9.532687	16.594792	12.717606	17.890487	17.671037	14.407947	20.348056	13.885486	15.813387	19.218289	16.449885	16.663659	17.606318	7.424752	20.431134	18.127536	16.549248	20.341190	18.919884
18.988683	20.016847	17.635041	18.898929	17.535760	20.117592	18.478712	14.926844	16.781967	12.704776	6.058628	8.302940	20.461054	20.426131	16.396223	18.709084	18.810968	11.516899	19.009455	12.815040	16.011808	10.447022	15.708887	15.392879	13.356944	16.647165	18.236456	12.394025	20.317830	19.527784	12.194226	20.232645	14.746515	18.349215	18.049240	16.487930	16.755083	16.487955	13.795680	9.784823	12.415494	18.130667	20.252196	19.928077	17.494215	16.679768	20.012197	20.233938	19.285242	20.198099	13.184229	20.311527	20.424625	16.462247	14.987629	0.000000	14.274495	20.269138	18.458039	19.581553	18.918990	15.075281	19.134308	15.807327	19.963858	8.262161	19.755123	17.935389	16.557303	16.986750	16.345561	17.470738	13.832031	11.739817	18.883471	19.639073	18.089995	10.581694	20.235081	20.290565	6.761069	20.472274	19.610700	18.132821	13.407194	20.108456	12.709268	13.145728	19.611284	16.127622	20.006468	19.491021	17.412434	11.561425	15.256425	14.756231	17.279731	19.421710	18.691684	20.474894	16.932122	19.948614	18.652721	19.226322	15.552479	20.153105	18.847250	13.475644	20.404079	20.252375	18.536031	12.777263	9.342828	14.665932	15.670015	17.841904	20.356122	16.117850	8.544532	14.889642	9.037961	19.020804	20.297608	13.048857	20.264410	19.995046	11.019185	20.118015	17.640813	18.513470	19.834975	13.399657	20.128381	19.782198	16.659113	18.672323	9.161994	20.312618	20.103539	14.905387	15.411048	12.888725	15.576400	9.677140	12.531783	10.232858	19.714933	17.841479	20.225102	11.745388	19.391767	20.255717
19.567553	20.117039	16.790311	18.004393	19.575254	18.543361	13.980510	15.852062	16.681585	17.431367	18.135719	19.257549	12.562554	11.249643	17.959051	18.817890	16.936210	10.783003	19.749533	17.130132	14.417146	18.098919	17.397041	18.399751	18.664067	17.229719	10.534328	18.864857	12.733981	14.720857	9.703201	10.374809	19.499772	11.595923	7.654170	16.694682	20.323693	18.655436	16.616523	20.254943	20.422408	19.358297	5.063385	14.156908	14.740744	15.014681	19.895062	18.509294	9.215054	10.121345	15.662121	13.826382	19.761098	15.094867	16.747200	14.958225	0.000000	19.744821	15.272350	14.726291	19.845901	18.208955	20.298627	18.259275	18.071960	18.451341	11.893653	17.668712	16.419386	20.376881	12.689641	15.994904	18.276976	11.527178	17.976437	8.635132	19.468392	20.404253	13.106592	10.608588	20.066365	16.592546	17.504212	14.867237	19.549818	16.023791	19.138772	11.565614	13.149928	15.817479	19.869735	19.978348	17.157118	18.733370	16.672663	7.200173	19.467216	12.128948	6.346575	17.626024	12.458972	18.637054	15.681400	16.085593	17.765420	13.915147	14.202380	19.081594	12.426122	17.065853	14.152080	19.397972	12.504245	18.818392	10.102470	8.429527	12.207732	19.668511	14.847604	19.770004	16.470562	18.338195	18.251823	18.634044	15.427482	20.135963	19.615757	20.235081	19.539783	19.792229	5.780943	20.349936	20.218511	12.832895	20.030191	12.663570	17.503873	4.980948	17.212856	12.993434	19.991522	19.104713	11.928806	17.578523	18.285289	17.085214	19.276996	19.803890	8.390866	10.174869	19.729912	10.010205
18.245115	13.770358	20.422792	16.260350	9.691473	17.288816	20.027857	18.002505	17.602737	19.312362	19.167041	9.014428	18.859854	16.443378	13.296753	8.985104	16.458800	6.757638	15.287589	20.448226	20.131716	14.082220	18.557023	18.181863	12.374778	11.757895	17.521733	20.402257	18.907936	6.996904	14.849823	19.935510	18.729225	19.213365	9.610655	17.825833	20.279801	18.021328	18.011409	17.387507	15.331682	11.350630	19.833621	5.904642	13.630471	19.831512	15.039268	17.887911	20.075883	17.914160	18.693961	16.883909	15.401310	19.713407	8.615634	12.596868	19.184582	0.000000	16.958165	20.284198	17.675212	19.880768	19.196824	10.180322	18.968251	17.128155	10.689827	17.882344	18.701901	12.666933	14.800017	16.271927	20.258821	19.662085	19.117272	19.992753	19.501015	20.461697	16.979439	17.947105	11.819646	15.048520	16.908777	12.783788	19.693542	17.969700	4.794984	20.101226	19.918376	5.647618	10.171898	13.572065	19.574444	15.076627	18.758617	18.026555	16.569405	17.434947	16.835257	20.255795	19.619925	12.491469	19.706039	19.509693	14.560489	18.649778	7.731256	11.239627	18.393852	19.742422	19.511190	12.668126	18.261279	17.477422	18.155983	17.352858	8.621322	13.419886	20.010247	18.074620	13.077844	16.087832	19.254104	19.597697	19.742119	15.818603	19.341365	13.691831	16.642141	16.652559	17.699685	10.685790	13.763676	15.831112	15.011402	14.397305	12.301081	17.102819	18.614570	18.414128	19.711355	18.896915	16.747225	19.432494	19.301843	14.926586	17.738017	17.534953	19.788070	18.643968	18.972213	20.303851
18.735169	17.470070	19.547384	16.688410	6.878368	20.263134	12.677314	14.547638	11.996604	19.916774	13.525542	18.513651	20.253257	20.417733	19.841815	10.532253	13.227461	15.962306	20.234742	20.363047	19.034089	19.682233	5.621810	19.361429	15.153320	20.394571	19.513908	17.923314	13.708223	20.272960	20.410956	19.585919	19.778612	17.716594	17.590622	14.909671	20.135525	8.865965	20.112721	7.882146	20.304890	20.027614	17.038309	17.581478	18.410425	20.313606	11.797756	18.851402	18.277510	17.740364	19.389988	18.798578	16.994209	17.696553	20.361594	12.702945	19.408169	16.646491	0.000000	18.124437	19.369195	16.525591	19.987961	12.869847	18.124208	20.095576	19.234860	16.043521	20.393469	5.570479	10.221996	7.337679	15.031097	19.749176	17.407464	18.627753	16.607743	19.865230	20.242238	19.391945	11.895449	17.907326	8.896129	20.194958	20.454975	20.417478	10.454229	18.425569	17.353700	19.956035	17.167100	15.849047	17.997026	18.559216	18.506659	14.497739	10.829152	17.559696	12.527402	19.427076	13.805167	8.762352	20.431412	13.110591	12.327937	19.955549	15.382397	14.482907	20.221871	13.641044	20.386076	16.342823	18.554295	13.586151	19.922923	11.428455	19.365738	10.567185	17.836268	18.233315	14.811318	17.950145	11.880919	6.976167	7.464837	20.149243	17.417998	20.479385	11.907958	20.157444	20.385402	14.230078	18.598401	17.612574	18.165295	10.570344	12.649724	20.154123	12.744660	19.188060	18.760009	15.268616	18.332950	19.033616	17.686703	19.791760	14.267723	19.650953	20.420837	19.532844	11.840963	13.379608
20.081160	20.096455	17.547327	15.142525	18.089377	15.202807	17.713309	17.577190	11.887022	19.197256	14.997876	17.317473	16.002032	18.341238	17.400595	6.971602	18.640684	19.054042	19.448531	20.408036	20.404826	13.724532	19.343429	20.435976	15.602576	19.863471	15.488860	17.575284	19.207007	16.709766	17.874908	6.847445	19.132355	14.435182	20.285563	13.312121	19.899131	13.752150	19.705218	18.009025	20.224332	17.358847	20.078459	20.162358	19.324630	18.484693	17.791752	10.986336	17.280252	17.259714	15.344417	15.232131	20.038493	15.768324	15.920063	17.832661	19.108827	19.513621	14.855469	0.000000	14.011217	20.408625	11.185156	8.081076	20.478895	20.356181	15.506574	18.667430	15.349939	14.159826	20.353641	18.031079	13.679658	19.522739	11.888075	13.716410	19.671699	19.350866	15.502819	13.640559	17.472942	14.849675	20.450500	18.639571	19.940819	20.142359	12.967728	15.339530	15.456989	16.357236	20.072652	11.491309	16.025271	18.943879	8.241418	20.171265	20.160200	19.617850	20.224019	18.132487	16.930446	18.377108	14.274587	9.705051	19.793883	17.851379	20.156823	13.389453	15.936910	17.314120	18.724323	20.464129	13.133807	8.362098	19.820222	14.423137	15.807246	6.759786	9.727020	17.849914	19.143475	18.012269	17.723656	20.470350	20.144766	19.535581	18.348154	20.015377	13.755266	17.753942	20.446102	20.055288	18.161787	15.275445	16.628926	17.859112	14.101838	19.670946	20.471261	17.529684	20.416768	10.606952	15.395231	20.474075	16.344271	19.572330	17.825632	11.862651	20.140603	18.371553	20.379309	19.202982
18.499908	14.841709	15.601318	19.990156	15.409606	11.060917	14.762986	20.146504	18.371020	19.078585	11.986354	19.898085	17.054804	20.348398	19.198147	19.678236	20.434289	20.478529	19.497332	18.314458	18.499588	20.334814	18.897354	18.371314	19.195889	13.027761	17.161228	17.967767	16.058766	13.903730	11.911081	19.798910	17.731649	18.965937	19.767089	20.410968	19.630891	15.789955	20.361092	12.072176	17.574509	17.674555	19.290692	18.632131	15.752288	19.844719	15.473927	16.980645	18.346130	10.022498	8.811712	18.674890	17.379441	15.130823	14.446239	14.407142	15.153481	14.405418	10.399775	16.672776	0.000000	14.598275	13.095797	17.716096	17.484293	9.909347	18.281458	12.782675	19.274756	19.973458	19.247738	15.609440	19.525285	18.510380	19.195944	9.612389	20.462049	15.527867	15.810426	19.642631	8.627304	18.694141	20.384716	20.029600	17.371787	16.952088	14.102223	8.077185	19.408500	19.365041	20.390156	15.457826	15.843146	13.386072	16.935070	16.662064	20.288135	19.789148	19.972013	11.404487	14.293171	14.552875	13.932786	12.539055	19.891380	9.152248	17.034669	20.122650	17.888083	16.588547	16.039529	15.282347	20.403953	15.175980	10.360683	9.759371	18.989142	15.143680	16.595992	17.938999	15.504720	19.615244	18.793743	12.627544	12.075598	10.817001	15.320048	15.483715	12.330666	19.841901	14.330443	12.161997	10.024424	12.645442	20.085346	17.392031	18.216112	16.445045	16.866612	13.517361	20.024915	13.298772	16.299105	9.057000	18.392264	17.002890	17.317047	10.585342	16.948284	16.958086	19.703847	18.154955
12.242376	10.237467	19.984264	9.801715	20.198470	11.209970	19.272366	17.921728	13.174673	18.509452	18.993643	20.473228	16.854675	19.316322	17.760374	14.463901	20.041613	18.220074	15.398717	18.033653	18.808445	14.423346	11.926686	16.649674	11.092620	15.276029	19.889572	19.986800	19.645325	15.500600	17.213167	8.235636	20.420361	10.259937	8.182235	19.355558	19.104388	12.053059	20.102519	20.233088	19.675248	20.406192	5.809613	12.182648	19.637396	9.271091	9.002270	19.935045	20.012840	20.219471	16.763612	16.323332	15.173485	14.578460	18.050084	12.249159	19.973107	13.084352	16.345568	16.702044	12.449024	0.000000	19.021342	17.191629	19.729667	15.548446	17.532275	19.547149	19.534160	14.270222	16.282984	13.462103	16.259430	18.536102	14.089499	9.280867	19.795652	20.003006	14.048306	20.226635	16.562006	16.636558	6.649652	7.531497	9.504979	11.115514	18.509181	17.702307	16.104395	19.363416	18.615629	12.861183	11.920096	13.031534	9.712161	18.242268	13.082491	18.062577	7.035291	7.314275	13.376653	16.650692	14.902109	19.817449	12.870907	20.463235	8.554883	18.903424	18.170433	14.913657	19.990368	18.568805	11.505037	11.535021	18.261469	10.998836	10.012445	19.471386	12.322660	10.286071	10.877561	19.493649	14.712634	19.481598	18.959159	16.162440	17.113702	19.484107	16.147154	19.842043	15.962078	10.414622	17.796435	13.966179	8.040496	18.531644	19.562222	18.119448	20.041058	20.373888	12.404847	16.227522	18.142203	12.950025	20.251774	13.463961	11.650207	11.942550	14.051552	20.370463	14.363354	20.115877
15.467124	15.423200	20.062302	18.708785	16.810795	16.012636	14.728990	12.664355	16.954327	20.319061	20.159038	16.410403	18.997141	18.074141	13.250524	18.729573	17.594495	5.481922	17.614660	19.802604	19.463816	19.639491	20.397866	18.294405	14.959162	18.885296	18.565042	19.390526	15.000665	13.872666	17.588368	15.912293	12.674915	19.662039	17.994412	18.524516	18.605946	18.565839	19.128303	11.775287	11.669384	18.304763	19.969007	15.288868	17.439683	8.383862	14.778603	12.039474	11.323946	12.984001	20.476874	19.611236	13.597248	15.852504	20.477939	13.760741	9.438924	19.902370	14.948560	14.202283	18.003572	20.461463	0.000000	17.772226	11.708060	19.974031	8.350581	17.531582	20.346277	20.433938	12.573653	13.449497	17.854167	12.224217	18.597925	15.103724	18.070477	19.772177	19.352078	19.957313	15.966363	12.175499	13.071650	13.758935	17.991273	14.329472	18.219040	14.488017	12.651184	11.349535	16.426005	19.561402	18.955903	18.390442	17.731368	19.273947	16.670481	19.431487	19.409133	17.520851	18.954468	6.310215	14.511677	8.477852	18.378313	6.841806	17.494165	20.011583	9.870969	17.296469	20.264767	18.740588	12.255944	8.341738	19.135314	18.236974	16.759556	20.205420	15.138721	19.638528	18.572233	12.943713	19.391540	20.141412	14.564013	17.401604	10.010789	8.480713	19.510461	13.005633	19.088319	19.887028	18.582991	19.808648	18.491013	11.150415	13.804286	6.846267	4.942854	17.645548	20.243026	16.959933	10.267596	16.860142	17.272391	20.295419	20.272763	18.915779	17.038730	13.527472	20.225892	13.820915
12.604290	16.925609	12.282506	17.207587	17.519953	16.534124	20.404401	19.503229	17.786696	19.216644	20.027475	14.496700	19.721873	13.845163	19.616681	13.971903	18.828478	19.959184	20.051745	14.331270	20.051439	13.695468	20.239371	16.370072	19.385327	12.333931	9.651562	19.820635	20.331948	19.005215	18.641857	17.713370	20.257224	14.554023	20.052430	17.820536	18.433082	13.369514	20.359638	20.066381	20.350871	12.446362	14.713837	14.901896	19.049960	19.354778	19.643936	20.064363	9.832409	19.624621	18.224478	20.113787	18.468110	13.399162	17.071696	14.927016	16.761674	16.820718	14.717317	13.710743	13.644372	20.209671	18.232525	0.000000	16.578707	18.682915	15.314668	7.644237	20.450343	18.796741	14.127668	14.412805	17.054964	15.734171	19.628028	13.720685	17.412652	15.965401	7.587690	17.832902	13.776836	14.015697	20.165776	17.966874	19.605032	20.398547	14.752193	12.195577	19.771748	20.333103	17.728330	19.575719	20.204808	6.757871	15.275998	20.089762	17.059580	18.166754	19.362994	20.087569	10.353144	6.437364	16.033302	9.214878	20.343090	16.965029	13.016119	12.800353	18.239715	19.438770	9.501738	15.288058	19.156864	9.386743	18.235907	14.579614	20.211943	12.865968	18.826041	18.612403	13.734119	16.388576	17.586950	12.928426	20.283001	7.249520	14.498991	15.816269	20.444190	11.445581	16.965861	17.640776	17.795590	19.719172	20.339264	7.292775	12.097939	20.159449	16.520828	16.200483	20.181888	15.353064	19.893305	16.193951	12.623125	20.330267	19.286725	15.005650	16.759436	19.439649	18.344872	20.120058
18.141652	11.933954	18.542728	12.925635	14.972447	14.556951	19.064312	11.382077	18.990901	18.672867	12.404090	13.910832	15.116521	20.062436	16.527162	14.016415	15.739413	13.066368	19.073149	14.453041	16.694087	11.147822	20.302135	19.700391	20.043144	15.888772	17.291788	20.472058	11.233461	18.279272	13.830244	15.456749	18.531057	10.686143	18.505080	17.876499	18.892800	17.845625	14.584398	11.637577	15.760871	11.674629	18.998048	14.247491	16.876546	10.133572	18.728400	17.072810	9.352414	20.246125	20.152891	14.472863	10.433302	19.903598	15.432919	20.444848	18.132184	19.806068	19.435951	13.037633	19.586158	18.839692	20.279958	13.230813	0.000000	15.621598	18.400254	13.923769	14.593713	14.637305	19.970556	20.267004	16.202800	20.476932	14.998184	17.915169	17.245256	20.394923	18.933155	13.733308	11.962072	17.462889	18.886545	11.900320	15.719119	20.099905	19.528870	17.103202	18.762591	17.456973	8.153840	17.519479	17.526350	14.464294	12.609059	14.032193	19.128847	15.262300	20.344832	18.700214	17.675865	13.377047	6.585458	13.997347	18.900833	16.425364	17.673554	19.310527	17.214729	12.940982	13.317769	19.626291	12.903072	12.337217	18.775903	19.321886	17.147012	7.317768	20.289446	12.100889	16.922376	10.763906	15.336008	19.386264	16.092988	17.340752	19.974434	19.794464	15.005530	18.500718	9.945103	8.586247	18.573469	18.955724	20.220159	7.489732	19.285780	18.914182	16.821328	18.373735	19.946168	18.462459	18.538597	20.468422	15.121031	19.914232	19.200858	13.266324	20.267922	5.286259	9.839157	19.499902
18.367151	14.477971	14.251700	19.585425	18.329138	7.451522	8.609637	20.286934	17.869837	18.653528	20.027426	16.846396	17.931667	14.966634	16.768885	6.307451	17.044546	19.421509	17.566293	12.206053	19.036471	17.255321	14.355348	19.183176	19.818613	18.982652	12.890218	19.805465	9.853261	19.160977	17.371754	15.566097	13.901058	18.436123	18.702884	11.973397	18.269123	8.653070	17.025619	16.612691	8.998162	11.030347	16.665786	15.487566	19.405163	17.528694	12.991077	19.863295	18.583345	19.221438	20.446394	20.168340	13.217447	9.689106	14.363555	10.558125	11.000078	18.859702	14.517509	8.796696	13.648026	17.782892	15.988932	13.254886	12.533586	0.000000	16.539461	20.184990	19.644723	18.667893	19.162740	20.416271	19.722746	16.961593	14.975560	7.730404	8.076796	15.661258	20.348324	13.690897	17.846674	13.448465	12.162634	13.944392	17.536932	14.935747	20.474626	12.649343	16.354259	14.484077	18.360079	18.768013	18.663126	20.468145	18.034435	19.308332	20.259889	19.614357	16.509121	15.598577	17.193924	7.176866	11.757580	16.944898	12.424853	10.394324	17.812739	19.428866	14.725350	12.244437	18.140052	13.170074	19.009794	11.136431	19.656304	20.204975	7.419061	19.246369	12.848507	19.976912	15.356760	14.613350	10.874079	11.831403	20.475079	19.108855	18.960318	15.831912	17.581773	14.940658	17.980098	20.353558	12.228177	18.208795	20.047997	14.699584	19.519117	14.529932	11.683345	9.353779	18.821338	5.759806	14.639485	19.765794	15.869677	19.805825	16.910242	9.911876	20.412964	15.874795	9.107090	20.256556
18.516565	8.385586	17.473465	16.120020	14.151575	20.274175	9.624449	14.772379	10.290327	6.982228	20.327315	17.704226	20.006451	15.710595	19.145552	13.535657	8.874532	18.762236	15.559725	18.374112	20.472664	13.403164	18.024344	18.709566	14.703380	13.229074	17.859841	18.166979	14.928318	18.542948	17.330901	10.795519	13.811820	20.251557	20.116324	19.430147	20.194893	15.848770	16.313616	19.502482	16.720619	16.544735	19.658469	6.572026	8.496435	15.712583	16.086816	19.779981	6.399087	17.219858	13.791462	16.853268	6.502901	20.371542	14.950522	9.858342	20.440743	18.916241	19.281573	20.440815	11.690869	20.476856	12.342541	20.364482	7.373738	18.753674	0.000000	9.201531	17.311715	9.626955	14.776715	18.853644	14.015432	19.096047	19.632656	15.509856	19.470253	18.207804	17.886895	6.805338	18.707600	19.966579	18.842025	9.698357	15.710373	17.662139	19.054587	16.873594	14.578458	18.186163	16.853912	20.155669	11.557828	19.054739	9.359048	11.676818	20.080164	19.361806	16.586797	17.178616	13.218823	9.344673	12.487446	19.528274	15.572445	16.099617	19.392785	12.584891	17.592658	17.674889	19.802622	17.777251	18.093490	17.138616	14.351562	15.702093	8.330203	16.200111	18.698108	19.610834	17.000083	16.847244	14.349941	13.531061	18.075997	16.654337	10.314371	19.058988	12.812813	17.873596	11.527561	17.362180	19.737917	20.052126	14.277708	18.818244	18.518583	12.820034	19.187563	19.200165	14.544326	11.296371	8.542625	19.394629	20.284292	15.397959	9.055708	18.077563	17.596374	12.724859	19.748697	10.895104
20.425852	11.271038	13.393271	18.760870	17.083694	16.377779	12.621465	10.896752	10.100702	8.255759	18.059397	20.216980	17.595656	20.470227	13.904304	10.250948	5.981475	16.191591	19.654099	20.038427	18.642706	16.837163	13.563360	19.682598	19.225014	14.778365	10.448547	16.726296	15.624093	18.061115	9.806813	14.770885	14.511449	18.324236	18.756656	10.952968	13.517930	16.249743	20.471117	13.631842	18.514501	15.080727	12.491649	16.440508	17.393542	14.874158	16.511375	19.590124	16.291901	11.032865	7.751733	8.880864	20.261450	6.862797	17.812169	5.964330	6.437206	18.340156	17.913456	19.512364	20.462886	10.779506	11.460561	18.095672	12.077437	20.461087	13.874930	0.000000	13.744004	10.932415	15.920842	17.102710	16.419669	16.646556	17.051550	18.483680	15.323294	19.916003	10.881858	9.958251	20.416599	15.097464	19.784151	17.990790	10.537759	19.799332	18.966313	8.588559	13.984063	18.684650	17.700869	14.125338	17.691082	16.100701	20.257371	11.986257	14.649936	20.209740	18.288621	12.310773	20.312234	15.185897	15.709176	16.669710	16.379502	17.943992	18.334975	13.829397	20.026384	18.334534	20.350636	12.024859	14.916225	17.468463	17.995968	18.144400	15.515426	20.156054	19.766497	17.961918	18.289010	14.132907	20.376631	20.317455	8.883194	20.398803	17.693215	18.041828	11.007883	20.207633	19.334981	19.324560	17.794112	19.644544	20.350260	19.314803	16.873986	15.209084	10.461985	16.204134	19.613168	19.779710	20.340118	14.813946	6.954886	16.922712	6.927056	12.062564	14.177325	19.989575	15.997360	20.156853
19.195060	16.353625	11.952910	19.122220	18.814917	17.880890	18.056608	15.611082	19.413294	17.867797	13.622217	19.595123	17.334919	9.240029	19.108385	15.767680	18.430939	19.931066	16.451364	16.254960	19.634096	18.422703	18.837598	16.018148	18.587097	16.971569	9.573838	20.301451	19.781478	14.435189	18.545648	18.154667	16.266821	18.720247	8.469670	11.922124	18.770449	13.783227	14.252052	18.284211	18.468592	19.171331	17.925189	7.440403	12.587698	17.925502	16.953106	19.798590	9.818585	19.901360	19.444748	16.092769	20.375731	20.384369	16.962610	18.809982	18.159802	18.650417	16.234947	17.617772	17.191246	17.332693	20.211334	20.100794	18.741855	12.087542	15.415364	18.679198	0.000000	19.185902	12.197968	16.724979	20.381729	17.411493	20.021774	20.121686	10.564571	18.976935	11.998182	14.974890	12.711382	17.460554	19.348743	6.197465	17.947393	19.319081	10.759527	19.415130	10.236901	12.359282	19.953150	15.523255	18.185787	18.053162	17.898541	13.095469	18.585022	17.795190	13.753442	19.641816	14.661481	10.323294	16.207614	19.695901	16.942626	18.646316	14.625311	12.293518	14.245670	18.111981	18.838148	15.848483	19.829774	7.981303	19.941202	19.744359	18.674029	15.397373	15.463246	19.193996	20.049122	15.450105	16.407231	18.126801	19.099417	20.230432	18.193086	19.269377	19.872205	17.348439	18.290946	12.422129	18.278364	9.221350	19.365699	13.971544	20.476593	18.128094	19.824244	20.119389	16.893108	14.516148	19.293936	18.852259	17.381221	18.295022	17.495660	19.691059	15.749495	20.143175	12.036899	18.485615
13.326366	19.503480	12.073136	13.462597	18.568305	20.266516	9.392634	10.639093	20.477299	19.936175	17.401829	12.319682	15.320523	19.090557	19.401446	14.015797	19.846484	18.265309	18.418936	15.516950	14.568768	9.801548	19.799551	15.385591	14.926944	18.955869	20.156497	13.476726	18.073085	14.746594	20.435135	17.871228	15.281794	17.617777	19.837663	17.747228	14.435552	19.603504	19.356228	13.915246	20.373140	19.717870	20.477278	19.861801	20.056484	14.504677	18.880911	13.077326	20.262235	8.298961	19.241720	15.887450	10.486732	12.980313	19.056350	18.818577	7.282288	19.067680	16.764794	10.382465	14.384190	13.299498	19.351547	13.916923	14.231948	20.365178	20.042325	18.929697	15.233287	0.000000	19.181437	17.094417	18.921885	9.269755	11.731330	11.609120	15.112094	19.310938	19.841689	19.731778	20.053292	20.075749	8.771333	17.953830	19.817253	20.331377	10.369006	20.466354	16.902023	11.894567	15.856570	20.386917	19.696121	14.518830	17.054955	19.454370	16.846140	8.373077	18.633501	17.734617	20.248188	16.918191	14.596233	19.878649	19.702188	18.688532	20.235990	20.105723	20.151538	19.840644	15.908379	14.969502	18.623211	12.427622	19.686000	19.538240	17.136120	14.140676	19.323908	19.804287	13.790666	19.403890	18.085424	10.627861	20.298618	19.218922	17.688400	18.758431	17.649768	20.368997	16.283438	18.723884	18.574252	18.447605	12.535510	7.259705	7.396259	19.266087	20.238768	17.663579	20.225336	20.227042	19.547579	19.113790	12.808334	16.424212	19.024632	18.605190	19.874397	13.818710	13.297974	14.251832
12.924477	19.345472	13.252880	20.210950	16.568541	13.954686	14.335461	17.918175	19.839576	18.590664	15.660397	17.703411	15.419827	14.574774	18.650423	19.084176	19.510440	19.563447	18.035770	18.942962	19.792144	18.778326	13.875561	13.451334	19.386404	18.535555	17.706543	16.144683	14.995638	16.182305	20.195549	19.305449	18.097256	6.407826	19.541467	19.123578	20.288494	19.429360	15.870214	18.112381	12.153006	19.651212	19.904720	17.716558	17.320196	17.152998	17.231719	17.299602	9.641311	16.958967	18.621459	15.911340	11.476657	15.537540	13.371883	19.775457	15.295991	20.289836	17.016667	16.279226	10.551241	19.859736	12.626320	12.372566	19.751444	16.722011	19.718540	17.582855	19.085907	9.534304	0.000000	11.839170	17.664752	19.988134	20.453727	17.295141	7.101038	17.077420	19.657861	13.156672	19.296656	10.791599	18.256585	19.508327	19.708356	19.640597	18.196711	20.431692	17.160540	16.079818	14.278733	14.024110	13.295464	18.606465	11.191542	10.060647	16.916238	19.536924	4.272820	9.934413	16.819899	18.679229	15.473609	12.614398	7.762073	16.200472	20.175512	18.030851	19.038713	19.252984	19.676600	9.631920	16.469248	20.192526	20.222267	18.927146	17.024970	19.305373	15.371275	18.626316	15.471791	14.442980	10.143965	17.128229	20.469834	19.803084	14.058959	16.177207	12.866150	18.496719	11.326584	18.658324	9.049628	11.509467	12.803021	14.766340	18.564072	18.842748	19.950066	20.351275	9.584192	18.148491	15.097566	18.245338	20.305872	18.383114	18.711535	19.909898	17.814198	17.218784	10.438727	17.699135
15.774600	11.986878	18.311496	19.211632	18.986465	16.734444	19.558756	18.579748	19.875163	18.393110	15.847947	13.520391	8.624648	18.315408	16.637151	14.743386	17.864436	18.053060	19.386667	10.869024	19.199534	20.414863	14.393779	12.642295	17.015098	11.947924	20.477139	19.474078	19.713011	14.698520	17.411875	9.192797	18.594464	17.937481	18.748279	19.436710	8.962192	5.942358	15.435695	17.482335	20.070450	19.249659	17.046056	18.911795	19.771726	18.544573	19.511442	13.055618	16.638072	19.291364	16.377126	7.694776	12.372420	9.532045	9.047638	9.046638	20.151392	12.992272	20.440679	18.301090	18.716287	15.295997	11.400167	19.277664	14.102360	20.009609	17.648380	12.768915	16.588929	20.129655	20.066027	0.000000	16.271147	19.254187	9.912098	18.403990	15.995232	11.181139	18.312908	14.814194	18.274171	10.574158	19.935628	12.138019	12.807199	16.380441	18.709141	13.214637	16.670555	8.723595	19.343762	15.250041	20.413869	14.088269	19.817677	13.772762	10.381278	20.478400	14.175646	14.243995	10.553805	19.203834	13.076253	16.340747	20.451010	20.249146	17.430199	12.275469	19.627381	14.575632	18.450639	14.807263	19.302085	16.606436	19.901596	19.038184	15.673800	15.792181	13.169569	20.297911	20.408257	19.839732	14.710411	17.985911	18.286080	16.418353	12.668696	20.054029	14.126831	9.082722	10.582764	14.501769	20.475016	15.175984	20.331448	7.884782	18.934894	20.472681	10.136479	14.932481	20.036291	17.882909	20.304216	20.048715	19.600977	8.692683	17.830214	20.229213	9.354035	20.177634	13.092727	14.921726
20.428660	5.677359	18.256339	18.504384	15.077002	18.134295	17.004817	19.900055	20.076717	20.139301	18.526899	10.598975	12.830555	16.451803	19.719599	18.304929	13.305698	10.821892	18.897266	16.935070	12.703691	16.421124	17.989570	19.187289	14.206342	18.403056	12.313555	14.916732	16.234004	18.630820	16.042649	16.866166	19.942560	12.849425	10.489340	17.864816	18.390857	18.812688	11.331388	13.300665	17.814330	19.772273	19.488536	19.753492	19.367879	16.802920	19.307467	16.339255	19.702237	15.304141	19.689233	19.753179	16.916799	17.699730	18.736023	18.870261	20.218489	13.641872	16.577260	20.420990	19.574074	17.239828	9.075577	19.810407	19.106067	12.310377	15.248958	10.977369	11.914371	18.010784	18.014862	10.315012	0.000000	10.902942	9.456447	7.094860	15.527113	14.458142	20.193957	16.624284	15.800651	19.566202	15.817308	16.243769	19.319375	19.918455	18.039359	18.893931	10.956215	8.939178	16.090180	15.334112	16.158958	15.448628	18.485912	19.175954	20.166159	16.978328	14.201144	16.925308	16.262093	14.326229	19.674633	8.694252	19.245406	20.214968	18.404989	14.926867	14.415938	11.684988	16.691221	16.508848	15.257960	19.329731	9.648528	19.989007	8.381210	19.830736	19.443946	20.199063	11.986382	14.231369	19.778026	18.766294	20.111719	18.133130	19.904396	20.432591	19.892058	16.900641	19.632108	16.347274	19.858708	12.171477	8.162664	11.818278	19.833561	20.167733	20.376497	19.124384	20.422224	12.978953	7.385853	10.736998	14.762824	17.331781	13.219115	20.470460	16.702086	18.778788	20.333016	15.731569
17.079908	20.274221	4.483600	12.791479	17.653027	16.032825	18.692518	17.061839	16.147870	12.782630	15.259669	18.692297	15.731523	16.070080	18.935064	16.677940	20.258669	15.010244	14.546044	19.209156	16.007963	20.024361	20.366053	16.279533	17.094264	12.213137	19.126510	18.251931	20.399397	18.125058	7.791048	9.963921	19.447069	14.296917	19.192573	16.677060	18.423786	19.544937	20.306453	13.153780	19.960813	19.826630	15.478359	18.068755	19.380966	16.946431	16.457971	16.597631	19.714409	10.126017	5.443501	19.756145	19.779780	17.865019	20.184102	18.535393	17.093157	6.279877	12.069788	18.094136	12.512554	8.545306	17.704633	15.054509	19.055747	10.304758	18.522785	11.935597	19.386629	20.257469	16.720238	11.345353	13.095807	0.000000	18.789226	18.375341	20.308264	15.896037	18.343564	18.318178	20.208291	19.897738	18.524614	18.722211	18.288848	18.431130	14.965321	16.479992	20.343747	16.885745	14.336791	11.858239	20.319478	17.022461	20.036181	18.301302	20.261716	17.807150	10.474158	20.164035	20.002200	8.669702	18.825720	14.368674	20.239391	18.758692	14.780377	10.005516	16.686980	19.778878	20.219503	20.312927	7.690848	17.958125	14.319313	19.747736	10.870069	17.045237	20.026342	16.827932	17.054445	15.540266	20.175234	14.455666	13.144663	16.457861	20.395851	19.988698	20.098224	18.279903	16.554427	16.164532	20.191854	7.039510	18.911435	18.843801	18.243408	19.309523	12.743314	15.349104	19.703113	6.493118	17.965285	18.324306	19.810733	14.192792	16.356807	9.038874	18.263759	19.032459	20.262915	20.077339
11.405081	16.838713	11.573854	19.065942	9.574756	15.205449	19.908094	15.815882	18.908892	20.059402	13.666989	16.124866	15.691250	18.659344	15.670820	17.968833	19.710618	8.634802	17.859233	18.869274	11.998408	16.753737	17.311851	19.433819	9.345689	15.610576	20.320277	14.110141	17.480762	13.605562	17.580802	18.602911	13.482685	5.372130	9.953729	18.532874	9.104043	9.135001	20.011046	20.313294	19.515621	16.830540	9.422968	18.287923	20.252663	19.057541	17.845939	20.100394	14.197522	17.036700	15.354671	13.737799	18.393452	19.347806	8.583076	14.629028	19.855472	14.483090	19.455898	19.654010	17.096432	18.346132	11.010299	17.007775	18.865063	20.100462	9.144083	16.816524	13.202930	17.173702	16.139197	11.424007	17.438718	11.070125	0.000000	12.762903	19.839120	11.133725	17.706790	15.489069	20.113212	19.610024	17.809402	18.928666	17.084354	18.007865	19.916223	19.598574	20.412505	20.377765	20.083231	12.752541	19.396948	15.099074	14.099699	19.544475	9.378362	19.669141	13.735766	12.217673	19.310971	19.093532	15.676130	18.425215	16.860617	12.120834	14.614663	18.657290	18.199898	20.120427	13.701152	18.229142	10.672564	14.216734	17.510357	16.604100	18.845109	19.176353	10.619081	19.098788	19.639397	18.746457	20.152110	19.111964	12.550720	15.579930	11.910455	7.369104	19.678752	14.101221	18.799011	20.396543	20.383304	17.276283	7.871572	14.416041	16.971409	15.359523	18.895706	20.318568	7.981933	5.771184	20.218515	17.253785	19.422551	15.434416	10.628411	16.675331	14.092682	18.442146	17.147193	19.947017
19.327891	10.398662	12.813118	18.551638	19.847729	19.894870	16.960750	20.225780	19.774342	12.092734	19.079019	11.797894	15.974677	20.228820	13.303930	17.110268	20.352530	20.020901	18.556696	18.072417	14.345314	16.746859	16.027834	12.282501	18.409485	20.215842	17.843512	18.652802	20.203160	12.945570	18.017756	19.720537	19.903672	18.537120	15.139951	12.779478	19.981890	19.698558	15.278775	20.038253	15.805091	16.943416	12.062687	14.119464	18.242242	19.140392	16.973815	13.064157	9.946955	20.046997	19.396517	20.370771	17.857613	19.571286	20.224092	17.060778	20.012897	16.929694	14.272773	18.322190	17.989365	16.545735	19.185924	20.311110	19.748194	19.921680	11.809831	17.838606	17.120171	17.038661	14.979814	18.358877	17.086699	20.086264	17.077598	0.000000	20.004468	17.670437	17.509782	16.900615	12.677932	18.233206	15.180170	20.314312	19.864901	19.849913	8.978417	19.444011	12.566812	19.839263	10.616405	19.122356	17.153046	16.109897	10.062356	20.147194	15.182807	14.343784	18.771148	17.863843	17.578914	14.283235	17.732305	18.772608	19.321194	16.543635	14.435714	20.272693	20.057719	17.316732	18.937328	19.414153	19.609615	19.972862	16.475262	14.941239	16.156340	19.414114	19.169625	19.426717	14.289687	17.178532	13.296169	19.581500	19.695312	20.405661	14.330766	20.088791	18.983108	17.179735	13.154277	6.477201	16.552875	10.928466	14.413810	19.975541	10.727665	12.047667	13.815185	12.929187	20.197459	15.376727	17.914758	17.113531	17.148905	18.521911	18.127270	20.289617	13.008950	16.109218	20.009472	19.958268
10.160348	10.383627	12.985328	17.540389	15.361133	15.168750	20.053660	13.467905	19.537318	11.939265	18.288475	11.636737	12.300139	13.352514	17.579740	19.485785	19.065658	18.455413	10.145777	18.190628	15.747688	19.564319	20.277828	16.050257	20.379802	15.862809	18.536114	18.191209	17.648783	19.673870	17.766484	19.534284	17.663246	19.635585	19.563146	11.021356	19.537797	16.016619	16.011250	17.575444	19.102643	20.052152	19.957324	18.029669	20.423086	16.207813	16.857389	18.276407	11.623393	19.660305	14.326058	14.365114	16.635226	13.760916	13.333051	16.200272	11.335060	18.681351	14.929655	13.635767	20.013993	11.850434	16.914078	12.864237	20.214386	17.665688	19.950900	18.144483	8.842465	14.933530	11.835473	6.720909	10.499655	15.458413	18.363429	18.303826	0.000000	19.362739	17.622409	13.689910	14.322029	19.517396	12.716412	19.328032	16.888562	19.161196	13.929314	20.235077	15.261545	15.704467	20.396360	13.112889	18.978638	14.350371	18.875991	15.178760	17.359024	19.274320	18.549509	20.395579	16.103958	20.352137	17.676102	12.283704	15.427077	15.793126	19.586965	6.528367	18.699205	20.238252	12.742882	19.342546	20.114284	18.318136	20.025847	10.438767	13.694057	18.061267	20.087665	19.853958	15.873641	19.894837	19.119478	18.650598	19.884151	17.894361	7.428625	17.219703	18.287095	13.368553	16.571619	15.441952	18.752637	19.413086	20.373616	15.681322	14.423623	17.623413	18.633388	16.018566	16.429092	19.694486	18.980271	19.517934	20.130933	19.041766	20.292004	15.836854	17.668780	19.581936	9.956288	19.930208
11.990659	18.773098	20.457005	14.780635	15.263629	5.269577	19.030164	19.286580	13.995509	19.182089	8.487680	18.807348	14.725144	19.826264	19.833416	20.016671	19.002166	18.701292	18.338189	11.158582	19.075487	20.190540	19.861195	15.361173	15.847628	12.967168	9.830001	17.675873	12.048723	13.960830	16.764250	20.389109	8.051840	15.238303	17.288290	19.814723	20.416445	16.981926	12.527473	16.102859	14.404784	5.842041	14.538114	18.953925	18.779089	18.707600	16.529500	16.173662	19.771940	16.130850	19.910696	18.078129	19.880922	17.827272	17.629850	10.721661	18.475698	14.962622	19.968324	15.893281	9.906489	9.867613	19.353485	10.448974	20.377044	20.322845	17.133378	15.634140	15.495661	6.570309	20.329049	14.323621	19.525896	8.125690	12.036531	15.781036	20.028121	0.000000	19.963254	19.607232	13.620097	10.576620	18.714136	10.026642	16.474731	17.954994	11.619175	14.085233	12.058157	17.485395	19.214462	18.077085	17.630705	18.270022	19.874405	14.305501	17.649959	19.041263	13.367951	13.200427	8.536036	18.608580	16.889670	10.259417	13.650744	18.866681	19.606384	18.288231	10.103999	14.749098	19.619277	13.225412	19.881532	8.607549	16.525325	10.871863	18.794635	14.752230	16.000797	13.800560	18.482374	15.826971	14.813492	18.289700	10.462489	17.153850	12.864248	12.308465	14.421079	17.027122	8.712951	12.445178	11.272164	18.427627	16.941604	20.412883	13.919596	15.280539	10.792044	14.376433	19.165410	20.162081	9.243924	14.763837	17.333986	17.955756	19.656964	18.839023	18.160718	6.251247	11.026227	18.465862
18.052827	19.407022	7.359801	19.580826	15.570264	20.333840	6.450878	20.466644	19.059165	16.249232	19.551430	10.069838	19.917360	7.227214	12.468516	15.897127	9.228402	10.785917	19.261286	18.960052	18.979839	13.185580	20.167443	17.384808	11.694589	9.254194	17.300980	9.855388	18.090143	19.976554	19.499300	15.781266	15.887867	20.356024	16.735857	20.217304	13.294843	18.961860	18.617369	19.650653	14.862552	11.412882	20.020645	20.132708	12.632938	12.718226	17.748083	13.432317	18.176320	19.871817	12.284524	11.876770	12.711247	12.700673	16.756686	19.855258	14.451958	15.036855	18.136686	11.607212	16.283384	12.320761	18.563048	19.268846	6.605364	14.041720	18.880030	17.673614	15.397649	19.797096	11.575724	20.238785	19.967051	18.509247	19.522699	20.146577	20.118672	18.974369	0.000000	20.418008	17.050798	18.324467	13.861501	19.415214	15.326406	14.425357	12.368849	16.108873	20.364939	15.807374	19.387719	16.043530	11.883269	20.266600	14.289565	10.444671	12.833152	19.926580	11.139069	7.417064	18.477274	19.917992	18.060838	11.162278	14.827542	19.568313	18.835360	20.284653	18.310430	19.705841	18.342105	18.761258	13.959207	12.517898	20.203922	18.870779	20.079594	15.441115	14.653008	15.949790	18.833289	19.872601	20.406823	18.466693	17.440811	18.371342	19.665015	15.400146	19.262616	18.545487	17.518179	20.240657	18.618324	15.184421	19.197311	16.224348	10.937132	19.725052	13.287462	10.445458	6.421872	7.646888	20.425711	19.616416	14.684557	18.762501	15.391233	18.018525	15.718347	20.086748	18.502594	18.951103
20.100736	18.552767	19.806094	10.198587	18.676386	10.489626	17.531044	10.472936	19.026522	19.766909	19.482132	17.784937	15.715691	17.859941	20.437297	16.478274	17.319637	9.077145	14.282973	18.578231	16.395520	20.253772	19.182836	17.051815	8.939456	12.139181	19.567688	10.266359	18.508273	19.335916	17.312861	11.565103	9.006658	14.593904	20.124734	17.816691	16.257121	8.422565	19.223608	12.951534	19.344976	18.828603	19.504970	15.953479	8.226819	18.547380	19.148638	11.405157	15.541103	15.048992	14.457596	20.226594	20.285754	17.872663	9.928477	17.800440	18.677497	12.210705	19.145025	20.443450	20.330733	11.605994	19.146842	13.638315	16.124539	12.196323	17.945487	19.291986	18.622456	11.963409	8.080961	15.930154	18.440888	18.026225	18.005497	20.362605	16.359847	15.030909	20.323267	0.000000	18.890466	18.938532	19.056128	17.436152	10.941244	20.191148	10.676510	13.333158	17.312279	20.453030	18.237341	17.058170	16.407719	20.260426	19.002910	13.372858	15.493008	18.663026	19.521642	20.009179	17.995128	17.805043	15.543383	19.049262	18.637645	20.020099	15.240230	19.115658	13.130613	9.868199	19.436311	17.047599	13.899590	13.623670	18.750278	19.027359	14.809144	19.562856	20.154062	17.590019	17.152034	19.673751	19.575877	20.275146	19.078246	16.460110	13.437236	9.670920	19.178370	10.237943	20.178858	19.792796	14.408493	20.324336	20.163141	10.715639	10.415173	15.427189	16.542871	19.387738	20.057120	18.561985	15.764670	11.331525	20.044003	16.349163	18.785637	14.130292	17.711223	20.101839	17.740855	18.460089
19.481097	12.027170	11.693643	20.142015	18.926545	14.511449	11.948944	7.810990	20.287718	18.518581	16.812893	10.398467	18.778459	11.513778	18.890283	16.892598	16.420023	19.617384	7.263524	17.404432	17.252638	20.350823	13.392942	15.188909	14.302475	13.879404	17.365446	17.203977	16.212909	18.484864	20.431079	20.317715	10.172230	11.364549	16.343782	13.755792	12.042959	20.474123	19.902423	14.074888	12.649270	14.896738	16.025212	8.735912	7.819342	5.199537	14.209643	11.878417	19.813589	16.627402	15.179393	17.936878	16.558462	17.334475	15.166902	19.715932	20.454820	7.853953	14.351465	11.193294	17.880372	12.880308	20.286042	17.825112	20.224878	19.996265	20.468923	11.334617	11.568539	5.033588	17.325306	20.249834	17.681634	7.555626	20.220174	19.411078	9.989552	19.291711	20.167719	18.543677	0.000000	18.609690	14.050240	7.350366	20.117927	10.762096	15.698662	19.877081	19.210838	11.984433	19.042767	12.028408	15.502088	11.761191	19.130859	20.076163	18.348157	20.454158	19.929292	18.228551	19.985278	18.360297	17.655652	15.769812	11.588882	18.350332	20.383597	9.010362	19.624924	18.692926	19.501683	18.407218	15.469468	20.087199	14.770209	18.229992	18.555933	18.810859	18.559050	12.040803	19.260046	9.916683	14.556462	15.959902	10.171845	20.098109	20.289842	19.678552	17.441339	14.471583	8.575411	15.396163	20.132856	19.932977	7.287228	19.507906	17.118541	15.880487	17.337594	10.345212	16.348988	8.704781	12.861898	9.378069	16.250951	19.688096	19.186863	10.020799	17.577897	14.582234	19.407902	15.734351
15.909584	20.051650	17.078081	17.076803	18.912173	18.240816	18.231082	18.240533	20.324504	14.755161	20.443914	14.346749	14.377002	20.468178	18.897625	17.429247	18.223301	15.070539	19.645155	6.960138	6.877393	14.372798	13.871585	16.987325	19.441385	6.420357	20.169659	12.137354	19.363193	14.945180	12.197363	20.372667	15.857242	20.007211	20.457593	19.744676	17.171287	19.187255	12.288510	19.674811	18.957968	19.704911	16.761194	10.730388	17.199873	18.048180	12.759630	12.943257	20.162320	19.969702	20.221165	8.312661	18.390734	11.553203	17.972591	14.795949	19.808235	18.842882	17.907664	16.930938	14.953251	18.797266	8.815982	19.912477	18.468284	18.762289	19.261677	17.531297	19.100057	19.838889	20.079267	19.757390	16.004324	13.188922	17.413474	18.021441	20.335536	15.252702	19.291318	19.160542	19.467102	0.000000	7.708611	15.298953	20.314402	15.578058	15.977235	19.405458	16.000893	20.409076	12.164031	18.006071	19.562554	14.528627	20.005743	11.725724	6.277898	19.980468	18.979090	19.885083	11.183576	7.278441	11.195546	15.634675	7.766492	18.107107	19.253464	19.109154	9.718382	8.437478	17.270644	18.556424	18.125848	6.699214	18.566774	7.824584	20.430441	17.665928	12.915122	18.196416	18.670838	13.305869	18.417347	19.800242	20.366442	14.672845	19.670073	15.864975	19.182989	11.734373	15.828560	10.912277	19.828739	16.370082	20.277349	20.188429	14.609029	19.156296	14.545542	20.266738	20.238406	19.503139	16.115818	19.791752	8.031711	14.941115	18.989095	19.857053	15.169907	20.282322	16.938016	9.127833
17.932558	14.155039	10.874297	19.041847	17.354799	19.859229	9.896358	17.963715	17.034383	19.068905	19.513325	13.964625	11.682654	18.900707	17.988381	17.234044	19.137295	11.212153	13.731571	9.356823	18.239381	14.471032	19.972448	20.186504	16.400568	12.119217	19.305179	11.873370	4.247898	19.993058	16.578834	15.782786	19.027704	10.062374	16.558900	7.738098	15.939710	15.862340	20.204522	18.341870	20.291656	16.821307	16.718115	5.380842	20.016456	18.951407	19.027329	12.086804	11.516588	20.406029	14.240716	18.710528	18.598576	12.241417	16.642753	14.021919	20.430512	20.472450	11.283300	17.027242	10.269276	19.944468	12.305181	18.149263	16.562832	19.174076	16.481742	19.735003	18.829722	13.096838	17.745355	18.225137	13.861426	19.992271	18.806027	20.106404	16.380328	15.354430	18.453428	19.835102	20.105691	19.867796	0.000000	15.931189	7.914659	19.925688	20.106500	10.225789	20.349573	19.933538	15.534173	19.819059	12.043529	20.424914	13.616967	17.841062	19.525474	18.480056	14.581592	13.916246	16.634941	19.199399	20.311743	14.032288	19.297034	20.478938	16.898326	20.288795	15.248977	11.180571	9.894438	16.336939	19.201323	20.418644	12.338354	18.184249	11.117323	14.978254	14.050757	15.154960	15.646942	20.305237	17.395245	19.097961	7.640192	18.150836	14.821763	18.999032	16.598958	16.916861	16.744447	20.309250	13.783552	13.455264	19.613140	19.444857	19.565297	13.166709	13.265868	16.267167	10.147983	19.955452	14.242130	19.156980	17.129289	16.926435	16.615933	9.337505	20.359098	18.561266	13.392104	18.354837
18.169297	11.693963	10.995014	16.434925	18.614188	12.877585	16.698064	18.672608	14.104696	16.432846	12.639751	20.033418	8.668857	19.123099	13.008432	17.432333	18.248508	12.944785	19.829467	17.225633	12.664317	19.547658	13.190331	19.440243	7.079821	18.636383	19.229601	19.021270	17.087588	14.055005	14.237693	17.058164	16.186391	18.175181	20.477654	19.481107	18.641732	16.024889	18.674702	19.287640	19.812998	20.475743	20.426705	17.705710	19.391975	16.756705	5.907728	14.403152	17.471251	10.849796	11.708662	18.253234	20.415823	20.198484	9.779651	18.182886	20.309057	11.491498	20.109213	15.245554	19.330696	19.786519	18.020138	9.701452	17.159455	17.604896	18.955365	14.318837	19.348245	7.202123	18.661133	17.135288	16.425309	19.623940	19.798487	10.917777	14.417104	15.878466	17.635573	17.505566	17.375179	19.135030	20.024165	0.000000	18.723730	17.469264	18.680688	18.904343	19.922828	19.250712	10.699170	18.729206	15.164393	18.738794	12.998835	11.555988	16.237012	16.255067	19.763431	19.804389	13.297808	12.184104	14.773022	19.115172	16.593537	18.371252	11.454160	16.385043	16.866746	18.095566	15.941357	20.456083	20.382720	19.135862	18.759129	19.718532	16.436451	14.368364	6.953563	20.366711	10.686883	12.917938	19.130361	18.817869	14.054965	18.909298	10.497094	17.669089	14.293813	15.345728	17.857489	19.637053	18.904134	17.033402	15.881707	16.652423	20.153644	20.444659	16.332462	18.877853	15.494884	15.415931	14.287504	9.006500	17.816025	18.047730	20.208655	16.532444	19.873130	12.320663	20.397660	17.999130
18.709830	19.691371	19.594984	15.223837	16.088472	14.526527	17.042420	5.924043	8.434736	20.087215	11.622145	9.358777	8.298157	13.515244	13.539081	10.885916	15.385129	12.778616	7.127507	15.459020	19.332927	10.821124	13.553550	19.555800	20.380631	7.680465	13.075274	17.774168	19.154964	20.457327	18.231995	18.358135	19.260242	19.876711	16.948294	15.507741	18.496259	19.781073	18.151662	19.461537	14.104945	19.110124	20.396085	20.443419	11.842273	20.235817	15.447020	15.644796	17.013367	12.186641	18.172492	14.000785	18.623954	16.215397	16.804987	17.287265	12.612678	15.966077	19.877695	17.947926	9.554985	19.091994	7.980343	20.180409	19.482235	19.594250	15.775151	18.868739	10.779743	11.851697	18.052796	18.647600	18.134725	16.156673	20.478391	13.478954	13.352832	19.263656	6.552347	17.704969	19.643813	10.993838	18.955818	15.716969	0.000000	16.689486	20.080781	18.808965	19.656831	8.507328	17.980741	18.064965	19.451774	13.941168	19.647957	18.488326	20.456891	19.511458	20.418358	10.144686	14.758829	19.063306	10.375582	14.513820	19.796623	13.475780	20.178273	20.029175	20.070109	16.079071	5.457827	18.925373	19.934234	14.427535	16.787832	13.953493	19.114136	15.418581	18.235649	16.835066	20.457357	19.298875	18.308080	18.092817	20.311248	20.074125	19.101323	10.963691	19.532375	20.424038	19.784421	18.350120	15.321956	13.428321	17.946182	16.782065	4.870841	15.908694	7.425115	18.776561	19.086808	18.979783	20.457190	10.724635	15.176973	16.166156	11.647210	15.528542	13.190925	18.957939	16.522024	20.306925
18.797137	17.934426	20.348186	18.774992	19.998265	17.009071	4.848955	12.243376	18.446899	20.202086	12.481052	19.220037	18.887717	12.597266	12.850034	18.097330	16.398562	19.560076	19.375726	5.434445	16.652924	9.442907	8.121715	18.090183	18.358395	19.834946	20.023220	20.182349	16.677798	17.537588	18.504781	20.129090	16.973401	20.305416	19.438879	17.226412	11.614271	11.560862	20.286427	6.742183	19.796390	13.713177	7.501504	14.638936	12.741340	19.297279	19.588356	20.477459	16.489249	13.491992	18.677985	20.156747	18.886276	18.905957	16.690551	20.201769	19.684796	19.997324	17.743838	19.010592	6.735718	19.610159	14.041856	19.871324	15.681813	17.634271	20.140656	20.472042	14.574358	17.494566	14.506867	20.031525	19.154067	20.458187	17.315490	15.724000	10.868083	18.601667	18.501187	20.475984	11.016271	15.556912	12.953321	20.111872	18.610321	0.000000	20.077392	19.962700	14.450990	15.742367	20.188637	14.901078	14.792540	11.311122	15.212548	14.327658	10.772959	19.381783	12.026395	14.248741	14.440101	19.222790	13.899565	9.703485	8.898103	16.741259	19.507656	18.705155	20.454582	18.939729	14.930607	6.349974	19.772999	7.038308	18.847573	19.133041	16.626006	16.184558	10.788114	20.311614	19.892363	19.493242	11.745873	14.854855	19.046487	18.042126	11.599763	15.696962	20.204122	15.330131	19.850775	18.417235	11.705867	18.910404	19.591820	18.096515	20.321013	18.087202	14.387927	16.051303	18.733536	19.969448	20.218493	11.109876	18.219388	14.459160	19.987924	16.363595	13.596510	13.764639	14.204004	19.311328
16.804549	18.729768	15.154384	11.600916	19.585932	17.721698	16.556588	18.558186	17.395118	11.735959	19.786657	14.107348	12.105601	9.702947	13.433628	10.490298	20.467537	18.632452	12.579361	13.671698	19.492429	18.267658	18.080292	11.838523	17.819141	16.388610	17.559181	20.344217	11.563729	10.380509	5.242845	13.678359	12.067316	12.424857	16.299161	19.604839	12.798048	19.791153	18.018741	16.591131	12.398467	9.838151	20.162666	17.525680	16.199673	14.516333	14.867711	16.994734	19.369191	15.477553	15.682444	20.270992	17.794903	17.010296	18.470232	19.819095	15.154593	11.185249	17.586698	19.089297	17.104445	16.954727	12.080414	19.029458	14.970378	13.059526	18.057864	19.483761	18.144038	15.181793	20.165916	15.093407	18.976663	20.240791	19.659647	16.915552	19.768847	18.342142	11.119527	19.467418	17.683353	19.742437	18.730504	15.601501	16.329024	18.009680	0.000000	14.866168	20.448089	20.212366	18.316614	12.236268	19.349324	9.691243	18.121951	19.586599	13.969565	11.677980	11.241804	19.839411	18.349294	13.411336	20.098432	18.683158	14.427550	20.466535	19.715730	19.811842	18.520911	13.848875	16.599330	19.733888	10.572799	20.057643	15.567788	19.958071	19.960998	17.603469	6.451312	18.325320	20.331152	16.872506	19.767792	19.910908	11.191529	11.575885	18.027800	18.706593	18.251509	17.175320	18.127397	4.968595	8.756712	16.313951	10.130437	15.423445	17.460031	18.757103	19.387195	16.826546	12.957070	19.649628	7.529536	15.683523	18.849026	19.392796	17.965499	12.114448	19.573826	19.025795	16.772907	16.757619
20.305106	16.923601	19.542089	13.161281	20.012217	20.381281	15.900157	20.465710	20.282416	12.664228	19.351818	17.631811	19.050587	7.495306	8.450095	13.225779	18.254296	14.355731	20.391267	17.714394	14.277546	13.327211	18.464133	18.639459	11.953655	19.647825	13.857196	20.149839	19.759573	11.316413	19.328764	16.073923	20.285110	16.260364	12.187085	18.367115	15.256276	19.400124	19.854337	18.227766	16.033877	13.293375	17.182722	16.421361	16.347699	20.368569	19.864472	11.783772	16.693197	19.695486	17.626813	20.378313	20.391586	18.776452	15.363298	10.092430	14.058877	20.033708	14.277786	11.388877	12.665774	18.868619	16.576661	10.491755	9.018124	19.168444	17.517592	8.813686	14.754480	15.663477	12.500259	17.537029	11.955765	8.939759	13.735143	19.618072	20.334692	15.726627	5.340931	17.620152	18.995874	15.089738	11.299972	19.988989	14.308880	18.825109	8.277435	0.000000	19.743106	7.725286	20.394283	16.890868	20.100042	20.122357	15.314214	15.584468	20.029705	18.896291	6.693712	15.675490	12.299818	18.214159	15.188717	18.419315	19.317191	19.603283	17.896570	20.388865	19.078846	14.722114	19.511751	20.437936	19.995753	10.809427	11.784318	14.640472	19.406990	18.340167	16.657755	20.117996	17.821372	19.691787	19.102646	20.273885	9.288930	13.603757	19.668715	18.923589	7.915438	17.332995	17.088822	18.591258	20.471855	19.765104	14.052906	19.745298	20.464853	13.622261	11.904614	20.113538	18.464557	12.413201	18.992005	14.097968	6.937063	9.546220	12.807336	20.088826	18.371627	18.101279	6.314499	13.997352
15.462183	19.039330	10.168256	15.741276	18.781539	13.442797	16.942222	17.393251	19.871197	18.385464	19.558469	10.815625	15.428459	20.141357	19.998482	8.817979	18.688388	18.203778	11.394105	15.206932	16.500403	12.673316	19.165846	19.145522	18.590167	16.041100	12.563617	18.888439	16.027796	19.299660	12.373729	11.211058	15.555748	13.480955	20.461923	9.978061	12.902727	5.965010	13.426096	18.087835	20.142928	15.275000	19.283394	16.543437	16.653331	12.219869	14.976965	15.583977	16.159592	19.345833	13.377635	17.686894	17.498405	18.502505	20.243132	16.478898	19.529881	20.000854	19.519586	20.249351	17.671553	20.427216	20.169382	19.139083	18.545242	19.348491	19.645542	18.160840	18.761491	16.980070	7.563927	18.895240	20.403370	11.904840	6.844654	20.142893	13.188018	17.053418	17.812479	13.621326	20.115361	17.448931	17.448048	15.444118	10.366890	15.509709	11.306881	19.035389	0.000000	11.026644	16.566408	20.208074	15.372606	10.072838	20.334889	10.790859	15.114071	19.584017	18.169765	18.880830	8.479841	19.343783	18.887547	18.502523	17.919954	16.864666	17.855977	5.880275	16.852937	17.937970	16.123242	19.006295	12.146975	14.049689	19.269937	19.379802	19.710726	19.320813	18.915403	13.837767	18.888921	11.968197	14.391997	20.382067	19.615757	17.625161	7.215354	11.111826	18.417930	8.552579	15.308484	20.246226	12.629477	17.038654	18.201073	18.695591	11.629870	19.724980	19.888622	17.585238	18.709835	20.288408	16.107695	11.119538	14.385698	16.234516	18.391698	9.557245	8.971110	20.443301	17.040979	15.838995
19.799562	10.427283	19.783665	12.449143	19.130716	15.513193	18.925946	20.468731	12.875875	18.224673	20.050247	20.354282	14.227185	19.812865	19.166979	16.451678	18.003407	18.579580	19.081839	19.833694	12.374175	20.352035	18.762283	8.829782	19.620567	16.815222	19.539314	19.240076	14.644803	18.421081	8.386274	17.649519	15.704904	19.844645	20.356414	13.791920	20.479992	9.967600	19.831255	14.172635	18.385474	18.265147	16.582446	18.859576	11.199425	20.104421	14.492893	16.444212	20.406994	18.689012	14.328107	18.452941	18.532943	13.213883	11.824378	16.292601	13.379952	19.772601	20.276522	11.292114	19.519069	18.521860	18.999199	7.629066	10.214340	13.957071	18.146195	18.065666	16.106792	19.831691	13.791443	11.441029	20.220635	17.307972	17.548424	20.354563	20.363764	19.760784	18.991813	15.168842	18.067678	13.392656	20.466920	15.216282	16.255410	18.263876	18.596364	16.249270	15.373050	0.000000	13.085199	6.843754	18.877058	17.224877	17.895604	19.313345	12.640643	19.299071	9.842968	17.037648	18.176396	11.887382	7.852889	19.347492	11.189107	17.363833	6.443487	17.286071	18.510878	20.185675	19.477927	20.066678	20.271698	15.068802	18.100527	5.686628	16.481335	12.777060	11.648775	15.016397	15.393790	19.954432	11.954165	19.577549	19.991009	15.873701	14.132860	18.576921	11.112799	17.492949	15.904986	15.139066	6.503241	17.929642	19.212661	8.393320	19.876480	13.206193	14.660197	20.324942	10.388634	18.558556	17.710034	18.043343	13.970564	16.179983	9.961236	19.178247	19.764761	18.519799	20.147370	18.110517
12.930177	10.017649	17.881355	18.746452	20.196290	11.554437	19.673870	11.054846	20.257728	17.962829	19.251574	20.367185	18.718117	19.079036	15.630261	17.194381	7.743752	16.853985	18.544708	16.176081	12.206320	15.414169	15.576817	17.141377	20.327280	7.210643	11.520266	18.738400	19.874200	12.870696	15.555875	18.788210	19.458770	12.236898	18.996542	19.907882	20.131460	14.928988	12.855610	16.609568	14.657139	13.232710	13.982119	11.600853	16.023875	15.982229	20.151493	14.215944	16.645230	11.368508	7.731501	11.318301	14.637329	19.032838	13.631031	16.916924	10.537758	13.895476	19.440416	15.858736	20.215469	17.029571	17.834246	19.986842	9.318229	16.484252	16.701040	15.924088	16.798361	19.967727	10.159425	18.578148	20.478002	18.164107	14.395949	10.933812	19.526804	16.369603	13.286492	19.833519	19.595572	10.621896	17.641078	4.976048	19.145906	19.466449	8.587857	12.738953	15.751135	20.136582	0.000000	20.399655	19.839556	18.109931	10.328285	17.911576	20.343247	19.604953	18.522619	17.242331	15.074853	15.760700	20.236181	17.917618	8.737419	13.082383	17.958201	13.231630	20.409173	20.442624	20.279284	14.162648	19.358673	6.768277	14.267792	17.463569	19.128594	18.984525	12.875287	20.066607	12.010006	15.647290	14.440173	17.945864	18.684070	16.973159	18.229004	18.196282	15.783832	9.327619	10.980576	10.925205	20.477159	18.447172	19.871723	20.395198	17.626896	13.634236	18.753280	14.712722	19.514412	15.289686	19.426331	18.757798	15.050593	20.451998	13.189086	16.682639	17.428296	12.907958	9.144069	15.938604
16.335295	18.955071	11.765823	11.870709	20.311120	17.802500	19.894299	20.197555	17.536988	17.900843	15.557614	18.575892	16.071778	15.639095	15.997591	17.479330	20.022426	17.755688	19.051931	19.205696	12.196804	20.072575	20.474043	19.747797	19.865480	18.755647	19.975992	17.345726	20.440854	20.259967	14.144379	18.789704	9.628493	15.095103	11.916116	19.785531	18.028677	13.883270	11.955367	15.505305	13.398333	9.077146	7.211616	10.972302	8.106527	11.245549	16.126585	14.546479	7.239070	12.610580	6.468544	19.130901	19.968177	11.163143	15.652398	16.296811	7.899804	17.051388	20.406969	14.957392	20.369305	15.355877	20.005260	20.477423	18.908340	20.103486	20.094771	17.326216	19.306072	16.966654	12.503038	7.609449	16.230013	16.643992	9.196123	19.589350	19.111653	18.289824	19.784554	14.920858	13.568702	20.432195	17.714642	18.633648	7.668126	19.771034	11.002756	19.458094	18.169749	19.587498	19.761393	0.000000	18.155141	20.218019	19.667495	20.099157	17.546723	20.039685	10.725954	15.254184	15.996331	13.124798	13.992090	14.636920	18.075283	20.387775	7.457045	19.034643	17.549273	20.479041	20.312217	11.809902	14.538331	8.025743	20.272742	18.875420	18.432843	20.105922	19.317542	18.629212	7.899230	16.226393	16.642544	13.416529	17.307127	14.424496	10.587320	9.974205	14.188555	18.532600	20.321785	17.759224	20.041145	19.259301	10.199670	14.196605	14.113170	15.280097	17.727705	19.631126	18.918905	11.623262	13.023813	18.031583	15.892336	20.133621	11.467052	20.467626	11.213154	11.883037	15.636638	19.227114
10.206382	14.202077	17.589460	10.829616	18.171231	20.414000	18.137602	17.590129	19.982701	18.015689	16.166774	20.184929	13.385996	16.755122	17.315052	17.143815	15.647909	16.971582	13.756984	18.211607	17.418789	17.262771	12.970137	6.578327	18.337113	19.815779	17.746065	20.009884	19.744113	18.825063	18.089611	17.935191	14.533444	8.830260	5.034086	18.461642	19.417424	19.067062	4.607662	20.386656	18.326839	11.717649	14.164097	14.420541	10.354609	15.548065	13.159718	15.717809	20.361902	18.690447	12.330792	19.152664	19.477343	20.432902	15.597454	19.970565	17.965462	18.383130	19.750566	19.961765	13.115110	17.909536	16.506514	20.443215	20.345780	18.467833	20.248846	19.816008	19.890684	16.174257	20.081280	18.327170	18.698020	20.156598	20.467476	18.038278	9.180139	20.173053	13.906263	15.828728	11.851086	15.122237	12.214971	16.837505	17.205063	12.402129	14.058375	19.773335	20.095862	11.425722	14.438276	12.391443	0.000000	18.583961	19.974969	8.818837	5.495325	12.253923	19.954241	19.672147	20.025655	10.890459	13.261332	8.989161	18.428729	12.736359	16.837782	8.435058	19.532573	18.263602	20.285394	15.424237	17.450751	18.753296	20.150164	19.210386	12.228554	16.489613	19.192558	17.944385	13.859145	16.221518	20.109677	19.895234	18.365462	17.418800	20.115816	17.867688	13.376546	18.135748	14.136681	20.369727	11.778779	11.627678	7.195746	17.150902	15.522240	19.815994	18.068942	17.006515	6.637888	18.188072	11.677912	18.528171	12.262111	19.122345	15.217156	17.673024	11.775293	15.195470	19.891004	18.729958
15.240636	5.500851	11.312475	16.557941	19.666201	16.485592	7.408471	18.997386	16.531013	19.933144	20.243326	19.701200	7.430092	20.168403	19.812420	18.067110	12.623023	17.442648	12.687992	17.300416	7.593709	16.785396	10.921622	9.754787	19.814175	20.132433	17.466108	17.530914	19.952513	12.302850	20.458335	20.479848	12.141457	10.127590	17.226399	14.657000	20.469893	8.221000	17.605089	11.729587	17.833485	20.478871	13.552393	15.317366	19.864169	17.866638	6.856180	15.057438	10.028286	17.550767	15.085342	19.045118	15.308158	15.700293	13.637432	19.761178	16.515848	19.802359	14.705183	18.726558	18.668540	12.490631	13.970173	20.163500	20.202534	8.020308	16.100176	18.937247	16.685478	19.492275	17.906106	5.719142	17.844392	19.319349	18.156247	14.060971	19.246719	17.759912	16.200755	17.424943	16.274614	20.319186	13.432730	14.333322	18.149633	10.874008	16.909758	14.643433	5.117895	16.709639	18.090088	17.245865	14.796677	0.000000	11.288333	16.314335	17.123282	17.221657	15.822030	19.303537	19.053330	16.707120	19.488217	13.409083	10.802353	5.795518	18.060274	20.252886	9.519483	17.197689	16.370733	15.995509	9.333973	17.456110	15.713229	18.598206	6.907989	18.638378	19.353951	17.355648	10.169007	6.316976	17.633770	9.473085	20.316585	19.589270	10.329561	16.829042	11.575505	15.033499	19.365165	15.817117	9.784294	20.415295	19.760527	17.605528	20.087289	6.826703	13.206380	15.053163	18.187142	17.263296	20.472721	13.013721	16.229081	11.868709	17.505778	13.316631	16.145261	9.049670	10.874307	17.386998
20.267657	17.297117	15.222363	16.989894	17.452251	16.933214	16.157276	19.273788	19.205016	12.107740	5.856914	20.466686	5.893444	15.507298	19.429606	20.300510	15.712520	18.084857	19.674035	12.546120	17.714331	9.877828	20.233865	16.278406	20.367344	17.575236	11.061284	14.263850	17.544847	10.405868	18.562338	18.135005	11.351832	12.002415	5.803211	17.731475	17.874030	20.183710	10.791264	16.372780	18.167161	7.589603	17.936325	10.953156	13.538024	14.645814	20.410579	18.771345	13.241604	18.839366	5.549720	15.992269	12.093221	10.762075	19.711331	19.302793	13.518692	16.541490	13.327640	20.020304	6.473954	10.892466	13.644953	12.958041	14.870789	15.923360	17.706827	18.485175	16.445213	14.437407	19.513012	20.286055	11.484795	14.788673	19.731459	19.530211	19.564286	12.385087	20.224541	18.832752	19.661821	12.988673	18.693926	18.762988	20.218224	15.685493	18.926105	20.446124	17.315602	15.757043	20.416853	18.969724	15.528424	17.361849	0.000000	12.576384	7.794348	18.887423	18.544646	19.856977	18.027157	20.418013	14.489925	16.386637	17.574467	10.693877	13.409576	9.842968	18.517165	8.437125	13.840236	10.603448	14.496098	12.947577	20.454042	5.759148	18.704934	5.507666	18.358465	17.746841	19.857843	19.838535	17.999712	10.761671	20.113900	17.528536	12.870203	19.975056	18.202842	12.975824	16.927784	16.473614	19.186374	18.260645	18.237270	20.189345	19.038563	16.030470	12.027420	14.703105	16.326206	19.695713	17.618322	20.391659	9.219252	19.468303	10.091440	20.234919	19.956729	18.897085	18.846282	19.590647
18.287375	15.322572	19.427125	17.252523	16.555658	19.226564	17.589121	19.816424	18.642303	17.055040	17.971614	9.036751	19.458486	19.227078	14.348133	19.866316	20.278178	17.509846	18.065871	9.387682	14.939467	14.994185	16.722316	19.263638	18.082575	6.478648	17.141960	7.873159	20.438545	18.848070	18.978629	16.699805	18.210214	18.610035	19.254008	18.211471	19.731695	9.006894	20.294314	15.976055	16.736847	19.909467	18.769547	5.459152	19.303594	20.439329	14.622715	20.076897	18.554775	19.331486	7.028651	14.846109	15.488132	20.381502	15.775602	11.374503	14.622195	17.386568	19.280027	20.335253	19.025343	19.872733	14.629696	19.930265	10.849022	17.942733	12.388933	16.169563	14.473348	16.947882	12.181990	17.105803	17.220280	18.142025	19.930532	17.844698	20.465650	10.372456	12.909144	16.156122	19.324589	12.863010	15.351747	14.761935	13.284037	16.223749	16.875176	17.654926	20.047632	15.228984	20.340441	14.971824	17.407651	19.982901	16.146885	0.000000	14.038356	20.377627	18.719593	19.491723	11.718617	15.077382	20.348078	20.394129	12.785894	11.151368	14.916990	20.063054	20.321815	18.236250	17.874111	17.438279	8.248844	17.250597	13.392953	14.343199	20.103992	16.971911	19.582701	19.557694	19.895120	13.190388	17.051024	18.624788	18.578914	17.047672	16.770063	13.569289	16.061131	9.723528	20.178469	20.044533	13.944754	19.111686	19.848153	20.357916	19.920602	20.378624	9.921816	11.032326	12.082119	12.108723	18.239464	20.462665	18.017404	20.035016	12.081783	18.339034	10.792116	18.173830	12.075929	20.179788
20.070092	20.189011	13.822720	19.299913	17.850525	14.424000	8.647695	15.582269	8.213869	16.156824	18.203764	15.108745	13.800189	13.753258	19.700625	16.672430	20.247168	17.351500	16.398535	19.206387	11.841147	15.252245	18.896143	20.400019	19.874799	13.445623	19.469463	11.143082	13.630810	15.474531	18.648500	14.093441	11.861002	15.231458	6.372229	19.887621	19.943131	15.826934	17.332112	13.156660	18.137478	18.988163	17.935036	14.627026	17.921834	12.170803	20.407413	20.470144	17.788876	15.552811	10.798116	20.232886	19.858710	17.048945	15.540472	19.701232	15.216512	19.689592	18.647586	9.717229	17.346303	19.802404	18.283117	15.779095	15.993499	19.018910	20.114002	9.182099	19.902694	16.728023	19.016423	19.930004	20.108082	17.141948	14.445965	19.914781	16.818643	18.572562	20.217331	19.681069	18.776449	19.649533	12.113640	20.054774	14.916976	19.971883	18.565309	14.558040	17.794015	8.819504	17.268726	19.182866	7.016736	17.829024	18.505759	15.222767	0.000000	16.125503	12.035880	11.585950	16.694264	20.417429	11.697532	18.046339	19.335139	6.414690	20.298231	20.445207	17.759842	18.395843	16.523061	20.187027	14.323861	10.469645	20.053041	18.522381	20.314624	19.904111	20.427507	19.617820	15.063503	15.562729	5.862643	10.678304	19.849686	11.206343	20.288775	13.263738	16.093361	18.450087	18.711580	11.938934	20.219090	20.084290	10.312406	19.794778	19.421724	8.611082	20.297926	15.582080	20.041886	20.371619	11.152337	13.505257	18.376422	18.490735	11.212152	20.435553	18.678972	20.240669	18.360488	9.915505
10.354559	19.937266	17.216820	18.488301	18.422442	19.093303	9.215496	17.153900	6.447775	19.607418	18.665587	14.409093	18.430361	19.059896	14.071633	16.390132	5.254919	18.598909	19.318593	18.839464	18.094744	7.968664	15.118623	14.515976	16.941191	20.017041	20.013324	13.368097	18.779571	19.525680	17.804004	20.199197	10.852676	20.278541	16.578787	20.413966	13.162219	19.149152	18.855826	15.985102	18.532246	12.920438	18.480531	19.907729	19.242755	19.287417	19.326839	16.208586	17.201120	17.167582	17.051528	16.182388	20.391268	17.968086	19.301706	19.478251	20.030372	17.887453	13.348819	18.741824	15.133239	18.883463	13.448975	20.023863	17.834237	19.236303	10.315197	7.885596	16.959615	16.905836	19.805054	6.774519	18.918367	11.922160	12.632346	18.586176	13.444064	17.929243	8.941824	20.054739	19.471708	7.009437	7.689909	18.843177	17.398102	18.018769	19.593889	16.397975	15.531280	18.951682	15.924693	20.062801	17.543108	15.559820	19.439932	13.957444	18.682134	0.000000	20.445423	15.667116	20.376689	15.683983	15.991686	15.722719	20.196357	15.924324	12.877113	12.304229	17.398248	19.433394	17.389827	19.930729	18.034298	19.414270	17.692361	16.600827	19.140113	19.907455	9.577119	13.578192	6.792993	16.845182	17.411432	16.136484	16.090562	19.397735	19.975948	17.704760	13.742153	9.868965	16.310664	19.104907	18.303745	12.234780	18.984452	19.655261	19.458027	17.616943	10.098630	18.864606	17.086035	10.681467	15.049490	19.716188	20.040040	17.479746	18.478503	15.880052	20.301998	16.860504	20.463219	10.766027
19.245096	14.010048	19.361648	13.091577	19.705355	17.489415	14.351849	15.936245	17.541893	19.229037	14.180422	17.374052	19.918489	9.459504	20.257906	20.436621	20.465189	17.546225	19.414913	7.383100	18.615460	17.738190	18.310392	17.995879	13.251130	19.628973	10.003055	16.006389	20.029817	20.002558	14.391139	13.647995	17.798746	19.947354	20.335208	19.955457	8.661830	15.598799	19.352389	17.832309	14.257682	12.644958	20.198736	10.180874	12.098917	20.479853	18.313825	16.721043	18.529742	18.246632	19.640473	18.726457	7.522771	15.597576	19.572898	5.992823	19.593376	17.753876	12.783255	20.260710	20.142182	16.799766	19.154726	19.771397	20.162389	13.644824	19.395580	18.080267	19.214038	8.276227	19.936598	18.744859	18.153303	18.514958	20.446729	19.305793	17.914078	20.133681	12.830961	19.870164	13.360996	20.099526	15.145084	15.107575	13.876648	18.916396	14.317871	17.538924	9.879156	14.295586	19.460674	18.940922	19.208332	17.061920	20.204405	17.248019	17.757179	11.021967	0.000000	19.192032	19.751792	18.996565	5.460940	19.502819	15.375560	18.922756	11.569305	13.932132	20.385335	19.113898	18.858478	19.495395	13.704501	17.396575	15.687791	13.880974	12.729214	16.547581	19.303596	16.879161	15.378067	16.931015	18.552597	15.627012	19.343133	19.740866	19.975551	20.224518	11.913198	18.805459	18.419591	6.999358	20.142492	19.257607	18.512354	17.569559	17.543251	18.530162	18.908713	19.075547	20.298427	18.185906	10.664490	7.634400	19.362981	11.170670	13.583154	11.602970	11.374363	19.223502	20.068278	16.368024
20.330610	19.689940	16.172019	20.349183	8.312324	17.456890	18.626066	17.670737	19.054176	20.043056	19.319930	16.019131	15.817380	20.387777	17.843845	17.262205	15.561007	11.950315	20.463646	18.938996	20.018819	18.998890	14.559502	9.552318	15.706722	12.391479	19.998015	16.088642	15.571244	20.470549	20.059118	13.734955	18.242087	17.601953	16.119786	14.772596	19.244122	5.314816	17.802571	19.281141	19.558627	11.381051	14.102984	15.899922	20.303906	18.396573	18.119306	13.255699	14.720221	19.086842	18.486582	16.038359	11.103477	11.803455	10.693399	19.799177	11.956276	6.736704	11.434563	19.368335	18.317881	14.957896	10.023222	12.268635	19.822595	11.453254	11.014299	18.105611	6.730044	15.382061	12.329326	11.132530	17.169574	17.829808	13.778696	18.793734	18.175033	13.275972	17.234511	17.629564	14.038422	18.799887	20.045895	19.793643	19.647722	20.053635	16.135360	19.356945	19.313479	18.129628	17.561121	15.161613	16.684486	16.414388	16.624703	9.647968	20.097997	16.562209	20.425361	0.000000	14.432072	18.204169	11.791775	16.543572	16.941872	20.266599	15.194266	11.765272	18.942429	10.440386	20.011420	19.603457	20.067917	18.413240	10.602294	19.867921	16.049884	18.687757	10.535441	7.889988	14.724642	16.030532	17.595358	18.312165	16.455165	9.790427	20.418316	10.163292	20.390055	17.230290	19.370059	9.104391	8.812200	19.695535	18.821371	13.937963	15.440386	17.963016	20.426545	12.819096	19.120953	14.613853	19.282781	5.126563	16.757136	10.748513	14.150023	18.807576	9.675596	16.914119	19.708624	20.296025
16.035343	17.059712	8.852519	14.372468	19.459572	16.980523	12.927496	15.945196	20.426244	18.794853	19.159276	16.598102	18.647032	17.268890	19.350024	11.779127	18.094910	19.172054	19.940881	18.785948	19.376633	17.828907	17.074841	13.820431	19.257523	19.807445	16.332448	20.349978	19.346614	6.525987	18.910221	13.832512	18.744612	18.417118	17.780368	19.149728	15.847151	11.647341	20.433617	18.097399	13.378689	15.581659	16.640342	20.298163	10.649130	20.111192	20.218223	14.850183	13.476548	16.050467	15.725993	19.862913	15.495873	9.884567	20.220928	13.680666	18.813930	18.464456	14.139711	20.426377	10.252716	17.682541	17.784672	19.436794	9.280774	14.648733	14.932891	20.466398	15.957607	14.789668	16.699874	12.845521	16.879459	12.325271	16.797829	12.182727	15.196272	17.770387	14.411155	15.627835	20.416230	15.884896	18.332654	17.976635	16.691794	17.147651	14.459371	17.394755	17.858863	20.439165	20.111270	20.134355	17.878326	16.536047	13.092483	17.436463	14.526193	12.296394	18.155917	16.532518	0.000000	20.040857	12.208446	19.779242	13.774613	11.292223	20.008244	16.500567	16.815727	8.720698	19.194308	13.314507	15.067099	12.080839	19.476446	19.740709	14.518399	18.395672	19.458482	11.370254	20.386191	14.300247	19.810540	12.867531	16.192540	12.776272	20.316020	11.277179	18.311721	16.451990	19.858438	15.567978	19.525005	18.488549	16.124299	20.247514	19.370579	8.232169	18.309939	20.104749	17.759195	15.670817	20.081012	10.831519	13.439318	20.423332	10.552554	18.753936	17.041446	16.841328	16.451052	20.215006
20.163525	18.903834	19.488803	14.027674	16.887571	19.941663	20.257910	19.742367	19.691731	15.496009	19.290536	11.535097	11.176197	15.194636	15.721248	18.175857	20.398307	13.927576	15.424255	17.212268	19.558303	9.860608	16.836478	20.468058	18.352495	15.076394	18.732493	10.418651	18.976309	7.965029	9.235983	17.926690	15.679620	12.295300	15.078758	10.782559	13.031315	12.337970	17.425128	10.683622	16.027536	18.288753	19.644544	20.322267	19.991606	15.383711	16.756994	13.737129	18.887204	6.624823	13.015365	17.404651	20.220930	19.488628	15.212733	19.343990	19.667690	18.380771	17.630138	14.465379	19.523537	20.299666	13.403195	14.888344	16.042684	19.163439	20.372774	19.635540	18.063935	13.985830	18.173666	19.099729	13.141728	14.042331	19.801360	17.964693	20.131170	18.929611	11.377895	13.039564	9.401191	20.208106	16.579410	18.609632	9.737435	16.599548	16.063224	20.243258	10.143353	8.030518	19.747549	17.889353	12.869414	18.029540	18.558138	8.184624	18.281383	18.379431	8.743925	18.442941	15.602540	0.000000	20.302606	13.184794	12.835691	11.720027	15.515074	19.166093	18.868739	19.552375	18.142554	19.745734	12.738073	15.916996	18.653285	20.318275	11.043747	11.325023	17.418759	13.148393	20.273182	19.949889	19.646551	14.003747	18.021951	15.995524	17.042212	13.098742	19.422680	15.904415	8.088845	16.282192	8.384064	14.740592	7.994631	9.818170	13.659508	12.347834	18.296913	20.198351	19.426041	19.203174	18.033490	19.521913	14.395094	17.356103	16.315733	18.873097	19.891631	19.947886	10.773654	18.723029
13.970300	18.690784	12.602199	14.189464	6.668257	15.537111	16.004579	17.405772	6.152988	16.365993	19.527411	19.719203	17.960559	17.623943	9.740199	18.248284	13.367531	18.690488	19.993040	17.999212	20.284039	16.733533	13.294574	7.700676	17.061085	16.443439	14.816774	19.999248	18.539988	20.264225	15.194705	15.486497	16.150829	18.389252	18.099588	18.682751	10.330847	14.091648	16.299807	14.302247	13.057936	14.337843	16.917558	17.466310	18.216933	19.627405	14.207248	20.354915	11.372218	16.120827	19.948052	20.465541	7.286240	18.061381	14.724806	16.881879	10.774571	17.055459	14.080586	12.813418	18.091219	17.256740	20.324705	18.988284	14.367327	17.880438	19.880657	15.405030	16.443184	19.266936	16.608592	13.510047	17.930688	11.855666	11.846394	17.388847	20.469228	19.792102	17.938793	20.203958	15.270995	19.159376	17.234909	7.417763	12.067575	16.020899	16.817411	14.906156	18.862887	11.422682	17.727270	20.210604	16.284843	19.520893	12.064306	17.078697	16.996257	19.868994	13.846607	20.374950	13.411124	9.025812	0.000000	10.567709	19.875575	20.219841	14.037482	17.497288	14.877675	14.305095	20.275657	19.716823	14.784046	17.265453	12.620220	14.816669	12.682658	18.056700	19.000718	16.899104	11.289334	16.786389	19.391673	8.668058	9.428140	20.037290	13.252490	17.827341	18.500768	8.502291	12.524638	16.477223	20.293987	13.015022	18.911137	8.506993	17.925526	13.065193	15.425806	20.255821	19.433415	18.585391	19.515870	13.294046	18.816435	20.117514	19.018064	19.968311	11.774343	14.588107	20.185989	20.479137
15.014423	19.633229	18.640983	11.756217	20.304839	16.055565	20.279235	17.034044	19.056178	9.669201	16.295590	20.470939	19.913251	14.611005	19.976631	10.753355	16.615582	15.277818	17.327010	20.084507	17.272743	13.582366	12.763116	19.213798	18.745310	15.721715	15.353334	10.223996	14.587038	15.438133	12.522246	15.597747	13.381495	18.441260	15.869653	19.015292	20.040474	18.286991	14.068253	14.933464	19.606734	19.934581	19.483899	18.176416	13.161843	18.272044	13.016778	15.743982	12.279917	17.158227	18.293763	15.034674	16.714788	14.409585	19.818640	20.251949	18.757035	18.618607	16.206782	17.065544	19.990159	12.164101	10.326158	17.150298	18.849173	6.655264	19.256101	17.615057	10.867300	17.136909	15.713298	16.355315	20.361933	15.984657	19.595499	20.062825	19.644124	18.686412	18.638744	20.315818	20.370493	13.837461	20.200414	19.957724	19.922759	12.945398	7.569387	17.467547	10.054979	19.745350	17.171881	14.400192	20.399963	17.520389	17.629911	17.430407	20.226087	20.433877	19.926332	19.790274	19.397737	7.555899	20.051858	0.000000	8.967788	19.007093	13.192780	11.144242	17.570337	19.439317	17.366998	18.486176	14.395273	17.035779	19.211046	16.632114	14.544270	16.494124	16.008309	20.133969	20.197680	14.187742	18.439411	18.911877	18.829589	16.620210	17.943031	10.273138	18.050495	19.357181	20.192408	12.360981	19.473299	15.224350	18.746833	16.892672	20.030458	20.446778	18.125305	19.952546	11.337713	18.655186	19.838956	14.680354	16.231185	16.230210	19.800213	14.810758	11.060338	16.838725	18.283132	18.900644
14.920055	18.810546	20.020758	15.399253	9.271174	17.471748	14.359222	16.315340	13.705151	19.791601	14.218019	19.581108	20.080043	19.890295	13.663381	17.279019	18.989205	19.562886	18.441013	19.229725	10.790239	10.637305	17.967852	13.175265	20.231101	19.692174	16.338917	15.849893	19.613419	18.628000	20.332208	13.671946	14.508842	17.458592	19.397660	17.162627	16.694322	16.779059	11.323814	20.285150	18.945851	15.632834	15.014193	11.365085	10.639273	20.363389	18.563432	15.265801	10.131547	17.135612	19.815112	20.446052	15.096776	19.764241	18.238062	19.435157	20.180141	19.477325	19.212607	16.099425	19.365115	19.713173	19.411059	16.174731	13.475479	19.274570	18.628345	20.450666	14.222706	19.027192	20.399410	13.892067	18.214317	12.413490	19.606074	19.806393	12.371160	7.646152	11.258900	12.736567	20.416658	19.127334	19.906943	11.051832	12.601969	15.147882	18.233405	15.992901	17.614521	7.156940	20.331695	11.059634	8.960890	18.976953	11.788005	16.331221	18.257403	7.393346	12.685975	17.423178	17.365155	15.785226	14.230295	20.316002	0.000000	15.996988	18.059347	19.192356	7.777507	20.395501	20.337561	18.699111	18.850797	19.744802	20.204521	16.177577	18.898491	18.208069	20.291172	6.364329	20.355513	16.763343	17.262891	18.761043	7.758043	20.108507	13.101224	20.423162	18.341836	19.486793	19.634455	16.618539	20.392329	20.438240	16.885297	15.240333	19.252948	19.595798	19.435350	20.312598	10.774765	19.864887	8.550952	12.004435	10.769295	18.465688	13.679997	20.316969	12.628271	10.162594	20.030238	17.930384
18.192438	19.917113	11.245672	13.985186	19.825981	16.302458	10.958826	19.784711	18.704508	17.344284	17.490386	9.929910	16.942151	10.020366	13.685399	19.906904	17.958736	7.278934	19.792989	20.255565	16.117167	19.856047	13.256744	19.072497	19.041900	12.469273	16.830392	13.762845	19.964769	17.813789	12.868006	19.151282	19.449557	19.690631	17.389490	19.750251	14.141850	19.915801	6.127788	14.973240	19.575332	18.131791	19.469011	11.635756	19.148277	19.436505	13.312206	17.325046	16.718115	10.886702	18.846586	20.077209	11.982345	15.938503	20.189428	10.822980	17.785924	18.805217	18.437948	13.601535	14.685022	20.282403	16.533635	19.405175	13.620975	20.131924	14.398769	16.904671	17.078583	17.874528	16.130658	15.489077	19.966021	17.165745	17.506896	13.153139	18.960158	13.543467	18.184609	18.673251	19.390661	19.264206	10.790035	16.649233	19.504875	20.287812	13.798570	14.557180	20.110393	20.005465	13.729470	17.138769	19.823770	20.459159	17.756665	15.954954	18.287795	10.635204	18.584119	16.519697	18.554356	10.875134	16.947086	7.767927	20.165800	0.000000	20.001281	15.022489	13.091658	19.189034	18.120370	20.370396	11.887319	16.674407	20.212519	16.230452	16.718429	12.842256	18.002650	14.469606	16.631913	20.125748	19.372174	16.587893	17.669582	17.493868	18.780483	14.015349	16.550652	17.171115	19.580122	15.908378	18.885729	16.650243	13.351653	16.640035	20.082413	16.926492	18.035327	14.798411	15.588693	20.320953	11.066777	13.626168	20.472261	19.738695	18.332745	18.221517	15.608359	19.599608	20.479584	19.510296
14.039330	18.991912	18.378673	12.855684	16.638992	20.206910	18.581950	20.256722	10.497567	12.877198	16.087562	19.693781	12.389022	19.992714	20.415424	20.278340	6.969891	14.655889	20.065552	14.995774	13.948541	17.545824	18.810737	10.944707	14.110764	16.314303	17.388720	11.396194	10.892191	20.275140	14.979410	11.008390	13.705480	17.927504	17.385725	9.619776	19.910039	20.475701	9.974809	14.776760	20.246195	19.042986	14.757998	17.432571	14.727035	20.375098	11.221318	9.051227	16.790758	16.729929	12.522896	17.427116	17.955415	20.057543	20.260227	18.677269	19.564343	16.054112	19.723743	11.522792	15.915218	16.919502	17.584937	19.864459	19.046958	12.507796	15.980688	14.757591	19.749902	17.158415	17.061281	19.333153	19.134641	15.353984	19.842346	16.302356	20.237189	11.051681	20.167069	12.605183	17.340487	10.328454	16.758588	19.346399	16.583987	20.278234	19.596400	18.304456	20.330265	19.274952	19.767523	19.701550	19.529223	20.412550	11.980642	14.234792	7.819411	20.368060	16.858502	16.727013	13.182169	11.558989	11.562276	18.211754	14.221308	8.338454	0.000000	10.913048	19.541942	15.817090	11.185840	17.620619	20.230708	16.388862	18.063958	20.365266	10.930463	17.823895	19.652618	13.552422	16.907988	16.324264	11.041321	14.138537	20.166334	14.241857	12.312312	16.696218	13.265073	8.932930	18.201678	19.909334	9.836326	18.843925	7.986171	11.315421	11.874703	18.312717	17.055639	20.026105	20.154451	17.914839	18.586292	20.091731	16.562236	10.299622	17.613204	18.325673	18.142978	13.398414	19.076071	19.176470
20.129240	17.240244	17.014663	14.657516	11.050031	17.910675	19.276002	18.239731	16.290155	17.533846	17.682953	19.889055	13.492717	18.669890	14.089142	18.000097	11.695280	20.275995	16.718319	18.742067	20.252667	15.813540	19.041592	18.810509	17.820148	13.564854	15.429263	11.059767	16.267013	18.890002	16.929240	17.323168	13.131331	17.847543	18.766593	15.904136	18.905567	13.420627	14.033693	17.004252	13.126967	20.363206	18.649993	13.562298	19.495569	18.808345	18.791342	19.460789	13.336513	8.067605	17.635910	13.116508	6.776569	13.528968	20.359441	18.621964	19.273976	12.264624	10.869935	19.744640	20.390968	20.347953	20.313507	13.695665	6.932647	19.373620	16.074337	18.362443	12.336945	17.851486	18.983447	9.969139	12.871380	20.420776	19.944704	17.260568	16.542236	18.713372	14.589664	14.300645	14.590608	14.099742	20.027030	12.985904	20.440836	15.960466	19.920998	9.960074	20.113579	16.866763	15.958097	15.435630	18.932663	17.179025	17.489292	18.562831	20.478235	20.433843	10.437422	17.933495	15.534396	20.395558	16.730705	12.920587	14.788198	16.529071	19.486576	0.000000	20.057021	14.019273	15.602227	20.455249	17.111099	18.810804	14.556462	11.495546	18.138163	14.292048	11.366579	11.526412	19.959037	15.561339	20.444703	12.674633	18.219875	19.899993	17.203983	14.196434	18.978885	15.604490	16.290091	20.216070	7.567104	20.473383	17.031160	19.198070	19.666996	20.131106	17.797269	16.987580	15.850784	19.433160	11.739725	14.902406	18.831282	16.201909	12.308611	19.099285	19.518547	20.399358	10.711121	19.640622
19.282681	16.383319	17.119763	13.662935	20.396166	13.937135	20.439361	19.202507	19.826391	19.143852	20.133187	19.810093	17.931242	16.999296	20.097171	13.531113	11.982939	19.910245	15.367362	13.867339	20.312697	18.241161	17.055186	12.331754	11.480685	11.852798	20.124805	16.915889	15.706853	11.931289	17.806903	16.873004	20.243322	7.551878	15.858258	16.287084	19.521742	6.509612	17.118244	19.874612	19.841576	18.747636	19.636942	12.506260	19.873826	17.288734	15.314024	18.936138	9.322073	8.155591	14.844561	14.588304	11.371474	9.241080	16.709320	14.918350	11.163343	17.198460	17.053301	18.470713	15.438646	18.797952	18.698233	17.799698	20.466369	18.066990	11.037440	15.088517	8.901027	19.109045	10.774367	18.240768	15.395052	14.188874	20.041673	15.530731	18.601118	14.481406	20.462328	19.453096	20.213198	10.612301	13.029083	18.800761	10.714755	17.010693	16.214724	16.977271	20.288213	19.485980	20.049277	6.802530	13.228954	17.664435	17.952926	14.768773	12.215757	13.633851	15.726241	6.993649	11.818765	19.352768	15.642978	18.182530	19.244651	19.146610	19.733700	18.682756	0.000000	16.435274	15.244350	8.994746	11.764648	19.239501	20.477486	19.279689	20.468157	17.129802	13.318558	11.249546	17.521250	20.319336	19.964111	20.293030	15.240183	14.495364	18.365128	17.410634	14.593517	19.834805	18.504729	7.725665	13.263133	9.628209	13.324992	17.886422	17.922091	17.939596	18.356827	15.268184	19.646360	17.323124	12.288324	15.426575	14.051131	20.352836	20.119783	18.634831	16.524255	20.083062	19.498187	13.861825
18.664448	12.021477	17.139097	19.885307	19.175776	9.554382	20.397450	14.834556	17.567434	18.443105	20.289775	16.602699	13.015053	5.486039	9.413943	17.547100	14.515132	12.499882	20.331790	15.736674	14.028453	17.664227	13.394116	15.492622	11.425195	15.981396	15.166562	19.173532	15.118029	19.768075	18.565825	18.138956	12.855225	19.602466	14.613768	17.356347	15.051908	20.310337	19.844942	18.544531	18.181059	10.938261	12.204899	19.956810	19.204754	16.801450	19.508601	14.413703	19.868529	11.601325	17.246474	16.668422	19.622724	17.539010	20.213845	20.356662	16.939997	16.620062	18.555156	15.182824	19.920694	20.098389	14.408591	19.872453	19.460883	18.344499	19.685527	11.359367	16.747474	11.353556	12.046548	20.075797	16.687609	10.118831	14.900925	20.450335	20.294663	18.616681	11.395051	13.304328	17.102771	13.084335	12.147108	12.478544	12.371688	11.400855	14.140983	16.402464	13.452473	8.698157	10.025765	15.989185	6.198993	15.972499	14.143787	14.706139	17.705179	16.823661	19.005768	16.112920	18.326455	18.891775	9.793601	19.171241	11.119542	16.844388	18.207555	16.266562	10.230264	0.000000	15.553204	18.321714	19.759558	13.123762	11.593495	15.019726	20.308212	11.396857	15.915076	20.082478	16.318566	13.304656	18.364705	20.016239	17.768955	19.141894	18.426785	13.918839	17.369386	10.253453	18.253339	18.810012	19.903846	20.237401	7.905685	18.609878	17.965356	16.657795	20.264558	17.314910	9.609006	8.200418	19.763485	15.548771	7.828863	12.985207	18.609409	17.881189	19.581001	12.188797	17.940875	19.065877
10.736967	17.886875	17.430509	10.870208	20.477814	19.411962	12.281361	19.122409	14.240095	13.131564	15.001986	18.688547	17.714500	17.869966	16.448795	8.330468	13.253712	19.091961	18.250401	17.518148	20.415119	17.050607	17.830395	20.360338	14.151568	20.004314	20.298616	19.622155	19.218152	18.404346	10.604957	15.335541	15.441199	19.366835	17.988612	19.163486	16.609862	18.024848	16.065140	19.084709	14.490689	17.560230	19.119391	18.466250	14.219326	14.007584	18.766177	15.619745	14.626648	11.946169	16.835636	20.463313	19.741798	15.836934	19.649765	11.511771	18.956003	10.797692	18.666880	15.371108	20.055548	17.263672	19.403634	5.583762	18.571063	19.965807	19.880392	14.269032	20.333413	15.302354	18.201203	20.196483	19.946943	18.370048	12.875104	14.887318	15.445708	19.263653	12.180049	19.091256	19.640049	14.448513	19.685099	8.743478	19.363655	13.881322	13.083959	19.023259	15.529229	19.071743	12.263457	15.708484	18.801729	17.751626	19.870317	19.741387	16.514047	5.998139	16.763966	19.608088	18.891930	19.988391	20.049198	12.834358	9.140834	20.251193	10.733206	18.864487	15.805688	17.528486	0.000000	17.441145	17.512957	19.965624	18.266167	17.191929	15.442681	19.334968	10.466718	18.630878	17.515055	19.183342	20.266109	19.624358	17.163534	18.928561	16.421946	16.916100	19.541671	20.302132	18.764316	19.072505	17.755329	19.812573	16.725120	18.822675	10.446333	14.903527	18.577886	17.310953	13.728396	10.896391	19.677160	19.689374	7.100183	20.430211	11.349140	9.190451	20.132925	16.698029	16.152073	16.132448
19.781693	13.846762	20.240217	14.977909	19.468399	18.827065	12.376694	17.738373	10.180583	17.289583	12.544615	17.533633	11.342082	19.587601	18.128647	9.792754	16.466814	13.386769	14.489710	10.023472	17.766011	19.185399	19.324627	11.891480	20.362525	13.039588	15.569626	19.432938	18.832684	19.951703	18.182478	19.530208	10.718241	19.928684	16.910891	15.880910	12.880677	11.082565	17.748337	13.757866	19.635060	20.313001	14.683200	20.395958	19.825772	6.935750	13.524024	12.574441	19.134481	15.509233	17.247631	14.034168	18.091446	12.247042	18.288351	15.310491	15.747472	7.633221	19.896045	18.572410	20.441863	17.085431	15.823615	16.759095	16.383976	10.523456	18.298968	15.463795	14.488120	11.042828	19.792139	9.497192	19.057082	10.654914	18.888677	15.426260	19.973953	11.615973	12.757865	9.422114	16.864729	17.416046	10.244627	15.769561	5.146994	15.205076	10.527465	18.010074	15.659606	16.374110	6.275464	18.879290	18.900367	18.893840	19.645505	15.267398	15.074969	16.593270	17.977635	19.534734	16.931513	19.252544	19.008066	18.427510	19.095529	11.263178	17.383333	19.825047	20.403695	18.974380	16.882216	0.000000	15.560716	12.835668	18.297825	9.252503	19.931309	20.352226	11.585895	16.431647	11.623838	19.923049	17.816637	14.536951	12.616752	16.687014	20.297828	19.665431	9.200768	19.337322	9.564007	14.032904	18.703492	18.678150	11.531920	9.027614	11.773757	14.806164	19.898451	15.215163	13.124412	19.655093	17.981661	19.346203	19.206561	20.461871	16.684196	7.834779	17.831416	20.151318	17.885288	20.363443
20.093600	19.557217	15.346338	20.104406	19.486022	16.388803	8.167798	16.907529	16.224580	16.829592	12.609690	20.438865	17.494154	19.182755	13.231196	16.620141	17.408630	8.996318	19.171716	17.784657	19.164084	18.864618	19.800645	19.131493	19.655602	18.709918	19.832454	9.635043	14.428818	10.393715	4.962766	12.303461	13.631834	8.513836	16.561477	17.976366	20.323517	17.716507	17.207834	12.286055	9.341142	18.870474	18.323113	19.291652	15.100752	14.436646	20.417483	18.825938	15.612129	15.488844	20.286215	17.825244	16.813590	19.630475	20.432869	18.451840	17.691023	17.786311	19.513375	19.442852	8.708831	18.789705	13.219822	19.754669	15.850998	20.196009	18.176732	14.038077	11.896191	20.014809	15.732678	15.923410	18.759658	19.005534	14.874211	9.949106	11.020770	17.662841	17.877126	18.027438	20.396233	19.922322	15.724103	19.672302	20.138864	20.466853	13.829994	13.601999	18.476966	10.298489	20.393515	15.827695	17.090960	17.215205	16.264072	16.436732	18.876997	19.184135	20.307122	18.797716	19.033111	6.229613	17.125727	19.389718	17.931736	19.850796	16.527528	19.093612	13.864497	19.219848	20.371148	19.857135	0.000000	11.625894	19.363781	12.831256	20.088944	17.457534	12.786227	15.782414	19.936780	20.239055	14.235722	19.245360	18.560595	20.031799	19.644526	17.096328	17.565467	16.619451	16.868955	10.121815	20.381991	11.328863	18.924294	12.613192	17.985109	19.803899	8.016746	17.400285	20.318158	16.691862	19.188274	17.772488	11.173268	19.165677	14.574256	8.393076	7.176510	17.479693	12.413213	5.389778
19.824273	12.324559	5.900681	15.322022	16.487710	15.572236	19.847448	13.388550	19.815878	14.621046	16.693494	17.130588	13.467705	15.777336	18.187894	17.270083	18.962725	8.199250	18.325241	19.071494	17.827952	16.612714	9.207949	13.832350	18.365018	15.009581	19.182488	20.179440	20.190636	17.534436	19.646762	17.505473	18.516782	16.579385	18.411107	19.690239	20.300237	6.241632	7.301759	8.259533	16.481148	19.544965	19.681676	19.691176	19.895489	19.014703	19.657736	18.556611	13.545343	15.354970	17.024084	20.221704	17.464386	13.973184	15.360835	16.112693	19.421610	18.462930	20.443049	15.297127	18.506671	19.697033	15.830432	17.157424	13.917789	11.412516	15.816567	16.013000	11.878707	19.014665	20.184991	11.838946	12.472106	7.343453	10.842689	19.932823	14.210194	19.799676	20.338465	7.839700	19.632669	20.247842	9.634054	18.957183	11.404341	5.778621	12.075821	16.782918	19.486835	19.599087	20.126921	20.192223	19.724793	10.422261	8.616684	18.229650	20.236338	17.648130	16.133504	15.209437	19.340503	16.238916	20.402830	18.881573	16.181009	19.361524	17.483009	17.918681	16.863342	15.854319	15.140843	20.106822	13.834572	0.000000	19.772662	17.847814	12.210275	19.436716	20.472341	19.598729	19.759695	16.258456	19.992921	19.375584	18.200248	16.758126	18.453519	10.620437	20.287604	17.874130	17.300642	13.347064	16.279081	15.322875	16.250862	18.396126	10.042615	19.239118	17.396045	19.365428	19.303947	20.384061	11.090731	11.745762	12.734004	14.838724	13.963598	15.438560	11.353882	20.470667	11.905210	14.434346
17.202351	9.002792	19.315861	15.497699	14.215324	17.588508	18.341647	7.213601	20.405013	19.022638	12.999069	19.184085	13.114463	18.990741	16.376435	18.439959	12.485320	18.540059	17.692153	16.826331	20.419795	6.991211	20.154497	19.878727	10.429620	19.629491	17.804864	17.816677	20.180159	15.593963	18.504754	19.741203	13.462443	20.259548	20.373414	16.471240	15.223777	20.210248	13.128499	14.720634	10.217672	16.178996	18.190834	19.259080	20.400963	20.402331	20.299338	18.534081	17.025706	15.343708	15.083698	12.719849	15.556183	19.778892	17.943451	20.273798	20.254981	18.069849	16.877931	13.203333	17.369025	20.237215	17.692821	20.078083	15.637213	16.889301	13.927519	17.989708	15.209997	13.404780	20.331977	14.953723	9.640670	11.085001	16.810610	20.386219	20.374032	18.877821	16.552543	19.584389	13.915843	16.935168	17.738326	9.502199	17.232470	12.080423	11.720916	16.555175	19.497055	20.470664	16.277747	19.378042	12.628334	15.203933	19.477790	17.169270	17.626088	11.209825	16.811110	10.562905	11.124105	18.592803	13.075180	20.325534	16.486040	18.384832	19.307092	8.496548	16.303733	15.641460	19.065685	20.162898	13.781104	17.864217	0.000000	11.974743	14.354184	15.840483	18.439573	16.297818	19.600497	15.636081	15.102691	14.431840	7.344857	11.329318	11.306051	16.242181	20.468464	20.383571	18.729079	20.392756	18.580562	20.380271	17.006418	19.522179	17.338083	19.844709	11.818658	17.470106	19.285365	19.593325	16.635935	19.311597	18.291203	18.996378	17.604924	13.629196	18.974799	20.005524	20.150331	19.986830
16.329897	19.899130	12.366008	14.473249	14.884287	19.739097	13.262336	14.364404	7.270018	7.442137	20.470449	14.117933	8.888236	19.515878	20.363194	16.385641	14.503180	20.053438	17.669463	16.073968	16.711535	19.487250	20.213558	19.804349	18.396121	14.402118	15.207286	15.875654	9.445824	18.827934	14.222129	11.179978	16.904567	10.287980	18.245935	17.146238	16.383346	18.247907	18.350316	17.443682	19.399371	17.057824	17.498167	10.153591	20.221460	6.087843	15.544712	18.522661	17.531888	19.986123	18.561037	19.657847	10.506502	13.561432	18.443996	18.130762	17.346608	19.079577	18.439732	14.146946	19.269450	20.359819	19.497570	19.973123	19.975920	9.777152	19.438214	17.704849	19.661908	8.446857	19.709843	20.291523	8.176745	19.603072	16.369227	19.287510	17.474155	19.809964	10.100176	17.312528	19.546072	13.011208	12.818020	19.444868	15.221700	20.060657	9.298131	16.366428	16.769186	15.145381	19.193682	18.071591	14.449129	20.327493	18.280618	16.430547	19.270516	11.616692	17.486287	8.041982	19.224116	19.330615	19.413896	11.634989	17.391755	6.502487	19.307762	15.444256	19.883012	19.012361	6.353375	10.372768	8.182188	16.470486	9.343770	0.000000	19.444297	16.818961	18.212699	14.431543	15.788571	10.407932	19.992317	17.829568	19.076537	19.959383	19.060922	17.798853	12.778700	6.973362	15.817615	7.592484	13.096749	20.275366	10.747318	6.927458	19.746400	11.752507	18.585381	17.934490	9.183980	13.667475	19.269386	19.938660	16.541596	18.319826	19.753838	19.903465	18.272505	10.021005	16.486813	20.415126
20.104054	9.959309	19.076636	12.236032	19.510800	20.449746	19.852991	17.116366	7.110421	19.034665	13.169961	20.240769	18.985917	19.902993	20.156369	5.865161	19.770802	19.287819	18.931683	7.717247	19.818929	18.219022	18.826409	19.662331	19.919446	18.756652	19.328880	18.182494	20.474884	13.285799	12.240188	15.437003	20.300825	19.515283	13.100863	17.272730	19.120640	13.271800	18.763936	15.156933	8.344717	7.374743	18.879649	18.118374	18.822459	17.429405	17.670450	17.489942	17.327914	20.339637	19.408213	10.455382	11.207540	15.504720	20.212943	11.998336	19.953948	19.228466	17.718057	19.174410	18.797897	20.284603	15.230560	9.004589	15.943256	18.063808	18.608894	15.698921	18.701210	15.603896	10.547413	19.748657	16.547051	15.842930	15.163614	19.871470	18.695775	15.118902	20.167686	17.894462	15.247269	13.108080	18.672826	8.513596	17.739202	10.764526	19.178900	19.340432	11.716774	19.691629	16.108481	12.387994	17.508032	20.357969	19.174493	20.471170	12.711428	10.916006	15.878785	19.386912	20.306800	16.761040	16.163692	18.761852	13.799849	12.425732	12.362339	20.221403	20.418661	13.237855	7.714789	15.016677	20.461055	13.035316	19.277171	16.655110	0.000000	14.872315	18.120052	18.325084	9.858697	15.243783	20.116958	19.309402	20.230966	17.938005	18.188204	16.008338	20.277421	14.921797	20.369419	17.757649	19.491773	13.575662	11.307693	19.449902	13.716782	19.095667	19.137242	20.359792	18.946968	19.660682	17.578488	16.801485	19.313457	15.187433	14.443208	14.746797	20.006748	19.807415	19.641944	10.467299
10.203552	20.443373	13.713054	15.892136	8.573737	8.598348	15.996257	19.682935	17.388472	19.450890	19.082607	16.863622	18.216932	8.055456	13.719615	19.650049	18.959355	20.197642	13.868832	16.509715	12.075631	18.444135	18.802176	14.307509	14.098157	14.872688	16.486980	19.851728	20.203329	13.313996	18.307564	20.238464	17.448959	19.437342	20.211384	19.249342	16.579857	13.185896	18.452704	19.418233	15.686130	12.525014	20.413904	20.212514	15.321982	17.924549	16.495399	20.071607	20.131843	14.404827	18.175405	14.577541	20.151078	20.201172	16.236849	19.980138	19.667628	19.779728	17.126041	18.900071	14.687060	18.649569	12.011399	7.797937	11.902519	11.577723	9.743150	16.929664	15.993477	8.799895	20.297234	18.121609	20.407534	19.780799	19.922387	19.730473	20.333490	13.367148	10.737287	10.195867	12.370869	7.029080	20.420761	7.937958	16.566335	18.785106	18.593362	8.114343	18.780593	19.938513	14.641433	20.195957	18.709421	19.655187	18.946760	10.323701	17.132433	19.949124	19.367049	14.679378	11.436858	17.299393	19.643741	8.139647	14.065512	18.168710	13.022652	13.336375	16.074716	12.969830	19.401669	5.831591	10.927094	8.885479	19.647516	15.397286	18.014999	0.000000	9.555401	19.980140	7.246189	6.222666	19.776757	19.887431	20.234860	16.128080	14.870842	14.124929	19.771648	19.587335	20.387962	14.591150	9.750890	10.831417	15.452679	15.710649	16.127848	19.916895	17.935406	17.693851	19.688796	20.266014	18.902236	10.243764	17.730501	20.369235	12.567653	15.820693	19.445170	18.016569	16.669088	17.038259
19.808711	19.677182	19.911024	17.343962	20.469161	18.828084	18.644998	18.826860	19.206452	18.280969	17.296343	19.989239	12.254516	19.991796	20.066100	9.074356	19.740453	13.302571	16.140211	16.446101	13.941892	18.537883	20.317081	7.004470	15.394420	10.214937	20.464069	17.146801	6.343892	20.270885	18.960242	7.880913	20.232377	17.750403	8.429455	16.804300	18.773218	13.816651	8.938438	15.723717	17.600406	18.924628	18.641930	14.468472	19.947014	19.368909	13.697168	18.554295	18.214290	6.954812	17.946596	14.688199	7.187153	12.118536	19.918538	18.641566	15.760842	17.911562	18.222132	19.585118	17.432711	20.391372	12.993874	20.346027	20.439594	20.240774	15.375583	20.251458	19.146667	18.591437	17.279739	18.583150	17.523569	19.861399	14.014233	15.535540	18.024106	19.819380	20.440019	19.087163	16.184184	18.808655	19.130522	17.655088	19.029380	20.404780	17.952326	20.281054	12.272870	17.301027	6.742108	20.007325	10.498198	20.375245	14.575317	18.220184	12.985812	12.374689	18.464364	20.201160	16.250738	15.665625	16.408213	15.339464	20.289983	20.246787	12.130553	17.597532	18.233119	11.407188	17.674078	20.009365	14.254822	13.983770	15.997005	14.420987	10.477816	19.363124	0.000000	13.241008	19.108871	13.503051	18.654977	19.246446	19.457560	17.418667	11.051838	14.998915	16.277559	19.664560	15.208442	10.130512	15.196681	19.533661	19.904266	18.993914	12.712334	20.207266	15.595300	15.570037	15.610023	18.200130	14.366987	13.076975	17.674610	20.200570	16.619005	19.017155	16.510548	17.351672	14.841292	20.073862
19.915980	17.514962	9.890304	13.985225	19.481010	18.801574	20.342435	20.142642	18.677635	20.042733	16.729940	17.452595	10.953283	18.623187	12.328632	20.341298	15.298795	16.561638	14.287078	15.439639	19.175168	15.880927	17.171163	15.688950	18.677171	20.304100	15.590694	19.756599	19.791315	19.389196	16.803047	19.438482	17.814681	17.257325	11.870040	16.645398	17.443130	12.085562	12.304289	16.328140	9.235231	15.197681	16.873958	19.629257	18.407039	17.044458	20.374881	7.832183	14.287687	19.559420	11.865829	19.375542	12.505644	20.029513	14.554708	19.457560	20.136012	19.069549	12.259487	12.714226	20.438208	19.767144	14.030192	16.677638	19.045437	18.238604	9.120610	16.926932	20.456552	19.694956	10.550807	14.110373	19.240302	16.706460	17.876631	19.248811	17.567965	12.630728	16.583510	18.109280	19.958123	16.992360	19.939005	6.194986	19.961569	15.378083	11.617425	18.712380	13.065477	6.876193	10.015161	19.637468	14.661282	17.394725	15.472679	17.509766	16.521473	19.867672	19.263532	17.777532	12.070983	14.110854	20.005876	5.855724	19.157302	9.109628	15.490518	15.446738	15.664384	16.596148	19.683232	19.807795	18.377777	14.473414	20.221416	14.343343	19.543686	20.309433	13.237457	0.000000	20.232012	18.318154	19.448127	12.228511	19.678226	19.668310	15.645571	13.064733	8.202731	20.371350	7.415308	20.295555	16.400315	19.141785	16.637293	17.360139	18.084896	17.901241	20.235295	7.540604	20.128487	18.249193	20.476283	14.455837	17.575518	13.091318	20.032666	16.494997	14.960373	13.331111	20.196799	19.754933
13.413645	8.941622	18.759804	17.901083	19.728538	19.656064	10.146062	20.129632	17.525232	18.971077	9.680266	20.454564	17.352832	18.911444	19.493055	18.603972	20.457866	19.379494	16.802733	13.979364	18.577299	15.928232	18.969134	14.446581	19.195312	20.347307	14.917573	18.968184	20.443897	20.391320	20.470872	20.450678	19.856049	18.242396	15.080989	20.400343	13.018816	13.602228	17.289577	19.459564	6.145829	17.731512	17.488485	17.454654	15.567870	17.394602	18.090912	14.499981	18.533778	16.048187	16.187153	12.110786	16.665450	7.237711	18.414318	12.900596	14.682407	15.181131	19.954612	18.309059	9.838991	16.105431	18.791530	15.905130	17.178613	19.704441	17.258558	18.460021	9.781156	16.865395	17.827194	17.822989	17.552496	18.179656	5.489771	16.285264	19.338774	4.644347	20.038121	18.535475	8.782581	19.683183	20.246815	20.252096	18.256977	12.947839	15.895000	18.670577	12.084831	13.776679	19.976934	17.541739	7.287041	19.831426	19.730442	20.008812	15.649963	18.724297	11.637747	17.337246	20.307822	13.320585	12.879160	20.008988	19.998692	14.684848	19.812229	14.681308	18.648101	20.066588	11.197676	20.387836	20.297023	18.667279	20.222438	19.885585	13.951883	6.068280	20.332985	20.389670	0.000000	18.745471	12.363786	20.071335	16.161927	16.274920	20.330515	18.404264	16.599332	17.922443	20.103706	19.230058	14.131718	17.558280	20.141330	18.025587	18.751653	12.100084	16.375255	15.892338	6.372387	19.857687	18.624501	17.163420	17.371128	14.328524	18.577631	11.158790	19.051554	19.378733	20.454882	15.625852
9.062910	16.615313	19.930330	11.739077	19.334914	13.614953	18.606267	16.216153	16.926435	5.308633	17.111518	13.824226	9.536150	15.109196	13.502467	20.476110	12.389269	18.113143	18.274141	18.600006	16.364480	17.711041	20.320313	20.472912	9.751519	17.671177	20.443375	20.110702	17.856572	13.916766	19.399107	16.254215	20.007710	20.236369	16.181931	17.966281	18.251762	19.794128	6.992014	20.186042	14.664053	9.630505	16.695727	18.329054	6.724871	16.897562	18.706843	17.521413	19.400556	7.294939	10.846487	17.513228	16.780576	15.120443	13.763505	20.427669	16.572837	15.059577	16.983065	16.617849	15.539035	19.829887	20.136128	18.442887	20.307257	15.950946	19.501794	17.367551	20.100790	20.260596	20.194484	20.082478	19.704327	11.412857	8.387041	17.397179	20.468599	14.228012	19.596937	17.568331	17.300990	19.585398	18.699193	19.996954	19.100333	13.604640	13.688927	17.810619	19.131841	19.399173	16.917163	17.173320	19.874612	17.017009	14.827330	18.111321	5.797690	19.788939	16.431242	19.000671	13.341740	16.493985	19.373651	17.849374	18.865163	20.186701	17.910193	14.243445	19.616384	18.007969	20.362573	18.886740	14.385480	12.917919	15.533024	20.360954	19.827032	18.938469	17.924818	8.290097	15.538963	0.000000	18.637472	19.282329	20.127453	16.228768	10.978390	16.899786	19.395885	17.381999	19.585609	18.695519	14.840334	15.467079	19.978757	19.112920	10.398891	19.429841	14.751679	20.299082	16.411770	20.303385	19.850252	18.680342	20.466799	12.640803	18.017597	16.361078	18.648497	17.587773	18.720440	19.158019
12.252527	17.346930	12.705263	14.784250	18.712048	17.679190	7.745559	19.451065	20.102700	7.978796	13.633550	9.285861	16.732756	13.113318	17.788113	20.420215	19.575614	19.411275	18.899113	18.884611	17.795020	10.960742	14.476695	12.725803	16.577740	18.121539	17.809211	14.056693	17.454684	15.783389	16.602663	15.694987	20.472786	13.287157	9.497838	17.530825	13.092714	18.354188	14.635447	20.036921	19.408234	20.234864	19.220632	20.465920	16.267326	18.735470	10.641857	17.123861	19.763427	6.338664	18.909001	14.494316	15.053957	12.257412	16.758108	12.054534	10.398417	14.558399	13.363612	12.667844	15.319188	20.476126	18.002042	15.746594	10.151515	19.387085	18.623483	20.213744	19.513856	20.299266	18.057519	8.606373	19.682364	17.446232	16.041490	18.981416	12.173811	19.438104	13.409056	19.392771	16.172148	19.254219	17.802048	11.252295	18.340413	7.310590	14.566163	12.695906	9.201206	17.501673	4.596823	5.913160	17.460044	13.678028	10.081455	19.696617	20.155288	18.097372	19.219193	20.196590	15.149963	19.789335	14.597200	11.463425	12.597012	15.370644	17.272215	15.475952	12.365989	14.959312	12.562478	16.250077	16.295732	19.937555	7.964971	18.553389	16.631812	13.656558	9.986884	12.853594	17.989080	19.409742	0.000000	16.966807	15.778789	18.209956	16.378817	17.472342	15.216086	8.205851	17.368714	12.654811	12.573031	8.624335	10.312056	12.260586	14.084314	14.985821	13.677821	16.905457	17.689542	5.715576	20.452039	8.649898	15.230713	19.522150	18.631807	18.648446	16.710773	17.375423	9.188980	14.795717
19.169859	19.290483	18.952054	19.459384	20.052874	20.458870	19.344291	10.880248	15.086205	20.403054	19.118667	9.644199	12.697513	18.489188	17.913195	16.364649	16.559506	17.657033	19.855559	12.190439	19.099753	10.105582	14.658004	20.418179	15.996098	8.836125	19.493204	16.952779	17.713539	20.260932	10.690087	15.212932	19.937561	12.077226	20.137029	11.059582	18.171450	15.957315	13.210696	19.879776	20.165760	11.538996	19.662153	17.129022	19.267704	7.887997	16.600795	18.089973	10.478274	11.876620	20.350786	14.449710	19.751606	8.541965	20.349683	19.126268	9.397682	16.151425	18.328616	11.886054	12.927263	7.012844	20.130872	19.545432	15.358837	20.436753	13.162409	20.418574	18.046800	14.479903	15.487296	17.811974	19.605264	17.510084	17.897064	8.367248	18.188831	19.714061	19.697123	11.312697	17.710419	9.873248	13.908353	12.717707	20.402722	17.970647	18.863247	14.515171	20.263757	10.858804	20.185238	9.218709	11.736501	16.106990	15.941621	19.459265	18.705045	19.579120	18.354655	19.231719	9.011483	19.224284	19.843616	19.133550	12.012583	17.628583	13.674576	10.302793	14.218655	16.037023	18.490521	15.232689	13.691830	15.104793	18.255393	17.910920	15.309661	19.688004	20.342613	19.049802	13.630570	11.510563	10.484536	0.000000	18.964513	13.317853	19.793286	14.749109	15.790056	15.385777	19.914724	17.419795	19.462192	20.351982	18.658505	18.572171	19.328233	18.235074	20.413486	16.861467	18.893187	18.231921	20.270714	16.025623	17.006714	16.796030	18.966503	17.783442	20.216822	13.092574	10.502050	20.146472
12.372167	14.560091	19.625356	20.220742	13.488608	17.737812	14.280035	14.103349	15.804460	19.567848	16.246577	19.329089	19.594366	14.830993	18.783407	18.156989	12.867852	19.235230	15.750760	18.041942	16.644650	15.649229	16.733827	16.020527	20.413229	16.465002	11.657590	16.083076	13.286259	14.811902	9.091681	7.058329	20.470152	15.408457	20.466904	15.431475	14.863010	12.263412	17.005511	20.183722	19.776504	18.650731	17.441371	20.280986	19.388867	16.081183	20.455232	19.045028	20.005943	18.171323	13.588814	16.831592	13.953792	19.661812	20.098088	19.230789	20.018257	19.114084	15.517456	18.048085	19.530383	20.314537	19.564180	17.952039	13.045005	15.997698	18.718476	17.244095	18.590549	18.789719	19.265988	18.739234	19.544487	20.100680	12.598831	7.315774	18.119313	20.275506	17.311955	17.207560	15.472383	18.015816	18.378708	10.113072	15.346830	15.556461	20.019873	15.276897	18.937692	18.530829	11.794190	17.753434	17.558463	19.014324	18.417170	19.282255	13.620590	16.469839	14.900962	18.407696	13.855612	9.338661	18.731378	16.703470	12.971494	11.075260	18.558844	16.511483	15.083586	20.389511	19.302352	14.646004	19.702316	19.922353	18.505694	18.279131	14.780613	20.258866	12.835735	9.831033	19.249560	12.372785	8.761332	19.351657	0.000000	13.823994	20.095606	16.193312	18.433675	19.510242	16.646681	17.837951	14.894655	12.729287	20.095424	13.873265	4.667234	6.169071	15.500170	18.272357	19.271614	14.383982	19.166705	15.590140	13.128396	17.079833	14.703480	12.158553	14.432525	16.544025	16.214442	15.035911
18.360000	15.067489	19.428721	15.212735	10.845742	19.024358	12.153338	19.397485	19.754716	13.703214	7.046958	14.512888	12.794821	18.491864	19.909955	9.776935	18.300296	18.621285	18.058435	14.408799	19.866445	18.202073	20.291334	16.720533	19.642869	18.625046	17.575118	20.341708	20.334772	17.874405	13.252168	20.120720	17.577805	19.071898	15.978796	15.186835	13.711045	10.320798	19.315343	10.610415	12.904477	20.479853	19.558137	20.460798	13.090755	20.477014	6.558316	13.633887	19.850349	19.653364	18.691617	13.719476	20.432688	20.459176	19.493013	14.254915	17.513777	14.360522	18.135901	20.441002	17.732235	11.629588	15.962672	12.651746	7.920437	11.360182	14.391387	16.372090	15.653702	18.305519	11.418509	12.653026	19.539032	20.207082	9.741068	20.110408	17.328377	19.667664	19.626926	9.017275	18.750098	16.265136	15.150985	16.924390	19.148606	6.839523	17.969719	19.113299	20.456483	17.831978	20.283267	20.448835	19.156134	14.830906	20.417446	16.233789	16.944570	14.418084	19.247466	16.113160	7.453456	15.805668	18.259472	15.936033	20.315424	10.137199	15.129768	9.023557	18.100307	20.409395	15.240026	16.540407	12.463771	16.323607	20.312083	13.297508	14.269962	18.788492	18.944503	17.576418	20.447899	19.575071	19.754939	19.244209	17.362967	0.000000	14.519854	11.123408	14.486219	9.558778	19.064780	12.302481	17.321158	9.843002	18.380044	18.904426	17.775096	17.148271	16.003455	19.958588	19.960132	14.658370	18.120780	19.444974	18.901518	18.177732	20.290571	16.509083	13.755273	19.114125	14.107493	14.285889
17.865855	20.000555	19.094734	18.836244	11.829969	16.929858	20.445800	17.949094	15.828315	20.313502	19.552557	20.440682	14.679990	15.572306	19.646093	18.929671	18.220836	15.335257	12.862436	18.880532	5.892049	16.648096	19.971208	16.370045	19.114836	16.981125	11.078497	19.843497	8.102288	19.866409	19.591441	13.263975	20.454957	19.809672	15.369321	13.227173	19.149612	19.768008	12.083637	20.233543	14.442799	20.025055	17.805282	19.938504	18.459882	20.242998	7.340441	19.772762	12.469459	17.820832	17.411502	19.268452	19.976954	19.184194	18.900946	20.463479	16.848332	19.753776	12.093734	14.324417	19.767528	13.047981	13.561567	11.661923	20.461442	14.415969	11.019843	14.938702	18.129218	16.560663	19.315223	17.635940	5.515386	11.396064	19.597434	14.623662	19.872664	20.323154	18.931840	17.443166	12.216546	17.376378	18.339633	16.464697	20.333899	16.850390	19.651476	17.014056	18.555592	15.880994	14.241721	15.127711	20.441974	17.609116	10.453228	14.879761	18.519500	13.930763	17.033298	19.563111	17.069419	17.454088	19.536848	18.904918	11.232095	14.032132	17.243776	17.162317	13.646248	13.079318	19.265977	11.330212	9.214266	13.896879	15.188806	19.988793	18.124487	16.049778	17.025156	20.319667	14.129345	20.297761	19.690132	19.066231	20.371578	16.988995	0.000000	14.134938	16.233631	12.374185	20.191114	18.731839	19.733371	17.625547	18.133516	15.105314	13.372318	19.324312	18.220811	14.006261	19.826908	19.874457	19.001348	8.288538	16.639809	16.110056	9.832529	16.793413	20.004822	11.595942	18.848018	8.725578
15.689785	12.123741	19.595162	19.620160	16.999806	19.720136	19.217406	15.652123	16.119145	16.697456	18.505131	20.131287	19.841392	19.619195	18.317153	17.621028	16.956135	17.678063	19.854146	18.100576	15.082202	19.646696	16.750185	5.640397	17.189569	20.349240	11.080258	11.649927	18.152495	17.303588	17.196077	20.357875	20.167195	10.988747	18.299953	18.837859	19.305451	20.200275	19.137590	13.707158	8.941023	12.017165	16.268011	9.361426	19.378786	15.333992	7.854610	16.468534	18.143158	19.861331	20.396704	13.509006	6.703508	19.338815	20.444519	9.717333	20.184963	15.408007	19.234838	20.375787	18.717005	20.058915	10.253949	8.929492	16.660025	17.884855	15.603695	20.318351	16.952574	11.886243	15.918349	19.987488	15.040279	18.752490	16.274430	11.903735	7.692780	19.097458	12.128929	20.227511	18.058055	17.975981	19.774363	7.772980	14.355798	18.505540	19.155038	16.761765	20.384514	16.265800	20.298454	15.932568	16.739039	13.999449	14.519462	17.165491	16.168231	15.417353	15.952098	19.706248	11.693890	18.491137	16.206096	19.959677	13.077406	10.678413	18.738189	19.381502	12.349844	13.502043	12.310659	9.327720	13.974534	15.581863	9.501625	18.971124	17.485397	6.963434	18.327988	13.773214	20.123832	12.096144	20.014405	19.893607	11.627117	20.339262	19.138077	0.000000	18.754141	10.686563	20.085731	18.622456	20.423164	15.421619	13.966089	12.919109	9.157198	19.198143	19.170550	18.850553	17.797099	19.607975	18.920523	20.434319	20.117085	19.859637	9.380509	16.874100	14.382567	18.745965	19.602223	14.023821
11.267117	20.162136	14.051030	20.173254	10.430466	9.401288	15.900914	18.917372	19.977919	17.923647	16.653696	19.516671	20.431212	18.177486	13.840303	17.265629	14.919900	19.776946	18.884743	10.693937	19.974989	19.805269	19.365806	14.483111	19.767976	20.061921	7.935212	16.855228	17.203655	13.966583	16.386419	7.327371	18.121830	19.161024	19.378362	20.382421	17.896428	20.375381	4.767271	10.475734	19.254151	18.644419	19.211055	11.747505	16.901584	18.959942	10.569751	13.513151	19.318668	14.700629	20.231338	16.931365	19.532804	12.899393	20.332385	13.029390	17.329582	13.938610	18.205814	20.009238	18.081771	14.724079	15.212413	19.982372	16.090577	11.960014	16.628290	19.996915	17.887464	18.520543	15.325879	14.209465	19.061562	5.207785	20.110935	19.706941	19.634768	20.290022	19.083773	13.254859	17.749620	16.400433	19.557388	19.457895	9.879395	17.328887	14.716408	16.323350	11.866398	20.028510	19.776493	20.044897	13.212809	13.847024	12.611653	11.723815	19.268142	17.344029	12.986149	19.367197	17.257474	20.306947	11.111154	16.948851	18.202846	11.869422	20.335973	17.282741	9.333321	18.878969	10.819178	9.868935	13.900898	19.503109	15.263210	9.529375	19.677039	14.577525	8.338016	17.908121	15.760306	16.526547	15.022851	13.473738	13.761463	13.061422	18.617028	20.356664	0.000000	20.201780	17.183674	16.166651	15.085741	9.226363	17.179008	6.612073	14.309926	20.001364	19.578179	19.362171	9.124648	13.379608	19.786156	17.656080	18.606162	16.720777	13.623831	20.399722	18.399626	20.148649	17.804207	10.691421
20.290128	19.484424	11.199769	14.005131	19.876645	12.035564	13.552919	18.425225	20.390884	7.590501	20.459166	20.393500	17.856659	11.278725	20.354887	6.989246	20.011396	15.984521	15.400926	15.105807	17.493029	16.874549	17.410576	19.685440	14.299908	13.231724	15.401141	13.224232	17.953490	20.338145	16.512929	18.943988	16.919617	11.801487	10.678984	6.664092	16.009781	14.275953	17.434054	20.375103	18.703073	16.267878	18.026851	20.280414	19.532698	12.122708	14.207893	20.018269	8.943024	19.490515	13.933131	20.241071	20.250070	14.584302	6.599309	12.711096	19.047696	13.299046	11.519802	12.325467	18.792994	18.821991	17.750582	15.386190	10.732964	19.012967	20.282495	20.202974	20.460268	15.848436	14.967584	18.911551	15.057722	18.216189	12.348449	18.912343	15.373715	15.318924	15.307534	20.332800	20.382941	13.119963	20.234850	18.887667	19.965582	15.062146	17.443837	18.904010	19.533700	18.931354	18.166420	17.883222	15.188115	17.635988	18.986793	15.591333	20.321275	9.488539	17.559072	11.690460	18.898304	8.401312	20.455283	18.564523	14.331415	16.345413	18.572088	19.448461	6.693113	20.159442	15.351231	19.773848	15.414399	9.663256	13.936352	14.306789	19.656107	19.001574	20.228291	15.566409	5.335179	18.558539	13.494136	18.796614	20.340228	8.763284	19.279298	18.192054	18.253001	0.000000	15.301277	19.196673	14.945516	7.392406	18.580481	19.906695	18.635455	18.538911	17.393611	13.600276	17.901652	18.233212	12.109155	18.106591	12.901384	20.012693	8.991743	19.548849	19.855738	18.124295	19.797353	13.134232
17.987832	9.128766	19.397457	9.894174	11.643625	12.189726	19.624519	20.108431	20.420006	9.184941	17.179179	18.584047	15.208070	10.534397	9.389156	11.358308	16.872190	9.087272	17.021795	8.822865	16.045277	18.673910	19.798497	11.327421	16.530105	18.932246	17.333396	12.835387	10.344115	15.320004	16.864490	20.246725	12.883511	16.875970	18.087330	17.531422	16.074530	19.842533	18.069878	15.009623	18.698295	17.986084	17.708020	20.399462	13.252709	19.601457	16.284433	10.641912	19.827626	19.993865	19.714558	20.362720	11.993367	16.304228	10.142616	17.701197	19.524816	8.045653	18.519790	18.439011	18.712672	20.427025	9.762290	12.365263	19.150717	17.051136	19.991935	15.219769	20.167137	18.773430	19.823990	6.902690	20.318843	19.187388	20.088112	14.540697	20.372910	13.924862	20.077735	19.620717	16.515262	18.941515	10.627484	8.749924	19.568773	12.521374	20.120638	9.499343	19.307481	15.153480	12.706656	19.781467	15.526320	17.501336	18.982771	16.520452	17.207170	18.176541	19.814621	19.019236	20.046029	18.205451	14.075984	17.577386	19.336979	19.369441	19.557117	19.644727	15.728959	12.466887	15.987872	20.116854	5.719266	16.398212	18.978271	14.721680	16.051853	20.394432	18.667575	15.726867	5.792170	19.585631	9.323469	20.389835	15.084986	15.181322	14.042941	15.577790	18.263385	10.889281	0.000000	14.936133	15.130945	19.560900	13.228642	17.224042	19.990541	19.674440	18.132881	18.336094	10.434465	19.827826	12.356931	20.472695	19.663679	14.749416	20.234610	16.533311	20.369563	19.848295	19.106585	17.531714
20.324418	20.150671	17.700309	19.636288	19.399590	18.316383	19.137943	19.991049	18.923834	13.589144	15.280766	19.777378	19.159084	11.211759	12.267839	14.144992	10.301397	17.270411	18.569956	20.358514	17.304401	20.183948	19.759331	13.607404	19.638787	14.398905	9.171939	18.122939	19.966111	17.148630	17.627130	19.027835	18.146841	15.779736	9.920977	19.933765	19.477663	19.667872	19.698903	14.560157	19.764440	17.266118	20.050090	14.839284	20.022546	15.733592	18.912602	19.728081	17.475730	20.410246	14.494282	17.013578	19.534695	19.667503	12.097153	15.763263	7.572196	20.316747	11.223824	18.214385	18.392399	10.456910	19.474266	18.391468	19.149599	20.371078	19.828833	18.139292	19.317651	16.773440	18.989251	18.161249	20.196843	14.130941	20.444939	13.353311	16.951286	19.479506	17.268086	15.607867	18.622700	20.159113	16.702551	16.189288	20.238430	20.098335	14.857528	13.890271	19.666973	8.802558	11.392287	19.221035	18.399837	10.627243	19.622509	20.148409	19.765587	18.559844	16.006599	18.246030	18.856018	14.509430	19.887956	16.150399	19.935445	12.964092	14.814219	17.158620	18.808309	14.161805	7.991795	20.216587	18.341702	19.457177	20.041632	18.298527	20.013661	16.430942	19.322265	18.357069	20.077866	6.164914	9.457753	14.323290	10.485515	12.458291	15.848241	14.845174	5.755761	15.173468	17.150879	0.000000	9.815620	19.799007	20.127346	19.500558	19.036752	17.799086	8.595145	19.438933	19.951728	4.828106	19.541441	17.562072	13.029238	11.162874	18.149832	17.529063	11.697291	20.219346	20.347134	18.767003
14.566149	17.116543	18.295318	14.573355	20.095494	8.460919	20.467633	19.176777	18.777153	16.446641	19.264024	12.279542	10.688049	17.876419	20.316295	7.623669	14.061443	16.965659	19.275846	16.148089	18.686359	14.991504	19.962123	12.394782	18.545108	12.184429	17.892125	19.870465	6.369176	20.270631	13.703177	19.808022	20.253400	14.589869	10.757680	19.807432	19.525312	20.040715	15.380920	20.162500	18.818390	7.431890	19.451571	12.161497	18.727456	13.588903	13.453761	15.715731	13.439545	13.976379	12.380302	19.959256	19.071143	19.849665	19.007209	19.464670	18.322792	18.605329	17.287184	16.490031	19.113984	16.479792	14.162488	18.405846	20.107606	17.983369	14.945723	15.055987	15.604161	16.660524	19.697481	19.961966	13.726100	11.716989	12.369077	9.919472	15.778388	15.410354	17.858371	15.442085	13.060574	12.595911	19.706011	20.381441	19.488738	12.404241	8.257729	17.668571	16.309336	13.341338	7.913855	17.170762	13.374742	8.479503	18.864231	13.791646	20.459403	16.044739	17.558894	18.843331	17.864295	19.733621	10.795179	19.301065	16.728259	19.376392	18.990087	19.973045	18.914244	15.540683	16.092581	15.993793	7.975806	15.047403	14.543830	13.116226	13.687441	16.426676	20.010012	12.812070	18.790561	14.987089	11.158827	20.313658	10.819919	12.935332	18.709768	15.115981	19.939044	18.914274	17.344340	16.898093	0.000000	10.369479	18.788705	17.438332	19.971603	19.673044	13.888337	18.169255	14.337981	19.317710	14.271157	16.653208	18.938170	17.520516	17.592947	20.188005	13.166240	20.422951	12.649007	19.592926
15.452515	15.913249	18.761334	16.325480	7.182032	10.489188	15.993618	17.566898	14.987503	18.182068	11.983538	15.159039	13.994669	16.155582	15.441774	15.141264	13.096277	14.642789	10.579348	14.027295	15.230380	12.194263	14.917030	19.934298	17.100267	15.228547	13.732047	18.308660	17.236997	18.828450	17.685978	19.609294	17.032077	20.030904	20.447263	9.649922	16.099466	16.763123	15.664584	6.111457	17.490606	11.011687	11.975798	12.836358	13.681172	18.101965	9.813053	19.617261	16.451466	13.535896	17.617489	17.126238	12.611593	19.402960	17.674853	20.478370	18.381872	18.310695	17.391354	16.718751	6.401034	13.660206	20.016957	20.008577	19.740816	14.820790	10.140425	20.196539	17.413060	18.393244	16.796814	9.260509	20.315730	16.039250	16.100076	16.106561	7.781723	17.839737	19.191232	12.929863	19.060063	9.652811	16.579124	17.082375	15.902167	18.970585	15.618613	18.499817	17.211580	19.014897	19.704175	14.390397	13.323592	17.483957	9.523019	20.379276	17.981065	15.113552	20.378584	10.969149	17.538862	14.559497	20.047679	20.075125	14.888452	20.477067	20.025325	10.643029	13.242739	13.601499	17.501082	16.417422	20.253207	15.750196	14.738794	18.278712	19.358048	15.847969	20.467257	20.249396	13.068837	18.968655	16.044360	18.794363	18.907018	17.537293	20.250305	17.891382	15.134399	19.306399	16.552430	20.013573	14.541070	0.000000	12.643877	14.900342	18.433777	18.653775	14.116420	17.107772	17.564166	13.926886	18.185991	19.745977	18.258324	17.362309	5.892950	19.987766	17.520255	10.783032	17.487314	13.253548
11.559920	18.976340	15.655986	20.194701	18.433837	20.290381	19.774223	12.053158	20.035662	17.431639	11.730708	18.827619	8.873781	13.803031	18.773896	15.897356	17.688688	14.417095	17.095222	10.996509	18.768410	18.638880	16.276035	18.846025	13.395126	14.427239	11.086318	10.281017	18.713922	12.220258	14.019420	12.135934	14.709499	20.111549	15.261006	18.048660	19.709171	16.441667	15.660054	12.814599	17.350105	14.121410	14.384382	18.264307	16.421610	20.191405	16.933074	19.789649	19.119610	18.850784	14.357323	18.671386	18.818390	15.040630	19.840866	20.456667	19.197420	19.926710	14.352631	19.505759	13.075163	15.268024	12.557476	17.919686	19.793925	20.166137	17.413431	19.170810	20.256344	14.657463	20.075925	18.887778	13.916867	17.805472	18.467425	19.853127	20.174539	9.592129	16.637359	18.037334	14.707042	12.800732	13.449702	20.155342	9.471502	15.793711	17.704045	13.873698	8.629138	15.486601	18.346892	8.207075	13.835484	19.663636	15.877306	5.251080	18.461406	19.189800	20.119023	20.332649	15.614867	11.082852	15.719268	17.742929	16.768171	12.267914	10.549554	13.955871	14.430407	20.094453	15.177390	18.309098	16.281426	18.412055	19.709666	16.012976	14.938704	8.675154	17.470469	18.508847	11.779048	17.516384	19.227333	20.430905	18.299264	20.461959	17.838293	20.336320	8.483618	14.760902	15.005504	15.366245	19.374147	19.726871	0.000000	10.139066	6.017026	12.404771	18.139825	19.182153	20.207860	19.917015	20.291795	16.140523	19.307823	15.972830	17.148466	14.219243	13.525885	11.304336	20.191237	17.697749
14.671054	13.660870	19.956986	17.649653	18.071000	15.318790	18.499481	11.847149	19.489776	20.097939	14.604438	9.622235	18.209588	19.016321	19.040474	20.108580	19.516197	13.717882	19.562568	19.498743	16.681028	18.951861	13.439679	11.183470	20.114438	17.365463	18.940152	15.384109	14.189944	18.006644	19.882963	15.396764	19.561897	20.136987	18.443442	18.142812	10.437113	13.338827	7.280337	19.561589	9.413423	20.424058	13.090487	19.541837	14.384756	19.600998	15.285717	17.018470	13.287298	20.165856	14.210023	17.236377	14.685294	18.224144	20.279618	19.525749	19.871519	19.492379	18.928649	17.813768	14.033877	14.533309	13.650745	11.438383	19.960067	20.168692	19.382575	18.248216	19.665487	20.462496	9.607455	19.050924	18.644286	10.973835	17.650713	19.993392	18.254094	20.141480	11.681349	20.351988	16.349721	16.873940	18.906791	14.631024	13.431032	6.536728	14.027716	18.873920	18.754097	19.147644	15.325946	19.547722	16.211372	11.066765	16.462844	19.409634	19.918102	19.062330	20.379639	10.476617	12.178164	19.736163	18.111966	9.691456	17.186266	19.989271	15.741509	15.925985	18.968899	19.006337	17.947091	19.912958	17.220543	20.468245	16.007576	19.229500	20.164342	20.242436	20.298388	15.977367	12.107330	19.763835	20.308804	16.386312	6.953239	19.866414	15.899532	17.058755	8.898025	13.868407	20.071441	18.863072	12.024460	20.457511	19.137007	0.000000	18.949562	13.365389	16.045038	10.452253	17.741687	17.895126	16.039785	15.237721	16.997517	19.614333	16.896225	19.799076	18.554639	17.164503	9.779934	15.468608
11.491048	18.990126	19.393706	19.663443	14.501191	17.553474	20.133556	17.353801	17.073731	19.684928	10.834536	16.450845	18.705800	20.136169	19.505389	18.655059	15.093970	19.957927	16.337909	16.477969	19.027259	19.386878	18.673207	18.828070	16.788638	19.101216	16.718904	10.780810	13.567880	20.437727	16.545515	19.848508	19.215540	19.994238	12.234685	19.067620	14.196125	19.702826	20.291817	17.672240	18.481663	15.208403	15.995374	16.670392	14.999352	20.265224	20.411513	18.160351	18.773146	16.455659	12.150419	14.823623	19.723306	13.176907	19.684726	20.190858	19.334950	14.537017	19.141095	13.412422	16.752895	14.052814	20.289684	19.216032	20.290474	12.535679	17.500221	9.324245	19.328230	12.889353	16.478615	18.705947	19.889114	18.878530	17.115780	6.838595	18.151026	6.532761	7.162449	10.227942	14.814365	11.381905	13.981881	20.259502	14.037587	19.390898	12.209841	12.321035	14.723223	17.308971	17.479450	15.305983	18.537268	15.460867	20.383435	18.220566	18.414471	10.822681	19.569410	11.029830	15.950359	18.545855	15.960197	15.958372	20.440285	16.761534	19.935153	14.315226	18.750826	19.491839	12.755246	11.328001	8.415633	19.632292	19.649729	13.454484	19.531544	18.621874	17.483221	13.939131	20.392025	17.121400	20.227046	16.701808	15.631390	19.554729	19.457447	9.432837	12.468326	18.015417	18.453614	18.102946	18.622653	14.740602	17.369429	17.470178	0.000000	19.000015	17.865249	17.999393	15.551707	13.324849	9.112088	20.065934	16.860515	7.886924	16.322648	10.924838	20.362792	18.131009	10.755693	19.506684
20.428627	18.829411	14.684317	12.458868	15.555339	19.799593	18.809066	5.745864	20.157114	17.242889	9.792997	20.288263	18.408207	10.581625	14.342985	18.068625	12.628843	13.946948	15.351678	16.856989	9.516394	19.890158	7.362408	18.799199	18.931340	14.123967	17.959574	16.034498	20.053871	17.005128	17.033909	18.218956	19.477799	13.897035	20.436789	20.279713	18.115532	15.930681	16.821909	12.767111	14.296136	20.197955	19.495302	13.418787	11.088141	17.911693	14.539078	20.461816	18.342922	10.480221	20.138226	19.886391	20.007517	18.655823	13.363910	16.858908	20.462164	20.281581	16.439290	19.636728	19.883744	13.561972	17.135988	17.317115	17.561676	13.140076	20.236617	18.678933	14.347415	18.317305	11.790710	18.668255	20.133693	11.719551	17.200651	17.392157	17.512466	16.813842	8.639212	19.043008	19.855838	17.159028	10.357116	18.569021	17.662305	12.603315	20.122228	13.573319	16.307180	14.363192	16.674822	16.853512	13.774429	19.539346	12.891411	18.125825	19.568483	17.300246	17.342351	16.868309	7.542222	16.138325	20.160169	18.464660	19.652907	19.538395	18.716129	17.623058	12.419342	17.846773	10.582069	17.007193	19.202908	18.159326	17.185916	15.539400	19.035864	17.518096	8.754065	20.462192	11.542949	9.783604	18.790575	14.437055	18.573023	15.609296	19.120305	19.470727	19.413428	19.984170	19.171451	14.804116	12.665185	13.739259	20.331980	5.896637	19.538365	0.000000	20.384638	11.208593	14.157098	15.757267	11.694386	19.541083	17.057149	15.116476	17.722766	18.375252	16.167213	14.335529	18.843079	19.004273
14.475591	20.089618	9.555752	15.611101	19.442152	13.215447	10.475604	19.148982	20.328262	18.791007	19.766077	16.762658	20.408905	14.163523	12.072377	19.024057	19.086328	17.063235	13.294862	15.977043	18.281801	19.139641	14.796819	16.801048	12.133118	11.673280	17.852396	9.094690	10.182371	16.138489	18.345184	16.607766	14.848398	18.300816	19.907650	19.764758	17.631721	18.480133	14.903230	16.715557	13.419149	18.933810	12.836882	19.418453	20.194133	20.246116	13.652281	19.695674	7.511844	17.863045	16.034194	20.018767	16.356594	14.842492	20.211786	15.803614	12.485368	6.266150	11.131840	17.049731	9.278648	16.332973	20.220792	15.675099	8.352986	13.856353	14.817594	18.740735	17.274090	10.927539	18.101364	15.620460	16.069231	15.702887	16.208931	18.595322	15.913859	17.764417	20.311967	18.463966	16.569589	19.909803	19.250526	20.159887	13.906271	12.427612	17.546686	18.805758	18.019334	8.331504	10.293531	18.319306	18.038495	19.677756	16.032282	19.541050	18.678622	20.275991	13.310826	19.061374	12.409478	13.400908	15.938173	19.559804	15.860206	20.179592	19.028477	11.839670	18.120825	16.216692	15.671061	20.103781	12.624288	19.503486	19.168354	19.668665	15.983804	11.965586	13.294447	19.886102	12.608267	15.775769	13.880740	19.598383	18.653439	17.217902	18.144442	14.060859	17.390655	18.276056	18.374582	16.184012	16.695952	12.948431	9.943587	18.218529	16.961387	19.063164	0.000000	20.127826	16.304182	13.347793	20.147632	10.912131	12.022245	18.268947	16.677992	17.847149	17.689993	9.753378	18.675273	19.297130
17.413906	14.857148	20.340593	7.891207	13.519399	18.807261	16.324207	15.434104	20.248332	17.862230	20.253124	17.410021	14.304760	17.571582	19.043404	15.667610	18.660716	19.865698	18.471918	20.368584	15.462870	17.791807	16.162042	16.894706	18.967392	18.804957	20.029449	15.244882	10.501420	11.418165	15.142751	11.145837	9.572644	17.091764	17.273344	18.514558	17.079110	9.720218	20.357534	14.236509	11.776024	18.976242	19.924478	11.416610	15.694076	19.701001	14.977323	20.345750	19.916947	20.337128	8.056655	14.587578	15.713468	11.544236	9.945565	18.117362	17.089070	19.033120	20.127804	20.091522	18.494766	13.629586	18.044201	12.553843	15.281442	17.019075	19.674605	9.267730	11.715934	19.795294	16.333713	18.479725	20.067020	14.745653	17.578013	18.806596	11.779423	14.087293	15.144851	18.221437	18.511315	14.326362	7.697131	15.641028	15.297942	16.812615	20.160519	16.620338	16.083261	6.979864	6.662254	20.393522	19.618072	15.063091	20.250079	18.927452	10.968762	15.404938	18.768156	15.071970	8.099895	17.774316	18.564189	20.101476	19.616598	13.871233	19.409764	16.047932	9.601917	19.091856	19.809491	16.113765	13.601339	17.136642	11.554999	17.297573	15.957401	20.075012	13.840313	18.799764	17.571147	18.584155	17.775341	19.676443	15.715739	12.167595	17.008989	19.310523	4.872541	18.646927	7.962788	20.466109	16.292692	18.270644	10.903741	15.005115	19.262066	12.198761	12.377943	0.000000	16.477224	11.413062	11.079072	18.528829	18.904421	18.169148	16.699060	15.887254	15.898696	16.434232	10.612961	19.886207
19.108668	20.354320	19.639950	18.646757	12.834374	20.426344	18.787628	10.288628	12.029558	13.833515	19.583350	11.885709	16.573651	18.501720	20.309385	19.708081	11.157477	18.827293	13.383550	15.964821	19.982787	7.298456	12.746461	13.437724	18.076452	13.464316	14.369346	13.087305	20.191385	20.036411	19.380550	19.162430	15.785949	19.607186	13.453168	14.211112	20.397907	20.446307	20.016054	14.110369	18.274439	9.038404	7.761862	14.872132	17.589593	20.454402	19.461654	19.967613	11.824275	18.758919	15.840723	19.082321	19.305478	18.045535	19.556575	20.478954	6.540454	20.026259	20.417034	17.581905	18.007950	17.961358	19.969793	19.026735	18.952489	14.309641	11.898673	19.428335	15.364795	18.747310	17.102476	18.092335	18.113047	17.621451	17.952296	18.119463	8.443095	14.204070	13.851951	10.259314	12.510876	19.451079	15.694693	17.108127	7.291850	20.060950	12.299373	16.904491	17.314724	20.275174	20.119945	4.779548	19.661144	18.880144	15.738296	19.456605	19.226837	17.353265	19.351857	17.302304	19.584393	15.304523	18.046415	16.068029	19.116367	20.201962	7.624263	19.598294	17.909998	20.117357	18.836521	9.805901	12.698617	20.451233	19.711839	18.917334	19.120978	20.183779	18.634006	11.754165	14.216258	14.546079	13.660413	10.104497	7.950320	20.455032	20.095198	18.973563	18.020057	13.182450	18.257899	19.419368	20.368612	12.715564	19.087641	10.271084	18.620040	17.012753	14.725761	8.533190	0.000000	20.417155	17.643345	19.302365	17.711182	17.517190	20.315129	17.693185	15.564275	19.662104	16.566327	20.199035
11.258598	18.360486	18.269541	12.467112	20.282531	12.108518	13.362519	19.266998	20.415437	11.939366	16.811134	15.138144	14.094405	12.601951	17.134743	20.233642	7.592997	19.929074	16.154187	11.627515	9.124675	16.344703	20.360945	16.661279	19.143375	14.884013	19.693664	16.935635	15.293010	19.176944	15.676959	16.709061	14.580420	20.297542	18.989075	13.011203	17.999707	18.529271	20.226440	16.776530	19.846915	18.849581	20.434589	19.836797	18.905066	20.070376	18.119304	15.361040	10.866748	19.369372	16.355179	13.087152	17.744428	17.574248	15.979104	16.011690	20.429236	20.135597	10.455827	15.769935	17.318079	13.408818	16.100717	19.452030	20.126754	19.104286	13.732618	19.345102	20.052507	18.849529	9.916325	20.312987	14.382675	10.594914	15.840324	17.608489	19.789272	16.739685	10.840922	20.348321	11.927022	12.595311	19.982641	7.311800	11.612185	19.983251	13.646659	10.650347	10.695624	20.261931	19.944284	19.267059	13.827320	11.261301	18.711354	15.929154	17.826909	16.087073	14.917653	20.414427	19.456750	15.056117	11.032933	20.028993	19.775994	17.258877	11.395616	20.013775	18.297700	20.138188	12.956042	13.580045	17.610950	16.644013	15.760366	17.021700	18.164494	14.571198	17.416487	14.356952	8.310979	17.648919	19.606196	19.725136	19.897147	17.935110	19.240900	13.514821	17.909149	16.688897	20.032992	20.164621	8.398622	19.024340	15.631731	18.730010	11.680285	18.267610	10.941349	19.530021	19.990459	0.000000	19.919951	20.006223	18.552555	11.684762	9.935872	12.642533	15.238620	17.886869	19.035482	7.770646
20.427263	20.012017	6.891046	19.665103	18.497069	12.352583	18.952699	18.682153	20.005791	19.070356	20.197494	20.011430	20.082642	17.964479	18.575766	19.364821	19.760052	20.466542	19.915595	16.186704	19.305396	14.983801	17.906239	16.623858	14.686548	18.784637	10.640487	19.748542	19.656301	18.293973	19.397747	18.730281	17.865445	17.157193	19.531338	15.217379	19.817961	20.372054	14.775123	20.374722	20.344281	19.364873	9.176971	15.247078	20.280530	16.244401	12.742792	19.510398	20.319547	19.112128	19.860713	14.560718	20.412861	20.203407	19.979559	16.697895	15.312546	17.039852	13.891085	13.126966	18.478648	18.850866	13.712627	19.128494	20.075878	19.791509	6.626964	18.038409	6.393126	19.668432	8.786601	12.678611	18.710702	19.734001	7.007595	18.981205	9.868952	20.005196	7.170297	13.529963	19.880918	19.039157	20.266464	10.937814	19.926158	8.792871	18.074830	17.345174	19.839349	14.871422	13.925514	6.453173	18.742248	13.693492	18.001445	18.051942	14.610004	17.524536	17.155882	19.775502	10.812915	15.174435	11.831645	12.450005	18.170076	19.871842	19.846241	13.965757	16.982994	19.272207	19.704102	20.422607	19.079666	20.141240	18.697627	8.276471	9.151401	20.398957	20.434165	7.244607	14.983060	18.184251	16.855396	7.158587	17.963345	17.946346	19.073066	19.773430	15.187245	15.573980	16.001008	16.068112	16.949443	16.274648	19.389417	19.628480	19.721102	15.575521	19.785988	19.919922	17.848899	6.914666	0.000000	9.383136	17.011223	20.228363	19.858743	18.536415	16.222925	16.798264	20.139289	18.294851
9.310322	20.242878	20.204031	17.742020	20.215164	20.241228	13.436951	16.971088	19.895816	18.563407	17.113983	18.733181	20.034971	10.911961	9.510397	19.249279	14.991146	18.436533	11.645450	12.840032	19.884826	9.774863	13.554337	10.358782	14.598502	17.003530	20.408464	20.422757	20.019772	18.469739	19.269423	17.671155	20.309407	17.121466	14.117299	20.392864	19.410128	19.630704	16.919270	13.951089	20.140635	19.036649	20.062989	17.539850	17.812992	11.037705	19.960562	14.737060	19.074983	18.350004	17.820358	20.050217	10.247415	15.083072	11.044338	12.672768	15.740258	16.172588	17.485692	16.797500	19.143280	19.860833	20.194643	16.373102	19.025865	6.680191	15.524195	15.191945	18.161447	5.684343	19.557883	18.112807	19.520950	11.895068	18.110462	9.019097	14.569207	19.776953	14.733559	13.317777	16.819683	17.861297	12.203558	16.762741	18.437756	14.242063	18.080058	19.905738	20.075236	16.595200	10.283180	19.925192	20.266263	20.336317	15.867373	19.813370	17.207391	11.586528	17.207021	18.003405	14.077845	18.734360	17.346236	17.538087	17.872607	4.865148	16.155805	17.312091	20.137697	17.014661	19.342849	14.308238	18.356330	19.324300	20.256752	19.042509	14.868237	10.933068	14.415233	20.367189	20.267892	20.038484	16.767175	20.442265	14.218935	19.966479	19.020601	13.217706	14.841105	11.718261	19.285763	13.309928	14.712983	13.491913	16.176260	6.538299	20.383327	19.174077	17.850443	12.172868	19.949075	20.470876	19.890046	0.000000	14.718574	18.747400	11.301669	19.350068	17.977651	18.490857	16.490018	20.260662
18.212174	7.924562	18.743774	16.960071	16.065228	14.507524	15.090779	16.189926	19.865250	10.810246	18.410955	7.320330	20.186667	16.629368	19.766343	17.491718	20.159696	16.788746	14.532165	19.578418	19.994431	20.352780	19.873555	13.193977	10.783010	13.070967	19.580764	12.256318	16.758916	17.990921	20.117684	15.234355	18.756745	15.712378	13.433647	20.354786	20.324486	12.785705	19.103896	10.980180	15.061825	20.209841	17.686319	13.139539	11.816672	11.827082	7.798456	11.825411	19.270385	19.561921	18.925120	20.424096	17.264363	7.364716	17.098784	18.284553	18.029329	19.310672	16.222320	18.196740	11.933569	18.103167	13.302692	11.444649	18.848795	19.021519	14.279164	20.156269	7.297356	19.298675	16.008091	17.507107	13.361325	18.542030	19.402225	20.474324	19.794906	13.249589	19.515382	16.044896	18.723303	18.842468	18.723282	8.338775	18.525694	14.411017	18.957325	20.195415	10.402566	15.100903	20.361183	13.231430	12.937543	12.600477	18.708434	18.164666	7.659846	19.932848	15.549578	20.430204	18.228253	19.891342	19.528342	17.057555	18.901690	19.123236	15.103414	19.129306	16.093904	9.595773	20.248548	20.227968	19.725186	20.162332	18.077042	20.151192	18.357175	12.251001	20.210384	14.991791	17.512452	20.368180	20.244133	6.537600	19.530428	19.544758	20.301133	15.106847	20.151345	16.213910	15.829768	18.148149	18.837440	11.486382	9.144778	12.070355	17.722708	14.939905	19.547459	20.077586	15.646640	16.788731	17.979868	17.757761	0.000000	12.245213	15.787753	17.124524	10.649385	13.063545	10.851789	17.235978
14.564324	14.543460	11.176561	13.253986	18.309423	20.435463	17.813264	20.251666	10.255852	13.297148	18.339910	15.082239	20.201553	20.172752	12.314440	16.384904	14.697939	11.157206	17.899806	12.554981	20.302726	19.697809	18.549521	17.158942	17.817421	12.033687	18.104459	20.436941	15.370370	12.768717	17.087110	18.813134	17.014599	13.843684	15.256569	16.697842	18.856473	11.436378	20.366117	12.773973	19.774463	13.277295	17.997583	17.098771	19.957707	20.418304	17.448885	16.740027	6.010778	13.016221	20.292562	19.293438	18.531491	17.607669	20.135935	19.102072	17.763071	13.812882	19.922828	15.762707	18.969411	16.538663	17.228103	17.490899	19.229317	19.783196	17.001120	16.283910	19.629219	17.100911	20.314533	14.179010	10.625787	18.406427	9.801026	5.948781	19.261041	19.090311	10.160640	20.187817	20.023662	19.523195	11.106095	17.818262	15.873493	19.429042	16.923085	18.421172	17.295609	12.764600	19.554027	11.691986	18.270974	18.835860	20.086878	18.503526	20.468805	19.697903	17.035790	18.810287	16.847493	18.346139	11.511929	14.950879	15.520139	19.535796	17.190474	17.778925	18.911800	14.713425	6.525575	13.299640	15.348372	19.953631	9.644762	18.819706	19.820448	20.062893	16.228462	19.772355	17.520741	17.783306	14.421741	17.731490	20.132877	19.663617	18.870878	10.792536	17.840138	16.913223	19.237042	13.973736	6.179175	13.479786	16.579704	9.058451	16.505369	17.043984	19.929665	10.040668	19.890478	18.422298	18.805382	19.152796	19.762220	0.000000	13.719470	15.191823	10.221822	20.194498	6.088823	18.714169
20.095251	17.676524	10.202364	15.857478	15.833332	13.358794	14.901654	20.228489	20.468765	6.017397	15.841252	19.094307	11.241167	18.538340	19.323814	15.218039	18.415268	18.321892	15.774901	17.704291	13.459395	16.893757	12.128130	19.386765	19.088948	17.544755	16.965716	19.480926	19.826256	18.878292	15.991909	20.392033	17.490992	20.296232	5.619613	14.905136	14.323594	19.911291	9.545671	16.452356	18.155083	20.169131	19.419521	15.944830	18.577438	12.718098	19.677799	19.147409	20.460836	17.616449	17.664927	16.695576	16.150369	15.057356	17.566439	17.442547	14.599185	19.579453	13.121764	12.537633	19.045341	19.889719	11.635253	8.100963	11.117283	15.387264	9.737521	18.514158	19.842069	17.158920	20.156230	18.160573	19.347418	19.430896	19.072678	13.966452	19.575007	14.601859	20.233604	14.543624	19.719319	16.217616	18.263439	20.027102	11.248019	13.903574	14.919627	13.311954	9.577137	18.682706	12.372053	18.399841	16.655322	7.059917	7.022939	13.273251	11.005470	18.943240	14.769772	15.711440	19.731807	15.224865	17.280629	16.353961	16.245459	17.324586	18.601116	20.239528	17.551762	15.006183	19.547552	19.790534	15.586504	20.033429	19.080891	13.979739	9.524362	15.993496	18.966366	10.249026	12.415864	18.784913	17.247926	13.628825	14.084427	17.642041	12.139694	16.442304	15.528742	18.400679	16.078737	19.791950	17.235267	20.258256	20.062065	17.995099	15.773329	13.730159	19.930835	10.625250	16.457352	11.913936	13.473372	19.785122	9.084817	20.059134	0.000000	17.731581	16.870065	12.735390	18.953534	18.834935
14.547949	18.272358	19.669111	18.894477	18.531093	15.901841	7.209083	16.028545	16.153376	8.903033	18.194901	17.020782	19.694292	14.933412	19.331278	15.529977	19.990852	18.206307	9.605233	12.717947	20.304838	10.125472	12.892439	19.871672	17.019893	9.761356	12.073843	18.767693	20.196460	18.090516	20.118026	19.184379	11.943725	10.371899	14.330167	17.322624	19.231169	19.652805	16.482782	18.150715	14.284202	14.850597	20.415450	20.050719	12.594717	18.272313	12.759036	19.588824	13.372773	20.377644	19.463635	15.307696	20.098517	14.095181	19.743633	7.572492	18.016374	16.067296	19.898415	20.437716	17.062028	19.532421	19.882987	13.941755	14.290669	15.831817	17.065078	20.134152	19.636915	19.527500	10.590059	12.822634	6.080965	15.829345	20.222122	20.272365	15.453562	16.943698	17.497836	20.124261	17.941388	18.242915	18.616448	18.195737	12.208579	8.634656	16.900995	14.974304	10.241906	19.261163	19.033806	16.484862	17.935981	13.960530	20.061982	13.927592	7.295816	17.563023	18.730895	14.686346	14.599678	20.143550	14.030945	19.619068	17.587719	17.783790	14.595849	15.710070	13.569719	16.649994	12.550311	14.902395	19.958241	15.650572	17.896681	18.660391	17.838033	10.917577	12.729731	13.518275	14.268921	20.170352	10.485391	16.048464	19.969808	10.440344	8.739226	14.601780	19.431831	8.826918	19.647127	14.049875	11.973766	19.441924	18.504404	17.418424	17.059832	10.224863	9.988330	19.231236	15.197794	19.678113	17.550220	11.765834	19.943540	18.405848	19.300643	0.000000	6.317721	7.346726	15.172185	19.828652
18.967948	18.104702	16.327963	13.557300	19.120624	19.900728	17.660429	17.928855	16.768063	17.369729	13.487697	11.532199	17.290122	11.376349	19.388598	8.668514	18.577192	18.874603	19.705483	18.532957	7.832636	12.368103	15.849768	19.136005	16.130258	18.925235	17.308315	15.525202	13.123663	16.784139	20.404858	7.798031	20.271856	20.270513	19.481805	12.599271	20.356395	17.036178	8.495304	16.363110	14.461125	12.561304	19.881355	18.230067	18.442903	14.807551	13.630344	18.014438	15.074004	19.870411	18.607137	18.616247	20.184171	16.439644	19.686199	15.445046	19.215214	20.456115	20.451148	9.232663	19.923372	15.930957	18.421302	19.901853	6.902619	13.959006	18.366902	19.158885	19.713248	19.640074	20.466834	13.701585	11.471677	10.839953	12.199457	15.630025	18.369396	5.215360	16.962054	20.079767	16.131466	20.013808	19.328036	20.025641	10.505089	19.886188	12.288271	12.429473	13.738866	17.206111	12.838582	6.629544	18.717381	10.550953	17.464693	19.941532	16.440846	16.910871	20.289280	18.939739	12.446546	10.808207	18.854522	13.698963	19.741294	18.449575	16.455528	20.221537	15.550592	18.848275	14.718755	17.423570	11.734984	5.305240	10.196670	19.006246	19.406248	19.782810	17.016932	10.965796	19.646178	18.720252	18.311411	10.544772	20.336235	20.329891	20.236341	15.827348	14.890368	12.755260	19.339941	12.997431	20.012023	15.587774	18.778438	19.508413	15.454177	20.025772	16.155045	16.776591	14.266802	17.420831	12.361290	14.247870	17.385226	10.686366	15.030195	8.914811	0.000000	18.355863	18.690253	18.116794
8.683848	9.462755	20.035966	14.585349	15.919887	20.160632	18.628038	18.828606	19.121874	19.445285	16.129680	20.110320	18.245959	17.633152	18.564499	12.874917	12.885591	19.441839	11.724009	19.355040	5.409080	16.651526	19.009244	20.253258	19.152128	14.546524	19.981561	18.241021	20.310117	17.359683	19.032796	18.571015	17.402594	11.996684	20.231548	19.816928	19.324263	17.416109	13.024599	13.470831	11.858026	17.802000	9.293408	9.207418	19.546009	15.171318	15.012682	13.792790	18.718887	7.658503	20.267862	19.264292	11.110201	16.316251	18.232208	19.447850	20.334569	18.976923	14.112911	7.860551	18.423042	19.855178	19.352435	17.665810	16.446024	14.623641	18.354362	20.422546	17.554263	12.984200	20.081319	20.232092	7.686172	19.920597	19.357960	13.034629	14.692162	19.428797	20.479416	19.326895	20.266462	12.155789	11.410042	20.250870	15.869199	15.659165	16.839345	18.633477	15.470994	19.357627	19.098075	17.111450	19.157679	20.479087	18.044139	15.899935	19.663445	19.116732	12.585721	17.302544	17.376089	20.005511	7.624116	14.980644	10.759344	19.914401	9.977372	15.650895	19.672534	17.448690	10.430427	20.353227	6.149104	17.996095	16.988829	19.687497	7.233235	20.239652	18.287745	19.337294	10.781324	9.728330	18.093298	17.300944	20.201776	17.503129	9.761990	8.446085	14.084297	12.102638	20.448791	13.369458	14.153052	19.406144	18.693184	20.332117	17.308402	17.738008	10.599121	19.069743	18.894773	15.218782	19.590611	18.133341	15.709472	12.617504	19.774143	19.735379	20.467069	0.000000	7.478003	9.893807
16.653939	16.646344	20.140851	17.355994	20.057806	17.427070	17.612293	13.000613	18.808033	12.380248	17.803682	19.604528	14.090846	15.880510	18.217820	18.455043	18.719586	17.961546	20.360436	15.371990	19.875229	11.938592	19.875928	16.028107	20.242641	17.737103	18.845216	20.049455	10.559096	13.226466	18.784351	13.152367	20.453201	19.092440	17.440335	14.637867	18.663742	18.492103	18.132162	20.285852	15.887166	20.466083	10.989818	17.878014	9.436559	18.471302	11.573641	17.432368	19.975197	15.095125	10.612570	12.677371	15.298968	17.618841	20.148878	18.513060	13.206021	18.871130	20.238591	15.640495	19.607750	15.992451	19.275565	13.929840	19.866977	19.272793	17.232504	13.782603	13.000595	15.068616	18.071619	19.910244	20.165503	20.372194	17.823003	19.084434	19.909115	11.901613	18.479658	19.071644	19.735019	15.638839	9.596025	15.220263	11.080845	20.171331	20.278531	18.305036	20.405032	19.476965	15.327976	17.585803	20.352851	18.512849	16.285983	18.442972	14.024438	16.078886	18.008069	20.349191	20.399494	17.710339	14.409976	16.168630	20.422448	16.334476	16.496221	20.389924	18.937542	7.807989	19.276023	11.296313	19.189213	18.789317	18.550011	19.928760	18.309172	13.503834	16.338713	20.258262	14.618162	16.322301	19.534137	10.763151	15.378200	8.545564	19.437579	14.193944	20.195974	15.536401	16.801440	16.215890	8.018046	20.074524	19.545157	19.461118	17.829527	17.093371	17.352746	16.199277	18.452539	19.942003	12.788313	10.932591	20.201911	19.123392	14.941966	20.363391	15.653295	18.711630	0.000000	19.629199
15.316258	20.474689	14.471611	18.365392	17.002344	20.203077	18.110045	19.575715	19.718472	14.848423	19.344677	17.990112	6.541729	20.274453	11.753444	19.148257	15.725692	15.481946	15.763359	18.466419	20.282351	16.330547	20.438245	19.280417	14.563154	12.607264	12.120388	18.718000	15.970581	20.247964	17.638104	20.091710	19.494559	17.261716	15.477794	7.696525	20.398822	19.115393	16.163333	19.988463	19.935863	17.212708	16.848601	18.788508	20.358717	18.971099	20.404820	20.000243	16.963775	16.844413	18.450016	20.463664	19.783948	12.981140	12.220763	20.427663	8.684728	20.207538	16.808999	17.480800	17.499190	16.912025	19.316529	18.752923	18.318853	9.935707	17.698742	9.404457	15.659045	17.353720	19.994346	20.028581	19.482820	16.813829	18.678191	17.119487	20.353173	14.922758	15.844450	19.281064	18.458143	18.203772	17.660048	14.567222	18.474608	10.048282	19.944033	18.798316	18.713844	16.633098	20.085799	14.776660	13.593140	8.771970	19.862022	15.678224	13.603009	11.871208	19.677804	19.121276	19.572899	8.680044	16.991794	16.427216	20.265363	13.581851	16.553112	18.041455	9.094121	13.311939	16.259665	19.819733	12.710919	13.513888	14.802093	17.641518	20.459540	17.330577	18.183536	12.717530	19.455706	19.335108	17.255677	17.142051	20.434199	17.348188	16.198625	14.928755	18.867218	15.646728	14.786013	14.605993	17.004044	19.480385	16.889488	17.810992	19.718135	19.536224	19.619152	18.776799	17.136244	17.660985	16.183097	20.100085	20.445196	18.842097	19.486354	14.135344	15.178088	17.917883	15.095522	0.000000
