0.000000	41.605251	42.007421	26.948615	39.758333	41.499914	39.428782	40.597612	38.431898	34.885463	32.722172	39.302558	36.349619	36.701855	34.298792	38.624686	34.827679	36.671215	42.253136	39.128463	27.491004	36.685968	28.358919	38.593896	24.755293	37.302515	40.842983	30.719934	29.361267	35.521940	40.784315	26.094341	41.947665	39.038800	39.945265	34.175956	41.473409	15.680277	34.750532	39.009000	40.323746	27.516406	36.878242	40.643144	34.874054	12.212950	28.449740	35.636167	29.412663	22.213502	35.983680	26.121900	41.512682	34.094676	40.889685	41.913363	17.887547	16.264559	10.524421	34.012406	38.964143	40.166655	31.674160	38.126049	26.225317	35.994330	33.605522	39.711377	26.295828	23.798119	36.864681	39.369376	37.643610	27.456548	25.761146	40.720534	42.242428	37.396359	37.075520	19.048164	26.890319	24.608936	32.424228	38.459831	37.629230	28.129575	38.755785	42.016658	39.832758	35.802044	33.941928	38.419648	42.195976	36.282632	28.665838	38.198822	34.825425	40.794105	38.942034	41.909738	35.743770	40.413836	31.426725	18.421926	34.952969	35.530521	18.071204	26.813411	34.297573	39.622591	19.226854	41.607884	37.939843	41.841656	39.377807	38.024540	42.205113	37.155910	39.463121	42.340636	23.622322	39.776255	29.262197	35.042810	31.049188	32.001618	41.846631	41.012366	36.523655	28.582229	38.083277	24.104589	41.835461	34.997851	40.632993	36.454374	30.625395	39.223376	42.144129	31.706357	34.418773	29.309681	40.662022	33.820165	39.437972	34.795519	34.514019	41.259489	29.364146	26.748018	32.617777	29.658110
40.573463	0.000000	40.402498	33.473740	24.590665	34.194534	41.367164	35.121819	34.228210	29.268265	30.563432	40.142291	23.533821	31.083848	41.812494	40.024133	37.091664	41.930177	22.003535	38.672050	40.903858	28.972063	37.456189	39.544146	41.329851	31.271622	34.095352	38.662430	35.437221	21.305872	41.156845	41.828987	32.386786	38.901099	16.836724	41.366124	33.047108	42.091843	40.958383	40.616271	34.786476	34.111981	22.507015	41.066739	41.029498	37.048796	41.285999	40.013171	31.154799	24.408350	21.867962	35.609515	40.982354	29.070481	35.893246	34.577362	36.057950	32.738478	30.406950	16.245082	26.418777	34.104374	38.678658	38.937464	22.549196	36.592758	40.943178	41.552044	42.052360	36.311530	13.944339	37.010096	42.444999	28.730316	32.835382	34.735790	36.740690	15.463366	42.425458	28.458056	19.793259	35.383621	35.208000	36.957544	26.838271	38.651197	42.260542	36.236170	19.494723	18.467640	23.706006	34.895805	39.868444	40.980989	32.087248	26.864210	35.445415	25.290455	38.526465	25.156265	41.872338	32.848137	41.322104	39.172386	35.860080	41.475127	35.790641	32.744452	19.036979	42.035586	9.476441	42.125832	41.485037	25.069191	41.186035	41.869845	37.246096	19.757072	32.435977	35.029986	42.232323	28.696025	42.384915	38.302821	33.874492	40.831718	24.386983	30.306870	32.297420	41.858062	34.330176	41.447507	33.222089	26.342529	27.126588	38.688032	41.725144	37.346941	25.093673	17.980976	37.685617	19.270853	35.294262	29.388692	32.338792	30.186147	35.964465	36.898334	38.680025	40.991945	37.289386	25.347833
35.548456	41.068528	0.000000	32.252848	38.642542	21.514037	37.729739	42.472266	38.649639	36.285233	32.176908	17.775363	42.044762	37.562716	32.385377	31.585604	40.858389	41.066749	37.994592	33.752069	37.954928	40.557746	41.224397	37.576485	34.468884	11.725191	34.873206	27.161175	29.231945	39.230769	25.071186	34.113617	35.576600	27.291523	40.202546	42.365039	38.259410	41.073018	41.944862	40.571411	23.374624	21.575042	37.263664	25.932454	40.180697	30.581401	17.945964	25.671818	38.401021	29.565859	41.520004	20.264860	36.448975	40.456246	31.205670	26.903858	40.734498	39.629695	23.673399	39.396766	39.473872	29.731207	33.748031	40.946730	41.487198	28.881913	41.862628	19.209585	26.085459	27.126095	39.004406	31.242035	42.024010	40.526834	40.171910	39.340311	39.070922	38.364143	34.041245	40.894031	40.268936	31.094941	38.426339	39.360473	38.016504	40.310358	25.334212	35.741290	38.565954	35.733929	40.658342	33.772102	14.440421	34.878333	35.145157	41.974894	36.682033	29.979530	16.075010	34.939059	42.298872	38.835795	30.524316	41.901491	38.132671	30.507367	38.552575	36.200231	33.896294	42.366202	42.006042	38.498143	41.308722	28.434980	20.876282	19.546798	34.675389	40.667883	27.295458	39.894360	16.753870	40.737948	25.026406	30.086896	39.070655	36.273951	40.746928	27.113367	33.963827	29.305195	26.415011	42.236826	38.933297	42.415305	42.362801	39.628426	39.428580	26.777024	30.661178	37.402808	42.226285	41.010833	16.316342	37.544186	35.836522	34.300074	38.852851	27.301890	42.399041	34.683095	15.995821	27.678933
33.060157	41.575258	39.746653	0.000000	40.706798	24.432292	27.904628	37.934323	34.641770	21.664839	17.286307	21.996677	42.442143	41.271599	41.428297	24.680206	22.517293	32.453064	29.471478	23.913569	42.305423	40.379010	38.664248	41.961477	42.038152	41.805521	40.535797	37.762027	23.404635	27.070072	24.737482	39.109278	38.508970	35.373384	37.802109	34.550078	40.116232	17.180961	39.641300	41.920571	34.794206	33.003358	29.177163	37.782736	42.245266	35.456485	34.738044	38.692339	40.893930	41.401762	32.236962	42.435028	41.971477	24.329622	16.679364	38.062135	29.183358	30.135327	24.850292	41.858875	32.583491	29.640248	40.076970	35.114986	37.116750	41.601088	33.136564	17.176895	24.274212	27.364440	23.662045	41.459541	38.611204	40.336528	40.922534	42.427176	22.512810	38.876587	23.343514	40.257061	39.312649	28.725837	34.704004	42.051082	32.579135	39.347867	29.108984	36.024447	31.649791	39.996507	36.545471	29.956987	32.829260	40.766891	34.572549	39.787567	41.354313	20.390220	20.405289	33.604301	37.503963	41.732343	25.299758	33.664450	39.764694	33.335113	36.270112	28.808190	40.115629	39.705107	35.671963	42.230185	20.341410	12.454340	33.536998	40.316839	34.856108	29.170923	39.716093	28.775540	42.209400	35.598617	41.514347	42.300775	41.921782	21.907231	39.240092	28.464160	12.452388	41.849229	41.420168	42.373512	42.212977	41.487692	42.383027	19.862506	33.160724	41.154608	27.313854	26.664371	39.611094	41.797723	42.351376	19.982444	35.976581	36.880031	26.667577	15.488878	40.290381	39.741899	27.176234	22.591392
39.005261	19.758296	39.942585	21.087385	0.000000	27.306070	30.183676	42.122650	41.914379	24.895643	38.110941	37.998748	41.040595	42.026129	42.267677	31.396498	33.240259	21.865696	32.348212	21.397502	27.210471	33.149387	39.955594	37.635652	23.992437	42.143955	38.308492	33.213664	34.693768	37.243622	39.467472	42.477561	30.870464	40.568723	31.085143	15.294309	27.971388	39.668164	40.713178	38.352459	38.868040	19.081022	33.548442	41.394319	38.774864	42.337538	40.974703	24.508458	36.729179	34.953249	36.966544	40.735270	33.883092	40.051374	42.229513	30.855191	38.417774	31.822828	39.264585	37.423506	34.076977	25.893398	27.892825	41.140577	32.379116	38.586679	21.855301	39.450578	22.582044	40.499913	41.279216	33.047671	27.916304	29.934193	29.755535	40.060268	34.745929	34.462256	42.329003	14.331016	42.209611	34.857862	41.966276	26.981772	39.662097	34.050209	38.612508	38.780573	39.845066	40.056263	42.294529	39.011892	40.591440	40.957256	38.798016	28.336441	40.415768	30.047843	41.281898	38.833693	37.718450	36.382196	40.132269	37.403291	20.355922	37.090541	30.644466	38.392562	23.510955	37.429176	42.221429	34.661254	31.495575	21.803543	11.780442	39.841276	36.246323	31.957737	41.560549	30.173681	42.457318	39.429334	42.280961	21.965574	39.390245	34.172709	26.940166	14.974015	26.885102	22.364435	34.997557	29.404201	39.167826	38.639289	37.292986	38.725894	40.137368	29.030352	42.310601	33.884070	19.179636	13.232833	41.111059	32.117120	34.784882	23.293539	36.609753	42.456694	41.857889	36.571769	14.573101	12.771922
41.900595	34.075119	36.726422	30.711130	32.430864	0.000000	39.426273	24.727671	27.247514	22.694891	37.741850	34.819484	40.810710	28.291986	32.053092	35.191645	39.696091	31.353420	28.619598	29.981678	33.190443	38.644344	26.055074	13.488208	34.596244	34.253415	37.586961	41.226333	36.044862	18.240623	22.356620	39.889357	12.234947	32.195666	33.493502	41.253229	41.224802	14.969821	36.720985	39.097922	39.837870	41.869585	38.098495	38.851480	42.087781	40.162764	38.969846	36.505474	40.723841	20.052410	42.100421	39.958944	16.645548	37.954365	35.107632	41.363820	40.769471	15.561582	29.571323	38.703644	25.157779	42.356177	23.841433	27.255560	32.156897	42.419007	32.600989	23.001726	30.873322	20.992142	34.394365	34.867242	25.414820	32.503057	31.061226	36.681115	41.486507	18.121643	14.508457	21.860738	14.623595	41.383820	39.374221	33.086959	33.688835	42.411885	22.550838	31.014606	27.636073	30.556426	28.029945	38.082471	34.441977	42.412344	26.141961	39.904054	41.565549	40.581992	40.289078	24.731337	41.548387	41.316344	16.228085	13.764761	34.307379	31.055252	41.994946	39.933947	34.328688	31.000193	38.576871	32.578200	38.820909	25.967113	32.391682	33.835994	36.976499	31.685734	42.266862	32.987380	22.417162	33.578304	34.538179	18.556147	38.728012	41.973478	27.864654	41.745431	37.886838	33.079467	33.005060	39.880536	21.222508	31.961540	13.718787	42.249673	19.229790	34.530252	42.378176	39.631636	39.299494	29.402492	38.276414	25.563929	34.549651	37.550455	35.278142	31.290834	27.292540	40.803652	34.431290	15.009296
40.749767	31.781230	33.876235	39.793068	20.460373	37.614608	0.000000	37.822625	34.986758	41.789715	34.658356	41.629855	42.280454	35.443236	35.148151	42.269465	35.056551	40.328893	34.326880	30.880100	33.527445	40.023056	31.709286	31.079567	39.186157	32.129043	25.399095	30.894764	42.343282	18.631383	31.408081	39.078595	23.317060	24.774745	36.398020	40.834582	12.744206	35.600084	42.155075	39.597112	41.752909	34.745698	22.220643	24.827177	28.696914	37.606824	15.170066	21.190575	25.101861	36.702290	23.684260	38.890095	23.842372	40.170247	30.330402	41.557774	27.292327	34.809243	13.407804	29.977943	36.789974	34.286185	30.950197	41.606264	41.682005	33.271781	27.654435	41.722594	37.789365	40.427096	33.354653	39.125432	40.979400	17.840964	20.903767	40.795405	28.883810	40.506972	36.171936	38.075438	24.417851	39.111241	10.230949	41.352430	40.991801	38.576301	38.582970	33.335042	39.825148	41.791958	41.861221	27.009046	29.029181	42.167816	41.034476	20.571289	23.126365	41.086460	28.913105	33.499484	35.512794	38.439394	41.842676	33.748157	33.321970	37.570815	34.032724	28.022332	40.838094	33.488386	27.612991	41.620265	41.124103	38.869163	33.942309	42.465974	34.448524	39.511394	41.053519	40.730316	18.022262	29.086566	33.305656	41.736624	20.154456	39.222762	36.362708	42.255805	34.276378	31.320130	18.385994	38.366006	42.242209	33.315090	42.023870	36.909038	29.204535	39.725905	41.924044	40.931592	39.635867	34.108600	27.487400	35.696798	30.457887	19.780572	39.348825	33.579554	20.843429	40.926301	37.291588	38.709717
29.852936	41.983406	41.537195	30.042312	35.462551	35.364832	41.763696	0.000000	22.843727	27.008853	20.437791	42.472883	42.432951	26.935171	39.047510	38.334717	30.780635	37.731948	41.746562	31.616208	26.220819	35.272661	41.331573	26.830852	40.694907	29.374011	35.891962	42.356315	30.993504	35.214074	19.973019	42.365292	42.067220	31.481633	22.292857	33.357521	38.998339	35.030209	40.437523	32.670435	32.522317	42.369286	37.800159	39.236908	18.996043	39.904505	27.228679	31.726538	20.359389	24.495674	28.526890	39.232774	38.228425	36.114004	36.684854	32.525907	41.844056	36.302626	40.779210	34.627371	35.722297	36.781187	39.980545	40.213509	32.239572	34.657237	32.680247	35.278685	34.633080	41.354415	40.517277	35.471957	33.991002	40.684386	41.268601	27.516887	13.356374	39.674866	27.974947	23.469320	38.595311	35.946399	42.259355	34.721851	38.396083	23.030425	31.602634	21.133657	37.211943	33.247724	39.936587	26.934382	32.492406	42.007048	36.623024	39.381276	14.852297	28.756667	27.019343	34.073211	41.339443	42.250364	39.654937	31.539665	39.807839	32.305154	36.816378	41.261401	31.284177	26.596088	26.845521	32.753343	40.566847	28.534972	29.900707	29.674289	41.577888	39.529974	23.099755	32.332468	41.774593	25.521651	15.039809	35.621377	37.960460	41.932144	39.042423	25.610799	41.131532	38.665873	32.989072	37.839962	34.950630	40.755953	19.224943	27.794363	42.440333	30.311192	40.835987	33.907458	39.511814	37.966817	36.150962	40.885556	41.975974	42.034819	21.867564	28.876293	39.779165	38.909832	41.417652	37.242947
25.438062	34.389938	35.018168	36.065292	28.545452	41.599305	26.334544	37.501175	0.000000	38.998140	32.827866	41.785238	22.696794	41.257516	35.951971	31.033634	23.736289	38.298892	30.499275	35.291595	28.244434	16.223496	35.997626	29.655610	27.813310	37.343431	31.407551	41.522926	33.344346	36.239635	23.138031	40.511998	29.803812	23.869812	17.849830	38.830121	40.953473	24.445929	33.187447	38.999956	39.668774	32.976333	40.413258	41.236180	37.621040	41.288593	42.108354	41.238211	37.951828	36.033471	39.247695	25.849548	42.216897	38.123476	30.464928	25.653202	41.507625	39.754616	41.200662	41.830210	33.840233	28.404394	35.439845	40.287552	33.822891	37.552672	41.889171	33.017620	36.714499	37.750423	37.599621	33.852412	32.013323	20.406254	39.475086	17.866566	36.067062	32.035750	21.352922	31.813557	39.227105	34.824520	34.771078	39.169473	41.758006	41.175947	40.237012	37.607393	32.599975	32.702851	37.709391	23.117371	42.107677	30.491597	39.921333	17.602537	26.757360	13.113141	41.370252	31.163008	32.604852	41.553233	37.903657	24.064451	40.194130	18.306541	32.984264	35.774653	41.993756	37.125355	26.207598	40.941674	29.912885	39.689021	38.148576	13.418375	31.689128	42.201207	41.906127	22.551710	38.493689	31.633591	35.215433	41.717167	37.664994	32.551244	31.104006	26.750082	39.306338	33.645471	31.950464	40.977841	29.348434	26.552892	35.536448	22.518598	20.955660	25.073873	42.426228	34.271555	40.687375	41.957972	28.064581	30.891783	35.189903	38.042547	42.143553	34.565763	25.998904	40.625683	24.444385	41.861621
31.798538	22.394743	38.252528	41.622432	32.026957	41.599739	37.118640	42.086383	38.912476	0.000000	28.491925	39.376473	40.109382	36.802475	40.080524	38.030238	40.370109	27.260280	30.915353	40.225527	16.868541	35.904074	42.150739	34.031936	39.899634	41.583376	36.276899	37.543683	19.492268	39.034916	37.273324	41.486429	41.249571	24.335988	31.173794	32.438825	40.047280	24.676826	37.944337	20.552385	18.859274	41.197974	31.215569	32.461294	28.571017	42.187465	41.840009	31.430491	15.963339	36.215257	41.687623	30.025853	34.860301	34.647280	37.830327	33.654911	39.209577	33.054104	40.400300	23.222244	33.429502	39.496784	36.797998	24.335388	37.641060	38.054171	33.032076	30.183583	30.628359	34.219935	31.897948	40.061375	37.840942	12.313658	41.431379	36.260130	23.393998	39.765607	40.567846	41.148997	42.431420	32.388895	41.732770	19.105472	29.976056	38.750438	20.839575	38.549453	39.902894	40.378835	11.698234	37.512632	38.621037	38.559572	39.570825	41.083706	35.852685	39.509421	18.366369	27.971593	23.082753	39.490010	40.820723	39.142681	39.461728	28.100335	18.737036	18.786184	36.406186	27.772625	39.717015	23.835912	41.384053	28.295273	30.104730	42.131860	17.884723	39.482474	37.929859	41.347444	19.253893	40.712729	30.347368	27.507487	29.028204	29.326939	28.370140	28.621019	41.388008	38.261991	38.747450	33.138836	20.549391	38.517505	37.041907	33.060151	38.908226	33.560483	34.481507	40.899069	35.468787	35.842625	33.550684	25.650271	41.747264	33.332907	38.520860	34.808480	35.666956	40.308619	41.052067	14.072382
26.243944	37.923705	39.562922	35.536335	41.911069	26.767166	26.012302	42.473542	38.602352	42.487073	0.000000	42.478433	30.746735	37.358532	33.977157	41.774842	40.102828	42.156630	38.737141	35.079792	40.869969	39.724434	41.593338	29.505038	24.224971	40.358882	42.264885	42.486949	41.452917	23.942588	34.198411	40.570137	36.783385	30.908190	34.839672	36.346094	41.144398	32.323577	17.013620	37.985380	35.272522	37.719570	20.270660	30.254080	40.686904	41.010669	35.422924	28.341595	34.737164	30.812667	40.704799	31.199312	42.279814	36.763136	36.906714	32.532509	42.428424	27.558211	37.952509	27.667657	39.708049	41.614147	41.503824	42.094601	33.067194	34.187492	38.456695	25.779731	26.590565	37.119663	25.948465	37.109496	19.632006	22.120972	37.150501	41.552011	27.454800	32.573146	39.558171	35.186400	17.098082	28.043224	39.016147	40.691641	38.178041	41.665667	35.760722	31.422803	42.201455	40.504421	36.378174	30.439934	36.791008	38.265337	33.105140	35.478671	36.472015	20.280539	26.408966	39.828580	20.676560	37.330803	29.375334	37.631245	38.735801	33.479535	38.914454	37.584878	39.642683	41.195523	28.586803	21.605352	15.565757	39.333927	31.058294	41.878780	26.022323	40.752499	39.060292	38.961903	40.530209	28.287654	21.720054	40.234917	33.967848	28.147702	21.933253	32.198558	38.648195	28.769015	32.450977	37.791776	20.242443	36.125075	40.620700	29.673733	31.603078	41.268788	39.432832	41.875946	41.877442	12.037182	42.310225	41.774588	42.151434	31.546262	40.712379	36.880613	16.331802	36.816033	39.248980	15.285403
28.300965	31.081200	41.930387	36.455187	23.388876	33.832316	38.949536	29.974611	34.066588	37.386989	31.730737	0.000000	19.073090	36.470357	29.429127	40.825496	40.604076	26.888717	25.692482	33.199528	19.783971	35.792475	40.348395	24.105348	40.586449	27.709549	31.874501	11.777318	36.014002	27.306075	42.190523	37.635461	38.511854	41.574111	25.523541	37.713915	17.083752	19.804079	31.448352	33.910803	41.295943	18.825202	40.395212	40.557561	41.689711	36.756358	35.319322	41.866875	35.108135	42.051118	36.731172	22.545497	30.411002	37.939443	40.264393	39.708918	34.245999	29.218153	39.307972	28.925894	40.458534	23.837849	35.620045	41.125387	21.055153	41.155148	41.131579	41.820323	36.528867	41.187932	12.794195	40.591785	38.578558	40.073194	26.058300	38.333917	37.166839	28.529884	41.673469	32.966276	19.754173	37.602882	39.453017	31.992520	29.712773	32.730758	40.923194	40.411770	37.088883	23.800193	32.845161	20.390508	31.296181	42.414729	27.015618	39.970722	30.684131	37.171138	30.764042	25.693224	20.979841	42.058990	28.976932	30.618303	33.268702	38.672355	33.101913	28.674395	21.893023	29.466057	37.056505	35.959076	31.752482	22.555919	35.344179	38.009585	41.932483	36.464923	39.455532	26.229605	34.745036	41.818972	42.377949	29.113518	15.236170	32.010272	38.436833	40.590912	12.997711	40.929825	28.554318	40.325101	37.797633	41.480992	25.420951	34.918724	40.667016	38.483821	41.623629	39.346299	41.088860	38.109207	37.152345	42.015928	15.695824	42.314359	36.366017	33.085617	32.115042	28.689845	36.556298	38.667474
30.229645	39.184863	21.979196	41.963761	27.572075	21.367751	38.850797	39.366185	30.876969	18.377465	25.223587	38.213284	0.000000	41.117117	27.991705	40.892207	21.594064	26.289565	42.104518	33.819145	24.531025	31.744866	42.065201	41.794371	28.976689	40.570029	41.423832	32.689711	42.096879	26.113877	37.845801	42.204637	36.376710	32.789696	36.251634	42.282901	35.355085	33.038067	42.317458	30.149441	19.617697	37.698164	39.776901	30.426906	20.682806	40.375550	30.104148	35.956507	27.379922	37.603715	34.817092	13.755225	27.198263	33.612395	41.313757	41.000443	39.953231	25.009147	35.745544	42.314457	39.145878	35.599471	36.268438	22.938854	35.882500	31.807210	19.270810	38.778919	38.440794	40.932133	28.167434	40.980589	35.364543	13.001380	39.744825	42.444071	30.290594	42.483218	13.266792	40.249295	26.004936	38.095853	28.793335	42.020584	41.293109	42.439079	37.924731	41.751742	38.600014	24.363432	37.904875	33.521948	37.717422	21.948437	37.271425	40.128004	16.004629	41.799083	15.759070	41.035853	29.318465	41.946184	27.352429	38.989405	38.044002	40.160348	42.229915	32.529048	16.098772	41.704923	41.195283	25.634191	29.974871	19.468385	40.382176	38.635593	28.568995	23.830662	17.730387	42.116393	35.788306	36.303126	35.910845	35.597442	28.464216	36.340296	39.691225	35.102509	33.423812	38.635207	26.231106	15.277206	33.874692	30.153735	37.352042	42.338017	38.488844	37.655573	29.250636	39.490440	36.896177	36.599622	42.047961	39.510996	25.932244	24.305978	28.009889	23.089802	31.025437	34.194797	41.947645	40.989426
41.222681	41.757051	38.861381	22.360567	42.003810	34.426927	41.419204	41.663782	37.862496	38.326255	40.503465	18.838133	34.638043	0.000000	41.679218	21.395416	42.157753	39.622020	36.893823	38.680771	35.814576	28.595578	39.884555	40.876562	37.377239	38.495303	38.896407	28.005545	40.166328	36.884922	42.065946	39.131083	36.095487	41.485228	42.255164	25.791124	40.181259	41.274600	41.039230	42.254298	39.394850	41.199440	24.519546	41.041098	35.781580	16.134925	36.516030	40.680001	26.791520	40.277004	28.508139	25.917538	35.787386	42.297961	38.223800	35.958989	33.963222	42.279763	41.588774	36.511765	37.845925	19.353673	35.402125	37.977937	42.305487	40.746420	31.903945	33.706791	38.881694	32.076142	37.515859	29.067973	19.600909	41.619299	37.357618	40.917484	32.604664	31.658577	29.772651	33.847922	34.895870	34.376403	42.295658	39.252340	22.811922	21.674569	39.088693	36.400733	21.846867	36.442344	37.096289	32.236401	20.017609	12.598697	33.047877	40.165663	42.093896	41.755712	33.690299	38.890409	34.226298	36.662551	26.507511	32.008848	40.422360	38.656866	35.171737	35.534265	34.472780	33.419470	39.063623	36.963714	34.242622	26.300237	36.181988	42.457831	39.731711	32.514378	35.084606	26.565961	40.524852	37.353343	32.372264	27.947622	28.547340	25.812382	39.663863	20.997911	41.837645	32.658744	39.594624	42.145415	18.324588	38.688657	32.861058	24.864931	33.412745	14.766582	24.218925	29.789447	37.208123	38.414225	39.710743	32.808362	36.563920	35.492741	23.082619	27.855861	38.128397	35.473330	31.643228	22.492444
33.975745	30.000634	36.069556	40.517370	41.915387	34.180992	38.350601	28.383559	34.342627	37.754168	39.898962	41.269837	17.411018	41.336251	0.000000	40.578587	42.361377	27.118901	40.533753	31.180310	36.706986	30.902442	35.059900	41.810684	37.297307	39.000404	31.410031	41.457356	36.169065	38.102880	22.472643	21.026099	25.746862	18.575246	40.768530	28.755445	36.605095	33.593834	42.330592	18.730868	41.566741	40.985083	34.103145	34.645658	41.816960	29.360240	40.856489	40.053768	40.137739	34.178064	30.629914	36.034820	27.138818	16.649837	42.073514	26.088512	31.428723	37.832199	27.242337	33.675828	17.641200	32.755237	24.754513	23.241342	14.949632	31.649894	33.319276	35.834774	28.976573	33.797552	40.173591	18.376760	35.523141	32.151540	18.935784	39.194805	40.037217	30.505841	34.442788	41.483581	40.307916	26.144870	30.522129	40.945971	41.816572	39.795557	41.163385	34.025499	21.938324	33.763501	25.383434	38.686587	42.345968	17.766594	25.248752	26.094485	30.144403	24.944250	27.698077	41.319148	41.702209	18.677950	20.525890	38.377039	40.459865	30.814446	31.613536	16.763040	20.199523	41.814709	25.452293	17.434712	40.538010	35.327297	40.310898	30.261966	41.001428	37.648178	25.683843	38.254867	26.503805	39.069454	37.498412	40.488926	24.311845	38.581768	28.400492	39.732063	31.349640	32.641061	22.929589	21.709267	35.140118	41.182629	40.935290	41.342235	42.284834	26.752238	36.879445	27.041587	39.513414	30.850839	39.682675	41.402798	38.659242	41.698777	37.232285	31.775222	34.771564	40.814855	34.744705	14.138136
32.637483	33.421465	26.959331	27.218123	34.119957	10.949199	40.576312	30.356569	40.673985	42.050320	32.928306	41.594632	41.451087	39.870980	39.910484	0.000000	39.705568	39.640784	39.051028	29.338590	36.455334	25.453125	39.917859	38.606823	37.831937	36.201319	40.732069	39.234938	37.140313	35.224545	41.113027	17.985010	17.512714	25.359989	41.419127	41.865753	18.159233	38.234576	40.350739	37.457720	41.802614	30.587498	34.883347	35.441819	30.620916	32.414463	39.650788	16.383311	29.876195	35.995703	34.195169	25.853618	42.189095	41.970639	37.607257	39.269467	34.495514	41.456008	18.285904	24.002622	40.104407	28.380294	31.754629	26.218158	40.820987	39.660057	33.803298	40.963528	19.990397	37.381555	28.875205	26.463101	34.526108	42.267495	33.661210	38.556058	27.709849	41.455077	25.121254	16.425662	40.953569	42.407345	40.966748	31.963202	30.597777	42.002040	39.153072	40.168317	40.908876	27.269018	27.753389	16.352651	26.484655	33.671894	22.199788	32.299678	26.447536	37.067422	41.986971	25.048155	22.021923	40.467436	41.105748	42.094038	42.359065	36.390151	41.985776	25.371630	35.210695	36.988490	39.473429	42.209729	41.743489	35.623481	39.693135	34.458686	34.211281	35.184471	28.115977	42.134858	40.193284	41.283359	29.755131	37.462447	36.215919	28.506390	36.659673	26.353221	40.049715	38.334284	32.842775	41.015581	41.822339	40.596051	42.045348	37.196597	42.131925	14.840947	31.430427	31.714143	39.282208	39.062694	17.966349	35.647841	15.708552	31.013418	41.861867	23.852137	39.020741	33.473133	35.835938	34.723745
37.318597	42.167307	27.951639	30.459591	19.534065	41.202064	40.598313	34.068324	41.748959	18.206300	35.172374	38.974032	36.419257	38.109805	32.024351	24.336534	0.000000	37.832053	41.043803	41.245871	34.436900	22.183138	42.404905	39.868959	22.442039	41.621943	32.123055	28.129767	38.074268	35.795350	36.540909	41.453752	38.593428	36.432477	42.340840	39.586545	39.566123	34.109490	29.985435	23.990428	42.458900	28.924316	37.534181	39.279983	39.984981	35.584132	37.964603	39.366781	39.942902	36.080346	36.669887	24.800526	42.230285	41.931464	36.233315	42.401098	39.149735	22.859951	31.289186	40.462271	34.232884	39.172876	41.222140	25.198759	36.022197	40.539235	39.283009	29.332916	34.797096	40.314140	20.593158	41.297673	28.371465	34.499408	35.176586	33.369984	27.118878	37.743617	40.747218	30.490499	36.889084	40.451181	34.772726	24.147313	27.330188	31.794074	36.345800	26.048451	28.650506	30.936026	30.857327	41.159512	29.957993	42.170427	42.323907	42.281495	34.632097	38.998958	34.946151	29.503750	39.102238	37.824027	32.625543	36.622194	40.614577	41.331500	27.633933	29.646107	24.506937	41.425273	30.309556	39.050766	34.045743	12.877563	30.974260	38.722071	33.275730	28.545222	15.795191	31.844631	14.074547	42.083979	35.981169	38.605998	27.820841	28.594427	35.439241	40.115725	35.801027	35.680486	31.309018	42.332911	41.786304	39.498756	32.522368	38.498137	38.837436	31.687734	19.690474	38.254687	25.658546	39.722440	23.438275	42.369936	32.364597	39.679863	38.641236	39.430360	22.598089	24.007607	37.338679	39.110305
19.152291	42.355649	37.347351	37.172579	35.756728	41.789013	31.445981	31.795867	42.152185	40.926720	30.626928	29.803898	40.007060	37.394551	35.153826	36.335256	40.125240	0.000000	41.354813	39.063260	39.833439	41.628921	31.300620	39.353720	38.039055	36.405559	36.859591	42.400151	34.526124	16.959404	25.982864	39.349037	40.560079	26.384499	42.310732	41.284469	23.546598	35.444896	40.547422	34.335535	34.413376	38.218942	40.969370	41.551619	11.302523	31.192840	35.415240	40.366152	40.981800	33.918091	40.489419	32.469174	27.461582	30.173482	23.257821	39.474821	35.889901	16.590546	16.509168	25.669158	41.455541	36.877065	40.710926	26.246129	19.346458	39.125571	21.239824	38.569711	37.157529	22.541075	40.320644	38.676049	39.972821	29.345398	21.606687	36.191653	21.333844	34.767783	22.710382	38.046057	17.286699	23.721111	37.872038	41.302682	39.754322	22.888833	39.336116	23.417625	16.763768	40.739348	37.070175	42.063589	42.409368	37.744537	25.806931	40.891142	37.655893	40.080275	11.653603	41.288058	40.551466	40.199694	38.123594	40.528755	41.262717	38.464911	36.142119	32.934346	36.125962	32.155167	29.995515	42.457012	40.177655	33.198317	32.735003	42.486366	16.558321	41.158802	13.083672	25.206644	26.779175	40.864587	29.731669	32.407557	37.665222	38.486933	40.024206	26.981586	39.913515	34.676604	42.411681	16.703694	37.456708	26.013383	40.914053	40.592445	17.844760	34.609663	33.735845	22.859640	40.076400	35.985268	39.903761	34.890398	40.587500	39.872204	33.488236	36.119946	33.066207	40.050069	31.637260	38.820823
13.936125	42.066350	28.182020	34.537434	31.269776	38.353029	29.722037	27.965939	20.697943	42.438735	26.906070	40.116474	42.129139	38.702561	35.438089	20.138008	40.822791	35.234364	0.000000	39.057575	29.421123	33.223820	39.550527	37.652937	40.250679	35.924468	25.010650	39.288768	28.134498	26.954906	41.906518	36.713057	32.058217	24.602615	32.506728	42.272285	36.932785	41.228788	28.981697	42.352379	41.488805	30.861898	39.976891	37.312523	39.575942	25.265277	37.999114	33.070397	40.430915	19.525667	39.359526	42.016492	42.345308	39.112192	42.087552	37.092015	37.685942	40.059275	39.447141	40.599786	37.936781	24.039360	41.352224	38.374758	19.549637	33.676406	26.927400	37.179064	28.074810	23.590253	40.676439	39.384101	37.659302	42.197043	35.551519	42.437873	31.684593	42.087911	41.801564	42.479612	31.350508	31.550026	29.359910	40.427803	38.619186	37.665482	34.314131	38.764405	41.661425	36.108323	38.725795	38.853170	37.459585	40.846173	29.407351	36.369767	41.857578	29.804858	27.204898	42.174426	30.041430	19.020134	41.425649	36.414082	39.714634	25.597658	42.025174	24.637554	20.823098	32.795995	15.516990	31.988609	38.067831	42.212598	37.210699	15.102047	30.911691	32.468781	31.960374	40.920564	39.778967	41.661390	42.077310	41.648092	41.132128	41.685910	37.030269	42.488151	41.598833	39.602067	40.993451	41.279601	42.098688	39.506922	35.028096	41.477173	30.169402	37.728115	26.813301	33.790894	37.582759	37.331292	42.341523	30.498692	32.229412	24.156208	39.793327	12.252135	28.605293	34.051257	25.363142	39.036072
35.840246	28.332912	35.285222	12.324050	42.251355	37.412514	40.808393	35.879018	38.960396	42.416841	38.574445	33.284258	12.974737	42.189630	27.500707	34.604521	33.197350	39.523932	40.018209	0.000000	19.824313	39.047401	40.326208	41.014071	23.820609	41.489948	40.064974	32.189803	40.849319	18.352638	26.189912	28.196674	29.790651	37.819472	41.864604	39.176882	22.950080	36.882906	29.015181	35.841257	29.042858	39.047088	37.635029	34.098729	34.187393	31.828953	38.932079	24.492868	41.077062	31.200017	37.231485	36.853766	23.024852	32.605445	30.845119	29.450574	42.219702	31.316305	38.667155	29.887868	27.379020	25.476758	40.236034	42.326519	31.504015	29.621013	32.207533	25.137196	40.637020	36.984165	30.265534	18.037064	38.893094	40.593173	40.392221	26.160486	23.071661	38.662627	23.720862	32.930026	35.671349	17.059384	22.857019	19.302155	23.829165	34.643777	36.507249	28.690938	31.920284	42.372371	33.643101	31.359283	31.904067	17.074209	42.264991	35.297903	39.771737	18.151049	18.251756	26.672664	41.789270	41.456413	34.080141	37.934571	14.720716	25.317822	42.224623	42.433590	38.027888	24.660772	23.252676	40.392460	42.190885	41.182675	37.533817	42.195471	29.657380	32.971196	42.192111	40.949906	41.926652	19.466867	20.457131	20.177856	31.917681	26.518738	34.788882	29.612342	17.387761	38.580288	40.322376	41.763663	36.749561	23.466162	37.389845	40.378141	37.413988	31.245488	41.563384	42.408568	33.793253	20.435507	27.237356	40.385202	27.070956	38.776515	34.373780	22.220288	41.786871	41.622231	39.346878	14.879585
30.745059	38.556480	36.253757	21.619515	41.585068	30.153509	24.357475	39.679124	32.667170	22.600669	17.021458	26.100488	30.769402	39.180008	31.775087	35.244422	39.899990	33.530456	36.708895	35.580100	0.000000	38.925414	32.724187	41.349780	40.597632	28.503254	36.065042	42.423178	37.794723	42.204542	32.387144	30.743320	42.115437	38.834611	38.689965	38.552790	42.300371	20.269387	28.360925	17.989678	32.146973	26.339837	35.889209	13.411163	30.530504	33.958160	42.371160	35.721632	41.745039	41.965301	42.400951	41.922491	26.080017	36.179652	18.456237	20.479415	36.309918	39.957764	31.666538	41.216458	31.106329	36.888454	42.057424	16.949368	36.333218	19.578775	40.573971	42.275322	28.532129	16.105949	40.918624	36.351866	32.491875	41.714908	29.090006	35.849767	26.324127	36.833557	42.360221	32.432702	20.994743	16.038016	39.778428	33.935053	40.978699	42.197556	26.531951	34.027919	40.533169	30.144380	24.448682	27.460144	41.597357	27.409368	37.779998	39.408052	33.670429	35.424867	42.115214	30.078091	32.543281	38.688810	40.633170	37.187613	39.843465	16.760010	38.928037	39.602894	41.776392	37.409491	41.055352	37.341641	33.112587	12.401375	31.436517	42.416682	29.300022	17.849776	28.631843	33.402026	31.740036	41.124348	42.319465	29.234892	29.830811	39.915530	37.511607	36.640608	41.294625	42.063533	29.049216	18.319650	42.451537	27.199496	38.284580	37.436004	36.509274	40.972151	40.918584	41.080123	36.023227	35.542273	39.602722	27.167696	42.173182	13.722188	25.045105	20.475553	42.024048	30.734847	38.123446	40.426145
31.355109	39.267293	39.156905	35.069061	35.613938	40.193002	30.100783	39.690702	36.873647	16.252944	37.883887	20.014843	40.863050	41.488446	42.202572	18.418843	38.449828	29.174487	16.669335	41.614104	11.923521	0.000000	39.404173	42.468267	27.998396	20.456258	36.198197	38.755824	17.479518	31.889939	38.741487	21.202998	20.974310	21.119041	25.080543	37.028541	42.424456	33.407052	14.965286	13.508065	34.510100	25.818578	40.547752	40.168376	40.166372	22.273251	42.444787	40.535383	20.194095	40.089822	29.607608	22.311586	31.456394	25.773743	36.708612	28.531934	40.435529	42.481486	39.335729	17.041795	32.372271	19.626614	32.528405	16.905723	38.729555	31.560326	24.363938	41.539912	26.952410	21.176561	42.207729	33.710307	42.336008	41.289250	30.543597	25.010499	39.360360	34.939505	37.815065	24.933319	41.784578	42.421331	40.815367	41.314137	21.222079	37.773919	40.295627	41.322124	34.574351	24.465527	36.565984	36.732421	38.707614	16.367801	36.966240	36.910120	33.088597	21.655879	25.611837	22.576723	41.296349	39.806083	36.336595	22.545349	42.227715	27.272551	25.804789	37.667288	25.966119	41.970744	22.063124	42.163915	32.389594	27.510237	12.584941	37.204115	40.528814	36.211460	41.273253	42.068497	37.894841	39.880048	40.853064	25.033154	41.944710	28.955227	27.730918	35.864248	40.474009	40.429090	42.437871	41.568039	38.148905	17.228656	39.559958	29.386230	24.565092	35.052673	42.039136	36.417539	30.451300	38.731364	39.783986	36.814713	42.242310	36.607983	41.585758	33.807677	37.112114	25.392009	40.171504	38.099633
37.247183	34.877301	14.901569	23.038921	35.362906	25.878115	41.774791	33.236411	40.917159	39.887739	34.058573	27.902568	27.762451	13.790348	42.312998	39.166966	25.213277	42.355188	31.166896	40.148619	14.052845	37.971270	0.000000	37.498099	31.820404	37.713084	38.913008	21.312998	11.966748	17.215944	37.165593	39.104017	20.817298	29.265092	36.802653	42.335229	12.398306	12.803551	42.479109	22.871424	40.217042	28.560976	25.218964	38.517674	18.078625	28.628377	23.429708	23.196258	30.873679	15.186766	40.851537	33.378241	38.241994	16.664943	41.950480	36.941851	35.827601	41.863064	42.415663	40.099395	15.475158	36.369852	17.062901	38.780757	38.925891	18.617071	40.053217	33.807786	31.467158	40.658143	28.241003	19.072459	42.423836	26.948711	39.725972	34.402170	34.669040	41.957729	24.584029	40.309269	39.943972	25.782097	40.265323	37.343427	40.695532	41.087201	35.491373	38.325116	34.742207	17.891817	40.799996	42.443486	39.680499	41.668437	42.063695	30.155532	33.956993	37.434226	23.196202	27.880166	26.076958	31.560706	42.226939	40.998154	41.883702	37.139776	38.497266	39.288205	37.995858	21.337083	33.179633	37.101980	31.072248	37.241253	33.786143	28.165989	39.914739	26.631686	41.412618	38.488708	26.298169	41.911476	41.934894	42.138298	19.653065	18.286832	42.230758	36.497384	39.909656	34.643765	42.426977	36.644242	36.818565	35.917622	29.408558	32.977922	29.892800	30.133546	41.820920	33.360096	16.468212	35.653676	26.202593	34.462636	35.792846	39.707059	38.092905	38.392821	40.787641	42.483893	38.962034	42.223536
41.062204	40.462524	32.991389	19.117822	41.622290	40.039811	33.821351	40.697269	42.451583	30.406260	29.802683	33.201671	28.724871	30.105459	22.921149	39.129236	33.999870	37.876775	28.761144	40.175207	29.194527	40.664272	39.741590	0.000000	35.654140	28.922670	25.890773	38.635077	36.033649	41.359290	21.348253	41.999511	15.961701	29.432074	16.076245	39.184550	23.128542	33.947482	36.466386	40.053963	40.137824	16.065109	40.324113	26.500728	30.218800	29.876437	31.235710	41.884021	32.647784	39.960512	41.376521	32.907657	39.710321	33.743410	29.656485	38.218317	31.728642	20.358462	41.458246	39.365341	38.530664	30.304830	35.866670	29.791534	41.224894	36.939976	41.985570	33.307894	28.115353	30.227817	38.728024	37.223901	39.283332	30.094232	40.531376	41.782709	41.702914	38.245031	14.560667	38.404971	34.316648	15.063694	39.284618	38.833279	33.568256	40.701949	37.073761	38.610418	28.176588	24.474160	29.546046	25.205991	42.475175	36.959031	41.053397	34.702685	37.957129	22.574438	41.630694	20.508401	42.435826	41.075758	41.341169	35.893248	23.096155	25.525944	42.375307	33.867034	22.060711	40.794439	38.541016	38.486755	21.849280	30.089861	41.306731	16.883961	17.476139	28.114444	40.191285	36.433679	39.498557	42.363037	27.646634	26.388297	31.655859	36.254034	26.191961	25.179114	34.591842	37.065878	17.031286	31.584178	35.407779	41.242368	38.407445	31.740259	34.797091	33.870199	41.672044	41.660901	41.169290	42.062432	33.122768	21.023837	38.719371	42.387337	35.001008	38.408777	21.545710	41.385473	40.051640	34.617331
32.612114	42.349041	12.216086	42.064133	31.544464	33.479553	35.402578	42.262536	41.649655	39.140232	38.429844	40.142621	41.393279	13.460233	18.333329	41.577310	26.172951	40.287106	13.149627	41.754927	41.234018	40.212421	32.625370	36.755021	0.000000	42.360696	38.927232	37.865126	39.040685	41.501826	29.816351	42.145739	39.947126	33.692928	40.983350	30.785015	36.530388	33.132318	25.943395	41.946898	35.730926	36.753504	42.147070	41.266485	35.052051	38.661121	22.619667	41.308269	39.886732	33.342123	36.309930	42.301047	37.844366	36.548441	41.814920	18.594635	38.039866	40.818516	32.233970	42.196794	27.893911	42.173380	21.270537	42.182890	41.164170	34.359881	41.310612	38.140442	40.902645	15.601939	39.931482	28.184872	34.512330	39.388849	33.941465	39.658056	39.364260	38.908018	42.065826	33.001898	37.975317	39.719824	40.655154	32.184220	38.576208	41.608233	23.086506	25.577216	41.325877	41.620158	38.093668	30.521955	27.472003	34.617017	22.875739	23.872537	37.175801	36.823030	37.215248	32.725284	27.454652	30.982029	34.963382	40.182706	35.884768	41.894537	38.642644	22.388924	41.322875	31.728142	34.873518	35.498784	24.450228	18.493860	35.458153	37.325350	30.303353	35.503050	41.823574	26.447005	38.658418	42.113485	36.037687	40.899265	25.166122	32.384137	16.879009	40.926229	37.025430	40.336387	37.500983	40.155771	26.727270	42.433119	42.441088	18.466451	32.163808	28.625410	41.087727	34.709553	36.619621	35.010439	19.328946	14.137729	37.273833	38.616915	41.184837	17.158519	41.034040	37.325571	31.849871	41.781625
41.662683	17.445787	33.658105	27.544852	41.583182	27.237248	20.500938	38.402228	38.247921	31.571959	41.051514	41.136800	39.438927	42.160015	35.876158	30.392736	37.608291	36.150934	38.209324	38.682600	37.261301	29.277906	35.670808	42.319053	41.594236	0.000000	41.013748	42.266282	41.275882	30.656539	24.503607	31.131142	40.852740	39.921934	39.776887	37.933962	39.849354	41.636563	32.856912	40.044379	21.945552	42.406762	37.705202	34.018797	36.075496	41.527681	41.016274	38.437453	18.473962	17.474404	40.535227	40.906140	40.224628	40.240522	17.382073	26.918534	25.894955	34.306805	35.573634	38.592846	26.351730	23.373955	32.488599	32.595129	40.589805	35.321450	38.666804	38.882098	32.994771	26.532795	42.397770	32.900312	41.719001	40.558897	25.213766	39.772468	17.968378	39.963287	35.966649	39.367361	40.079717	39.261544	41.745399	42.138371	42.452789	37.004860	34.844737	42.470815	37.273163	26.506458	35.582077	34.322090	24.957431	36.209074	38.433411	42.253094	18.814810	41.349203	37.846804	36.251633	29.113612	15.384144	38.628536	21.329316	41.111555	36.020873	27.427430	39.649447	16.747898	35.813641	42.231685	22.084034	30.751705	42.446559	27.989529	40.212479	32.160581	27.692878	41.642563	36.382257	39.794803	41.038902	37.842821	40.789724	35.919805	36.861252	41.897801	40.273909	33.054622	33.168249	16.320893	36.150418	41.734261	38.303289	41.585154	30.336040	27.153338	39.992041	24.695874	31.499306	38.341136	30.615572	34.900684	26.659996	28.770174	9.711627	32.051039	30.848506	39.191110	42.484960	32.394427	38.921251
28.816530	23.751539	36.397401	27.483138	22.548027	31.511163	35.127848	34.408965	25.511070	30.804674	17.861302	34.622175	27.415395	17.326588	33.471180	38.136738	35.649050	42.418871	25.455677	29.246960	42.413336	33.296336	41.855754	33.406894	36.554420	39.974220	0.000000	39.879921	27.351431	9.172994	11.255620	35.816967	40.840639	26.866063	33.991492	38.492254	38.008214	42.015306	38.995581	32.117259	40.735452	23.970789	33.477322	36.510643	32.842986	40.291756	35.253653	27.312482	22.566847	40.911965	40.625875	42.466467	40.183628	36.531257	28.723276	29.964047	41.434444	39.548330	42.149305	42.030624	42.328091	42.381473	37.962020	40.684656	40.470375	41.526142	14.200052	36.465585	25.753274	39.276519	40.346285	40.925134	33.356553	38.801093	41.308900	37.687153	34.260627	40.273548	39.812886	36.138996	38.264230	42.421801	40.837516	41.500532	26.018784	27.134788	31.532131	42.165240	27.767323	32.553045	40.909694	42.289197	36.457990	40.784584	29.576145	39.137330	33.227501	41.676376	31.013795	29.097244	37.771169	13.111557	38.881629	38.411333	41.782812	41.436459	39.641991	39.280756	42.258868	14.452787	39.982722	41.838574	38.560619	32.479506	40.655546	41.334535	41.355899	21.765243	42.451071	40.186653	39.355720	32.007171	22.459514	39.397356	32.819314	30.437760	39.806447	38.346923	40.547007	40.720395	41.527960	35.917983	39.137380	17.627399	41.600614	37.874599	21.406555	38.014063	40.600527	22.244708	31.036639	32.217401	36.148590	28.978715	30.799137	23.002966	37.161509	40.133361	41.346738	40.307573	36.158021	39.102597
39.951433	42.158332	34.012145	37.260853	34.462926	40.345228	41.580909	40.732390	39.843624	28.875705	31.147103	34.334660	26.803570	36.391297	41.821239	36.586930	18.736006	32.492314	30.269651	12.872332	20.757141	14.652581	31.621321	36.010421	38.811883	32.569463	39.332608	0.000000	31.094991	37.509036	40.721471	41.909017	36.239201	38.095454	41.047573	38.704414	28.467707	42.061900	15.529767	39.170593	41.815061	14.163821	41.537982	37.343222	31.820994	14.757891	42.078323	41.069067	27.855327	33.793537	41.132863	25.068365	23.357766	34.255097	10.080809	32.741168	16.874698	35.469480	22.966918	32.689749	36.391318	35.454087	39.211785	31.626233	23.867105	28.922173	28.038356	41.139725	35.794537	34.421080	38.815742	23.189362	41.629132	33.139503	29.749113	38.029264	32.054033	30.674781	38.195635	36.799511	38.190160	41.896035	38.941826	42.395246	29.419945	34.992245	23.751027	25.071771	36.107444	11.229047	27.886904	40.005649	9.778946	39.070649	39.830274	42.033783	34.007779	41.635136	31.782015	26.503915	15.765325	40.674182	41.960234	41.965382	27.310564	41.078052	36.981401	41.189961	38.784641	29.665670	19.300884	39.713844	36.876679	35.189189	31.925126	39.167522	28.688225	42.305913	33.831000	23.242520	30.937505	32.763050	15.228628	42.383754	42.054953	27.942995	29.067796	15.687063	39.357144	42.071003	30.339756	37.963844	42.440415	37.455237	19.863554	29.247618	38.725724	34.723861	42.430591	41.031128	40.979694	29.337216	34.219399	37.690579	35.538046	29.452751	40.373632	40.235231	30.262858	30.995248	30.916926	27.964719
35.567859	37.616749	22.671527	36.751543	24.696588	36.203125	39.961118	35.632695	33.170304	27.432413	14.107118	40.833999	40.847763	40.988998	24.553692	30.987553	36.451325	30.309753	34.630494	40.200596	23.469577	38.670690	20.075846	42.486923	36.911573	32.459000	39.340422	40.445676	0.000000	41.434591	38.399033	39.144839	41.430738	37.373604	39.998577	42.034062	17.279941	19.998349	31.702237	42.011960	27.081571	33.799959	33.662915	42.065885	39.573342	37.877807	41.676722	41.825109	38.579674	37.973858	26.285016	30.873426	38.503541	26.353446	42.454179	42.301965	38.646805	40.335684	33.265938	40.556125	36.401928	40.034190	42.434250	29.876089	37.901572	24.967832	23.661009	33.416298	33.176554	40.361330	42.430073	41.130067	41.429360	27.849615	30.175412	33.513464	27.971456	14.948517	37.907791	31.579140	28.167639	32.752339	38.300225	15.826395	35.264338	36.215659	32.904597	38.233848	22.780186	40.775293	32.620422	36.325561	41.542950	36.310134	37.463141	34.386618	41.625610	33.520888	31.975287	34.091340	42.159685	41.847613	40.735485	18.616069	32.923635	37.623067	38.108302	38.520807	36.941745	38.945925	41.496199	32.124756	31.838120	33.639305	33.561835	40.474189	31.469794	31.935687	31.571114	41.398834	42.225559	19.735100	40.143263	38.255489	35.361133	25.531872	41.010239	26.304177	36.556576	39.984441	41.239524	34.003546	26.495364	32.346431	30.437367	41.189996	37.983687	34.460576	36.068077	40.259576	40.863902	23.782527	39.219916	39.248303	36.798945	39.140105	22.549345	23.234251	16.791976	33.542157	41.176570	42.267699
24.345763	38.318547	37.763135	41.630604	34.336880	36.290070	39.745694	37.368793	40.389500	42.227140	33.773798	38.167158	26.725601	13.996235	39.729375	23.206138	29.630093	16.408678	40.193644	40.615919	29.460962	37.372816	38.616117	24.643965	29.767131	25.495724	32.000163	36.503114	33.414164	0.000000	39.750555	42.165397	40.544126	28.821429	41.284938	27.841453	34.767250	28.799731	27.762141	39.525296	42.266935	37.144878	31.752978	42.474056	28.420179	36.496103	41.936889	29.450438	39.048297	39.857715	42.427579	42.482001	37.926288	26.172658	40.409953	38.645478	42.464834	36.420889	29.390071	34.153948	29.334363	41.211344	21.342853	32.588004	41.083993	40.674581	33.769708	27.229572	37.391876	23.229470	37.883724	25.862430	40.670385	14.299728	38.198292	30.048383	42.350939	33.509527	12.505947	34.949239	39.551064	25.093408	32.853796	41.626506	20.579226	40.434195	42.403203	16.236418	42.225822	30.475391	25.741784	35.392818	19.927650	25.882663	17.539520	18.797502	38.088178	32.146943	31.831360	24.517924	41.430373	21.614993	41.262932	35.820440	40.790835	39.090807	30.370424	42.130124	37.484200	34.731364	41.983522	34.306452	35.465760	20.679781	36.492041	28.635126	35.911182	20.672748	42.111278	41.833214	42.129681	40.607153	37.222569	36.420583	37.677774	34.586017	38.894642	36.377765	41.051287	32.457598	34.676224	32.707477	35.312195	22.342610	20.424179	27.693149	26.328846	11.683453	40.915868	25.926372	38.438115	23.009640	40.749379	41.358818	38.395249	38.573966	39.733638	42.081327	32.408811	39.466902	42.446512	19.037781
35.159773	20.791758	36.771605	37.303358	39.974136	33.977480	22.156603	38.302848	41.380129	42.035635	37.052099	33.629303	31.659100	34.977226	29.901286	42.188987	42.268149	36.257815	18.250777	42.447688	39.430853	39.937452	38.285173	42.450666	33.043976	41.371949	11.663435	29.553762	28.296622	28.619441	0.000000	18.316977	37.173067	32.031204	36.933391	26.890175	37.996562	41.183282	38.813696	34.153044	22.380337	32.000760	37.503236	34.076343	39.318902	40.926510	38.179732	42.470960	30.694084	25.942165	36.399073	40.234410	41.763872	23.187694	37.717362	42.425133	27.696221	26.260081	27.467239	30.586495	40.960066	37.330699	37.183812	30.346254	32.000998	38.283105	35.417753	27.712115	34.653041	18.680887	24.276847	41.150605	31.866259	38.277685	26.574076	28.376057	34.643910	33.169379	36.045887	37.636565	25.031369	26.011581	41.244222	37.699899	38.498685	39.543167	39.723864	32.165705	40.584602	30.473804	33.382453	38.032005	22.063191	33.643310	39.236236	41.561285	33.291541	37.653600	18.515391	29.535010	42.048657	34.053338	30.249796	32.140329	40.031840	20.684182	16.127620	23.513494	34.447790	28.530744	34.451007	40.888457	39.994581	41.772033	39.473699	34.626459	34.353911	42.126306	32.956372	38.059368	30.312163	25.938831	41.908958	36.357151	24.958765	36.611717	39.603357	42.415796	42.243427	39.476946	25.011565	18.190895	34.423033	37.543150	38.259259	33.551609	27.607393	27.039667	40.548393	42.328178	38.340285	33.212388	25.359360	20.482182	34.464890	32.155767	19.858574	32.975977	29.280643	36.334488	42.439866	42.163607
42.252582	32.300682	27.535871	40.133478	39.511024	38.464182	32.098813	24.186386	23.384040	40.965792	35.612078	40.220309	26.867543	33.237065	42.148214	36.934506	41.504926	22.051683	41.528616	35.133119	17.706176	38.522726	19.919074	34.545469	33.692697	21.199911	23.557218	26.107090	40.873838	31.785762	16.380173	0.000000	28.562929	37.792855	30.254336	19.507589	38.352925	40.876813	36.507046	20.638069	37.106340	42.386448	26.484032	36.563318	36.462987	25.675771	23.226335	40.753433	42.085549	39.189608	37.590417	41.532788	41.180344	42.467815	30.738301	24.367798	39.563611	34.373146	40.754608	42.119032	41.490264	40.438257	28.533089	41.607593	41.972748	28.001603	30.918351	39.309203	26.904600	33.153154	35.540165	36.665060	34.175792	38.765685	28.375914	30.391766	40.097124	27.712572	29.270389	34.975566	40.562737	37.241388	42.053604	41.436178	35.279455	28.702968	41.220919	40.910709	32.047682	30.365495	42.480826	28.130712	41.852183	24.863421	20.645361	42.243941	15.981609	38.218647	39.176129	18.178105	34.127145	39.282839	39.728871	41.303248	31.041326	42.358753	28.249515	41.309536	27.437736	36.284872	34.780221	41.077516	38.063615	40.486286	32.118229	36.499583	23.842905	37.821138	30.766242	41.624163	38.768992	24.627735	16.529820	25.195171	39.958032	18.630315	29.189269	27.195078	40.651142	32.319403	42.163105	40.861475	33.848623	31.235541	25.310044	16.633152	36.139643	41.122478	37.327592	25.680984	40.693697	40.904400	42.113331	25.247496	18.146209	40.488973	37.093514	38.988792	25.394591	42.442189	41.411294	39.351895
25.063629	27.453178	25.101653	35.460744	36.993385	27.614623	24.086435	16.906013	41.817195	41.162956	15.405418	42.228392	32.144494	35.659728	42.169369	27.054015	37.321466	30.335235	40.688016	39.526363	41.562395	33.612027	32.162158	34.505728	41.797844	30.664397	41.124495	40.335528	41.973288	33.079373	41.187493	39.188651	0.000000	42.463490	30.413246	17.624739	29.109504	41.164930	37.381672	30.815175	37.214464	34.816538	32.354837	23.844632	35.302842	41.638160	40.335514	41.302094	42.261174	42.403010	17.759786	40.327991	40.675670	30.608439	14.174478	39.913025	31.979150	41.052862	28.179594	41.526118	33.140355	35.420429	36.880471	41.699152	28.615457	34.969041	42.215463	40.729441	42.350226	25.122756	26.015753	38.512803	17.497191	19.971775	24.930389	37.556345	39.783166	25.288883	26.996385	35.686409	22.341877	31.523070	42.437795	31.522756	19.846880	33.483987	39.585209	37.046665	29.094992	34.270164	28.337257	37.983962	31.395749	38.777973	41.754223	28.012831	30.657046	39.180654	40.564424	41.350055	37.122437	31.036030	40.045045	31.414590	34.321621	29.167865	22.993835	38.680959	25.351183	40.072700	32.746090	25.735236	22.039886	35.355452	34.292887	34.376701	40.017658	30.663183	39.518982	39.599016	16.848521	28.690001	41.144287	39.377151	38.421155	19.650256	41.898720	41.199897	38.584908	39.559808	16.128415	41.340819	39.529956	23.186067	32.015075	28.223544	39.857058	32.573242	35.924349	24.216720	31.457261	41.604209	38.558195	34.793444	39.177991	35.377264	16.809129	41.443690	23.648177	41.715391	38.182118	31.219565
42.487484	37.029205	35.471962	37.279181	39.403774	41.998557	35.143783	40.374456	22.903967	24.194900	31.316702	38.430281	40.172830	22.171782	29.857288	41.123792	40.551332	27.346309	40.925386	28.655410	42.430559	41.803703	28.165198	41.425466	35.546834	23.568891	40.007054	28.362566	16.636066	38.048733	34.721536	27.987487	40.382597	0.000000	42.411889	42.171554	42.489474	39.928270	28.398309	38.122121	41.052350	22.409535	33.105904	34.598391	27.385728	41.505896	29.247832	37.138571	40.091945	33.941996	34.743730	38.585366	40.235583	40.980253	38.116181	24.138589	38.030431	37.892650	11.173009	21.777218	27.468597	41.417843	39.630974	28.890383	39.992036	42.489903	40.282633	41.340743	24.398496	39.419067	38.223508	39.397392	39.952922	41.878426	39.758179	42.228602	41.240654	29.768284	24.446552	15.999563	33.856035	35.506935	35.192181	30.342468	39.645673	39.347393	31.276130	29.884140	36.210295	42.419403	39.690385	40.878157	37.391023	34.705999	42.455890	34.147625	41.759630	37.687570	42.419127	32.448987	36.070767	41.033254	22.905885	35.715394	39.960660	42.295618	24.236629	31.858788	36.437752	38.762078	36.562039	36.354531	42.004245	32.055367	39.058408	30.981203	36.953463	37.701027	41.396653	41.304340	25.241628	35.636713	34.625030	27.320085	39.440346	41.057045	33.853455	40.943767	41.077734	28.193440	23.407847	34.037024	41.743778	26.840180	37.910284	41.895123	39.625625	39.395656	29.637478	41.845940	18.974855	33.063177	29.674778	40.834162	40.837967	36.362208	35.817053	21.048629	29.943120	22.660483	13.914473	36.889411
36.180186	41.838270	37.961245	35.682683	26.375064	37.068902	32.347247	26.972583	15.075598	20.930695	39.939625	42.462039	37.544575	11.339761	29.130926	33.095261	24.647776	40.427292	25.003604	25.076167	35.487881	27.003453	22.204674	36.636839	28.280170	39.491939	34.604830	42.127707	23.998332	23.930496	37.618327	42.295639	42.146265	35.127814	0.000000	28.219444	33.917035	39.882685	30.337713	28.426411	35.046070	31.722978	22.971479	28.784237	41.975308	41.495531	31.183361	37.982259	32.711052	42.137559	36.407111	42.302123	35.118745	33.038915	24.466600	39.812576	39.287473	38.212548	40.323729	41.824136	28.711161	34.915650	39.653591	40.912663	42.322461	42.444073	35.400640	27.871979	23.918291	39.013648	42.400474	27.569659	29.779032	28.339778	30.110558	37.428106	30.974108	40.776137	41.831963	33.271695	31.251113	36.990268	33.996305	18.562603	24.522640	42.416161	42.123267	32.337526	42.216513	40.558234	27.327546	34.100008	26.588175	40.430135	25.425760	41.583212	19.842837	34.981465	24.618377	37.115919	42.471555	40.698558	25.603576	36.800783	35.209904	24.436412	38.462663	26.721132	37.690375	40.431166	39.423607	27.108766	19.599915	40.920999	25.572888	38.720916	39.057736	23.056471	28.121731	36.209294	36.869434	39.869543	41.827073	32.161239	39.681572	42.116276	38.918120	32.834162	27.888501	36.251971	41.849956	41.004121	29.633094	42.405683	25.004796	41.801219	41.942633	40.237490	41.540144	35.053290	39.585289	32.609284	24.349195	40.871699	30.120225	28.216708	20.657189	28.395986	24.963879	42.267284	20.012867	37.231262
28.959054	32.171704	40.480761	37.976688	37.153202	18.230818	38.484850	33.272554	33.588939	28.054044	26.673340	36.744537	41.279061	34.174427	27.185067	34.944823	41.542912	40.757450	40.627142	40.048222	30.151689	20.436938	31.737014	38.987263	36.104653	27.328340	37.335962	26.324510	25.216990	31.550070	38.507334	41.713339	41.169882	40.978443	30.591185	0.000000	30.485453	39.483407	30.323687	39.309614	33.136854	38.577903	38.952580	41.684374	34.994864	26.822158	34.505330	27.916760	10.371537	22.950515	37.206027	20.733174	40.361043	39.878663	42.308132	34.623888	41.231229	41.216292	41.494753	38.048265	25.521538	41.363328	27.718136	25.670842	41.798861	35.663793	41.082389	23.162874	39.157934	31.776535	40.278987	41.454508	22.287495	39.679032	32.751185	36.311117	41.910515	40.979387	19.703629	41.954712	41.344689	39.372950	38.012933	40.766395	33.855144	37.060891	25.653659	41.308748	33.138512	39.143743	35.931494	15.679622	27.420158	41.129720	42.410836	37.386295	38.511106	23.148403	37.102197	34.915090	30.528193	30.380074	23.226818	39.427200	27.709875	32.742296	35.800341	21.608012	42.068835	41.915134	22.295935	27.582682	24.848131	40.718219	36.859907	37.808477	41.144781	33.207402	35.435038	38.850282	38.115924	38.897568	33.794821	28.361761	38.841888	21.297722	40.043669	15.887990	30.077731	28.414000	40.398118	41.614093	41.499106	17.045706	29.917649	42.329053	39.717397	14.812661	40.002475	15.928290	31.781883	30.606135	17.825977	22.773425	36.558624	25.628712	22.816041	40.190723	38.212551	39.035767	39.485476	22.834719
35.735750	42.415589	38.093383	35.659224	42.261029	24.575549	37.901322	38.844276	24.376417	41.940388	33.001929	34.223590	27.235517	35.422808	41.100880	37.504350	16.934268	41.599474	32.285258	26.234387	31.553165	28.748819	33.873536	28.101682	39.484441	35.309683	36.455864	23.713616	35.874933	37.219110	36.745607	38.482794	41.533103	37.495851	28.502997	20.038905	0.000000	41.770423	36.110193	30.070384	40.461193	40.641340	15.505692	25.976424	31.889118	31.600875	41.983399	30.948495	13.830578	15.071865	35.574599	38.188769	42.392734	30.146998	38.331957	27.917093	18.637897	39.601118	34.603406	40.520109	42.049606	22.702973	41.299836	18.060838	38.328949	38.792982	40.746828	41.418386	42.017281	36.393306	35.621603	38.179988	37.895824	41.000224	35.415406	35.822131	30.409397	36.849095	37.039465	42.349545	16.295342	36.874150	32.066320	35.056232	39.621430	41.928876	41.709811	41.917830	37.306975	42.470393	12.705245	40.417542	38.456475	34.347128	38.108943	40.562530	41.302646	38.489117	37.900203	38.347498	20.913786	40.109458	40.294797	42.239605	21.697042	33.018702	38.704429	27.057705	30.766973	25.541734	41.326820	40.464451	29.035129	40.099281	23.245648	32.774095	28.130827	37.143752	37.742491	30.891709	36.583319	41.752649	42.092206	28.996190	33.071728	40.988637	38.686109	40.780992	30.545945	17.131404	28.546273	42.116522	40.377965	25.735558	42.458556	41.475320	27.406296	34.798145	38.752370	41.948599	32.599394	34.821236	16.604022	34.335985	36.810482	40.309030	39.394607	42.063563	40.598153	34.922750	33.611761	27.089088
39.486620	37.637826	38.730297	38.327329	37.447770	24.592477	30.873668	35.682575	38.221128	35.191021	42.275984	42.341469	38.527922	24.504062	29.128638	41.681867	22.065264	33.181607	37.999498	40.228162	39.116602	38.252032	39.265777	35.845464	25.556758	27.792200	33.832164	30.449504	32.225246	37.397056	38.759677	41.631929	41.690730	39.927238	41.024234	39.326184	17.420769	0.000000	38.793095	33.369702	40.777877	41.459961	22.211638	26.270987	23.484729	41.704698	36.870316	35.183507	33.720871	39.185411	25.889873	27.272223	19.954441	39.794425	23.984466	42.435672	23.355503	40.631988	25.847902	33.053889	40.330664	39.142656	39.274087	34.902441	41.530199	38.772332	42.256485	39.865950	37.195752	21.064425	40.134362	32.616177	35.823081	37.276553	25.301479	31.867163	28.180691	41.598863	30.170891	39.195995	27.075142	40.887619	41.679717	24.744811	38.043323	41.148192	40.542437	36.603816	37.336712	27.690945	17.337604	42.328979	34.071737	31.302291	41.141397	28.692835	37.735638	38.934982	39.458553	41.645699	25.538168	36.350751	41.983975	28.164191	30.136068	41.244718	34.021132	32.163236	26.344794	25.964757	26.138513	40.546289	22.212115	26.287461	36.203399	24.448592	37.979720	30.755596	33.613718	31.078928	32.351373	41.232535	34.622640	34.832489	42.346095	40.982582	41.813939	14.616984	42.250414	36.103000	41.596959	37.373638	34.820406	31.394524	16.359968	33.092571	36.293747	42.232531	10.900316	39.777297	34.979453	42.219097	33.702574	37.832636	27.706580	25.281881	33.393627	20.689455	41.448244	25.125045	39.388747	23.918151
28.400213	32.664386	24.261390	34.164340	42.427485	23.271635	38.254548	14.045829	22.465552	39.513180	38.265403	41.301647	37.991981	38.301616	37.555372	29.846910	39.587388	41.949642	34.644350	37.623503	35.320089	11.511036	41.432549	29.624604	37.768238	36.341151	38.841120	42.428739	29.395308	17.706340	36.267693	40.166028	23.793313	39.424637	41.171923	37.767676	23.888956	36.698838	0.000000	9.487318	35.742734	21.249072	35.722581	36.162972	32.876452	35.329249	38.996577	17.374400	35.358734	40.404839	38.511117	22.665400	41.932440	28.373113	29.557526	15.740174	42.097723	41.983725	35.505258	31.145079	33.434556	42.305922	41.111521	23.901902	30.473484	28.836555	33.382494	38.938314	36.492543	32.177663	39.508038	32.781418	38.202144	35.311734	24.445263	40.120160	32.227790	42.150509	27.033136	38.486664	29.331679	40.034999	41.436768	37.442269	13.046043	20.072965	35.890243	34.868998	39.932985	30.017664	22.837290	20.187847	39.068714	37.869087	41.994484	41.735619	38.998484	20.417273	40.626078	28.037959	22.893796	36.692282	33.492988	35.898156	36.558033	10.890176	34.205298	30.967203	34.863233	40.598756	40.023118	41.630189	38.856062	34.696894	34.032551	33.014031	31.133441	10.453801	21.274931	41.975092	38.831439	26.271490	18.692871	25.607663	36.878023	34.643728	27.172362	27.340398	40.203094	39.857569	39.820680	40.525859	28.992417	19.522660	29.264629	19.056564	19.075307	39.342706	33.347466	38.226711	42.350166	30.387704	38.543089	28.635197	38.052652	15.476174	31.037945	41.339237	42.071201	41.864891	26.002921	27.379658
22.046229	30.317493	42.243816	40.957582	34.699324	24.515966	42.258176	28.431933	26.455031	23.156113	37.054489	37.047555	28.776309	38.600021	42.134237	39.957750	41.143617	21.461191	40.831260	36.489883	37.745473	40.221821	34.769584	27.676217	34.758984	39.994233	13.575273	41.533236	38.048965	26.124121	40.560678	19.642988	35.068814	40.899062	41.430912	35.314304	41.014369	41.625026	36.732458	0.000000	37.593783	19.796185	40.094797	40.548472	36.100012	35.145514	39.116511	19.108210	40.426806	22.787921	30.855837	39.541707	38.896647	27.650433	20.931325	23.775107	41.905221	40.954422	36.230095	39.834510	32.187259	36.414429	41.031779	42.409013	40.964636	41.755658	40.102466	23.047419	30.474471	31.059513	26.637404	27.654188	32.898293	19.667529	30.333913	41.093290	36.472633	24.461389	28.529945	21.403581	28.620954	23.805345	40.547662	36.825069	41.589888	37.702120	36.703628	38.393871	40.967289	34.199712	19.159025	39.366616	41.428527	38.590716	42.413280	18.447349	40.225756	35.299604	42.229891	34.494439	38.395050	35.556664	31.372116	34.261698	20.568114	26.097440	39.890028	36.649615	34.962447	33.306121	17.112732	21.995307	36.815334	36.078434	35.151370	39.171118	37.306988	27.599927	35.778545	40.810936	39.719108	28.348560	32.538213	21.963456	24.724740	30.011859	40.129988	18.807372	18.439742	20.303311	41.038533	15.781124	27.618601	31.649209	26.594091	37.249419	15.994727	39.960234	38.005459	38.541122	40.357096	42.453108	42.198272	32.219236	24.939110	22.705755	28.347820	31.808719	36.706035	37.118424	21.726187	40.478955
42.426940	31.720940	16.748863	32.123912	40.062644	41.109681	25.880049	39.597147	41.977125	42.130857	24.934469	23.526754	42.273575	21.160837	42.224001	41.824624	42.067005	39.263873	23.855646	36.635461	37.196130	40.527650	29.239763	42.016545	42.308848	40.312473	37.094051	31.968972	23.112120	37.932413	41.575042	40.513021	34.019019	40.331044	37.696441	38.622359	41.324939	35.914202	41.682816	42.062004	0.000000	38.384840	37.620544	38.534118	40.474482	34.184327	40.892138	30.838010	40.012095	33.798682	34.915497	41.943150	17.373373	32.573002	42.056327	40.204214	35.268166	41.160212	13.899119	34.428850	35.210535	33.733258	41.996301	42.056580	21.480312	32.040778	24.839643	33.174607	39.132145	26.152156	37.261801	17.643372	35.220713	36.079030	16.362108	25.940896	32.918754	41.577178	32.195228	9.428059	37.439113	40.784671	26.729866	20.847891	34.689763	38.510456	33.888240	26.073498	22.019295	22.858770	42.382760	40.287478	12.872582	23.771636	26.825375	29.167983	22.372144	36.584625	34.362423	25.263373	27.576487	40.810841	37.534827	42.412807	40.836157	37.987116	33.275714	15.951003	26.220212	40.258413	31.641626	12.824931	34.623281	31.423173	25.978289	27.935358	41.086161	42.381090	23.158049	37.989568	37.772480	27.007718	28.099195	36.841403	42.344643	21.527141	34.793635	33.931900	23.985773	40.100168	32.688160	11.446084	34.213105	39.932129	42.345351	30.674322	37.679476	41.087959	21.256986	16.972814	41.924527	33.876905	34.717608	31.718525	40.245252	29.814840	41.682562	24.500392	38.688401	35.822748	40.465797	37.591402
37.178754	29.115428	14.745227	42.143158	38.631773	42.198364	33.871806	37.017986	32.755729	28.947146	20.963158	41.957653	21.010514	37.571271	33.013641	34.154156	24.651274	40.474061	40.540431	38.612927	38.745588	36.304263	35.659741	22.566234	40.753640	42.489876	27.640993	37.725661	34.991760	37.555707	24.417422	39.965705	19.426051	41.784078	39.272336	42.118396	36.065343	28.050574	23.186150	36.255218	39.352610	0.000000	24.135430	38.470157	31.844755	42.070564	31.769006	26.105125	39.346149	25.593201	38.255160	20.534332	31.919004	40.931022	41.723862	42.450374	28.782296	37.495958	39.517995	41.321791	34.391883	35.721938	36.878590	34.652766	33.341147	33.037509	40.564384	41.890150	26.214804	19.505005	40.027915	42.236417	13.002932	41.803172	27.050016	21.775427	41.897610	37.480262	32.798547	39.023850	41.527853	38.582545	40.745427	20.358889	42.395164	36.691256	34.342389	24.689959	26.468030	35.521959	39.915144	20.267154	36.438379	38.917714	25.910479	31.198402	41.971225	34.531146	27.191913	32.872777	36.539010	39.160627	41.918396	21.940143	37.742602	32.080823	38.619235	40.848006	32.006679	37.494880	42.131920	42.463618	24.786906	20.293989	42.010208	41.616242	20.982765	40.888415	34.603478	41.528569	25.667850	39.876607	40.556158	24.875138	19.170846	39.135688	37.976589	42.028783	33.484958	38.655964	36.349489	41.325548	36.123425	19.394963	39.449108	24.998179	40.307213	23.769942	35.960447	19.865679	33.263121	41.936514	35.429946	40.267987	35.839152	38.596748	23.193324	38.771818	41.228106	34.379276	32.800686	30.491389
29.788938	30.010609	15.444004	30.724367	33.372875	39.257575	41.535101	23.690254	25.720978	22.017208	31.512896	29.812219	40.533116	42.398988	38.044303	40.095161	36.763720	39.682881	38.376085	40.639505	23.414853	41.205437	38.608314	39.603916	22.148277	41.062553	37.265938	17.231628	29.016765	38.370616	37.257900	39.054381	37.103313	19.175592	25.630140	41.401237	32.095759	33.748194	32.884127	36.107338	28.519305	38.774148	0.000000	31.525367	40.611658	35.069991	42.169087	25.260800	12.936914	35.343285	18.358438	35.454917	38.530916	33.241519	33.487722	36.871755	24.148400	33.969283	42.144341	42.194182	33.298202	15.078978	33.683212	38.093468	42.455195	36.997572	34.648270	35.298699	35.270575	37.842321	39.928994	38.719682	37.104553	33.023366	23.495568	42.453997	27.959706	40.877256	37.689803	40.519727	30.750750	42.233110	42.379168	19.056524	33.127048	42.345869	39.365698	41.408040	38.686265	32.559642	42.024651	27.150738	41.464433	41.372576	42.381842	25.316412	32.887823	42.045913	31.807464	35.162913	35.780902	39.770091	39.383616	35.084873	42.433586	28.980779	42.460713	33.300833	42.405150	40.828600	33.918330	41.250415	32.522699	40.582579	33.121652	35.154474	41.257475	33.463674	31.734340	32.483599	37.110901	36.720640	26.998055	14.850166	19.760567	41.620007	42.387500	42.327810	37.575105	40.100085	27.779656	37.726067	41.816284	25.981847	34.731663	41.552723	41.374479	38.519423	36.099573	38.528799	42.357186	28.694025	42.469244	19.053858	37.767698	41.113701	35.372703	39.821620	40.283124	40.537496	40.707706	27.327408
20.325852	38.124113	42.180117	36.620655	36.513669	36.060339	34.390419	27.014531	42.446474	33.193796	41.846784	29.207646	27.954655	17.067663	37.540000	35.787510	42.205034	42.156071	27.900504	19.740463	41.060300	40.939139	42.111416	31.038605	16.730428	28.631521	30.037019	42.091732	33.234124	39.676096	42.478708	42.213952	20.522305	37.420339	41.632098	21.861746	32.672589	38.005907	38.902128	29.646069	31.801670	33.204525	41.048329	0.000000	38.994973	30.945341	29.560271	34.924576	33.217987	41.297741	39.581705	36.057144	41.354722	34.646489	38.570981	41.743306	41.832141	37.857405	42.035722	40.509870	20.168356	11.894444	18.233431	35.154176	37.954491	30.112516	41.811334	37.024026	41.862638	28.289012	42.419328	33.252944	42.465958	41.766748	34.005633	42.301237	32.599950	41.470707	41.219784	39.945852	40.350141	35.023449	40.235788	24.370584	34.796710	20.178057	42.314396	40.303211	38.418541	25.904580	34.597728	42.480629	34.214958	40.865538	30.675423	38.168629	39.627823	40.586444	42.198669	35.444166	20.571836	33.594514	40.918071	41.200949	10.106211	41.089679	37.603554	40.245259	23.140792	42.406278	39.800487	41.907979	42.229590	41.697758	39.776927	36.580299	36.960888	25.965413	34.400417	36.432975	28.952059	21.811218	40.581802	39.940794	42.267921	34.909525	34.392200	31.106511	42.368408	23.791851	40.952636	18.507266	39.518073	20.103997	30.894098	16.554554	32.845702	25.442457	21.460101	34.388522	29.026799	37.677914	41.532198	39.598779	35.289464	39.185480	22.768226	39.606119	19.611721	35.884566	27.493964	21.356469
41.600041	41.131858	32.131673	36.255779	29.433565	41.814926	39.809308	40.006764	32.836774	41.087622	28.460848	25.921255	37.371546	42.469089	33.588744	38.170708	41.000743	27.937308	20.305870	42.274066	29.791774	34.093668	39.616463	24.676709	42.464481	30.615507	36.861464	28.837647	13.285867	38.353346	23.247550	27.362025	33.814541	29.256967	27.130868	28.545948	32.937617	41.684173	42.043917	28.001480	40.267105	39.285109	33.524842	37.937398	0.000000	36.627273	31.566995	41.712624	41.951862	39.119035	30.237825	23.111513	37.579775	33.755782	42.160104	36.441333	38.622160	27.737400	41.533962	18.928629	42.347494	29.946025	37.198026	37.104962	18.269737	31.911164	38.203596	33.387314	24.325915	40.584322	29.576672	41.534236	35.457486	41.824818	31.992922	39.628518	39.593477	34.425689	18.774128	34.206376	30.781856	12.580561	20.349555	35.368337	30.499503	25.133876	30.884883	35.066039	42.162554	38.850933	34.813809	40.731560	41.122588	37.407921	35.229096	41.744643	41.802064	31.990997	40.293547	24.266527	33.507805	42.250015	30.229687	20.127907	21.713820	34.220711	39.995934	36.953903	39.759234	38.048292	42.019072	37.454961	40.786479	42.468398	39.075726	41.360664	33.404685	39.512858	20.757359	31.374654	23.172342	42.331211	35.009977	27.295853	37.816359	40.427266	17.901682	41.508610	36.394596	36.072128	41.199042	20.962343	30.800884	17.238833	41.973751	33.939897	27.763886	11.856671	26.996117	31.662055	39.047104	42.183813	26.911317	38.255071	15.394954	35.607192	42.282501	32.060915	29.769334	21.763286	39.514127	41.527784
41.051341	41.779649	42.480766	34.743116	30.705956	13.656406	35.635827	41.989812	37.957449	39.543224	36.519591	42.472578	28.889444	21.296926	32.276949	41.937157	38.571881	38.738953	38.864812	30.794952	41.160667	41.577752	41.643977	38.861961	30.548458	29.033467	24.326614	26.686704	40.932310	41.327650	33.489580	38.695344	33.117267	40.536061	29.662831	32.866283	40.948760	40.784463	39.590034	25.405092	34.874875	31.668410	26.072686	27.878965	32.940072	0.000000	24.353534	40.866014	32.003414	41.709853	34.766846	39.164369	39.553391	42.246345	41.724842	41.064899	32.262531	37.734871	36.312384	39.462411	41.525311	28.143213	38.978330	29.628824	41.998639	33.906341	17.570539	25.851438	36.944773	41.684039	40.422539	19.820548	37.674508	40.255654	36.135370	42.016223	40.635016	29.977703	40.687343	24.644291	29.831771	34.879745	41.808378	30.453637	21.101821	27.268445	37.152844	40.798852	39.662122	40.293930	42.372976	30.892372	41.127387	37.451391	35.533446	40.709963	26.730287	16.671438	42.153383	31.055436	39.949500	41.977974	22.697219	21.092164	37.394169	38.521910	38.176006	39.055781	41.330544	41.655547	34.147049	37.798499	36.622696	33.186716	30.681679	34.525782	42.007307	42.388042	38.289604	35.448781	25.745935	28.983986	29.111235	33.523030	32.700945	38.834205	40.597551	41.624724	26.725154	40.474904	25.338880	26.963063	30.646154	39.776005	32.835834	27.403826	40.968744	38.806391	32.017273	26.563370	29.159572	21.608475	35.700711	38.839788	40.668213	39.459530	26.411833	36.859257	41.750086	41.959946	39.260556	15.887508
33.751586	35.314522	30.101675	21.691979	28.370045	39.755175	32.793585	34.410803	40.324967	39.761066	14.649357	32.640957	37.248673	25.293514	41.938275	35.090148	40.755640	19.587185	35.767488	41.297955	32.535544	41.607647	41.872974	32.845043	41.292904	40.372637	35.021647	38.797495	11.846951	31.767198	28.751246	32.679369	20.059430	31.926266	29.194787	30.589595	40.190724	37.508495	34.424412	40.932299	41.043146	40.244439	40.547348	14.554021	18.102403	35.470142	0.000000	40.751397	21.473318	39.159422	34.561433	25.114488	31.530816	34.003047	38.284510	41.966311	11.711110	20.782933	33.457481	41.938983	37.542690	36.855011	35.370591	40.486597	41.104127	39.047251	41.261012	36.057153	40.329751	37.277813	33.870320	32.656495	38.102343	15.450192	40.960870	30.007086	19.911386	34.055347	12.980114	39.766199	29.966374	26.824778	41.276020	39.474639	32.992592	37.422518	22.184250	30.781808	29.546795	15.304626	42.206745	37.510563	40.187094	36.301176	42.481774	39.661625	36.372984	17.680330	39.903253	29.200756	39.889871	13.540781	41.993310	32.938720	27.758373	26.379704	40.156542	30.937716	35.233701	25.449095	31.795550	40.830774	36.923767	37.864016	32.679362	36.792593	19.804088	34.336436	29.279908	42.080445	42.026992	40.467981	33.375460	41.135007	39.986571	18.126575	33.497900	41.501113	40.081876	37.009070	21.860886	35.401668	39.050499	39.828055	18.926372	42.346243	39.897193	35.402796	27.534138	39.431321	33.435958	23.465807	39.142923	23.444352	37.470511	38.463449	37.382764	35.842956	29.748053	34.363246	33.470782	41.040626
40.398673	38.655368	36.951500	34.474954	35.387874	32.814503	33.510259	39.337718	21.024616	28.223437	30.447251	37.558144	37.357946	27.073493	39.658566	38.373546	39.641736	34.300712	37.596516	35.028404	17.089019	18.730519	41.798226	34.070030	41.704741	35.539329	31.404137	36.531747	41.775403	34.048513	41.762454	32.003278	41.479691	37.949362	35.998413	31.290379	35.652590	39.171310	41.496738	41.599326	36.306890	39.116770	33.006740	37.725103	35.052863	17.672886	28.565703	0.000000	38.900986	15.617388	39.331753	13.042558	13.482375	42.262474	34.538027	39.493584	30.157533	30.510570	42.209518	34.545174	24.694727	41.498617	39.787736	39.349370	40.753868	27.612906	39.374453	40.909671	41.127371	40.943899	31.217119	36.659178	27.687783	35.987371	40.445740	39.973689	22.631478	26.915888	30.123793	22.305263	18.053503	37.413398	38.089440	36.463224	41.957478	41.302695	31.626211	27.498307	40.711162	42.404249	39.994126	40.179491	27.763055	32.553925	33.054144	42.475784	37.648415	42.305018	28.357487	34.672207	38.014669	21.001551	21.481318	38.384658	34.184007	24.519499	34.443024	39.017706	23.803996	33.825429	14.588012	40.301590	29.876571	39.416558	30.511515	33.952224	15.815095	38.404235	36.936100	32.934126	37.612300	35.552224	26.349566	41.327563	34.639898	33.166518	34.837381	39.756670	14.690340	30.762114	37.037364	25.916743	14.102806	18.583418	26.236628	39.028542	37.735896	39.937344	39.883206	38.764549	32.582811	29.038763	41.531439	38.922941	38.662642	33.173285	40.418177	32.919061	37.869774	41.178104	22.093081	34.895098
41.866549	21.223168	32.999105	42.023462	34.206007	39.495816	11.473941	42.221713	27.610053	24.069238	42.460816	39.792352	37.635895	38.039186	40.606274	25.468718	18.124770	30.489822	9.977601	29.919292	39.675330	41.677584	33.035466	34.834469	27.332713	38.920409	42.061347	19.811612	25.305105	38.158359	39.987710	30.865570	21.658537	31.722321	32.346355	26.428341	25.987847	36.762767	10.482814	40.909003	42.071855	24.632208	24.720493	34.328575	36.514791	42.251488	30.621592	37.042782	0.000000	40.784539	38.138983	40.680210	12.018795	28.995457	31.905104	16.616099	30.902803	35.617892	29.638449	15.426911	32.320660	41.015956	30.527325	21.414874	41.683148	29.590833	39.906047	30.886684	40.887944	41.721469	41.973448	42.018294	19.674799	27.677152	39.647636	30.914198	24.894136	37.747732	39.297515	13.630103	39.367314	30.256225	23.561029	31.008139	35.869768	18.968890	42.080163	40.982628	10.321156	41.905645	21.711333	40.003122	34.636530	28.426187	32.996006	31.421200	35.507867	42.427577	33.645918	36.295992	42.085298	38.693974	41.950837	30.031214	38.505328	42.028084	36.172082	40.782118	41.195620	32.402571	26.057675	15.917021	26.620234	22.623822	27.835122	32.280345	36.001613	38.148453	40.386095	42.452303	34.989209	41.071163	41.840902	41.797515	23.309420	40.260644	40.122063	38.314075	22.893112	41.828113	28.138891	24.924620	36.658355	28.536965	42.135640	39.792458	39.303235	38.491293	40.828677	30.338585	10.987380	41.894853	38.832775	41.418115	41.841989	24.837562	31.583794	36.191882	12.165821	35.702409	41.871859	29.699173
34.819863	24.661181	33.399665	28.255001	40.267090	41.881665	39.068916	40.046574	26.842989	13.504114	40.091557	38.730741	35.064071	39.176188	36.020388	29.090092	35.532487	33.396838	33.432070	29.749765	41.624981	41.737571	42.050205	33.873815	33.452132	39.950315	42.307115	41.448321	41.311233	31.912793	36.704669	23.143809	36.034641	25.450323	37.552648	38.003725	38.401516	30.485532	38.231495	34.796429	19.785039	42.243456	42.279343	41.154069	40.007348	41.640138	19.857065	42.078114	40.409257	0.000000	34.160351	33.240781	32.275511	41.352848	42.165778	30.824199	29.746766	34.408348	40.644243	41.480511	29.031250	35.019808	38.433811	23.081475	25.475099	38.991964	42.245468	36.417719	40.222439	34.452943	35.317208	42.147630	36.368609	41.531052	37.837816	38.031995	40.589887	33.807825	41.042107	30.182286	38.211872	40.177817	31.510809	36.932531	41.930932	18.840226	26.303015	32.635012	25.481559	38.608929	39.961656	31.746249	38.047088	32.050347	42.005981	17.288776	41.292568	42.147102	41.916641	19.378347	32.973323	28.886861	36.947825	39.192462	40.343401	39.071378	27.116366	23.755750	35.694925	28.908449	41.990043	35.808927	28.722250	37.553276	14.472765	33.470351	36.559190	39.109688	40.571603	16.962983	32.263217	37.840197	32.755076	33.542467	41.673216	41.878764	32.114183	42.462216	26.224578	22.733177	39.749230	34.365490	30.205760	12.928582	26.190541	37.379516	31.245795	42.093812	35.491335	40.509915	24.629231	37.959738	18.022721	42.283778	34.694982	39.542085	18.431353	33.956035	38.870658	33.611145	31.976140	32.166238
38.580930	26.536415	28.555801	24.146598	33.921161	41.610297	36.722601	41.201120	41.670606	38.376231	42.421485	21.036366	42.458967	17.039127	41.828911	39.431107	28.437350	42.289721	29.063632	36.918885	40.572018	41.986654	34.234623	24.688833	28.091128	41.579776	41.713136	36.705435	23.124234	42.336321	40.703794	33.674219	40.252037	39.382499	19.217165	35.778503	41.957945	37.723138	39.844795	16.870513	31.213038	29.002601	40.411427	42.472781	38.846377	41.544411	40.996662	31.470359	34.740755	33.923426	0.000000	21.477360	41.940679	41.633697	41.638173	34.657091	33.246031	28.891338	17.298641	23.649260	20.522573	32.147672	35.340192	35.309989	35.656580	32.672113	37.330298	42.252391	30.823125	31.636632	42.101073	29.998534	33.085205	37.400539	40.808145	38.385093	38.940900	39.325316	40.069313	16.173321	42.477968	19.919718	34.092334	15.573337	40.423030	35.289363	37.542726	23.334085	35.705987	39.447426	40.537547	40.936524	33.644253	42.476765	41.694706	24.347594	33.579407	40.489140	27.701905	41.101976	41.414347	31.982122	42.375735	36.166998	40.584751	27.665194	40.997568	41.710067	38.185128	32.054764	42.260103	22.722505	27.409441	30.333643	25.736737	40.515498	26.784621	40.832016	29.273269	32.816780	35.644447	32.691295	37.479073	41.791349	37.736878	42.008608	21.940359	40.697246	32.708689	26.188646	31.363715	35.810992	39.030841	34.781506	32.079299	42.456206	40.869392	36.070241	41.108568	42.040307	39.518715	11.873297	37.440892	37.510949	35.251045	37.626540	37.183990	37.081877	31.093991	37.313516	37.468264	37.162661
40.784502	37.514824	31.741300	24.099680	24.170306	32.171868	42.387731	19.717923	35.436924	39.952013	40.176237	27.471238	40.127062	29.456537	31.611614	41.744323	35.542421	37.192579	41.437146	41.813350	19.758162	21.282555	28.886096	38.815528	38.344147	15.234610	39.244310	18.643101	40.695059	25.711876	29.717181	42.043075	37.086203	39.793246	25.186861	28.866983	18.946902	41.245927	21.175004	35.639679	35.487783	32.320471	40.971213	34.784741	32.261615	30.515375	40.268963	37.469026	33.705047	40.732190	33.263809	0.000000	37.108072	41.994024	39.582589	40.580000	24.196922	26.338164	14.765531	32.267496	40.473266	35.011622	40.642370	36.756320	38.461077	37.218268	35.650733	36.689985	38.494061	38.481816	41.875660	33.391054	36.582553	41.318086	22.499625	22.957842	38.009292	35.254303	37.540437	39.975047	35.452411	39.385009	30.463196	33.116359	40.313172	27.965886	39.896144	20.536628	29.642389	42.109716	33.450713	17.653476	14.480723	20.526532	24.907318	35.301945	40.596605	16.168092	42.230492	40.487266	42.480287	31.124022	36.305004	40.624303	30.315491	37.423817	35.099192	38.274296	41.635380	36.994229	38.188906	39.641507	34.814744	30.911845	38.816176	41.398087	36.380272	39.084613	36.654410	27.389651	41.048120	32.871185	42.380513	10.998260	39.347207	41.458163	39.576482	32.290861	37.488362	25.360049	32.826231	36.352391	32.558630	40.648537	27.917114	23.750154	25.424960	36.297324	41.128647	42.275738	26.994273	42.108084	33.018246	41.285974	41.388774	41.984986	36.934149	40.643654	16.582427	41.845253	31.306785	42.325566
19.304980	36.863571	41.982228	20.807375	40.263692	37.335879	34.261952	14.990242	37.157454	34.302044	24.984096	25.578834	38.730905	31.907416	36.983438	38.085381	35.378829	41.145415	39.015319	38.137508	39.031430	42.174528	41.922646	37.961749	37.374087	39.225449	34.257017	40.205179	23.166480	42.156087	35.704597	41.585642	39.722314	29.362316	23.189879	33.995207	32.596254	39.900099	37.627349	30.725674	39.687336	18.972175	33.133243	40.484640	38.701131	20.337648	25.911987	30.818337	39.904232	39.598331	37.314868	42.468613	0.000000	27.534471	42.426589	34.479119	25.159174	34.816536	31.570269	31.220318	41.868986	33.430519	41.569322	28.021011	37.758579	42.209367	15.196052	29.851717	42.241102	24.584128	38.680377	41.669017	17.577369	39.713705	40.871744	41.574608	38.080251	34.108448	41.117557	16.858155	34.431666	41.918574	41.680599	41.332169	17.917971	36.837948	33.295906	41.047471	40.043092	26.103220	36.659214	33.116040	26.640613	36.936660	36.856600	37.378627	28.010505	33.895952	28.304899	12.578619	35.236156	40.994068	40.433181	31.882600	36.196389	40.435969	33.647266	29.206002	36.260432	37.079156	35.404866	41.234552	41.935746	40.381829	42.276390	38.207586	37.517584	36.809756	26.420680	41.342152	36.919943	28.408950	35.843010	38.205554	40.453005	30.020563	35.714683	30.591371	27.698030	33.174957	23.615289	32.101816	31.631401	39.170221	37.761605	41.772982	41.140208	34.072972	28.176329	14.571406	16.046543	39.747495	37.408348	31.504846	38.218788	42.445369	41.624618	40.293497	38.795700	32.887447	18.199772	26.276838
41.563726	27.094184	30.812170	39.861181	33.497980	34.949074	27.939031	35.208743	41.485955	33.684622	40.249719	30.402087	33.690195	18.051543	42.053190	40.950054	14.951695	37.121395	24.151508	34.580111	35.722300	34.135839	39.883800	41.366794	34.073236	37.764698	39.826681	40.319890	35.477523	36.441667	27.502267	36.963451	32.529225	31.239882	37.814444	35.170791	28.166430	42.077429	18.936611	40.698095	15.512361	39.781997	36.134258	27.378444	42.004602	41.952253	42.271751	40.280910	36.640962	28.399753	31.756817	28.416839	29.437486	0.000000	35.731482	27.745629	26.151755	31.650681	41.172323	33.987701	25.339608	26.475760	41.579904	36.356535	39.516870	32.480706	40.715798	41.694537	39.439231	41.977080	30.013308	25.897401	31.121390	17.232192	21.651346	35.035290	42.326136	33.536823	42.360157	37.861156	42.447490	25.782983	19.271267	35.247059	27.570721	38.285516	35.855442	21.913123	18.900395	42.319205	30.062654	38.816645	39.100563	34.783167	34.096800	35.881892	17.016196	38.839357	26.176654	28.748059	30.611318	40.156998	34.065340	29.907062	31.113700	40.831908	34.981583	41.960661	22.325695	30.437109	39.867539	42.267168	41.344529	37.499715	41.682006	38.471565	29.515112	34.399010	41.896996	39.661101	42.399426	38.252831	20.795712	41.030536	38.141764	42.217503	31.680869	37.363799	34.779563	33.892778	31.647601	40.849763	30.161442	29.766326	25.042792	39.273412	39.606503	39.457180	14.115490	42.485182	39.374478	36.536734	34.350289	32.800981	42.085175	33.388287	31.494417	26.949647	39.011776	25.745184	32.871322	37.415562
38.326146	35.107517	21.647007	20.919229	21.399379	42.301769	21.626830	23.344345	21.605456	36.685349	31.053629	41.632649	21.803159	31.273130	35.310873	36.119250	10.577772	38.665445	40.385310	41.736437	30.844920	13.180835	26.922201	21.287849	21.748689	38.171787	39.493167	39.637492	34.093447	31.937269	34.483504	23.455609	17.196118	40.275982	42.079138	28.555455	29.156285	39.065270	38.906763	38.905097	42.456234	23.424659	35.453918	36.704216	24.634673	41.984845	12.800048	39.382565	36.983284	33.342439	31.862199	29.858985	33.575328	35.009019	0.000000	41.706988	20.319709	41.751917	28.065943	41.519888	31.614208	35.317317	40.296618	21.547408	33.986798	40.085673	21.971330	40.450277	39.831587	23.656004	42.210753	37.812102	41.101973	41.259041	30.749893	33.816283	38.726810	38.713343	29.501496	24.103109	38.515214	41.957148	36.102577	31.603313	12.856941	41.833835	37.251186	40.229411	41.787695	32.631448	38.191986	33.165364	41.684448	40.360147	24.943601	16.641429	21.739853	38.060981	40.491542	33.325756	39.972843	41.656620	22.654834	24.840915	34.260833	33.086603	33.339254	40.075629	28.202285	38.750342	40.129733	42.051662	37.954674	34.346413	33.375770	22.830696	39.482236	42.022268	29.522427	39.803722	39.506566	20.261799	25.048856	40.511520	38.245861	41.398818	29.089903	27.062955	41.093175	33.265794	37.079242	27.900781	38.807740	19.773323	34.427837	26.382322	37.116524	36.661144	29.889934	42.216205	28.805780	32.806350	39.871834	34.127143	34.570743	36.526846	15.399164	42.388598	37.608421	34.333330	42.201956	39.252616
39.395381	41.528916	36.586450	39.209133	36.380433	41.737970	38.337143	30.966693	34.816242	26.355699	12.564331	17.221486	42.450685	42.378217	34.015789	38.815188	39.026605	23.890745	39.438485	26.584507	33.218092	21.670652	32.589503	31.933758	27.709006	34.536516	37.834440	25.710862	42.153483	40.514065	25.296260	41.976716	30.592494	38.068426	37.445951	34.206090	34.760455	34.206140	28.619424	20.296529	25.755411	37.614918	42.017286	41.344710	36.294224	34.604170	41.519267	41.979398	40.010767	41.905029	27.350606	42.140404	42.375092	34.152794	31.092828	0.000000	29.613009	42.052442	38.294245	40.625640	39.250761	31.274713	39.697565	32.793776	41.418958	17.136865	40.985813	37.209700	34.350045	35.241187	33.910661	36.245505	28.694855	24.353319	39.177055	40.744999	37.530520	21.950109	41.981771	42.096905	14.021962	42.473968	40.686122	37.619388	27.813279	41.719012	26.365021	27.270713	40.687334	33.458418	41.507379	40.437777	36.124520	23.983141	31.650605	30.612655	35.849149	40.293951	38.779080	42.479404	35.127828	41.387326	38.698228	39.888502	32.264942	41.811662	39.101894	27.955319	42.332456	42.017658	38.456087	26.506116	19.379348	30.425277	32.508841	37.015709	42.232942	33.438140	17.722810	30.889495	18.746721	39.462034	42.111519	27.069699	42.042631	41.483677	22.857943	41.738848	36.598428	38.409269	41.151514	27.797639	41.760359	41.041997	34.561311	38.738905	19.004101	42.142668	41.708809	30.922168	31.971460	26.737410	32.314581	20.073077	25.996722	21.226242	40.902415	37.014827	41.961064	24.364879	40.231817	42.024592
40.596588	41.736822	34.833558	37.352888	40.612569	38.471298	29.002963	32.886605	34.607941	36.163807	37.625403	39.953302	26.060574	23.336164	37.258801	39.040969	35.136311	22.367843	40.974214	35.538718	29.909023	37.549040	36.092578	38.173294	38.721773	35.745369	21.851821	39.138431	26.416302	30.539252	20.127155	21.520803	40.455936	24.054726	15.875228	34.635118	42.165648	38.703863	34.472932	42.022986	42.370492	40.162365	10.499113	29.369005	30.580518	31.148963	41.276199	38.400605	19.114205	20.994842	32.492461	28.683133	40.998213	31.315355	34.744099	31.031810	0.000000	40.964436	31.683650	30.550526	41.174186	37.777373	42.113634	37.881793	37.493097	38.280347	24.672543	36.656321	34.063853	42.276019	26.324292	33.183016	37.918523	23.912075	37.294878	17.910815	40.390820	42.332818	27.189504	22.005916	41.631670	34.423177	36.314967	30.843003	40.559786	33.242958	39.706830	23.991832	27.279429	32.814842	41.223644	41.449026	35.594716	38.865583	34.589427	14.933143	40.388381	25.160802	13.161849	36.567738	25.845632	38.665717	32.532465	33.371204	36.856998	28.867328	29.463363	39.588179	25.777465	35.405332	29.358987	40.244693	25.939578	39.042010	20.955674	17.484164	25.324286	40.806086	30.802262	41.016693	34.170048	38.045559	37.866330	38.659472	32.005563	41.776093	40.696617	41.981771	40.538963	41.062813	11.988110	42.220105	41.947386	26.621557	41.556604	26.270192	36.314263	10.328047	35.710377	26.954689	41.476362	39.636153	24.745490	36.469170	37.935775	35.445509	39.993657	41.087010	17.403940	21.105910	40.933499	20.764218
37.852408	28.566878	42.371289	33.733839	20.102818	35.868001	41.551762	37.348971	36.519415	40.067044	39.765489	18.697889	39.128048	34.113640	27.584105	18.637038	34.145641	14.014842	31.715271	42.424066	41.767278	29.214021	38.499646	37.721156	25.670923	24.390834	36.351325	42.328676	39.227822	14.511340	30.806866	41.360133	38.856982	39.861615	19.935114	36.982361	42.074570	37.388030	37.367448	36.072793	31.806768	23.545722	41.148705	12.244797	28.276599	41.144328	31.199982	37.111179	41.651420	37.165647	38.783806	35.027781	31.951252	40.899250	17.870354	26.131779	39.801890	0.000000	35.181871	42.083693	36.669807	41.246540	39.827292	21.117224	39.352981	35.534615	22.174495	37.099627	38.800283	26.277171	30.703515	33.757863	42.031034	40.792752	39.662214	41.478918	40.458516	42.452020	35.226016	37.234012	24.518972	31.219181	35.079384	26.519656	40.858028	37.280897	9.942156	41.704010	41.324578	11.711450	21.099743	28.155403	40.610889	31.277507	38.917972	37.398877	34.375158	36.171236	34.926824	42.024755	40.705265	25.913067	40.883961	40.476525	30.206472	38.692122	16.035188	23.315379	38.161052	40.959458	40.479630	26.279645	37.885951	36.259376	37.667451	36.000894	17.882157	27.839618	41.515219	37.498616	27.129849	33.375850	39.946154	40.659140	40.958830	32.817174	40.127228	28.403928	34.526090	34.547710	36.720592	22.166118	28.553013	32.843131	31.142158	29.867851	25.517995	35.482039	38.619062	38.203126	40.894991	39.204953	34.744150	40.316330	40.045216	30.966157	36.800135	36.378757	41.054182	38.680065	39.361203	42.124474
38.869316	36.244119	40.554737	34.622104	14.265368	42.039983	26.298713	30.179806	24.886176	41.321254	28.058863	38.409645	42.019488	42.360790	41.165707	21.847514	27.440318	33.115372	41.981067	42.247312	39.489602	40.834561	11.657896	40.168864	31.436652	42.312726	40.485272	37.184643	28.437942	42.060374	42.346727	40.634700	41.034555	36.755680	36.494275	30.931057	41.775183	18.389814	41.727863	16.348299	42.126631	41.551257	35.348177	36.475301	38.195443	42.144717	24.473548	39.110509	37.919632	36.805004	40.228125	39.000896	35.256664	36.714093	42.244297	26.351899	40.265854	34.535118	0.000000	37.601990	40.184977	34.284240	41.468974	26.698236	37.601517	41.692284	39.906219	33.283900	42.310441	11.551379	21.203701	15.218480	31.183027	40.973474	36.114206	38.646418	34.454711	41.214296	41.996622	40.232187	24.676270	37.151466	18.452408	41.898512	42.438071	42.360262	21.685607	38.226867	36.002641	41.402725	35.615430	32.880348	37.337602	38.504198	38.395137	30.076260	22.463606	36.430101	25.987632	40.305086	28.639110	18.174808	42.389176	27.197801	25.573722	41.401715	31.912008	30.045482	41.954358	28.298540	42.295100	33.904978	38.493986	28.184631	41.334015	23.707215	40.177804	21.920000	37.004015	37.827922	30.726966	37.240318	24.646120	14.468309	15.482345	41.803648	36.136065	42.488725	24.702228	41.820668	42.293701	29.520839	38.585509	36.539828	37.686774	21.926555	26.241461	41.813776	26.438461	39.809106	38.920862	31.675901	38.034674	39.488620	36.693653	41.061839	29.598957	40.769652	42.367231	40.524565	24.563206	27.756037
41.662370	41.694110	36.404435	31.414251	37.529239	31.539342	36.748863	36.466403	24.658784	39.828189	31.114091	35.927467	33.197807	38.051873	36.099952	14.458837	38.673251	39.531007	40.349607	42.340668	42.334007	28.471786	40.131512	42.398645	32.368898	41.210646	32.132928	36.462448	39.848422	34.666420	37.084196	14.201200	39.693513	29.946450	42.086525	27.615995	41.284643	28.529095	40.882256	37.362501	41.959465	36.013321	41.656767	41.830864	40.092501	38.349555	36.911639	22.789778	35.850229	35.807611	31.833195	31.600190	41.573832	32.712840	33.027713	36.996529	39.644691	40.484676	30.818582	0.000000	29.066683	42.341890	23.202348	16.761096	42.487708	42.233064	32.169687	38.728752	31.844653	29.375061	42.227793	37.408265	28.378667	40.503596	24.660969	28.454931	40.812702	40.146943	32.161893	28.297533	36.250079	30.806561	42.428785	38.670941	41.371149	41.789363	26.901348	31.823054	32.066792	33.934888	41.644715	23.837643	33.246028	39.302408	17.093822	41.849346	41.826385	40.700959	41.958816	37.618697	35.124351	38.126306	29.613199	20.130995	41.066245	37.035370	41.819378	27.776465	33.062671	35.920510	38.846810	42.457066	27.245977	17.344244	41.120901	29.921454	32.793607	14.019300	20.176582	37.032330	39.716589	37.369232	36.770333	42.469976	41.794358	40.530243	38.066224	41.525864	28.535561	36.833181	42.419658	41.608684	37.679495	31.690072	34.498670	37.051417	29.254729	40.811140	42.471866	36.367825	42.358789	22.002522	31.938639	42.477705	33.907983	40.606501	36.981943	24.608212	41.785721	38.114778	42.281056	39.840071
38.381128	30.790029	32.366289	41.473529	31.968467	22.944540	30.626673	41.797964	38.113672	39.581935	24.864906	41.282473	35.382405	42.216913	39.830038	40.826267	42.395146	42.486947	40.450874	37.996302	38.380463	42.188725	39.205864	38.114284	39.825352	27.025923	35.603245	37.276886	33.315534	28.843637	24.708709	41.076677	36.786920	39.348181	41.010644	42.346753	40.728021	32.757727	42.243255	25.042994	36.460840	36.668445	40.022076	38.655503	32.679564	41.171735	32.101941	35.228519	38.062025	20.789726	18.277234	38.744231	36.056057	31.389969	29.969393	29.888263	31.436985	29.884686	21.572610	34.589663	0.000000	30.284882	27.167102	36.754645	36.273634	20.554927	37.927825	26.517345	39.989008	41.438879	39.932943	32.383142	40.508878	38.402858	39.825465	19.938712	42.452749	32.213871	32.800207	40.752382	17.894570	38.784179	42.292276	41.555380	36.040173	35.169260	29.255528	16.753022	40.266539	40.176358	42.303565	32.068529	32.868102	27.769450	35.133947	34.567432	42.091863	41.056418	41.435879	23.657480	29.651762	30.190673	28.903932	26.011813	41.268559	18.983877	35.340623	41.748466	37.111535	34.414879	33.275616	31.704395	42.332195	31.483673	21.491491	20.243714	39.396333	31.416648	34.430327	37.217191	32.165839	40.695552	38.990862	26.195436	25.050097	22.438392	31.782626	32.122251	25.579386	41.165887	29.729106	25.229382	20.793723	26.232574	41.671057	36.082181	37.792226	34.117099	34.991889	28.041887	41.545657	27.588294	33.814260	18.786229	38.157757	35.274678	35.926584	21.957679	35.161365	35.181706	40.879412	37.665318
25.396175	21.235807	41.461302	20.331581	41.905798	23.253838	39.984050	37.181352	27.330777	38.400932	39.405672	42.475948	34.967119	40.075263	36.846527	30.006044	41.580308	37.800446	31.945873	37.413605	39.021370	29.921889	24.741090	34.541724	23.010327	31.691284	41.264807	41.466566	40.757974	32.157290	35.711022	17.081823	42.366244	21.282434	16.971011	40.156680	39.635480	25.003325	41.706691	41.977635	40.820065	42.336841	12.047603	25.272235	40.741519	19.230487	18.672659	41.359168	41.520600	41.949378	34.778155	33.864534	31.478494	30.243764	37.447702	25.410251	41.438151	27.143353	33.910675	34.650395	25.824990	0.000000	39.463152	35.666330	40.932989	32.256574	36.373201	40.554248	40.527295	29.604143	33.780808	27.927221	33.731931	38.456233	29.229126	19.250773	41.069915	41.500194	29.143646	41.964244	34.359804	34.514507	13.790762	15.620670	19.715827	23.057834	38.400371	36.726033	33.410219	40.172987	38.621258	26.680258	24.727415	27.033752	20.145749	37.846500	27.139491	37.473627	14.590998	15.169915	27.749904	34.543835	30.915364	41.115146	26.700434	42.455211	17.744290	39.218461	37.697438	30.939329	41.473969	38.524096	23.866130	23.928350	37.886345	22.815716	20.768865	40.397034	25.562773	21.336663	22.564059	40.443230	30.522187	40.418223	39.334115	33.530667	35.504623	40.423431	33.498949	41.166181	33.114898	21.603419	36.921356	28.973225	16.676890	38.446983	40.585527	37.591639	41.579156	42.269808	25.733319	33.665718	37.638858	26.864612	42.016411	27.931076	24.167372	24.774009	29.150381	42.262700	29.797400	41.734412
32.087824	31.996677	41.623238	38.814566	34.876064	33.219810	30.556128	26.271821	35.173905	42.156036	41.823975	34.045214	39.412932	37.497622	27.488175	38.857703	36.502313	11.367614	36.544156	41.084342	40.381325	40.745867	42.319565	37.954690	31.033756	39.180843	38.516286	40.229242	31.119878	28.779177	36.489599	33.011589	26.293733	40.792655	37.332177	38.432192	38.601166	38.517940	39.685106	24.426924	24.207165	37.976185	41.429644	31.717927	36.181063	17.389406	30.659079	24.975135	23.490350	26.935115	42.483512	40.687234	28.207659	32.887522	42.485722	28.546922	19.578756	41.291364	31.011756	29.463162	37.351185	42.451534	0.000000	36.871121	24.287422	41.440067	17.320345	36.371762	42.212512	42.394418	26.083605	27.901063	37.041156	25.358495	38.584521	31.333734	37.490020	41.021203	40.149459	41.405376	33.123789	25.257401	27.116996	28.543174	37.325664	29.727091	37.798302	30.056086	26.244490	23.543450	34.077589	40.583824	39.327359	38.153976	36.786337	39.987330	34.584899	40.314239	40.267854	36.349495	39.324382	13.086399	30.105182	17.584445	38.128806	14.189498	36.294120	41.517992	20.475289	35.883881	42.043371	38.880560	25.424330	17.301995	39.699653	37.835515	34.769738	41.920220	31.406357	40.743868	38.531209	26.851513	40.231345	41.787398	30.213786	36.102047	20.765428	17.590382	40.478118	26.980003	39.602133	41.259529	38.553533	41.096883	38.362670	23.130256	28.637282	14.198755	10.248999	36.608252	41.998256	35.185538	21.298327	34.978464	35.833918	42.106978	42.059965	39.244098	35.349050	28.062869	41.962703	28.671788
26.147181	35.114313	25.479449	35.699443	36.347631	34.301946	42.333125	40.463111	36.901148	39.868421	41.550969	30.074104	40.916817	28.722105	40.698533	28.985103	39.062941	41.409260	41.601331	29.730822	41.600697	28.411474	41.990672	33.961523	40.218453	25.586161	20.020000	41.121757	42.182778	39.429685	38.675684	36.748990	42.027719	30.193055	41.602752	36.971368	38.242457	27.735091	42.240238	41.631702	42.222046	25.819465	30.524684	30.914924	39.522536	40.155062	40.755090	41.627516	20.395274	40.715010	37.809586	41.730074	38.315144	27.796613	35.417457	30.967049	34.774133	34.896655	30.531904	28.443172	28.305447	41.929043	37.826283	0.000000	34.394459	38.760883	31.771463	15.854617	42.428460	38.997084	29.308329	29.900015	35.382737	32.641970	40.722080	28.463803	36.124972	33.121794	15.737277	36.997030	28.580322	29.075979	41.837957	37.275034	40.674361	42.320977	30.604275	25.299063	41.020313	42.185176	36.780033	40.613535	41.918951	14.015325	31.691220	41.680221	35.392315	37.689803	40.172109	41.675670	21.475846	13.350245	33.262694	19.113840	42.205899	35.196113	27.001763	26.554028	37.841204	40.329351	19.709100	31.716244	39.744372	19.470475	37.833302	30.246158	41.933756	26.690186	39.057883	38.614565	28.491679	33.999920	36.486656	26.819793	42.081209	15.035542	30.078859	32.812332	42.415691	23.742754	35.197839	36.598350	36.919603	40.911212	42.197959	15.125300	25.096455	41.824827	34.274356	33.609610	41.871390	31.851138	41.272555	33.596057	26.186265	42.179291	40.013845	31.130223	34.769488	40.331177	38.059414	41.743088
37.637714	24.756173	38.469984	26.814001	31.061324	30.199131	39.552319	23.610976	39.399982	38.740034	25.731748	28.858375	31.360291	41.623517	34.287498	29.077469	32.652848	27.106035	39.570654	29.983508	34.633884	23.124876	42.120915	40.872240	41.583484	32.962781	35.874168	42.473521	23.302584	37.923288	28.691148	32.066294	38.445765	22.166850	38.391860	37.087496	39.196415	37.023430	30.256087	24.141163	32.697375	24.218048	39.414814	29.556974	35.012504	21.020213	38.855269	35.419768	19.399239	42.004689	41.811219	30.024641	21.642181	41.293914	32.016845	42.417057	37.618068	41.091530	40.323502	27.046408	40.635197	39.086212	42.074895	27.447273	0.000000	32.408372	38.174337	28.885221	30.275415	30.365872	41.432857	42.048013	33.614418	42.483634	31.114729	37.167742	35.777609	42.313458	39.280154	28.489996	24.814520	36.229218	39.183434	24.686379	32.610735	41.701269	40.516319	35.482835	38.926220	36.216941	16.912090	36.346648	36.360905	30.006859	26.157076	29.110210	39.686234	31.662794	42.209514	38.796782	36.671162	27.750721	13.657553	29.037902	39.213083	34.076258	36.666367	40.063237	35.714264	26.845848	27.627714	40.718477	26.767180	25.592981	38.953843	40.086808	35.573745	15.177162	42.094583	25.102577	35.107604	22.328215	31.815746	40.220397	33.386549	35.975772	41.440904	41.067449	31.129974	38.382808	20.629124	17.809374	38.533775	39.326987	41.950806	15.534005	40.011883	39.240785	34.897921	38.119307	41.382250	38.303417	38.461412	42.465976	31.369649	41.315980	39.835663	27.520962	42.049919	10.961597	20.409277	40.456207
38.105645	30.035240	29.565707	40.633674	38.026765	15.454715	17.857911	42.089370	37.073674	38.699904	41.550868	34.949938	37.201976	31.049262	34.789096	13.080663	35.361119	40.293533	36.443791	25.320802	39.494544	35.798495	29.780787	39.798971	41.117562	39.382866	26.740507	41.090277	20.438544	39.752906	36.040105	32.293202	28.838093	38.248768	38.802322	24.838021	37.902228	17.948037	35.321842	34.464980	18.664134	22.881105	34.575156	32.130242	40.259615	36.365770	26.949799	41.210280	38.554268	39.878369	42.420265	41.843278	27.419537	20.097908	29.797817	21.901201	22.818293	39.127734	30.117284	18.246074	28.313028	36.893253	33.170622	27.497226	26.000464	0.000000	34.313022	41.877828	40.756724	38.729713	39.756564	42.357757	40.918628	35.188983	31.067783	16.033420	16.752216	32.490669	42.216760	28.401989	37.025607	27.898920	25.230704	28.928015	36.382864	30.985166	42.478848	26.240670	33.928710	30.047911	38.090969	38.937470	38.719819	42.465400	37.415229	40.058682	42.033248	40.693712	34.250062	32.360599	35.671092	14.884778	24.390179	35.154340	25.774833	21.561299	36.955188	40.308800	30.548574	25.400452	37.634394	27.321234	39.439189	23.101238	40.780755	41.919297	15.387355	39.930102	26.653954	41.446047	31.858808	30.316164	22.556834	24.543369	42.479789	39.644748	39.336520	32.844792	36.475913	30.995357	37.302475	42.227620	25.366711	37.777042	41.593553	30.495108	40.496080	30.143065	24.236135	19.402073	39.048124	11.944249	30.370396	41.007957	32.923158	41.091025	35.082425	20.560175	42.350895	32.933778	18.890171	42.026334
38.415692	17.392983	36.251165	33.442641	29.357939	42.062895	19.963737	30.646163	21.345495	14.480888	42.173165	36.730015	41.507343	32.593047	39.720898	28.079851	18.407591	38.925483	32.279979	38.120089	42.474777	27.804917	37.394288	38.816187	30.502984	27.443665	37.052930	37.690269	30.969752	38.470439	35.955332	22.393815	28.652916	42.015960	41.735339	40.311459	41.898377	32.879773	33.844372	40.461560	34.688941	34.323964	40.785248	13.629681	17.623006	32.597173	33.373741	41.037396	13.270816	35.724907	28.610672	34.964198	13.486239	42.264940	31.015826	20.449087	42.408537	39.245057	40.003153	42.408688	24.251749	42.483477	25.604027	42.250289	15.293306	38.907716	0.000000	19.086144	35.915518	19.968938	30.655161	39.115163	29.075430	39.618170	40.731684	32.176496	40.394682	37.774986	37.109069	14.113823	38.812108	41.424603	39.091052	20.117103	32.592588	36.642681	39.532137	35.006378	30.243761	37.730078	34.965536	41.816984	23.975675	39.532454	19.413005	24.222592	41.660304	40.169646	34.411248	35.639327	27.422393	19.383178	25.904718	40.515082	32.306375	33.400304	40.233929	26.106925	36.498500	36.669138	41.084378	36.881548	37.537773	35.556323	29.772930	32.575406	17.278059	33.608839	38.792411	40.686400	35.268854	34.951699	29.769567	28.070315	37.501473	34.551399	21.395389	39.541269	26.579885	37.081473	23.912870	36.020238	40.950110	41.602123	29.619676	39.041704	38.419881	26.594869	39.808075	39.834226	30.172934	23.433130	17.718854	40.237757	42.083889	31.944300	18.783547	37.504724	36.506213	26.397372	40.972479	22.600462
42.377639	23.380560	27.784389	38.922648	35.442354	33.977515	26.182819	22.603883	20.952006	17.123580	37.467028	41.944208	36.504723	42.469720	28.844828	21.263780	12.404234	33.591158	40.776180	41.573695	38.677447	34.930781	28.137339	40.835318	39.885789	30.658585	21.673816	34.700720	32.413549	37.470592	20.342160	30.643064	30.104710	38.016592	38.913903	22.720535	28.043067	33.711830	42.471567	28.279445	38.411410	31.286014	25.913440	34.107683	36.085317	30.857364	34.254740	40.643427	33.799312	22.886330	16.077680	18.420731	42.036490	14.233056	36.954006	12.368656	13.349916	38.049628	37.164187	40.482067	42.454486	22.360586	23.773838	37.542301	25.053912	42.450753	28.783875	0.000000	28.512192	22.677886	33.029329	35.481814	34.064442	34.535252	35.375653	38.347452	31.789362	41.319654	22.572977	20.656407	42.358438	31.320745	41.046049	37.324661	21.858940	41.077552	39.348962	17.814171	29.010335	38.764485	36.723048	29.303494	36.702739	33.402553	42.028024	24.864706	30.392083	41.929186	37.942687	25.538106	42.141870	31.504252	32.590103	34.583300	33.981091	37.227551	38.038876	28.689390	41.548704	38.037961	42.221559	24.944809	30.944657	36.240784	37.335406	37.643417	32.188054	41.817782	41.009416	37.264749	37.943496	29.319201	42.275500	42.152705	18.425565	42.321508	36.707165	37.430570	22.834490	41.924814	40.113980	40.092355	36.916536	40.756351	42.220779	40.072109	35.007190	31.552366	21.701701	33.617187	40.691244	41.036834	42.199732	30.732419	14.424151	35.108302	14.366401	25.023049	29.411372	41.472323	33.188112	41.819441
39.823632	33.927395	24.795508	39.672483	39.034801	37.096609	37.461239	32.386549	40.276487	37.069439	28.259472	40.653798	35.963669	19.166032	39.643774	32.711505	38.238010	41.350912	34.130210	33.722655	40.734672	38.220920	39.081865	33.231248	38.562052	35.209684	19.858716	42.119494	41.040503	29.946463	38.476043	37.664721	33.747268	38.838351	17.567466	24.731623	38.942524	28.593582	29.566438	37.933537	38.316143	39.774392	37.188533	15.431643	26.112751	37.189183	35.171371	41.076012	20.366588	41.289269	40.341757	33.386095	42.273633	42.291557	35.191094	39.024561	37.675377	38.693449	33.681127	36.550615	35.665534	35.959049	41.932493	41.703114	38.883190	25.074881	31.980417	38.753170	0.000000	39.804629	25.304026	34.697988	42.286078	36.122567	41.539139	41.746465	21.914577	39.371002	24.889451	31.066393	26.369406	36.224372	40.142538	12.852432	37.234609	40.080987	22.319129	40.280298	21.234631	25.638767	41.396738	32.204300	37.729298	37.454089	37.133236	27.166423	38.557748	36.918773	28.531777	40.750692	30.416041	21.413905	33.624407	40.862923	35.149624	38.684938	30.340984	25.502301	29.553195	37.576144	39.083006	32.879178	41.140721	16.554060	41.371944	40.963478	38.742445	31.943084	32.079776	39.821425	41.595888	32.052508	34.038632	37.606897	39.625164	41.972125	37.744443	39.977847	41.228770	35.991723	37.947512	25.769180	37.921405	19.127270	40.177724	28.984358	42.482930	37.609579	41.129246	41.741700	35.046870	30.114460	40.028808	39.112288	36.059749	37.955970	36.297221	40.852874	32.673768	41.791057	24.969792	38.351468
27.645554	40.463632	25.044987	27.928247	38.523058	42.047000	19.482700	22.069217	42.484396	41.361513	36.102512	25.556593	31.783614	39.606778	40.251902	29.076186	41.175396	37.894313	38.213102	32.191216	30.223652	20.331234	41.078006	31.918634	30.966900	39.327288	41.818701	27.957565	37.495431	30.592657	42.396901	37.076559	31.703247	36.550625	41.157092	36.819247	29.947216	40.671191	40.158070	28.867535	42.268255	40.908511	42.484351	41.207179	41.611166	30.090657	39.171744	27.128774	42.038117	17.213230	39.920455	32.960039	21.753053	26.927462	39.535797	39.042394	15.103539	39.559308	34.780607	21.536690	29.840636	27.589800	40.148358	28.871014	29.524719	42.251734	41.581785	39.272979	31.602590	0.000000	39.795363	35.464606	39.256769	19.227716	24.335709	24.082112	31.351104	40.064090	41.165447	40.937370	41.604542	41.651141	18.193444	37.247966	41.114740	42.181594	21.508762	42.461683	35.065370	24.674440	32.895959	42.296845	40.863380	30.120026	35.382718	40.361724	34.949408	17.367025	38.658345	36.793079	42.008970	35.098921	30.280646	41.242142	40.875969	38.772539	41.983657	41.713341	41.808410	41.163277	33.003467	31.055212	38.636992	25.780578	40.842377	40.535761	35.551142	29.335323	40.091003	41.087834	28.609020	40.256973	37.521036	22.045909	42.113615	39.873148	36.697175	38.917586	36.617010	42.259658	33.781749	38.845897	38.535399	38.272593	26.004455	15.056677	15.340039	39.971019	41.989421	36.645668	41.961550	41.965090	40.555141	39.654988	26.570590	34.073869	39.469978	38.599597	41.233319	28.667213	27.586638	29.565980
26.811598	40.135751	27.493064	41.931697	34.373365	28.949375	29.739519	37.173978	41.161062	38.569456	32.488882	36.728324	31.989678	30.236115	38.693461	39.593538	40.478075	40.588068	37.417999	39.300506	41.062636	38.958871	28.785183	27.904875	40.220689	38.455098	36.734824	33.493820	31.109447	33.571889	41.899737	40.052699	37.545588	13.288951	40.542459	39.675299	42.092608	40.309825	32.924272	37.576974	25.210725	40.770188	41.296241	36.755604	35.933117	35.586166	35.749519	35.890384	19.998727	35.183534	38.633357	33.009611	23.807239	32.233944	27.740006	41.028009	31.732707	42.095392	35.303268	33.773009	21.886916	41.202896	26.192894	25.666332	40.978179	34.691829	40.909900	36.478158	39.597129	19.776678	0.000000	24.559486	36.648102	41.469332	42.435481	35.881127	14.727428	35.429335	40.783987	27.293425	40.034454	22.385680	37.876211	40.473690	40.888768	40.748162	37.751967	42.389757	35.601816	33.359218	29.621803	29.093437	27.581430	38.602243	23.215599	20.868888	35.094868	40.533030	8.858618	20.606942	34.894955	38.753235	32.101280	26.168156	16.099136	33.609587	41.858159	37.407792	39.499198	39.943830	40.822870	19.979240	34.167323	41.893465	41.955180	39.267685	35.320497	40.052542	31.888928	38.643437	32.097507	29.962630	21.041781	35.534768	42.468905	41.085337	29.165752	33.561310	26.690564	38.374510	23.495825	38.709855	18.770932	23.875322	26.559566	30.633632	38.514273	39.092552	41.390339	42.222883	19.880202	37.651905	31.320957	37.852871	42.128669	38.138769	38.820274	41.306986	36.958217	35.722678	21.653440	36.719451
32.725864	24.865993	37.990155	39.858021	39.390777	34.717629	40.578335	38.546803	41.234909	38.159511	32.878066	28.048175	17.889058	37.998274	34.515735	30.586001	37.062466	37.453877	40.221234	22.546345	39.832915	42.354835	29.860533	26.226045	35.300011	24.785161	42.484062	40.402619	40.898428	30.492899	36.123360	19.068021	38.577340	37.214040	38.896520	40.325077	18.589493	12.323061	32.022604	36.269570	41.640147	39.936930	35.364251	39.235832	41.020267	38.473812	40.480153	27.083727	34.517648	40.023471	33.976160	15.959490	25.666028	19.771991	18.766802	18.764726	41.808109	26.952278	42.408406	37.968562	38.830134	31.732719	23.648516	39.995042	29.255813	41.513896	36.614129	26.488793	34.415671	41.763001	41.630968	0.000000	33.756244	39.946326	20.560635	38.182089	33.183696	23.194011	37.993085	30.732933	37.912703	21.934471	41.360379	25.179625	26.568235	33.983039	38.815305	27.413706	34.585052	18.094384	40.132203	31.637356	42.352772	29.226573	41.115618	28.571868	21.534226	42.486680	29.407889	29.549718	21.892236	39.841840	27.126547	33.900671	42.429842	42.010957	36.161383	25.464846	40.720737	30.237896	38.278890	30.718551	40.045718	34.451999	41.289759	39.498099	32.516696	32.762346	27.320186	42.112149	42.341127	41.161386	30.517574	37.314536	37.937416	34.061711	26.280829	41.606070	29.306593	18.839605	21.952328	30.084623	42.479659	31.483681	42.181740	16.353768	39.283764	42.474813	21.026246	30.978389	41.569264	37.100799	42.125232	41.595045	40.665947	18.030239	36.991451	41.969595	19.402605	41.862562	27.160731	30.956072
42.383465	11.773164	37.875699	38.390415	31.278284	37.622448	35.278676	41.286562	41.653150	41.783019	38.437136	21.985968	26.616700	34.131123	40.912098	37.976528	27.602666	22.448542	39.205682	35.133945	26.353446	34.067461	37.322129	39.807507	29.471584	38.180151	25.543878	30.945709	33.679169	38.652782	33.282090	34.990963	41.374762	26.655859	21.758465	37.063253	38.154836	39.030176	23.505792	27.592223	36.958490	41.021402	40.432621	40.982430	40.182248	34.859723	40.056886	33.897576	40.876070	31.749618	40.849087	40.981781	35.096032	36.720685	38.871088	39.149645	41.947341	28.300257	34.391458	42.367550	40.610120	35.766346	18.824778	41.100533	39.638963	25.537285	31.635110	22.771170	24.715535	37.366150	37.374613	21.396720	0.000000	22.616727	19.615118	14.714609	32.212305	29.994092	41.896434	34.489036	32.779922	40.593785	32.814488	33.699432	40.081598	41.324744	37.425446	39.198763	22.727273	18.541737	33.380721	31.811811	33.523443	32.049443	38.352084	39.783986	41.838750	35.223710	29.460799	35.113689	33.737457	29.720361	40.818790	18.033493	39.928105	41.940034	38.184162	30.966740	29.906516	24.239544	34.627937	34.249496	31.653789	40.103086	20.013703	41.471146	17.383902	41.142718	40.340092	41.907031	24.864964	29.523518	41.033339	38.933903	41.725782	37.620029	41.295569	42.391621	41.269966	35.062503	40.730547	33.914215	41.200762	25.249055	16.930399	24.516134	41.148580	41.842017	42.275222	39.676973	42.370110	26.924641	15.318446	22.272378	30.626337	35.957156	27.422999	42.470204	34.650482	38.959830	42.184995	32.636572
35.434498	42.062989	9.296005	26.535616	36.623772	33.261706	38.780812	35.397003	33.500433	26.517251	31.657334	38.780352	32.636476	33.339013	39.284117	34.600378	42.030718	31.139755	30.176497	39.852883	33.210113	41.544507	42.253549	33.773647	35.464288	25.335503	39.681384	37.866553	42.322742	37.603280	16.159262	20.668173	40.346575	29.659537	39.818471	34.598551	38.223168	40.549658	42.129874	27.287422	41.412640	41.134198	32.111138	37.486447	40.209403	35.157521	34.143921	34.433728	40.901328	21.004537	11.287888	40.987934	41.036978	37.063674	41.875984	38.454763	35.461992	13.023444	25.038040	37.539113	25.956820	17.724417	36.730859	31.231610	39.534545	21.375441	38.428599	24.759582	40.221154	42.028229	34.688149	23.534770	27.167123	0.000000	38.981489	38.122640	42.133631	32.977857	38.056699	38.004022	41.926179	41.281752	38.432395	38.842427	37.943160	38.238407	31.046537	34.189618	42.207262	35.031592	29.742280	24.599057	42.156902	35.315290	41.569034	37.969002	42.037040	36.943591	21.726962	41.834343	41.498522	17.982550	39.057218	29.808438	41.990714	38.918128	30.662760	20.754486	34.619137	41.035107	41.949444	42.143309	15.951338	37.256879	29.706011	40.970485	22.548513	35.362553	41.548619	34.911625	35.381660	32.239599	41.857582	29.988955	27.268503	34.143694	42.315384	41.470502	41.697779	37.924597	34.344077	33.535009	41.892072	14.599753	39.235085	39.094738	37.848868	40.061153	26.435667	31.842921	40.877889	13.465938	37.271735	38.016738	41.101210	29.443468	33.933998	18.748616	37.891096	39.486220	42.039528	41.654442
23.658712	34.933996	24.008931	39.555701	19.860619	31.544825	41.303243	32.811527	39.229806	41.617221	28.352377	33.452697	32.552905	38.711971	32.510512	37.279099	40.893462	17.910130	37.051669	39.147596	24.889919	34.757663	35.915800	40.319079	19.385286	32.385500	42.158559	29.271960	36.266306	28.224911	36.473899	38.594868	27.969931	11.139786	20.647024	38.449535	18.883848	18.948087	41.516877	42.144069	40.488825	34.917036	19.545646	37.941239	42.018255	39.538267	37.024082	41.702283	29.453283	35.344838	31.854473	28.499315	38.160222	40.140594	17.802793	30.348698	41.194047	30.045863	40.364895	40.775996	35.468786	38.062029	22.839502	35.284816	39.138859	41.702423	18.966933	34.887953	27.389413	35.629129	33.482436	23.697984	36.179061	22.963648	0.000000	26.476318	41.160116	23.095624	36.735336	32.133360	41.728882	40.684720	36.948264	39.270839	35.443724	37.360094	41.320110	40.660961	42.349941	42.277853	41.666668	26.454815	40.242567	31.324085	29.250291	40.548700	19.453084	40.807394	28.495097	25.344915	40.064158	39.612953	32.521530	38.226132	34.979448	25.143965	30.318888	38.707710	37.758580	41.743854	28.423270	37.819263	22.138672	29.493149	36.327720	34.447152	39.097451	39.784813	22.027691	39.623858	40.745671	38.892739	41.809597	39.651199	26.036017	32.321906	24.707410	15.283690	40.827338	29.253449	39.001794	42.316819	42.289346	35.841995	16.326358	29.906730	35.209351	31.864540	39.202446	42.155015	16.555367	11.967860	41.947395	35.795309	40.295696	32.019951	22.047051	34.594964	29.235730	38.261266	35.574120	41.384011
40.099268	21.570300	26.580518	38.488472	41.177980	41.275802	35.187234	41.962471	41.025694	25.085655	39.582836	24.473835	33.141043	41.968778	27.598997	35.497498	42.225488	41.537328	38.498967	37.494046	29.759965	34.743390	33.251347	25.479439	38.193493	41.941848	37.019046	38.698398	41.915533	26.855368	37.380618	40.914045	41.294066	38.458345	31.408910	26.510711	41.456376	40.868436	31.696983	41.573335	32.789135	35.151264	25.023305	29.291305	37.846448	39.710191	35.214344	27.101447	20.632968	41.591479	40.241674	42.263341	37.048307	40.604336	41.958968	35.394801	41.520719	35.122789	29.609435	38.012346	37.321703	34.326039	39.804674	42.139537	40.971436	41.331435	24.498606	37.008866	35.518047	35.348906	31.076611	38.088475	35.448590	41.672961	35.429704	0.000000	41.503228	36.659899	36.326526	35.062448	26.299995	37.827698	31.492368	42.146181	41.213613	41.182512	18.623161	40.340229	26.069411	41.160413	22.022136	39.672765	35.586266	33.421635	20.872434	41.799398	31.497839	29.756791	38.943976	37.061234	36.469980	29.631146	36.788281	38.947006	40.085372	34.321681	29.947552	42.059819	41.613728	35.925930	39.288815	40.278270	40.683872	41.437642	34.179803	30.996563	33.518009	40.278189	39.770852	40.304341	29.644534	35.639152	27.582893	40.625530	40.861701	42.335739	29.729777	41.678205	39.383812	35.641648	27.288455	13.432910	34.340856	22.669691	29.902100	41.443202	22.253012	24.992137	28.659898	26.821371	41.903702	31.900242	37.166888	35.504268	35.577672	38.426787	37.607870	42.094937	26.986887	33.420226	41.513612	41.407359
21.075776	21.539102	26.937869	36.390038	31.867882	31.468671	41.605305	27.939261	40.533849	24.767194	37.942385	24.139419	25.516039	27.699814	36.471696	40.426914	39.555111	38.288796	21.045540	37.739343	32.670018	40.589878	42.070475	33.297878	42.282080	32.908907	38.456258	37.740548	36.614966	40.817206	36.859206	40.527552	36.644977	40.737761	40.587444	22.862447	40.534843	33.228076	33.216934	36.462780	39.631858	41.602175	41.405399	37.405338	42.371899	33.624822	34.972750	37.917342	24.111730	40.789057	29.720006	29.801051	34.511741	28.547286	27.659426	33.609172	23.513413	38.757639	30.972526	28.287590	41.522993	24.582860	35.090384	26.686595	41.938827	36.650044	41.392069	37.643589	18.341049	30.980567	24.551816	13.938626	21.779869	32.069748	38.097922	37.974239	0.000000	40.171580	36.560236	28.399942	29.711646	40.492509	26.379844	40.099560	35.037438	39.753362	28.896727	41.981762	31.661228	32.580333	42.316439	27.202571	39.374536	29.770459	39.161534	31.489442	36.013688	39.988103	38.484054	42.314818	33.409312	42.224672	36.671656	25.481934	32.004722	32.764307	40.636870	13.539085	38.794688	41.988351	26.434772	40.129679	41.731106	38.003933	41.547592	21.653522	28.408546	37.470908	41.675869	41.190906	32.931382	41.275733	39.666793	38.693824	41.253559	37.124562	15.407202	35.724586	37.939522	27.733096	34.379752	32.035588	38.905563	40.276056	42.269244	32.532304	29.922463	36.562319	38.658112	33.232116	34.083996	40.859986	39.377925	40.493625	41.765655	39.505532	42.099890	32.855047	36.656462	40.626435	20.652334	41.349132
24.873840	38.948021	42.442284	30.663295	31.665553	10.926978	39.481458	40.013544	29.034088	39.796715	17.604839	39.019094	30.548147	41.133437	41.148279	41.528549	39.423358	38.799017	38.045545	23.147203	39.575506	41.889344	41.205923	31.867965	32.877405	26.900185	20.390277	36.671181	24.994329	28.962125	34.779479	42.301393	16.700430	31.612998	35.866909	41.109489	42.358117	35.231177	25.987779	33.407032	29.883370	12.114895	30.160043	39.323255	38.960454	38.812107	34.292350	33.553955	41.020710	33.465116	41.308643	37.505897	41.246858	36.985346	36.575677	22.240554	38.330889	31.040936	41.428226	32.972138	20.548997	20.468324	40.152379	21.674703	42.276357	42.163890	35.545453	32.434396	32.147040	13.626117	42.176763	29.714949	40.510146	16.853674	24.969029	32.739219	41.552311	0.000000	41.417704	40.678926	28.255073	21.939579	38.825670	20.798325	34.178701	37.250382	24.102976	29.220272	25.013905	36.275920	39.863892	37.503731	36.577453	37.904094	41.233336	29.677348	36.617406	39.504489	27.731847	27.384219	17.705181	38.606633	35.039736	21.281354	28.318667	39.142214	40.677166	37.941878	20.958848	30.597854	40.703922	27.436065	41.248123	17.853576	34.283686	22.552236	38.992714	30.604353	33.195244	28.629551	38.344742	32.834540	30.731478	37.944927	21.702747	35.587934	26.686616	25.533317	29.917184	35.324962	18.072296	25.817009	23.382897	38.231137	35.147503	42.350727	28.876560	31.700642	22.386604	29.824541	39.762106	41.830288	19.174113	30.628437	35.961733	37.251963	40.782125	39.084822	37.677277	12.964035	22.872555	38.310479
37.453394	40.263471	15.264385	40.624131	32.301848	42.186705	13.378286	42.462286	39.541638	33.710769	40.563133	20.887960	41.322470	14.989256	25.865436	32.980118	19.141903	22.373890	39.961056	39.335969	39.377029	27.353409	41.841416	36.067194	24.259467	19.195425	35.893243	20.442956	37.530828	41.445304	40.454958	32.739696	32.960903	42.232739	34.720560	41.944882	27.580142	39.339720	38.624869	40.769028	30.833280	23.674900	41.536796	41.769338	26.206628	26.383609	36.821021	27.865413	37.709653	41.227964	25.483637	24.637509	26.369127	26.347183	34.763782	41.193603	29.981261	31.194975	37.627408	24.078153	33.781638	25.558833	38.512149	39.976744	13.698860	29.129979	39.169916	36.666491	31.943657	41.072912	24.012812	41.989456	41.425583	38.400507	40.503514	41.798117	41.740211	39.365678	0.000000	42.361362	35.374092	38.017071	28.756008	40.280472	31.795821	29.926062	25.658620	33.419511	42.251237	32.793873	40.223417	33.283919	24.650996	42.047175	29.644280	21.665772	26.622090	41.341602	23.106713	15.383212	38.334159	41.323782	37.470017	23.154873	30.760631	40.598166	39.077222	42.084637	37.987944	40.883549	38.053672	38.923453	28.958758	25.967909	41.917112	39.150720	41.659121	32.033852	30.398457	33.089399	39.072925	41.229592	42.338150	38.312203	36.183405	38.114341	40.798831	31.948838	39.963818	38.475709	36.343951	41.993342	38.626852	31.501189	39.828302	33.659133	22.687676	40.923414	27.564824	21.667406	13.318098	15.860117	42.377345	40.697985	30.463926	38.926033	31.930343	37.382214	32.609135	41.673966	38.386702	39.317399
41.702992	38.490816	41.091583	21.155126	38.747336	21.759060	36.370647	21.724425	39.473900	41.010271	40.419334	36.897497	32.603623	37.053139	42.401387	34.186051	35.931957	18.828032	29.630602	38.543656	34.014330	42.020557	39.798265	35.376203	18.542313	25.182037	40.596868	21.295760	38.398487	40.115921	35.917896	23.990771	18.681764	30.275813	41.752791	36.963390	33.727139	17.469718	39.882871	26.867744	40.134722	39.063200	40.466724	33.097054	17.063528	38.479637	39.727301	23.658870	32.241337	31.220161	29.992960	41.964160	42.086923	37.079537	20.594623	36.929668	38.749640	25.330455	39.719805	42.414156	42.180257	24.075625	39.723576	28.292877	33.452019	25.300611	37.230653	40.024763	38.635427	24.817294	16.760858	33.048653	38.258655	37.398193	37.355179	42.246394	33.940305	31.182637	42.164764	0.000000	39.191571	39.291313	39.535336	36.173737	22.696208	41.890607	22.146860	27.659648	35.916688	42.434035	37.836277	35.389390	34.039644	42.034363	39.424903	27.742030	32.141536	38.719612	40.501318	41.513004	37.333664	36.939220	32.246067	39.521087	38.666944	41.535663	31.616998	39.658866	27.239348	20.469542	40.324249	35.367454	28.835047	28.262487	38.900668	39.475637	30.722454	40.586842	41.813650	36.493024	35.584166	40.816960	40.613862	42.064909	39.581233	34.148361	27.875620	20.060169	39.788998	21.236794	41.865102	41.063988	29.891066	42.166983	41.832489	22.228056	21.604562	32.004955	34.320097	40.223456	41.612485	38.509944	32.705259	23.506076	41.585267	33.918135	38.974042	29.313775	36.744534	41.705280	36.806023	38.298499
40.417185	24.949604	24.257505	41.788649	39.266438	30.104709	24.787277	16.200645	42.090996	38.419877	34.880417	21.569896	38.959146	23.884269	39.191191	35.045813	34.065176	40.699993	15.064603	36.107916	35.792928	42.221946	27.783706	31.510501	29.671070	28.793159	36.027014	35.691953	33.635396	38.349910	42.388485	42.153243	21.100432	23.574604	33.906969	28.536652	24.982366	42.477805	41.291474	29.198806	26.240519	30.904220	33.245908	18.119943	16.217975	10.781639	29.478436	24.640928	41.107136	34.495507	31.490755	37.212789	34.352450	35.962748	31.464834	40.904488	42.437749	16.289797	29.772728	23.219234	37.095533	26.719944	42.087519	36.980865	41.960599	41.486206	42.467014	23.512492	23.997903	10.437281	35.943721	42.012384	36.683133	15.670740	41.950837	40.271889	20.721360	40.024192	41.841989	38.471953	0.000000	38.608935	29.147659	15.244808	41.738665	22.324458	32.568285	41.238888	39.856372	24.860920	39.507609	24.952173	32.160376	24.397673	39.690410	41.652000	38.066230	42.436375	41.347230	37.818037	41.463407	38.091422	36.629220	32.715928	24.040117	38.070744	42.289956	18.689451	40.715640	38.781658	40.459903	38.188788	32.092688	41.674902	30.641661	37.821027	38.497386	39.026379	38.503852	24.977894	39.958485	20.570151	30.198115	33.110383	21.099635	41.697542	42.095405	40.826923	36.184500	30.021984	17.786889	31.940573	41.769645	41.354877	15.113790	40.472816	35.514664	32.945590	35.969220	21.459387	33.917771	18.055342	26.681740	19.452476	33.714336	40.846727	39.806621	20.786201	36.467870	30.251596	40.265298	32.642344
33.005968	41.601135	35.430707	35.428054	39.236615	37.843487	37.823289	37.842902	42.167333	30.610435	42.415118	29.762943	29.825720	42.465467	39.206427	36.159408	37.807143	31.264872	40.757621	14.435047	14.263345	29.816997	28.776933	35.242379	40.334779	13.314954	41.846013	25.178246	40.172524	31.004743	25.302771	42.267274	32.897353	41.508919	42.443503	40.964135	35.624117	39.807437	25.491908	40.819160	39.331644	40.881619	34.773137	22.258663	35.683436	37.443750	26.469526	26.850567	41.830785	41.431086	41.952893	17.241658	38.154582	23.966079	37.286896	30.695074	41.096026	39.092829	37.152168	35.125372	31.021489	38.998173	18.286094	41.312337	38.315506	38.925593	39.961868	36.371170	39.626492	41.159636	41.658441	40.990518	33.202562	27.360345	36.126678	37.388264	42.190224	31.642878	40.023376	39.752004	40.388143	0.000000	15.988199	31.738853	42.146369	32.318022	33.146349	40.260227	33.195443	42.342826	25.233604	37.356372	40.586216	30.140357	41.505873	24.324076	13.019337	41.453424	39.375474	41.255493	23.199069	15.095557	23.223907	32.435506	16.108306	37.566030	39.944825	39.645370	20.158657	17.500665	35.830293	38.498405	37.604920	13.893608	38.519881	16.228853	42.387160	36.650543	26.792186	37.751355	38.735822	27.603020	38.209807	41.079441	42.254356	30.439621	40.809328	32.913401	39.798583	24.342023	32.837835	22.636099	41.138574	33.961543	42.069481	41.884964	30.307197	39.743193	30.175456	42.047462	41.988670	40.462924	33.433924	41.061821	16.658661	30.996306	39.396236	41.197328	31.471071	42.079799	35.140058	18.933214
37.203824	29.365126	22.557287	39.505701	36.004922	41.201843	20.527973	37.268478	35.340030	39.561848	40.484061	28.970001	24.234702	39.212823	37.319663	35.754344	39.703764	23.258369	28.486393	19.408390	37.840511	30.020840	41.436783	41.880970	34.024804	25.140610	40.052139	24.630454	8.806902	41.479551	34.394723	32.742851	39.476352	20.872471	34.353358	16.049387	33.068483	32.907934	41.918358	38.053185	42.099168	34.897877	34.683743	11.157865	41.528104	39.318030	39.475574	25.073350	23.890099	42.336504	29.542915	38.818184	38.585874	25.394185	34.527361	29.088890	42.387307	42.474333	23.406006	35.325212	21.301813	41.378721	25.526501	37.653507	34.361519	39.780089	34.193250	40.944063	39.065523	27.169262	36.815362	37.810953	28.755852	41.477918	39.016352	41.714754	33.982805	31.853972	38.284678	41.151777	41.713274	41.219621	0.000000	33.050801	16.415766	41.339753	41.714954	21.211573	42.219352	41.356041	32.226955	41.118488	24.983551	42.375691	28.248578	37.013961	40.509271	38.339933	30.250263	28.869610	34.511151	39.832636	42.140851	29.110407	40.035237	42.487797	35.057699	42.093232	31.635149	23.192833	20.523990	33.892768	39.836628	42.362681	25.595340	37.726106	23.061587	31.073372	29.148732	31.440055	32.460962	42.127352	36.088852	39.622144	15.846223	37.656772	30.748641	39.416857	34.436483	35.096160	34.738386	42.135677	28.594258	27.913030	40.691186	40.341983	40.591908	27.314252	27.520016	33.747985	21.050119	41.401515	29.545848	39.744612	35.536968	35.116027	34.471708	19.368303	42.239117	38.508452	27.781967	38.080093
37.695080	24.258169	22.807786	34.096098	38.618270	26.714293	34.642136	38.739496	29.260661	34.091786	26.220765	41.563301	17.980797	39.674306	26.985812	36.165813	37.859451	26.853739	41.140084	35.736890	26.271741	40.555305	27.363269	40.332409	14.683402	38.664327	39.895308	39.463001	35.450435	29.157547	29.536641	35.389377	33.580367	37.707289	42.485132	40.417206	38.675425	33.245238	38.743842	40.015743	41.105910	42.481167	42.379408	36.733094	40.232248	34.763822	12.251201	29.879985	36.246571	22.506444	24.288671	37.869257	42.356827	41.905828	20.285797	37.723277	42.135278	23.838034	41.720584	31.628045	40.105088	41.050963	37.385560	20.123526	35.599565	36.523896	39.326242	29.705022	40.141505	14.937189	38.715685	35.549416	34.076146	40.713597	41.075799	22.647512	29.908935	32.941395	36.587555	36.317777	36.047211	39.699065	41.544101	0.000000	38.845579	36.242448	38.756264	39.220368	41.333818	39.939114	22.193882	38.856942	31.459629	38.876839	26.965898	23.971857	33.685411	33.722876	41.003054	41.088046	27.586293	25.275257	30.647499	39.657857	34.425234	38.114156	23.760555	33.992589	34.992167	37.542081	33.071901	42.440371	42.288135	39.700790	38.919035	40.909884	34.099265	29.807797	14.421404	42.254915	22.168384	26.798029	39.689376	39.040926	29.157465	39.230649	21.774555	36.657103	29.653095	31.835916	37.048049	40.740808	39.219933	35.337993	32.948121	34.547426	41.812782	42.416665	33.883480	39.165397	32.145428	31.981593	29.640003	18.681436	36.962008	37.442816	41.926935	34.298459	41.230690	25.558628	42.319136	37.341968
38.816736	40.853522	40.653511	31.582980	33.377177	30.135999	35.356707	12.285056	17.494973	41.674936	24.109139	19.412444	17.211559	28.037494	28.086956	22.581397	31.917677	26.508922	14.782354	32.071007	40.109719	22.446948	28.116982	40.572200	42.283800	15.929794	27.124516	36.875152	39.740430	42.442951	37.825183	38.086937	39.958890	41.238119	35.161387	32.172108	38.373555	41.039662	37.658486	40.376596	29.261176	39.647381	42.315868	42.414090	24.565926	41.983298	32.046106	32.456509	35.296418	25.280520	37.701710	29.045035	38.638534	33.640559	34.864012	35.864782	26.164586	33.123196	41.240163	37.235715	19.819594	39.609761	16.552067	41.868321	40.419546	40.651988	32.727008	39.146487	22.361078	24.585480	37.453330	38.687603	37.623340	33.518700	42.486662	27.962189	27.700475	39.965975	13.588845	36.731556	40.754836	22.805345	39.327182	32.606274	0.000000	34.624336	41.661584	39.022450	40.781849	17.645610	37.303809	37.478580	40.356338	28.921324	40.763435	38.357094	42.442046	40.480186	42.362087	21.043277	30.618046	39.550230	21.522407	30.109631	41.071931	27.955603	41.863888	41.554497	41.639438	33.357669	11.317616	39.264006	41.357487	29.930580	34.828413	28.946900	39.655707	31.987091	37.832766	34.926429	42.443013	40.039057	37.983067	37.536377	42.139824	41.647773	39.629119	22.742787	40.523591	42.373874	41.046609	38.070305	31.786587	27.857121	37.232097	34.816446	10.099565	33.004122	15.399918	38.955208	39.598998	39.376912	42.442667	22.246724	31.485733	33.538380	24.161152	32.215271	27.364501	39.331585	34.276837	42.130855
38.997906	37.207702	42.216475	38.951952	41.490355	35.287505	10.054150	25.398251	38.271129	41.913303	25.891451	39.875461	39.185867	26.132606	26.657122	37.545742	34.020643	40.581073	40.198530	11.269096	34.548466	19.587021	16.845428	37.530911	38.087476	41.151453	41.542139	41.872346	34.600083	36.384225	38.391239	41.761830	35.213486	42.127722	40.329578	35.738506	24.092800	23.981971	42.088319	13.982772	41.071446	28.448223	15.558433	30.369256	26.431571	40.035745	40.639757	42.484727	34.208826	27.989242	38.750653	41.819221	39.182877	39.223717	34.626546	41.912645	40.839878	41.488403	36.812213	39.440843	13.969355	40.685000	29.130262	41.226941	32.533322	36.584852	41.785829	42.473487	30.235252	36.294951	30.095201	41.559373	39.738567	42.444736	35.923352	32.620865	22.544393	38.592287	38.383783	42.481667	22.851896	32.274141	26.871452	41.726101	38.610244	0.000000	41.654552	41.416555	29.979252	32.658978	41.885396	30.913227	30.687999	23.463739	31.559554	29.723327	22.347000	40.211099	24.947995	29.559566	29.956657	39.881173	28.834994	20.127745	18.456504	34.731770	40.472297	38.807035	42.437255	39.293798	30.974501	13.168901	41.022908	14.597259	39.102565	39.694937	34.492610	33.576564	22.378448	42.140584	41.270600	40.442386	24.365886	30.817308	39.515328	37.431188	24.062694	32.564759	41.917527	31.803550	41.184301	38.209574	24.282870	39.232945	40.646946	37.544049	42.160087	37.524725	29.848391	33.300049	38.865927	41.430558	41.947349	23.046134	37.799024	29.996205	41.468896	33.948084	28.206129	28.555012	29.466733	40.064898
34.863103	38.858109	31.438860	24.065087	40.634727	36.766272	34.348560	38.502059	36.088587	24.345314	41.051250	29.266164	25.112356	20.126628	27.868134	21.760453	42.464139	38.656169	26.095451	28.362150	40.440699	37.899188	37.510386	24.558143	36.968473	33.999991	36.429033	42.208237	23.987922	21.532632	10.871507	28.375972	25.032911	25.774840	33.814375	40.673961	26.549246	41.060578	37.382662	34.420242	25.720078	20.407188	41.831504	36.359516	33.607930	30.114844	30.843986	35.257754	40.184970	32.109464	32.534631	42.056289	36.918177	35.290047	38.319548	41.118561	31.439292	23.202541	36.486133	39.604163	35.485413	35.174736	25.060090	39.479993	31.057031	27.091838	37.463846	40.422712	37.642665	31.495735	41.838246	31.312327	39.370437	41.993620	40.787692	35.093444	41.014293	38.053748	23.066160	40.388800	36.686702	40.959490	38.859636	32.366669	33.876346	37.363859	0.000000	30.840784	42.423782	41.934634	38.000775	25.383500	40.143744	20.102342	37.596833	40.636110	28.980251	24.225002	23.319898	41.160719	38.068591	27.821875	41.698212	38.761388	29.930612	42.462060	40.904069	41.103512	38.424711	28.729808	34.437254	40.941748	21.931651	41.613571	32.296711	41.406950	41.413023	36.520935	13.379187	38.018842	42.181126	35.004119	41.012102	41.309082	23.215571	24.013145	37.401461	38.810018	37.865677	35.632486	37.608133	10.302414	18.163103	33.845067	21.013708	31.997186	36.223288	38.914831	40.222329	34.908749	26.879231	40.766903	15.616600	32.536870	39.105579	40.233953	37.272181	25.130713	40.609606	39.472391	34.797442	34.765719
42.127079	35.110146	40.543748	27.302988	41.519308	42.285150	32.986406	42.460347	42.079996	26.271558	40.148919	36.579748	39.523838	15.545571	17.526845	27.436827	37.871460	29.781582	42.305870	36.751115	29.619341	27.647309	38.306891	38.670708	24.797053	40.763161	28.747076	41.804886	40.995048	23.474718	40.101079	33.346987	42.085586	33.733868	25.281443	38.105570	31.650295	40.249159	41.191692	37.816407	33.263888	27.577096	35.647847	34.067952	33.915098	42.258771	41.212722	24.444530	34.632038	40.862061	36.569375	42.278990	42.306533	38.954981	31.872374	20.934841	29.165581	41.563904	29.619837	23.625088	26.274766	39.146238	34.390214	21.763477	18.705558	39.768401	36.342733	18.281329	30.609023	32.495274	25.931306	36.383066	24.801432	18.542944	28.493803	40.701420	42.188474	32.626316	11.075045	36.555554	39.410303	31.304714	23.440601	41.471107	29.684360	39.055949	17.168561	0.000000	40.960878	16.022800	42.312129	35.042222	41.701552	41.747858	31.770522	32.331322	41.555596	39.203658	13.882191	32.520201	25.515374	37.788172	31.510103	38.213889	40.077065	40.670732	37.129146	42.300886	39.582477	30.541859	40.480795	42.402713	41.485143	22.422676	24.445663	30.372445	40.263405	38.049650	34.558491	41.738809	36.973104	40.854386	39.631863	42.062292	19.267505	28.221167	40.806510	39.260304	16.417383	35.959677	35.452996	38.570688	42.473098	41.006525	29.153191	40.965427	42.458569	28.259564	24.695290	41.729558	38.307772	25.750653	39.402274	29.246700	14.387167	19.801405	26.568520	41.678278	38.114933	37.553937	13.095288	29.037913
32.077571	39.500478	21.092186	32.656713	38.965537	27.887160	35.148787	36.084713	41.226679	38.143647	40.577738	22.435536	32.007590	41.787285	41.490807	18.290238	38.772241	37.766631	23.635935	31.547902	34.231972	26.290416	39.763009	39.720836	38.568424	33.278876	26.062781	39.187365	33.251269	40.040686	25.668746	23.256097	32.271727	27.966340	42.452488	20.697515	26.766464	12.370067	27.852503	37.526038	41.790544	31.689148	40.006934	34.321272	34.549311	25.349472	31.070698	32.330305	33.524757	40.136500	27.751943	36.694050	36.302918	38.386518	41.998478	34.187347	40.518415	41.495727	40.497053	42.011383	36.662215	42.380469	41.845439	39.707473	38.475199	40.142015	40.758424	37.677532	38.923936	35.227325	15.687965	39.201478	42.330987	24.695757	14.195408	41.790472	27.358470	35.379530	36.954649	28.257623	41.733341	36.200254	36.198421	32.040084	21.504370	32.176191	23.454938	39.492300	0.000000	22.873420	34.368939	41.925728	31.891690	20.894186	42.188882	22.384144	31.355207	40.630754	37.696051	39.171577	17.588571	40.132245	39.185515	38.386554	37.177669	34.987850	37.044912	12.194234	34.963513	37.215054	33.449328	39.431926	25.198211	29.146517	39.979009	40.206988	40.893686	40.084581	39.243317	28.706758	39.188366	24.827230	29.856836	42.286781	40.696617	36.565948	14.964644	23.050181	38.211015	17.739508	31.758632	42.004897	26.199447	35.348891	37.761018	38.787187	24.125169	40.923265	41.262837	36.483103	38.816746	42.092429	33.417067	23.066183	29.843765	33.680231	38.156582	19.824283	18.608000	42.413846	35.353716	32.859489
41.078029	21.629691	41.045041	25.825237	39.690112	32.183420	39.265195	42.466616	26.710745	37.809990	41.598223	42.229124	29.514835	41.105633	39.765362	34.130862	37.350843	38.546454	39.588688	41.148856	25.669670	42.224461	38.925579	18.314731	40.706599	34.885250	40.537991	39.917043	30.381433	38.217555	17.394411	36.616492	32.581239	41.171580	42.233548	28.611622	42.489984	20.675808	41.143795	29.401641	38.143667	37.893978	34.402218	39.127473	23.231957	41.710640	30.066204	34.115371	42.338506	38.773535	29.724258	38.283667	38.449678	27.412141	24.528791	33.800763	27.756750	41.022082	42.067764	23.424295	40.495980	38.426680	39.417202	15.823136	21.187814	28.954326	37.647140	37.480035	33.415192	41.144700	28.610631	23.733307	41.951794	35.907751	36.406712	42.229706	42.248799	40.997561	39.401875	31.468861	37.484211	27.783113	42.462859	31.567304	33.723588	37.891339	38.581282	33.710848	31.892610	0.000000	27.145112	14.193541	39.163748	35.735322	37.127142	40.069084	26.222616	40.039464	20.417184	35.346805	37.709811	24.659531	16.287589	40.139942	23.210547	36.023667	13.362949	35.862304	38.403890	41.879249	40.410607	41.632319	42.057754	31.261269	37.552375	11.792398	34.192403	26.505693	24.164399	31.152524	31.935649	41.399399	24.798111	40.617332	41.475299	32.931507	29.319103	38.540937	23.052201	36.291595	32.996427	31.407074	13.486945	37.197774	39.860155	17.409032	41.237640	27.396185	30.413375	42.168240	21.549491	38.502827	36.742067	37.433713	28.982324	33.567072	20.662601	39.788743	41.005814	38.422404	41.799763	37.573106
26.823426	20.779663	37.097573	38.892730	41.901275	23.968638	40.817206	22.931943	42.028764	37.266639	39.940903	42.255899	38.833932	39.582871	32.426348	35.672040	16.061119	34.965687	38.474092	33.558974	25.321356	31.977937	32.315445	35.562053	42.173093	14.954869	23.897732	38.876021	41.232910	26.699997	32.271990	38.979380	40.370854	25.384809	39.411689	41.302803	41.766747	30.971142	26.668692	34.458499	30.407030	27.451210	29.006302	24.064957	33.243132	33.156713	41.808318	29.491510	34.532501	23.582820	16.035697	23.478636	30.365923	39.487007	28.277762	35.096291	21.858938	28.826510	40.332768	32.900455	41.941074	35.330044	36.999818	41.466652	19.328303	34.198457	34.648311	33.036066	34.850263	41.426987	21.073863	38.543483	42.485855	37.684310	29.865037	22.680787	40.512030	33.960550	27.562813	41.148493	40.654730	22.033532	36.598976	10.317879	39.721633	40.386789	17.812715	26.426619	32.677172	41.777376	0.000000	42.323276	41.161019	37.571890	21.424263	37.160285	42.206226	40.674198	38.428256	35.771540	31.273824	32.697020	41.984052	37.172823	18.123068	27.139268	37.257036	27.448969	42.343027	42.412441	42.073495	29.380916	40.163143	14.036918	29.599101	36.230630	39.685708	39.386753	26.709524	41.632173	24.913988	32.461683	29.956805	37.231435	38.763282	35.212984	37.818978	37.751076	32.745021	19.347789	22.777826	22.662925	42.484104	38.271696	41.227769	42.314027	36.569549	28.284412	38.906897	30.522370	40.486316	31.719624	40.303540	38.916272	31.223483	42.431894	27.360686	34.610129	36.157435	26.777320	18.966905	33.066188
33.889357	39.325632	24.407284	24.624932	42.139558	36.933943	41.274618	41.903900	36.382980	37.138014	32.275597	38.538801	33.342535	32.444679	33.188591	36.263335	41.540492	36.836804	39.526625	39.845702	25.301610	41.644555	42.477638	40.970611	41.214814	38.911810	41.444138	35.986095	42.408769	42.033412	29.343007	38.982482	19.972130	31.315845	24.719156	41.048914	37.403281	28.801181	24.800607	32.167052	27.794893	18.828035	14.956887	22.760655	16.813910	23.327668	33.456266	30.177400	15.013858	26.160234	13.414945	39.690497	41.427921	23.156668	32.472284	33.809499	16.384941	35.375316	42.338454	31.030084	42.260298	31.856975	41.504871	42.484653	39.228662	41.708699	41.690615	35.945609	40.053992	35.199485	25.937073	15.782427	33.670889	34.529932	19.074921	40.641820	39.650555	37.945185	41.046886	30.954271	28.148424	42.390800	36.751629	38.658651	15.904189	41.018830	22.823850	40.369451	37.696017	40.637977	40.998824	0.000000	37.665704	41.946366	40.803978	41.699716	36.403182	41.576307	22.249461	31.645953	33.185976	27.227282	29.026993	30.365075	37.499992	42.298625	15.466176	39.490752	36.408473	42.488010	42.141834	24.498752	30.160493	16.646275	42.059921	39.160349	38.241962	41.713755	40.077793	38.649445	16.383749	33.663376	34.526927	27.832651	35.905998	29.924275	21.961782	20.689513	29.434675	38.448968	42.161689	36.844141	41.579335	39.956938	21.157373	29.451380	29.278244	31.699726	36.778736	40.728510	39.250585	24.111458	27.017728	37.409311	32.970178	41.771232	23.787308	42.464324	23.260446	24.650515	32.439580	39.890148
21.171302	29.462735	36.491864	22.464569	37.699093	42.353044	37.629309	36.493253	41.458059	37.376328	33.539662	41.877700	27.769292	34.760537	35.922443	35.567110	32.462969	35.209711	28.539125	37.782877	36.137706	35.813955	26.906347	13.642755	38.043314	41.111681	36.816834	41.514467	40.962966	39.055855	37.529724	37.209288	30.150352	18.315723	10.438314	38.301723	40.285057	39.558024	9.553444	42.296303	38.021995	24.307319	29.383923	29.916068	21.478887	32.255784	27.299744	32.608018	42.244936	38.776514	25.579646	39.735655	40.409395	42.392268	32.358270	41.432877	37.272104	38.138802	40.976357	41.414615	27.207179	37.156052	34.244653	42.413668	42.211480	38.314569	42.010334	41.112156	41.267115	33.555188	41.662620	38.022681	38.792229	41.818912	42.464013	37.423204	19.041755	41.853056	28.848894	32.838184	24.584212	31.372152	25.339309	34.931490	35.694205	25.727678	29.164541	41.023605	41.692878	23.701545	29.952870	25.705504	0.000000	38.555545	41.442014	18.292020	11.395426	25.420136	41.399001	40.813631	41.547192	22.590823	27.510604	18.645457	38.233425	26.421236	34.932064	17.495643	40.524003	37.890771	42.086175	31.998828	36.204032	38.906932	41.805559	39.855436	25.367494	34.209581	39.818439	37.228367	28.751120	33.653260	41.721545	41.276556	38.102141	36.137730	41.734284	37.069213	27.749682	37.625463	29.327032	42.261173	24.434170	24.120621	14.923956	35.581818	32.202194	41.112127	37.486834	35.282200	13.766351	37.734039	24.224860	38.439776	25.437128	39.672741	31.569116	36.665267	24.426935	31.524117	41.267780	38.858502
31.617839	11.406893	23.466546	34.351368	40.801293	34.201238	15.365381	39.413439	34.295490	41.355224	41.998880	40.873919	15.410246	41.843408	41.104710	37.483033	26.186053	36.187216	26.320870	35.892072	15.749767	34.823359	22.655491	20.234201	41.108352	41.768767	36.235898	36.370376	41.395417	25.521665	42.445043	42.489684	25.186759	21.007801	35.738481	30.406742	42.469026	17.051453	36.524297	24.332092	36.998239	42.487658	28.114581	31.777062	41.212094	37.067036	14.219327	31.237688	20.801737	36.411574	31.295590	39.512489	31.757955	32.571670	28.291044	40.998378	34.264023	41.083832	30.506725	38.851447	38.731055	25.911328	28.981513	41.833234	41.914233	16.634999	33.401464	39.288647	34.616020	40.440381	37.148933	11.859868	37.020871	40.081544	37.668000	29.169926	39.930829	36.845568	33.610174	36.150477	33.763440	42.156297	27.866270	29.735081	37.654276	22.556688	35.081420	30.378590	10.612225	34.666155	37.530713	35.778874	30.696585	0.000000	23.416449	33.845865	35.524504	35.728640	32.824286	40.048731	39.529529	34.660929	40.431960	27.817200	22.407997	12.018355	37.468848	42.018717	19.745924	35.678904	33.962895	33.184270	19.360973	36.215151	32.598514	38.585106	14.326834	38.668466	40.153345	36.006683	21.093745	13.100429	36.583812	19.649643	42.150900	40.641653	21.426909	34.913927	24.012357	31.188012	40.176616	32.814091	20.295431	42.355732	40.997028	36.525208	41.675090	14.158159	27.396573	31.228815	37.732110	35.815044	42.474895	26.996788	33.668954	24.620782	36.318216	27.625354	33.495019	18.771018	22.557308	36.071738
42.049368	35.885226	31.579922	35.247710	36.207143	35.130094	33.519951	39.987000	39.844292	25.116794	12.145758	42.462372	12.221561	32.171188	40.310337	42.117542	32.597043	37.519858	40.817550	26.026473	36.750983	20.489522	41.979246	33.771308	42.256229	36.462349	22.945302	29.590918	36.399289	21.585253	38.510676	37.623921	23.548215	24.898235	12.034318	36.786558	37.082373	41.875172	22.384985	33.967143	37.690647	15.741246	37.211641	22.720926	28.084764	30.383530	42.345945	38.944385	27.469666	39.085535	11.508302	33.177547	25.086665	22.324416	40.894942	40.047188	28.044648	34.317230	27.648199	41.536088	13.426171	22.594989	28.306652	26.881246	30.850374	33.034554	36.735411	38.350555	34.117448	29.951066	40.483411	42.087546	23.824126	30.679975	40.936708	40.519101	40.589810	25.692313	41.959899	39.071810	40.792204	26.944810	38.783732	38.927043	41.946792	32.540959	39.265526	42.419705	35.923585	32.689431	42.358964	39.356039	32.215027	36.019552	0.000000	26.089273	16.166110	39.185258	38.473963	41.197170	37.400126	42.361372	30.060046	33.995898	36.460754	22.182899	27.818222	20.417185	38.416938	17.499932	28.711882	21.995250	30.072856	26.859533	42.436134	11.942885	38.806575	11.421035	38.087621	36.818444	41.198967	41.158901	37.343176	22.323577	41.730309	36.365442	26.698975	41.442196	37.764688	26.918147	35.118827	34.176382	39.805608	37.884635	37.836129	41.886863	39.498886	33.256819	24.950123	30.502415	33.870496	40.862533	36.551756	42.306684	19.122916	40.390637	20.932787	41.981434	41.404165	39.205307	39.099886	40.644512
37.940103	31.787864	40.305188	35.792691	34.346632	39.889006	36.491162	41.113018	38.676610	35.382895	37.284870	18.744211	40.370266	39.890072	29.765815	41.216549	42.071201	36.326658	37.480462	19.472425	30.992887	31.106431	34.692463	39.965937	37.515124	13.435913	35.563262	16.329650	42.403978	39.103596	39.374518	34.645749	37.779986	38.609650	39.945954	37.782594	40.937198	18.682255	42.104685	33.143902	34.722615	41.306091	38.940652	11.320365	40.048850	42.405604	30.335597	41.653525	38.494981	40.106728	14.577220	30.799160	32.131418	42.285608	32.727944	23.595259	30.334518	36.070845	39.999946	42.189638	39.471454	41.229866	30.350084	41.349250	22.504839	37.224939	25.700295	33.545448	30.025648	35.160533	25.270870	35.488232	35.725783	37.638488	41.349804	37.021507	42.460222	21.515921	26.779780	33.517557	40.092416	26.684049	31.848405	30.624491	27.557718	33.657890	35.009661	36.627713	41.592798	31.593662	42.200403	31.060030	36.114594	41.458473	33.498390	0.000000	29.122998	42.277566	38.836993	40.439236	24.309329	31.279073	42.216251	42.311810	26.524026	23.132235	30.946244	41.624800	42.161752	37.834014	37.082541	36.178151	17.109231	35.788693	27.783728	29.755576	41.709750	35.210394	40.628023	40.576130	41.276321	27.363387	35.374560	38.640266	38.545072	35.367606	34.791541	28.149642	33.320443	20.169336	41.864295	41.586366	28.928767	39.650623	41.178859	42.236665	41.329197	42.279636	20.580801	22.885211	25.063627	25.118833	37.840683	42.454029	37.379887	41.566618	25.062932	38.047300	22.386753	37.704487	25.050784	41.867033
41.639403	41.886171	28.675534	40.041211	37.033599	29.923245	17.936883	32.326759	17.036655	33.519015	37.766602	31.344153	28.628780	28.531395	40.872725	34.588944	42.006852	35.998076	34.020587	39.847136	24.563589	31.641930	39.203352	42.324032	41.234152	27.893023	40.393042	23.115040	28.277303	32.103194	38.689471	29.237306	24.604789	31.598795	13.215082	41.260758	41.375948	32.834463	35.957844	27.293398	37.629052	39.394302	37.208967	30.344542	37.181572	25.247655	42.339376	42.469548	36.905671	32.265631	22.399205	41.977217	41.200767	35.370247	32.240027	40.873985	31.567781	40.849831	38.687573	20.156266	35.987292	41.083926	37.931267	32.735192	33.180101	39.458105	41.730520	19.045820	41.292036	34.704303	39.452945	41.348708	41.718236	35.563236	29.968824	41.317119	34.892350	38.531891	41.944938	40.832146	38.954977	40.766704	25.129036	41.607617	30.946215	41.435610	38.516840	30.201391	36.916335	18.293402	35.826312	39.798328	14.552495	36.988983	38.393270	31.580759	0.000000	33.454020	24.967678	24.034032	34.634251	42.360159	24.265575	37.439932	40.114310	13.303195	42.112813	42.417801	36.845423	38.165183	34.278989	41.882054	29.715447	21.717597	41.604022	38.427762	42.146829	41.294978	42.381072	40.700898	31.250272	32.286211	12.157645	22.150583	41.182040	23.246312	42.093190	27.515595	33.387322	38.277744	38.820366	24.766506	41.948587	41.668865	21.391310	41.068101	40.293980	17.860908	42.112179	32.326368	41.580873	42.265099	23.134245	28.016770	38.124884	38.362093	23.258367	42.397768	38.752702	41.993366	38.091818	20.567706
21.478782	41.363777	35.718604	38.357043	38.220379	39.612477	19.115122	35.588037	13.371849	40.679313	38.724927	29.892312	38.236812	39.543154	29.192051	34.003149	10.896563	38.586563	40.079974	39.085737	37.540376	16.527832	31.364653	30.114103	35.146647	41.529318	41.521604	27.732149	38.961454	40.509698	36.937063	41.907309	22.512422	42.071955	34.394626	42.352974	27.304935	39.728369	39.119690	33.162675	38.448231	26.803217	38.340919	41.302485	39.922603	40.015281	40.097085	33.626425	35.686024	35.616430	35.375606	33.572061	42.305873	37.277548	40.044931	40.411278	41.556982	37.110228	27.692145	38.883126	31.394982	39.177040	27.899980	41.543473	36.999800	39.909214	21.397103	16.355458	35.184879	35.073283	41.089425	14.049872	39.249468	24.731699	26.205399	38.560142	27.889787	37.196945	18.547229	41.607545	40.397702	14.537349	15.949389	39.093442	36.094779	37.382721	40.651239	34.019424	32.220953	39.318601	33.037321	41.624275	36.395680	32.280175	40.331764	28.955098	38.759264	0.000000	42.418250	32.502825	42.275620	32.537826	33.176337	32.618207	41.901414	33.036556	26.713313	25.524526	36.095083	40.318198	36.077608	41.350212	37.414944	40.278513	36.705394	34.440360	39.709611	41.301917	19.865523	28.168117	14.088207	34.947421	36.122440	33.476807	33.381513	40.244201	41.444045	36.731124	28.508351	20.471132	33.838246	39.636557	37.974071	25.380414	39.386601	40.778591	40.369312	36.548895	20.947706	39.137909	35.447212	22.157146	31.221195	40.905020	41.577044	36.264198	38.336710	32.944687	42.120630	34.979215	42.455179	22.332617
39.927461	29.064258	40.169318	27.158345	40.882541	36.284262	29.773526	33.061292	36.393160	39.894138	29.417798	36.044872	41.324813	19.621461	42.029135	42.399984	42.459265	36.402149	40.279846	15.312733	38.620908	36.800493	37.987864	37.335222	27.489433	40.724041	20.749380	33.206847	41.555828	41.499264	29.855055	28.312963	36.926153	41.384711	42.189543	41.401525	17.966216	32.361062	40.150103	36.995798	29.578120	26.231570	41.906351	21.118371	25.098485	42.489695	37.994989	34.689821	38.443036	37.855556	40.747905	38.851238	15.602564	32.358523	40.607679	12.427781	40.650174	36.833043	26.518549	42.034954	41.788996	34.853177	39.739935	41.019584	41.830927	28.306384	40.239728	37.510334	39.863012	17.166054	41.362391	38.889423	37.661892	38.412357	42.420960	40.053413	37.165478	41.771357	26.617544	41.224535	27.717415	41.700482	31.419560	31.341727	28.787440	39.245378	29.703018	36.386997	20.492277	29.656775	40.374805	39.296273	39.851171	35.397170	41.918116	35.783344	36.839897	22.863716	0.000000	39.817348	40.978902	39.411736	11.324074	40.462261	31.897819	39.258575	23.999493	28.902573	42.293562	39.655213	39.125193	40.446854	28.430219	36.091610	32.545728	28.796416	26.406409	34.329870	40.048854	35.017929	31.903021	35.125531	38.490463	32.419606	40.130898	40.956230	41.443223	41.959851	24.713101	39.015175	38.214462	14.516434	41.789641	39.953423	38.406954	36.450568	36.395976	38.443908	39.229435	39.575632	42.113220	37.729545	22.121917	15.834203	40.172083	23.172288	28.178413	24.069351	23.594969	39.882652	41.635639	33.957273
42.180002	40.850554	33.550545	42.218543	17.240958	36.216769	38.642918	36.660523	39.531286	41.583300	40.082748	33.233287	32.814637	42.298629	37.019738	35.812780	32.282638	24.790122	42.456064	39.292275	41.533007	39.416561	30.204426	19.814060	32.585011	25.705579	41.489838	33.377531	32.303883	42.470389	41.616632	28.493415	37.846126	36.517789	33.442156	30.646614	39.925440	11.020854	36.934090	40.002258	40.578067	23.608848	29.257108	32.985920	42.124590	38.166698	37.591343	27.498914	30.537931	39.599069	38.353475	33.273189	23.032856	24.485375	22.181906	41.077229	24.802492	13.971402	23.719891	40.183193	38.003405	31.031128	20.791229	25.450665	41.125825	23.758675	22.847804	37.562924	13.957583	31.911309	25.576604	23.093144	35.620562	36.990609	28.584180	38.990845	37.706982	27.540982	35.755314	36.575085	29.123137	39.003611	41.589193	41.065746	40.762946	41.605254	33.474475	40.159558	40.069363	37.612764	36.433058	31.453861	34.613962	34.053484	34.489906	20.012541	41.697308	34.360225	42.376620	0.000000	29.939995	37.767442	24.461137	34.321552	35.148061	42.047173	31.521617	24.406142	39.299399	21.656883	41.517654	40.671092	41.634889	38.201284	21.992856	41.219881	33.297103	38.770932	21.854129	16.364571	30.547104	33.256947	36.504103	37.991543	34.138098	20.308157	42.362000	21.081887	42.303356	35.746554	40.186771	18.884569	18.278246	40.862163	39.048192	28.914674	32.032339	37.267027	42.379077	26.592924	39.669854	30.317208	40.005661	10.630213	34.764716	22.296273	29.354719	39.019567	20.069873	35.090470	40.889324	42.108235
33.266929	35.392589	18.361912	29.816311	40.372519	35.228265	26.817862	33.079867	42.378452	38.993166	39.749377	34.434705	38.686424	35.826652	40.145196	24.434893	37.540720	39.775891	41.371278	38.974688	40.200413	36.988740	35.423984	28.670785	39.953249	41.094387	33.883450	42.220193	40.138120	13.534146	39.232565	28.695854	38.888911	38.209332	36.888016	39.729564	32.876415	24.161424	42.393750	37.545885	27.754129	32.325494	34.522359	42.112672	22.090044	41.724690	41.946790	30.807613	27.957196	33.298314	32.625000	41.209488	32.147481	20.503507	41.952402	28.380759	39.032753	38.307561	29.333320	42.378726	21.267448	36.685017	36.896947	40.325252	19.250580	30.389587	30.979241	42.461775	33.105620	30.682040	34.645892	26.647756	35.018547	25.568190	34.849159	25.272400	31.525780	36.867305	29.896591	32.421314	42.357672	32.954738	38.034061	37.295288	34.629126	35.575072	29.996643	36.087835	37.050901	42.405264	41.724851	41.772756	37.091288	34.305937	27.160226	36.174381	30.135306	25.508269	37.667315	34.298613	0.000000	41.578738	25.325768	41.035864	28.575708	23.424522	41.511064	34.232312	34.886299	18.088372	39.822072	27.620946	31.257734	25.060972	40.407533	40.955903	30.119132	38.164828	40.370257	23.586442	42.295339	29.666447	41.100809	26.693430	33.593127	26.504059	42.149727	23.393303	37.990623	34.131510	41.200202	32.297105	40.508298	38.357556	33.451521	42.007571	40.187849	17.074630	37.986925	41.711319	36.844080	32.510505	41.662063	22.468518	27.879939	42.372408	21.889641	38.908259	35.354685	34.939421	34.129564	41.940113
41.833284	39.219312	40.433175	29.100832	35.035380	41.372901	42.029142	40.959345	40.854269	32.147763	40.021752	23.928506	23.183756	31.522385	32.615155	37.708693	42.320479	28.893120	31.998867	35.709156	40.577394	20.453789	34.929358	42.465220	38.075232	31.277022	38.863762	21.611780	39.369705	16.520289	19.157635	37.191649	32.528772	25.505998	31.281929	22.366921	27.033296	25.594542	36.150861	22.161618	33.250730	37.942961	40.756353	42.162689	41.476538	31.914734	34.764421	28.497924	39.184803	13.739239	27.000198	36.108369	41.952406	40.432813	31.559938	40.132676	40.804383	38.133908	36.576275	30.009110	40.505251	42.115790	27.804981	30.886802	33.282163	39.758014	42.267495	40.737667	37.476445	29.014003	37.704145	39.625811	27.262413	29.131247	41.081760	37.270507	41.766146	39.272801	23.602299	27.050414	19.500458	41.925795	34.395919	38.608816	20.198193	34.437707	33.324785	41.998739	21.040512	16.656185	40.970097	37.114170	26.697338	37.405072	38.501961	16.975968	37.927669	38.131127	18.136569	38.262916	32.368823	0.000000	42.121892	27.351780	26.627359	24.312254	32.187325	39.763522	39.146487	40.565093	37.639586	40.966331	26.424794	33.021348	38.699399	42.154406	22.908912	23.492583	36.137645	27.276243	42.060833	41.389971	40.760517	29.051182	37.389323	33.184302	35.356274	27.173213	40.295964	32.995242	16.777220	33.779163	17.389825	30.580203	16.581716	20.365727	28.336854	25.615011	37.959894	41.905553	40.302939	39.840468	37.413268	40.501882	29.863263	36.007627	33.848766	39.155530	41.269080	41.385814	22.348444	38.844125
28.981776	38.777214	26.142842	29.436562	13.829369	32.233053	33.203091	36.110694	12.760139	33.953058	40.513290	40.911276	37.261929	36.563420	20.203928	37.858984	27.730976	38.776599	41.479514	37.342138	42.083363	34.715737	27.579583	15.971733	35.395438	34.113766	30.738288	41.492396	38.464297	42.042246	31.522529	32.128024	33.506575	38.151507	37.550427	38.760543	21.429578	29.233585	33.815717	29.670597	27.088537	29.744462	35.097606	36.236317	37.793929	40.720787	29.473465	42.230437	23.590519	33.444317	41.386159	42.459996	15.111740	37.471143	30.547445	35.023570	22.350346	35.383765	29.210629	26.581141	37.533061	35.801440	42.167750	39.394552	29.805643	37.095671	41.246309	31.958973	34.113237	39.972780	34.456474	28.026708	37.199944	24.593718	24.574476	36.075575	42.467647	41.062548	37.216762	41.917187	31.680838	39.749583	35.756138	15.384661	25.033448	33.236957	34.889792	30.923763	39.134342	23.695235	36.777833	41.930979	33.784665	40.499766	25.026665	35.431985	35.260914	41.222106	28.725102	42.272011	27.821436	18.721510	0.000000	21.921088	41.235762	41.950146	29.121185	36.300599	30.864662	29.676506	42.065970	40.906337	30.670373	35.819520	26.180237	30.738069	26.309800	37.461430	39.420354	35.059314	23.418527	34.825420	40.231622	17.979138	19.556378	41.571337	27.492254	36.985490	38.382913	17.635157	25.981896	34.183870	42.104005	26.999487	39.234466	17.644913	37.189233	27.103597	32.002085	42.024809	40.318240	38.558514	40.489343	27.578487	39.037950	41.737808	39.456349	41.428199	24.424964	30.263783	41.879901	42.488208
31.148428	40.732873	38.673872	24.387351	42.126524	33.308892	42.073393	35.339327	39.535439	20.056603	33.806967	42.471198	41.313944	30.311299	41.445462	22.306322	34.470978	31.694995	35.947257	41.669316	35.834647	28.176778	26.476760	39.862516	38.890360	32.616123	31.851698	21.207853	30.261563	32.027664	25.976932	32.358878	27.759953	38.259428	32.923107	39.450596	41.577943	37.939306	29.185038	30.980429	40.677894	41.358207	40.423000	37.709853	27.304154	37.908289	27.003131	32.662329	25.474076	35.597018	37.953358	31.190449	34.676841	29.893334	41.117617	42.016774	38.914691	38.627438	33.622682	35.404691	41.473536	25.233747	21.419848	35.580563	39.105885	13.802407	39.950298	36.544980	22.542768	35.552781	32.598657	33.930902	42.245000	33.161752	40.654580	41.624323	40.755480	38.768141	38.669225	42.149308	42.262763	28.706123	41.909833	41.406230	41.333674	26.855011	15.699295	36.238884	20.857126	40.965534	35.625350	29.873841	42.323916	36.348536	36.575804	36.161815	41.963107	42.394291	41.341088	41.058754	40.244205	15.671307	41.601566	0.000000	18.601106	39.433584	27.368350	23.117448	36.452183	40.330487	36.030235	38.352633	29.863634	35.342926	39.856803	34.505285	30.172817	34.218943	33.210832	41.771954	41.904160	29.432989	38.255592	39.236001	39.065245	34.480583	37.225557	21.309826	37.448555	40.160047	41.893220	25.642291	40.401003	31.584044	38.893521	35.045965	41.557159	42.421062	37.603792	41.395484	23.518918	38.703344	41.159776	30.455203	33.673320	33.671296	41.079380	30.725804	22.943339	34.934021	37.931298	39.212692
30.952604	39.025731	41.537031	31.946984	19.230660	36.247601	29.788825	33.847949	28.431569	41.061509	29.495817	40.624718	41.660052	41.266308	28.344890	35.847672	39.396463	40.586905	38.258915	39.895566	22.382859	22.065507	37.277063	27.332005	41.973513	40.855188	33.896874	32.882104	40.691765	38.646930	42.183318	28.362665	30.099300	36.220302	40.244046	35.606147	34.634372	34.810209	23.490076	42.085669	39.306501	32.431687	31.147950	23.575717	22.069591	42.248022	38.512947	31.670060	21.016012	35.550089	41.110297	42.419556	31.319318	41.004735	37.837773	40.321855	41.867766	40.409358	39.860043	33.399906	40.176511	40.898764	40.271849	33.556172	27.954977	39.988623	38.647646	42.429129	29.505542	39.475291	42.322767	28.819435	37.788501	25.751254	40.676524	41.092203	25.663415	15.858590	23.355374	26.421667	42.358559	39.683095	41.300855	22.925688	26.142364	31.425368	37.828109	33.178859	36.543869	14.843430	42.182253	22.941878	18.586792	39.371040	24.453315	33.880903	37.877907	15.333994	26.316684	36.146814	36.026411	32.747914	29.521289	42.149689	0.000000	33.187340	37.466924	39.818021	16.131163	42.314657	42.194426	38.794491	39.109255	40.964396	41.918355	33.562078	39.208224	37.775535	42.098165	13.198691	42.231677	34.777596	35.814205	38.923007	16.090774	41.719118	27.178363	42.372056	38.053115	40.429004	40.735416	34.477115	42.308076	42.403344	35.030662	31.617212	39.943755	40.655201	40.322256	42.142626	22.350749	41.213585	17.736134	24.902426	22.339398	38.310118	28.379372	42.151696	26.196942	21.080439	41.556703	37.199313
37.743099	41.321957	23.327924	29.012665	41.132850	33.821219	22.732693	41.047213	38.805692	35.983102	36.286278	20.597597	35.148639	20.785303	28.390581	41.300774	37.258146	15.096579	41.064390	42.024278	33.436723	41.195240	27.501083	39.569302	39.505811	25.867008	34.916730	28.551289	41.420849	36.957369	26.694415	39.732789	40.351736	40.851987	36.076910	40.975703	29.337758	41.319235	12.707845	31.062970	40.612732	37.617251	40.392106	24.137383	39.726553	40.324653	27.616171	35.943181	34.683744	22.583028	39.100517	41.654172	24.856587	33.065977	41.887036	22.450799	36.899546	39.014672	38.252555	28.216555	30.464891	42.079968	34.300932	40.259640	28.256895	41.767711	29.870890	35.070865	35.431747	37.083407	33.464717	32.133378	41.423447	35.612618	36.320536	27.286093	39.336189	28.096058	37.726854	38.740830	40.229521	39.967116	22.382434	34.540808	40.466526	42.091193	28.625421	30.199605	41.723032	41.505297	28.482032	35.556639	41.128262	42.446753	36.838831	33.100116	37.940973	22.061148	38.555873	34.272008	38.494111	22.559024	35.158880	16.111285	41.838006	0.000000	41.496613	31.165164	27.158514	39.811127	37.593551	42.262561	24.659400	34.593046	41.934952	33.671799	34.684395	26.640983	37.349273	30.017883	34.504867	41.754894	40.191159	34.413521	36.658126	36.293503	38.963346	29.075257	34.336244	35.623761	40.622670	33.003466	39.181742	34.542903	27.698028	34.521721	41.664970	35.116145	37.417079	30.700182	32.340090	42.159963	22.956701	28.267670	42.473940	40.951725	38.034248	37.803441	32.380899	40.663106	42.489137	40.477776
29.125019	39.402081	38.129554	26.668847	34.519557	41.923314	38.551373	42.026677	21.775537	26.713491	33.375288	40.858523	25.700480	41.478836	42.355999	42.071537	14.455286	30.404436	41.629981	31.109730	28.936625	36.401316	39.026126	22.703394	29.273252	33.845797	36.075311	23.640270	22.594418	42.064896	31.075772	22.835543	28.432251	37.193337	36.069096	19.954041	41.307279	42.481078	20.690767	30.655255	42.004832	39.508064	30.616322	36.166307	30.552071	42.272319	23.277387	18.774250	34.834486	34.708259	25.978280	36.154985	37.251256	41.613363	42.033952	38.749167	40.589928	33.305877	40.920698	23.902973	33.017660	35.101640	36.482479	41.212696	39.516306	25.946947	33.153516	30.615478	40.974980	35.597407	35.395846	40.110187	39.698257	31.853047	41.166809	33.821006	41.986144	22.925374	41.840640	26.149034	35.975222	21.424612	34.767730	40.137675	34.405417	42.071316	40.656449	37.975546	42.179285	39.989414	41.011546	40.874645	40.517050	42.350035	24.853053	29.530622	16.218119	42.257713	34.975060	34.702208	27.346333	23.978084	23.984905	37.783181	29.502640	17.295180	0.000000	22.637698	40.543443	32.814035	23.203767	36.556522	41.972697	34.000513	37.476492	42.251916	22.673836	36.978340	40.773107	28.114641	35.077747	33.866468	22.903877	29.330884	41.839114	29.545282	25.541300	34.638305	27.518365	18.528771	37.762274	41.305816	20.403402	39.094994	16.564162	23.472659	24.633220	37.992689	35.384137	41.548127	41.814456	37.167055	38.560382	41.684306	34.360281	21.364784	36.541137	38.019573	37.640465	27.795062	39.576720	39.785056
41.762140	35.767209	35.299108	30.407813	22.921950	37.158414	39.991593	37.841237	33.795688	36.376460	36.685872	41.263734	27.990747	38.733856	29.228385	37.343973	24.260901	42.066671	34.684168	38.883630	42.018264	32.806669	39.505172	39.025653	36.970563	28.140439	32.009259	22.942154	33.747667	39.190608	35.121849	35.939285	27.240838	37.027411	38.934525	32.994662	39.222907	27.841154	29.113324	35.277504	27.231782	42.247641	38.692567	28.135134	40.447215	39.021164	38.985880	40.375043	27.666610	16.733143	36.588253	27.210080	14.054125	28.065972	42.239829	38.634406	39.987389	25.442342	22.548236	40.964060	42.305250	42.215991	42.144511	28.411884	14.378003	40.194160	33.347846	38.095876	25.592415	37.035593	39.384516	20.679002	26.701416	42.367104	41.379211	35.809383	34.318778	38.824085	30.267014	29.667272	30.268973	29.250380	41.550046	26.939065	42.408732	33.111552	41.330019	20.660190	41.729642	34.992203	33.106637	32.022471	39.279134	35.640175	36.284007	38.511699	42.486337	42.394220	21.650730	37.205769	32.227418	42.314774	34.709869	26.803525	30.678990	34.291460	40.428553	0.000000	41.612281	29.083400	32.368175	42.438639	35.499222	39.026265	30.198116	23.846434	37.630473	29.649433	23.578816	23.910485	41.408955	32.283329	42.416756	26.293148	37.800034	41.286432	35.691965	29.451026	39.375049	32.372870	33.795554	41.942322	15.694559	42.476269	35.333342	39.829877	40.802942	41.766013	36.923087	35.242908	32.883953	40.317710	24.353128	30.915982	39.068759	33.612568	25.533620	39.624889	40.494898	42.322660	22.218681	40.748213
40.005453	33.989011	35.517201	28.343966	42.316036	28.912955	42.405671	39.839085	41.133701	39.717371	41.770332	41.099882	37.201095	35.267221	41.695594	28.070422	24.857820	41.307706	31.880809	28.768123	42.142831	37.844204	35.383198	25.581643	23.815598	24.587766	41.752937	35.094143	32.585282	24.750643	36.943079	35.005154	41.998870	15.662963	32.899462	33.789316	40.501527	13.500166	35.514049	41.233764	41.165211	38.895187	40.740577	25.943760	41.232134	35.867831	31.770128	39.286346	19.336279	16.915723	30.795947	30.264192	23.588975	19.168213	34.665493	30.949067	23.157084	35.680503	35.379286	38.320546	32.028728	38.999597	38.792671	36.928129	42.461715	37.482783	22.895823	31.302179	18.462570	39.645143	22.349923	37.843388	31.938267	29.435338	41.580432	32.219814	38.591148	30.042369	42.453330	40.359081	41.936361	22.013621	27.028664	39.005425	22.226222	35.290871	33.639162	35.221517	42.092025	40.427317	41.596209	14.107998	27.443416	36.647445	37.246090	30.638680	25.340939	28.283613	32.625515	14.504587	24.517145	40.150891	32.452737	37.722540	39.926538	39.723095	40.941360	38.760554	0.000000	34.096824	31.625548	18.657047	24.404845	39.915851	42.484784	39.999245	42.465425	35.538032	27.629352	23.335963	36.350322	42.156608	41.419482	42.102021	31.616901	30.071333	38.101446	36.120784	30.275009	41.151162	38.391132	16.023587	27.514339	19.971539	27.642704	37.108089	37.182105	37.218430	38.084222	31.675004	40.760122	35.939193	25.491522	32.003680	29.149509	42.226123	41.742516	38.661105	34.281468	41.666317	40.452648	28.756681
38.722564	24.937790	35.557321	41.255958	39.783616	19.818342	42.318700	30.775188	36.446158	38.263257	42.095265	34.444246	26.999552	11.376157	19.526919	36.403963	30.112352	25.930524	42.182450	32.647164	29.102448	36.647013	27.786143	32.140735	23.700451	33.154984	31.464129	39.778960	31.363419	41.012691	38.517912	37.632120	26.667895	40.669037	30.317032	36.008135	31.226213	42.137934	41.172196	38.473724	37.719486	22.690018	25.318408	41.404332	39.843748	34.856672	40.474259	29.901878	41.221141	24.065936	35.780137	34.580628	40.711073	36.387177	41.937705	42.234063	35.144169	34.480275	38.495772	31.497874	41.329388	41.698121	29.891270	41.229284	40.375239	38.058641	40.841396	23.563851	34.744666	23.551794	24.989815	41.651241	34.620442	20.989626	30.912909	42.428443	42.105409	38.623442	23.637898	27.599823	35.481940	27.143319	25.198485	25.886246	25.664510	23.649943	29.335959	34.028740	27.907238	18.041597	20.796504	33.171147	12.855603	33.136522	29.341778	30.508709	36.731992	34.902763	39.430834	33.427908	38.021198	39.194287	20.314743	39.774205	23.066192	34.945772	37.774468	33.746731	21.220859	0.000000	32.266447	38.011358	40.995018	27.225132	24.049688	31.159431	42.133524	23.641647	33.017364	41.665105	33.854643	27.600504	38.100570	41.527654	36.864334	39.713308	38.229391	28.874990	36.035192	21.268979	37.869474	39.024622	41.294428	41.986585	16.397146	38.609326	37.271884	34.558575	42.042938	35.922149	19.931692	17.008743	41.003166	32.257249	16.237732	26.937618	38.608353	37.097229	40.624494	25.284995	37.221083	39.555566
22.272314	37.109029	36.162026	22.548801	42.485465	40.273724	25.477073	39.672875	29.541625	27.241322	31.122620	38.772572	36.751334	37.073940	34.124880	17.278609	27.494791	39.609692	37.863378	36.343886	42.355367	35.373695	36.991828	42.241690	29.357924	41.502909	42.113612	40.709892	39.871550	38.182827	21.998382	31.814776	32.034026	40.180080	37.320142	39.758112	34.459109	37.395334	33.328762	39.594644	30.061631	36.431211	39.666611	38.311283	29.498528	29.059145	38.933660	32.404525	30.343759	24.781519	34.927611	42.455373	40.958163	32.855213	40.767186	23.880104	39.327567	22.398325	38.727611	31.888582	41.609223	35.815825	40.256443	11.578942	38.528780	41.423002	41.245758	29.601673	42.185819	31.745909	37.761287	41.901676	41.383859	38.111657	26.709145	30.884673	32.043383	39.965968	25.266842	39.608229	40.747024	29.974113	40.840508	18.135643	40.173482	28.797140	27.142539	39.467130	32.216696	39.567738	25.439921	32.588667	39.007435	36.828374	41.224852	40.957309	34.260285	12.438812	34.778890	40.680703	39.194608	41.469867	41.596046	26.624592	18.960191	42.015205	22.264510	39.137663	32.790375	36.365338	0.000000	36.184097	36.333115	41.422623	37.896095	35.666951	32.037102	40.113953	21.711523	38.652902	36.337468	39.799316	42.046156	40.714464	35.608028	39.270622	34.069167	35.094581	40.542881	42.120909	38.929799	39.569319	36.836059	41.105028	34.698280	39.050898	21.669223	30.918308	38.542939	35.913936	28.479803	22.603133	40.824034	40.849378	14.725655	42.386683	23.542630	19.063153	41.769788	34.642064	33.509155	33.468432
41.040949	28.725424	41.992429	31.072658	40.390835	39.060009	25.674898	36.800873	21.117767	35.869592	26.023349	36.376018	23.527983	40.638191	37.610727	20.312987	34.162272	27.770895	30.059599	20.791748	36.858224	39.803584	40.092495	24.668034	42.246230	27.050464	32.300524	40.317251	39.071669	41.393736	37.722431	40.519095	22.233457	41.345968	35.083772	32.946468	26.720708	22.989462	36.821550	28.540957	40.736673	42.143461	30.461110	42.315605	41.132418	14.384441	28.055713	26.085242	39.697925	32.175203	35.782538	29.114308	37.533533	25.405859	37.942128	31.762796	32.669572	15.831757	41.278240	38.531576	42.410863	35.445959	32.827575	34.768782	33.990374	21.829259	37.964159	32.080915	30.056301	22.907004	41.062626	19.699667	39.537315	22.102047	39.187858	32.003027	41.439906	24.096333	26.465863	19.543875	34.987982	36.132016	21.250664	32.715407	10.672609	31.544050	21.837578	37.364678	32.487241	33.969901	13.014287	39.168380	39.212116	39.198572	40.758346	31.673373	31.274065	34.424679	37.297364	40.528486	35.126564	39.942917	39.435602	38.230895	39.617097	23.364251	36.064132	41.130912	42.331660	39.365701	35.024268	0.000000	32.282035	26.627311	37.961787	19.191916	41.351416	42.224857	24.033917	34.089297	24.112654	41.334276	36.963278	30.157629	26.173040	34.619207	42.111977	40.799695	19.084561	40.118838	19.838314	29.111686	38.803582	38.750996	23.921914	18.725250	24.423748	30.716270	41.283232	31.564981	27.226481	40.778242	37.305719	40.137267	39.847496	42.452381	34.613358	16.250009	36.993945	41.807956	37.105735	42.248134
41.688186	40.575141	31.837181	41.710609	40.427405	34.000393	16.941054	35.076795	33.659614	34.915069	26.158385	42.404640	36.294095	39.798099	27.448067	34.480439	36.116625	18.660309	39.775190	36.896916	39.759354	39.137935	41.080277	39.691724	40.779299	38.816917	41.146283	19.985722	29.933242	21.560034	10.290319	25.522933	28.279428	17.659115	34.358706	37.294730	42.165284	36.755499	35.699956	25.486813	19.375850	39.150086	38.014263	40.024070	31.327569	29.949486	42.360271	39.057671	32.388722	32.132893	42.087878	36.981137	34.881863	40.727159	42.392198	38.281382	36.702617	36.900350	40.484166	40.337823	18.063746	38.982483	27.424465	40.984871	32.884397	41.900694	37.710508	29.122420	24.677811	41.524686	32.638872	33.034659	38.920134	39.430348	30.857475	20.637431	22.861231	36.644136	37.088797	37.400709	42.316176	41.332767	32.621079	40.813953	41.782112	42.462719	28.690628	28.217517	38.333522	21.362433	42.310537	32.836040	35.457432	35.715251	33.741562	34.099849	39.163621	39.800961	42.131261	38.999107	39.487573	12.919141	35.529577	40.227564	37.202118	41.184345	34.288258	39.613117	28.762225	39.875069	42.264122	41.197499	0.000000	24.116919	40.173744	26.618157	41.678523	36.218106	26.524716	32.742079	41.362769	41.990016	29.532551	39.928009	38.507058	41.559943	40.756315	35.468571	36.442077	34.479008	34.996752	20.995818	42.286623	23.500553	39.261767	26.165653	37.312872	41.087028	16.627606	36.099310	42.154162	34.629267	39.809549	36.871664	23.177679	39.762658	30.235041	17.408525	14.884040	36.264088	25.750677	11.176408
41.129306	25.566714	12.236577	31.786722	34.205633	32.305941	41.177398	27.774591	41.111886	30.332133	34.632653	35.539663	27.938846	32.731541	37.733670	35.829128	39.341515	17.006319	38.018678	39.567221	36.986757	34.465028	19.099461	28.695517	38.101219	31.138379	39.797544	41.866312	41.889543	36.377684	40.760955	36.317584	38.416144	34.395866	38.196857	40.851173	42.116975	12.944082	15.143943	17.131412	34.192017	40.549717	40.833405	40.853118	41.277086	39.449375	40.783727	38.498791	28.099953	31.855093	35.318659	41.954012	36.232325	28.987761	31.867264	33.427438	40.293743	38.304395	42.413323	31.735065	38.395162	40.865272	32.841722	35.595350	28.872811	23.674141	32.812949	33.220567	24.641530	39.449296	41.877830	24.559021	25.872888	15.230463	22.491698	41.354558	29.479579	41.078266	42.196303	16.260220	40.731711	42.008251	19.983668	39.330016	23.657177	11.983292	25.050559	34.818215	40.429091	40.662024	41.757328	41.892835	40.922876	21.619271	17.872534	37.820318	41.984380	36.613610	33.470623	31.553100	40.125439	33.689363	42.329866	39.173117	33.569200	40.169060	36.270969	37.175028	34.985104	32.891287	31.410761	41.715622	28.700128	0.000000	41.022208	37.027974	25.329563	40.325089	42.474106	40.661282	40.995301	33.729909	41.479267	40.198235	37.759305	34.766770	38.284866	22.030504	42.090762	37.082582	35.892540	27.688504	33.772708	31.788494	33.714152	38.165771	20.831470	39.915056	36.090512	40.177162	40.049583	42.290918	23.006406	24.365655	26.416348	30.783836	28.967870	32.028551	23.552470	42.470633	24.696526	29.944714
35.688578	18.673742	40.074305	32.151269	29.490223	36.489889	38.052723	14.961007	42.334396	39.465840	26.966382	39.800858	27.205835	39.399652	33.974728	38.256728	25.900306	38.464446	36.704962	34.908302	42.365070	14.499528	41.814552	41.242304	21.634541	40.725115	36.938849	36.963362	41.867803	32.351025	38.391184	40.956928	27.927927	42.032542	42.268824	34.171457	31.582857	41.930240	27.234962	30.538788	21.194729	33.565023	37.739771	39.956478	42.325992	42.328830	42.115110	38.452040	35.322024	31.831723	31.292180	26.386975	32.272629	41.035136	37.226429	42.062113	42.023065	37.488715	35.015377	27.390249	36.034441	41.986199	36.706349	41.655986	32.440772	35.038970	28.893003	37.322416	31.554261	27.808272	42.182839	31.022470	19.997397	22.994517	34.875679	42.295396	42.270106	39.165332	34.340168	40.631525	28.868774	35.134148	36.800775	19.710057	35.751078	25.060108	24.314099	34.345629	40.450300	42.470628	33.769940	40.203335	26.197074	31.541677	40.410323	35.619933	36.567871	23.253538	34.876717	21.911120	23.075661	38.573894	27.124321	42.169469	34.202167	38.142336	40.056109	17.623239	33.823864	32.449586	39.555168	41.831984	28.589177	37.062012	0.000000	24.840812	29.778371	32.862577	38.255927	33.811590	40.664952	32.438425	31.331591	29.939514	15.233376	23.501498	23.453215	33.696138	42.466062	42.289901	38.856678	42.308960	38.548493	42.283054	35.282000	40.502433	35.970234	41.171714	24.516922	36.244194	40.011024	40.650068	34.513214	40.065456	37.948045	39.411348	36.523954	28.273954	39.366570	41.505418	41.805906	41.466628
33.878156	41.284641	25.652723	30.025441	30.878383	40.952559	27.512686	29.799579	15.078077	15.435240	42.470181	29.288129	18.436028	40.489359	42.247617	33.993830	30.087552	41.604844	36.657879	33.347080	34.670089	40.429954	41.937108	41.087962	38.165761	29.877838	31.548635	32.935560	19.593074	39.061811	29.504344	23.191602	35.070648	21.340626	37.854110	35.572139	33.989067	37.858202	38.070711	36.189363	40.247595	35.388672	36.302424	21.061755	41.953506	12.624955	32.248826	38.428343	36.372398	41.465159	38.507976	40.783957	21.794078	28.133338	38.265106	37.615115	35.987925	39.583993	38.256257	29.348333	39.977999	42.240613	40.451368	41.438184	41.443987	20.280611	40.328198	36.731307	40.792384	17.520126	40.891854	42.098892	16.959620	40.670294	33.959769	40.015475	36.252596	41.099614	20.950914	35.917205	40.552014	26.991573	26.590690	40.342007	31.578545	41.619824	19.286598	33.953961	34.789721	31.420176	39.820773	37.492332	29.975390	42.173534	37.926081	34.087013	39.980209	24.097824	36.277771	16.679973	39.883925	40.104921	40.277737	24.135793	36.081609	13.485380	40.057499	32.040369	41.251196	39.444515	13.175959	21.516567	16.970915	34.169892	19.381303	0.000000	40.340821	34.893009	37.785143	29.938897	32.754856	21.589538	41.478012	36.990112	39.577685	41.409671	39.545283	36.926375	26.509098	14.462490	32.815124	15.747225	27.169078	42.065365	22.293793	14.367235	40.967713	24.379653	38.558492	37.207833	19.049725	28.353387	39.977866	41.366670	34.317451	38.007441	40.983147	41.293637	37.909246	20.786627	34.203772	42.355381
41.709877	20.658602	39.577892	25.383012	40.478822	42.427221	41.188899	35.510151	14.746899	39.490798	27.321000	41.993573	39.389642	41.292658	41.818437	12.162870	41.018350	40.016116	39.277100	16.006120	41.118217	37.798264	39.058647	40.793263	41.326800	38.913896	40.101320	37.722464	42.479385	27.561374	25.391635	32.025320	42.118195	40.488123	27.177614	35.834620	39.669203	27.532326	38.929009	31.444149	17.308177	15.295392	39.169124	37.589409	39.050451	36.159736	36.659927	36.285356	35.949134	42.198734	40.265944	21.688000	23.248797	32.165838	41.935832	24.889770	41.398395	39.892952	36.758716	39.780781	38.999482	42.084534	31.596931	18.677472	33.075841	37.476181	38.607283	32.568824	38.798848	32.371637	21.878973	40.972395	34.328770	32.867654	31.458013	41.227245	38.787569	31.365231	41.841920	37.124773	31.631604	27.192590	38.739949	17.658616	36.802594	22.329501	39.790098	40.125293	24.305503	40.854057	33.418698	25.698346	36.322895	42.236774	39.780954	42.471676	26.369502	22.643837	32.942058	40.221743	42.130594	34.772818	33.533265	38.924685	28.628074	25.776656	25.645110	41.953387	42.362715	27.461885	16.001018	31.153105	42.450688	27.041598	39.994019	34.553002	0.000000	30.853540	37.592892	38.018352	20.449825	31.624370	41.736655	40.060901	41.973231	37.215128	37.734313	33.210892	42.069630	30.956220	42.260533	36.840872	40.439339	28.162866	23.456623	40.352451	28.455704	39.617382	39.703655	42.240558	39.308818	40.789839	36.469097	34.856744	40.069317	31.507439	29.963103	30.593078	41.507959	41.094325	40.750957	21.712730
21.165428	42.413996	28.447967	32.969761	17.783413	17.834483	33.185822	40.836017	36.074795	40.354502	39.590281	34.985685	37.793926	16.707934	28.461582	40.767775	39.334523	41.904082	28.771220	34.251295	25.050165	38.265393	39.008361	29.681516	29.247091	30.854314	34.204117	41.186278	41.915882	27.619884	37.981997	41.988790	36.200312	40.326389	41.932597	39.936271	34.396847	27.354066	38.283174	40.286737	32.542282	25.982676	42.352845	41.934942	31.786641	37.187205	34.221588	41.642547	41.767543	29.883460	37.707754	30.241857	41.807456	41.911406	33.685074	41.452741	40.804253	41.036871	35.530228	39.211503	30.469120	38.691688	24.916876	16.173557	24.690940	24.016960	20.210053	35.122728	33.180053	18.252713	42.110743	37.596123	42.339627	41.039094	41.332902	40.934664	42.185978	27.730180	22.272978	21.149482	25.662811	14.578109	42.367074	16.464115	34.368787	38.972940	38.575054	16.830128	38.963575	41.366365	30.374438	41.900586	38.815887	40.778438	39.308386	21.414750	35.543492	41.388384	40.180524	30.453178	23.724653	35.889950	40.754686	16.882638	29.179350	37.693862	27.015319	27.666323	33.348633	26.905710	40.252364	12.093211	22.666845	18.430307	40.762519	31.942903	37.374898	0.000000	19.820457	41.452746	15.028629	12.904727	41.030707	41.260365	41.981312	33.459368	30.850484	29.302645	41.020104	40.637639	42.299012	30.270097	20.226114	22.468308	32.057849	32.593160	33.458887	41.321506	37.209735	36.708487	40.848179	42.045960	39.215995	21.248872	36.784538	42.260152	26.071155	32.821511	40.342633	37.378155	34.582008	35.348071
41.097015	40.824078	41.309323	35.982433	42.467508	39.062123	38.682202	39.059583	39.847270	37.926810	35.883619	41.471627	25.421367	41.476931	41.631119	18.822244	40.955373	27.596177	33.484541	34.119289	28.922826	38.459930	42.151927	14.527042	31.936956	21.189055	42.456943	35.573306	13.156280	42.056067	39.336362	16.345741	41.976161	36.825837	17.484015	34.862585	38.948271	28.662940	18.540202	32.620278	36.514580	39.262461	38.675836	30.015529	41.384004	40.184384	28.415003	38.493986	37.788444	14.423996	37.232955	30.471482	14.906125	25.139197	41.324914	38.675081	32.697315	37.160256	37.804717	40.633037	36.166596	42.306089	26.955603	42.211994	42.406154	41.993584	31.897866	42.015754	39.723212	38.571058	35.849165	38.553863	36.355135	41.206345	29.072940	32.229792	37.393796	41.119153	42.407036	39.599735	33.575788	39.021806	39.689709	36.628049	39.479831	42.333912	37.244845	42.077169	25.459453	35.893340	13.982616	41.509156	21.776848	42.272623	30.237242	37.800675	26.938874	25.670737	38.307371	41.911382	33.713895	32.499730	34.040668	31.822918	42.095698	42.006062	25.164134	36.508614	37.827516	23.663083	36.667456	41.513390	29.572185	29.009728	33.187375	29.916993	21.734552	40.172380	0.000000	27.468429	39.644781	28.012191	38.702911	39.930263	40.368342	36.137453	22.925700	31.116248	33.769551	40.797888	31.551033	21.013864	31.526630	40.526260	41.295300	39.406236	26.371382	41.924051	32.353800	32.301377	32.384353	37.759062	29.804939	27.128044	36.668558	41.910157	34.478082	39.454462	34.253024	35.998434	30.789165	41.647226
41.319608	36.337274	20.515411	29.012748	40.417004	39.007112	42.204539	41.789951	38.749928	41.582630	34.708282	36.207857	22.721189	38.636943	25.575165	42.202180	31.738525	34.359040	29.639120	32.030790	39.782353	32.946502	35.623861	32.548133	38.748965	42.124991	32.344243	40.988876	41.060915	40.226482	34.859986	40.328754	36.959218	35.802654	24.623544	34.532850	36.188216	25.070772	25.524652	33.874510	19.156074	31.528705	35.007132	40.724631	38.188416	35.360937	42.271868	16.244622	29.640384	40.579713	24.614806	40.198149	25.942480	41.555198	30.194477	40.368344	41.776193	39.563186	25.431682	26.375307	42.403277	41.010758	29.106057	34.599751	39.513151	37.838897	18.918225	35.117058	42.441343	40.860963	21.886015	29.272441	39.917513	34.659559	37.087772	39.935169	36.447261	26.202041	34.404427	37.570540	41.407058	35.252827	41.367386	12.847288	41.414209	31.903055	24.099345	38.822027	27.104185	14.260855	20.774501	40.741669	30.415627	36.087771	32.099349	36.326492	34.275694	41.219363	39.965717	36.882131	25.040520	29.273438	41.506148	12.143288	39.745280	18.895438	32.136369	32.045520	32.497155	34.430652	40.836633	41.095113	38.127695	30.025784	41.953414	29.755874	40.547063	42.136058	27.461060	0.000000	41.975403	38.003971	40.348769	25.367405	40.826245	40.805670	32.458117	27.102642	17.013542	42.264542	15.379568	42.107260	34.024280	39.713081	34.516031	36.016003	37.519939	37.138838	41.982215	15.639568	41.760579	37.860871	42.482287	29.989310	36.462933	27.157809	41.561740	34.220754	31.036268	27.655401	41.902331	40.985419
27.826666	18.546809	38.920437	37.138512	40.930647	40.780257	21.046133	41.762954	36.358585	39.358847	20.079564	42.437219	36.000841	39.235102	40.442000	38.597070	42.444070	40.206350	34.859333	29.000586	38.541721	33.044666	39.354815	29.970104	39.824155	42.214651	30.947455	39.352843	42.415082	42.305982	42.471058	42.429154	41.195245	37.846767	31.286559	42.324704	27.007359	28.217993	35.869579	40.372501	12.745283	36.786636	36.282331	36.212129	32.296881	36.087517	37.532423	30.080914	38.451411	33.293582	33.581950	25.123115	34.574458	15.011038	38.203520	26.762043	30.459464	31.494362	41.399772	37.985098	20.408931	33.412368	38.986270	32.996726	35.639320	40.880643	35.805214	38.298359	20.288919	34.989364	36.985185	36.976458	36.415161	37.716577	11.383902	33.785539	40.121852	9.629570	41.573060	38.454934	18.216784	40.836532	42.006120	42.017078	37.877023	26.860076	32.975704	38.735281	25.069255	28.579996	41.446091	36.392840	15.113401	41.144150	40.934599	41.512242	32.467230	38.846756	24.141516	35.968499	42.132714	27.633559	26.717560	41.512607	41.491242	30.464530	41.104314	30.457182	38.688641	41.632131	23.228328	42.298750	42.110307	38.728439	41.955534	41.256535	28.943560	12.584360	42.184931	42.302556	0.000000	38.890694	25.648112	41.641982	33.529602	33.764075	42.179804	38.182658	34.437259	37.182836	41.709156	39.896256	29.316733	36.427164	41.787230	37.396868	38.903522	25.100907	33.972278	32.970182	13.215411	41.198645	38.639670	35.607792	36.038807	29.725125	38.542409	23.147635	39.525845	40.204769	42.437877	32.417198
18.798492	34.470421	41.349385	24.351784	40.113841	28.244399	38.601832	33.642127	35.116026	11.008023	35.500092	28.678659	19.780509	31.345089	28.010979	42.481927	25.700992	37.578556	37.912640	38.588841	33.949919	36.744156	42.158634	42.475291	20.227419	36.661435	42.413999	41.723674	37.046148	28.870689	40.247049	33.721109	41.509955	41.984444	33.571113	37.273803	37.866201	41.066753	14.501195	41.880010	30.421378	19.976305	34.637287	38.026591	13.946848	35.056114	38.810537	36.350662	40.250056	15.129792	22.499578	36.333676	34.813356	31.368428	28.552659	42.381408	34.382279	31.242125	35.233540	34.475683	32.237045	41.140957	41.776434	38.262803	42.131542	33.091798	40.460134	36.031384	41.703104	42.034716	41.897527	41.665106	40.880409	23.674848	17.396003	36.092864	42.466343	29.516552	40.657563	36.448020	35.893263	40.633619	38.794662	41.487634	39.627066	28.222998	28.397902	36.950790	39.692447	40.247184	35.096787	35.628336	41.233765	35.303977	30.760193	37.574773	12.022862	41.055985	34.088455	39.420257	27.677456	34.218654	40.194225	37.031211	39.139065	41.881377	37.157415	29.548577	40.697918	37.360310	42.246329	39.183840	29.843312	26.797989	32.224572	42.242969	41.135032	39.291183	37.187764	17.194835	32.236896	0.000000	38.666585	40.004724	41.758433	33.668305	22.773289	35.060727	40.240362	36.061364	40.634058	38.787039	30.787177	32.087730	41.449876	39.653184	21.570777	40.310824	30.603209	42.114579	34.048050	42.123507	41.183216	38.755545	42.462607	26.222948	37.380289	33.942860	38.689464	36.488364	38.838751	39.746769
25.417241	35.988593	26.356708	30.670796	38.821338	36.678063	16.064868	40.354865	41.707068	16.548858	28.282990	19.261136	34.714126	27.203461	36.904087	42.365942	40.613315	40.272297	39.209515	39.179423	36.918421	22.736667	30.032593	26.399331	34.392453	37.595977	36.947867	29.161051	36.212192	32.744101	34.444170	32.560659	42.475030	27.564192	19.701007	36.370192	27.160705	38.078745	30.362017	41.570570	40.265988	41.981320	39.876696	42.460783	33.748315	38.869940	22.074953	35.525704	41.003045	13.145433	39.230034	30.069158	31.230464	25.427377	34.766733	25.006387	21.569793	30.202136	27.722844	26.279060	31.780843	42.481961	37.348011	32.667748	21.057448	40.222102	38.637556	41.937494	40.485163	42.114960	37.463131	17.851136	40.834832	36.194653	33.279685	39.380300	25.253898	40.327970	27.817145	40.233900	33.550812	39.946391	36.933004	23.341668	38.050160	15.162268	30.218246	26.337291	19.085469	36.309699	9.530954	12.262473	36.223314	28.375284	20.912066	40.864408	41.816194	37.545828	39.873709	41.901899	31.429685	41.056807	30.282651	23.779782	26.132078	31.887618	35.833552	32.106142	25.652685	31.034067	26.060417	33.712522	33.807262	41.364377	16.520169	38.492106	34.504658	28.330733	20.715823	26.664509	37.321114	40.269116	0.000000	35.199802	32.734556	37.779450	33.979669	36.248834	31.566896	17.020016	36.033797	26.252016	26.082314	17.888410	21.390585	25.433964	29.218367	31.089075	28.374856	35.072496	36.699545	11.852467	42.431978	17.941456	31.597249	40.502374	38.654831	38.689358	34.668510	36.047719	19.060099	30.694593
39.771337	40.021644	39.319371	40.372129	41.603675	42.446153	40.133299	22.569635	31.297382	42.330330	39.665110	20.004720	26.340627	38.358882	37.163645	33.950270	34.354617	36.632085	41.194228	25.288401	39.625862	20.962133	30.408826	42.361716	33.185493	18.327892	40.442308	35.170694	36.749339	42.035413	22.175034	31.560351	41.364389	25.053475	41.778303	22.941770	37.699548	33.105014	27.405529	41.244480	41.837922	23.936598	40.792893	35.536413	39.974374	16.360441	34.440294	37.530475	21.735502	24.637199	42.221868	29.976597	40.978515	17.717485	42.219580	39.680883	19.493176	33.507810	38.025682	24.656776	26.817379	14.544419	41.765528	40.550685	31.863117	42.400259	27.305328	42.362535	37.440888	30.039250	32.129681	36.953601	40.674843	36.327152	37.130171	17.354930	37.735616	40.900607	40.865458	23.467008	36.742865	20.480018	28.853232	26.382531	42.329642	37.282862	39.135091	30.112434	42.041276	22.525138	41.878342	19.121791	24.346439	33.415604	33.072448	40.371881	38.806806	40.620591	38.079714	39.899703	18.691776	39.884275	41.169445	39.695992	24.919334	36.573049	28.368123	21.371364	29.497136	33.270415	38.361649	31.601349	28.403925	31.335953	37.873736	37.158924	31.761073	40.846536	42.204910	39.522209	28.276805	23.877596	21.748496	0.000000	39.345225	27.627889	41.065006	30.597877	32.757936	31.919021	41.317001	36.139795	40.377955	42.224351	38.710232	38.531080	40.099978	37.831573	42.351977	34.981212	39.197218	37.825029	42.055712	33.246760	35.282614	34.845424	39.349356	36.894395	41.943881	27.160415	21.784840	41.797899
25.665504	30.205648	40.716535	41.952016	27.982221	36.799709	29.624504	29.257866	32.787826	40.597200	33.705259	40.101753	40.652228	30.767794	38.969414	37.669540	26.694097	39.906988	32.676395	37.430806	34.531298	32.465708	34.716348	33.236186	42.351444	34.158511	24.182690	33.365980	27.562329	30.728178	18.858194	14.638804	42.469564	31.966083	42.462824	32.013848	30.834231	25.439828	35.280118	41.875196	41.030182	38.694100	36.184566	42.077028	40.225800	33.362051	42.438604	39.512301	41.506288	37.699284	28.190159	34.919219	28.947521	40.792185	41.697497	39.897774	41.531841	39.655599	32.192268	37.443554	40.519457	42.146649	40.589590	37.244248	27.061705	33.188813	38.834676	35.775202	38.569215	38.982511	39.970813	38.877752	40.548724	41.702876	26.135853	15.173025	37.591359	42.065656	35.916017	35.699388	32.098736	37.376593	38.129626	20.977675	31.838202	32.273206	41.535195	31.693085	39.289570	38.445291	24.466149	36.832125	36.427543	39.448589	38.209438	40.004569	28.256096	34.168549	30.912984	38.189779	28.743788	19.370702	38.861448	34.653354	26.909162	22.974304	38.503425	34.254964	31.291948	42.302227	40.046273	30.383924	40.876235	41.332831	38.393133	37.922996	30.663250	42.031126	26.627451	20.392419	39.936723	25.666787	18.172692	40.148585	0.000000	28.678177	41.692347	33.594729	38.243688	40.477664	34.535513	37.007507	30.899898	26.406562	41.691969	28.780421	9.677063	12.793512	32.156396	37.908938	39.982488	29.840204	39.764792	32.343092	27.234749	35.434341	30.503192	25.222235	29.940935	34.322492	33.638576	31.193016
38.090807	31.258545	40.308499	31.559943	22.498032	39.469410	25.211415	40.243683	40.984968	28.427549	14.615208	30.107696	26.542549	38.364435	41.307105	20.280160	37.966914	38.632997	37.465031	29.891701	41.216818	37.763092	42.098501	34.688762	40.752876	38.640800	36.462103	42.203032	42.188640	37.083152	27.491587	41.744460	36.467679	39.568059	33.149589	31.506198	28.443799	21.408725	40.073230	22.009707	26.770095	42.489695	40.577050	42.450155	27.156640	42.483803	13.601231	28.283688	41.183417	40.774654	38.778941	28.461294	42.391824	42.446789	40.441911	29.572379	36.334816	29.791523	37.625779	42.409076	36.788136	24.124584	33.116131	26.245656	16.427757	23.565542	29.855570	33.965711	32.474990	37.977752	23.686577	26.248313	40.537406	41.923671	20.205733	41.723062	35.950093	40.804327	40.719793	18.703796	38.900295	33.743771	31.431806	35.111783	39.727236	14.184762	37.280938	39.653971	42.441200	36.995113	42.081760	42.425329	39.742856	30.767612	42.360194	33.678724	35.153658	29.910969	39.932379	33.428406	15.458728	32.790332	37.882200	33.060853	42.148489	21.027740	31.387779	18.716831	37.551919	42.343489	31.616574	34.314983	25.855590	33.865104	42.141558	27.585672	29.603603	38.979967	39.303702	36.464801	42.423388	40.612190	40.985433	39.925620	36.021872	0.000000	30.122151	23.074216	30.052356	19.827464	39.553289	25.520900	35.935113	20.417255	38.132399	39.220540	36.877076	35.576357	33.200760	41.408022	41.411226	30.409584	37.594403	40.342227	39.214505	37.712582	42.096918	34.249983	28.535576	39.655685	29.266464	29.636653
37.065409	41.495109	39.615446	39.079056	24.540393	35.123130	42.419032	37.238137	32.837327	42.144502	40.565471	42.408412	30.454449	32.306086	40.759567	39.272926	37.802028	31.814187	26.682857	39.170957	12.218666	34.538449	41.434210	33.961467	39.657160	35.229513	22.981020	41.169199	16.805113	41.216742	40.646158	27.516087	42.438033	41.099009	31.884873	27.439719	39.729323	41.012552	25.066777	41.978579	29.962255	41.545947	36.939716	41.366346	38.298070	41.998200	15.224211	41.022416	25.867393	36.971983	36.122585	39.975928	41.446134	39.801084	39.213319	42.455718	34.953956	40.983019	25.087730	29.716603	41.011556	27.067879	28.133618	24.191682	42.451490	29.906581	22.859308	30.991300	37.611912	34.357016	40.072980	36.588315	11.437055	23.640001	40.658596	30.337563	41.229722	42.164530	39.277426	36.188291	25.342577	36.049700	38.048543	34.157878	42.186827	34.958226	40.770736	35.297848	38.496677	32.946641	29.544999	31.383510	42.411092	36.532653	21.683530	30.868992	38.421782	28.899734	35.337778	40.587372	35.412732	36.210957	40.532872	39.221561	23.299750	29.110083	35.774539	35.605504	28.309340	27.132906	39.970790	23.503353	19.112569	28.829422	31.510287	41.470701	37.602095	33.296884	35.320881	42.157295	29.311810	42.111837	40.850951	39.556299	42.265015	35.245844	0.000000	29.323415	33.678395	25.669692	41.890535	38.862405	40.940676	36.566749	37.620832	31.337035	27.740909	40.091841	37.801975	29.056398	41.134774	41.233444	39.421662	17.191600	34.521253	33.421967	20.395522	34.839994	41.503962	24.054766	39.103488	18.098499
32.549866	25.149998	40.653881	40.705753	35.268278	40.913213	39.870002	32.471713	33.440826	34.640875	38.391965	41.766388	41.164830	40.703750	38.001893	36.557371	35.177657	36.675723	41.191296	37.552478	31.289074	40.760818	34.750291	11.696465	35.662054	42.218660	22.984674	24.166791	37.660214	35.898654	35.675560	42.236579	41.840900	22.794782	37.966202	39.082407	40.052703	41.909545	39.704376	28.435732	18.545566	24.928841	33.749738	19.417941	40.204879	31.811562	16.291159	34.165841	37.640838	41.206206	42.317153	28.024548	13.902518	40.121937	42.416374	20.156479	41.877771	31.965151	39.906174	42.273749	38.831625	41.616210	21.270008	18.521639	34.563203	37.104836	32.371220	42.154564	35.170267	24.657167	33.024156	41.467992	31.202080	38.905259	33.763058	24.693464	15.955347	39.621098	25.160762	41.966063	37.464242	37.293931	41.025739	16.121770	29.781721	38.392815	39.740583	34.774321	42.291858	33.745148	42.113276	33.053663	34.727164	29.042262	30.121338	35.612091	33.542684	31.984543	33.094188	40.884394	24.258016	38.362926	33.621258	41.410282	27.128939	22.150809	38.875582	40.210517	25.619183	28.010100	25.537869	19.347998	28.990562	32.325916	19.708866	39.358945	36.275924	14.441887	38.024377	28.572805	41.750919	25.092731	41.523848	41.273181	24.119456	42.197955	39.705387	0.000000	38.908684	22.167721	41.671855	38.635427	42.372059	31.993396	28.973039	26.800459	18.994149	39.830029	39.772772	39.108748	36.922735	40.680469	39.253942	42.395209	41.736918	41.202689	19.457540	35.007428	29.837269	38.891718	40.668533	29.092837
23.372423	41.830404	29.149298	41.853475	21.636296	19.500658	32.987978	39.247404	41.448136	37.185334	34.550069	40.491004	42.388760	37.712072	28.712020	35.819886	30.952283	41.031099	39.179697	22.183023	41.442057	41.089871	40.177946	30.045906	41.012485	41.622447	16.458415	34.968266	35.691283	28.974063	33.995445	15.197091	37.596582	39.753005	40.204000	42.287514	37.128851	42.272907	9.884648	21.730232	39.946250	38.681001	39.856823	24.369274	35.064458	39.335740	21.925327	28.033150	40.080130	30.497276	41.974003	35.126258	40.524481	26.759547	42.183686	27.029302	35.952594	28.916017	37.770855	41.513126	37.513455	30.545937	31.559275	41.457376	33.381545	24.810249	34.497348	41.487554	37.110250	38.423948	31.794728	29.478065	39.546611	10.798755	41.724156	40.885833	40.736067	42.095778	39.592701	27.497170	36.824211	34.024525	40.575496	40.369039	20.492774	35.951152	30.530019	33.864571	24.615986	41.553116	41.030159	41.587122	27.409913	28.725967	26.162460	24.320115	39.975284	35.982574	26.939574	40.180831	35.802964	42.130899	23.048787	35.162543	37.764698	24.622262	42.191131	35.855394	19.359620	39.167714	22.442910	20.471069	28.837760	40.462862	31.664682	19.766451	40.823782	30.241825	17.294272	37.153115	32.696202	34.286222	31.165916	27.951365	28.548421	27.095771	38.624163	42.234066	0.000000	41.912669	35.649822	33.539406	31.296419	19.137673	35.640138	13.712782	29.686532	41.496787	40.618640	40.170401	18.926604	27.756036	41.050211	36.630107	38.601614	34.689268	28.262821	42.323416	38.173033	41.802417	36.937484	22.177803
42.095998	40.424089	23.232670	29.054054	41.237983	24.967023	28.115672	38.226154	42.305077	15.743109	42.446768	42.310505	37.046328	23.396511	42.230378	14.495450	41.517603	33.161469	31.950456	31.338057	36.291761	35.008359	36.120664	40.841214	29.665744	27.449164	31.950902	27.433616	37.247261	42.195637	34.257964	39.302634	35.101879	24.481291	22.151994	13.820726	33.213886	29.616035	36.169384	42.272329	38.802713	33.749461	37.399491	42.075840	40.524262	25.147854	29.474803	41.531865	18.549719	40.436729	28.904648	41.994201	42.012874	30.255887	13.686296	26.368813	39.517838	27.588862	23.896769	25.568597	38.989308	39.049479	36.826207	31.919878	22.264007	39.445772	42.080159	41.915145	42.449055	32.879081	31.051232	39.235324	31.238276	37.792385	25.616288	39.236968	31.893991	31.780294	31.756659	42.184546	42.288593	27.217249	41.981291	39.185763	41.422535	31.247457	36.189684	39.219677	40.526342	39.276417	37.689110	37.101447	31.508853	36.588415	39.391460	32.345568	42.160631	19.681711	36.428806	24.250900	39.207835	17.425616	42.438711	38.515209	29.731123	33.910354	38.530907	40.349461	13.880947	41.824812	31.847335	41.024670	31.978414	20.044266	28.911332	29.680023	40.780348	39.422130	41.967680	32.293848	11.063110	38.502793	27.993693	38.996819	42.199960	18.176741	39.998433	37.742303	37.868773	0.000000	31.743676	39.826980	31.005440	15.332044	38.548324	41.300339	38.662400	38.462063	36.085460	28.213943	37.139693	37.827709	25.119730	37.564960	26.763678	41.520295	18.650814	40.557776	41.194600	37.601697	41.073445	27.246858
37.318523	18.935151	40.243624	20.523441	24.153712	25.286923	40.714800	41.718961	42.365508	19.051719	35.640495	38.555724	31.550262	21.851963	19.475482	23.561653	35.003464	18.849046	35.313908	18.300378	33.287544	38.742199	41.075819	23.497560	34.293606	39.278269	35.960508	26.626729	21.457111	31.782535	34.987485	42.005932	26.726590	35.011308	37.524991	36.371430	33.348246	41.167197	37.488777	31.138467	38.792799	37.314896	36.737889	42.322877	27.492709	40.666944	33.783814	22.075066	41.136263	41.481225	40.901638	42.246634	24.879459	33.824891	21.038981	36.723730	40.507905	16.687591	38.422385	38.254760	38.822633	42.380072	20.249770	25.651178	39.731616	35.374793	41.477221	31.574539	41.840780	38.948711	41.128719	14.315838	42.155585	39.807711	41.676796	30.165402	42.267779	28.887488	41.655263	40.706909	34.262805	39.297503	22.045128	18.149018	40.599120	25.975122	41.744290	19.704131	40.056917	31.436984	26.359599	41.040479	32.210660	36.308999	39.383112	34.273574	35.698579	37.710112	41.109278	39.458781	41.589471	37.770103	29.201080	36.466809	40.118126	40.185488	40.574934	40.756732	32.631154	25.862056	33.168424	41.736440	11.860124	34.019917	39.373774	30.540959	33.301190	42.312438	38.729051	32.626814	12.011409	40.634102	19.339177	42.302900	31.294852	31.494758	29.132513	32.317466	37.890321	22.588380	0.000000	30.985967	31.390220	40.582783	27.442768	35.733590	41.474327	40.818390	37.619514	38.041199	21.644594	41.136680	25.633888	42.474842	40.796060	30.598514	41.980793	34.300259	42.260833	41.179155	39.640038	36.372036
42.167153	41.806613	36.721887	40.739221	40.248049	38.000298	39.705108	41.475382	39.260812	28.190843	31.701114	41.031994	39.748979	23.257550	25.449014	29.344279	21.368467	35.829810	38.526485	42.237906	35.900342	41.875664	40.994545	28.228735	40.744406	29.871171	19.024737	37.598882	41.423632	35.577103	36.570032	39.476624	37.648481	32.736522	20.579060	41.356513	40.410059	40.804759	40.869153	30.205784	41.005148	35.820901	41.597897	30.784997	41.540741	32.640769	39.237506	40.929700	36.255864	42.345254	30.069088	35.296858	40.528406	40.803995	25.094824	32.702340	15.705124	42.151235	23.282587	37.788641	38.158037	21.691170	40.403010	38.156104	39.729297	42.263977	41.138769	37.632816	40.078019	34.798549	39.396560	37.678378	41.902423	29.315121	42.417246	27.701467	35.167595	40.413884	35.824985	32.379878	38.635933	41.824129	34.651447	33.586380	41.988720	41.698010	30.822856	28.815708	40.802894	18.258239	23.632163	39.877532	38.173471	22.044626	40.710628	41.801919	41.007527	38.505500	33.207283	37.854308	39.120088	30.100519	41.261454	33.505681	41.359998	26.893802	30.732986	35.597833	39.021087	29.379166	16.575831	41.943394	38.052837	40.367548	41.580346	37.963245	41.522304	34.087834	40.087594	38.084724	41.655535	12.784887	19.617828	29.714263	21.750528	25.844220	32.878677	30.797220	11.935856	31.478460	35.581768	0.000000	20.360434	41.076877	41.758210	40.457569	39.495128	36.926858	17.827838	40.329690	41.393787	10.010887	40.542403	36.435033	27.028987	23.156111	37.654689	36.366536	24.265075	41.949119	42.214292	38.935374
30.218217	35.510518	37.956585	30.233171	41.692116	17.549307	42.464338	39.785693	38.956436	34.120410	39.966739	25.473299	22.170804	37.087331	42.150296	15.811937	29.170907	35.197421	39.991271	33.500889	38.768031	31.100869	41.415358	25.712433	38.474922	25.275931	37.119921	41.225159	13.208748	42.055540	28.427472	41.095585	42.019784	30.267438	22.315295	41.094360	40.508934	41.578444	31.908943	41.831158	39.042007	15.413976	40.355915	25.228344	38.853311	28.190343	27.909911	32.603706	27.880411	28.994392	25.682384	41.409409	39.566493	41.181997	39.433824	40.383097	38.013596	38.599886	35.864613	34.210450	39.655392	34.189201	29.380584	38.185941	41.717249	37.309261	31.005868	31.234677	32.372187	34.564237	40.866201	41.415032	28.475039	24.305949	25.659091	20.575937	32.733725	31.970020	37.049880	32.035866	27.094012	26.129794	40.883903	42.285481	40.433042	25.732061	17.127669	36.656028	33.835490	27.676622	16.414097	35.623029	27.745938	17.587870	39.137131	28.611054	42.447259	33.286428	36.428438	39.093761	37.062172	40.941196	22.393109	40.043603	34.704795	40.199912	39.398295	41.438022	39.240913	32.240464	33.385704	33.180710	16.542652	31.216863	30.171903	27.209494	28.394817	34.078981	41.514731	26.578342	38.984259	31.091706	23.147713	42.144824	22.444447	26.834123	38.816607	31.359170	41.367467	39.240974	35.983219	35.057215	0.000000	21.509743	38.980408	36.178260	41.435030	40.815492	28.811696	37.694992	29.744747	40.078142	29.606083	34.549057	39.290562	36.348800	36.499100	41.884084	27.313279	42.371617	26.239971	40.649240
32.057509	33.013574	38.923612	33.868991	14.895499	21.758150	33.180346	36.445047	31.092565	37.721581	24.859062	31.448518	29.032343	33.516436	32.035221	31.411634	27.168098	30.377253	21.945240	29.100046	31.596558	25.296338	30.946328	41.357618	35.476744	31.592753	28.487379	37.984271	35.760471	39.062882	36.692149	40.683205	35.335244	41.558085	42.422068	20.016596	33.399992	34.777141	32.497571	12.673958	36.286734	22.842383	24.843003	26.628743	28.381809	37.555360	20.355108	40.699738	34.130423	28.080349	36.550027	35.530636	26.162336	40.255043	36.669062	42.486617	38.136193	37.988494	36.080776	34.685063	13.274856	28.338302	41.529143	41.511753	40.956125	30.746622	21.034435	41.901793	36.125818	38.159790	34.847051	19.208528	42.149126	33.275037	33.401257	33.414714	16.139912	37.011212	39.815688	26.822775	39.543501	20.022591	34.395325	35.439617	32.990577	39.357826	32.402177	38.380939	35.707729	39.449776	40.880091	29.853517	27.639798	36.272936	19.753262	42.280989	37.304481	31.354128	42.279553	22.754114	36.386870	30.204415	41.592893	41.649846	30.887025	42.483913	41.546507	22.077385	27.472021	28.216481	36.308472	34.059780	42.019383	32.675224	30.576472	37.922126	40.161847	32.878112	42.463557	42.011476	27.111158	39.353820	33.285640	38.992148	39.225919	36.383613	42.013362	37.118380	31.397389	40.054669	34.339932	41.522122	30.166177	0.000000	26.229326	30.911698	38.243899	38.700417	29.284988	35.492318	36.439378	28.891689	37.729722	40.966835	37.879818	36.020505	12.220535	41.468569	36.348258	22.367904	36.279902	27.494449
23.980017	39.369769	32.479729	41.897979	38.244025	42.096522	41.025449	25.003531	41.567958	36.164372	24.334417	39.061158	18.406032	28.634679	38.949677	32.980594	36.697771	29.908917	35.466275	22.810888	38.938295	38.669507	33.766389	39.099351	27.788237	29.929966	22.997249	21.326177	38.825226	25.350279	29.083706	25.175300	30.515681	41.725431	31.660109	37.444746	40.890459	34.110089	32.488170	26.583591	35.995181	29.295343	29.841035	37.892234	34.068469	41.891139	35.129803	41.057459	39.667067	39.109227	29.784885	38.736961	39.042007	31.202809	41.163737	42.441583	39.828528	41.341874	29.775148	40.468360	27.124285	31.674673	26.050038	37.177115	41.066331	41.838706	36.126589	39.773311	42.025894	30.407703	41.651507	39.185993	28.870897	36.940109	38.313723	41.189181	41.856141	19.896671	34.516168	37.421244	30.510583	26.554816	27.901489	41.816306	19.646358	32.765521	36.729639	28.781319	17.898376	32.128241	38.063605	17.022556	28.702020	40.795970	32.938989	10.888596	38.301232	39.812716	41.740939	42.184232	32.394403	22.990057	32.611045	36.810327	34.787616	25.449170	21.883415	28.951836	29.936541	41.689955	31.486599	37.985180	33.777574	38.198824	40.891485	33.220516	30.991303	17.993864	36.244947	38.399676	24.434729	36.340226	39.890601	42.388122	37.964773	42.452564	37.008216	42.191851	17.596409	30.622347	31.129920	31.878491	40.195254	40.927189	0.000000	21.031616	12.478004	25.733160	37.633923	39.796848	41.925285	41.321754	42.099457	33.485187	40.057625	33.137210	35.576761	29.498356	28.059574	23.449658	41.890791	36.716575
30.435904	28.339681	41.404698	36.616770	37.491105	31.780016	38.380243	24.576044	40.435194	41.697188	30.297670	19.959144	37.778687	39.452732	39.502852	41.719269	40.490020	28.457987	40.586246	40.453801	34.606785	39.318972	27.880688	23.198849	41.731426	36.027051	39.294675	31.915560	29.437558	37.357559	41.251094	31.941820	40.584852	41.778216	38.263956	37.640121	21.650090	27.671413	15.099490	40.584213	19.525840	42.373915	27.156083	40.543226	29.841811	40.665990	31.711388	35.307007	27.564486	41.838122	29.479223	35.759185	30.465453	37.808892	42.074188	40.509843	41.227347	40.440596	39.270804	36.957325	29.113704	30.150071	28.318670	23.727818	41.411090	41.844006	40.212742	37.858844	40.799812	42.453678	19.928474	39.524535	38.680726	22.763837	36.618970	41.480244	37.871041	41.787541	24.231994	42.224363	33.919292	35.007096	39.225448	30.352839	27.862746	13.556433	29.100919	39.157236	38.908592	39.725240	31.794866	40.555438	33.632207	22.956676	34.154033	40.268892	41.324011	39.548205	42.281742	21.732064	25.262930	40.946471	37.576112	20.102783	35.655201	41.471692	32.657198	33.040002	39.354327	39.432015	37.233983	41.313336	35.726329	42.465608	33.209310	39.895098	41.834981	41.997034	42.113139	33.146625	25.115942	41.003891	42.134753	33.995222	14.420732	41.216753	32.985110	35.390603	18.456340	28.770339	41.642204	39.134726	24.943980	42.443333	39.703168	0.000000	39.314200	27.726531	33.287048	21.681506	36.807750	37.126150	33.276147	31.611791	35.263528	40.693661	35.053338	41.077020	38.494699	35.610041	20.286384	32.090902
23.837101	39.398376	40.235840	40.795570	30.083423	36.417191	41.771097	36.002851	35.421680	40.840153	22.474780	34.129134	38.808372	41.776518	40.467593	38.703081	31.313495	41.406651	33.894781	34.185420	39.475430	40.221673	38.740738	39.062094	34.830085	39.628898	34.685382	22.363292	28.146719	42.402279	34.325583	41.179595	39.866130	41.482000	25.380215	39.559182	29.450384	40.877293	42.099504	36.663641	38.343267	31.550954	33.183991	34.584714	31.117154	42.044321	42.347884	37.676515	38.948123	34.139125	25.205357	30.752500	40.919790	27.335413	40.839734	41.890004	40.113916	30.157766	39.711650	27.824128	34.755916	29.153001	42.095078	39.867150	42.096716	26.004806	36.306686	19.340787	40.099972	26.738711	34.186760	38.808677	41.263857	39.166803	35.508935	14.182836	37.657166	13.548201	14.854862	21.216041	30.733289	23.610619	29.005809	42.032447	29.121404	40.230013	25.328663	25.559400	30.544160	35.909824	36.263585	31.753441	38.458654	32.074839	42.289618	37.801467	38.203839	22.450179	40.600443	22.880032	33.090580	38.476473	33.110995	33.107207	42.407588	34.773843	41.359393	29.697530	38.901806	40.439475	26.460428	23.498764	17.455334	40.730929	40.767113	27.911412	40.521866	38.634218	36.271410	28.917097	42.307445	35.520598	41.965097	34.649905	32.428690	40.569979	40.368110	19.566124	25.865043	37.375765	38.285064	37.557396	38.635834	30.580223	36.035280	36.244344	0.000000	39.418896	37.064152	37.342514	32.263340	27.642407	18.900541	41.630776	34.979237	16.358215	33.863114	22.662165	42.246784	37.615628	22.311172	40.470281
42.383396	39.064877	30.463428	25.845417	32.270878	41.078094	39.022658	11.915318	41.819982	35.772699	20.313490	42.092128	38.190840	21.949965	29.755133	37.486176	26.198130	28.933319	31.848262	34.971921	19.739513	41.266025	15.269795	39.002184	39.276389	29.300649	37.259885	33.265176	41.605744	35.279323	35.339046	37.798128	40.410341	28.829746	42.400334	42.074386	37.583513	33.049746	34.899126	26.485048	29.657915	41.904731	40.446661	27.837336	23.001032	37.160527	30.162042	42.452266	38.055367	21.739544	41.780787	41.258206	41.509555	38.704666	27.723461	34.975903	42.452989	42.078262	34.105158	40.740134	41.252714	28.134458	35.550869	35.926724	36.434210	27.258986	41.984958	38.752620	29.764325	38.002211	24.458927	38.730463	41.771380	24.311267	35.685050	36.082443	36.332094	34.882386	17.919281	39.508110	41.194808	35.598679	21.484089	38.524543	36.643024	26.145158	41.747590	28.158005	33.831016	29.797063	34.593906	34.964705	28.575326	40.538057	26.742982	37.604871	40.598519	35.891720	35.979091	34.995410	15.642926	33.480626	41.826321	38.307985	40.773706	40.536084	38.829806	36.561583	25.763396	37.025812	21.950886	35.283607	39.839917	37.674388	35.654475	32.237803	39.493286	36.343778	18.157610	42.453047	23.944801	20.293999	38.984289	29.950337	38.532847	32.382842	39.668509	40.395667	40.276765	41.461107	39.774641	30.712021	26.273544	28.502346	42.182844	12.228186	40.536021	0.000000	42.292116	23.250982	29.369399	32.689897	24.259046	40.541661	35.387272	31.360197	36.768487	38.122456	33.540573	29.739660	39.093238	39.427731
30.030302	41.679922	19.821185	32.386588	40.336370	27.415387	21.729961	39.728015	42.175130	38.985186	41.008544	34.776176	42.342471	29.382731	25.043413	39.468785	39.598002	35.399900	27.580180	33.145952	37.928536	39.708632	30.696880	34.855838	25.169456	24.215249	37.037480	18.864440	21.121477	33.480967	38.060060	34.454759	30.803910	37.967994	41.302322	41.005807	36.579560	38.340094	30.917691	34.678437	27.838087	39.281514	26.629830	40.287193	41.896800	42.004669	28.321859	40.862452	15.579889	37.059579	33.264546	41.532899	33.933556	30.791655	41.933432	32.786071	25.900405	12.994961	23.091711	35.371877	19.246168	33.884540	41.952119	32.519389	17.325335	28.745326	30.739989	38.880866	35.837442	22.667768	37.554112	32.406009	33.337250	32.577054	33.627141	38.579121	33.014839	36.854917	42.141317	38.306545	34.375539	41.306790	39.938730	41.825736	28.848910	25.780557	36.403105	39.015794	37.383892	17.280759	21.352144	38.006362	37.423653	40.825271	33.260578	40.541592	38.751975	42.066664	27.613307	39.546222	25.742928	27.800235	33.065294	40.580509	32.903503	41.866627	39.477957	24.560524	37.594496	33.643245	32.511011	41.709310	26.188678	40.463645	39.768215	40.806405	33.159982	24.821812	27.579320	41.257608	26.155434	32.728290	28.795930	40.660563	38.699719	35.720848	37.643503	29.169695	36.079325	37.916614	38.121065	33.575432	34.637754	26.861305	20.625977	37.797241	35.188557	39.549936	0.000000	41.759208	33.824795	27.690017	41.800307	22.635796	24.939384	37.901863	34.600485	37.026592	36.700480	20.231277	38.745027	40.035436
36.127574	30.822068	42.200717	16.367102	28.046116	39.018913	33.866350	32.019304	42.009268	37.057888	42.019212	36.119513	29.675812	36.454767	39.508932	32.503849	38.714819	41.215267	38.323046	42.258802	32.078996	36.911754	33.529843	35.050187	39.351199	39.014132	41.555065	31.626651	21.783533	23.685863	31.414720	23.120758	19.856237	35.459101	35.835895	38.411529	35.432842	20.162466	42.235871	29.534185	24.428454	39.369564	41.337241	23.682635	32.558770	40.873507	31.071442	42.211419	41.321614	42.193527	16.710422	30.262684	32.599010	23.947471	20.630083	37.587309	35.453511	39.487591	41.759160	41.683873	38.370458	28.274764	37.435495	26.042499	31.702517	35.308265	40.818731	19.223512	24.303761	41.069172	33.886075	38.339245	41.633028	30.590704	36.468112	39.017533	24.435506	29.224548	31.419077	37.803275	38.404798	29.720637	15.964376	32.448691	31.736756	34.879840	41.827048	34.480849	33.366363	14.475981	13.816912	42.310549	40.701420	31.249418	42.012893	39.268321	22.753310	31.958781	38.937768	31.267843	16.800148	36.875457	38.514516	41.704529	40.698363	28.776204	40.269162	33.293054	19.916982	39.609473	41.098631	33.429663	28.216149	35.552227	23.969806	35.886173	33.105193	41.649614	28.712042	39.003356	36.453863	38.555948	36.877584	40.822546	32.603722	25.240998	35.287335	40.063229	10.103094	38.686205	16.515638	42.461175	33.800951	37.905384	22.618387	31.129113	39.962675	25.305671	25.677489	0.000000	34.183874	23.675274	22.982214	38.441140	39.220529	37.694770	34.644204	32.959632	32.983375	34.094661	22.014991	41.257824
39.644360	42.229203	40.746820	38.685852	26.624627	42.378659	38.978174	21.341970	24.954560	28.697935	40.629370	24.656059	34.383968	38.384888	42.135958	40.888198	23.144911	39.060481	27.764217	33.120591	41.458238	15.137088	26.442199	27.876633	37.502418	27.931814	29.809833	27.149481	41.891096	41.569513	40.208540	39.755921	32.749415	40.678831	27.908679	29.481483	42.319649	42.420085	41.527270	29.272433	37.913260	18.747640	16.098700	30.853161	36.492141	42.436882	40.376839	41.426751	24.528578	38.918598	32.863075	39.589688	40.052760	37.438263	40.573809	42.487830	13.564166	41.548446	42.359340	36.476188	37.360270	37.263587	41.431274	39.474341	39.320275	29.685940	24.682961	40.307699	31.875481	38.894510	35.481328	37.535376	37.578356	36.558249	37.244783	37.591669	17.512319	29.466870	28.736191	21.281141	25.953338	40.354895	32.560050	35.493054	15.123382	41.620432	25.514451	35.070492	35.921763	42.064968	41.742852	9.910124	40.790798	39.170152	32.650530	40.366361	39.889572	36.001738	40.148999	35.895989	40.631533	31.750411	37.440088	33.334757	39.660336	41.913045	15.813169	40.660379	37.157011	41.737482	39.079631	20.340266	26.342917	42.430306	40.895996	39.247325	39.669905	41.875314	38.659394	24.383094	29.492162	30.176570	28.338732	20.959881	16.489766	42.438189	41.691500	39.364005	37.385394	27.346915	37.878936	40.289092	42.258860	26.378085	39.600728	21.305565	38.630413	35.295145	30.549427	17.699275	0.000000	42.359590	36.603682	40.046300	36.744449	36.341898	42.147878	36.707104	32.289421	40.792791	34.368769	41.906972
23.354747	38.091815	37.903096	25.862524	42.080234	25.118409	27.720576	39.972911	42.356027	24.767403	34.876766	31.405161	29.239305	26.142328	35.548285	41.978784	15.748289	41.346778	33.513541	24.120283	18.926661	33.908879	42.242950	34.565804	39.716382	30.877815	40.858280	35.135118	31.726521	39.786039	32.523250	34.664955	30.247831	42.111384	39.396193	26.991562	37.343164	38.442058	41.963840	34.804961	41.176291	39.106730	42.395768	41.155296	39.221869	41.639993	37.591339	31.867690	22.541621	40.185346	33.930619	27.149163	36.813437	36.460298	33.150228	33.217847	42.384661	41.775332	21.688924	32.716183	35.928725	27.816649	33.402586	40.356868	41.756981	39.635268	28.488563	40.134982	41.602913	39.106624	20.569406	42.143434	29.837493	21.977542	32.862247	36.531352	41.056676	34.728505	22.488030	42.216754	24.741787	26.128549	41.457934	15.164780	24.088472	41.459200	28.310192	22.092569	22.186523	42.037486	41.378340	39.973037	28.685080	23.360356	38.819897	33.046579	36.984593	33.374274	30.947621	42.353930	40.366663	31.234946	22.886472	41.554120	41.029124	35.805876	23.639071	41.522539	37.961528	41.780709	26.877097	28.171962	36.536459	34.529976	32.696327	35.313711	37.685114	30.228695	36.132930	29.784114	17.238168	36.615249	40.676777	40.923589	41.280526	37.209120	39.918754	28.036615	37.155249	34.623114	41.562418	41.835560	17.420034	39.469372	32.429397	38.858610	24.229785	37.899089	22.696426	40.518706	41.474157	0.000000	41.327847	41.506870	38.490375	24.239076	20.609969	26.226539	31.613656	37.109015	39.492492	16.116926
42.380567	41.518892	14.291675	40.799015	38.375237	25.624865	39.320712	38.759303	41.505972	39.564860	41.903774	41.517674	41.665446	37.270064	38.538540	40.175901	40.996041	42.462073	41.318809	33.581018	40.052588	31.084884	37.149210	34.488152	30.468057	38.971966	22.072109	40.972158	40.780748	37.953793	40.244227	38.859172	37.064560	35.594871	40.521439	31.569579	41.116209	42.266001	30.651858	42.271539	42.208371	40.176009	19.035179	31.631208	42.076081	33.700745	26.434585	40.477986	42.157045	39.651540	41.204922	30.206948	42.350681	41.916045	41.451540	34.641786	31.767060	35.351379	28.817398	27.231781	38.337012	39.109398	28.447081	39.685501	41.651410	41.061317	13.743683	37.423474	13.258447	40.805921	18.225126	26.301404	38.818545	40.941984	14.533526	39.379862	20.471105	41.504739	14.871147	28.068037	41.246851	39.500118	42.046894	22.689090	41.340727	18.238137	37.499052	35.984949	41.160590	30.851687	28.888841	13.383050	38.884005	28.407374	37.346771	37.451558	30.309222	36.357142	35.592152	41.028102	22.429913	31.480466	24.543870	25.827026	37.696696	41.228017	41.174892	28.972349	35.233392	39.983720	40.879941	42.370904	39.584179	41.787043	38.791414	17.166560	18.982119	42.321829	42.394889	15.025347	31.083347	37.726111	34.968614	14.846849	37.267711	37.232436	39.570484	41.023803	31.507049	32.309560	33.195682	33.334929	35.163772	33.763510	40.226940	40.723017	40.915218	32.312758	41.049861	41.327786	37.030225	14.340689	0.000000	19.462991	35.291969	41.967829	41.200835	38.456882	33.656179	34.850060	41.782993	37.955615
19.311896	41.997950	41.917339	36.808442	41.940442	41.994527	27.875028	35.208687	41.277764	38.512893	35.505205	38.865192	41.566525	22.635442	19.727070	39.936142	31.100125	38.249618	24.157499	26.636368	41.254959	20.275860	28.118616	21.487545	30.285354	35.276007	42.341556	42.371216	41.534984	38.318524	39.977942	36.661389	42.136003	35.520734	29.286812	42.309185	40.269917	40.727633	35.101160	28.941913	41.785786	39.494914	41.624665	36.388920	36.955715	22.896373	41.412119	30.572874	39.574462	38.070063	36.970999	41.598160	21.256449	31.290880	22.910137	26.289278	32.654602	33.551725	36.276537	34.848475	39.716185	41.205172	41.897858	33.967810	39.472536	13.854133	32.206250	31.516802	37.678791	11.787657	40.576524	37.577859	40.499883	24.675480	37.572991	18.707576	30.224563	41.031113	30.565609	27.627732	34.894508	37.055952	25.315625	34.776347	38.252156	29.545710	37.509901	41.298353	41.650078	34.428684	21.330665	41.338723	42.046475	42.191844	32.918376	41.106682	35.699036	24.035231	35.698268	37.350838	29.204941	38.867638	35.987154	36.385261	37.079421	10.087751	33.516900	35.916299	41.779690	35.299104	40.130307	29.683029	38.083191	40.091816	42.026739	39.507074	30.845078	22.679242	29.905053	42.255908	42.049857	41.573813	34.785549	42.411697	29.497716	41.424398	39.461612	27.420074	30.788776	24.308589	40.011850	27.611445	30.522912	27.989080	33.559345	13.559693	42.289394	39.780090	37.033428	25.251940	41.388282	42.471067	41.265791	0.000000	30.534513	38.894697	23.444123	40.145289	37.297397	38.362346	34.210421	42.034853
37.784053	16.436317	38.887173	35.185826	33.328944	30.096565	31.306874	33.587703	41.214337	22.424375	38.196542	15.182480	41.881308	34.499585	41.009097	36.289041	41.825340	34.830311	30.147699	40.619136	41.482400	42.226007	41.231571	27.370835	22.367857	27.115579	40.624003	25.425106	34.768409	37.324933	41.738161	31.604805	38.914089	32.596747	27.868172	42.230169	42.167294	26.523634	39.634457	22.777003	31.246790	41.929395	36.692856	27.257871	24.512801	24.534403	16.174634	24.530934	39.979939	40.584903	39.263482	42.373993	35.817260	15.274584	35.473666	37.934247	37.404634	40.063537	33.654924	37.752027	24.755373	37.557853	27.596428	23.740820	39.105099	39.463519	29.622697	41.818229	15.134805	40.038643	33.210379	36.320975	27.718098	38.468536	40.253519	42.478222	41.068367	27.486235	40.488329	33.286754	38.844693	39.091971	38.844649	17.295847	38.434636	29.896305	39.330310	41.899461	21.578402	31.327880	42.243443	27.448553	26.838711	26.139267	38.813838	37.685470	15.887007	41.354609	32.258924	42.386669	37.817419	41.268481	40.515223	35.388114	39.214862	39.674590	31.333091	39.687186	33.388450	19.904232	42.009716	41.967011	40.923692	41.830810	37.503642	41.807694	38.084944	25.414074	41.930522	31.101465	36.332067	42.257962	42.000555	13.558244	40.519550	40.549288	42.118834	31.340216	41.808011	33.637473	32.840343	37.651196	39.081537	23.827420	18.968377	25.039217	36.768366	30.993795	40.554892	41.654955	32.460335	34.830280	37.301997	36.841105	0.000000	25.402062	32.753157	35.527080	22.090573	27.100178	22.510581	35.758358
30.214431	30.171136	23.184513	27.495359	37.985853	42.397581	36.956278	42.016186	21.273957	27.584925	38.049118	31.289152	41.912197	41.852432	25.545714	33.992300	30.491693	23.144350	37.135861	26.044859	42.122141	40.866881	38.484080	35.598500	36.964905	24.963128	37.560534	42.400649	31.887051	26.488381	35.449443	39.031100	35.298975	28.719036	31.650902	34.641676	39.121032	23.723657	42.253683	26.499288	41.025947	27.543728	37.338757	35.473640	41.406194	42.361975	36.200159	34.729213	12.465040	27.001975	42.101048	40.027775	38.446666	36.529650	41.776035	39.630674	36.852123	28.655120	41.333817	32.701186	39.355389	34.311365	35.742015	36.287341	39.894719	41.044068	35.271005	33.782728	40.724551	35.478081	42.146642	29.414869	22.041605	38.187146	20.330152	12.336390	39.960547	39.606268	21.076383	41.883694	41.543058	40.504542	23.038288	36.966650	32.931076	40.309166	35.109075	38.217743	35.882097	26.479839	40.568521	24.254067	37.906068	39.078259	41.674235	38.388636	42.466770	40.867078	35.342949	39.025193	34.952216	38.062044	23.880431	31.016567	32.197833	40.530691	35.663933	36.885021	39.235842	30.523828	13.533290	27.590095	31.841401	41.397736	20.005888	39.044737	41.121369	41.624464	33.667669	41.021572	36.349266	36.894112	29.918558	36.786591	41.769687	40.795931	39.150924	22.387625	37.012044	35.088610	39.910747	28.988906	12.814479	27.963915	34.396529	18.789240	34.242278	35.359953	41.348003	20.827431	41.266687	38.220080	39.015015	39.735931	41.000540	0.000000	28.461282	31.516548	21.203341	41.897558	12.626989	38.825740
41.691611	36.672531	21.162963	32.897843	32.847739	27.712845	30.914421	41.968092	42.466687	12.478773	32.864173	39.614560	23.318576	38.460879	40.090808	31.570950	38.205493	38.011728	32.726489	36.730150	27.921602	35.048218	25.159105	40.221437	39.603440	36.399098	35.197539	40.416829	41.133421	39.166309	33.176800	42.307461	36.287535	42.108664	11.653337	30.921646	29.714894	41.309878	19.800265	34.132269	37.665585	41.844919	40.289409	33.079107	38.542009	26.383342	40.825360	39.724752	42.450233	36.547870	36.648465	34.636974	33.505619	31.237518	36.444094	36.187006	30.286770	40.621283	27.220987	26.008861	39.512950	41.265112	24.136341	16.802366	23.061504	31.922107	20.198372	38.410699	41.166235	35.598454	41.818148	37.676976	40.139789	40.313012	39.569678	28.973792	40.612056	30.292320	41.978706	30.171477	40.911517	33.645162	37.890433	41.550195	23.332793	28.843314	30.951716	27.615648	19.865560	38.760450	25.665267	38.173479	34.553444	14.642099	14.565366	27.535335	22.829482	39.301083	30.640755	32.594801	40.937432	31.585114	35.851013	33.928091	33.702940	35.942227	38.591144	41.990999	36.413638	31.131328	40.555085	41.059296	32.335548	41.563325	39.586721	29.001363	19.756048	33.180094	39.349071	21.259793	25.756179	38.972539	35.783150	28.273184	29.218601	36.600974	25.183101	34.111410	32.215686	38.175218	33.356977	41.062233	35.756882	42.029861	41.622747	37.333603	32.723226	28.483462	41.350432	22.040491	34.142637	24.714633	27.950605	41.048065	18.843951	41.616665	0.000000	36.786779	34.999054	26.419225	39.322442	39.076340
30.180451	37.908941	40.807331	39.199895	38.445839	32.989902	14.951631	33.252823	33.511859	18.466733	37.748211	35.311807	40.859585	30.980323	40.106296	32.218248	41.474972	37.771879	19.923862	26.383029	42.126523	21.003406	26.745115	41.227665	35.309961	20.247832	25.046455	38.936807	41.901629	37.531601	41.738871	39.801469	24.776448	21.514765	29.728533	35.938156	39.898560	40.773495	34.195406	37.656520	29.633152	30.808473	42.356053	41.599202	26.127316	37.908846	26.468293	40.640728	27.741853	42.277603	40.380949	31.756996	41.698387	29.240915	40.961972	15.705740	37.377751	33.333235	41.283157	42.402257	35.397394	40.523687	41.251144	28.922542	29.646572	32.844594	35.403724	41.772335	40.740522	40.513475	21.967466	26.600264	12.610684	32.839464	41.954880	42.059139	32.059682	35.151850	36.301737	41.751809	37.222148	37.847844	38.622959	37.749945	25.326044	17.909827	35.063236	31.065177	21.245017	39.960801	39.489015	34.199724	37.210927	28.961504	41.622574	28.893152	15.131611	36.437005	38.860448	30.467637	30.287793	41.791836	29.107621	40.703486	36.488252	36.895118	30.279847	32.591958	28.150535	34.542386	26.035169	30.915960	41.407303	32.468495	37.129376	38.714144	37.007676	22.647096	26.407481	28.043783	29.601442	41.847453	21.750272	33.294156	41.431305	21.656795	18.126819	30.292154	40.314953	18.308788	40.761713	29.146902	24.838786	40.335898	38.390458	36.136950	35.392837	21.209652	20.718823	39.898700	31.528939	40.826012	36.410438	24.407308	41.376795	38.185945	40.042726	0.000000	13.101975	15.237253	31.475797	41.138394
39.352354	37.561039	33.874143	28.124764	39.669170	41.287957	36.639133	37.196140	34.787391	36.035903	27.980330	23.922494	35.870712	23.599090	40.225240	17.980085	38.541499	39.158653	40.882807	38.449708	16.245561	25.657070	32.881845	39.701088	33.463888	39.263720	35.908463	32.208341	27.224927	34.820751	42.334074	16.173752	42.058081	42.055295	40.418654	26.136765	42.233508	35.343753	17.620658	33.947077	30.000282	26.057981	41.247757	37.821183	38.262837	30.719149	28.276337	37.373734	31.272063	41.225046	38.603637	38.622542	41.876127	34.105891	40.842789	32.042010	39.865454	42.440437	42.430129	19.150746	41.334947	33.050319	38.218013	41.290293	14.315691	28.958341	38.105127	39.748565	40.898920	40.747077	42.462679	28.424169	23.796904	22.486020	25.307115	32.425858	38.110304	10.814474	35.189939	41.659479	33.466394	41.522608	40.099569	41.547163	21.791146	41.257785	25.491412	25.784419	28.501529	35.696380	26.633358	13.749036	38.832404	21.886319	36.232963	41.372630	34.108385	35.083730	42.094238	39.293818	25.819848	22.420145	39.116983	28.418726	40.957117	38.276683	34.138853	41.953665	32.261027	39.104020	30.534890	36.147627	24.343291	11.000984	21.151149	39.431826	40.261867	41.043267	35.303817	22.747155	40.759744	38.838361	37.989979	21.873493	42.191674	42.178511	41.984385	32.835322	30.891002	26.460457	40.124273	26.962985	41.518906	32.338182	38.959104	40.473867	32.060958	41.547436	33.515323	34.805088	29.597045	36.141945	25.642933	29.557760	36.068060	22.167313	31.181155	18.491173	0.000000	38.082221	38.776111	37.586132
18.011904	19.628208	41.568589	30.258059	33.027347	41.827281	38.647010	39.063206	39.671765	40.342871	33.462687	41.722880	37.854161	36.582529	38.515160	26.708756	26.730905	40.335721	24.320517	40.155604	11.216461	34.545567	39.438047	42.019490	39.734544	30.177494	41.455693	37.843914	42.137477	36.015056	39.486919	38.528682	36.104101	24.886343	41.974439	41.114065	40.091741	36.132146	27.019359	27.945333	24.598615	36.932904	19.276796	19.098360	40.551882	31.473998	31.144815	28.613428	38.835530	15.884221	42.049794	39.967294	23.046809	33.849839	37.825626	40.348194	42.188218	39.370978	29.277708	16.303489	38.221623	41.193437	40.150199	36.650299	34.119130	30.337518	38.079107	42.370778	36.418829	26.935529	41.662701	41.975567	15.941636	41.329187	40.161665	27.040173	30.479706	40.308658	42.488789	40.097202	42.046889	25.216500	23.669007	42.014534	32.922165	32.486326	34.935307	38.658296	32.095853	40.160973	39.622379	35.499951	39.746062	42.488106	37.435365	32.985946	40.795574	39.661094	26.108648	35.896489	36.049101	41.505392	15.812864	31.078332	22.318748	41.316329	20.696086	32.469166	40.814433	36.199755	21.636216	42.226934	12.752079	37.335670	35.245500	40.845483	15.001749	41.991255	37.940870	40.118780	22.364359	20.179300	37.537374	35.893168	41.912660	36.312719	20.249148	17.518524	29.218330	25.106207	42.425239	27.734974	29.361003	40.261651	38.782194	42.183129	35.908643	36.800116	21.986270	39.563589	39.200509	31.572490	40.644436	37.620468	32.590718	26.174601	41.025282	40.944844	42.463167	0.000000	15.509665	20.522679
34.550572	34.534812	41.786234	36.007401	41.613908	36.154892	36.539245	26.969587	39.020515	25.682272	36.936395	40.673316	29.231921	32.945636	37.795770	38.288028	38.836980	37.263977	42.241893	31.890412	41.235045	24.765797	41.236495	33.251913	41.997457	36.798237	39.097673	41.596579	21.903216	27.438253	38.971372	27.284491	42.434390	39.610685	36.182417	30.367038	38.721098	38.364931	37.618020	42.087126	32.959448	42.461120	22.797003	37.090641	19.573848	38.321768	24.008490	36.165885	41.442488	31.315892	22.014178	26.298831	31.738884	36.552834	41.802891	38.408420	27.395828	39.151448	41.989054	32.447583	40.680002	33.177924	39.990687	28.897819	41.217921	39.984935	35.751149	28.592287	26.969549	31.260883	37.492389	41.307703	41.837390	42.266294	36.976487	39.594073	41.305362	24.689061	38.339108	39.567533	40.944097	32.444148	19.904756	31.575564	22.985894	41.849483	42.071932	37.976750	42.334434	40.408610	31.799078	36.484277	42.226154	38.407981	33.787031	38.262979	29.094117	33.357286	37.360516	42.218559	42.322942	36.742700	29.894144	33.543512	42.370574	33.887658	34.223293	42.303084	39.289258	16.194416	39.991637	23.433009	39.811500	38.981677	38.485097	41.346126	37.985332	28.013818	33.896450	42.029873	30.326149	33.862394	40.527247	22.326648	31.903297	17.724952	40.326881	29.445859	41.900620	32.231580	34.856650	33.641581	16.630305	41.648601	40.550116	40.375727	36.990026	35.462434	36.000661	33.607108	38.282832	41.373606	26.529045	22.678253	41.912939	39.674914	30.998072	42.248026	32.474144	38.820471	0.000000	40.724510
31.774762	42.478980	30.022044	38.101994	35.273546	41.915359	37.572126	40.613526	40.909760	30.803962	40.134100	37.323255	13.566811	42.063472	24.381598	39.726512	32.624375	32.118579	32.702537	38.311635	42.079859	33.879505	42.403354	40.000756	30.212003	26.153352	25.143039	38.833690	33.132542	42.008503	36.592805	41.684263	40.445119	35.811766	32.109964	15.963118	42.321549	39.658315	33.532520	41.470016	41.360867	35.710070	34.954514	38.979998	42.238326	39.358893	42.333994	41.494460	35.193511	34.945823	38.277598	42.456101	41.045628	26.929179	25.351328	42.381395	18.013731	41.924617	34.872337	36.266385	36.304546	35.086125	40.075692	38.906157	38.005422	20.609626	36.718635	19.507234	32.486077	36.002682	41.482223	41.553264	40.420760	34.882359	38.751081	35.516627	42.226822	30.958214	32.870809	40.002097	38.294461	37.766618	36.638342	30.220443	38.328629	20.843231	41.377819	39.000351	38.825065	34.507327	41.671998	30.655048	28.199135	18.194766	41.207639	32.525875	28.219613	24.625968	40.825369	39.670523	40.607682	18.004010	35.251653	34.080101	42.044610	28.175710	34.341348	37.429795	18.863258	27.615617	33.732419	41.119886	26.368446	28.034680	30.707822	36.599890	42.447544	35.954659	37.724626	26.382165	40.364495	40.114244	35.799234	35.563450	42.394960	35.991203	33.605755	30.970659	39.143329	32.460518	30.674456	30.300897	35.277073	40.415708	35.039359	36.951565	40.909060	40.531579	40.703662	38.955703	35.551401	36.640285	33.573533	41.701641	42.417779	39.091202	40.428094	29.324257	31.488047	37.173374	31.316716	0.000000
