23.707305	28.288454	28.561892	18.323321	27.032723	28.216835	26.808660	27.603354	26.130873	23.719631	22.248796	26.722840	24.715119	24.954606	23.320750	26.261950	23.680343	24.933774	28.728955	26.604472	18.692095	24.943805	19.282196	26.241016	16.832069	25.362998	27.770184	20.887463	19.963698	24.152375	27.730295	17.742495	28.521263	26.543509	27.159820	23.237233	28.198814	10.661912	23.627891	26.523248	27.417151	18.709366	25.074533	27.634312	23.711874	8.304456	19.343945	24.230039	19.998642	15.103890	24.466315	17.761233	28.225516	23.181970	27.801937	28.497941	12.162648	11.059169	7.156416	23.126034	26.492749	27.310344	21.536247	25.922924	17.831547	24.473556	22.849391	27.000798	17.879488	16.181281	25.065312	26.768269	25.594911	18.668668	17.515955	27.686930	28.721674	25.426804	25.208663	12.951758	18.283686	16.732560	22.046223	26.149865	25.585134	19.126263	26.351086	28.568172	27.083325	24.342820	23.078116	26.122544	28.690092	24.669574	19.490871	25.972403	23.678810	27.736951	26.477717	28.495477	24.303199	27.478404	21.368015	12.525976	23.765528	24.158209	12.287517	18.231396	23.319921	26.940432	13.073251	28.290244	25.796322	28.449187	26.774002	25.853907	28.696304	25.263321	26.832008	28.788447	16.061755	27.044909	19.896339	23.826612	21.111325	21.758888	28.452570	27.885348	24.833447	19.434025	25.893843	16.389652	28.444975	23.796044	27.627410	24.786343	20.823186	26.669004	28.654840	21.558138	23.402325	19.928624	27.647147	22.995328	26.814909	23.658477	23.467084	28.053368	19.965655	18.186934	22.177818	20.165523
27.586936	24.678841	27.470695	22.759792	16.720138	23.249864	28.126577	23.880330	23.272761	19.900465	20.781056	27.293779	16.001583	21.134891	28.429360	27.213443	25.219639	28.509373	14.961132	26.294153	27.811573	19.699075	25.467482	26.887096	28.101208	21.262559	23.182430	26.287613	24.094774	14.486788	27.983580	28.440573	22.020766	26.449885	11.448187	28.125870	22.469722	28.619291	27.848644	27.616041	23.652329	23.193736	15.303452	27.922317	27.896996	25.190493	28.071392	27.205990	21.183130	16.596180	14.868955	24.211918	27.864943	19.765991	24.404829	23.510151	24.516812	22.259883	20.674664	11.045926	17.963081	23.188564	26.298646	26.474610	15.332131	24.880431	27.838306	28.252278	28.592446	24.689222	9.481638	25.164181	28.859403	19.534710	22.325768	23.617867	24.981011	10.514434	28.846118	19.349599	13.458353	24.058331	23.938926	25.128451	18.248298	26.279976	28.733990	24.637985	13.255377	12.557057	16.118653	23.726663	27.107588	27.864015	21.817108	18.265934	24.100345	17.195928	26.195169	17.104692	28.470048	22.334441	28.095941	26.634335	24.382279	28.199982	24.335066	22.263945	12.944154	28.581041	6.443888	28.642400	28.206720	17.045490	28.003426	28.468353	25.324639	13.433749	22.054211	23.817892	28.714804	19.511396	28.818552	26.043113	23.032266	27.762525	16.581653	20.606619	21.960005	28.460341	23.342088	28.181203	22.588693	17.911240	18.444326	26.305019	28.369970	25.393204	17.062135	12.226171	25.623472	13.103166	23.997576	19.982344	21.988135	20.524539	24.453251	25.088194	26.299576	27.871464	25.354072	17.234940
24.170403	27.923533	26.220454	21.929700	26.274091	14.628320	25.653471	28.877943	26.278916	24.671343	21.878068	12.086373	28.587280	25.539911	22.019808	21.476037	27.780658	27.922323	25.833546	22.949029	25.806578	27.576249	28.029509	25.549272	23.436396	7.972826	23.711297	18.467842	19.875771	26.674030	17.046846	23.194848	24.189539	18.556467	27.334746	28.805038	26.013597	27.926586	28.519357	27.585540	15.893344	14.669797	25.336584	17.632428	27.319891	20.793274	12.202366	17.455219	26.109879	20.102801	28.230494	13.778997	24.782672	27.507239	21.217718	18.292891	27.696424	26.945262	16.096483	26.786892	26.839317	20.215222	22.946284	27.840722	28.208189	19.637782	28.463446	13.061509	17.736457	18.443991	26.520124	21.242443	28.573171	27.555232	27.313917	26.748508	26.565349	26.084805	23.145642	27.804891	27.379885	21.142433	26.127093	26.762216	25.848444	27.408048	17.225680	24.301512	26.222018	24.296508	27.644645	22.962650	9.818927	23.714783	23.896198	28.539776	24.941129	20.384058	10.930294	23.756071	28.760051	26.405485	20.754462	28.489869	25.927426	20.742937	26.212922	24.613549	23.047089	28.805829	28.560954	26.175913	28.086842	19.333909	14.194707	13.290783	23.576800	27.651132	18.559142	27.125209	11.391854	27.698770	17.016400	20.457057	26.565167	24.663672	27.704875	18.435337	23.093005	19.925574	17.960521	28.717866	26.471777	28.839215	28.803517	26.944399	26.808523	18.206656	20.847515	25.431189	28.710698	27.884306	11.094377	25.527312	24.366261	23.321622	26.417081	18.563515	28.828157	23.582040	10.876453	18.819869
22.478595	28.268061	27.024782	23.311070	27.677590	16.612459	18.973320	25.792569	23.553943	14.730851	11.753862	14.956469	28.857462	28.061602	28.168142	16.781017	15.310440	22.065828	20.038631	16.259776	28.764505	27.454726	26.288849	28.530654	28.582786	28.424619	27.561326	25.675423	15.913749	18.405900	16.819959	26.591427	26.183274	24.051371	25.702675	23.491600	27.276061	11.682236	26.953153	28.502842	23.657585	22.439977	19.838524	25.689504	28.723604	24.107872	23.619400	26.307948	27.804823	28.150100	21.918899	28.852624	28.537453	16.542652	11.341197	25.879469	19.842736	20.489986	16.896659	28.460895	22.154507	20.153378	27.249367	23.875685	25.236696	28.285623	22.530544	11.679472	16.504979	18.606043	16.088763	28.189385	26.252784	27.425842	27.824271	28.847285	15.307392	26.433219	15.872192	27.371812	26.729700	19.531665	23.596256	28.591577	22.151545	26.753646	19.792169	24.494033	21.519679	27.194659	24.848280	20.368731	22.321606	27.718448	23.506879	27.052600	28.117840	13.864230	13.874476	22.848561	25.499964	28.374865	17.202254	22.889457	27.037048	22.665539	24.661062	19.587657	27.275651	26.996535	24.254377	28.713350	13.831044	8.468579	22.802801	27.412455	23.699672	19.834282	27.004004	19.565459	28.699219	24.204508	28.226648	28.761345	28.503666	14.895655	26.680369	19.353749	8.467252	28.454336	28.162615	28.810799	28.701651	28.208525	28.817268	13.505434	22.546971	27.982059	18.571650	18.130062	26.932615	28.419317	28.795749	13.586981	24.461489	25.075749	18.132242	10.531779	27.394466	27.021550	18.478081	15.360820
26.520705	13.434581	27.157997	14.338237	18.494661	18.566357	20.522858	28.640237	28.498632	16.927494	25.912652	25.836372	27.904541	28.574611	28.738842	21.347463	22.601047	14.867415	21.994539	14.549087	18.501359	22.539262	27.166843	25.589500	16.313398	28.654722	26.046968	22.582965	23.589296	25.322957	26.834966	28.881543	20.989809	27.583713	21.135771	10.399491	19.018711	26.971417	27.681928	26.076862	26.427409	12.974099	22.810582	28.145040	26.364057	28.786340	27.859741	16.664244	24.973184	23.765719	25.134570	27.696949	23.038113	27.231964	28.712894	20.979425	26.121269	21.637327	26.697022	25.445261	23.169936	17.605873	18.965295	27.972520	22.015551	26.236109	14.860348	26.823479	15.354464	27.536928	28.066781	22.470105	18.981258	20.353233	20.231763	27.238011	23.624761	23.431890	28.780538	9.744542	28.699362	23.700865	28.533917	18.345865	26.967292	23.151736	26.253670	26.367939	27.091694	27.235288	28.757098	26.525214	27.599158	27.847878	26.379799	19.266913	27.479717	20.430504	28.068604	26.404056	25.645795	24.737268	27.286965	25.431517	13.840911	25.218876	20.836152	26.104128	15.986036	25.449116	28.707397	23.567189	21.414826	14.825157	8.010392	27.089117	24.644887	21.729053	28.258061	20.516063	28.867779	26.809035	28.747873	14.935322	26.782459	23.235025	18.317577	10.181720	18.280138	15.206511	23.795844	19.992889	26.631234	26.271879	25.356520	26.330762	27.290432	19.738706	28.768026	23.038778	13.041147	8.997881	27.952450	21.837418	23.651245	15.838214	24.891986	28.867355	28.460224	24.866160	9.909137	8.684505
28.489260	23.168673	24.971310	20.881477	22.050734	24.424075	26.806954	16.813288	18.526545	15.431190	25.661705	23.674771	27.748241	19.236687	21.793885	23.927806	26.990405	21.318174	19.459433	20.385519	22.567177	26.275316	17.715798	9.171512	23.522989	23.289898	25.556395	28.030826	24.507913	12.402707	15.201197	27.121807	8.319413	21.890822	22.773229	28.049112	28.029784	10.178869	24.967613	26.583706	27.086802	28.468176	25.904190	26.416149	28.616529	27.307699	26.496627	24.821086	27.689178	13.634551	28.625123	27.169120	11.318206	25.806195	23.870684	28.124304	27.720203	10.581211	20.106516	26.315634	17.105722	28.799013	16.210730	18.532015	21.864463	28.841732	22.166403	15.639808	20.991752	14.273481	23.385731	23.707242	17.280485	22.099819	21.119510	24.940505	28.207719	12.321811	9.865185	14.864044	9.943468	28.137901	26.771564	22.496817	22.906036	28.836889	15.333247	21.087813	18.790728	20.776293	19.058524	25.893296	23.418102	28.837201	17.774873	27.131800	28.261460	27.592734	27.393580	16.815781	28.249792	28.092024	11.034370	9.359542	23.326588	21.115448	28.553410	27.152124	23.341076	21.078013	26.229441	22.150909	26.395364	17.655992	22.024095	23.006091	25.141339	21.544116	28.738287	22.429113	15.242360	22.830886	23.483510	12.617233	26.332202	28.538814	18.946141	28.383763	25.760283	22.491724	22.441134	27.115810	14.430108	21.731639	9.328284	28.726600	13.075247	23.478120	28.813970	26.946582	26.720756	19.991727	26.025159	17.381865	23.491310	25.531575	23.986615	21.275622	18.557158	27.743442	23.410836	10.205708
27.706805	21.609045	23.033451	27.056340	13.911928	25.575193	13.286041	25.716624	23.788502	28.413872	23.565219	28.305182	28.747528	24.098864	23.898234	28.740057	23.835954	27.420651	23.339847	20.996361	22.796306	27.212710	21.560129	21.131980	26.643698	21.845525	17.269794	21.006331	28.790246	12.668387	21.355338	26.570565	15.854206	16.845294	24.748027	27.764471	8.665660	24.205506	28.662282	26.923109	28.388847	23.624604	15.108745	16.880943	19.512000	25.569900	10.315017	14.408396	17.067703	24.954902	16.103867	26.442403	16.211368	27.312787	20.622618	28.256174	18.557013	23.667809	9.116845	20.382979	25.014519	23.312178	21.044020	28.289143	28.340639	22.622479	18.803212	28.368236	25.694010	27.487420	22.678824	26.602411	27.862934	12.130976	14.213394	27.737835	19.639072	27.541728	24.594311	25.888514	16.602640	26.592762	6.956883	28.116559	27.871366	26.229053	26.233587	22.665490	27.078152	28.415397	28.462489	18.364409	19.737910	28.670945	27.900381	13.987340	15.724552	27.935725	19.658990	22.777295	24.146157	26.135969	28.449881	22.946369	22.656603	25.545417	23.139849	19.053348	27.766859	22.769750	18.775034	28.298662	27.961319	26.428172	23.078375	28.873664	23.422553	26.864828	27.913328	27.693581	12.254242	19.776927	22.645511	28.377775	13.703933	26.668586	24.724018	28.730770	23.305510	21.295540	12.501545	26.086073	28.721525	22.651925	28.573076	25.095471	19.857135	27.010675	28.505203	27.830429	26.949459	23.191437	18.689644	24.271262	20.709296	13.449727	26.754297	22.831736	14.172370	27.826832	25.355569	26.319763
20.297986	28.545564	28.242182	20.426744	24.111997	24.045556	28.396182	23.399418	15.532384	18.364278	13.896574	28.878362	28.851212	18.314180	26.549431	26.064798	20.928734	25.654973	28.384532	21.496845	17.828488	23.982889	28.102379	18.243254	27.669506	19.972363	24.403956	28.799106	21.073465	23.943056	13.580573	28.805210	28.602549	21.405347	15.157844	22.680774	26.515999	23.818044	27.494509	22.213620	22.112914	28.807926	25.701350	26.678203	12.916321	27.132107	18.513739	21.571859	13.843268	16.655552	19.396400	26.675393	25.992530	24.554923	24.943047	22.115355	28.450819	24.683168	27.726824	23.544153	24.288599	25.008545	27.183807	27.342200	21.920674	23.564459	22.220291	23.986984	23.548034	28.117909	27.548734	24.118391	23.111482	27.662352	28.059563	18.709693	9.081877	26.975974	19.021130	15.957728	26.241978	24.440967	28.733183	23.608390	26.106522	15.659321	21.487616	14.369697	25.301418	22.606123	27.153920	18.313644	22.092577	28.561638	24.901009	26.776361	10.098964	19.552627	18.371410	23.167376	28.107729	28.727070	26.962424	21.444803	27.066383	21.965264	25.032471	28.054668	21.271095	18.083636	18.253227	22.269990	27.582437	19.401895	20.330466	20.176523	28.269850	26.877461	15.706459	21.983835	28.403591	17.353120	10.226454	24.219983	25.810339	28.510710	26.545972	17.413732	27.966370	26.289954	22.430263	25.728412	23.763939	27.711011	13.071952	18.898350	28.856231	20.609557	27.765427	23.054680	26.865114	25.814661	24.580051	27.799129	28.540511	28.580520	14.868685	19.633961	27.046887	26.455823	28.160904	25.322498
17.296287	23.382720	23.809857	24.521803	19.409020	28.284411	17.905811	25.498068	28.181461	26.515864	22.320659	28.410828	15.432483	28.052027	24.444756	21.100750	16.139242	26.040441	20.737436	23.995762	19.204356	11.031250	24.475797	20.163823	18.911232	25.390817	21.354978	28.232481	22.671817	24.640340	15.732483	27.545145	20.264586	16.230025	12.137004	26.401627	27.845306	16.621730	22.565140	26.517099	26.971832	22.421602	27.478011	28.037521	25.579566	28.073156	28.630517	28.038901	25.804471	24.500168	26.685538	17.576059	28.704316	25.921175	20.714083	17.442562	28.222077	27.030196	28.013371	28.441405	23.008973	19.313114	24.096558	27.392543	22.997182	25.533082	28.481493	22.449673	24.963203	25.667534	25.565002	23.017254	21.766846	13.875132	26.840142	12.148383	24.523007	21.782095	14.518777	21.631024	26.671539	23.678196	23.641860	26.632354	28.392313	27.996568	27.358180	25.570287	22.165714	22.235660	25.639636	15.718436	28.630056	20.732215	27.143548	11.968868	18.193286	8.916501	28.128677	21.188712	22.169030	28.253087	25.771719	16.362362	27.329024	12.447525	22.426995	24.324196	28.552601	25.242546	17.819499	27.837284	20.338746	26.985598	25.938240	9.124032	21.546424	28.693648	28.493021	15.333840	26.172884	21.508664	23.943980	28.364546	25.609450	22.132582	21.148596	18.188338	26.725410	22.876553	21.724108	27.861874	19.954972	18.054267	24.162239	15.311327	14.248676	17.048673	28.846641	23.302231	27.664385	28.528271	19.082073	21.004304	23.926622	25.866150	28.654449	23.502265	17.677608	27.622440	16.620681	28.462761
21.620812	15.227117	26.008918	28.300136	21.776116	28.284706	25.237981	28.615578	26.457621	28.028303	19.372627	26.773095	27.271404	25.023018	27.251783	25.857782	27.448674	18.535224	21.020329	27.350371	11.469820	24.412190	28.659335	23.139313	27.128795	28.273581	24.665676	25.526970	13.253708	26.540868	25.343152	28.207666	28.046625	16.546981	21.196045	22.056147	27.229181	16.778719	25.799377	13.974487	12.823331	28.011544	21.224448	22.071424	19.426402	28.684305	28.448068	21.370575	10.854368	24.623766	28.344459	20.415553	23.702523	23.557688	25.721861	22.882971	26.659621	22.474479	27.469201	15.789740	22.729714	26.854895	25.019975	16.546573	25.593178	25.874054	22.459502	20.522795	20.825201	23.267135	21.688402	27.238763	25.729078	8.372928	28.170237	24.654275	15.906516	27.037669	27.583117	27.978244	28.850171	22.022199	28.375155	12.990722	20.381696	26.347450	14.169749	26.210799	27.131012	27.454607	7.954498	25.505858	26.259470	26.217679	26.905236	27.933853	24.377251	26.863487	12.488202	19.018850	15.694899	26.850289	27.755049	26.614138	26.831060	19.106383	12.740221	12.773636	24.753579	18.883571	27.004632	16.206976	28.138060	19.238922	20.469183	28.646499	12.160728	26.845165	25.789534	28.113170	13.091635	27.681623	20.634153	18.703301	19.737246	19.940358	19.289824	19.460399	28.140749	26.015352	26.345418	22.532089	13.972452	26.189077	25.185810	22.478591	26.454731	22.818769	23.444979	27.808317	24.116236	24.370411	22.812107	17.440569	28.385009	22.664039	26.191359	23.667290	24.250972	27.406866	27.912341	9.568695
17.844211	25.785349	26.899863	24.162162	28.496381	18.199953	17.686717	28.878810	26.246765	28.888010	23.217055	28.882135	20.905685	25.401085	23.102068	28.403760	27.266948	28.663340	26.338409	23.851756	27.788532	27.009675	28.280354	20.061449	16.471500	27.441040	28.736943	28.887926	28.184881	16.279506	23.252500	27.584674	25.010039	21.015459	23.688497	24.712722	27.975117	21.977789	11.568460	25.827282	23.982794	25.646557	13.782940	20.570726	27.664064	27.884194	24.085054	19.270417	23.618801	20.950513	27.676231	21.213395	28.747093	24.996272	25.093891	22.119844	28.848134	18.737789	25.804934	18.812202	26.998535	28.294502	28.219493	28.621166	22.483379	23.245076	26.147732	17.528590	18.079881	25.238677	17.643314	25.231764	13.348716	15.040978	25.259644	28.252256	18.667479	22.147473	26.896632	23.924240	11.625886	19.067552	26.528107	27.667285	25.958274	28.329531	24.314724	21.365348	28.693816	27.539993	24.734533	20.697090	25.015222	26.017627	22.509179	24.122956	24.798337	13.789658	17.956411	27.080485	14.058915	25.382231	19.973262	25.586504	26.337498	22.763732	26.458965	25.554979	26.954092	28.009878	19.437135	14.690405	10.584050	26.744168	21.117516	28.474428	17.693530	27.708663	26.558121	26.491226	27.557527	19.233742	14.768392	27.356756	23.095739	19.138588	14.913348	21.892788	26.277935	19.561022	22.064410	25.695650	13.763756	24.562450	27.619052	20.176145	21.487918	28.059691	26.811414	28.472501	28.473518	8.184951	28.767770	28.403588	28.659807	21.449288	27.681385	25.076145	11.104888	25.032237	26.686412	10.393435
19.242792	21.133090	28.509516	24.786896	15.903034	23.003590	26.482817	20.380714	23.162873	25.420433	21.574714	19.571075	12.968706	24.797209	20.009836	27.758294	27.607750	18.282596	17.469269	22.573354	13.452038	24.336313	27.433910	16.390168	27.595764	18.840685	21.672460	8.008268	24.486931	18.566361	28.686384	25.589371	26.185235	28.267282	17.354405	25.642712	11.616143	13.465709	21.382719	23.056953	28.078154	12.800165	27.465741	27.576123	28.345879	24.991663	24.014614	28.466334	23.871027	28.591602	24.974539	15.329616	20.677418	25.796049	27.376797	26.999126	23.284856	19.866394	26.726521	19.667685	27.508795	16.208293	24.219078	27.962191	14.316322	27.982426	27.966402	28.434683	24.836991	28.004716	8.699649	27.599392	26.230588	27.246800	17.717991	26.064255	25.270752	19.398435	28.334836	22.414764	13.431778	25.567220	26.825138	21.752702	20.202689	22.254635	27.824719	27.476999	25.217749	16.182691	22.332418	13.864426	21.279257	28.838823	18.368877	27.177128	20.863120	25.273674	20.917453	17.469774	14.265117	28.596954	19.702386	20.818364	22.620386	26.294361	22.506985	19.496689	14.885995	20.034945	25.195735	24.449587	21.589499	15.336701	24.031515	25.843740	28.510941	24.793515	26.826847	17.834462	23.624154	28.433764	28.813816	19.795252	10.359962	21.764771	26.134228	27.598799	8.838020	27.829228	19.415048	27.418073	25.699632	28.203969	17.284654	23.742245	27.650542	26.166175	28.300950	26.752580	27.937357	25.911473	25.260897	28.567676	10.672483	28.770581	24.726268	22.495905	21.836006	19.507194	24.855642	26.291042
20.554113	26.642818	14.944584	28.532207	18.747215	14.528860	26.415684	26.766100	20.994232	12.495747	17.150465	25.982236	27.553532	27.956569	19.032524	27.803651	14.682731	17.875230	28.627909	22.994635	16.679588	21.584320	28.601177	28.417038	19.702220	27.584600	28.165106	22.226726	28.622715	17.755778	25.732382	28.695980	24.733538	22.294706	24.648498	28.749192	24.038929	22.463575	28.772688	20.499582	13.338987	25.632002	27.045348	20.688232	14.063161	27.452373	20.468787	24.447840	18.616570	25.567786	23.673145	9.353058	18.493059	22.854064	28.090265	27.877242	27.165236	17.004666	24.304405	28.770648	26.616312	24.205089	24.659923	15.597061	24.397522	21.626708	13.103137	26.366814	26.136921	27.830797	19.152004	27.863743	24.045360	8.840515	27.023539	28.858772	20.595552	28.885389	9.020970	27.366532	17.681709	25.902394	19.577557	28.570841	28.076226	28.855378	25.786047	28.388054	26.245175	16.565640	25.772547	22.792569	25.645096	14.923671	25.341860	27.284065	10.882441	28.420242	10.715484	27.901317	19.934597	28.520256	18.597877	26.509925	25.867140	27.306056	28.713167	22.117491	10.946450	28.356222	28.009714	17.429637	20.380891	13.237469	27.456878	26.269366	19.425027	16.203407	12.055794	28.635982	24.333479	24.683508	24.416794	24.203710	19.353787	24.708781	26.987097	23.867202	22.725846	26.269104	17.835483	10.387862	23.032402	20.502501	25.396672	28.786666	26.169591	25.603045	19.888479	26.850582	25.086727	24.885097	28.589455	26.864558	17.632285	16.526577	19.044887	15.699692	21.095176	23.250043	28.521250	27.869751
28.028342	28.391663	26.422881	15.203881	28.559436	23.407869	28.161959	28.328249	25.743733	26.059045	27.539343	12.808957	23.551408	24.683344	28.338745	14.547669	28.664103	26.940043	25.085126	26.300083	24.351340	19.443101	27.118542	27.793014	25.413804	26.173982	26.446695	19.041934	27.310122	25.079075	28.601683	26.606253	24.542333	28.206850	28.730334	17.536336	27.320273	28.063643	27.903613	28.729745	26.785589	28.012541	16.671783	27.904883	24.328906	10.971030	24.828263	27.659371	18.216512	27.385371	19.383651	17.622286	24.332854	28.759432	25.989386	24.449527	23.092594	28.747059	28.277251	24.825363	25.732466	13.159476	24.070912	25.822222	28.764549	27.704530	21.692479	22.918245	26.436692	21.809557	25.508052	19.764285	13.327573	28.298005	25.400464	27.820837	22.168902	21.525652	20.243400	23.014201	23.726706	23.373518	28.757866	26.688696	15.510759	14.737466	26.577431	24.749871	14.854613	24.778163	25.222784	21.918518	13.610890	8.566728	22.470245	27.309670	28.620687	28.390753	22.907031	26.442617	23.271461	24.927883	18.023412	21.763803	27.484200	26.283829	23.914270	24.160755	23.439045	22.722893	26.560386	25.132646	23.282559	17.882485	24.601146	28.868128	27.014623	22.107516	23.855029	18.063152	27.553884	25.397557	22.010892	19.002552	19.410304	17.550790	26.968493	14.277403	28.446460	22.205672	26.921417	28.655714	12.459795	26.305444	22.343226	16.906612	22.718321	10.040686	16.467389	20.254820	25.298821	26.118857	27.000367	22.307398	24.860824	24.132522	15.694808	18.940163	25.924520	24.119325	21.515216	15.293545
23.101108	20.398407	24.524702	27.548797	28.499317	23.240657	26.075599	19.298948	23.350553	25.670080	27.128338	28.060404	11.838653	28.105560	27.976813	27.590419	28.802549	18.439100	27.559936	21.200475	24.958095	21.011552	23.838232	28.428129	25.359458	26.517403	21.356664	28.187899	24.592360	25.907172	15.280082	14.296568	17.506242	12.630219	27.719562	19.551796	24.888818	22.841445	28.781617	12.736027	28.262271	27.866798	23.187728	23.556586	28.432396	19.962999	27.779367	27.233592	27.290684	23.238666	20.826258	24.501085	18.452642	11.321122	28.606829	17.738532	21.369373	25.723134	18.523024	22.897193	11.995155	22.271278	16.831539	15.802724	10.165143	21.519748	22.654771	24.365073	19.702142	22.979954	27.315060	12.495267	24.153192	21.860820	12.875351	26.649578	27.222338	20.741900	23.418654	28.205730	27.406388	17.776851	20.752974	27.840206	28.432132	27.058032	27.988027	23.134936	14.916795	22.956802	17.259146	26.304037	28.792072	12.080411	17.167575	17.742594	20.496156	16.960542	18.832885	28.093931	28.354376	12.700048	13.956473	26.093574	27.509699	20.951722	21.495028	11.398089	13.734574	28.430866	17.305964	11.854763	27.562830	24.020037	27.408416	20.576088	27.877911	25.598017	17.463395	26.010508	18.020892	26.564351	25.496190	27.529458	16.530566	26.232770	19.310461	27.014862	21.315604	22.193649	15.590762	14.761058	23.892772	28.001111	27.832944	28.109628	28.750507	18.189803	25.075351	18.386534	26.866202	20.976466	26.981283	28.150805	26.285445	28.352043	25.315249	21.604960	23.642190	27.751059	23.623929	9.613402
22.191216	22.724250	18.330607	18.506562	23.199159	7.445225	27.588872	20.640409	27.655280	28.591059	22.388948	28.281234	28.183637	27.109313	27.136172	15.359165	26.996848	26.952801	26.551823	19.948280	24.786995	17.306529	27.141186	26.249805	25.722956	24.614289	27.694773	26.676864	25.252717	23.950175	27.953788	12.228914	11.907797	17.243205	28.161907	28.465571	12.347369	25.996712	27.435504	25.468524	28.422642	20.797419	23.718192	24.097900	20.820140	22.039584	26.959603	11.139909	20.313800	24.474489	23.250296	17.578827	28.685413	28.536884	25.570194	26.700341	23.454502	28.186983	12.433493	16.320324	27.268021	19.296728	21.590958	17.826679	27.755229	26.965905	22.983861	27.852142	13.592388	25.416738	19.633221	17.993217	23.475303	28.738718	22.887254	26.215290	18.840889	28.186350	17.080888	11.168704	27.845372	28.833803	27.854332	21.732768	20.804408	28.558233	26.621203	27.311474	27.814984	18.541165	18.870492	11.119063	18.007872	22.894518	15.094566	21.961540	17.982635	25.203158	28.547988	17.031188	14.973634	27.514847	27.948839	28.620783	28.800976	24.742677	28.547175	17.251120	23.940758	25.149491	26.839015	28.699442	28.382443	24.221413	26.988395	23.429462	23.261250	23.922928	19.117018	28.648537	27.328449	28.069598	20.231488	25.471738	24.624216	19.382461	24.925926	17.918510	27.230836	26.064504	22.330795	27.887534	28.436054	27.602293	28.587679	25.290984	28.646543	10.091247	21.370531	21.563432	26.709004	26.559754	12.216226	24.237976	10.681136	21.087004	28.462929	16.218008	26.531231	22.759379	24.365864	23.609678
25.373933	28.670599	19.005283	20.710455	13.282126	28.014325	27.603831	23.164053	28.386162	12.379370	23.914703	26.499473	24.762467	25.911880	21.774344	16.547352	17.437580	25.723035	27.906722	28.044109	23.414650	15.083246	28.832143	27.107939	15.259274	28.299803	21.841453	19.126393	25.887718	24.338268	24.845178	28.185449	26.240698	24.771455	28.788585	26.915924	26.902039	23.192042	20.388073	16.312033	28.868855	19.666612	25.520509	26.707491	27.186823	24.194660	25.813156	26.766505	27.158213	24.532039	24.932871	16.862823	28.713418	28.510248	24.636043	28.829555	26.618934	15.543415	21.274501	27.511335	23.275938	26.634668	28.027975	17.133584	24.492503	27.563663	26.709548	19.944421	23.659549	27.410620	14.002209	28.079330	19.290726	23.457150	23.917567	22.689248	18.439084	25.662907	27.705072	20.731469	25.081904	27.503795	23.642980	16.418700	18.582755	21.617778	24.712522	17.711294	19.480447	21.034385	20.980878	27.985394	20.369415	28.672720	28.777073	28.748236	23.547366	26.516420	23.760893	20.060572	26.586641	25.717578	22.183098	24.900444	27.614889	28.102329	18.789273	20.157362	16.663210	28.166086	20.608445	26.551645	23.148700	8.756331	21.060381	26.328163	22.625164	19.408864	10.740043	21.652151	9.570167	28.613944	24.464608	26.249244	18.916353	19.442319	24.096148	27.275717	24.342128	24.260172	21.287985	28.783195	28.411553	26.856236	22.112949	26.175909	26.406600	21.545476	13.388469	26.010386	17.446196	27.008320	15.936621	28.808368	22.005679	26.979371	26.273203	26.809733	15.365373	16.323713	25.387587	26.592125
13.022555	28.798654	25.393483	25.274654	24.312009	28.413395	21.381107	21.618997	28.660317	27.827117	20.824228	20.264645	27.201835	25.425574	23.902093	24.705354	27.282186	23.167271	28.118180	26.560139	27.083788	28.304548	21.282275	26.757625	25.863776	24.753153	25.061852	28.828911	23.475314	11.531598	17.666701	26.754441	27.577835	17.939776	28.768115	28.070352	16.010270	24.099993	27.569230	23.345732	23.398656	25.986082	27.856115	28.251989	7.685452	21.208995	24.079829	27.445983	27.864566	23.061909	27.529793	22.076781	18.672090	20.515928	15.813929	26.839962	24.402554	11.280810	11.225480	17.453411	28.186665	25.073733	27.680397	17.845697	13.154571	26.602505	14.441881	26.224572	25.264422	15.326609	27.415042	26.296873	27.178555	19.952908	14.691313	24.607717	14.505806	23.639619	15.441722	25.868537	11.754128	16.128923	25.750221	28.082736	27.029996	15.563052	26.745656	15.922581	11.398584	27.699722	25.205029	28.600081	28.835178	25.663532	17.547084	27.802927	25.603262	27.251614	7.924153	28.072792	27.571980	27.332808	25.921255	27.556538	28.055563	26.153319	24.574038	22.393055	24.563053	21.863286	20.394926	28.867571	27.317823	22.572530	22.257520	28.887529	11.258900	27.984910	8.896465	17.138945	18.208118	27.784872	20.215536	22.034888	25.609605	26.168291	27.213492	18.345738	27.138233	23.577627	28.836751	11.357740	25.467836	17.687452	27.818505	27.599841	12.133557	23.532113	22.937999	15.543204	27.248979	24.467395	27.131601	23.722986	27.596479	27.110145	22.769648	24.558963	22.482708	27.231077	21.511158	26.395305
9.476053	28.601958	19.161920	23.483004	21.261304	26.077249	20.208987	19.015006	14.073453	28.855145	18.294395	27.276226	28.644648	26.314898	24.095364	13.692750	27.756455	23.956850	25.784259	26.556274	20.004394	22.589870	26.891435	25.601253	27.367473	24.426056	17.005688	26.713463	19.129610	18.327599	28.493287	24.962223	21.797370	16.728262	22.102315	28.741974	25.111617	28.032494	19.705626	28.796430	28.209282	20.983985	27.181323	25.369803	26.908715	17.178810	25.836620	22.485557	27.490016	13.276415	26.761572	28.568059	28.791623	26.593408	28.616373	25.219879	25.623693	27.237336	26.821142	27.604832	25.794240	16.345302	28.116420	26.092023	13.292713	22.897586	18.308897	25.279063	19.089028	16.039952	27.656949	26.778281	25.605580	28.690817	24.172486	28.854558	21.543340	28.616617	28.421928	28.882937	21.316194	21.451848	19.962775	27.487900	26.258211	25.609782	23.331179	26.356946	28.326647	24.551061	26.330695	26.417298	25.469791	27.772352	19.995030	24.728818	28.460012	20.265298	18.497570	28.675440	20.426144	12.932701	28.166342	24.758948	27.003013	17.404798	28.573962	16.752018	14.158547	22.298989	10.550892	21.750043	25.883342	28.701393	25.300572	10.268771	21.017840	22.076515	21.730845	27.822931	27.046753	28.326623	28.609410	28.317582	27.966775	28.343295	25.177897	28.888743	28.284091	26.926477	27.872487	28.067043	28.623945	26.861788	23.816608	28.201373	20.513153	25.652367	18.231321	22.975427	25.553538	25.382565	28.789050	20.737039	21.913766	16.424748	27.056516	8.331098	19.449706	23.152449	17.245349	26.541654
24.368794	19.264513	23.991429	8.379994	28.727744	25.437787	27.746666	24.395154	26.490202	28.840259	26.227791	22.630962	8.822400	28.685776	18.698692	23.528616	22.571873	26.873353	27.209415	27.722899	13.479466	26.549356	27.418825	27.886507	16.196572	28.210059	27.241211	21.886836	27.774491	12.478866	17.807475	19.171884	20.255638	25.714481	28.464790	26.637392	15.604694	25.077704	19.728392	24.369481	19.747209	26.549144	25.589077	23.184726	23.245009	21.641492	26.470949	16.653645	27.929335	21.213875	25.314705	25.057891	15.655532	22.169433	20.972577	20.024418	28.706223	21.292939	26.290825	20.321736	18.615956	17.322597	27.357515	28.778848	21.420564	20.140300	21.898890	17.091727	27.630148	25.146550	20.578514	12.264305	26.444443	27.600336	27.463708	17.787468	15.687358	26.287747	16.128753	22.390118	24.253960	11.599575	15.541421	13.124448	16.202389	23.555307	24.822293	19.507937	21.703588	28.810023	22.874941	21.322161	21.692562	11.609655	28.737015	24.000051	27.041837	12.341805	12.410276	18.135701	28.413570	28.187258	23.172088	25.792737	10.009501	17.214536	28.709568	28.851646	25.856184	16.767803	15.810431	27.463870	28.686630	28.001142	25.520262	28.689748	20.165027	22.418109	28.687464	27.842881	28.506977	13.236437	13.909723	13.719842	21.701819	18.031045	23.653965	20.134405	11.822841	26.231764	27.416220	28.396159	24.987042	15.955581	25.422375	27.454135	25.438789	21.244791	28.259988	28.834634	22.977031	13.895021	18.519638	27.458936	18.406501	26.365180	23.371735	15.108504	28.411939	28.299999	26.752973	10.117517
20.904546	26.215577	24.649942	14.700035	28.274731	20.502348	16.561590	26.978869	22.211400	15.367128	11.573789	17.746675	20.921097	26.639517	21.604868	23.963689	27.129037	22.798354	24.959393	24.191919	25.726653	26.466417	22.250166	28.114757	27.603368	19.380330	24.521633	28.844568	25.697654	28.695916	22.021009	20.903363	28.635333	26.404680	26.306334	26.213068	28.761070	13.782075	19.283559	12.232088	21.857716	17.909410	24.402084	9.119129	20.758668	23.089152	28.809200	24.288147	28.383497	28.533254	28.829455	28.504147	17.732757	24.599558	12.549304	13.924874	24.688126	27.168318	21.531065	28.024111	21.150176	25.081476	28.595889	11.524775	24.703968	13.312524	27.587281	28.744039	19.399961	10.951329	27.821612	24.716647	22.092216	28.363011	19.779265	24.375267	17.898728	25.044151	28.801763	22.051984	14.275249	10.905141	27.046386	23.073441	27.862457	28.691165	18.040029	23.136582	27.559539	20.496140	16.623602	18.671113	28.283087	18.636590	25.687642	26.794565	22.893522	24.086375	28.635181	20.451071	22.127168	26.305549	27.627530	25.284876	27.090605	11.396029	26.468200	26.927040	28.404814	25.435732	27.914574	25.389600	22.514242	8.432568	21.374672	28.840151	19.922057	12.136968	19.467758	22.711033	21.581037	27.961485	28.774052	19.877774	20.282944	27.139603	25.505161	24.912964	28.077258	28.600042	19.751532	12.456438	28.863849	18.493897	26.030710	25.453758	24.823669	27.858006	27.821585	27.931417	24.493203	24.166200	26.926923	18.472276	28.674593	9.330597	17.029114	13.922248	28.573196	20.897603	25.921154	27.486773
21.319322	26.698863	26.623809	23.844460	24.214925	27.328257	20.466499	26.986741	25.071409	11.051272	25.758277	13.609009	27.783827	28.209037	28.694576	12.523879	26.143064	19.836705	11.334378	28.294473	8.107672	18.000755	26.791928	28.875223	19.037073	13.909130	24.612167	26.351112	11.885227	21.682956	26.341364	14.416843	14.261357	14.359760	17.053208	25.176722	28.845436	22.714451	10.175786	9.185012	23.464419	17.555003	27.569454	27.311515	27.310152	15.144514	28.859260	27.561045	13.730884	27.258105	20.131186	15.170578	21.388187	17.524519	24.959201	19.399829	27.493153	28.884211	26.745393	11.587616	22.010897	13.345050	22.117053	11.495100	26.333252	21.458850	16.565984	28.244030	18.325902	14.398868	28.698082	22.920635	28.785300	28.073603	20.767571	17.005585	26.762140	23.756374	25.711484	16.953110	28.410379	28.843312	27.751407	28.090524	14.429816	25.683509	27.398033	28.095954	23.508104	16.635055	24.862227	24.975388	26.318334	11.129364	25.134363	25.096207	22.497931	14.724759	17.414438	15.350847	28.078429	27.065189	24.706264	15.329515	28.711671	18.543567	17.545627	25.611010	17.655316	28.536955	15.001647	28.668293	22.022675	18.705172	8.557375	25.296096	27.556578	24.621184	28.062726	28.603417	25.765725	27.115478	27.777037	17.020988	28.519254	19.687629	18.855214	24.385113	27.519316	27.488775	28.854557	28.263154	25.938464	11.714664	26.897847	19.980670	16.702750	23.833318	28.583455	24.761298	20.704818	26.334481	27.050165	25.031339	28.721594	24.890782	28.275201	22.986837	25.233544	17.264976	27.313641	25.904964
25.325378	23.714081	10.132465	15.665098	24.044247	17.595482	28.403726	22.598431	27.820616	27.120708	23.157423	18.971920	18.876653	9.376939	28.769655	26.630649	17.143455	28.798340	21.191355	27.298081	9.555412	25.817689	10.842784	25.495977	21.635680	25.642147	26.457982	14.491632	8.137062	11.706022	25.269904	26.587850	14.154603	19.898308	25.023140	28.784770	8.430481	8.706009	28.882595	15.551215	27.344603	19.419575	17.147322	26.189192	12.292563	19.465401	15.930796	15.772072	20.991996	10.326371	27.775999	22.694862	26.001756	11.331393	28.523177	25.117781	24.360196	28.463743	28.839458	27.264614	10.522451	24.728875	11.601967	26.368064	26.466741	12.658656	27.233217	22.986912	21.395505	27.644509	19.202024	12.968277	28.845015	18.323386	27.010721	23.391037	23.572484	28.528106	16.715625	27.407308	27.158941	17.530199	27.377429	25.390815	27.669931	27.936229	24.131592	26.058271	23.622230	12.165552	27.740957	28.858375	26.979804	28.331414	28.600153	20.503723	23.088358	25.452550	15.772034	18.956688	17.730677	21.459109	28.711143	27.875685	28.477775	25.252351	26.175316	26.713081	25.834407	14.508008	22.559827	25.226654	21.127004	25.321346	22.972197	19.151021	27.139065	18.107839	28.157481	26.169498	17.881079	28.496658	28.512580	28.650876	13.363034	12.434124	28.713740	24.815585	27.135609	23.555299	28.847150	24.915435	25.033958	24.421402	19.995851	22.422682	20.325090	20.488775	28.435088	22.682525	11.197634	24.241943	17.816097	23.432149	24.336566	26.997862	25.900389	26.104304	27.732556	28.885848	26.491315	28.708830
27.919233	27.511507	22.431838	12.999120	28.300039	27.224102	22.996135	27.671112	28.863880	20.674194	20.263819	22.574811	19.531008	20.469678	15.585024	26.604997	23.117511	25.753442	19.555670	27.316159	19.850330	27.648677	27.021340	17.753635	24.242259	19.665493	17.604089	26.269015	24.500289	28.121223	14.515603	28.556514	10.853254	20.011840	10.931134	26.642605	15.726032	23.081892	24.794509	27.233724	27.290742	10.923562	27.417401	18.018800	20.546739	20.313965	21.238142	28.477991	22.198220	27.170186	28.132939	22.374909	27.000080	22.943142	20.164418	25.985658	21.573289	13.842638	28.188504	26.765526	26.198024	20.605231	24.386759	20.256239	28.029847	25.116507	28.547035	22.647032	19.116594	20.552870	26.332211	25.309548	26.709768	20.462045	27.558320	28.409108	28.354856	26.003821	9.900683	26.112565	23.332890	10.242694	26.710642	26.403774	22.824054	27.674294	25.207467	26.252249	19.158228	16.640925	20.089330	17.138501	28.879920	25.129462	27.913245	23.595359	25.808075	15.349293	28.305753	13.944582	28.853167	27.928448	28.108903	24.404830	15.704011	17.356039	28.812019	23.027195	15.000007	27.737178	26.205063	26.168170	14.856254	20.459073	28.085488	11.480304	11.882929	19.115975	27.327090	24.772272	26.856100	28.803677	18.797909	17.942358	21.523804	24.650130	17.808868	17.120227	23.519996	25.202107	11.580471	21.475068	24.074757	28.041728	26.114247	21.581188	23.659546	23.029347	28.333867	28.326291	27.992041	28.599294	22.521164	14.295030	26.326327	28.820199	23.798190	26.115153	14.649855	28.139025	27.232145	23.537326
22.173967	28.794161	8.306589	28.600450	21.448066	22.763744	24.071221	28.735346	28.318645	26.612473	26.129476	27.294003	28.144333	9.152492	12.465738	28.269457	17.795943	27.392239	8.941309	28.390219	28.036051	27.341461	22.182981	24.990754	26.720716	28.802085	26.467653	25.745521	26.544791	28.218135	20.273112	28.655935	27.161085	22.908819	27.865620	20.931712	24.838025	22.527657	17.639866	28.520742	24.294466	24.989723	28.656840	28.058125	23.832895	26.286723	15.380044	28.086534	27.120023	22.670305	24.688134	28.761529	25.731406	24.850299	28.431009	12.643401	25.864328	27.753548	21.916865	28.690648	18.966033	28.674728	14.462763	28.681194	27.988560	23.362284	28.088127	25.932710	27.810748	10.608650	27.150449	19.163859	23.465935	26.781509	23.077801	26.964545	26.764791	26.454589	28.601601	22.438984	25.820441	27.006541	27.642478	21.883040	26.228990	28.290481	15.697451	17.390899	28.098506	28.298589	25.900908	20.752856	18.679176	23.537113	15.554149	16.231878	25.276845	25.036994	25.303666	22.250913	18.667379	21.065663	23.772608	27.321257	24.399064	28.485141	26.274160	15.223161	28.096465	21.572950	23.711509	24.136631	16.624654	12.574884	24.109006	25.378524	20.604227	24.139532	28.436893	17.982274	26.284885	28.634005	24.503034	27.808450	17.111394	22.018964	11.476937	27.826783	25.174607	27.425746	25.497938	27.302944	18.172827	28.851326	28.856744	12.556248	21.869162	19.463384	27.936586	23.600029	24.898695	23.804602	13.142664	9.613125	25.343497	26.256667	28.002612	11.666978	27.900085	25.378674	21.655714	28.408371
28.327502	11.862293	22.885143	18.728706	28.273449	18.519564	13.939508	26.110700	26.005786	21.466760	27.911965	27.969951	26.815558	28.665641	24.393210	20.664999	25.570898	24.580032	25.979543	26.301327	25.334977	19.907020	24.253591	28.773772	28.280965	22.695746	27.886287	28.737893	28.064514	20.844361	16.660946	21.167046	27.776818	27.143957	27.045339	25.792323	27.094609	28.309743	22.340407	27.227208	14.921709	28.833406	25.636788	23.130379	24.528741	28.235714	27.888005	26.134650	12.561355	11.881750	27.560938	27.813124	27.349760	27.360567	11.818974	18.302869	17.606932	23.326198	24.187522	26.240302	17.917496	15.892889	22.089989	22.162419	27.598046	24.016061	26.290586	26.436966	22.434138	18.040603	28.827293	22.369915	28.365793	27.577032	17.143787	27.042334	12.217606	27.172073	24.454735	26.766899	27.251234	26.694954	28.383741	28.650925	28.864700	25.160621	23.691941	28.876956	25.343042	18.022696	24.193263	23.336590	16.969503	24.619562	26.131901	28.728926	12.793100	28.114365	25.733064	24.648498	19.795316	10.460570	26.264568	14.502727	27.952787	24.491603	18.648871	26.958692	11.387794	24.350704	28.714370	15.015864	20.909065	28.860464	19.031045	27.341500	21.866967	18.829350	28.313822	24.737310	27.057520	27.903390	25.730356	27.733972	24.422886	25.062981	28.487360	27.383267	22.474832	22.552087	11.097471	24.579681	28.376168	26.043431	28.274790	20.626451	18.462514	27.191623	16.791669	21.417363	26.069163	20.816507	23.729980	18.127087	19.561810	6.603792	21.792489	20.974880	26.647066	28.886573	22.025961	26.463587
19.593328	16.149611	24.747606	18.686746	15.331336	21.425424	23.884430	23.395657	17.345926	20.945079	12.144804	23.540619	18.640688	11.781249	22.758051	25.930192	24.238798	28.841639	17.308264	19.885980	28.837875	22.639174	28.458773	22.714343	24.854365	27.179506	24.120301	27.115392	18.597198	6.237572	7.653562	24.352966	27.768590	18.267194	23.111815	26.171909	25.842808	28.567253	26.514124	21.837512	27.697073	16.298680	22.762227	24.824600	22.330939	27.395401	23.969965	18.570717	15.344131	27.817085	27.622570	28.874000	27.321884	24.838616	19.529924	20.373531	28.172322	26.889941	28.658359	28.577668	28.779917	28.816212	25.811400	27.662536	27.516845	28.234667	9.655499	24.793965	17.510602	26.705136	27.432476	27.826038	22.680116	26.381890	28.086963	25.624516	23.294801	27.383021	27.069814	24.571915	26.016874	28.843631	27.766466	28.217255	17.691124	18.449901	21.439681	28.669194	18.879966	22.133806	27.815541	28.753473	24.788801	27.730477	20.109794	26.610500	22.592372	28.336812	21.087261	19.784187	25.681639	8.915424	26.436647	26.116890	28.409179	28.173691	26.953622	26.708016	28.732852	9.827335	27.185287	28.447091	26.218391	22.083806	27.642744	28.104392	28.118918	14.799117	28.863532	27.323941	26.758985	21.762663	15.271155	26.787293	22.314844	20.695611	27.065437	26.073098	27.568947	27.686835	28.235903	24.421647	26.610534	11.985772	28.285301	25.751962	14.555242	25.846784	27.605336	15.125107	21.102793	21.905600	24.578438	19.703598	20.941314	15.640652	25.267128	27.287707	28.112689	27.406155	24.584851	26.586885
27.164014	28.664497	23.125857	25.334673	23.432345	27.431757	28.271903	27.694990	27.090714	19.633561	21.177898	23.345136	18.224704	24.743456	28.435306	24.876468	12.739520	22.092515	20.581313	8.752774	14.113702	9.963176	21.500321	24.484496	26.389227	22.144969	26.743271	26.031690	21.142466	25.503414	27.687567	28.494987	24.640045	25.902122	27.909286	26.316158	19.356161	28.598932	10.559579	26.633116	28.431105	9.630865	28.242717	25.390676	21.636080	10.034776	28.610098	27.923900	18.939800	22.977224	27.967275	17.044928	15.881882	23.291041	6.854802	22.261712	11.474006	24.116707	15.616143	22.226752	24.743471	24.106242	26.661122	21.503661	16.228185	19.665155	19.064242	27.971940	24.337716	23.403894	26.391851	15.767383	28.304691	22.532542	20.227396	25.857120	21.794525	20.856764	25.970236	25.021003	25.966513	28.486160	26.477575	28.825576	20.003593	23.792232	16.149263	17.047244	24.550463	7.635495	18.961270	27.200875	6.649563	26.565163	27.081637	28.579816	23.122888	28.308773	21.609578	18.020967	10.719737	27.655415	28.529809	28.533309	18.569413	27.930008	25.144672	28.006096	26.370705	20.170663	13.123584	27.002475	25.073470	23.926136	21.706880	26.631028	19.506092	28.764838	23.002695	15.803526	21.035391	22.276590	10.354834	28.817763	28.594209	18.999406	19.764165	10.666526	26.759953	28.605122	20.628978	25.812640	28.856287	25.466835	13.506147	19.886427	26.330646	23.609757	28.849608	27.898105	27.863134	19.947345	23.266770	25.626846	24.163326	20.025898	27.451069	27.356970	20.576695	21.074651	21.021399	19.014176
24.183596	25.576648	15.415304	24.988389	16.792155	24.615517	27.170599	24.227678	22.553484	18.652258	9.592313	27.764075	27.773433	27.869460	16.694999	21.069419	24.784270	20.608579	23.546276	27.333421	15.957903	26.293229	13.650485	28.887908	25.097195	22.069864	26.748584	27.500052	26.248814	28.172421	26.108528	26.615605	28.169801	25.411332	27.196067	28.580005	11.749533	13.597795	21.555337	28.564978	18.413719	22.981590	22.888414	28.601642	26.906947	25.754143	28.337047	28.437936	26.231346	25.819449	17.872137	20.991823	26.179583	17.918662	28.865645	28.762154	26.276989	27.425268	22.618506	27.575147	24.750684	27.220281	28.852095	20.313728	25.770301	16.976576	16.088059	22.720737	22.557734	27.442705	28.849255	27.965374	28.168864	18.935917	20.517240	22.786800	19.018757	10.164384	25.774529	21.471643	19.152143	22.269308	26.041347	10.761259	23.977230	24.624039	22.372829	25.996217	15.489182	27.724161	22.179616	24.698762	28.246095	24.688273	25.472209	23.380463	28.302296	22.791848	21.740985	23.179702	28.665417	28.453237	27.697095	12.657975	22.385773	25.580944	25.910858	26.191322	25.117709	26.480363	28.214309	21.842610	21.647725	22.872361	22.819688	27.519438	21.397297	21.714061	21.466185	28.148110	28.710205	13.418810	27.294440	26.010931	24.043042	17.360069	27.883902	17.885164	24.855830	27.186456	28.039794	23.120010	18.015154	21.993328	20.695344	28.006120	25.826132	23.430748	24.523697	27.373521	27.784406	16.170679	26.666651	26.685951	25.020618	26.612387	15.332232	15.797904	11.417763	22.806309	27.996991	28.738856
16.553627	26.053805	25.676177	28.305692	23.346646	24.674632	27.024131	25.408061	27.461858	28.711280	22.963803	25.950874	18.171693	9.516922	27.013035	15.778790	20.146474	11.157156	27.328694	27.615802	20.031481	25.410797	26.256124	16.756377	20.239647	17.335492	21.757899	24.819481	22.719286	23.408249	27.027435	28.669301	27.566989	19.596658	28.070671	18.930367	23.639257	19.581906	18.876442	26.874280	28.738337	25.255820	21.589836	28.879160	19.323846	24.814714	28.513937	20.024326	26.549966	27.100294	28.847559	28.884562	25.787105	17.795743	27.475764	26.276087	28.872890	24.763576	19.983281	23.222270	19.945405	28.020634	14.511931	22.157575	27.934047	27.655686	22.961022	18.514345	25.423756	15.794653	25.758166	17.584818	27.652833	9.723269	25.972042	20.430871	28.795451	22.784124	8.503667	23.762993	26.891800	17.061955	22.338289	28.302906	13.992736	27.492246	28.830986	11.040036	28.710384	20.721197	17.502790	24.064584	13.549726	17.598574	11.926022	12.781332	25.897175	21.857695	21.643128	16.670681	28.169553	14.696961	28.055709	24.355327	27.734728	26.578869	20.649829	28.645318	25.486527	23.614858	28.545643	23.325958	24.114178	14.061104	24.811953	19.469990	24.417023	14.056323	28.632505	28.443447	28.645017	27.609841	25.308643	24.763368	25.618140	23.516036	26.445495	24.734256	27.911811	22.068911	23.577368	22.238806	24.009768	15.191671	13.887319	18.829534	17.901937	7.944449	27.819739	17.628292	26.135100	15.645189	27.706542	28.120903	26.105955	26.227466	27.015933	28.612141	22.035741	26.834578	28.860433	12.944699
23.906136	14.137238	25.002030	25.363572	27.179449	23.102288	15.065204	26.043131	28.135392	28.581074	25.192739	22.865561	21.526008	23.782021	20.330860	28.685340	28.739162	24.652701	12.409610	28.861232	26.810068	27.154507	26.031113	28.863256	22.467593	28.129830	7.930838	20.094576	19.239839	19.459325	28.468367	12.454620	25.274986	21.779003	25.112029	18.283588	25.834885	28.001555	26.390460	23.221654	15.217323	21.758304	25.499470	23.169506	26.733952	27.826974	25.959424	28.877055	20.869888	17.639030	24.748743	27.356411	28.396301	15.766249	25.645055	28.845897	18.831623	17.855183	18.675937	20.796737	27.849789	25.382161	25.282291	20.633396	21.758466	26.029707	24.081538	18.842430	23.561606	12.702045	16.506771	27.979337	21.666856	26.026023	18.068670	19.293847	23.555397	22.552855	24.508610	25.590121	17.019774	17.686227	28.042988	25.633182	26.176281	26.886431	27.009288	21.870452	27.594509	20.720118	22.697725	25.858983	15.001693	22.875083	26.677747	28.258562	22.635914	25.601704	12.589523	20.081827	28.589928	23.153864	20.567814	21.853198	27.218683	14.064096	10.966063	15.987763	23.422055	19.399020	23.424241	27.801101	27.193350	28.401850	26.839199	23.543532	23.358226	28.642722	22.408030	25.877587	20.610217	17.636763	28.494946	24.720240	16.970411	24.893321	26.927354	28.839548	28.722354	26.841407	17.006310	12.368896	23.405222	25.526608	26.013494	22.812735	18.771229	18.385228	27.569890	28.779976	26.068585	22.582097	17.242778	13.926756	23.433681	21.863695	13.502761	22.421360	19.908881	24.704832	28.855914	28.668084
28.728578	21.962223	18.722600	27.287787	26.864577	26.152823	21.824971	16.445266	15.899746	27.853682	24.213660	27.346823	18.268200	22.598875	28.657618	25.112787	28.220243	14.993868	28.236349	23.888013	12.039333	26.192627	13.543895	23.488467	22.908662	14.414744	16.017491	17.751164	27.791162	21.612126	11.137776	20.948952	19.420903	25.696383	20.570900	13.264124	26.077178	27.793185	24.822154	14.032744	25.229618	28.819594	18.007449	24.860414	24.792199	17.457908	15.792522	27.709298	28.615011	26.646044	25.558745	28.239186	27.999557	28.874916	20.899951	16.568609	26.900331	23.371304	27.710097	28.637777	28.210274	27.495008	19.400615	28.290046	28.538317	19.039254	21.022368	26.727358	18.293395	22.541824	24.164767	24.929589	23.237122	26.357817	19.293750	20.664340	27.263070	18.842740	19.901909	23.780892	27.579643	25.321438	28.593292	28.173500	23.987508	19.516116	28.027145	27.816231	21.790207	20.646478	28.883762	19.127036	28.456345	16.905585	14.037702	28.722703	10.866790	25.985882	26.636880	12.360200	23.204046	26.709433	27.012693	28.083120	21.105980	28.800765	19.207811	28.087396	18.655877	24.671097	23.648076	27.929644	25.880475	27.527663	21.838172	24.817081	16.211731	25.715613	20.918948	28.301312	26.360065	16.745341	11.239522	17.131145	27.168500	12.667660	19.846755	18.490893	27.639750	21.974951	28.667742	27.782756	23.014677	21.238028	17.209248	11.309778	24.572355	27.960214	25.380049	17.461451	27.668683	27.811941	28.633901	17.166721	12.338514	27.529490	25.220898	26.509508	17.266731	28.857493	28.156582	26.756384
17.041708	18.666377	17.067561	24.110767	25.152819	18.776144	16.377308	11.495297	28.432556	27.987735	10.475034	28.712131	21.856030	24.246058	28.672001	18.394983	25.375884	20.625904	27.664821	26.875006	28.259316	22.853814	21.868040	23.461447	28.419399	20.849703	27.961585	27.425162	28.538685	22.491660	28.004418	26.645393	28.049117	28.871976	20.678944	11.983963	19.792522	27.989077	25.416818	20.952218	25.303132	23.672768	21.999043	16.212905	24.003409	28.310829	27.425152	28.082336	28.734420	28.830855	12.075783	27.420038	27.656426	20.811657	9.638111	27.137900	21.743612	27.912881	19.160271	28.234651	22.533122	24.083357	25.076048	28.352298	19.456617	23.776456	28.703340	27.692986	28.794967	17.081909	17.689063	26.185880	11.897243	13.579727	16.951118	25.535579	27.049608	17.194860	18.355801	24.264199	15.191173	21.433520	28.854506	21.433306	13.494810	22.766759	26.915015	25.189044	19.782656	23.301286	19.267467	25.826318	21.346954	26.366171	28.389741	19.046888	20.844705	26.639956	27.580790	28.114945	25.240562	21.102379	27.227661	21.359764	23.336271	19.832202	15.634443	26.300211	17.237218	27.246463	22.265058	17.498338	14.985848	24.039179	23.316735	23.373720	27.209040	20.848878	26.869988	26.924403	11.456208	19.507300	27.975042	26.773556	26.123568	13.361125	28.487985	28.012852	26.234905	26.897745	10.966604	28.108665	26.877449	15.765143	21.768037	19.190153	27.099847	22.147538	24.425975	16.465890	21.388776	28.287746	26.216743	23.657067	26.638145	24.054009	11.429426	28.178607	16.079334	28.363339	25.961046	21.227165
28.888290	25.177173	24.118395	25.347134	26.791657	28.555865	23.895264	27.451629	15.573342	16.451054	21.293209	26.129773	27.314542	15.075524	20.300945	27.961107	27.571888	18.593716	27.826210	19.483781	28.849586	28.423382	19.150483	28.166217	24.169301	16.025427	27.201830	19.284675	11.311759	25.870357	23.608176	19.029656	27.457164	12.295356	28.836892	28.673486	28.889642	27.148265	19.308977	25.920254	27.912533	15.237174	22.509698	23.524449	18.620517	28.220902	19.886572	25.251532	27.259548	23.078162	23.623266	26.235216	27.357209	27.863514	25.916215	16.412768	25.857913	25.764235	7.597394	14.807258	18.676860	28.161034	26.946131	19.643541	27.191620	28.889934	27.389198	28.108614	16.589481	26.802055	25.989187	26.787318	27.165026	28.474187	27.032619	28.712274	28.040562	20.240431	16.622154	10.878997	23.019717	24.142173	23.928170	20.630822	26.956125	26.753323	21.265624	20.319202	24.620392	28.842001	26.986526	27.794099	25.423176	23.597612	28.866808	23.217971	28.393417	25.624800	28.841813	22.063056	24.525526	27.899550	15.574646	24.283906	27.170287	28.757838	16.479427	21.661777	24.775041	26.355364	24.859544	24.718459	28.559732	21.795432	26.556841	21.065102	25.125676	25.633949	28.146627	28.083863	17.162731	24.230410	23.542561	18.575886	26.816522	27.915726	23.017962	27.838707	27.929792	19.169685	15.915933	23.142772	28.382639	18.249596	25.776224	28.485539	26.942495	26.786137	20.151495	28.452100	12.901915	22.480648	20.176855	27.764186	27.766773	24.723678	24.353024	14.311887	20.359303	15.407796	9.461332	25.082127
24.599921	28.446885	25.810873	24.261665	17.933361	25.204163	21.993883	18.339617	10.250788	14.231702	27.155985	28.870989	25.527577	7.710770	19.807087	22.502462	16.758967	27.487553	17.000897	17.050233	24.129219	18.360606	15.097888	24.910401	19.228654	26.851601	23.528827	28.643675	16.317407	16.271284	25.577721	28.757853	28.656292	23.884406	24.599151	19.187365	23.061191	27.117271	20.627589	19.328084	23.828828	21.569439	15.619244	19.571372	28.540058	28.213855	21.202550	25.825161	22.241236	28.650373	24.754208	28.762262	23.878241	22.464152	16.635785	27.069603	26.712583	25.981735	27.417140	28.437275	19.521687	23.740155	26.961509	27.817559	28.776089	28.858774	24.069903	18.951122	16.262986	26.526408	28.829131	18.745573	20.247738	19.269181	20.473145	25.448388	21.060277	27.724735	28.442597	22.622420	21.248615	25.150700	23.115087	12.621623	16.673887	28.839797	28.640656	21.987274	28.704055	27.576581	18.580959	23.185595	18.078256	27.489486	17.287923	28.273470	13.492061	23.784903	16.738979	25.236131	28.877459	27.671988	17.408821	25.021868	23.940220	16.615260	26.151790	18.168654	25.626707	27.490187	26.805142	18.432209	13.326897	27.823227	17.387956	26.327378	26.556384	15.677030	19.120930	24.619711	25.068544	27.108336	28.439272	21.867415	26.980533	28.635903	26.461458	22.324939	18.962355	24.648728	28.454831	27.879742	20.148514	28.832672	17.001707	28.421694	28.517842	27.358505	28.244188	23.833738	26.915070	22.172043	16.555961	27.789708	20.479718	19.185505	14.045744	19.307397	16.973888	28.738574	13.607665	25.314554
19.690231	21.874530	27.523907	25.821373	25.261480	12.396040	26.166875	22.623004	22.838117	19.074909	18.136160	24.983626	28.066675	23.236193	18.484087	23.759990	28.246069	27.712029	27.623432	27.229821	20.501110	13.895994	21.578982	26.508468	24.548565	18.581499	25.385739	17.898988	17.145979	21.451877	26.182162	28.361944	27.992444	27.862284	20.799926	18.822481	20.728038	26.845799	20.618053	26.727637	22.530741	26.230142	26.484887	28.342250	23.794013	18.237343	23.461176	18.981569	7.052469	15.604990	25.297396	14.097406	27.442510	27.114537	28.766347	23.541784	28.034154	28.023999	28.213326	25.870038	17.353043	28.123969	18.846523	17.454556	28.420091	24.248822	27.932957	15.749374	26.624509	21.605853	27.386719	28.185963	15.154199	26.978806	22.268522	24.688941	28.496005	27.862925	13.397413	28.526055	28.111296	26.770699	25.846016	27.718111	23.019111	25.198717	17.442873	28.086860	22.531869	26.614861	24.430833	10.661467	18.643926	27.965138	28.836176	25.419961	26.184727	15.739535	25.226801	23.739774	20.757097	20.656391	15.792850	26.807584	18.840906	22.262479	24.341662	14.692214	28.603647	28.499145	15.159937	18.754427	16.895190	27.685356	25.062067	25.707005	27.975378	22.578707	24.093290	26.415334	25.916040	26.447484	22.978097	19.284128	26.409628	14.481246	27.226726	10.803137	20.450826	19.319645	27.467717	28.294466	28.216285	11.590276	20.341985	28.780571	27.004891	10.072015	27.198717	10.830538	21.609489	20.810091	12.120786	15.484585	24.857222	17.425912	15.513560	27.326708	25.981737	26.541447	26.847207	15.526259
24.297746	28.839407	25.900714	24.245716	28.734321	16.709860	25.770131	26.411251	16.574469	28.516315	22.439005	23.269619	18.518388	24.084975	27.945529	25.500228	11.514509	28.284526	21.951736	17.837714	21.453982	19.547291	23.031616	19.107298	26.846503	24.008061	24.787355	16.123827	24.392377	25.306291	24.984354	26.165477	28.239400	25.494449	19.380155	13.625369	25.481024	28.400755	24.552332	20.445830	27.510602	27.633085	10.543211	17.662323	21.682398	21.486420	28.545559	21.042863	9.404291	10.248250	24.188178	25.965568	28.823868	20.497920	26.062922	18.981795	12.672815	26.925832	23.527859	27.550659	28.590573	15.436685	28.080801	12.280470	26.060877	26.376376	27.704807	28.161403	28.568595	24.744822	24.220137	25.959598	25.766393	27.877093	24.079942	24.356477	20.676327	25.054716	25.184149	28.794504	11.080099	25.071751	21.802879	23.835738	26.939643	28.508488	28.359545	28.500978	25.366031	28.876669	8.639171	27.480924	26.147583	23.353614	25.911294	27.579502	28.082711	26.169776	25.769370	26.073489	14.220206	27.271455	27.397469	28.719755	14.752746	22.450409	26.316168	18.397492	20.919445	17.366775	28.099147	27.512818	19.741954	27.264536	15.805652	22.284100	19.127114	25.255054	25.662141	21.004254	24.874013	28.388670	28.619537	19.715480	22.486462	27.869214	26.303712	27.728035	20.769167	11.648542	19.409578	28.636070	27.454015	17.498557	28.868621	28.200113	18.634501	23.660263	26.348764	28.521899	22.165319	23.675962	11.289972	23.346037	25.028462	27.407146	26.785424	28.600063	27.603722	23.744983	22.853633	18.418830
26.847984	25.590979	26.333756	26.059776	25.461758	16.721369	20.991988	24.261592	25.987569	23.927381	28.744490	28.789013	26.196160	16.661256	19.805532	28.340545	15.003102	22.561169	25.836881	27.352163	26.596407	26.008581	26.697832	24.372341	17.376990	18.896880	23.003487	20.703596	21.910934	25.427277	26.353732	28.306593	28.346572	27.147563	27.893417	26.738903	11.845283	24.073952	26.376452	22.689056	27.725917	28.189670	15.102623	17.862598	15.968205	28.356069	25.069144	23.922272	22.927818	26.643191	17.603476	18.543344	13.567942	27.057263	16.307979	28.853062	15.880344	27.626727	17.574940	22.474333	27.421855	26.614121	26.703482	23.731174	28.237426	26.362335	28.731232	27.105893	25.290409	14.322626	27.288388	22.176730	24.357123	25.345347	17.203424	21.667471	19.161017	28.284111	20.514166	26.650387	18.409348	27.800532	28.339084	16.824942	25.866678	27.977697	27.565840	24.887949	25.386249	18.828036	11.788739	28.780521	23.166374	21.283411	27.973077	19.509226	25.657481	26.472923	26.828901	28.315955	17.364350	24.715889	28.545951	19.149798	20.490490	28.043325	23.131967	21.868772	17.912780	17.654391	17.772528	27.568460	15.102947	17.873799	24.615703	16.623541	25.823434	20.911710	22.854964	21.131546	21.996688	28.035042	23.540936	23.683614	28.792158	27.865098	28.430342	9.938973	28.727104	24.547442	28.282816	25.411355	23.675398	21.346121	11.124038	22.500633	24.677131	28.714945	7.411989	27.045617	23.783535	28.705811	22.915378	25.723431	18.838666	17.190099	22.705323	14.067682	28.181704	17.083465	26.781440	16.262891
19.310271	22.209507	16.496261	23.229335	28.847496	15.823321	26.010292	9.550642	15.275261	26.866043	26.017671	28.082032	25.831771	26.042293	25.534917	20.293889	26.916497	28.522607	23.555697	25.581240	24.015135	7.827221	28.171033	20.142742	25.679646	24.709362	26.409105	28.848348	19.986843	12.039444	24.659417	27.309918	16.178013	26.805841	27.993832	25.679265	16.243041	24.952555	24.589055	6.451283	24.302494	14.448169	24.288792	24.588216	22.353692	24.021363	26.514801	11.813757	24.041411	27.472287	26.184734	15.411138	28.510911	19.291846	20.097135	10.702637	28.623289	28.545780	24.141033	21.176522	22.733150	28.764844	27.952764	16.251843	20.719900	19.606943	22.697753	26.475188	24.812294	21.878582	26.862546	22.289078	25.974662	24.009455	16.621277	27.278732	21.912663	28.659178	18.380788	26.168109	19.943580	27.220831	28.173901	25.458018	8.870881	13.648527	24.402787	23.708436	27.151471	20.409986	15.528007	13.726636	26.563848	25.748214	28.553096	28.377092	26.516098	13.882624	27.622709	19.063973	15.566426	24.948097	22.772879	24.408167	24.856821	7.405094	23.257183	21.055583	23.704517	27.604132	27.212752	28.305410	26.419264	23.591422	23.139731	22.447233	21.168609	7.108401	14.465750	28.539911	26.402523	17.862940	12.710193	17.411600	25.074384	23.555274	18.475448	18.589697	27.335119	27.100194	27.075114	27.554569	19.712914	13.274371	19.897993	12.957470	12.970213	26.750136	22.673937	25.991365	28.794926	20.661578	26.206472	19.470038	25.873021	10.523141	21.103680	28.107590	28.605256	28.464985	17.680339	18.616390
14.990160	20.613842	28.722618	27.848100	23.593074	16.669349	28.732381	19.331838	17.987731	15.744777	25.194364	25.189649	19.565981	26.245180	28.648114	27.168308	27.974586	14.592390	27.762213	24.810485	25.664168	27.347852	23.640844	18.818022	23.633637	27.193113	9.230708	28.239490	25.870514	17.762743	27.578243	13.356183	23.844292	27.808312	28.169920	24.011203	27.886710	28.301899	24.975413	25.739740	25.561033	13.460343	27.261487	27.569943	24.545410	23.896441	26.596345	12.992584	27.487222	15.494441	20.979864	26.885438	26.446858	18.800491	14.232131	16.165635	28.492405	27.845951	24.633854	27.084517	21.885106	24.759184	27.898547	28.834937	27.852896	28.390716	27.266702	15.670875	20.720571	21.118345	18.111727	18.803045	22.368542	13.372868	20.625005	27.940369	24.798757	16.632242	19.398477	14.553220	19.460354	16.186194	27.569393	25.038380	28.278009	25.634693	24.955812	26.105018	27.854700	23.253385	13.027134	26.766393	28.168298	26.238854	28.837838	12.543261	27.350527	24.001208	28.713150	23.453771	26.105819	24.175984	21.330886	23.295530	13.985181	17.744602	27.122264	24.919088	23.771973	22.645827	11.635847	14.955539	25.031762	24.530739	23.900422	26.633473	25.366040	18.766152	24.326842	27.748395	27.006054	19.275152	22.123722	14.933883	16.811296	20.406039	27.285414	12.788043	12.538088	13.805140	27.903139	10.730479	18.778849	21.519283	18.082279	25.326898	10.875709	27.169997	25.840934	26.205135	27.439826	28.864917	28.691652	21.906847	16.957047	15.438576	19.274649	21.627735	24.957448	25.237834	14.772562	27.522679
28.847125	21.568053	11.388451	21.842036	27.239627	27.951513	17.596797	26.923132	28.541294	28.645817	16.953891	15.996778	28.742851	14.388177	28.709146	28.437607	28.602403	26.696537	16.220393	24.909465	25.290667	27.555787	19.881086	28.568095	28.766834	27.409486	25.221262	21.736692	15.714866	25.791270	28.267915	27.545840	23.130531	27.422113	25.630831	26.260368	28.097868	24.419077	28.341191	28.599003	24.645376	26.098878	25.579228	26.200373	27.519638	23.242924	27.803605	20.967744	27.205258	22.980722	23.740051	28.518194	11.813058	22.147375	28.595143	27.335881	23.979833	27.985869	9.450893	23.409177	23.940649	22.936240	28.554331	28.595315	14.605390	21.785513	16.889419	22.556410	26.606974	17.781804	25.335317	11.996632	23.947569	24.531144	11.125493	17.638168	22.382454	28.269367	21.890524	6.410993	25.455873	27.730537	18.174593	14.175404	23.586573	26.184285	23.041613	17.728324	14.971848	15.542612	28.817087	27.392493	8.752944	16.163275	18.239530	19.832283	15.211752	24.874901	23.364013	17.177515	18.750216	27.748330	25.520949	28.837516	27.765542	25.828463	22.625153	10.845980	17.828076	27.372731	21.514127	8.720546	23.541372	21.365599	17.663591	18.994214	27.935522	28.815952	15.746093	25.830130	25.682530	18.363506	19.105607	25.049486	28.791171	14.637230	23.657196	23.071297	16.308868	27.265140	22.225671	7.783060	23.262491	27.150889	28.791653	20.856451	25.619297	27.936744	14.453549	11.540716	28.505531	23.033906	23.605505	21.566411	27.363783	20.272085	28.341018	16.658760	26.305271	24.356896	27.513732	25.559415
25.278853	19.796550	10.026167	28.654180	26.266769	28.691715	23.030440	25.169546	22.271612	19.682134	14.253774	28.528054	14.285972	25.545727	22.446968	23.222411	16.761346	27.519351	27.564476	26.253956	26.344152	24.684281	24.246067	15.343715	27.709438	28.889915	18.794073	25.650698	23.791903	25.535145	16.602348	27.173717	13.208686	28.410040	26.702291	28.637344	24.521838	19.072550	15.765199	24.650935	26.756870	16.160357	16.410620	26.156885	21.652236	28.604823	21.600733	17.749827	26.752477	17.401767	26.010708	13.962213	21.702718	27.830041	28.369098	28.863058	19.570052	25.494522	26.869317	28.095728	23.384043	24.288355	25.074769	23.561419	22.669641	22.463196	27.580763	28.482159	17.824399	13.262367	27.216014	28.717587	8.841570	28.423021	18.392264	14.806041	28.487231	25.483850	22.300724	26.533344	28.235830	26.233298	27.703854	13.842928	28.825520	24.947400	23.350391	16.787648	17.996569	24.152388	27.139340	13.780557	24.775467	26.461182	17.617487	21.212777	28.537282	23.478729	18.488741	22.351194	24.843887	26.626340	28.501363	14.918032	25.662216	21.812740	26.258244	27.773598	21.762329	25.493789	28.646539	28.872063	16.853563	13.798802	28.563787	28.295927	14.267105	27.801073	23.527908	28.236317	17.452522	27.113139	27.575169	16.913552	13.035171	26.609384	25.821305	28.576416	22.767420	26.283216	24.715031	28.098282	24.561328	13.187549	26.822480	16.997209	27.405910	16.162123	24.450519	13.507591	22.616591	28.513682	24.089828	27.379240	24.368049	26.242955	15.770077	26.361986	28.032031	23.375471	22.302179	20.732074
20.254474	20.405189	10.501269	20.890477	22.691213	26.692255	28.240759	16.107942	17.488644	14.970429	21.426603	20.270303	27.559503	28.828120	25.867344	27.261735	24.996669	26.981424	26.092925	27.631838	15.920696	28.016618	26.250819	26.927735	15.059544	27.919470	25.338130	11.716685	19.729469	26.089207	25.332664	26.554102	25.227560	13.038397	17.426883	28.149743	21.822895	22.946395	22.358911	24.550390	19.391242	26.363571	14.766090	21.435082	27.612904	23.845093	28.671809	17.175766	8.796684	24.030907	12.482810	24.106806	26.198196	22.601904	22.769299	25.070122	16.419439	23.096715	28.654985	28.688871	22.640443	10.253086	22.902213	25.900772	28.866336	25.155666	23.558362	24.000592	23.981470	25.730016	27.148757	26.326539	25.228403	22.453580	15.975574	28.865521	19.010768	27.793486	25.626318	27.550400	20.908415	28.715339	28.814645	12.957442	22.524074	28.792004	26.765769	28.154369	26.303818	22.138292	28.573606	18.460746	28.192711	28.130257	28.816463	17.213577	22.361423	28.588063	21.626881	23.908270	24.328445	27.040718	26.777951	23.855211	28.851644	19.705002	28.870088	22.642232	28.832310	27.760405	23.062071	28.047199	22.113174	27.593133	22.520405	23.902533	28.051999	22.752948	21.577164	22.086589	25.232719	24.967378	18.356936	10.097515	13.436126	28.298487	28.820310	28.779726	25.548334	27.265083	18.888351	25.650974	28.431936	17.666010	23.615062	28.252740	28.131551	26.190381	24.545111	26.196756	28.799699	19.510036	28.875888	12.955630	25.679280	27.954246	24.050908	27.075753	27.389532	27.562481	27.678208	18.580865
13.820466	25.921608	28.679309	24.899398	24.826658	24.518436	23.383047	18.368138	28.860407	22.569456	28.452673	19.859250	19.007334	11.605204	25.524466	24.332938	28.696250	28.662960	18.970516	13.422456	27.917939	27.835561	28.632599	21.104129	11.375916	19.467539	20.423145	28.619216	22.596876	26.976810	28.882322	28.702313	13.954035	25.443108	28.306707	14.864729	22.215085	25.841239	26.450585	20.157336	21.622942	22.576752	27.909799	27.431859	26.513711	21.040719	20.099002	23.746224	22.585904	28.079376	26.912633	24.516263	28.118118	23.557151	26.225436	28.382318	28.442718	25.740272	28.581134	27.543698	13.713384	8.087902	12.397817	23.902330	25.806281	20.474476	28.428571	25.173652	28.463453	19.234665	28.841950	22.609672	28.873654	28.398257	23.121429	28.761659	22.165697	28.196977	28.026373	27.160219	27.435097	23.813448	27.357348	16.570503	23.659287	13.719980	28.770606	27.403189	26.121791	17.613476	23.523998	28.883629	23.263750	27.785519	20.857200	25.951875	26.943989	27.595761	28.691922	24.099496	13.987712	22.841907	27.821236	28.013567	6.872072	27.937914	25.567677	27.363788	15.734360	28.833077	27.061384	28.494281	28.712946	28.351350	27.045366	24.871959	25.130725	17.654837	23.389845	24.771793	19.685474	14.830375	27.592605	27.156780	28.739007	23.735990	23.384258	21.150299	28.807329	16.177019	27.844737	12.583999	26.869369	13.669626	21.005878	11.256339	22.332785	17.299276	14.591649	23.381758	19.736291	25.618234	28.238785	26.924242	23.994314	26.643237	15.481050	26.929232	13.334924	24.398927	18.694107	14.521188
28.284912	27.966591	21.847313	24.651316	20.012853	28.431013	27.067382	27.201634	22.326715	27.936515	19.351497	17.624813	25.409933	28.875782	22.837984	25.953288	27.877445	18.995540	13.806880	28.743185	20.256402	23.181285	26.936265	16.778639	28.872650	20.816463	25.063126	19.607685	9.033939	26.077465	15.806946	18.604401	22.991504	19.892783	18.447236	19.409358	22.395279	28.342114	28.586706	19.039170	27.378641	26.710976	22.794537	25.794659	26.407861	24.903897	21.463385	28.361458	28.524117	26.598061	20.559675	15.714453	25.551509	22.951554	28.665702	24.777476	26.260233	18.859621	28.239984	12.870486	28.793109	20.361278	25.291956	25.228681	12.422501	21.697387	25.975649	22.701031	16.540132	27.594318	20.110152	28.240171	24.108553	28.437739	21.752975	26.944462	26.920637	23.407028	12.765440	23.257916	20.929564	8.554397	13.836582	24.047940	20.737591	17.089470	20.999613	23.842406	28.667367	26.415777	23.670913	27.694426	27.960288	25.434665	23.953269	28.383227	28.422268	21.751667	27.396619	16.499754	22.782953	28.726833	20.554142	13.685882	14.764153	23.267662	27.194270	25.125975	27.033336	25.870057	28.569813	25.466648	27.731766	28.875313	26.568615	28.122158	22.712841	26.865824	14.113850	21.332611	15.755811	28.782039	23.804288	18.559411	25.712364	27.487535	12.172259	28.222747	24.745699	24.526451	28.012270	14.253220	20.942501	11.721584	28.538999	23.076735	18.877629	8.062220	18.355618	21.528017	26.549155	28.681822	18.297962	26.010647	10.467919	24.210339	28.748920	21.799204	20.241145	14.797786	26.866686	28.235784
27.911847	28.407028	28.883722	23.622848	20.877959	9.285870	24.229807	28.549919	25.808292	26.886470	24.830684	28.878155	19.642902	14.480705	21.946087	28.514119	26.226048	26.339641	26.425213	20.938469	27.986179	28.269758	28.314784	26.423275	20.770876	19.740825	16.540608	18.145246	27.830918	28.099711	22.770561	26.309991	22.517424	27.561506	20.168733	22.346778	27.842102	27.730395	26.918296	17.273871	23.712432	21.532338	17.727772	18.955872	22.396948	23.457305	16.558910	27.785843	21.760109	28.359573	23.638982	26.628884	26.893383	28.724338	28.369765	27.921065	21.936284	25.656960	24.689803	26.831525	28.234102	19.135536	26.502395	20.145611	28.555921	23.053920	11.947113	17.577344	25.119768	28.342023	27.484321	13.476907	25.615919	27.370855	24.569450	28.567876	27.628786	20.382816	27.664363	16.756598	20.283596	23.715743	28.426561	20.706407	14.348052	18.540776	25.261236	27.740178	26.967309	27.396879	28.810435	21.004705	27.963552	25.464220	24.160198	27.679742	18.174879	11.335809	28.661132	21.115573	27.162699	28.541870	15.432773	14.341486	25.425315	26.192073	25.956890	26.555054	28.101679	28.322651	23.217579	25.700221	24.900786	22.564643	20.861454	23.475082	28.561814	28.820678	26.034126	24.102634	17.505612	19.707182	19.793699	22.793305	22.234364	26.404403	27.603313	28.301694	18.171389	27.519925	17.228853	18.333145	20.837300	27.044739	22.326076	18.632822	27.855689	26.385493	21.769531	18.061391	19.826564	14.692529	24.273923	26.408200	27.651356	26.829565	17.958360	25.061625	28.386928	28.529613	26.694282	10.802810
22.948701	24.011351	20.467105	14.749304	19.289760	27.030577	22.297351	23.396907	27.417981	27.034582	9.960984	22.193578	25.326391	17.198008	28.514879	23.858797	27.710798	13.318242	24.319325	28.079522	22.121907	28.290083	28.470480	22.332337	28.076087	27.450393	23.812223	26.379444	8.055612	21.599504	19.548941	22.219695	13.639324	21.707655	19.850507	20.798845	27.326709	25.503046	23.406159	27.830910	27.906276	27.363230	27.569179	9.896164	12.308730	24.117158	27.270850	27.707913	14.600635	26.625520	23.499321	17.076288	21.438786	23.119671	26.030663	28.533941	7.963252	14.131238	22.748738	28.515360	25.526295	25.058738	24.049472	27.527874	27.947737	26.549255	28.054404	24.516270	27.421234	25.346204	23.029429	22.204142	25.906807	10.505476	27.850336	20.402794	13.538668	23.155230	8.826055	27.038072	20.375113	18.239124	28.064608	26.839838	22.432656	25.444589	15.084002	20.929532	20.089839	10.406505	28.697413	25.504451	27.324241	24.682182	28.884407	26.966971	24.731005	12.021760	27.131256	19.854565	27.122157	9.207257	28.552297	22.396029	18.873880	17.936515	27.303468	21.035535	23.956400	17.303789	21.618781	27.761883	25.105485	25.744766	22.219690	25.016299	13.465715	23.346344	19.908381	28.611541	28.575198	27.515218	22.692971	27.968732	27.187904	12.325164	22.776218	28.217650	27.252702	25.163484	14.864144	24.070601	26.551463	27.080128	12.868952	28.792259	27.127135	24.071369	18.721422	26.810386	22.734104	15.955340	26.614303	15.940752	25.477220	26.152325	25.417561	24.370636	20.226676	23.364572	22.757781	27.904562
27.468094	26.282811	25.124342	23.440524	24.061223	22.311573	22.784621	26.746745	14.295560	19.190080	20.702064	25.536802	25.400686	18.408226	26.964891	26.091199	26.953449	23.322055	25.562891	23.816817	11.619725	12.735790	28.419659	23.165213	28.356098	24.164198	21.352657	24.838949	28.404141	23.150584	28.395337	21.760016	28.203085	25.802794	24.476332	21.275312	24.241205	26.633603	28.214675	28.284426	24.686067	26.596521	22.442276	25.650319	23.833447	12.016699	19.422789	13.544844	26.449808	10.619154	26.742690	8.868512	9.167546	28.735304	23.483407	26.852719	20.505083	20.745115	28.699298	23.488266	16.790890	28.215953	27.052715	26.754668	27.709594	18.774976	26.771722	27.815525	27.963540	27.838797	21.225502	24.925590	18.825886	24.468825	27.500095	27.179145	15.388074	18.301070	20.482144	15.166279	12.275483	25.438388	25.898034	24.792359	28.527935	28.082744	21.503646	18.697060	27.680557	28.831697	27.193040	27.319071	18.877064	22.134405	22.474506	28.880335	25.598178	28.764230	19.281222	23.574637	25.847196	14.279878	14.606074	26.098754	23.242707	16.671751	23.418814	26.529167	16.185277	22.998908	9.919275	27.402087	20.314055	26.800349	20.745758	23.085116	10.753576	26.112064	25.113871	22.392905	25.573623	24.172965	17.916024	28.099652	23.552670	22.550910	23.686940	27.031593	9.988849	20.916142	25.182721	17.621745	9.589381	12.635775	17.839237	26.536535	25.657657	27.154434	27.117626	26.357044	22.154044	19.744425	28.238269	26.464736	26.287757	22.555511	27.481355	22.382663	25.748681	27.998034	15.022016	23.726181
28.466112	14.430556	22.437085	28.572798	23.257665	26.854237	7.802000	28.707590	18.773037	16.365616	28.870158	27.055854	25.589666	25.863866	27.609244	17.317131	12.323937	20.731009	6.784630	20.343102	26.976290	28.337633	22.461807	23.684959	18.584472	26.463014	28.598557	13.470831	17.205890	25.944892	27.188679	20.986482	14.726566	21.568992	21.993276	17.969584	17.670090	24.996021	7.128127	27.815071	28.605701	16.748382	16.808408	23.341000	24.827421	28.727834	20.820600	25.186405	27.361477	27.730447	25.931718	27.659513	8.172449	19.714981	21.693267	11.298183	21.011797	24.217613	20.152155	10.489647	21.975806	27.887789	20.756507	14.560899	28.341417	20.119781	27.133155	21.000838	27.800753	28.367471	28.538793	28.569284	13.377811	18.818658	26.957460	21.019544	16.926469	25.665704	26.719411	9.267987	26.766867	20.572185	16.020082	21.083415	24.388866	12.897859	28.611350	27.865129	7.018215	28.492694	14.762463	27.199157	23.550380	19.327931	22.434978	21.364258	24.142807	28.847558	22.876857	24.678658	28.614841	26.309060	28.523420	20.419199	26.180798	28.575941	24.594411	27.728801	28.009944	22.031498	17.717566	10.822876	18.100053	15.382869	18.926062	21.948396	24.478508	25.938157	27.459543	28.864370	23.790168	27.925324	28.448675	28.419175	15.849012	27.374248	27.280025	26.050764	15.565961	28.439979	19.132597	16.947195	24.925031	19.403250	28.649069	27.055925	26.723300	26.171256	27.760457	20.628182	7.471184	28.485356	26.403431	28.161219	28.449413	16.888004	21.474807	24.607873	8.272413	24.275077	28.469722	20.193442
23.675029	16.768081	22.709428	19.211541	27.378631	28.476389	26.563985	27.228700	18.251505	9.182327	27.259285	26.334058	23.841068	26.636920	24.491273	19.779324	24.159546	22.707506	22.731460	20.227839	28.301868	28.378419	28.590981	23.031805	22.745101	27.163253	28.765655	28.181756	28.088550	21.698495	24.956520	15.736411	24.500964	17.304624	25.533065	25.839755	26.110216	20.728092	25.994617	23.659096	13.452764	28.722373	28.746773	27.981693	27.202031	28.312174	13.501735	28.609956	27.475291	17.689782	23.226623	22.601402	21.945109	28.116844	28.669559	20.958354	20.225800	23.395238	27.635059	28.203642	19.739317	23.810973	26.132173	15.694030	17.321469	26.511665	28.723741	24.761421	27.348272	23.425558	24.013177	28.657221	24.728030	28.238005	25.726953	25.858976	27.598102	22.986939	27.905569	20.521913	25.981276	27.317933	21.425184	25.111444	28.509887	12.810380	17.884374	22.189536	17.325862	26.251237	27.170964	21.585261	25.869238	21.792019	28.560912	11.755540	28.075859	28.656862	28.500170	13.176252	22.419556	19.641146	25.121843	26.647985	27.430515	26.565659	18.437376	16.152474	24.269989	19.655824	28.550076	24.347500	19.529226	25.533492	9.840918	22.757488	24.857608	26.591706	27.585670	11.534032	21.936750	25.728572	22.271168	22.806520	28.334664	28.474417	21.835421	28.871110	17.831044	15.457220	27.026534	23.366098	20.537873	8.791019	17.807903	25.415352	21.244999	28.620630	24.131567	27.543729	16.746359	25.809849	12.254554	28.749788	23.590121	26.885696	12.532385	23.087707	26.429188	22.853215	21.741565	21.870813
26.232200	18.043064	19.416056	16.418213	23.063996	28.291885	24.968711	28.013683	28.332889	26.093024	28.843416	14.303549	28.868901	11.585802	28.440522	26.810241	19.335521	28.753829	19.761334	25.102166	27.585953	28.547772	23.277121	16.786882	19.100123	28.271133	28.361806	24.957040	15.723102	28.785513	27.675548	22.896099	27.368396	26.777192	13.066663	24.326814	28.528253	25.648983	27.091510	11.471161	21.222727	19.719839	27.476766	28.878293	26.412679	28.247089	27.874671	21.397682	23.621243	23.065536	22.909142	14.603383	28.516514	28.307795	28.310838	23.564360	22.604972	19.644190	11.762247	16.080071	13.954217	21.858191	24.028804	24.008269	24.243918	22.214761	25.381888	28.728448	20.957623	21.510731	28.625566	20.396979	22.495625	25.429646	27.746497	26.099050	26.476946	26.738313	27.244161	10.997136	28.881819	13.544333	23.180378	10.589204	27.484655	23.994245	25.526319	15.865781	24.277510	26.821336	27.562516	27.833783	22.875725	28.881001	28.349275	16.554872	22.831635	27.529603	18.835487	27.946274	28.158657	21.745632	28.812310	24.590954	27.594610	18.810528	27.875287	28.359719	25.963093	21.795022	28.733691	15.449964	18.636640	20.624822	17.499358	27.547524	18.211821	27.762727	19.903867	22.313121	24.235668	22.227803	25.483042	28.414983	25.658325	28.562699	14.918179	27.671096	22.239630	17.806614	21.325174	24.348903	26.538097	23.648950	21.811703	28.867023	27.788139	24.525168	27.950757	28.584251	26.869806	8.073524	25.457082	25.504714	23.968192	25.583305	25.282413	25.212986	21.141787	25.370478	25.475692	25.267911
27.730422	25.507349	21.581896	16.386314	16.434332	21.874641	28.820467	13.407132	24.094572	27.164408	27.316859	18.678656	27.283425	20.028472	21.493722	28.383010	24.166300	25.288252	28.174158	28.429942	13.434490	14.470934	19.640626	26.391705	26.071210	10.358901	26.683237	12.676353	27.669609	17.482455	20.205685	28.586133	25.215927	27.056461	17.125495	19.627631	12.882910	28.044148	14.397810	24.232427	24.129152	21.975678	27.857368	23.651149	21.935661	20.748383	27.379904	25.476210	22.917059	27.694855	22.617059	28.460805	25.230796	28.552783	26.913234	27.591380	16.452430	17.908272	10.039971	21.939659	27.518810	23.805407	27.633786	24.991638	26.150711	25.305718	24.239942	24.946536	26.173137	26.164812	28.472307	22.703573	24.873492	28.093209	15.298427	15.609971	25.843540	23.970408	25.524763	27.180068	24.105102	26.778899	20.712906	22.516807	27.409962	19.014970	27.126422	13.963774	20.154834	28.631443	22.744136	12.003502	9.846329	13.956910	16.935432	24.002799	27.602670	10.993581	28.713559	27.528330	28.883396	21.162205	24.684785	27.621502	20.612480	25.445472	23.864946	26.023718	28.308939	25.153393	25.965661	26.953293	23.671549	21.017944	26.392146	28.147602	24.735960	26.574658	24.922348	18.623184	27.909657	22.350111	28.815559	7.478581	26.753197	28.188448	26.909082	21.955545	25.489357	17.243246	22.319547	24.717004	22.137603	27.637979	18.981810	16.148669	17.287379	24.679563	27.964408	28.744322	18.354364	28.630333	22.450099	28.071376	28.141270	28.546638	25.112544	27.634658	11.275289	28.451633	21.286467	28.778201
13.126369	25.064558	28.544763	14.147857	27.376320	25.385683	23.295702	10.192754	25.264371	23.322961	16.987633	17.391999	26.334170	21.694839	25.146056	25.895274	24.055073	27.975809	26.527544	25.930715	26.538498	28.675508	28.504253	25.811215	25.411661	26.670413	23.292347	27.336537	15.751826	28.662971	24.276565	28.275122	27.008234	19.964411	15.767735	23.114341	22.163184	27.129111	25.583855	20.891366	26.984452	12.900093	22.528286	27.526544	26.313926	13.828486	17.618512	20.954368	27.131921	26.923937	25.371397	28.875459	28.742684	18.721648	28.846887	23.443355	17.106670	23.672767	21.465611	21.227677	28.467769	22.730406	28.264026	19.052449	25.673079	28.699196	10.332685	20.297157	28.720773	16.715693	26.299815	28.331809	11.951757	27.002381	27.789738	28.267620	25.891786	23.191334	27.956868	11.462758	23.411091	28.501484	28.339683	28.102784	12.183334	25.047137	22.638881	27.909216	27.226333	17.748533	24.925614	22.516590	18.113909	25.114252	25.059818	25.414748	19.045307	23.046857	19.245466	8.553077	23.958069	27.872907	27.491557	21.677966	24.610937	27.493452	22.877773	19.858132	24.654480	25.211136	24.072776	28.036414	28.513159	27.456642	28.744765	25.978362	25.509226	25.027969	17.964376	28.109572	25.102886	19.316212	24.370673	25.976980	27.505035	20.411957	24.283422	20.800053	18.832853	22.556648	16.056973	21.827013	21.507175	26.632863	25.675137	28.402495	27.972268	23.167213	19.158051	9.907985	10.910939	27.025355	25.434955	21.421129	25.985978	28.859655	28.301621	27.396585	26.378224	22.361168	12.374932	17.866577
28.260221	18.422294	20.950175	27.102651	22.776273	23.762880	18.996711	23.939431	28.207344	22.903172	27.366820	20.671357	22.906961	12.274150	28.593010	27.842982	10.166546	25.239854	16.421552	23.512020	24.288601	23.209957	27.118029	28.126326	23.167393	25.677240	27.079194	27.414530	24.122176	24.777703	18.699753	25.132467	22.117611	21.240979	25.711062	23.913627	19.151321	28.609491	12.875913	27.671674	10.547745	27.048813	24.568694	18.615565	28.559975	28.524383	28.741611	27.388027	24.913205	19.309959	21.592446	19.321576	20.015519	28.862178	24.294844	18.865216	17.781531	21.520284	27.994104	23.109237	17.229348	18.001825	28.271220	24.719821	26.868552	22.084623	27.683709	28.349160	26.815764	28.541263	20.407024	17.608595	21.160415	11.717068	14.721677	23.821499	28.778588	22.802683	28.801719	25.742822	28.861097	17.530801	13.103448	23.965482	18.746295	26.031347	24.379125	14.899661	12.851290	28.773875	20.440575	26.392464	26.585502	23.650079	23.183414	24.397109	11.570211	26.407907	17.798461	19.546774	20.813615	27.303778	23.162025	20.334787	21.155187	27.762654	23.784983	28.530099	15.180171	20.695169	27.106974	28.738495	28.111188	25.497076	28.340640	26.157842	20.068298	23.388889	28.486813	26.966615	28.828418	26.009124	14.139927	27.897702	25.933609	28.704728	21.540808	25.404666	23.647629	23.044698	21.518189	27.774793	20.507741	20.239100	17.027541	26.703023	26.929494	26.827968	9.598004	28.886724	26.771738	24.842340	23.355763	22.302379	28.614757	22.701692	21.414039	18.324023	26.525135	17.505102	22.350204	25.439860
26.058972	23.870607	14.718727	14.223906	14.550363	28.762021	14.705008	15.872757	14.690476	24.943384	21.114344	28.307082	14.824895	21.263584	24.008869	24.558490	7.192689	26.289663	27.459009	28.377648	20.972442	8.962527	18.305363	14.474533	14.787861	25.954021	26.852436	26.950563	23.181134	21.715136	23.446337	15.948406	11.692542	27.384676	28.610653	19.415822	19.824329	26.561506	26.453736	26.452603	28.867042	15.927363	24.106127	24.956212	16.750059	28.546542	8.703628	26.777237	25.145951	22.670520	21.664096	20.302099	22.828862	23.803637	26.050382	28.357626	13.816290	28.388173	19.082999	28.230415	21.495486	24.013251	27.398706	14.651009	23.108623	27.255284	14.939236	27.503180	27.082530	16.084656	28.700138	25.709470	27.946272	28.053064	20.907832	22.992689	26.331385	26.322229	20.059040	16.388645	26.187520	28.527711	24.547154	21.488078	8.742310	28.443870	25.328100	27.353012	28.412499	22.187113	25.967755	22.550126	28.342301	27.441900	16.960101	11.315405	14.781853	25.878684	27.531236	22.659177	27.178570	28.323380	15.403954	16.890283	23.294941	22.496575	22.668354	27.248455	19.175699	26.347385	27.285241	28.591971	25.806405	23.353128	22.693182	15.523524	26.845004	28.571986	20.073271	27.063584	26.861546	13.776916	17.031664	27.544820	26.004385	28.148099	19.779195	18.401062	27.940291	22.618408	25.211194	18.970704	26.386410	13.444799	23.408488	17.938295	25.236542	24.926927	20.323141	28.703845	19.586018	22.306030	27.109894	23.204045	23.505651	24.835617	10.470782	28.821056	25.570986	23.344232	28.694157	26.688884
26.785950	28.236553	24.876142	26.659319	24.736070	28.378690	26.066449	21.055236	23.672567	17.920194	8.543363	11.709790	28.863269	28.813998	23.128334	26.391474	26.535218	16.244258	26.815257	18.075762	22.585975	14.734804	22.158594	21.712750	18.840316	23.482379	25.724658	17.481766	28.661200	27.546550	17.199876	28.541015	20.800816	25.883746	25.460521	23.257721	23.634637	23.257755	19.459314	13.800529	17.512055	25.575403	28.568599	28.111310	24.677455	23.528378	28.229993	28.542839	27.204355	28.492275	18.596638	28.652308	28.811873	23.221485	21.140996	26.720891	20.134858	28.592502	26.037282	27.622410	26.687623	21.264661	26.991407	22.297481	28.161792	11.652255	27.867295	25.299893	23.355597	23.961490	23.056857	24.644331	19.510600	16.558765	26.637509	27.703563	25.518020	14.924808	28.544452	28.622732	9.534414	28.879100	27.663533	25.578442	18.911211	28.365800	17.926532	18.542318	27.664357	22.749374	28.221910	27.494682	24.562073	16.307078	21.520232	20.814523	24.374846	27.396893	26.366924	28.882796	23.884416	28.140285	26.311952	27.121227	21.937923	28.428794	26.586407	19.007785	28.782885	28.568852	26.147319	18.022463	13.176932	20.687124	22.103751	25.167998	28.715225	22.735587	12.050643	21.002749	12.746805	26.831268	28.632669	18.405647	28.585831	28.205795	15.542050	28.379287	24.884286	26.115487	27.979956	18.900578	28.393913	27.905494	23.499238	26.339609	12.921800	28.653847	28.358863	21.024963	21.738383	18.179722	21.971673	13.648602	17.676124	14.432646	27.810592	25.167398	28.530374	16.566624	27.354648	28.573566
27.602658	28.377910	23.684340	25.397248	27.613524	26.157661	19.720084	22.360595	23.530942	24.588784	25.582532	27.165284	17.719537	15.867194	25.333277	26.544984	23.890184	15.208828	27.859408	24.163783	20.336120	25.530612	24.540356	25.955046	26.327960	24.304286	14.857981	26.611248	17.961398	20.764616	13.685371	14.632920	27.507028	16.355749	10.794461	23.549419	28.669471	26.315783	23.439148	28.572475	28.808746	27.307427	7.139209	19.968958	20.792673	21.179162	28.064730	26.109596	12.996660	14.275316	22.092614	19.502631	27.875725	21.292293	23.623516	21.099510	26.383182	27.852760	21.542699	20.772282	27.995370	25.685857	28.634107	25.756853	25.492577	26.027832	16.775807	24.923647	23.161014	28.744513	17.898841	22.562127	25.781826	16.258760	25.357806	12.178468	27.462755	28.783131	18.487103	14.962751	28.306416	23.405320	24.691559	20.971139	27.577637	22.602882	26.997706	16.312987	18.548244	22.311803	28.028997	28.182235	24.201856	26.425738	23.518354	10.153931	27.461097	17.107777	8.949618	24.863419	17.573397	26.289848	22.119814	22.690077	25.060089	19.627866	20.033113	26.917035	17.527049	24.073093	19.962148	27.363402	17.637271	26.545692	14.248686	11.888386	17.218931	27.745097	20.943438	27.888290	23.233216	25.868199	25.746339	26.285602	21.761570	28.404610	27.670668	28.544452	27.563478	27.919647	8.151587	28.706497	28.521074	18.100953	28.255379	17.862058	24.691080	7.022900	24.280495	18.327451	28.200822	26.949653	16.825404	24.796402	25.793556	24.100409	27.192721	27.936099	11.833841	14.350832	27.831726	14.118513
25.736874	19.423588	28.809287	22.936635	13.668824	24.387664	28.252086	25.394584	24.830564	27.242618	27.037589	12.713604	26.604189	23.194864	18.755395	12.672232	23.216621	9.529574	21.564199	28.845171	28.398617	19.863584	26.176935	25.647635	17.454611	16.584271	24.716279	28.780315	26.672026	9.867145	20.946569	28.121797	26.419890	27.102946	13.554801	25.145324	28.607546	25.421141	25.407147	24.526903	21.626408	16.009675	27.978046	8.326109	19.226226	27.975070	21.213851	25.232908	28.319845	25.269941	26.370137	23.816394	21.724644	27.808440	12.150959	17.767950	27.062338	28.307905	23.921160	28.613749	24.932817	28.044564	27.079609	14.358525	26.757123	24.160993	15.077369	25.225054	26.381340	17.866802	20.876300	22.952969	28.577946	27.736031	26.967372	28.202560	27.508782	28.864177	23.951175	25.316423	16.671393	21.226904	23.851479	18.031670	27.780413	25.348300	6.760530	28.355601	28.097623	7.963484	14.346639	19.143823	27.612382	21.266560	26.461357	25.428516	23.372671	24.593835	23.747753	28.573677	27.676548	17.619246	27.798044	27.521026	20.538357	26.307801	10.903219	15.853063	25.946723	27.849376	27.523137	17.868485	25.759680	24.653762	25.611121	24.478019	12.158984	18.929119	28.227240	25.496329	18.446543	22.693236	27.160424	27.645188	27.848948	22.313389	27.283538	19.312797	23.475291	23.489991	24.967346	15.071674	19.414161	22.331037	21.174536	20.308127	17.350634	24.125246	26.258127	25.975329	27.805544	26.656478	23.623551	27.412109	27.227777	21.054872	25.021427	24.734930	27.913779	26.299603	26.762713	28.641477
26.428276	24.643389	27.574203	23.540571	9.699907	28.584031	17.881449	20.520227	16.921057	28.095362	19.078186	26.115743	28.570096	28.802149	27.989606	14.855053	18.657633	22.516136	28.543973	28.724995	26.850012	27.764457	7.927072	27.311846	21.374764	28.769470	27.526973	25.282857	19.335923	28.597895	28.792588	27.628571	27.900434	24.991202	24.813472	21.031007	28.403992	12.504142	28.371819	11.116105	28.642943	28.251743	24.034232	24.800571	25.970105	28.655240	16.640509	26.592265	25.782580	25.024738	27.352138	26.517737	23.972012	24.962927	28.722945	17.917611	27.377790	23.481429	25.764502	25.566614	27.322802	23.310856	28.195799	18.153087	25.566291	28.347629	27.133272	22.630718	28.767917	7.854650	14.417321	10.347934	21.202323	27.858905	24.555060	26.276726	23.426760	28.022641	28.554549	27.354900	16.778341	25.260299	12.546700	28.487844	28.854693	28.801790	14.744971	25.991471	24.479207	28.150755	24.215940	22.356341	25.386855	26.180030	26.105878	20.449825	15.273938	24.769839	17.669943	27.404464	19.472699	12.357958	28.821449	18.492745	17.388524	28.150069	21.697961	20.428900	28.525814	19.241144	28.757486	23.052993	26.173086	19.163696	28.104039	16.119475	27.317924	14.904337	25.160047	25.720226	20.892245	25.320711	16.757842	9.837888	10.527337	28.423345	24.569922	28.889133	16.795989	28.434917	28.756535	20.072191	26.235314	24.844443	25.624259	14.908794	17.842523	28.430231	17.976464	27.067245	26.463322	21.537430	25.860798	26.849344	24.949030	27.918985	20.125304	27.720325	28.806529	27.553689	16.701468	18.872292
28.327289	28.348870	24.752388	21.359533	25.517150	21.444583	24.986568	24.794521	16.766452	27.080219	21.155453	24.428096	22.572183	25.872492	24.545369	9.831448	26.294970	26.878163	27.434734	28.788468	28.783940	19.358934	27.286450	28.827887	22.008603	28.020160	21.848166	24.791832	27.093976	23.570702	25.214563	9.656279	26.988652	20.361567	28.615675	18.777077	28.070471	19.397899	27.796886	25.403783	28.529286	24.486468	28.323480	28.441850	27.259927	26.074887	25.097240	15.495704	24.375581	24.346605	21.644376	21.485955	28.267092	22.242452	22.456535	25.154957	26.955458	27.526568	20.954535	25.574984	19.763408	28.789299	15.776212	11.396768	28.888442	28.715308	21.873159	26.332705	21.652166	19.973076	28.711724	25.434899	19.295622	27.539432	16.767937	19.347475	27.749595	27.296942	21.867860	19.240459	24.647441	20.946361	28.848379	26.293400	28.129287	28.413633	18.291184	21.637481	21.803200	23.073329	28.315286	16.208154	22.604970	26.722737	11.622990	28.454416	28.438804	27.673621	28.528845	25.577972	23.882052	25.923099	20.134988	13.687982	27.921981	25.181365	28.434040	18.886181	22.480304	24.423365	26.412974	28.867608	18.525500	11.793253	27.959142	20.344572	22.297365	9.532604	13.718976	25.179298	27.004341	25.408360	25.001165	28.876385	28.417029	27.557550	25.882249	28.234478	19.402295	25.043895	28.842174	28.290788	25.619310	21.547066	23.456648	25.192275	19.891262	27.748533	28.877670	24.727497	28.800789	14.960443	21.716068	28.881640	23.055036	27.609398	25.145040	16.732067	28.411156	25.915261	28.747938	27.088298
26.096354	20.935121	22.006830	28.198895	21.736348	15.600928	20.824054	28.419481	25.914509	26.912790	16.906595	28.068995	24.057504	28.704327	27.081476	27.758818	28.825508	28.887924	27.503586	25.834709	26.095902	28.685161	26.657096	25.914925	27.078290	18.375883	24.207655	25.345573	22.652227	19.611758	16.800396	27.929073	25.012443	26.753859	27.884177	28.792605	27.692020	22.272970	28.722236	17.027679	24.790739	24.931891	27.212044	26.282903	22.219827	27.993704	21.827098	23.952876	25.879394	14.135857	12.427598	26.343230	24.515524	21.343024	20.377166	20.322005	21.374990	20.319573	14.668144	23.518514	17.384112	20.591669	18.471872	24.990499	24.663457	13.976215	25.788150	18.030098	27.189561	28.175337	27.151442	22.018288	27.543024	26.111128	27.078367	13.557247	28.864673	21.903200	22.301853	27.708583	12.167423	26.370391	28.755567	28.254546	24.504725	23.912586	19.891805	11.391278	27.378256	27.316941	28.763241	21.804381	22.348015	18.881412	23.888576	23.503400	28.619304	27.915299	28.173297	16.085659	20.161207	20.527615	19.652753	17.686384	28.059535	12.908050	24.029097	28.385827	25.233150	23.399678	22.625086	21.556804	28.782707	21.406734	14.612991	13.764620	26.786598	21.361163	23.410181	25.304986	21.870542	27.669945	26.510916	17.811230	17.032508	15.256794	21.609994	21.840907	17.392375	27.989728	20.213794	17.154405	14.138574	17.836481	28.333196	24.533286	25.695956	23.197215	23.791990	19.066643	28.247936	18.758243	22.991314	12.773667	25.944483	23.984260	24.427495	14.929955	23.907218	23.921048	27.794952	25.609671
17.267808	14.439149	28.190582	13.824362	28.492798	15.811221	27.186190	25.280619	18.583155	26.109819	26.792948	28.880446	23.775149	27.248206	25.052970	20.402086	28.271495	25.701545	21.720986	25.438529	26.531658	20.344868	16.822412	23.485920	15.645657	21.547890	28.056984	28.194161	27.712385	21.864730	24.280933	11.614832	28.805857	14.470852	11.539490	27.303562	26.949195	17.000707	28.357424	28.541640	27.754601	28.785866	8.192036	17.183541	27.701197	13.075721	12.696450	28.121141	28.230899	28.522428	23.646671	23.025495	21.403213	20.563712	25.461712	17.277379	28.174841	18.455725	23.056867	23.559806	17.559362	28.756881	26.832028	24.250547	27.831379	21.932234	24.731153	27.573871	27.555545	20.128830	22.968569	18.988681	22.935338	26.147418	19.873854	13.089513	27.924476	28.217025	19.815736	28.532536	23.362232	23.467415	9.377220	10.621385	13.405707	15.677956	26.109437	24.971045	22.716604	27.314649	26.259620	18.140864	16.813114	18.381206	13.698013	25.732857	18.453099	25.479338	9.921305	10.314914	18.868122	23.487356	21.020338	27.955229	18.154582	28.866346	12.065247	26.665661	25.631509	21.036631	28.199195	26.193558	16.227522	16.269825	25.759948	15.513339	14.121673	27.466980	17.381079	14.507723	15.342236	27.498389	20.753014	27.481387	26.744295	22.798497	24.140602	27.484927	22.776932	27.989928	22.515813	14.689091	25.103846	19.699866	11.339516	26.141129	27.595138	25.559576	28.270712	28.740290	17.497034	22.890319	25.591680	18.266207	28.568004	18.991303	16.432338	16.844794	19.820315	28.735457	20.260227	28.376271
21.817500	21.755528	28.300684	26.391051	23.713240	22.587144	20.776091	17.863165	23.915744	28.662936	28.437166	23.148340	26.797883	25.495653	18.690171	26.420380	24.818937	7.729708	24.847386	27.934285	27.456299	27.704154	28.774120	25.806416	21.100832	26.640085	26.188249	27.352898	21.159388	19.567931	24.810292	22.445573	17.878064	27.735965	25.383166	26.131072	26.245959	26.189373	26.982936	16.608809	16.459393	25.821031	28.169058	21.566004	24.600517	11.823959	20.846088	16.981541	15.972027	18.314142	28.885589	27.664289	19.179353	22.361219	28.887092	19.410020	13.312511	28.075041	21.085875	20.032977	25.396090	28.863847	25.972120	25.069691	16.513961	28.176144	11.777004	24.730174	28.701334	28.825013	17.735196	18.970896	25.185299	17.242189	26.234642	21.304790	25.490484	27.891357	27.298652	28.152558	22.521858	17.173455	18.437805	19.407471	25.378738	20.212423	25.700087	20.436109	17.844583	16.008130	23.170353	27.593980	26.739702	25.941912	25.012046	27.188420	23.515275	27.410687	27.379150	24.715035	26.737678	8.898319	20.469490	11.956567	25.924799	9.648323	24.677385	28.229126	13.922069	24.398461	28.586335	26.435921	17.286951	11.764528	26.992827	25.725389	23.640949	28.502603	21.354167	27.702794	26.198395	18.257301	27.354327	28.412297	20.543330	24.546793	14.119336	11.960604	27.522109	18.344662	26.926523	28.053396	26.213573	27.942811	26.083804	15.727197	19.471456	9.654617	6.969155	24.890965	28.555661	23.923653	14.481657	23.782863	24.364491	28.629581	28.597617	26.683092	24.034827	19.080909	28.531488	19.494917
17.778422	23.875228	17.324427	24.273061	24.713767	23.322894	28.783340	27.511907	25.090107	27.107573	28.251547	20.448359	27.820384	19.529128	27.671971	19.707941	26.559922	28.155199	28.285789	20.214960	28.285358	19.317928	28.550504	23.091438	27.345562	17.396981	13.612515	27.959723	28.681118	26.809274	26.296624	24.986654	28.575692	20.529235	28.286755	25.137850	26.002071	18.858051	28.720186	28.306438	28.707816	17.555605	20.754711	21.020038	26.872404	27.302462	27.710424	28.303592	13.867666	27.683174	25.707759	28.373322	26.051491	18.899880	24.081336	21.055478	23.643937	23.727240	20.759621	19.339480	19.245839	28.508602	25.719112	28.549531	23.385795	26.354552	21.602404	10.780447	28.848158	26.515146	19.927705	20.329995	24.057731	22.194267	27.687981	19.353507	24.562380	22.520502	10.700667	25.155297	19.432728	19.769729	28.446672	25.344314	27.655536	28.775080	20.808826	17.201781	27.890751	28.682748	25.007760	27.614180	28.501741	9.529902	21.547846	28.339427	24.064242	25.626318	27.314053	28.336332	14.602354	9.077710	22.616301	12.996412	28.696838	23.930843	18.359457	18.055040	25.729256	27.420962	13.401133	21.564860	27.023231	13.238891	25.723883	20.565340	28.511807	18.147614	26.556483	26.255069	19.372460	23.117545	24.808291	18.235734	28.612061	10.223553	20.451593	22.310097	28.839477	16.143638	23.932017	24.884233	25.102655	27.816573	28.691440	10.284580	17.064027	28.437745	23.304136	22.852171	28.469403	21.656575	28.062252	22.842956	17.804995	28.678747	27.206448	21.166421	23.640779	27.422204	25.877619	28.382170
25.590902	16.832667	26.156767	18.231797	21.119576	20.533366	26.892653	16.054041	26.789079	26.340376	17.495966	19.621778	21.322846	28.300873	23.313071	19.770742	22.201663	18.430352	26.905120	20.386763	23.548581	15.723539	28.639057	27.790075	28.273654	22.412388	24.391857	28.878796	15.844364	25.785066	19.508080	21.802861	26.140301	15.072172	26.103650	25.216806	26.650672	25.173247	20.572091	16.414518	22.231937	16.466793	26.799163	20.096760	23.806007	14.292566	26.418725	24.082908	13.190457	28.560034	28.428493	20.414730	14.715446	28.076774	21.769241	28.840406	25.577545	27.939172	27.416985	18.389811	27.628908	26.575744	28.607768	18.662362	27.244354	22.035442	25.955755	19.640031	20.585232	20.646735	28.171243	28.589491	22.855440	28.885672	21.155887	25.271365	24.326206	28.769968	26.707607	19.371315	16.872338	24.633258	26.641847	16.785214	22.173030	28.353737	27.548083	24.125788	26.466965	24.624911	11.499429	24.713099	24.722792	20.402640	17.785150	19.793002	26.983703	21.528520	28.699296	26.378960	24.933738	18.868678	9.286651	19.743840	26.662005	23.169448	24.930478	27.240029	24.283138	18.253449	18.785045	27.685531	18.199963	17.401618	26.485746	27.256056	24.187598	10.319842	28.621154	17.068189	23.870666	15.181885	21.632512	27.346883	22.700510	24.460938	28.176713	27.922799	21.166252	26.097496	14.026662	12.109498	26.200139	26.739449	28.523399	10.562461	27.205114	26.680840	23.728101	25.918340	28.136834	26.043518	26.150939	28.873666	21.329208	28.091777	27.085300	18.712463	28.590786	7.453654	13.877187	27.507212
25.909052	20.421936	20.102698	27.627873	25.855420	10.508552	12.142498	28.617609	25.207408	26.313092	28.251478	23.763468	25.294642	21.111375	23.654111	8.894420	24.043032	27.396609	24.779147	17.216562	26.853372	24.340407	20.248932	27.060354	27.956871	26.777442	18.181827	27.938320	13.897086	27.029034	24.504679	21.957137	19.607989	26.006362	26.382726	16.888316	25.770747	12.203775	24.016328	23.433742	12.690654	15.557798	23.508651	21.846340	27.373548	24.726100	18.324126	28.019911	26.214073	27.114337	28.842586	28.450290	18.643504	13.665485	20.260511	14.891555	15.515091	26.603975	20.477718	12.406413	19.250994	25.084739	22.553700	18.696325	17.678668	24.628216	23.330424	28.473780	27.711535	26.333359	27.031521	28.800087	27.821615	23.925996	21.123968	10.902016	11.390730	22.091396	28.704222	19.311479	25.174727	18.969440	17.155303	19.669127	24.737722	21.067796	28.882418	17.841985	23.069129	20.430551	25.899073	26.474614	26.326632	28.873274	25.439633	27.236933	28.579452	27.668693	23.287618	22.002961	24.253785	10.121048	16.583826	23.902442	17.525260	14.660454	25.126849	27.406989	20.770955	17.270716	25.588645	18.576667	26.815736	15.707467	27.727875	28.501976	10.462753	27.149510	18.122980	28.180210	21.661790	20.612938	15.337324	16.687980	28.883057	26.955497	26.745931	22.332166	24.800987	21.074725	25.362971	28.711606	17.247776	25.685632	28.280501	20.734603	27.534322	20.495246	16.479090	13.192383	26.549848	8.121765	20.649810	27.882350	22.385448	27.938829	23.853547	13.979783	28.795421	22.392669	12.844338	28.574751
26.119854	11.826391	24.648180	22.738648	19.961435	28.599609	13.574262	20.837306	14.513727	9.846440	28.674582	24.973752	28.221886	22.161004	27.007271	19.092456	12.516229	26.466464	21.948147	25.918872	28.879650	18.905526	25.425396	26.392153	20.739958	18.659909	25.193304	25.626635	21.057316	26.157077	24.447041	15.226486	19.482086	28.567697	28.376902	27.408797	28.487752	22.355950	23.011787	27.510852	23.586014	23.337864	27.730929	9.267700	11.982785	22.163809	22.691802	27.902366	9.023705	24.290373	19.453363	23.773163	9.170173	28.736980	21.088642	13.904254	28.834613	26.683744	27.199178	28.834716	16.489706	28.885565	17.409128	28.727019	10.398808	26.454384	20.894193	12.977581	24.419971	13.577798	20.843424	26.595429	19.769355	26.937426	27.694510	21.877788	27.465381	25.684234	25.231473	9.596871	26.389379	28.165631	26.579035	13.678536	22.160691	24.914374	26.878931	23.801842	20.563710	25.653701	23.774073	28.432412	16.302002	26.879147	13.199816	16.469882	28.325885	27.312377	23.397209	24.232187	18.645446	13.179536	17.613570	27.547242	21.966094	22.709863	27.356084	17.751052	24.816344	24.932362	27.934309	25.076781	25.522952	24.175752	20.243589	22.149010	11.748254	22.851647	26.375987	27.663722	23.980301	23.764665	20.241303	19.085972	25.498271	23.492499	14.547651	26.885141	18.072620	25.212711	16.259300	24.491171	27.843020	28.286327	20.139392	26.545484	26.122702	18.082807	27.066543	27.084324	20.515554	15.933122	12.047952	27.358686	28.613882	21.719917	12.771844	25.500482	24.821588	17.948528	27.858229	15.366987
28.813605	15.897380	18.891569	26.464536	24.098264	23.102312	17.802652	15.369312	14.246192	11.643222	25.474852	28.518913	24.820575	28.876212	19.612568	14.458169	8.434511	22.839625	27.724764	28.266999	26.297823	23.750442	19.131542	27.764972	27.119381	20.845752	14.736954	23.594023	22.038962	25.477275	13.831554	20.835199	20.469169	25.848504	26.458591	15.448625	19.067446	22.921671	28.877467	19.228160	26.116943	21.272344	17.619500	23.190814	24.535418	20.980903	23.290798	27.634504	22.981150	15.561350	10.932109	12.525163	28.581656	9.677939	25.126045	8.410322	9.077486	25.870965	25.268949	27.524795	28.865854	15.203894	16.164772	25.526031	17.035102	28.863316	19.571126	24.708758	19.386406	15.419628	22.457634	24.125093	23.161414	23.481520	24.052914	26.073458	21.614573	28.094275	15.348299	14.045213	28.800550	21.295958	27.908250	25.378056	14.862821	27.929668	26.754390	12.112759	19.725097	26.357000	24.969016	19.924417	24.955207	22.711392	28.575900	16.906459	20.664556	28.508699	25.798256	17.364308	28.653304	21.420726	22.159002	23.514188	23.104743	25.312030	25.863655	19.506884	28.250008	25.863033	28.707485	16.960922	21.040254	24.641122	25.385361	25.594780	21.885647	28.432955	27.883342	25.337321	25.798805	19.935097	28.744160	28.660671	12.528450	28.775441	24.958217	25.450064	15.526104	28.505727	27.274530	27.259827	25.100569	27.711282	28.706955	27.246062	23.802394	21.453439	14.755914	22.857322	27.667015	27.901984	28.692645	20.895952	9.807865	23.871140	9.768600	17.014118	19.997764	28.198076	22.565592	28.434083
27.077121	23.068235	16.859411	26.974353	26.540790	25.223002	25.470916	22.020605	27.385019	25.204529	19.214580	27.641556	24.452709	13.031897	26.954834	22.241544	25.999047	28.115528	23.206130	22.929031	27.696542	25.987428	26.572789	22.594920	26.219365	23.940071	13.502857	28.638091	27.904478	20.361576	26.160887	25.609264	22.945765	26.407222	11.945023	16.815976	26.478051	19.441744	20.103195	25.792034	26.052170	27.043642	25.285501	10.492865	17.755012	25.285944	23.914021	27.928622	13.848163	28.073616	27.429397	22.700201	28.742890	28.755077	23.927431	26.533827	25.616510	26.308702	22.900796	24.851777	24.250006	24.449568	28.510948	28.354991	26.437709	17.049359	21.744473	26.349307	10.421995	27.064200	17.205156	23.592165	28.751352	24.560745	28.243504	28.384466	14.900650	26.769375	16.923284	21.123023	17.929514	24.629963	27.293947	8.739244	25.316829	27.252098	15.175707	27.387611	14.438350	17.432748	28.146685	21.896692	25.653171	25.466055	25.247905	18.471410	26.216439	25.102090	19.399722	27.707434	20.680845	14.560240	22.862232	27.783741	23.899235	26.302916	20.629813	17.339964	20.094191	25.549040	26.573565	22.355546	27.972617	11.256002	28.129827	27.852109	26.342016	21.719090	21.812028	27.075620	28.282088	21.793488	23.143865	25.569950	26.942181	28.537893	25.663468	27.181973	28.032482	24.471784	25.801536	17.521417	25.783785	13.005543	27.317870	19.707435	28.885193	25.571773	27.964815	28.381226	23.829373	20.475798	27.216621	26.593474	24.518035	25.807286	24.679494	27.776909	22.215886	28.414784	16.977908	26.076188
18.797175	27.512260	17.029034	18.989379	26.192853	28.588802	13.247202	15.005790	28.886190	28.122735	24.547110	17.376878	21.610665	26.929681	27.368304	19.769870	27.996193	25.765365	25.982112	21.887797	20.550038	13.824125	27.929977	21.702467	21.055377	26.739654	28.433580	19.009312	25.494164	20.800927	28.826701	25.209370	21.556023	24.851784	27.983748	25.034422	20.362088	27.653381	27.304507	19.628006	28.739234	27.814736	28.886159	28.017803	28.292476	20.459614	26.633898	18.445813	28.582762	11.704176	27.142951	22.410523	14.790828	18.308939	26.881420	26.545953	10.269785	26.897405	23.648338	14.643722	20.289623	18.759267	27.297904	19.630372	20.074830	28.728002	28.272499	26.702728	21.487586	26.705382	27.057901	24.113393	26.691708	13.073837	16.546791	16.374369	21.316600	27.240610	27.989429	27.834358	28.287972	28.319655	12.370629	25.325910	27.954953	28.680313	14.624734	28.870747	23.841951	16.777096	22.366956	28.758673	27.784051	20.479582	24.057717	27.442973	23.763107	11.808742	26.284835	25.016630	28.562945	23.864762	20.588789	28.041574	27.792611	26.362477	28.545734	28.361945	28.426583	27.987953	22.440051	21.115421	26.270317	17.529166	27.769772	27.561302	24.172230	19.946058	27.258908	27.936659	19.452240	27.371752	25.511573	14.989943	28.634094	27.110787	24.951425	26.461095	24.896919	28.733389	22.969209	26.412353	26.201244	26.022561	17.681382	10.237923	10.430583	27.177330	28.549653	24.916404	28.530703	28.533110	27.574478	26.962459	18.066300	23.167823	26.836670	26.244892	28.035575	19.491806	18.757117	20.102883
18.230163	27.289333	18.693495	28.510407	23.371452	19.683650	20.220873	25.275605	27.986448	26.224399	22.090181	24.972603	21.750770	20.558512	26.308711	26.920679	27.522080	27.596865	25.441517	26.721444	27.919527	26.489165	19.572015	18.973488	27.347082	26.146647	24.977022	22.773445	21.152295	22.826524	28.488677	27.232865	25.528265	9.036036	27.565855	26.976268	28.619811	27.407687	22.386205	25.549605	17.141719	27.720690	28.078356	24.991151	24.431937	24.196043	24.307108	24.402882	13.598052	23.922291	26.267846	22.444228	16.187481	21.916847	18.861393	27.895983	21.576054	28.621704	24.003699	22.963267	14.881842	28.014890	17.809502	17.451489	27.862104	23.587978	27.815681	24.802513	26.923120	13.447079	23.654132	16.698938	24.918059	28.196042	28.852933	24.396588	10.014065	24.089413	27.730072	18.557759	27.220460	15.220955	25.753058	27.519099	27.801313	27.705714	25.668584	28.821844	24.206683	22.681928	20.140838	19.781598	18.753576	26.246691	15.785222	14.189679	23.862007	27.559445	6.023826	14.011581	23.726084	26.349352	21.826649	17.792682	10.946697	22.852155	28.460407	25.434577	26.856536	27.158844	27.756509	13.584803	23.231363	28.484413	28.526373	26.699129	24.015413	27.232758	21.682269	26.274699	21.824083	20.372568	14.307231	24.161097	28.875657	27.934962	19.830766	22.819332	18.147871	26.091854	15.975749	26.319857	12.763267	16.233772	18.058805	20.828786	26.186880	26.580055	28.142334	28.708386	13.517466	25.600551	21.296102	25.737189	28.644329	25.931572	26.394932	28.085662	25.128908	24.288858	14.723101	24.966570
22.251307	16.907335	25.830529	27.100502	26.782820	23.605519	27.590248	26.208998	28.036656	25.945675	22.354790	19.070918	12.163675	25.836049	23.468251	20.796401	25.199788	25.465910	27.347452	15.330192	27.083432	28.798101	20.303152	17.832042	24.001484	16.852376	28.885963	27.470777	27.807881	20.733101	24.561284	12.965259	26.229759	25.302844	26.446772	27.418056	12.639906	8.379321	21.773156	24.660693	28.312180	27.154153	24.045161	26.677472	27.890720	26.159370	27.523493	18.415185	23.469551	27.212993	23.101390	10.851751	17.451283	13.443892	12.760459	12.759047	28.426378	18.325812	28.834524	25.815848	26.401636	21.576061	16.079565	27.193663	19.891999	28.226341	24.894961	18.010686	23.400217	28.395709	28.305939	28.235492	22.951868	27.160541	13.980096	25.961026	22.562589	15.770544	25.832521	20.896301	25.777869	14.914175	28.121964	17.120575	18.064699	23.106067	26.391553	18.639539	23.515380	12.303278	27.286920	21.511224	28.796698	19.872118	27.955550	19.426980	14.642047	28.887743	19.995396	20.091826	14.885460	27.089500	18.444299	23.050065	28.849098	28.564296	24.587136	17.314498	27.687068	20.559723	26.026841	20.886523	27.228118	23.424916	28.073949	26.855789	22.109092	22.276111	18.575954	28.633097	28.788780	27.986667	20.749878	25.371172	25.794672	23.159557	17.869290	28.289011	19.926524	12.809958	14.926317	20.455512	28.882969	21.406739	28.680412	11.119823	26.710061	28.879674	14.296668	21.063188	28.263986	25.225850	28.641992	28.281515	27.649816	12.259665	25.151504	28.536173	13.192745	28.463401	18.467541	21.048015
28.817566	8.005443	25.752710	26.102668	21.267089	25.580523	23.986979	28.071775	28.321021	28.409319	26.134434	14.949189	18.097650	23.206751	27.817175	25.821264	18.768015	15.263695	26.656973	23.888575	17.918663	23.163467	25.376334	27.066157	20.038703	25.959709	17.368232	21.040969	22.899464	26.281053	22.629488	23.791361	28.131743	18.124275	14.794508	25.200323	25.942497	26.537645	15.982526	18.760914	25.129094	27.891492	27.491176	27.864994	27.320946	23.702130	27.235711	23.047960	27.792680	21.587551	27.774334	27.864553	23.862798	24.967409	26.429481	26.618873	28.521043	19.242311	23.383754	28.806745	27.611859	24.318548	12.799877	27.945293	26.951563	17.363750	21.509697	15.483052	16.805037	25.406264	25.412018	14.548555	27.208878	15.378045	13.337234	10.005349	21.902135	20.393959	28.486431	23.450098	22.288061	27.600752	22.311563	22.913242	27.252513	28.097735	25.446580	26.652268	15.453206	12.607436	22.696548	21.629836	22.793585	21.791404	26.076607	27.050165	28.447211	23.949607	20.031370	23.874803	22.939095	20.207848	27.753734	12.261878	27.148152	28.516075	25.962435	21.055268	20.334416	16.481408	23.544537	23.287233	21.522397	27.267123	13.608234	28.197275	11.820217	27.973975	27.428265	28.493636	16.906635	20.074013	27.899607	26.472189	28.370404	25.578878	28.077900	28.823112	28.060492	23.840001	27.693738	23.059274	28.013440	17.167780	11.511878	16.669463	27.977961	28.449433	28.743971	26.977406	28.808486	18.307021	10.415901	15.143921	20.823826	24.448281	18.645858	28.876541	23.559866	26.489817	28.682625	22.190596
24.092923	28.599673	6.321208	18.042521	24.901518	22.615629	26.368101	24.067430	22.777941	18.030035	21.524807	26.367788	22.190531	22.668190	26.710301	23.525800	28.577731	21.172902	20.517977	27.097009	22.580551	28.247154	28.729235	22.963701	24.113177	17.226557	26.980406	25.746491	28.776280	25.567490	10.987577	14.053212	27.432673	20.166493	27.073612	23.524558	25.988956	27.570750	28.645148	18.553678	28.157497	27.968182	21.833351	25.488055	27.339409	23.904605	23.215452	23.412494	27.809853	14.281908	7.675502	27.868736	27.902082	25.200609	28.472527	26.146419	24.111616	8.855516	17.024310	25.523863	17.648994	12.051735	24.974326	21.235354	26.880569	14.534087	26.128630	16.834985	27.347398	28.576039	23.585476	16.002228	18.471886	27.136099	26.504543	25.920606	28.647703	22.422638	25.875773	25.839957	28.506655	28.068505	26.131211	26.409994	25.798577	25.999317	21.109522	23.246522	28.697765	23.818985	20.222750	16.725843	28.663525	24.011873	28.263830	25.816147	28.582030	25.118964	14.773089	28.444215	28.215888	12.227241	26.556031	20.267732	28.550532	26.461464	20.848590	14.111897	23.538554	27.900810	28.522473	28.654283	10.846209	25.331970	20.198091	27.856873	15.331667	24.044007	28.249949	23.737419	24.056998	21.920692	28.460015	20.390466	18.540815	23.215298	28.771278	28.196838	28.351364	25.785956	23.351539	22.801449	28.483465	9.927258	26.676964	26.581541	25.734467	27.238613	17.974565	21.650989	27.793916	9.156370	25.342071	25.848603	27.945754	20.019587	23.072724	12.748094	25.763178	26.847713	28.583721	28.321899
16.086497	23.752628	16.324613	26.894953	13.504151	21.448311	28.083117	22.309550	26.673375	28.296593	19.277748	22.745485	22.133711	26.321296	22.104888	25.347078	27.804504	12.178002	25.192447	26.617480	16.923602	23.632739	24.420163	27.413978	13.180970	22.019891	28.664651	19.902977	24.658474	19.191082	24.799618	26.241677	19.017720	7.574806	14.038833	26.142864	12.840039	12.883716	28.228368	28.654800	27.529390	23.741098	13.289999	25.797271	28.569258	26.883099	25.173691	28.354426	20.026260	24.031962	21.658843	19.377652	25.946158	27.292625	12.105023	20.635058	28.008874	20.429158	27.445129	27.724639	24.116236	25.879396	15.529512	23.991153	26.611539	28.354522	12.896529	23.721324	18.623022	24.225253	22.765705	16.113199	24.599156	15.613919	27.079248	18.002204	27.985804	15.703650	24.977370	21.848460	28.372511	27.662580	25.122142	26.701274	24.099195	25.402147	28.094585	27.646425	28.794773	28.745760	28.330212	17.987584	27.361957	21.298229	19.888245	27.570098	13.227066	27.745986	19.374784	17.232956	27.240656	26.933879	22.112379	25.990971	23.783532	17.096330	20.614790	26.318399	25.673080	28.382691	19.325948	25.714338	15.053013	20.053365	24.700230	23.421620	26.583386	27.050728	14.977556	26.941293	27.704021	26.444201	28.427390	26.959883	17.702841	21.976653	16.799513	10.392271	27.759546	19.890392	26.518348	28.772253	28.753574	24.369982	11.101186	20.334561	23.939844	21.665688	26.654773	28.662242	11.256891	8.137819	28.521080	24.338240	27.398080	21.771352	14.990719	23.522119	19.878344	26.014859	24.187853	28.138032
27.264527	14.666573	18.073050	26.169337	27.997950	28.064460	23.924807	28.531330	27.894410	17.056684	26.913402	16.640704	22.533589	28.535618	18.765520	24.135757	28.710156	28.242273	26.176473	25.493221	20.234775	23.623034	22.608586	17.324420	25.968780	28.517308	25.170266	26.312068	28.499416	18.259922	25.416101	27.818499	28.076878	26.148854	21.355902	18.025588	28.187233	27.787489	21.551764	28.266754	22.294325	23.900350	17.014292	19.916130	25.732822	26.999992	23.943239	18.427233	14.029276	28.279091	27.361350	28.735893	25.190161	27.607926	28.528949	24.065933	28.230980	23.880990	20.132429	25.845617	25.376045	23.339275	27.064231	28.651718	27.857520	28.102285	16.657546	25.163345	24.149728	24.034728	21.129970	25.897377	24.102504	28.334491	24.089664	22.972030	28.219088	24.926080	24.699418	23.839964	17.882321	25.720073	21.412646	28.656236	28.022177	28.001031	12.662797	27.428358	17.725545	27.986006	14.973780	26.974545	24.196111	22.724366	14.192090	28.420456	21.416366	20.232617	26.479037	25.198950	24.796953	20.147190	25.013368	26.481098	27.255080	23.336312	20.362316	28.597518	28.294218	24.427050	26.713496	27.386232	27.662003	28.174495	23.239848	21.075545	22.789891	27.386177	27.041235	27.403957	20.156292	24.232068	18.754571	27.622336	27.782910	28.785117	20.214250	28.338056	26.778084	24.233765	18.554380	9.133914	23.349350	15.414056	20.331413	28.178276	15.130754	16.993100	19.486833	18.236808	28.491373	21.689962	25.270785	24.140360	24.190268	26.127398	25.570611	28.621394	18.349343	22.723408	28.226148	28.153906
14.330344	14.645362	18.316015	24.742600	21.667960	21.396534	28.288490	18.996868	27.560002	16.840160	25.798050	16.413333	17.349304	18.834066	24.798120	27.487296	26.894552	26.033577	14.309786	25.660001	22.213337	27.598096	28.604762	22.640223	28.748634	22.375759	26.147435	25.660820	24.895530	27.752658	25.061590	27.555720	24.915935	27.698642	27.596441	15.545112	27.560677	22.592764	22.585188	24.792058	26.946733	28.286363	28.152574	25.432909	28.809703	22.862513	23.778978	25.781023	16.394507	27.733519	20.207606	20.262710	23.465535	19.410267	18.806606	22.851873	15.987707	26.352346	21.059202	19.233699	28.232527	16.714831	23.858958	18.145172	28.515254	24.919380	28.143510	25.594897	12.470987	21.064669	16.693723	9.477754	14.809061	21.805210	25.903800	25.819707	16.320925	27.313693	24.858319	19.310087	20.201922	27.531894	17.936610	27.264726	23.822959	27.029344	19.647854	28.544446	21.527455	22.152359	28.771995	18.495987	26.771778	20.241910	26.626957	21.410656	24.486718	27.188945	26.166334	28.770893	22.715987	28.709602	24.934074	17.326117	21.760998	22.277444	27.630046	9.206103	26.377536	28.548926	17.973956	27.285204	28.374024	25.839897	28.249251	14.723156	19.315937	25.477490	28.336468	28.006738	22.391040	28.064412	26.970485	26.308958	28.049337	25.242007	10.476247	24.290155	25.796103	18.856695	23.375795	21.781984	26.452921	27.384727	28.739907	22.119704	20.345258	24.859735	26.284677	22.595510	23.174708	27.781744	26.774082	27.532653	28.397514	26.860843	28.624762	22.339139	24.923743	27.622952	14.042443	28.114317
16.912670	26.481788	28.857557	20.848954	21.530395	7.430117	26.844475	27.206243	19.741246	27.058820	11.970433	26.530110	20.770664	27.967665	27.977756	28.236304	26.804972	26.380479	25.868189	15.738719	26.908419	28.481611	28.016948	21.668016	22.354340	18.290393	13.864269	24.933751	16.994591	19.692319	23.647571	28.761765	11.355520	21.494663	24.386922	27.951383	28.800332	23.954684	17.670043	22.714437	20.318678	8.237788	20.506790	26.736912	26.490241	26.389379	23.316370	22.814331	27.891021	22.753928	28.086788	25.501280	28.044780	25.147353	24.868817	15.122283	26.062196	21.105714	28.168094	22.418750	13.972183	13.917334	27.300638	14.737557	28.744743	28.668276	24.168362	22.053136	21.857761	9.265277	28.677028	20.204168	27.543886	11.459712	16.977389	22.260387	28.252460	27.319633	28.160940	27.658640	19.211590	14.917648	26.398601	14.141703	23.239099	25.327553	16.388555	19.867834	17.007901	24.665010	27.104494	25.499806	24.870025	25.772016	28.035587	20.178603	24.897189	26.860134	18.855845	18.619491	12.038657	26.249676	23.824522	14.470118	19.254828	26.613821	27.657444	25.797705	14.250844	20.804460	27.675635	18.654741	28.045641	12.139551	23.310479	15.334198	26.512175	20.808879	22.570441	19.466200	26.071615	22.325196	20.895312	25.799778	14.756625	24.197245	18.145187	17.361052	20.341669	24.018449	12.288260	17.553936	15.898968	25.994374	23.897794	28.795307	19.634143	21.554253	15.221583	20.278680	27.035289	28.441458	13.037392	20.825254	24.451393	25.328628	27.728806	26.574799	25.617802	8.815123	15.551984	26.048319
25.465582	27.376170	10.379145	27.621384	21.963016	28.683788	9.096775	28.871157	26.885391	22.920949	27.579912	14.202647	28.096190	10.192083	17.586862	22.424176	13.015492	15.212939	27.170556	26.745556	26.773473	18.598543	28.449024	24.523097	16.494954	13.051882	24.404826	13.900086	25.518230	28.179705	27.506363	22.260711	22.411111	28.715087	23.607512	28.519371	18.752700	26.748106	26.262075	27.719901	20.964528	16.097503	28.241911	28.400017	17.818840	17.939171	25.035628	18.946658	25.639814	28.031935	17.327274	16.751987	17.929324	17.914404	23.636899	28.008572	20.385235	21.210447	25.583896	16.371677	22.969134	17.378400	26.185436	27.181223	9.314736	19.806443	26.632656	24.930562	21.719479	27.926513	16.327252	28.549677	28.166297	26.109530	27.539376	28.419585	28.380214	26.765755	26.859032	28.802538	24.051853	25.848830	19.552178	27.387729	21.618965	20.347705	17.446246	22.722921	28.727664	22.297546	27.348937	22.630731	16.761157	28.588921	20.156120	14.731486	18.101315	28.109197	15.711190	10.459936	26.064420	28.097082	25.476884	15.743934	20.915133	27.603731	26.569632	28.614391	25.829026	27.797765	25.873715	26.465084	19.690029	17.656534	28.500490	26.619604	28.325081	21.780804	20.668889	22.498476	26.566710	28.033041	28.786757	26.049492	24.602109	25.914964	27.740164	21.723002	27.172434	26.160660	24.711265	28.552319	26.263423	21.418643	27.080296	22.885842	15.426284	27.824869	18.742285	14.732597	9.055853	10.784187	28.813405	27.671598	20.713402	26.466838	21.710427	25.417187	22.171942	28.335174	26.100143	26.732930
28.354909	26.170931	27.939208	14.384294	26.345341	14.794912	24.729416	14.771364	26.839336	27.883923	27.482142	25.087625	22.168195	25.193446	28.829752	23.244097	24.431148	12.802090	20.146820	26.206857	23.127343	28.570823	27.059874	24.053288	12.607828	17.122215	27.602849	14.479912	26.108156	27.275849	24.421588	16.312266	12.702641	20.585503	28.388768	25.132426	22.932079	11.878564	27.117398	18.268337	27.288632	26.560099	27.514363	22.503681	11.602393	26.163331	27.011625	16.086604	21.921874	21.227571	20.393189	28.532478	28.615945	25.211394	14.003205	25.109498	26.346907	17.223125	27.006528	28.838433	28.679404	16.369959	27.009092	19.237293	22.745024	17.202834	25.314139	27.213871	26.269253	16.874224	11.396606	22.470773	26.013084	25.428051	25.398805	28.724371	23.077013	21.202057	28.668870	27.523220	26.647379	26.715194	26.881107	24.595536	15.432085	28.482469	15.058580	18.806757	24.420767	28.851949	25.725906	24.062254	23.144554	28.580210	26.806023	18.862769	21.854019	26.326491	27.537884	28.225735	25.384177	25.115992	21.925090	26.871419	26.290682	28.241141	21.497382	26.965095	18.520993	13.918162	27.417493	24.047339	19.605918	19.216631	26.449592	26.840517	20.889176	27.596032	28.430146	24.812621	24.194683	27.752490	27.614403	28.600978	26.912312	23.218471	18.953598	13.639826	27.053573	14.439821	28.465128	27.920446	20.323911	28.670379	28.442954	15.113786	14.689868	21.761157	23.335235	27.348963	28.293373	26.183937	22.237297	15.982719	28.274867	23.061939	26.499480	19.931407	24.983624	28.356465	25.025430	26.040174
27.480681	16.964182	16.493620	28.413148	26.698281	20.469168	16.853815	11.015713	28.618715	26.122699	23.716200	14.666299	26.489352	16.239854	26.647121	23.828654	23.161913	27.672964	10.243312	24.550783	24.336621	28.707748	18.891105	21.424974	20.174335	19.577438	24.495778	24.267968	22.869703	26.075129	28.820979	28.661037	14.347108	16.029311	23.054347	19.403037	16.986457	28.881709	28.075115	19.853239	17.841883	21.012761	22.604887	12.320655	11.027497	7.331300	20.043361	16.754311	27.949783	23.454497	21.411549	25.301994	23.357232	24.452083	21.393925	27.812001	28.854474	11.076329	20.243452	15.787693	25.222271	18.167846	28.616351	25.144307	28.530057	28.207514	28.874372	15.987081	16.317115	7.097168	24.439147	28.565266	24.941877	10.655428	28.523420	27.381894	14.089374	27.213483	28.449414	26.158107	25.706728	26.251241	19.818464	10.365834	28.379163	15.179330	22.144168	28.039362	27.099381	16.903885	26.862255	16.965929	21.866828	16.588921	26.986542	28.320239	25.882253	28.853540	28.113024	25.713505	28.192014	25.899381	24.905221	22.244551	16.345816	25.885322	28.753989	12.707868	27.683602	26.368677	27.509725	25.965581	21.820807	28.335810	20.834245	25.715538	26.175398	26.535064	26.179795	16.983417	27.168808	13.986566	20.532676	22.512744	14.346566	28.351203	28.621713	27.759264	24.602854	20.412923	12.094210	21.717383	28.400227	28.118223	10.276755	27.518505	24.147429	22.400700	24.456483	14.591163	23.061692	12.276733	18.141871	13.226653	22.923375	27.772729	27.065555	14.133460	24.795519	20.569037	27.377412	22.194521
22.441751	28.285655	24.090345	24.088541	26.678004	25.730809	25.717076	25.730411	28.670616	20.813014	28.839087	20.236799	20.279482	28.873320	26.657480	24.585793	25.706098	21.257970	27.712145	9.815273	9.698532	20.273551	19.566406	23.962300	27.424652	9.053715	28.452150	17.119637	27.314334	21.081106	17.204302	28.738567	22.367903	28.222957	28.858387	27.852555	24.221846	27.066110	17.332898	27.753986	26.742615	27.796453	23.643260	15.134595	24.262177	25.459025	17.997586	18.256658	28.441796	28.170038	28.524818	11.723504	25.942324	16.295478	25.352379	20.870560	27.942229	26.580244	25.260777	23.882746	21.092492	26.515886	12.433622	28.089300	26.051737	26.466539	27.171108	24.729772	26.943084	27.985478	28.324619	27.870493	22.575416	18.603259	24.563540	25.421300	28.686180	21.514978	27.212928	27.028420	27.460935	27.983391	10.871270	21.580232	28.656363	21.974012	22.537197	27.373964	22.570576	28.789935	17.157275	25.399616	27.595606	20.493405	28.220887	16.538882	8.852724	28.185226	26.772415	28.050651	15.773983	10.264358	15.790871	22.053891	10.952932	25.542164	27.159520	26.955919	13.706789	11.899605	24.362026	26.176091	25.568605	9.447146	26.190693	11.034892	28.820078	24.919719	18.216964	25.668167	26.337513	18.768255	25.979871	27.930953	28.729784	20.696877	27.747301	22.378815	27.060090	16.551084	22.327437	15.391217	27.971158	23.091452	28.604087	28.478633	20.606841	27.022430	20.517270	28.589116	28.549143	27.511779	22.732721	27.918973	11.327121	21.075370	26.786532	28.011105	21.398165	28.611102	23.892732	12.873603
25.295898	19.966322	15.337632	26.860958	24.480758	28.014175	13.957889	25.339857	24.028694	26.899133	27.526150	19.697673	16.478116	26.661828	25.374657	24.310388	26.995622	15.814301	19.368866	13.196678	25.728785	20.412145	28.173912	28.475917	23.134464	17.094048	27.232484	16.747190	5.988665	28.202989	23.385974	22.262856	26.841003	14.192116	23.357849	10.912872	22.484255	22.375097	28.501337	25.873384	28.624271	23.728071	23.582480	7.587098	28.236001	26.733359	26.840474	17.048318	16.243818	28.785637	20.087201	26.393511	26.235562	17.266456	23.476155	19.778507	28.820178	28.879348	15.914681	24.018619	14.484027	28.134435	17.356418	25.601640	23.363398	27.047515	23.248991	27.838908	26.561678	18.473341	25.031780	25.708689	19.552072	28.201879	26.528247	28.362906	23.105908	21.658502	26.030777	27.980134	28.361900	28.026262	19.343504	22.472233	11.161976	28.107940	28.363042	14.422673	28.705985	28.119015	21.912096	27.957501	16.987263	28.812281	19.207174	25.166809	27.543291	26.068345	20.568131	19.629417	23.465134	27.083243	28.652611	19.793136	27.220992	28.888502	23.836735	28.620235	21.509723	15.769743	13.955181	23.044692	27.085957	28.803435	17.403222	25.651001	15.680508	21.127768	19.819194	21.377077	22.071198	28.643433	24.537822	26.940128	10.774740	25.603860	20.906981	26.800552	23.414367	23.862885	23.619632	28.649094	19.442204	18.979033	27.666976	27.429550	27.599476	18.571920	18.711820	22.946253	14.312899	28.149933	20.089196	27.023395	24.162593	23.876393	23.438316	13.169423	28.719423	26.182922	18.889922	25.891678
25.629906	16.494071	15.507947	23.182937	26.257588	18.164005	23.554191	26.340011	19.895295	23.180005	17.828452	28.259932	12.226049	26.975593	18.348612	24.590148	25.741662	18.258815	27.972184	24.298521	17.863111	27.574590	18.605247	27.423042	9.984131	26.288902	27.125854	26.831925	24.103759	19.825187	20.082935	24.062245	22.832289	25.638207	28.886690	27.480695	26.296448	22.604432	26.342965	27.207738	27.948949	28.883994	28.814808	24.975846	27.354941	23.636926	8.330464	20.316377	24.645056	15.303063	16.514810	25.748330	28.799455	28.492818	13.793232	25.649077	28.648822	16.208419	28.366870	21.504893	27.268484	27.911590	25.419461	13.682903	24.205153	24.833611	26.738942	20.197419	27.293245	10.156682	26.323821	24.171056	23.169371	27.682213	27.928476	15.398976	20.336060	22.397848	24.876893	24.693470	24.509510	26.992427	28.246878	28.490192	26.412137	24.642253	26.351411	26.666958	28.103905	27.155638	15.090550	26.419862	21.390386	26.433391	18.335072	16.299406	22.903708	22.929181	27.879017	27.936803	18.756883	17.185595	20.838214	26.964409	23.406718	25.914838	16.155741	23.112560	23.792179	25.525881	22.486579	28.856257	28.752751	26.993600	26.462080	27.815670	23.185090	20.267296	9.805997	28.730164	15.073215	18.220937	26.985839	26.544954	19.825131	26.673948	14.805448	24.924179	20.162113	21.646226	25.189986	27.700714	26.666663	24.027309	22.402421	23.489798	28.429555	28.840139	23.038376	26.629583	21.856665	21.745273	20.153212	12.702418	25.131486	25.458390	28.507169	23.320523	28.033787	17.378261	28.773829	25.389823
26.392526	27.777349	27.641360	21.474253	22.694138	20.490443	24.040032	8.353482	11.895735	28.335833	16.392745	13.199435	11.703040	19.063657	19.097286	15.354025	21.701815	18.024372	10.051409	21.806066	27.271633	15.262612	19.117701	27.586076	28.749803	10.831560	18.442917	25.072432	27.020551	28.858011	25.718364	25.896332	27.169084	28.038839	23.907233	21.874805	26.091205	27.903907	25.605025	27.453084	19.895645	26.957287	28.771607	28.838388	16.703317	28.545490	21.789135	22.068171	23.999042	17.189174	25.634414	19.748690	26.271366	22.873213	23.705046	24.385475	17.790256	22.521455	28.040228	25.317581	13.476258	26.931708	11.254648	28.467317	27.482286	27.640325	22.252085	26.616726	15.204228	16.716612	25.465539	26.304728	25.581129	22.790361	28.887731	19.012456	18.834515	27.173901	9.239936	24.974800	27.710252	15.506288	26.739582	22.169997	28.687647	23.542089	28.326755	26.532392	27.728618	11.998154	25.363879	25.482706	27.439311	19.664578	27.716099	26.080013	28.857396	27.523516	28.803031	14.308248	20.818189	26.891233	14.634011	20.472515	27.925847	19.007978	28.464303	28.253946	28.311698	22.680875	7.695713	26.696628	28.119997	20.350777	23.680842	19.681967	26.962948	21.749011	25.723519	23.747484	28.858053	27.223589	25.825710	25.522003	28.651913	28.317365	26.944871	15.463754	27.553027	28.811046	27.908630	25.885023	21.612687	18.941020	25.315121	23.672706	6.867554	22.440496	10.471295	26.486674	26.924391	26.773394	28.857818	15.126478	21.408134	22.803741	16.428109	21.904151	18.606085	26.742575	23.305822	28.645815
26.515705	25.298534	28.704028	26.484460	28.210336	23.992982	6.836676	17.269220	26.021565	28.497900	17.604549	27.112360	26.643501	17.768512	18.125133	25.528370	23.131634	27.592109	27.332016	7.662725	23.490505	13.318131	11.454105	25.518286	25.896698	27.979914	28.245544	28.470054	23.525599	24.738648	26.103229	28.394913	23.942655	28.643685	27.421116	24.299620	16.381636	16.306283	28.616895	9.507769	27.925517	19.342914	10.579070	20.649035	17.971780	27.221337	27.632009	28.886415	23.259581	19.030850	26.347596	28.433933	26.641468	26.669235	23.543592	28.497453	27.768072	28.209008	25.029639	26.816861	9.498647	27.662770	19.806636	28.031238	22.120396	24.875056	28.411230	28.878773	20.557925	24.677950	20.462704	28.257261	27.019285	28.859225	24.425297	22.179917	15.328865	26.239922	26.098159	28.884334	15.537938	21.944178	18.270857	28.370620	26.252132	27.375275	28.321974	28.160159	20.383869	22.205831	28.478926	21.018884	20.865750	15.953934	21.458326	20.209864	15.194656	27.340562	16.963088	20.098523	20.368507	27.116243	19.605882	13.685772	12.549485	23.615134	27.518152	26.385930	28.854138	26.716883	21.060545	8.954413	27.892516	9.925562	26.586863	26.989620	23.452528	22.829703	15.216038	28.652430	28.060923	27.497815	16.567309	20.953669	26.867503	25.450484	16.361167	22.141771	28.500772	21.624220	28.002247	25.979713	16.510866	26.675509	27.636897	25.527219	28.665690	25.514080	20.294896	22.641699	26.425972	28.169679	28.521048	15.670002	25.700578	20.395395	28.195746	23.082301	19.178312	19.415520	20.035405	27.241159
23.704428	26.420656	21.376265	16.362794	27.628589	24.998404	23.354587	26.178576	24.537642	16.553322	27.911785	19.899037	17.074838	13.685013	18.948507	14.795860	28.872417	26.283356	17.743250	19.284392	27.496668	25.768680	25.504332	16.698026	25.135882	23.117593	24.769113	28.698428	16.310329	14.640963	7.392402	19.293789	17.020823	17.525265	22.991392	27.655265	18.051788	27.918128	25.417491	23.403324	17.488032	13.875767	28.442284	24.721848	22.851029	20.476059	20.971807	23.972753	27.322797	21.832213	22.121286	28.595118	25.101685	23.994710	26.054485	27.957551	21.376559	15.776344	24.807936	26.927903	24.127540	23.916309	17.039302	26.843478	21.116657	18.420699	25.472688	27.484439	25.594269	21.414935	28.446869	21.290235	26.768991	28.552508	27.732591	23.861038	27.886658	25.873766	15.683618	27.461382	24.944304	27.849397	26.421694	22.007088	23.033526	25.404707	28.426154	20.969630	28.844978	28.512403	25.837750	17.259191	27.294767	13.668500	25.563107	27.629530	19.704642	16.471521	15.856135	27.986214	25.883858	18.917056	28.351659	26.354895	20.350799	28.871003	27.811716	27.947319	26.125986	19.534365	23.414891	27.837335	14.912258	28.294111	21.959523	28.153628	28.157757	24.831598	9.097388	25.850034	28.679995	23.800306	27.885169	28.087087	15.785203	16.327478	25.430272	26.387959	25.745896	24.227536	25.570790	7.005472	12.350001	23.012259	14.288143	21.755874	24.629226	26.459221	27.348197	23.735463	18.276147	27.718456	10.618618	22.122809	26.588912	27.356100	25.342374	17.087319	27.611509	26.838310	23.659785	23.638216
28.643248	23.872394	27.566732	18.564262	28.230021	28.750721	22.428451	28.869839	28.611236	17.862986	27.298285	24.871585	26.873289	10.570325	11.917404	18.655260	25.749827	20.249472	28.764809	24.988098	20.139164	18.798367	26.045879	26.293241	16.860462	27.715912	19.546105	28.424187	27.873573	15.961398	27.265759	22.673612	28.615037	22.936655	17.189801	25.909001	21.520021	27.366439	28.007273	25.712397	22.617113	18.750629	24.237980	23.163800	23.059874	28.732786	28.021571	16.620779	23.547325	27.783155	24.864532	28.746533	28.765260	26.486520	21.671014	14.234521	19.830649	28.260342	20.139501	16.063636	17.865167	26.616556	23.382908	14.797915	12.718819	27.039569	24.710437	12.430383	20.812054	22.094527	17.631647	24.737860	16.863439	12.608256	19.373904	27.673934	28.684990	22.183624	7.530788	24.855135	26.796096	21.285058	15.938202	28.197248	20.183371	26.555169	11.673805	23.197160	27.850341	10.894796	28.769064	23.826212	28.353930	28.385414	21.601764	21.983056	28.254693	26.655597	9.439383	22.111475	17.348852	25.693200	21.424704	25.982647	27.249432	27.653069	25.245124	28.761420	26.913158	20.766389	27.523930	28.830653	28.206792	15.246109	16.621549	20.651204	27.376125	25.870980	23.497321	28.379261	25.139030	27.777937	26.946736	28.599199	13.100890	19.188537	27.745385	26.694111	11.163075	24.449995	24.105499	26.225237	28.878508	27.881377	19.822225	27.853434	28.868630	19.214644	16.791272	28.372971	26.046479	17.508820	26.790637	19.885802	9.782719	13.463891	18.064893	28.338106	25.915366	25.533942	8.904364	19.743847
21.810529	26.857406	14.341501	22.204291	26.493697	18.961444	23.898667	24.535008	28.031061	25.934889	27.589842	15.254853	21.762948	28.412220	28.210643	12.436440	26.362274	25.678554	16.071011	21.450404	23.275319	17.875808	27.035903	27.007229	26.223697	22.627303	17.721038	26.644519	22.608533	27.224697	17.453131	15.812757	21.942536	19.015278	28.864496	14.073162	18.199476	8.411281	18.937880	25.514973	28.414436	21.546437	27.201749	23.336034	23.491079	17.236054	21.125950	21.982364	22.794479	27.289842	18.869508	24.949299	24.683367	26.100018	28.555811	23.244978	27.549508	28.213988	27.534984	28.564585	24.927655	28.815529	28.451759	26.998144	26.160314	27.293591	27.712691	25.617975	26.465412	23.952065	10.667140	26.654114	28.781886	16.791590	9.652341	28.414387	18.601984	24.055550	25.126483	19.213323	28.375543	24.613565	24.612319	21.785041	14.621748	21.877581	15.947950	26.851846	28.725215	15.552573	23.368443	28.506348	21.684147	14.206879	28.685268	15.219911	21.319389	27.625887	25.630566	26.633785	11.959372	27.286949	26.643261	26.100043	25.278115	23.789245	25.187853	8.291731	23.772697	25.303534	22.743194	26.810798	17.133211	19.817687	27.182762	27.337767	27.804657	27.254542	26.682561	19.518693	26.645200	16.880979	20.300638	28.751830	27.670668	24.862202	10.175349	15.672753	25.980693	12.061996	21.593680	28.560175	17.813958	24.034718	25.674738	26.372436	16.403644	27.824767	28.055644	24.805876	26.392533	28.619689	22.721260	15.683633	20.291751	22.900186	25.943684	13.479447	12.652488	28.838222	24.037999	22.342159
27.929993	14.706954	27.907564	17.559530	26.986340	21.882496	26.697436	28.874101	18.161592	25.708034	28.283675	28.712629	20.068110	27.948761	27.037503	23.206573	25.395857	26.208760	26.917381	27.978148	17.453759	28.709458	26.466529	12.453093	27.677455	23.719486	27.562818	27.140632	20.657314	25.985140	11.827362	24.896568	22.152976	27.993599	28.715637	19.454009	28.889989	14.058403	27.974707	19.991148	25.934903	25.765138	23.391070	26.603798	15.796344	28.360109	20.442988	23.196041	28.786998	26.363154	20.210497	26.030090	26.142961	18.638476	16.678069	22.982137	18.872777	27.891954	28.602919	15.927115	27.534254	26.127325	26.800787	10.759043	14.406519	19.687016	25.597311	25.483696	22.719985	27.975323	19.453336	16.137214	28.524071	24.414691	24.753937	28.713025	28.726006	27.875282	26.790366	21.396663	25.486535	18.890702	28.871547	21.463595	22.929665	25.763344	26.232440	22.921003	21.684773	25.418846	18.456921	9.651072	26.628462	24.297455	25.243762	27.244005	17.829710	27.223866	13.882563	24.033300	25.639921	16.766959	11.074827	27.292182	15.781787	24.493503	9.086348	24.383791	26.111830	28.474747	27.476209	28.306858	28.596113	21.255520	25.532880	8.018521	23.248415	18.022176	16.430317	21.181584	21.714035	28.148494	16.861181	27.616762	28.200099	22.391125	19.935030	26.205009	15.674126	24.675668	22.435264	21.354654	9.170653	25.291785	27.101953	11.837303	28.038513	18.627627	20.679032	28.671234	14.652425	26.179098	24.981947	25.452201	19.706052	22.823249	14.049423	27.053400	27.880893	26.124417	28.420704	25.546975
18.238205	14.129015	25.223657	26.444195	28.489723	16.297218	27.752658	15.592362	28.576403	25.338606	27.156854	28.730833	26.404218	26.913426	22.047664	24.254429	10.920849	23.774175	26.159561	22.817743	17.216938	21.742787	21.972261	24.179648	28.674533	10.168703	16.249008	26.432834	28.035297	18.154284	21.942715	26.503109	27.449180	17.260080	26.797039	28.082818	28.398256	21.058261	18.133000	23.429336	20.674718	18.665039	19.722355	16.362705	22.603000	22.544244	28.426520	20.052251	23.479650	16.034898	10.903564	15.964062	20.646769	26.848248	19.227016	23.862974	14.862820	19.600113	27.423285	22.370012	28.516782	24.021904	25.157193	28.194220	13.142227	23.252532	23.558390	22.462215	23.695698	28.167251	14.329043	26.206740	28.887182	25.622583	20.306214	15.421600	27.545167	23.090777	18.740918	27.977902	27.642189	14.981527	24.884658	7.015987	27.007771	27.460015	12.111770	17.968413	22.218201	28.405483	15.343101	28.776644	27.986418	25.546148	14.567282	25.266296	28.697060	27.655426	26.128397	24.322080	21.264056	22.231696	28.546003	25.274820	12.322781	18.452947	25.332077	18.663515	28.790072	28.837267	28.606816	19.977057	27.307956	9.544583	20.125402	24.634217	26.983346	26.780084	18.160762	28.306758	16.939966	22.071689	20.368607	25.314671	26.356182	23.942314	25.714145	25.667978	22.264332	13.155475	15.487577	15.409456	28.885991	26.021950	28.031802	28.770355	24.864651	19.231537	26.453828	20.753139	27.527683	21.567158	27.403413	26.460202	21.229829	28.850493	18.603491	23.532430	24.584452	18.206857	12.896510	22.482695
23.042373	26.738527	16.595456	16.743436	28.651733	25.112404	28.063654	28.491508	24.737802	25.251153	21.945168	26.203556	22.670585	22.060128	22.565918	24.656454	28.244424	25.046359	26.875184	27.092126	17.203513	28.315177	28.881595	27.856958	28.022994	26.457168	28.178912	24.467957	28.834771	28.579563	19.951282	26.505218	13.579968	21.292627	16.807499	27.910197	25.431510	19.582892	16.862878	21.871367	18.898711	12.802091	10.170076	15.475903	11.432676	15.861418	22.747911	20.518591	10.208810	17.787296	9.121700	26.986601	28.167886	15.745155	22.078896	22.988076	11.141017	24.052684	28.786963	21.098336	28.733824	21.660544	28.220205	28.886364	26.672597	28.358789	28.346494	24.440430	27.233744	23.933136	17.635568	10.731365	22.893834	23.477903	12.969951	27.633412	26.959445	25.799953	27.908818	21.046790	19.139078	28.822553	24.988448	26.285043	10.814151	27.889743	15.518869	27.448227	25.630543	27.630799	27.876141	25.539224	25.609933	28.520380	27.743664	28.352681	24.751537	28.268775	15.128339	21.517069	22.564139	18.512789	19.736422	20.646192	25.497264	28.759883	10.516344	26.850793	24.755134	28.888647	28.653280	16.657645	20.507096	11.318700	28.597587	26.626151	26.001734	28.362226	27.249927	26.278784	11.140207	22.888727	23.475860	18.924382	24.413499	20.346490	14.932745	14.067721	20.013608	26.142478	28.666779	25.051348	28.270834	27.167757	14.385822	20.024966	19.907250	21.553630	25.006878	27.692352	26.687503	16.394322	18.370312	25.435610	22.417417	28.401305	16.173930	28.872542	15.815714	16.760830	22.056660	27.122345
14.395293	20.032686	24.811833	15.274592	25.632634	28.796883	25.585188	24.812776	28.188377	25.413185	22.804612	28.473694	18.881304	23.634693	24.424679	24.183086	22.072563	23.940089	19.404719	25.689600	24.571038	24.350918	18.294583	9.276589	25.866672	27.952873	25.032781	28.226729	27.851761	26.555105	25.517479	25.299613	20.500201	12.453767	7.097871	26.042366	27.390846	26.896532	6.496243	28.758305	25.852177	16.527488	19.979102	20.340910	14.604421	21.931696	18.562056	22.171183	28.723380	26.365179	17.392551	27.017305	27.475384	28.823551	22.001378	28.171256	25.342322	25.931595	27.860865	28.158839	18.499120	25.263417	23.283940	28.838101	28.700633	26.051100	28.563873	27.953196	28.058553	22.815169	28.327459	25.852644	26.375864	28.433723	28.872331	25.445056	12.947401	28.456938	19.615332	22.327674	16.715750	21.330910	17.229145	23.750925	24.269499	17.493199	19.829942	27.892989	28.348032	16.115619	20.365932	17.478123	24.185597	26.214941	28.177468	12.437652	7.748617	17.284100	28.148223	27.750227	28.248979	15.360433	18.705421	12.677956	25.995930	17.964753	23.751315	11.896190	27.553307	25.762957	28.615437	21.756991	24.616134	26.453851	28.424645	27.098744	17.248308	23.260095	27.073590	25.312585	19.548855	22.881849	28.367523	28.064972	25.906669	24.571055	28.376184	25.204375	18.867971	25.582573	19.940421	28.734419	16.613735	16.400552	10.147685	24.193086	21.895261	27.953176	25.488318	23.989375	9.360623	25.656394	16.471425	26.136229	17.295653	26.974529	21.464827	24.929730	16.608816	21.434232	28.059005	26.420923
21.497954	7.756414	15.955842	23.356496	27.741838	23.254422	10.447813	26.798228	23.318504	28.118459	28.556085	27.791217	10.478317	28.450378	27.948133	25.485734	17.804851	24.604701	17.896514	24.404030	10.709159	23.677406	15.404401	13.758152	27.950610	28.399630	24.637800	24.729232	28.145786	17.353129	28.859434	28.889785	17.125425	14.284127	24.299602	20.674522	28.875740	11.594183	24.833884	16.544332	25.156120	28.888407	19.116068	21.606211	28.021144	25.202895	9.668604	21.239487	14.144023	24.757243	21.278855	26.865573	21.593220	22.146469	19.236047	27.875837	23.297110	27.933938	20.742501	26.416127	26.334272	17.618064	19.705501	28.443461	28.498533	11.311033	22.710651	26.713381	23.536435	27.496452	25.258577	8.064394	25.171507	27.252476	25.611494	19.833604	27.150005	25.052318	22.852554	24.579721	22.956761	28.663113	18.947240	20.217856	25.602163	15.337224	23.852863	20.655381	7.216114	23.570522	25.518152	24.327066	20.871588	22.579788	15.921781	23.012802	24.154118	24.292912	22.318224	27.230167	26.877158	23.566969	27.490726	18.913878	15.236128	8.172150	25.476089	28.569572	13.426170	24.259096	23.092372	22.562979	13.164439	24.623693	22.164721	26.235040	9.741698	26.291717	27.301294	24.481955	14.342561	8.907859	24.874348	13.360707	28.659444	27.633298	14.569081	23.738984	16.326942	21.205712	27.317116	22.311293	13.799783	28.798710	27.874920	24.834503	28.335938	9.627015	18.627891	21.233455	25.655083	24.351658	28.879730	18.356074	22.892519	16.740614	24.693768	18.783440	22.774259	12.763325	15.337646	24.526186
28.590412	24.399375	21.472174	23.965925	24.618249	23.885957	22.791211	27.188196	27.091167	17.077856	8.258772	28.871216	8.310311	21.874179	27.408034	28.636764	22.163720	25.510771	27.752891	17.696352	24.988009	13.931747	28.542736	22.962110	28.731058	24.791765	15.601445	20.119839	24.748890	14.676740	26.184434	25.581525	16.011369	16.929256	8.183004	25.012197	25.213323	28.471975	15.220482	23.095259	25.626892	10.703366	25.301213	15.448891	19.095796	20.658740	28.792056	26.479315	18.677587	26.575284	7.825362	22.558409	17.057370	15.179301	27.805511	27.229118	19.068521	23.333286	18.798972	28.241430	9.129333	15.363265	19.246659	18.277517	20.976150	22.461187	24.977421	26.075567	23.197453	20.364706	27.525708	28.616369	16.198963	20.860295	27.833908	27.549974	27.598050	17.469154	28.529581	26.565952	27.735659	18.320735	26.370087	26.467525	28.520669	22.125589	26.697661	28.842206	24.425456	22.226536	28.800908	26.759202	21.903986	24.490704	28.782527	17.739049	10.992233	26.643086	26.159473	28.010997	25.429365	28.802545	20.438802	23.114810	24.790680	15.083083	18.914573	13.882564	26.120701	11.899106	19.522177	14.955499	20.447511	18.262754	28.853376	8.120838	26.385618	7.766029	25.896797	25.033876	28.012219	27.984978	25.390644	15.178731	28.373481	24.725877	18.153590	28.177592	25.677233	18.302606	23.878296	23.237522	27.064866	25.758785	25.725806	28.479924	26.856324	22.612306	16.964535	20.739570	23.029549	27.783475	24.852553	28.765363	13.002583	27.462631	14.233125	28.544223	28.151734	26.656718	26.585041	27.635242
25.796498	21.613555	27.404533	24.336460	23.353276	27.121569	24.811355	27.953782	26.297254	24.057838	25.351002	12.745099	27.448780	27.122294	20.238752	28.024173	28.605256	24.699508	25.483986	13.240216	21.073046	21.150245	23.588409	27.173875	25.507553	9.135956	24.180470	11.103425	28.831513	26.587564	26.771765	23.556648	25.687634	26.251728	27.160288	25.689407	27.834241	12.702975	28.628022	22.535534	23.608910	28.085053	26.476778	7.697583	27.230248	28.832618	20.626150	28.321276	26.173763	27.269600	9.911937	20.941330	21.847139	28.751033	22.252721	16.043355	20.625416	24.525579	27.196997	28.685782	26.837673	28.033228	20.636000	28.114397	15.301972	25.310254	17.474581	22.808547	20.415414	23.906652	17.182613	24.129457	24.290969	25.591428	28.114774	25.171939	28.869754	14.629601	18.208529	22.789584	27.259869	18.143441	21.654717	20.822571	18.737454	22.884997	23.804074	24.904197	28.279987	21.481516	28.693101	21.118696	24.555324	28.188659	22.776552	15.022877	19.801697	28.745565	26.406299	27.495673	16.528855	21.267625	28.703876	28.768847	18.034641	15.728542	21.041333	28.301745	28.666822	25.724368	25.213437	24.598537	11.633467	24.333742	18.891119	20.231791	28.359503	23.940553	27.624031	27.588749	28.064812	18.605327	24.052171	26.272543	26.207820	24.047443	23.655773	19.139907	22.655565	13.714050	28.464580	28.275614	19.669638	26.959491	27.998548	28.717756	28.100763	28.746972	13.993807	15.560589	17.041707	17.079242	25.728902	28.865543	25.415604	28.262187	17.041234	25.869382	15.221685	25.636302	17.032975	28.466441
28.311674	28.479453	19.497464	27.225054	25.180161	20.345790	12.196192	21.979953	11.584122	22.790575	25.678534	21.311874	19.465675	19.399462	27.790405	23.518026	28.561505	24.476103	23.131596	27.093101	16.701728	21.514334	26.655389	28.777157	28.036142	18.965430	27.464266	15.716851	19.226704	21.827950	26.305998	19.879416	16.729741	21.485006	8.985812	28.054231	28.132549	22.325144	24.448749	18.557742	25.585013	26.785217	25.299395	20.632232	25.280769	17.166829	28.787590	28.876094	25.093182	21.938392	15.230151	28.541356	28.013443	24.049238	21.920983	27.791262	21.463920	27.774840	26.304707	13.705163	24.468771	27.934002	25.790491	22.257649	22.560145	26.828597	28.373625	12.950165	28.075498	23.596459	26.825088	28.114029	28.365273	24.180452	20.376779	28.092551	23.724313	26.198858	28.519409	27.762815	26.486517	27.718321	17.086179	28.290062	21.041313	28.173114	26.188625	20.534903	25.100432	12.438592	24.359320	27.059916	9.895127	25.149826	26.104609	21.472743	26.988529	22.746384	16.976471	16.341680	23.548830	28.801720	16.499107	25.456429	27.274754	9.045720	28.633549	28.840912	25.052219	25.949531	23.307285	28.476654	20.204507	14.766722	28.287618	26.128061	28.656676	28.077498	28.815939	27.673579	21.248043	21.952384	8.266854	15.061111	28.000711	15.806104	28.620206	18.708814	22.701036	26.026062	26.394995	16.839692	28.521890	28.331706	14.544877	27.923242	27.396913	12.144536	28.633117	21.979687	28.271879	28.737089	15.729909	19.049566	25.922132	26.083412	15.814300	28.827291	26.348989	28.552335	25.899650	13.984904
14.604350	28.124275	24.286088	26.079978	25.987059	26.933555	12.997284	24.197315	9.092399	27.658904	26.330105	20.324758	25.998233	26.886422	19.848647	23.119741	7.409437	26.236030	27.251409	26.575421	25.524722	11.238170	21.325811	20.475555	23.897211	28.236827	28.231582	18.856051	26.490921	27.543581	25.114526	28.493825	15.307128	28.605769	23.385908	28.796835	18.565585	27.012351	26.598506	22.548297	26.141978	18.224464	26.069015	28.082602	27.144412	27.207424	27.263043	22.863603	24.263937	24.216619	24.052882	22.826641	28.764811	25.346024	27.227584	27.476665	28.255635	25.232261	18.828852	26.437665	21.346432	26.637499	18.970160	28.246451	25.157181	27.135309	14.548816	11.120972	23.923205	23.847331	27.937741	9.553390	26.686743	16.816027	17.818004	26.218067	18.963230	25.291221	12.611170	28.290013	27.467434	9.884829	10.844883	26.580660	24.541852	25.417531	27.639815	23.130806	21.908015	26.733747	22.463068	28.301388	24.746436	21.948280	27.422603	19.687541	26.353451	26.549747	28.841217	22.099661	28.744242	22.123458	22.557586	22.178110	28.489817	22.462548	18.163338	17.355075	24.542058	27.413379	24.530177	28.115051	25.439440	27.386397	24.957013	23.417003	26.999598	28.082215	13.507486	19.152468	9.579455	23.761756	24.560659	22.761877	22.697087	27.363068	28.178849	24.974506	19.383795	13.919243	23.007622	26.949927	25.819594	17.257092	26.779981	27.726403	27.448132	24.850608	14.243268	26.610894	24.101567	15.065574	21.228273	27.812363	28.269276	24.657041	26.066154	22.400086	28.638863	23.783373	28.866325	15.184877
27.147715	19.761759	27.312155	18.465918	27.797080	24.670683	20.243995	22.479366	24.744723	27.125058	20.002133	24.507920	28.097782	13.341547	28.576655	28.828798	28.869103	24.750834	27.387303	10.412017	26.259382	25.021671	25.828971	25.385236	18.691026	27.689314	14.108425	22.578330	28.254851	28.216393	20.299427	19.250950	25.107108	28.138507	28.685717	28.149940	12.216136	22.003276	27.299090	25.154460	20.111137	17.835799	28.493174	14.359304	17.065407	28.889793	25.833815	23.586613	26.138445	25.739014	27.705540	26.415985	10.609075	22.001549	27.610199	8.450521	27.639092	25.043802	18.030917	28.580611	28.413383	23.697680	27.020215	27.890256	28.441893	19.246477	27.360027	25.504296	27.103896	11.672101	28.123332	26.441947	25.607341	26.117587	28.843059	27.233350	25.269826	28.401391	18.098225	28.029603	18.846033	28.353202	21.363143	21.310224	19.573549	26.683963	20.196056	24.740533	13.933620	20.164615	27.451867	26.718566	27.095845	24.067544	28.501173	24.330105	25.048462	15.545975	28.763179	27.072848	27.862596	26.797070	7.700105	27.511328	21.688314	26.692935	16.318196	19.651829	28.756441	26.962612	26.602248	27.500853	19.330673	24.539697	22.128831	19.579652	17.954673	23.341880	27.230250	23.809695	21.691851	23.882854	26.170691	22.043080	27.286032	27.847181	28.178290	28.529549	16.803382	26.527446	25.983037	9.870609	28.413822	27.165367	26.113913	24.783755	24.746637	26.139038	26.673123	26.908504	28.633825	25.653339	15.041621	10.766568	27.314035	15.755775	19.159468	16.365693	16.043158	27.117249	28.309115	23.088549
28.679230	27.775331	22.812012	28.705435	11.723028	24.624794	26.274346	24.926504	26.878353	28.273529	27.253295	22.596307	22.311664	28.759885	25.170737	24.350119	21.949955	16.855749	28.866927	26.715848	28.239335	26.800351	20.536966	13.472496	22.155540	17.478174	28.209984	22.694379	21.964399	28.876666	28.296192	19.373640	25.732603	24.829459	22.738318	20.837613	27.146340	7.493943	25.112504	27.198570	27.590066	16.052594	19.892879	22.428120	28.641555	25.950562	25.559375	18.697473	20.763718	26.924439	26.077553	22.623436	15.660974	16.648550	15.082408	27.929449	16.864160	9.500038	16.128093	27.321589	25.839538	21.099046	14.136878	17.304857	27.962489	16.154462	15.535156	25.540053	9.490642	21.697486	17.390483	15.701964	24.219429	25.150932	19.435352	26.510904	25.637998	18.726075	24.311048	24.868415	19.801791	26.519584	28.277536	27.921642	27.715766	28.288456	22.760292	27.305519	27.244195	25.573938	24.771850	21.386464	23.535036	23.153963	23.450689	13.607444	28.351044	23.362519	28.812912	27.483552	20.357178	25.679105	16.632070	23.336224	23.898173	28.588919	21.432532	16.594679	26.720692	14.725441	28.228896	27.653314	28.308605	25.974077	14.953872	28.026439	22.639695	26.361384	14.859550	11.127168	20.769955	22.612393	24.820154	25.831473	23.211493	13.808435	28.802972	14.334499	28.763100	24.305092	27.324021	12.840529	12.428286	27.783224	26.549895	19.660056	21.779775	25.338870	28.814583	18.081485	26.972566	20.613648	27.200884	7.228344	23.637534	15.160167	19.959245	26.530433	13.646424	23.859016	27.801691	28.630436
22.619180	24.064429	12.485172	20.273085	27.450312	23.952704	18.234422	22.491996	28.814158	26.512482	27.026634	23.413158	26.303926	24.359551	27.295754	16.614227	25.524956	27.044662	28.129374	26.499919	27.333296	25.149661	24.085774	19.494235	27.165248	27.941115	23.038356	28.706557	27.290943	9.202745	26.675251	19.511279	26.441599	25.979548	25.081178	27.013164	22.353667	16.428294	28.824559	25.528467	18.870995	21.979093	23.472754	28.633452	15.019950	28.369661	28.520668	20.947077	19.009061	22.640519	22.182729	28.019372	21.858061	13.941255	28.524484	19.297045	26.539398	26.046335	19.944696	28.814344	14.460663	24.943158	25.087251	27.418175	13.089382	20.662858	21.063768	28.870810	22.509505	20.861699	23.556745	18.118766	23.810115	17.384762	23.694947	17.183653	21.435362	25.067097	20.327668	22.044242	28.800030	22.406919	25.860381	25.358085	23.545346	24.188500	20.395694	24.537131	25.191925	28.832388	28.369771	28.402341	25.219384	23.325607	18.467197	24.595974	20.489971	17.344022	25.611028	23.320628	28.036037	28.270428	17.219938	27.901324	19.429591	15.927270	28.224415	23.275549	23.720199	12.299190	27.076060	18.780443	21.253116	17.039902	27.474118	27.846958	20.478974	25.949290	27.448775	16.037360	28.757649	20.171191	27.945481	18.149820	22.840964	18.021065	28.658646	15.906044	25.830847	23.207014	28.013059	21.959791	27.542629	26.080327	22.744685	28.561994	27.324754	11.609941	25.828333	28.360571	25.051306	22.104883	28.327081	15.277277	18.956534	28.810048	14.883695	26.454753	24.038658	23.756317	23.205691	28.516129
28.443495	26.666240	27.491553	19.786626	23.821560	28.130478	28.576660	27.849299	27.777857	21.858252	27.211824	16.269932	15.763572	21.433055	22.176035	25.639161	28.774742	19.645402	21.757017	24.279665	27.589608	13.907451	23.749475	28.873152	25.888373	21.266230	26.424500	14.694776	26.768493	11.233041	13.026188	25.287620	22.117303	17.342478	21.269567	15.208201	18.380896	17.402679	24.579982	15.068614	22.608166	25.798442	27.711283	28.667459	28.200941	21.699815	23.637334	19.376706	26.642777	9.342190	18.358393	24.551092	28.524487	27.491307	21.458587	27.287241	27.743939	25.928267	24.869223	20.404170	27.540558	28.635572	18.905570	21.000918	22.629538	27.032507	28.738718	27.698579	25.481254	19.727591	25.636069	26.942621	18.536675	19.807305	27.932529	25.341236	28.397847	26.702608	16.048142	18.392535	13.259276	28.506393	23.386787	26.251160	13.733670	23.415199	22.658517	28.555989	14.306367	11.325438	27.856609	25.234942	18.152477	25.432728	26.178509	11.542860	25.788044	25.926377	12.331960	26.015981	22.008553	22.124828	28.639721	18.597436	18.104898	16.530844	21.885151	27.036252	26.616726	27.581245	25.592175	27.854049	17.967172	22.452208	26.312748	28.661828	15.576703	15.973545	24.570996	18.546078	28.598207	28.142084	27.714114	19.752869	25.422020	22.563001	24.039738	18.476027	27.398262	22.434459	11.407730	22.967451	11.824244	20.792459	11.274806	13.847577	19.267193	17.416596	25.809954	28.492631	27.403004	27.088568	25.438300	27.538267	20.305008	24.482597	23.014774	26.622874	28.059889	28.139257	15.195638	26.411148
19.705679	26.365655	17.775472	20.014891	9.403469	21.916242	22.575776	24.552673	8.676493	23.085683	27.546023	27.816616	25.335404	24.860484	13.737569	25.741345	18.855253	26.365237	28.202964	25.389939	28.613525	23.604233	18.752320	10.860075	24.066366	23.194950	20.899942	28.211723	26.152901	28.585569	21.433153	21.844832	22.782117	25.940233	25.531555	26.354320	14.570896	19.876886	22.992304	20.174013	18.418455	20.224234	23.863868	24.638084	25.697114	27.687102	20.039981	28.713521	16.040132	22.739787	28.139492	28.869600	10.275361	25.477650	20.770187	23.813531	15.196932	24.058429	19.861278	18.073473	25.519748	24.342409	28.670900	26.785387	20.265831	25.222364	28.044407	21.729893	23.194590	27.178527	23.427959	19.056323	25.293260	16.722213	16.709131	24.528795	28.874802	27.919467	25.304695	28.500541	21.540788	27.026775	24.311608	10.460921	17.021188	22.598802	23.722574	21.026048	26.608468	16.111329	25.006264	28.509918	22.971192	27.536828	17.016576	24.091214	23.974902	28.027951	19.531165	28.741788	18.916757	12.729665	24.098011	14.905076	28.037236	28.522950	19.800464	24.681790	20.985865	20.178030	28.601700	27.813258	20.853766	24.354702	17.800897	20.899793	17.888988	25.471046	26.802930	23.837833	15.923194	23.678807	27.354516	12.224922	13.297296	28.265396	18.692945	25.147451	26.097567	11.991047	17.666043	23.242614	28.627560	18.357909	26.676544	11.997680	25.285977	18.428695	21.759205	28.573714	27.413408	26.216959	27.529741	18.751575	26.542931	28.378580	26.827403	28.168075	16.607476	20.577323	28.475190	28.888782
21.178799	27.695319	26.295392	16.581903	28.642870	22.647711	28.606747	24.028215	26.881176	13.637402	22.986355	28.877217	28.090392	20.609630	28.179813	15.166999	23.437820	21.550413	24.441551	28.332012	24.364987	19.158357	18.002504	27.103558	26.442583	22.176693	21.656957	14.420144	20.575814	21.776596	17.662668	22.001791	18.874955	26.013609	22.385414	26.823492	28.269887	25.795956	19.843879	21.064575	27.657939	28.120487	27.484635	25.639950	18.565055	25.774868	18.360387	22.208109	17.320774	24.203421	25.805511	21.207369	23.577787	20.325453	27.956909	28.568251	26.459126	26.263822	22.861058	24.072657	28.198900	17.157373	14.564280	24.192233	26.589120	9.385137	27.163242	24.847946	15.327760	24.173344	22.164818	23.070619	28.723423	22.547669	27.642087	28.301421	27.710690	26.359487	26.292233	28.658362	28.735500	19.518261	28.495541	28.153139	28.103807	18.259679	10.674843	24.639829	14.181682	27.853506	24.222684	20.312199	28.777078	24.714383	24.868903	24.587430	28.531762	28.824927	28.108848	27.916888	27.363071	10.655814	28.285949	27.953688	12.647801	26.811925	18.608702	15.718489	24.784853	27.421734	24.497968	26.076980	20.305260	24.030663	27.099674	23.461145	20.515475	23.266460	22.581040	28.401797	28.491684	20.012462	26.011001	26.677587	26.561489	23.444350	25.310675	14.489476	25.462292	27.305851	28.484246	17.435144	27.469679	21.474977	26.444733	23.828757	28.255756	28.843129	25.567839	28.145832	15.991450	26.315431	27.985573	20.707471	22.895488	22.894112	27.930911	20.891454	15.600111	23.752645	25.790512	26.661739
21.045657	26.534623	28.242071	21.721742	13.075839	24.645756	20.254397	23.014219	19.331590	27.918761	20.055179	27.621784	28.325714	28.058004	19.272657	24.373842	26.786686	27.596075	26.013260	27.126029	15.219037	15.003268	25.345694	18.583991	28.538837	27.778482	23.047484	22.357535	27.667369	26.277074	28.681485	19.284742	20.465491	24.627196	27.362963	24.209628	23.548913	23.668465	15.971840	28.615093	26.725521	22.051294	21.178474	16.030068	15.006044	28.725478	26.185978	21.533460	14.289710	24.171514	27.951932	28.842104	21.294988	27.880159	25.726923	27.415866	28.466939	27.475359	27.101877	22.709592	27.317045	27.808109	27.381866	22.815838	19.007553	27.189299	26.277561	28.848614	20.061791	26.840281	28.776298	19.595303	25.693423	17.509228	27.657007	27.939630	17.449506	10.783148	15.880256	17.965046	28.800633	26.981569	28.081493	15.588110	17.775146	21.367092	25.720353	22.559301	24.847191	10.092935	28.680761	15.599118	12.638069	26.769401	16.626752	23.036624	25.754211	10.426472	17.893667	24.577230	24.495368	22.266299	20.072497	28.658620	25.941663	22.565067	25.474781	27.073306	10.968473	28.770783	28.689038	26.377402	26.591412	27.852733	28.501335	22.819854	26.658701	25.684608	28.623589	8.974668	28.714365	23.646291	24.351088	26.464781	10.941012	28.365873	18.479528	28.809809	25.873336	27.488717	27.697048	23.441992	28.766309	28.831082	23.818352	21.497528	27.158793	27.642509	27.416138	28.653819	15.197205	28.022158	12.059701	16.932106	15.189488	26.048073	19.296101	28.659985	17.812255	14.333514	28.255446	25.292831
25.662554	28.095841	15.861592	19.726681	27.967266	22.996045	15.456891	27.909040	26.385017	24.465922	24.672053	14.005227	23.898566	14.132849	19.303722	28.081438	25.332832	10.265052	27.920720	28.573353	22.734624	28.009685	18.698948	26.904200	26.861032	17.587931	23.740889	19.412989	28.163078	25.128332	18.150489	27.015356	27.436182	27.776306	24.529702	27.860421	19.947713	28.093990	8.640939	21.120695	27.613634	25.576989	27.463630	16.411948	27.011116	27.417768	18.777197	24.438779	23.582481	15.355133	26.585470	28.321716	16.900940	22.482552	28.480041	15.265230	25.089018	26.527104	26.008936	19.185401	20.714058	28.611217	23.322205	27.373565	19.212829	28.398912	20.310193	23.845687	24.091053	25.214026	22.753657	21.848472	28.164845	24.214028	24.695345	18.552774	26.745705	19.103475	25.651509	26.340917	27.353087	27.174677	15.218748	23.485298	27.514228	28.618849	19.463392	20.533689	28.368534	28.220495	19.365901	24.175967	27.964147	28.860596	25.047737	22.505763	25.797090	15.000304	26.215164	23.302539	26.173172	15.338813	23.905528	10.954957	28.446705	23.059477	28.214591	21.190178	18.466033	27.068619	25.560876	28.735363	16.766871	23.520815	28.512619	22.894453	23.582924	18.114160	25.394789	20.410135	23.460861	28.390197	27.327005	23.398755	24.924874	24.676966	26.492207	19.769238	23.346214	24.221604	27.620392	22.440050	26.640696	23.486722	18.832851	23.472320	28.329057	23.876473	25.440891	20.874034	21.989017	28.665606	15.609195	19.220155	28.879081	27.844118	25.860508	25.703581	22.016763	27.647884	28.889413	27.521877
19.803071	26.790506	25.925307	18.133105	23.470849	28.504707	26.212104	28.574984	14.806115	18.163459	22.692854	27.780749	17.474707	28.202504	28.798892	28.605484	9.829034	20.672955	28.305268	21.152488	19.674981	24.750268	26.534892	15.436971	19.903856	23.012756	24.528616	16.073958	15.362877	28.600969	21.129399	15.526820	19.332054	25.288768	24.524390	13.567669	28.085861	28.883934	14.068574	20.843487	28.560132	26.862564	20.817017	24.590484	20.773332	28.741997	15.827232	12.765523	23.684971	23.599149	17.663585	24.582786	25.328147	28.293970	28.579930	26.346586	27.598130	22.645661	27.823022	16.252571	22.449700	23.866611	24.805452	28.021554	26.868168	17.642282	22.542070	20.816443	27.859929	24.203685	24.066643	27.271951	26.991878	21.657874	27.990355	22.995900	28.547425	15.587896	28.448497	17.779682	24.460564	14.567520	23.639583	27.290640	23.393245	28.605334	27.643358	25.820596	28.678743	27.189837	27.884790	27.791710	27.548580	28.794837	16.898537	20.078843	11.027594	28.732067	23.780548	23.595035	18.593732	16.303640	16.308278	25.689806	20.059818	11.759894	25.838564	15.392304	27.566525	22.311255	15.777177	24.855794	28.538283	23.117948	25.481286	28.728126	15.416874	25.142590	27.722674	19.116109	23.850366	23.026810	15.573280	19.943040	28.447459	20.088810	17.366480	23.551587	18.710698	12.598620	25.675592	28.084866	13.873193	26.581715	11.262871	15.959999	16.749071	25.832252	24.058682	28.249615	28.430694	25.270899	26.218230	28.342204	23.362557	14.526842	24.845333	25.850531	25.592773	18.898825	26.909244	27.050893
28.395124	24.319135	24.000870	20.675250	15.585569	25.265024	27.191318	25.729279	22.978686	24.733368	24.943739	28.056255	19.031873	26.336176	19.873350	25.391186	16.495929	28.602176	23.582769	26.438008	28.569264	22.306247	26.860598	26.534570	25.137303	19.133650	21.764083	15.599305	22.946036	26.646724	23.880351	24.436131	18.522006	25.175953	26.472611	22.434064	26.668684	18.930164	19.795119	23.986182	18.515848	28.725219	26.308103	19.130043	27.501099	26.531518	26.507529	27.452028	18.811490	11.377762	24.877367	18.501093	9.556282	19.083019	28.719907	26.268559	27.188460	17.299197	15.331478	27.852504	28.764388	28.703700	28.655100	19.318207	9.776489	27.329045	22.674196	25.902409	17.401233	25.181517	26.778564	14.060575	18.155250	28.806442	28.134768	24.347809	23.334338	26.397523	20.579520	20.171752	20.580852	19.888305	28.250920	18.316829	28.834745	22.513538	28.101322	14.047785	28.373028	23.792204	22.510197	21.773065	26.706913	24.232764	24.670509	26.185130	28.887509	28.824878	14.721258	25.297220	21.912411	28.770863	23.600244	18.224674	20.859625	23.315765	27.488410	21.076589	28.293234	19.774774	22.008112	28.855080	24.136929	26.534986	20.532676	16.214131	25.585979	20.159623	16.032175	16.257679	28.154991	21.950424	28.840201	17.877666	25.701264	28.071687	24.267976	20.024725	26.772127	22.011304	22.978595	28.517630	10.671623	28.880664	24.024146	27.081367	27.742959	28.397757	25.105024	23.962660	22.358793	27.413047	16.558635	21.020757	26.563878	22.854182	17.361258	26.941995	27.533518	28.776224	15.107411	27.705749
27.200742	23.110128	24.149153	19.272029	28.771721	19.658888	28.832664	27.087627	27.967844	27.004873	28.400693	27.944851	25.294042	23.979190	28.349879	19.086045	16.901778	28.086151	21.676749	19.560415	28.653957	25.731296	24.058044	17.393909	16.193164	16.718167	28.388866	23.861514	22.155724	16.828907	25.118616	23.801009	28.556078	10.650141	22.369337	22.974354	27.538026	9.179642	24.147010	28.035878	27.989268	26.445865	27.700557	17.640115	28.034769	24.387549	21.601496	26.711817	13.147650	11.501899	20.939145	20.577601	16.039083	13.033380	23.570072	21.043252	15.745437	24.260183	24.055384	26.055164	21.777320	26.516854	26.376165	25.108451	28.870769	25.485564	15.567804	21.283335	12.553610	26.955765	15.196644	25.730741	21.715815	20.014059	28.271579	21.907241	26.239148	20.426783	28.865068	27.441175	28.513577	14.967990	18.377747	26.520817	15.112538	23.995270	22.872264	23.948116	28.619414	27.487570	28.282307	9.592910	18.659739	24.917613	25.324635	20.832218	17.230253	19.230994	22.183079	9.862554	16.670150	27.299626	22.065606	25.648576	27.147087	27.008765	27.837071	26.354328	16.141964	23.183431	21.503195	12.685835	16.593798	27.139821	28.886453	27.196521	28.873291	24.163316	18.786158	15.867058	24.715597	28.663325	28.162149	28.626210	21.497316	20.446475	25.906197	24.559533	20.584956	27.979716	26.103156	10.895331	18.707960	13.579566	18.795236	25.230807	25.281131	25.305829	25.894486	21.536821	27.713846	24.436068	17.332635	21.760290	19.819722	28.710588	28.381781	26.286712	23.308971	28.329973	27.504793	19.552636
26.328498	16.956149	24.176431	28.050967	27.049914	13.475407	28.773532	20.925030	24.780757	26.016212	28.621617	23.419645	18.357954	7.735516	13.277267	24.752068	20.474365	17.631115	28.680895	22.197798	19.787725	24.917319	18.892761	21.853474	16.114875	22.543068	21.393446	27.046748	21.324972	27.885569	26.189354	25.587099	18.132458	27.651917	20.613528	24.482942	21.231685	28.650628	27.994018	26.159311	25.646500	15.427876	17.214934	28.151848	27.090798	23.700056	27.519486	20.331262	28.027295	16.363371	24.327925	23.512371	27.680497	24.740655	28.514491	28.715987	23.895526	23.444141	26.174301	21.416389	28.100893	28.351597	20.324050	28.032832	27.452162	25.877093	27.769104	16.022001	23.623902	16.013803	16.991522	28.319723	23.539441	14.271770	21.018668	28.848147	28.628514	26.261104	16.072346	18.766081	24.125179	18.455702	17.133398	17.601010	17.450251	16.080535	19.946490	23.137140	18.975095	12.267387	14.140465	22.554058	8.741400	22.530516	19.950447	20.743850	24.975096	23.731393	26.810055	22.728631	25.851635	26.649225	13.812913	27.043515	15.683639	23.760635	25.683882	22.945400	14.428986	21.611559	21.938946	25.844945	27.873553	18.511327	16.352324	21.186280	28.647630	16.074894	22.449499	28.329149	23.018770	18.766544	25.905601	28.235695	25.065077	27.002111	25.993187	19.633075	24.501338	14.461704	25.748478	26.533869	28.077124	28.547725	11.149316	26.251507	25.342173	23.497378	28.586040	24.424480	13.552475	11.565144	27.879093	21.932693	11.040929	18.315845	26.250845	25.223424	27.621631	17.192217	25.307633	26.894861
15.143877	25.231446	24.587574	15.331862	28.886917	27.383141	17.322811	26.974620	20.086324	18.522334	21.161252	26.362499	24.988247	25.207589	23.202506	11.748628	18.694670	26.931662	25.744332	24.711221	28.798462	24.051583	25.151760	28.721173	19.961425	28.218871	28.634092	27.679694	27.109701	25.961528	14.957629	21.631853	21.780922	27.319472	25.374983	27.032574	23.429750	25.426107	22.661221	26.921430	20.439879	24.770594	26.970361	26.048866	20.057022	19.758283	26.472024	22.032827	20.631699	16.849900	23.748287	28.866457	27.848495	22.339252	27.718649	16.237023	26.739843	15.229552	26.331930	21.682034	28.291155	24.352189	27.371391	7.873391	26.196743	28.164542	28.044033	20.127151	28.683185	21.585030	25.674920	28.489995	28.137928	25.913139	18.160504	20.999470	21.787284	27.173896	17.179874	26.930667	27.704941	20.380375	27.768501	12.331330	27.314986	19.580144	18.455171	26.834733	21.905120	26.903137	17.297552	22.158026	26.522184	25.040627	28.029818	27.847915	23.294568	8.458021	23.647171	27.659848	26.649444	28.196405	28.282196	18.103016	12.891945	28.567184	15.138571	26.610727	22.295168	24.725806	20.522178	24.602580	24.703898	28.164284	25.766577	24.250969	21.783014	27.274512	14.762592	26.281135	24.706857	27.060588	28.588228	27.682802	24.210907	26.701126	23.164626	23.861811	27.566142	28.639053	26.469399	26.904212	25.045852	27.948349	23.592364	26.551735	14.733832	21.022339	26.206370	24.418896	19.364385	15.368803	27.757300	27.774532	10.012859	28.819754	16.007572	12.961949	28.400323	23.554142	22.783871	22.756183
27.904782	19.531384	28.551698	21.127282	27.462766	26.557929	17.457313	25.021930	14.358894	24.388746	17.694228	24.733068	15.997614	27.630944	25.572554	13.811719	23.227929	18.882394	20.438497	14.137231	25.060922	27.063490	27.259923	16.772741	28.724259	18.392569	21.962116	27.412735	26.565856	28.144644	25.648502	27.549970	15.117457	28.112166	23.854462	22.401296	18.168366	15.631470	25.035988	19.405964	27.697903	28.654386	20.711487	28.771428	27.966972	9.780866	19.076044	17.736309	26.991652	21.876909	24.329558	19.795789	25.520069	17.274393	25.797875	21.596511	22.213033	10.764905	28.066117	26.198644	28.836194	24.100715	22.320461	23.640299	23.111055	14.842641	25.812854	21.812802	20.436255	15.575407	27.919520	13.394719	26.882452	15.028112	26.644854	21.759846	28.176035	16.384038	17.995095	13.288795	23.789334	24.567169	14.449251	22.244197	7.257170	21.447785	14.848297	25.405264	22.089066	23.097135	8.849290	26.631611	26.661348	26.652139	27.712638	21.535712	21.264220	23.406341	25.359496	27.556355	23.883557	27.158223	26.813297	25.994209	26.936696	15.886291	24.521014	27.965948	28.782344	26.765771	23.814005	24.592774	21.949545	18.104865	25.811242	13.049497	28.115870	28.709727	16.341601	23.178313	16.395135	28.104217	25.132350	20.505148	17.796004	23.538602	28.632980	27.740751	12.976505	27.277833	13.488986	19.794006	26.383583	26.347829	16.265450	12.732207	16.606650	20.884972	28.069511	21.462016	18.512244	27.726165	25.365177	27.290363	27.093346	28.864423	23.534625	11.049277	25.153200	28.426274	25.229207	28.725554
28.344842	27.588076	21.647086	28.360087	27.487630	23.117866	11.519122	23.849719	22.886169	23.739760	17.786039	28.831963	24.677368	27.059761	18.662902	23.444253	24.556705	12.688054	27.044185	25.087230	27.033418	26.610911	27.931521	26.987436	27.726884	26.392650	27.976399	13.589209	20.352587	14.659594	6.997248	17.353992	19.228149	12.007336	23.361486	25.357706	28.669223	24.991079	24.273409	17.329434	13.174554	26.619173	25.846920	27.213400	21.300598	20.363631	28.801796	26.556339	22.022082	21.848143	28.616595	25.144492	23.717183	27.691434	28.823504	26.028536	24.955125	25.089564	27.526221	27.426722	12.282447	26.505219	18.646854	27.866654	22.359094	28.489327	25.640396	19.801304	16.779389	28.233677	22.192160	22.461258	26.462827	26.809725	20.980978	14.032310	15.544285	24.915363	25.217691	25.429761	28.771816	28.103190	22.180063	27.750446	28.408703	28.871452	19.507726	19.186055	26.063986	14.525243	28.767982	22.326216	24.108516	24.283809	22.941886	23.185487	26.628376	27.061707	28.646092	26.516521	26.848632	8.784600	24.157567	27.351757	25.294738	28.002277	23.313588	26.933991	19.556405	27.112093	28.736424	28.011221	24.088241	16.398034	27.315164	18.098641	28.338272	24.625703	18.035110	22.262331	28.123589	28.550058	20.080155	27.148087	26.181975	28.257648	27.711257	24.116090	24.777982	23.443280	23.795297	14.275980	28.751723	15.978964	26.695106	17.790981	25.370041	27.936111	11.306007	24.544932	28.661662	23.545442	27.067546	25.070060	15.759440	27.035664	20.557782	11.836958	10.120546	24.656966	17.508837	7.599705
27.964856	17.383759	8.320521	21.612779	23.257411	21.965799	27.997554	18.884907	27.953012	20.623795	23.547744	24.164425	18.996585	22.255166	25.656144	24.361234	26.749326	11.563496	25.849922	26.902785	25.148313	23.433774	12.986636	19.511050	25.906042	21.171966	27.059384	28.465951	28.481746	24.734201	27.714412	24.693338	26.120161	23.386751	25.971067	27.775752	28.636378	8.801558	10.297255	11.648548	23.248153	27.570790	27.763671	27.777075	28.065333	26.822661	27.729895	26.176353	19.106123	21.659264	24.014163	28.525579	24.635370	19.709748	21.667539	22.728311	27.396752	26.044182	28.837867	21.577657	26.105896	27.785338	22.330079	24.202287	19.631594	16.096987	22.310516	22.587658	16.754721	26.822607	28.473782	16.698622	17.591928	10.356081	15.293037	28.118006	20.044138	27.930154	28.690313	11.056219	27.694529	28.562456	13.587813	26.741508	16.085453	8.148311	17.032822	23.673909	27.488776	27.647148	28.391852	28.483984	27.824503	14.699869	12.152441	25.715056	28.546226	24.894608	22.757673	21.453937	27.282321	22.906395	28.781124	26.634832	22.824696	27.311980	24.661644	25.276319	23.787377	22.363779	21.357160	28.363496	19.514185	23.872769	27.892040	25.176337	17.222518	27.418064	28.879194	27.646644	27.873746	22.933963	28.202797	27.331816	25.673573	23.638930	26.030905	14.979469	28.618555	25.213465	24.404348	18.826376	22.963062	21.613983	22.923250	25.949932	14.164239	27.139280	24.538951	27.317488	27.230746	28.754643	15.642990	16.567152	17.961430	20.930910	19.696225	21.777200	16.014262	28.876832	16.792113	20.360386
24.265674	12.697187	27.247555	21.860636	20.051376	24.810489	25.873069	10.172877	28.784204	26.833856	18.335401	27.061636	18.498207	26.788854	23.100417	26.011774	17.610570	26.153002	24.956719	23.735159	28.805059	9.859114	28.430759	28.041684	14.710251	27.690044	25.115740	25.132406	28.466965	21.996452	26.103191	27.847655	18.989161	28.578972	28.739621	23.234174	21.474169	28.509416	18.518010	20.764301	14.411221	22.821856	25.660292	27.167444	28.778490	28.780420	28.635110	26.144567	24.016451	21.643375	21.276537	17.941459	21.943150	27.900830	25.311267	28.599077	28.572528	25.489597	23.807960	18.623591	24.500828	28.547463	24.957662	28.322949	22.057471	23.824001	19.645322	25.376530	21.454727	18.907807	28.681160	21.093159	13.597148	15.634907	23.712978	28.757688	28.740493	26.629538	23.348881	27.626412	19.628849	23.888713	25.021863	13.401783	24.308168	17.039314	16.532099	23.352595	27.503196	28.876829	22.961180	27.335283	17.812344	21.446171	27.476015	24.219001	24.863510	15.811017	23.713684	14.898299	15.690077	26.227417	18.442785	28.672069	23.255054	25.933997	27.235183	11.982943	22.997843	22.063464	26.894590	28.442611	19.438749	25.199479	23.356747	16.890214	20.247289	22.344259	26.011229	22.989498	27.649139	22.055876	21.303333	20.356851	10.358062	15.979606	15.946779	22.911002	28.873724	28.753951	26.419683	28.766910	26.210146	28.749296	23.989238	27.538642	24.457173	27.993690	16.669999	24.643440	27.204530	27.639020	23.466537	27.241539	25.801898	26.796806	24.833650	19.224427	26.766361	28.220577	28.424881	28.194203
23.034757	28.070469	17.442237	20.415274	20.995194	27.844685	18.706837	20.261709	10.252473	10.495310	28.876525	19.913971	12.535563	27.529753	28.725203	23.113404	20.457503	28.288177	24.924707	22.673675	23.573197	27.489362	28.514086	27.936746	25.949924	20.314917	21.450902	22.393881	13.322246	26.559154	20.060977	15.768907	23.845539	14.510417	25.738031	24.186506	23.110166	25.740813	25.885300	24.606160	27.365376	24.061765	24.683031	14.320811	28.525235	8.584581	21.926966	26.128455	24.730607	28.193205	26.182599	27.730052	14.818721	19.128821	26.017470	25.575537	24.469201	26.914189	26.011453	19.954903	27.182076	28.720440	27.503922	28.174864	28.178810	13.789706	27.420178	24.974631	27.735781	11.912836	27.803412	28.624084	11.531745	27.652771	23.090246	27.207556	24.649153	27.944668	14.245449	24.421118	27.572352	18.352529	18.079966	27.429567	21.471238	28.298363	13.113871	23.086297	23.654535	21.363562	27.075177	25.492056	20.381243	28.674833	25.786965	23.176760	27.183578	16.385052	24.666269	11.341611	27.118114	27.268371	27.385869	16.410867	24.532898	9.169589	27.236128	21.785235	28.047730	26.819357	8.959212	14.630040	11.539425	23.233110	13.178262	20.388419	27.428760	23.724761	25.691140	20.356432	22.271018	14.679653	28.201944	25.150594	26.909900	28.155478	26.887870	25.107259	18.024491	9.833932	22.311995	10.707431	18.473215	28.601288	15.158480	9.769168	27.854988	16.576669	26.216945	25.298624	12.952820	19.278434	27.181985	28.126241	23.333436	25.842282	27.865482	28.076585	25.775518	14.133750	23.256145	28.798472
28.359590	14.046705	26.910041	17.258859	27.522588	28.847316	28.005374	24.144360	10.027303	26.850825	18.576508	28.552476	26.782048	28.075920	28.433400	8.270407	27.889416	27.207992	26.705531	10.883455	27.957317	25.700061	26.557003	27.736378	28.099134	26.458586	27.265923	25.648525	28.882783	18.739940	17.264722	21.775003	28.637208	27.528912	18.479019	24.364968	26.972124	18.720190	26.468861	21.379861	11.768731	10.400227	26.632117	25.558060	26.551431	24.586016	24.926099	24.671426	24.442827	28.691967	27.377851	14.746598	15.807793	21.870542	28.513218	16.923501	28.147811	27.124252	24.993267	27.047986	26.516777	28.614321	21.483739	12.699723	22.489259	25.481075	26.250118	22.144534	26.380364	22.010466	14.876442	27.858172	23.341132	22.347711	21.389287	28.031445	26.372696	21.326204	28.449366	25.242150	21.507313	18.489201	26.340318	12.006997	25.023099	15.182759	27.054321	27.282222	16.526254	27.777713	22.722369	17.473256	24.696949	28.717830	27.048103	28.877541	17.929579	15.396478	22.398298	27.347799	28.645638	23.643043	22.800263	26.465922	19.465195	17.526500	17.437061	28.525153	28.803458	18.672297	10.879986	21.181979	28.863271	18.386541	27.192968	23.493589	24.183938	20.978303	25.560427	25.849700	13.904756	21.502395	28.377797	27.238442	28.538645	25.303584	25.656581	22.581080	28.604188	21.048115	28.733984	25.049125	27.495744	19.148898	15.949096	27.436668	19.348000	26.936890	26.995548	28.720403	26.727096	27.734051	24.796353	23.700104	27.244163	21.422892	20.372889	20.801213	28.222304	27.941073	27.707615	14.763412
14.391299	28.838324	19.342740	22.417134	12.091847	12.126570	22.564035	27.765448	24.528265	27.438063	26.918464	23.787772	25.697112	11.360623	19.351996	27.719049	26.744572	28.491631	19.562521	23.288456	17.032554	26.017665	26.522813	20.181437	19.886069	20.978829	23.256380	28.003592	28.499654	18.779721	25.824982	28.549224	24.613604	27.418948	28.511018	27.153705	23.387418	18.598990	26.029754	27.391989	22.126488	17.666574	28.796748	28.512613	21.612724	25.284598	23.268258	28.313812	28.398797	20.318740	25.638523	20.562416	28.425935	28.496610	22.903479	28.184762	27.743851	27.902009	24.158011	26.660930	20.716933	26.307506	16.941930	10.997297	16.788315	16.330072	13.741734	23.880948	22.560113	12.410926	28.632141	25.562624	28.787760	27.903521	28.103282	27.832518	28.683294	18.854712	15.144328	14.380457	17.449096	9.912542	28.806422	11.194849	23.368340	26.498730	26.228205	11.443703	26.492363	28.126034	20.652558	28.489254	26.391949	27.726299	26.726802	14.560814	24.167029	28.141005	27.319774	20.706094	16.131331	24.402588	27.710150	11.479404	19.840011	25.629077	18.368674	18.811295	22.674731	18.294150	27.368618	8.223045	15.412121	12.531674	27.715475	21.718967	25.412212	27.029198	13.476845	28.184765	10.218853	8.774800	27.897818	28.053964	28.544140	22.750020	20.976225	19.923840	27.890609	27.630569	28.760146	20.581617	13.752653	15.277134	21.797120	22.161081	22.749693	28.095534	25.299917	24.959115	27.773716	28.588095	26.663985	14.448033	25.010823	28.733725	17.726731	22.316338	27.429993	25.414427	23.513310	24.034161
27.942901	27.757330	28.087251	24.465467	28.874708	26.559367	26.301056	26.557639	27.093193	25.787460	24.398283	28.197602	17.284937	28.201209	28.306042	12.798154	27.846598	18.763602	22.767136	23.198705	19.665599	26.149932	28.660142	9.877821	21.714924	14.407363	28.867524	24.187299	8.945832	28.594966	26.745823	11.114366	28.540638	25.038902	11.888285	23.704076	26.481958	19.488901	12.606392	22.179518	24.827277	26.695577	26.296727	20.408534	28.138027	27.322398	19.320327	26.173086	25.693385	9.807760	25.315704	20.718539	10.135562	17.093088	28.097851	26.296215	22.231896	25.266276	25.704449	27.627440	24.590680	28.764958	18.328073	28.700982	28.832992	28.552484	21.688346	28.567557	27.008845	26.225488	24.374857	26.213798	24.718869	28.017236	19.767663	21.914025	25.425061	27.957953	28.833592	26.924892	22.829175	26.531954	26.986066	24.904425	26.843368	28.783875	25.323788	28.609314	17.310831	24.404892	9.507663	28.223118	14.807006	28.742204	20.559278	25.701701	18.316698	17.454485	26.046206	28.496595	22.923075	22.097557	23.145250	21.637388	28.621911	28.560968	17.110042	24.823221	25.719950	16.089469	24.931218	28.225997	20.107102	19.724684	22.565091	20.341539	14.778250	27.314236	26.714911	18.676746	26.955519	19.046453	26.315136	27.149620	27.447473	24.570866	15.588118	21.156919	22.960916	27.739523	21.452533	14.288250	21.435941	27.554842	28.077717	26.793331	17.930857	28.505208	21.998338	21.962696	22.019111	25.673407	20.265353	18.445316	24.931967	28.495762	23.442650	26.826120	23.289632	24.476346	20.934534	28.316993
28.094243	24.706726	13.949348	19.726738	27.480558	26.521964	28.695914	28.414033	26.347103	28.273074	23.599165	24.618734	15.449070	26.270284	17.389504	28.694310	21.580009	23.361713	20.152612	21.778722	27.049055	22.401320	24.221672	22.130467	26.346448	28.641828	21.991840	27.869377	27.918357	27.351021	23.702309	27.420556	25.129589	24.343234	16.742492	23.479887	24.605380	17.046565	17.355160	23.032278	13.025127	21.437351	23.802354	27.689715	25.965328	24.042908	28.741691	11.045614	20.153471	27.591185	16.736551	27.331757	17.639245	28.254423	20.530202	27.447474	28.404678	26.900042	17.291950	17.933526	28.831037	27.884255	19.790179	23.525373	26.866023	25.727688	12.863412	23.877094	28.856918	27.782408	14.881230	19.903304	27.140951	23.566037	25.216993	27.152956	24.781506	17.815721	23.392572	25.545230	28.153702	23.969404	28.126728	8.735747	28.158563	21.691874	16.386086	26.396124	18.429094	9.696839	14.125505	27.701300	20.680563	24.537087	21.825336	24.699395	23.305045	28.026086	27.173725	25.077177	17.025996	19.903982	28.221074	8.257093	27.023849	12.847919	21.850506	21.788737	22.095806	23.410402	27.765866	27.941608	25.924043	20.415506	28.525172	20.231993	27.568986	28.649353	18.671736	25.596061	28.540123	25.839923	27.434164	17.248247	27.758803	27.744814	22.069264	18.428045	11.568407	28.736710	10.457459	28.629773	23.134108	27.001956	23.468452	24.488291	25.510827	25.251714	28.544754	10.634234	28.394062	25.742628	28.884756	20.390708	24.792162	18.465554	28.258871	23.267691	21.102540	18.803869	28.490441	27.867027
18.920313	12.610884	26.463033	25.251492	27.829786	27.727536	14.310189	28.395677	24.721215	26.761111	13.653013	28.854114	24.477983	26.676976	27.497552	26.243174	28.858772	27.337333	23.701865	19.718468	26.205542	22.468062	26.758369	20.377649	27.077476	28.702788	21.042156	26.757029	28.839063	28.764885	28.877121	28.848630	28.009689	25.733039	21.272715	28.777615	18.363262	19.186379	24.388737	27.450300	8.666393	25.012250	24.669370	24.621639	21.959639	24.536914	25.519315	20.452989	26.144140	22.637301	22.833364	17.082153	23.508177	10.206893	25.975597	18.196470	20.710368	21.414001	28.148748	25.827091	13.876952	22.718065	26.507794	22.435467	24.232183	27.795789	24.344975	26.040079	13.795355	23.790274	25.147244	25.141311	24.759681	25.644521	7.740782	22.971786	27.279882	6.548001	28.266567	26.146535	12.386498	27.765797	28.561007	28.568458	25.753610	18.263123	22.421175	26.337145	17.045533	19.432507	28.180240	24.744505	10.276490	27.974949	27.832474	28.225217	22.075460	26.412937	16.414758	24.455993	28.647079	18.789019	18.166226	28.225465	28.210938	20.713812	27.947864	20.708817	26.305434	28.306730	15.793876	28.759968	28.631844	26.332492	28.526614	28.051360	19.679696	8.556980	28.682582	28.762556	24.947456	26.442811	17.439102	28.313428	22.797773	22.957192	28.679096	25.961413	23.414895	25.281628	28.359100	27.126498	19.933419	24.767842	28.412182	25.427150	26.451532	17.067054	23.098751	22.417420	8.986036	28.012000	26.272138	24.210747	24.503796	20.211086	26.206010	15.739013	26.874653	27.336258	28.854561	22.041443
12.782005	23.437441	28.114489	16.557721	27.274436	19.204333	26.246412	22.874279	23.876392	7.485220	24.137520	19.499589	13.449684	21.312510	19.045629	28.884511	17.475055	25.550680	25.777826	26.237579	23.083549	24.983367	28.664702	28.879999	13.753541	24.927124	28.838326	28.368970	25.188693	19.630151	27.365004	22.927980	28.223662	28.546269	22.825996	25.343477	25.746252	27.922326	9.860247	28.475264	20.684473	13.582807	23.550895	25.855302	9.483344	23.835657	26.388312	24.715828	27.367049	10.287634	15.298395	24.704279	23.670605	21.328378	19.413920	28.816168	23.377513	21.242504	23.956290	23.441019	21.918956	27.972778	28.404842	26.015904	28.646282	22.500108	27.509882	24.498749	28.354985	28.580450	28.487174	28.329149	27.795629	16.097468	11.828444	24.540550	28.873915	20.069276	27.644115	24.782023	24.404840	27.627836	26.377518	28.208486	26.943474	19.189782	19.308700	25.123858	26.987927	27.365096	23.863311	24.224715	28.035879	24.004181	20.914835	25.548109	8.175215	27.915005	23.177741	26.802863	18.818865	23.266264	27.329089	25.178537	26.611679	28.476194	25.264344	20.091051	27.671553	25.402294	28.724327	26.642122	20.291443	18.220910	21.910476	28.722042	27.968749	26.715105	25.284978	11.691670	21.918854	23.593489	26.290438	27.200246	28.392603	22.892078	15.484493	23.838794	27.360458	24.519133	27.628134	26.372335	20.933182	21.817435	28.182813	26.961232	14.666898	27.408366	20.808101	28.634749	23.150269	28.640819	28.001510	26.350922	28.871375	17.829936	25.415877	23.078749	26.305993	24.809452	26.407494	27.024861
17.282131	24.469655	17.920880	20.854054	26.395655	24.938430	10.923398	27.438310	28.357680	11.252465	19.230571	13.096560	23.603138	18.496592	25.092105	28.805652	27.614031	27.382171	26.659579	26.639119	25.101851	15.459593	20.420136	17.949860	23.384430	25.562525	25.121872	19.827569	24.621682	22.263706	23.419593	22.138983	28.879822	18.741856	13.395630	24.729106	18.467523	25.890762	20.644113	28.264874	27.377881	28.544145	27.113200	28.870135	22.946477	26.428700	15.009690	24.154934	27.879011	8.938457	26.673530	20.444997	21.234575	17.289023	23.638906	17.002789	14.666229	20.535410	18.849724	17.868087	21.608782	28.884534	25.393932	22.211794	14.317882	27.348043	26.270701	28.514348	27.526900	28.635008	25.472202	12.137892	27.764641	24.609757	22.627853	26.775697	17.171073	27.420023	18.913840	27.356065	22.812194	27.160586	25.111766	15.870937	25.871327	10.309715	20.546362	17.907679	12.977122	24.687978	6.480951	8.338128	24.629243	19.293322	14.219036	27.784751	28.431875	25.528428	27.111169	28.490146	21.370027	27.915564	20.590152	16.168813	17.768153	21.681379	24.364242	21.829954	17.442211	21.101044	17.719430	22.922142	22.986555	28.124683	11.232960	26.171809	23.460719	19.263031	14.085609	18.130156	25.375644	27.380008	26.928818	23.933352	22.257217	25.687270	23.103776	24.646594	21.463318	11.572809	24.500390	17.849700	17.734318	12.163235	14.544384	17.293501	19.866539	21.138444	19.293031	23.846796	24.953035	8.059362	28.850550	12.199301	21.483955	27.538601	26.282446	26.305921	23.572123	24.509855	12.959873	20.870234
27.041565	27.211750	26.734271	27.450047	28.287383	28.860188	27.287665	15.346027	21.280073	28.781439	26.969340	13.602127	17.909947	26.081229	25.268580	23.083788	23.358705	24.907169	28.008997	17.194532	26.942656	14.253077	20.675939	28.802779	22.563811	12.462042	27.497762	23.913561	24.986891	28.580924	15.077735	21.458867	28.124690	17.034804	28.406113	15.599044	25.632944	22.509093	18.633980	28.043163	28.446649	16.275433	27.736127	24.162216	27.179611	11.124360	23.416958	25.517990	14.778895	16.751776	28.707696	20.382064	27.862333	12.047022	28.706140	26.980065	13.254325	22.782957	25.854684	16.765086	18.234094	9.889636	28.397427	27.571448	21.664720	28.828985	18.565852	28.803336	25.457079	20.424662	21.845959	25.125770	27.655864	24.699844	25.245821	11.800519	25.657466	27.809362	27.785464	15.956156	24.982489	13.925284	19.618281	17.938437	28.780971	25.349636	26.608977	20.474420	28.584910	15.315773	28.474130	13.001818	16.554087	22.720265	22.486951	27.449879	26.385775	27.618978	25.891421	27.128842	12.709448	27.118352	27.992147	26.990338	16.943601	24.867030	19.288453	14.531315	20.056075	22.621550	26.083110	21.486742	19.312795	21.306298	25.751375	25.265370	21.595339	27.772599	28.696166	26.872181	19.226365	16.235318	14.787730	9.212227	26.751849	18.785164	27.921138	20.804476	22.273113	21.702729	28.092471	24.572459	27.454008	28.709384	26.320114	26.198307	27.265010	25.722708	28.796157	23.784731	26.651218	25.718259	28.594725	22.605467	23.989656	23.692408	26.754658	25.085515	28.518690	18.467325	14.812440	28.419436
17.450927	20.537797	27.684211	28.524222	19.026076	25.021138	20.142674	19.893395	22.293435	27.603074	22.917203	27.266217	27.640488	20.920003	26.496333	25.612541	18.150273	27.133795	22.217672	25.450224	23.478832	22.074425	23.604648	22.598278	28.795795	23.225372	16.442753	22.686526	18.740589	20.893069	12.822597	9.953809	28.876106	21.734727	28.871523	21.767203	20.965174	17.297488	23.987959	28.471991	27.897461	26.309145	24.602898	28.609218	27.350557	22.683854	28.855055	26.865445	28.221168	25.632764	19.167454	23.742581	19.682389	27.735645	28.351173	27.127530	28.238542	26.962874	21.888511	25.458892	27.550216	28.656553	27.597900	25.323383	18.400212	22.566068	26.404724	24.324569	26.224235	26.505238	27.177190	26.434011	27.570115	28.354830	17.770720	10.317028	25.559385	28.601486	24.420310	24.273023	21.824919	25.413365	25.925356	14.263644	21.647780	21.943542	28.240823	21.549114	26.714009	26.139979	16.635478	25.043178	24.768100	26.822127	25.979621	27.200141	19.212286	23.232197	21.018719	25.966255	19.543870	13.171054	26.422926	23.561818	18.296497	15.621164	26.179505	23.290951	21.276379	28.762332	27.228496	20.659008	27.792792	28.103234	26.104516	25.784867	20.848923	28.578009	18.104960	13.865725	27.154012	17.451799	12.356520	27.298058	26.845101	19.499261	28.347671	22.842053	26.002908	27.521801	23.481697	25.162421	21.009822	17.954776	28.347414	19.568777	6.580292	8.699184	21.864122	25.775309	27.185128	20.289329	27.037115	21.991058	18.517866	24.092816	20.740099	17.149545	20.357817	23.336863	22.871865	21.209115
25.898963	21.253668	27.406785	21.458590	15.297344	26.836283	17.142189	27.362716	27.866720	19.328857	9.937766	20.471199	18.047235	26.085004	28.085743	13.789400	25.814728	26.267601	25.473494	20.324343	28.024356	25.676148	28.623818	23.585892	27.708919	26.272906	24.791597	28.694889	28.685103	25.213852	18.692491	28.383103	24.795389	26.903355	22.539400	21.422049	19.339906	14.556718	27.246824	14.965329	18.201945	28.889793	27.589374	28.862909	18.464758	28.885787	9.248357	19.231045	28.001647	27.723726	26.366829	19.351801	28.823250	28.860620	27.497492	20.107234	24.705054	20.256231	25.582788	28.834979	25.013269	16.403246	22.516651	17.845376	11.170129	16.023150	20.299777	23.094286	22.080736	25.822096	16.105443	17.847182	27.562420	28.504950	13.738796	28.368555	24.443479	27.743901	27.686426	12.717621	26.449339	22.943388	21.371469	23.873507	27.011581	9.645103	25.348328	26.961767	28.856820	25.153994	28.612435	28.846030	27.022201	20.919880	28.801744	22.899162	23.901978	20.337443	27.151059	22.728969	10.511280	22.295139	25.757130	22.479068	28.657805	14.297684	21.341535	12.726483	25.532570	28.790386	21.497094	23.331758	17.580167	23.025883	28.653092	18.756460	20.128463	26.503508	26.723618	24.793432	28.844710	27.613266	27.867036	27.146463	24.492282	18.285876	20.481027	15.689095	20.433573	13.481609	26.893313	17.352609	24.433294	13.882612	25.927241	26.667075	25.073740	24.189373	22.574191	28.154357	28.156535	20.676455	25.561455	27.429716	26.662972	25.641806	28.622741	23.287565	19.402306	26.962933	19.899240	20.150934
25.201789	28.213568	26.935574	26.570879	16.685957	23.881222	28.841748	25.319228	22.327091	28.655094	27.581502	28.834528	20.706958	21.965897	27.713468	26.702692	25.702620	21.631452	18.142631	26.633363	8.308343	23.483694	28.172162	23.091400	26.963935	23.953553	15.625730	27.991980	11.426695	28.024304	27.636361	18.709149	28.854667	27.944257	21.679512	18.657226	27.013000	27.885475	17.043849	28.542282	20.372313	28.248133	25.116330	28.126021	26.039882	28.555622	10.351831	27.892181	17.588192	25.138268	24.560757	27.180668	28.180270	27.061791	26.662166	28.866692	23.766200	27.865395	17.058095	20.205292	27.884797	18.404410	19.129012	16.448867	28.863817	20.334460	15.542978	21.071967	25.573360	23.360337	27.246654	24.877410	7.776921	16.073775	27.644817	20.627487	28.033130	28.668711	26.705752	24.605431	17.231367	24.511202	25.870227	23.224941	28.683871	23.769103	27.721062	24.000014	26.174916	22.401415	20.088618	21.338632	28.836350	24.839565	14.743559	20.988808	26.123995	19.649899	24.027162	27.596392	24.078124	24.620842	27.559337	26.667769	15.842437	19.792916	24.324119	24.209191	19.248486	18.448622	27.177175	15.980867	12.995548	19.602093	21.424829	28.196973	25.566685	22.639547	24.015674	28.663792	19.930071	28.632885	27.775601	26.895360	28.737032	23.964656	27.859389	19.937962	22.898938	17.453774	28.482420	26.423577	27.836606	24.862747	25.579424	21.307034	18.862007	27.259478	25.702584	19.756415	27.968574	28.035660	26.803819	11.689470	23.472002	22.724591	13.867835	23.688716	28.219587	16.355777	26.587491	12.306076
22.131645	17.100431	27.641612	27.676880	23.979909	27.817933	27.108648	22.078508	22.737414	23.553334	26.103722	28.398012	27.989009	27.675518	25.838510	24.856371	23.918295	24.936839	28.007003	25.532950	21.274425	27.714319	23.627727	7.953295	24.247640	28.705515	15.628215	16.431943	25.606200	24.408505	24.256822	28.717698	28.448673	15.499106	25.814243	26.573158	27.232868	28.495345	26.996038	19.334421	12.610039	16.950065	22.947444	13.203172	27.336333	21.629668	11.077254	23.230356	25.593027	28.017141	28.772480	19.054855	9.453204	27.279940	28.839941	13.705309	28.473742	21.734093	27.133241	28.742970	26.402649	28.295905	14.462403	12.593771	23.500524	25.228596	22.010182	28.661935	23.913271	16.765353	22.454117	28.195131	21.215277	26.452713	22.956501	16.790031	10.848934	26.939417	17.107750	28.533772	25.472958	25.357162	27.894441	10.962086	20.249567	26.104300	27.020656	23.644065	28.755282	22.944324	28.633863	22.474179	23.612002	19.746804	20.480474	24.213669	22.806668	21.747278	22.501732	27.798339	16.493967	26.083978	22.860091	28.155894	18.445925	15.061265	26.432536	27.340166	17.419432	19.045031	17.364147	13.155617	19.711653	21.979380	13.400974	26.761177	24.665013	9.819924	25.853797	19.427617	28.387494	17.061495	28.233108	28.062678	16.399760	28.691437	26.996725	22.428931	26.455042	15.072764	28.333739	26.269253	28.809812	21.753298	19.699739	18.222589	12.915033	27.081470	27.042540	26.591067	25.104784	27.659689	26.689785	28.825551	28.377975	28.014750	13.230096	23.802555	20.287334	26.443507	27.651574	19.781190
15.891848	28.441537	19.819578	28.457223	14.711445	13.259412	22.429519	26.685340	28.181630	25.283326	23.491594	27.530871	28.821167	25.641459	19.522271	24.354950	21.045439	27.898085	26.639305	15.083168	28.177497	27.938044	27.318021	20.429188	27.885429	28.300146	11.190973	23.775929	24.267513	19.700435	23.114502	10.333392	25.562936	27.029101	27.335735	28.752328	25.244924	28.742397	6.721430	14.775312	27.160490	26.300239	27.099687	16.569612	23.841331	26.745400	14.907958	19.060703	27.251515	20.736077	28.539171	23.883348	27.553632	18.194773	28.681735	18.378181	24.445179	19.660969	25.681426	28.225818	25.506418	20.769162	21.458136	28.187913	22.697108	16.869434	23.455749	28.208431	25.232276	26.125467	21.618222	20.043109	26.888773	7.342937	28.369298	27.799317	27.697491	28.621966	26.920110	18.696287	25.037797	23.134274	27.588317	27.447946	13.933957	24.444199	20.758339	23.025520	16.737353	28.253007	27.897446	28.276128	18.636960	19.531754	17.788810	16.536189	27.180230	24.465563	18.317174	27.319983	24.343445	28.645845	15.671805	23.908019	25.677239	16.741621	28.686797	24.379093	13.163519	26.631158	15.259866	13.919200	19.607762	27.511737	21.529803	13.440126	27.757129	20.562394	11.759277	25.261420	22.231139	23.312204	21.190689	19.005097	19.411039	18.423373	26.261595	28.715989	23.349891	28.497469	24.239323	22.804439	21.279419	13.012616	24.232739	9.324201	20.184847	28.214709	27.617651	27.312891	12.869109	18.872291	27.911079	24.905824	26.246263	23.586237	19.216858	28.776738	25.954869	28.422508	25.114812	15.079618
28.622115	27.485375	15.796829	19.754822	28.038746	16.976025	19.116810	25.990986	28.764270	10.704632	28.860607	28.767961	25.188815	15.908225	28.713482	9.856341	28.228862	22.547477	21.724102	21.307729	24.675781	23.803189	24.559451	27.768981	20.170713	18.663647	21.724406	18.653076	25.325431	28.689861	23.292991	26.722891	23.866773	16.645773	15.062071	9.397593	22.583116	20.136916	24.592576	28.742004	26.382992	22.947257	25.428933	28.608410	27.553483	17.098974	20.040892	28.238558	12.612863	27.493969	19.653239	28.552903	28.565600	20.571955	9.306193	17.929111	26.869209	18.758629	16.248354	17.385039	26.509859	26.550769	25.039154	21.703312	15.138229	26.820212	28.611347	28.499153	28.862161	22.355480	21.112715	26.677127	21.239887	25.696064	17.417464	26.678244	21.685711	21.608408	21.592338	28.682320	28.753062	18.505967	28.544126	26.643430	28.164225	21.246130	24.606378	26.666488	27.554897	26.705066	25.625847	25.226291	21.423854	24.877478	26.783284	21.992741	28.666060	13.382511	24.768959	16.489129	26.658437	11.848578	28.855128	26.187516	20.215165	23.056648	26.198189	27.434635	9.438538	28.437735	21.653990	27.893714	21.743111	13.629014	19.657784	20.180421	27.727597	26.804137	28.534872	21.957576	7.522673	26.179075	19.033876	26.514966	28.692800	12.359273	27.195969	25.662013	25.748001	24.033640	21.583512	27.079397	21.081580	10.425147	26.210031	28.081143	26.287592	26.151382	24.535516	19.183626	25.252295	25.720081	17.079852	25.541436	18.197581	28.230692	12.681598	27.576270	28.009250	25.566414	27.926876	18.526099
25.373882	12.874920	27.362676	13.954808	16.423051	17.193527	27.683031	28.365766	28.805357	12.954176	24.232981	26.215063	21.452008	14.858078	13.242295	16.020506	23.799860	12.816377	24.010933	12.443335	22.633196	26.341848	27.928490	15.976929	23.317224	26.706325	24.450560	18.104469	14.589616	21.609932	23.788996	28.560879	18.172365	23.805194	25.514261	24.729948	22.674468	27.990618	25.489639	21.172026	26.376252	25.371417	24.979106	28.776372	18.693254	27.650493	22.970613	15.009767	27.969586	28.204128	27.810063	28.724534	16.916490	22.998542	14.305327	24.969479	27.542362	11.346791	26.124405	26.010436	26.396536	28.815259	13.768737	17.441186	27.014558	24.052329	28.201406	21.468514	28.448592	26.482257	27.964457	9.734222	28.662629	27.066296	28.337098	20.510434	28.738911	19.641572	28.322457	27.677666	23.296282	26.719403	14.989412	12.340424	27.604379	17.661438	28.382988	13.397754	27.235732	21.374990	17.922846	27.904462	21.901017	24.687501	26.777609	23.303604	24.272473	25.640126	27.951239	26.829056	28.277725	25.680914	19.854785	24.794797	27.277349	27.323149	27.587935	27.711541	22.186913	17.584563	22.552206	28.377650	8.064568	23.131141	26.771260	20.765777	22.642474	28.769275	26.332909	22.183962	8.167427	27.628164	13.149620	28.762790	21.278353	21.414271	19.808166	21.973635	25.762651	15.358772	10.957734	21.068341	21.343195	27.593272	18.659299	24.296277	28.199438	27.753462	25.578528	25.865234	14.717087	27.969870	17.429431	28.879694	27.738280	20.804909	28.543787	23.321747	28.734188	27.998749	26.952294	24.730360
28.670495	28.425361	24.968226	27.699635	27.365685	25.837425	26.996536	28.200155	26.694456	19.167919	21.554573	27.898693	27.026364	15.813745	17.303734	19.952147	14.529346	24.361698	26.195183	28.718600	24.409653	28.472309	27.873231	19.193682	27.703160	20.310384	12.935831	25.564500	28.164970	24.189881	24.864979	26.841188	25.598223	22.258553	13.992623	28.119335	27.475836	27.744195	27.787977	20.537889	27.880440	24.355641	28.283454	20.931700	28.244593	22.193450	26.678610	27.829143	24.651374	28.791586	20.444949	23.999340	27.556301	27.743675	17.062918	22.235312	10.678806	28.659671	15.830767	25.693519	25.944673	14.748754	27.471043	25.943359	27.012982	28.736326	27.971290	25.587572	27.250080	23.660538	26.786752	25.618550	28.490503	19.932323	28.840534	18.835190	23.911454	27.478437	24.358417	22.016069	26.269597	28.437271	23.560522	22.836377	28.549177	28.351521	20.957440	19.592769	27.742927	12.414684	16.068446	27.113767	25.955167	14.989071	27.680194	28.422170	27.882058	26.180915	22.578626	25.738166	26.598777	20.466320	28.054704	22.781509	28.121705	18.286054	20.896338	24.203975	26.531466	19.975867	11.270805	28.518360	25.873147	27.446932	28.271521	25.812232	28.232058	23.177318	27.256590	25.894827	28.322643	8.693320	13.339076	20.203701	14.789112	17.572437	22.355205	20.940010	8.116058	21.403189	24.193053	28.654446	13.843979	27.929210	28.392452	27.508138	26.853769	25.107587	12.122052	27.421193	28.144679	6.807261	27.565818	24.773192	18.377967	15.744776	25.602444	24.726621	16.498767	28.522252	28.702544	26.473189
20.546343	24.144609	25.807705	20.556510	28.347514	11.932677	28.872552	27.051326	26.487509	23.199467	27.174420	17.320245	15.074860	25.216694	28.659033	10.751429	19.834271	23.931733	27.191099	22.778251	26.359411	21.146463	28.159345	17.482834	26.160125	17.186054	25.238852	28.030027	8.981506	28.594608	19.328805	27.941929	28.570298	20.579808	15.173100	27.941096	27.543062	28.270228	21.695877	28.442049	26.545689	10.480853	27.439023	17.153699	26.417394	19.167579	18.976912	22.168251	18.956855	19.714257	17.462403	28.155300	26.902290	28.000681	26.812088	27.457504	25.846467	26.245089	24.385361	23.260685	26.962733	23.246238	19.976831	25.963645	28.364602	25.367585	21.081871	21.237440	22.010840	23.501227	27.785969	28.159123	19.361146	16.526557	17.446567	13.990500	22.256651	21.737404	25.191231	21.782173	18.422177	17.766600	27.798005	28.750947	27.491462	17.496179	11.646002	24.923448	23.005748	18.818298	11.160841	24.221106	18.865426	11.958896	26.610365	19.453623	28.860940	22.632437	24.768708	26.580877	25.199588	27.836959	15.226006	27.226680	23.596793	27.332956	26.787932	28.174754	26.680927	21.921281	22.699936	22.560559	11.248246	21.225328	20.514854	18.500695	19.306603	23.171299	28.226909	18.071571	26.506426	21.140233	15.739066	28.655313	15.260911	18.245478	26.392439	21.322083	28.126783	26.680968	24.466002	23.836406	26.161058	14.625401	26.503808	24.598611	28.172720	27.751492	19.590041	25.629846	20.224428	27.250163	20.130149	23.490906	26.714683	24.714562	24.816752	28.478034	18.571259	28.809511	17.841510	27.638456
21.796888	22.446922	26.465192	23.028525	10.128337	14.794294	22.560312	24.780001	21.140817	25.647924	16.902622	21.382832	19.740060	22.788821	21.781734	21.357754	18.472549	20.654473	14.921498	19.786092	21.483485	17.199928	21.041390	28.120087	24.121646	21.480898	19.369536	25.826529	24.314554	26.559882	24.948007	27.661549	24.025439	28.256386	28.843812	13.610201	22.709650	23.645982	22.096089	8.617898	24.672363	15.531470	16.891703	18.105839	19.297758	25.534909	13.840357	27.672791	23.206275	19.092794	24.851377	24.158287	17.788725	27.370440	24.932310	28.887700	25.929821	25.829400	24.532331	23.583378	9.026452	19.268178	28.236708	28.224884	27.847110	20.905608	14.302236	28.490075	24.562956	25.945865	23.693514	13.060791	28.658238	22.624693	22.710510	22.719660	10.974421	25.164940	27.071720	18.237762	26.886658	13.614277	23.386383	24.096404	22.431287	26.760416	22.031230	26.096226	24.278694	26.822934	27.795414	20.298381	18.793261	24.662982	13.431159	28.747892	25.364335	21.318656	28.746916	15.471456	24.740446	20.536959	28.280052	28.318775	21.001069	28.885861	28.248514	15.011343	18.679188	19.185351	24.687143	23.158244	28.570025	22.216876	20.789923	25.784276	27.307075	22.354821	28.872022	28.564649	18.433836	26.757693	22.631902	26.511790	26.670732	24.738232	28.565931	25.237804	21.348069	27.234205	23.348721	28.231934	20.510961	12.155349	17.834273	21.017845	26.003051	26.313440	19.911835	24.132235	24.776147	19.644428	25.653459	27.854391	25.755510	24.491353	8.309614	28.195523	24.714193	15.208869	24.667718	18.694437
16.304954	26.768536	22.083958	28.487482	26.003137	28.622472	27.894243	17.000847	28.263098	24.589168	16.545913	26.558710	12.515169	19.469686	26.482914	22.424499	24.951830	20.336048	24.114528	15.510057	26.475175	26.292425	22.958766	26.584678	18.894185	20.350359	15.636765	14.500593	26.398298	17.236603	19.774982	17.117634	20.748590	28.370165	21.526693	25.459702	27.802463	23.192449	22.089698	18.075139	24.474134	19.918876	20.289895	25.763952	23.164152	28.482831	23.885759	27.916007	26.970671	26.591393	20.251718	26.338287	26.545690	21.215773	27.988266	28.857081	27.080450	28.109382	20.245098	27.515475	18.442760	21.536596	17.712374	25.277738	27.922039	28.447181	24.563480	27.042908	28.574451	20.675175	28.319904	26.643586	19.630292	25.116597	26.050525	28.005566	28.459035	13.528663	23.468545	25.443723	20.745124	18.055575	18.971186	28.431951	13.358474	22.278270	24.973497	19.569387	12.170011	21.844979	25.880468	11.574536	19.515472	27.738219	22.396212	7.404021	26.042032	27.069699	28.380709	28.682107	22.025945	15.631874	22.173241	25.028357	23.653104	17.303840	14.879462	19.685323	20.354830	28.346044	21.408723	25.827147	22.966371	25.972404	27.803161	22.587623	21.071968	12.234934	24.643952	26.108965	16.614115	24.708732	27.122654	28.820733	25.813272	28.864547	25.162903	28.687287	11.964702	20.821114	21.166215	21.675173	27.329789	27.827436	24.346389	14.300319	8.484668	17.496926	25.588325	27.058910	28.506047	28.095703	28.624467	22.767575	27.236214	22.530983	24.189649	20.056905	19.078669	15.944360	28.482594	24.964614
20.694350	19.269115	28.152097	24.896757	25.491222	21.608219	26.095752	16.710197	27.492925	28.350962	20.600364	13.571139	25.686751	26.824943	26.859021	28.365976	27.530202	19.349552	27.595626	27.505577	23.530156	26.734000	18.957044	15.773834	28.374241	24.495803	26.717479	21.700377	20.015568	25.400423	28.047660	21.718230	27.594679	28.406054	26.016688	25.592539	14.720823	18.814756	10.267032	27.594245	13.276533	28.811073	18.464380	27.566377	20.290422	27.649845	21.561558	24.006241	18.742055	28.446784	20.043897	24.313679	20.714440	25.707288	28.607287	27.543679	28.031515	27.496598	26.701250	25.128302	19.795378	20.500010	19.254830	16.133482	28.156443	28.450785	27.341679	25.741250	27.740831	28.865304	13.550286	26.873763	26.300052	15.478066	24.898252	28.203461	25.749543	28.412394	16.476275	28.709392	23.062726	23.802330	26.670412	20.637873	18.944844	9.217899	19.786686	26.624035	26.454980	27.010223	21.618316	27.574680	22.867534	15.609178	23.222327	27.379856	28.097237	26.889856	28.748404	14.776558	17.177214	27.840545	25.549019	13.668800	24.242980	28.197647	22.204620	22.464891	26.758038	26.810858	25.316403	28.089979	24.291340	28.873416	22.580005	27.125711	28.444648	28.554829	28.633770	22.537385	17.077276	27.879586	28.648465	23.114351	9.805540	28.024312	22.427570	24.063078	12.549374	19.561922	28.313578	26.608730	16.960358	28.858271	26.995216	28.454533	26.730755	18.852231	22.632859	14.742183	25.026605	25.243087	22.625447	21.493842	23.976679	27.668659	23.833770	27.929307	26.173572	24.212275	13.793631	21.819592
16.207785	26.787986	27.357384	27.737947	20.454696	24.761062	28.401213	24.479350	24.084208	27.768259	15.281534	23.205399	26.386840	28.404900	27.514954	26.315252	21.291029	28.153425	23.046061	23.243667	26.840376	27.347751	26.340855	26.559347	23.681979	26.944720	23.583595	15.205733	19.137919	28.830358	23.338965	27.999048	27.106016	28.204655	17.256957	26.897320	20.024289	27.793511	28.624499	24.928624	26.070612	21.452478	22.562790	23.515149	21.157536	28.586980	28.793374	25.617283	26.481857	23.212191	17.138070	20.909605	27.822405	18.586308	27.767974	28.482059	27.274486	20.505242	27.000983	18.918588	23.631551	19.822096	28.621490	27.106709	28.622604	17.681620	24.685929	13.150714	27.265006	18.180607	23.244578	26.387047	28.056338	26.630539	24.143533	9.643794	25.604128	9.212301	10.100708	14.425710	20.896543	16.053798	19.722019	28.578907	19.800613	27.353422	17.221906	17.378786	20.767953	24.416100	24.656624	21.590151	26.149064	21.808671	28.753759	25.702239	25.975814	15.264808	27.605279	15.557068	22.499279	26.161179	22.513160	22.510584	28.833967	23.643740	28.121294	20.192325	26.450366	27.495836	17.991400	15.977748	11.868784	27.693997	27.718599	18.977932	27.551854	26.268431	24.661944	19.661704	28.765880	24.151463	28.533116	23.559473	22.049256	27.584566	27.447314	13.303923	17.586595	25.412802	26.031040	25.536294	26.269530	20.792473	24.501398	24.643542	20.445703	26.801938	25.200934	25.390194	21.936834	18.795035	12.851389	28.305809	23.783388	11.122846	23.024530	15.408939	28.724636	25.575886	15.170297	27.516781
28.817520	26.561239	20.713063	17.573251	21.941959	27.930037	26.532534	8.102095	28.434451	24.322868	13.812061	28.619485	25.966976	14.924710	20.231489	25.487871	17.813062	19.672733	21.654620	23.778414	13.421811	28.057812	10.382824	26.518614	26.705047	19.922483	25.334014	22.617988	28.288789	23.987419	24.028024	25.699968	27.476028	19.602313	28.829036	28.607421	25.554051	22.471516	23.728920	18.008140	20.165390	28.492072	27.500722	18.927568	15.639336	25.266460	20.508149	28.864344	25.874867	14.781643	28.407802	28.052496	28.223390	26.316330	18.850144	23.781121	28.864836	28.610057	23.189097	27.700256	28.048762	19.129583	24.172044	24.427590	24.772633	18.534344	28.546619	26.348934	20.237739	25.838726	16.630568	26.333869	28.401406	16.530173	24.263274	24.533464	24.703204	23.717539	12.184225	26.862596	28.009391	24.204551	14.607958	26.193863	24.914607	17.777046	28.385231	19.145593	23.002706	20.259998	23.521400	23.773508	19.429332	27.562862	18.183510	25.568572	27.603971	24.403791	24.463195	23.794384	10.636517	22.764474	28.438761	26.046623	27.723082	27.561521	26.401413	24.859234	17.517484	25.174867	14.925336	23.990331	27.088193	25.615837	24.242486	21.919471	26.852517	24.711148	12.346266	28.864876	16.281011	13.798809	26.506447	20.364209	26.199509	22.018084	26.971652	27.466050	27.385208	28.190449	27.043811	20.882083	17.864337	19.379712	28.681163	8.314815	27.561478	28.761977	28.755457	15.809279	19.969227	22.226853	16.494668	27.565313	24.060813	21.322782	24.999910	25.920481	22.805232	20.220969	26.580522	26.807945
20.418578	28.339223	13.477340	22.020631	27.425735	18.640682	14.775128	27.012110	28.675918	26.507056	27.882749	23.645326	28.789694	19.978291	17.027964	26.835858	26.923714	24.069400	18.752726	22.536927	25.788634	26.998931	20.871789	23.699488	17.113661	16.464890	25.182800	12.826843	14.361416	22.764705	25.878058	23.426793	20.944559	25.815461	28.082491	27.880889	24.871458	26.068454	21.021920	23.578873	18.928078	26.708532	18.106577	27.392299	28.486680	28.560021	19.256998	27.783421	10.593658	25.197825	22.617560	28.239261	23.072424	20.936227	28.511586	22.292242	17.610638	8.836150	15.700990	24.050346	13.086383	23.039097	28.524291	22.110923	11.780397	19.544915	20.901098	26.436129	24.366887	15.412748	25.534061	22.033836	22.666992	22.150130	22.864090	26.230971	22.447783	25.058674	28.652928	26.045644	23.372931	28.085528	27.155376	28.438363	19.615343	17.529152	24.751484	26.527867	25.418327	11.750090	14.518248	25.841548	25.445361	27.758141	22.614862	27.565266	26.348495	28.602171	18.775249	26.888508	17.503568	18.902343	22.482087	27.591726	22.372085	28.466165	26.842094	16.699644	25.561518	22.875040	22.105227	28.359204	17.806636	27.512269	27.039442	27.745314	22.546466	16.877295	18.752142	28.052089	17.784033	22.252956	19.579322	27.646155	26.312965	24.287614	25.594838	19.833447	24.531345	25.780528	25.919535	22.828933	23.551212	18.263959	14.024523	25.699365	23.925706	26.891033	23.990066	28.393130	22.998476	18.827405	28.421073	15.391011	16.957233	25.770499	23.525872	25.175397	24.953672	13.756164	26.343771	27.221127
24.564149	20.956905	28.693315	11.128889	19.069519	26.529988	23.026730	21.770913	28.563147	25.196675	28.569908	24.558669	20.177558	24.786610	26.863154	22.100357	26.323232	28.023301	26.056864	28.732807	21.811497	25.097318	22.797936	23.831628	26.755911	26.526737	28.254332	21.503945	14.811552	16.104957	21.359853	15.720739	13.501172	24.109650	24.365835	26.117023	24.091797	13.709379	28.717217	20.081265	16.609849	26.768397	28.106232	16.102763	22.137698	27.790937	21.126456	28.700591	28.095607	28.688426	11.362314	20.576576	22.165058	16.282826	14.027314	25.556632	24.105850	26.848644	28.393098	28.341909	26.089100	19.224978	25.453412	17.707247	21.555527	24.007096	27.753694	13.070979	16.525070	27.923971	23.040141	26.067878	28.307340	20.799599	24.795683	26.529049	16.614644	19.870742	21.362815	25.703468	26.112448	20.208035	10.855073	22.062855	21.578806	23.715808	28.439255	23.444531	22.686786	9.843105	9.395000	28.767990	27.673934	21.247462	28.565612	26.699561	15.470909	21.729763	26.474817	21.259990	11.423319	25.072640	26.187045	28.355953	27.671855	19.565910	27.380039	22.636942	13.542473	26.931513	27.944000	22.729824	19.185125	24.172967	16.298012	24.400020	22.509215	28.318616	19.522286	26.519410	24.785995	26.215215	25.074086	27.756288	22.168262	17.162302	23.992866	27.240024	6.869953	26.303778	11.229880	28.870402	22.982265	25.772893	15.379174	21.165666	27.171657	17.206274	17.459076	24.944420	23.242616	16.097758	15.626542	26.137157	26.667067	25.629695	23.555598	22.410247	22.426390	23.181960	14.968922	28.052236
26.955233	28.712682	27.704802	26.303537	18.103040	28.814299	26.502289	14.511330	16.967551	19.512694	27.624946	16.764599	23.378661	26.098910	28.649285	27.800925	15.737161	26.558250	18.877854	22.519684	28.188499	10.292595	17.979006	18.954286	25.498914	18.991804	20.268680	18.459892	28.482802	28.264156	27.338822	27.031084	22.267319	27.658576	18.976075	20.045433	28.774178	28.842464	28.235434	19.903299	25.778247	12.747430	10.946401	20.978045	24.812020	28.853885	27.453249	28.167091	16.677924	26.461783	22.344597	26.918061	27.232906	25.455294	27.587171	28.888524	9.223156	28.249832	28.801163	24.801174	25.402267	25.336531	28.170166	26.839636	26.734885	20.184445	16.782890	27.406241	21.673126	26.445405	24.124763	25.521322	25.550544	24.856968	25.323746	25.559596	11.907528	20.035498	19.538705	14.469972	17.646627	27.438330	22.138569	24.132736	10.283276	28.298776	17.348225	23.845433	24.424217	28.601018	28.382010	6.738752	27.734703	26.632816	22.200087	27.446126	27.121954	24.478593	27.298340	24.406693	27.626417	21.588091	25.456535	22.665296	26.966095	28.497725	10.752266	27.646030	25.264070	28.378359	26.571270	13.830266	17.911504	28.849414	27.806227	26.685286	26.972601	28.472071	26.285548	16.579008	20.052694	20.518027	19.268470	14.251546	11.212289	28.854773	28.347095	26.764617	25.419349	18.594128	25.754911	27.393590	28.732847	17.935415	26.925567	14.486579	26.265844	23.998176	20.771535	12.034641	11.434565	28.801334	24.887858	27.228514	24.983566	24.709870	28.657389	24.958175	21.954566	27.736058	23.368328	28.493596
15.879830	25.899648	25.771337	17.584882	28.611398	17.078953	18.848182	27.178616	28.798911	16.840302	23.713718	21.353353	19.880775	17.775122	24.170287	28.542421	10.708154	28.112717	22.786853	16.400322	12.869148	23.055646	28.722029	23.502292	27.004201	20.994807	27.780584	23.889373	21.571847	27.051561	22.113548	23.569706	20.566478	28.632577	26.786503	18.352521	25.390636	26.137781	28.532261	23.664897	27.996801	26.589695	28.825931	27.982527	26.667978	28.312075	25.559372	21.667829	15.326980	27.323052	23.070427	18.459675	25.030472	24.790370	22.539835	22.585809	28.818379	28.404093	14.747226	22.244724	24.428951	18.913503	22.711414	27.439671	28.391616	26.949051	19.370341	27.288809	28.286864	26.589623	13.986060	28.654368	20.287486	14.943460	22.344034	24.838681	27.915474	23.612914	15.290544	28.704219	16.822886	17.765753	28.188292	10.311423	16.378694	28.189153	19.249065	15.021667	15.085547	28.582333	28.134176	27.178702	19.503954	15.883643	26.394676	22.469362	25.146841	22.692164	21.042269	28.797485	27.446330	21.237623	15.561446	28.253690	27.896742	24.345425	16.073143	28.232218	25.811066	28.407749	18.274696	19.155082	24.842153	23.477933	22.231224	24.010799	25.623130	20.553467	24.567791	20.251194	11.721131	24.895722	27.657179	27.824988	28.067672	25.299499	27.141795	19.063059	25.262872	23.541258	28.259332	28.445042	11.844784	26.836258	22.049737	26.420997	16.474773	25.768613	15.432233	27.549706	28.199322	22.150529	28.099845	28.221564	26.170631	16.481090	14.013639	17.832377	21.495110	25.231437	26.851977	10.958793
28.815596	28.229738	9.717794	27.740289	26.092349	17.423296	26.735182	26.353477	28.220954	26.901180	28.491421	28.228910	28.329381	25.340935	26.203379	27.316631	27.874249	28.871012	28.093700	22.832731	27.232789	21.135595	25.258765	23.449497	20.716210	26.498068	15.007757	27.858010	27.727870	25.805806	27.363085	26.421379	25.201212	24.201962	27.551564	21.465142	27.955951	28.737702	20.841178	28.741467	28.698519	27.316704	12.942930	21.507044	28.608574	22.914134	17.973829	27.522020	28.663622	26.960114	28.016268	20.538681	28.795276	28.499764	28.183945	23.553953	21.599411	24.036409	19.593918	18.515847	26.066359	26.591509	19.342137	26.983205	28.319838	27.918630	9.345210	25.445240	9.015296	27.744985	12.392170	17.883279	26.393756	27.837495	9.882229	26.775399	13.919224	28.220115	10.111780	19.084423	28.044776	26.857162	28.588730	15.427245	28.108603	12.401016	25.496625	24.467178	27.986126	20.977043	19.642492	9.100014	26.438263	19.315140	25.393089	25.464334	20.608217	24.720234	24.200112	27.896047	15.251029	21.404553	16.688321	17.560746	25.631004	28.031970	27.995850	19.699270	23.956190	27.185965	27.795311	28.809026	26.914315	28.412055	26.375310	11.672445	12.906854	28.775660	28.825333	10.216622	21.134550	25.651004	23.776166	10.095260	25.339335	25.315351	26.905004	27.893124	21.422627	21.968259	22.570739	22.665414	23.908854	22.956808	27.351332	27.688618	27.819297	21.970433	27.910841	28.099804	25.177867	9.751119	24.450688	13.233802	23.996017	28.534973	28.013489	26.147860	22.883834	23.695560	28.409302	25.807045
13.131072	28.555452	28.500645	25.027075	28.516352	28.553125	18.953195	23.939393	28.065794	26.185942	24.140997	26.425472	28.262124	15.390770	13.413350	27.153617	21.145957	26.006940	16.425625	18.111023	28.050289	13.786476	19.118812	14.610308	20.591990	23.985164	28.789072	28.809238	28.240679	26.053789	27.182037	24.927093	28.649316	24.151556	19.913075	28.767063	27.380553	27.691757	23.866284	19.678576	28.411201	26.853623	28.301653	24.741840	25.127207	15.568178	28.157142	20.787476	26.907708	25.884859	25.137599	28.283633	14.453185	21.275653	15.577537	17.875034	22.202855	22.812815	24.665430	23.694482	27.004067	28.016438	28.487399	23.095713	26.838408	9.420306	21.898018	21.429259	25.618831	8.015297	27.589016	25.550206	27.536908	16.777804	25.546897	12.720191	20.550657	27.898094	20.782537	18.785057	23.725780	25.195359	17.213042	23.645442	26.008665	20.089101	25.504001	28.079792	28.318932	23.409064	14.503644	28.107240	28.588445	28.687282	22.382197	27.949474	24.272784	16.342494	24.272262	25.395854	19.857411	26.427135	24.468677	24.739352	25.211316	6.859521	22.789137	24.420502	28.407056	24.000868	27.285631	20.182465	25.893785	27.259461	28.575026	26.861891	20.972549	15.420549	20.333421	28.730839	28.590745	28.267079	23.651699	28.836761	20.056470	28.165491	26.830982	18.643869	20.934269	16.528352	27.205091	18.773983	20.753507	19.030740	22.817995	9.220115	28.753607	27.047516	25.180045	17.169742	28.140936	28.877128	28.057653	28.425243	20.761394	26.445532	15.940597	27.295817	25.359519	26.083584	23.260666	28.580543
25.690399	11.175948	26.440417	23.923849	22.661345	20.463631	21.286527	22.837276	28.022669	15.247264	25.970852	10.323457	28.476147	23.457270	27.883125	24.673932	28.438094	23.682132	20.498397	27.617988	28.204927	28.710510	28.034387	18.610391	15.208837	18.436841	27.621298	17.287478	23.640045	25.378241	28.378820	21.489092	26.458717	22.163520	18.948534	28.713340	28.670591	18.034374	26.948500	15.487018	21.245676	28.508841	24.948488	18.533586	16.667197	16.681884	10.998029	16.679526	27.183395	27.594713	26.696271	28.811126	24.353165	10.386079	24.119554	25.792517	25.432430	27.240234	22.882980	25.668625	16.832124	25.536604	18.763773	16.142323	26.588586	26.832278	20.141446	28.433259	10.291043	27.223308	22.580731	24.695644	18.846497	26.155783	27.369403	28.881992	27.923424	18.688853	27.529052	22.632659	26.411535	26.579660	26.411505	11.760348	26.132735	20.327473	26.741708	28.488489	14.672082	21.300809	28.722365	18.663232	18.248597	17.773041	26.390556	25.623372	10.802469	28.118041	21.933831	28.819745	25.713085	28.059482	27.547337	24.061386	26.663215	26.975786	21.304352	26.984350	22.701803	13.533804	28.563452	28.534417	27.825058	28.441813	25.499746	28.426096	25.894977	17.279978	28.509608	21.146868	24.703185	28.732236	28.557223	9.219130	27.550280	27.570499	28.637642	21.309197	28.426312	22.871115	22.329142	25.600069	26.572566	16.201202	12.897511	17.025110	24.999827	21.073663	27.574309	28.322248	22.070772	23.682111	25.362646	25.049283	28.008029	17.271811	22.269864	24.155870	15.020310	18.426370	15.305876	24.313117
20.543769	20.514332	15.764086	18.695056	25.827604	28.827164	25.127590	28.567851	14.465088	18.755952	25.870618	21.274478	28.497148	28.456514	17.369481	23.112364	20.732281	15.736779	25.249690	17.708853	28.639891	27.786432	26.166351	24.204429	25.133456	16.973377	25.538427	28.829250	21.680993	18.010405	24.103084	26.538274	24.000780	19.527041	21.520434	23.553879	26.599419	16.130653	28.729327	18.017821	27.894582	18.727942	25.387640	24.119536	28.153114	28.802955	24.613500	23.613396	8.475854	18.359601	28.625549	27.215919	26.140913	24.837523	28.404571	26.945928	25.056774	19.483584	28.103905	22.234528	26.758760	23.329298	24.302006	24.672776	27.125453	27.906902	23.981763	22.969875	27.689661	24.122555	28.656549	20.000142	14.987017	25.964464	13.823390	8.388384	27.170210	26.929334	14.330756	28.477769	28.246168	27.540075	15.664667	25.134642	22.390832	27.407238	23.871666	25.985267	24.397248	18.004598	27.583575	16.491282	25.773358	26.570337	28.335357	26.101459	28.874206	27.786565	24.030678	26.534257	23.765016	25.879406	16.237245	21.089146	21.892296	27.557854	24.248917	25.079142	26.677479	20.754130	9.202164	18.759467	21.649955	28.147363	13.602921	26.547546	27.959460	28.301517	22.891645	27.891607	24.714879	25.085323	20.342603	25.012219	28.400255	27.738193	26.619743	15.222277	25.165506	23.857752	27.136351	19.710527	8.713440	19.013630	23.387202	12.775714	23.282325	24.042239	28.113550	14.161493	28.058263	25.986856	26.527338	27.017492	27.877308	16.027342	19.351792	21.429086	14.417076	28.487195	8.585964	26.398648
28.347170	24.934669	14.389623	22.368236	22.334171	18.842926	21.019696	28.535152	28.874150	8.485191	22.345344	26.934972	15.855237	26.150577	27.258775	21.466074	25.976939	25.845197	22.251732	24.973844	18.984861	23.830289	17.106623	27.347591	26.927411	24.748760	23.931813	27.480439	27.967654	26.630203	22.557901	28.765891	24.672908	28.630727	7.923972	21.024608	20.204131	28.087628	13.463116	23.207530	25.609852	28.451405	27.393805	22.491479	26.205738	17.938989	27.758202	27.009892	28.862962	24.849911	24.918306	23.550681	22.781467	21.239371	24.779353	24.604558	20.592953	27.619448	18.508508	17.684377	26.865887	28.057191	16.411239	11.424827	15.680452	21.704827	13.733792	26.116459	27.989964	24.204398	28.433204	25.617597	27.292078	27.409853	26.904456	19.700251	27.613175	20.596726	28.542368	20.514564	27.816780	22.876343	25.762728	28.251021	15.864903	19.611539	21.045053	18.776841	13.507511	26.354257	17.450766	25.955172	23.493889	9.956049	9.903878	18.722236	15.522699	26.721836	20.833629	22.162196	27.834400	21.475704	24.376114	23.068708	22.915626	24.438131	26.239145	28.550726	24.758646	21.167172	27.574440	27.917256	21.985929	28.259948	26.916044	19.718997	13.433053	22.560140	26.754464	14.455458	17.512577	26.498457	24.329973	19.223904	19.866698	24.886017	17.122938	23.193348	21.904434	25.956355	22.680404	27.919253	24.312114	28.577149	28.300350	25.384136	22.249513	19.366873	28.115201	14.986259	23.214579	16.804424	19.004580	27.909620	12.812913	28.296215	26.858525	25.012347	23.796862	17.963386	26.736359	26.569033
20.520666	25.775311	27.745944	26.653038	26.140351	22.430827	10.166502	22.609589	22.785709	12.556440	25.666030	24.009504	27.781471	21.064503	27.269306	21.906176	28.199877	25.682122	13.547151	17.938776	28.642870	14.281139	18.184961	28.031731	24.008250	13.767420	17.030032	26.474163	28.489963	25.518756	28.379303	27.062052	16.846452	14.628815	20.213404	24.435363	27.128065	27.722938	23.250457	25.603689	20.148554	20.947661	28.798929	28.284341	17.764915	25.775247	17.996748	27.632669	18.862648	28.745590	27.456044	21.592568	28.351778	19.881870	27.851085	10.679225	25.414152	22.664262	28.069461	28.830343	24.067696	27.553093	28.047694	19.665406	20.157678	22.332032	24.072000	28.402055	27.700520	27.546149	14.936609	18.086475	8.574878	22.328544	28.526169	28.597055	21.798365	23.900749	24.682564	28.388100	25.308356	25.733771	26.260776	25.667209	17.220126	12.177797	23.840500	21.122196	14.445412	27.170383	26.849613	23.253393	25.300727	19.691896	28.300232	19.645424	10.288871	24.774533	26.422246	20.715925	20.593648	28.415314	19.791242	27.675339	24.809376	25.086007	20.588246	22.160264	19.140514	23.486371	17.702264	21.020742	28.153868	22.076320	25.245280	26.322773	25.162536	15.398694	17.955402	19.067932	20.126994	28.453129	14.788937	22.637692	28.170187	14.725382	12.325331	20.596613	27.411173	12.449052	27.714927	19.817950	16.888836	27.425413	26.102697	24.570524	24.064597	14.421367	14.087649	27.128160	21.437510	27.758645	24.756470	16.595472	28.133126	25.963647	27.226084	26.678209	8.908910	10.360698	21.401379	27.971035
26.756696	25.538770	23.032028	19.122992	26.972101	28.072724	24.911961	25.290674	23.652951	24.501822	19.024791	16.265844	24.389507	16.045960	27.350177	12.225566	26.205391	26.624998	27.797260	26.142982	11.046252	17.445192	22.357359	26.993803	22.753093	26.696434	24.415175	21.899440	18.511188	23.675633	28.783985	10.997429	28.596336	28.594442	27.481680	17.771340	28.715610	24.031225	11.981189	23.081616	20.398168	17.717774	28.045392	25.715644	26.015927	20.886930	19.226047	25.411420	21.262859	28.029951	26.247639	26.260493	28.472624	23.189595	27.770052	21.786350	27.105556	28.856302	28.849293	13.021505	28.104672	22.471906	25.985451	28.074312	9.734122	19.689746	25.908699	27.026082	27.808215	27.704976	28.871424	19.326559	16.180455	15.289177	17.207256	22.047331	25.912219	7.353624	23.926646	28.325324	22.754798	28.232265	27.264732	28.248960	14.816728	28.052210	17.332561	17.531777	19.379157	24.270978	18.108976	9.348850	26.403179	14.881436	24.635804	28.130294	23.191291	23.854434	28.620919	26.716897	17.555866	15.244388	26.596666	19.322859	27.847784	26.025341	23.212006	28.525343	21.935261	26.587853	20.761650	24.577783	16.551946	7.480434	14.381590	26.810730	27.375079	27.906358	24.004072	15.466724	27.713589	26.407229	25.830409	14.872716	28.687166	28.678217	28.546229	22.325728	21.003773	17.991420	27.281529	18.333091	28.229747	21.987720	26.489323	27.519219	21.799233	28.249145	22.788065	23.664983	20.124004	24.573920	17.435581	20.097294	24.523685	15.072486	21.201050	12.573057	22.000752	25.893125	26.364905	25.555831
12.247199	13.346134	28.263527	20.573431	22.456287	28.439414	26.277129	26.560103	26.973865	27.430155	22.752277	28.368431	25.738066	24.873476	26.187483	18.160240	18.175299	27.425293	16.536462	27.302831	7.626938	23.488533	26.814959	28.570098	27.016549	20.518655	28.186768	25.731099	28.650317	24.487648	26.848188	26.196677	24.548190	16.921170	28.539467	27.954494	27.259410	24.567258	18.371421	19.000996	16.725543	25.111698	13.107207	12.985887	27.572262	21.400156	21.176342	19.455237	26.405304	10.800575	28.590701	27.174797	15.670461	23.015504	25.718665	27.433774	28.684817	26.769359	19.906885	11.085638	25.987905	28.008459	27.299155	24.919553	23.198596	20.627457	25.891008	28.808940	24.762175	18.314424	28.327515	28.540234	10.839612	28.100756	27.306952	18.385572	20.724131	27.406893	28.889176	27.263122	28.588726	17.145646	16.093497	28.566728	22.384773	22.088444	23.753520	26.284802	21.822959	27.306481	26.940288	24.137425	27.024381	28.888712	25.453324	22.428138	27.737950	26.966610	17.752223	24.407033	24.510795	28.220559	10.752059	21.131140	15.175448	28.092014	14.072190	22.076776	27.750772	24.613225	14.711390	28.711140	8.671013	25.385541	23.964422	27.771884	10.200578	28.550901	25.797020	27.277794	15.206459	13.720824	25.522681	24.404775	28.497463	24.690031	13.768314	11.911747	19.866514	17.070657	28.845969	18.857971	19.963518	27.374933	26.369041	28.681356	24.415297	25.021415	14.949394	26.900316	26.653456	21.467121	27.635191	25.579176	22.159420	17.797064	27.894130	27.839440	28.871756	28.031469	10.545913	13.954290
23.491937	23.481221	28.411506	24.482443	28.294340	24.582723	24.844047	18.337580	26.531077	17.462328	25.114071	27.654826	19.875755	22.400731	25.698365	26.033055	26.406290	25.336796	28.721311	21.683278	28.036749	16.839211	28.037735	22.608971	28.555117	25.020137	26.583537	28.282558	14.892925	18.656229	26.497665	18.551685	28.852190	26.932337	24.601437	20.647527	26.327502	26.085342	25.577512	28.616083	22.410122	28.870364	15.500616	25.218944	13.309174	26.055995	16.324313	24.590197	28.177790	21.292658	14.968369	17.881530	21.580253	24.853286	28.422831	26.114910	18.627384	26.620099	28.549404	22.062102	27.659372	22.558665	27.190702	19.648597	28.025106	27.186791	24.308215	19.440864	18.337555	21.255258	25.492095	28.086149	28.446287	28.737901	25.141331	26.921043	28.084558	16.787037	26.067784	26.902998	27.838931	22.059766	13.534160	21.469211	15.629044	28.454509	28.605753	25.821415	28.784230	27.474851	21.621180	24.806673	28.710610	26.114611	22.972800	26.016024	19.782061	22.680614	25.402434	28.705446	28.776416	24.982377	20.326004	22.807231	28.808802	23.041217	23.269418	28.762915	26.713797	11.011479	27.191349	15.933040	27.068872	26.504671	26.167043	28.112273	25.827250	19.047559	23.047195	28.577157	20.619727	23.024040	27.555513	15.180819	21.692039	12.052099	27.419283	20.021212	28.489277	21.915240	23.700041	22.873908	11.307842	28.317928	27.571061	27.452493	25.150535	24.111917	24.477861	22.850470	26.029522	28.130957	18.038053	15.419877	28.497653	26.976007	21.076571	28.725481	22.080161	26.395066	28.207918	27.689633
21.604647	28.882508	20.412963	25.906569	23.983491	28.499298	25.546309	27.614174	27.815586	20.944595	27.288210	25.377100	9.224955	28.600001	16.577991	27.011089	22.182304	21.838410	22.235447	26.049105	28.611143	23.035674	28.831089	27.197548	20.542118	17.782617	17.095699	26.404053	22.527809	28.562627	24.880463	28.342175	27.499673	24.349429	21.832553	10.854217	28.775469	26.964721	22.799757	28.196507	28.122296	24.280286	23.766579	26.503529	28.718886	26.761142	28.783931	28.213127	23.929075	23.760670	26.025963	28.866952	27.907963	18.310107	17.237316	28.816159	12.248442	28.505593	23.710707	24.658527	24.684474	23.856062	27.248498	26.453324	25.840909	14.013406	24.966015	13.263883	22.088274	24.479235	28.204806	28.253108	27.483112	23.717520	26.347887	24.148763	28.711064	21.049471	22.349856	27.198460	26.037428	25.678545	24.911423	20.547857	26.060659	14.172235	28.133822	26.517367	26.398189	23.462534	28.333836	20.843347	19.173558	12.371528	28.018115	22.115333	19.187481	16.744140	27.758208	26.973021	27.610201	12.241832	23.968606	23.172061	28.587176	19.157630	23.349684	25.449537	12.826040	18.776820	22.935670	27.958451	17.928861	19.061743	20.879228	24.885280	28.861134	24.446583	25.649994	17.938188	27.444857	27.274709	24.340909	24.180598	28.825382	24.471430	22.849550	21.057933	26.614579	22.070896	20.856543	20.602558	23.985888	27.479676	23.824266	25.124386	27.815109	27.558458	27.675458	26.487011	24.172406	24.912745	22.827642	28.353990	28.840896	26.579137	27.488098	19.938534	21.409708	25.275195	21.293219	28.841947
