0.000000	20.412241	46.352705	44.278199	45.147204	47.450097	34.803018	41.345398	16.431403	24.749292	40.133907	43.118758	46.946261	29.009681	40.501734	43.924209	47.298329	32.811876	43.961176	42.594820	42.765876	46.883790	38.081686	34.329809	47.430473	36.168935	33.460813	38.609657	45.289171	28.680583	41.613733	40.757535	37.240976	25.109289	46.974716	46.379026	42.893429	37.246159	37.849005	20.277501	47.438971	46.776202	41.344805	45.713063	41.625429	38.299578	28.302274	46.949057	29.355957	31.530787	45.063655	45.895411	46.605391	39.058771	22.778616	18.831551	34.102673	40.884348	44.384618	42.548523	36.084829	34.965463	19.596709	40.237617	44.334735	37.718313	35.677983	44.413714	30.626555	36.534479	44.869847	46.031365	42.650801	44.879654	45.014503	41.218886	44.559626	47.194606	18.518052	37.340183	41.794166	23.906799	41.830259	39.282389	47.303411	47.479585	45.103955	19.403304	17.026926	47.047361	43.111280	41.530474	43.193525	47.375094	30.167643	46.270104	29.832036	46.587611	23.832263	46.935636	47.126473	33.571574
24.693849	0.000000	17.955042	26.507338	39.311184	19.160839	36.337716	42.848590	42.094467	27.882630	25.014311	43.713105	21.769577	46.050506	34.588700	20.347944	40.258629	41.214129	44.247923	41.474557	29.545457	35.821314	26.627293	44.839651	30.582296	40.482681	47.239335	33.891625	45.638935	31.685581	45.631194	45.859975	45.298566	47.438506	38.826274	43.796320	26.492756	45.962863	39.016964	34.258045	42.616657	47.097564	44.549076	47.285618	46.963514	29.598067	43.080006	40.747869	42.872886	33.856603	42.300513	44.676915	29.800040	44.987029	29.489591	40.265286	39.375768	23.913281	25.924404	13.347590	28.740179	44.613446	40.470687	37.058611	47.110428	23.476632	34.602705	46.623853	40.182610	36.071706	47.041429	23.002642	44.988656	43.479356	41.951921	37.828308	38.856434	29.455152	36.674874	42.447369	33.221751	46.614198	27.374387	45.028564	39.992728	24.764691	47.073819	46.605521	46.399436	45.175530	20.389837	35.939647	43.092709	46.692238	15.845204	45.973146	42.401761	45.736474	19.864094	43.313793	46.498012	45.154728
42.328517	14.437099	0.000000	40.794131	33.978197	40.611328	46.325793	39.109369	46.643454	46.707580	44.676551	20.630014	46.455621	41.781368	43.575357	45.843446	30.222322	45.508007	46.707581	34.772042	44.827224	19.810947	47.083865	34.452992	29.827445	37.835883	33.196540	42.786804	47.458159	46.842067	37.829977	47.349207	47.418600	47.327410	30.102034	42.807171	29.257882	31.914586	46.561462	25.506943	28.427295	33.507293	47.131381	30.625891	39.930012	21.919734	36.363897	47.308324	32.077862	37.076880	47.356530	45.625337	22.278977	13.692415	45.869200	35.834535	42.971459	25.769762	46.547247	41.678782	30.362645	33.731568	45.420855	43.771641	45.480575	46.901916	43.966853	15.809532	46.224804	34.016070	46.007735	24.539677	47.090433	41.793499	36.333206	40.501203	41.799316	23.482343	10.667729	25.556612	40.490086	21.307762	34.803041	12.099760	46.641132	45.601135	25.820779	47.390394	36.986639	36.463943	27.885859	31.845291	31.592873	26.082051	47.035632	25.048430	29.817770	24.491115	40.215975	33.646784	45.199829	43.353408
47.046147	31.357684	46.355502	0.000000	45.009601	40.418576	44.972997	47.412712	23.110351	44.994517	39.944606	47.138164	40.296898	45.289158	39.631710	25.720020	44.941054	36.009513	33.274329	46.998533	45.720540	39.251776	45.950782	42.932789	47.129275	31.946439	22.827003	33.621073	25.413934	28.019750	46.759610	41.307143	44.479050	23.352777	40.491729	44.494894	43.069430	31.372283	32.517278	16.793729	43.334652	42.490324	41.535526	30.614239	42.410317	33.927751	47.230429	41.111562	42.575437	23.077456	44.492606	31.783910	47.422656	46.954481	41.495410	37.890447	31.776490	33.782424	29.973550	40.888366	29.196161	40.878796	39.510250	40.601465	41.271739	27.441215	13.944747	22.215682	34.324000	46.057549	45.902697	47.014353	35.263971	45.339149	21.796048	33.915419	46.642457	40.457864	24.753158	47.363802	38.846501	18.253018	37.848329	45.940418	46.645786	44.179104	44.113532	46.802046	43.370354	39.566363	28.802421	45.355776	38.679312	46.148556	42.398942	42.622988	42.965971	37.875996	43.388370	47.411303	34.820701	47.036157
17.884251	43.914454	40.961521	27.875570	0.000000	46.974181	36.929673	27.674039	46.425021	36.189362	37.954602	38.619797	43.833513	31.176847	39.073713	40.971028	42.331167	42.934228	44.617343	30.989568	35.470508	37.295696	43.841770	37.458833	41.169136	37.133048	31.843331	14.805452	38.918905	41.253428	35.332065	47.154932	45.951945	28.305945	42.779191	31.488483	44.958621	42.447146	47.015232	47.417519	41.282389	28.595523	41.727633	35.628796	36.567093	27.066092	45.384771	47.243214	36.089671	46.208241	44.519544	39.064072	32.405085	33.259689	41.702947	18.015642	47.014281	38.952676	27.644768	38.167003	39.870789	46.675849	40.451157	46.199443	43.329077	40.105080	44.597490	27.899183	46.513295	46.541440	47.189644	46.364893	26.118725	43.739100	45.234131	37.126206	46.439120	29.270506	19.056341	26.743822	37.747605	41.654288	21.504092	19.962264	26.917163	26.534576	46.095404	39.362413	29.634071	39.896538	44.643265	42.324565	45.638466	46.468063	39.333350	34.213815	35.502223	31.087595	24.067218	37.131650	38.241757	40.775144
43.001800	46.173632	46.164232	36.369883	45.374517	0.000000	47.451264	41.910950	35.119959	34.863373	44.647403	42.439696	42.681479	24.745434	31.015393	46.397020	28.949091	43.202594	47.295856	39.859096	46.766238	34.986296	43.966380	43.381411	33.611360	44.798174	31.926910	40.447789	30.445850	14.410977	46.801407	21.372973	38.906141	46.732055	35.087548	23.013390	33.054703	41.436748	27.702888	38.197327	47.053703	45.043591	42.351718	45.446118	47.431996	30.785105	41.883336	46.510947	46.899394	37.185447	46.246849	26.496903	44.841014	38.468392	23.588865	30.448246	17.155125	47.470242	45.707634	32.015556	47.045886	24.442415	31.486810	38.385097	37.913020	39.868631	30.063208	39.543469	46.178507	45.497349	44.696706	35.735556	21.298976	42.839601	44.414891	28.866047	42.417229	38.980650	46.436372	45.455323	35.499026	44.383478	37.077809	41.894674	32.142063	32.956450	42.737941	35.573503	47.175586	46.768666	39.254308	47.174661	33.184882	39.204420	30.532980	41.778144	45.637329	44.845083	34.484613	46.029778	34.370555	46.029417
39.026753	35.446731	32.797000	28.938091	25.915583	18.442237	0.000000	15.389743	45.334959	31.276161	46.643309	41.162998	29.014724	45.568483	41.461807	26.196481	43.697890	44.137467	38.110164	36.628692	46.992989	46.566311	46.519228	47.326621	29.912837	30.759505	38.968499	20.270302	46.926991	24.934899	46.090070	47.245686	46.835478	42.323292	46.681918	44.807170	40.276537	37.159980	42.808942	42.058872	30.629717	45.652730	47.371441	47.287653	26.549892	44.089858	42.085036	41.519810	40.520459	24.448608	33.176221	40.557451	46.689072	42.384228	45.386665	47.457964	43.270695	44.373610	40.153228	40.257067	28.486809	22.879932	46.982853	42.455471	45.523943	44.516992	44.833166	22.392769	42.688956	45.175139	39.171103	20.047612	42.542143	39.962413	46.536695	46.678658	36.874943	42.365498	47.338248	27.714800	40.223125	44.850099	44.092780	47.246174	22.438753	38.705221	43.926288	46.072738	45.020514	46.896964	43.192996	33.556401	47.239540	47.367209	39.798778	20.442717	40.364055	28.139627	40.071244	42.770468	47.469737	23.528190
45.920356	46.398363	26.083726	17.898921	45.979171	46.435905	17.000178	0.000000	46.749667	37.202929	20.634443	25.648537	41.045383	39.223688	42.806817	16.376872	40.258475	41.787839	43.213502	38.522613	46.199135	31.459044	21.366712	43.250665	41.142049	21.454366	45.986781	38.123483	44.185397	45.448246	47.178956	30.409157	47.053021	38.998398	33.520113	34.458285	38.352796	47.392406	46.594017	36.265999	27.341267	43.016680	41.605451	42.875965	44.492494	46.337714	31.189241	33.271357	45.961102	44.842253	42.344911	46.717926	43.476292	41.450131	40.999238	29.977200	37.625852	24.704238	35.377220	41.134388	46.884349	44.856938	42.129650	44.403561	41.293004	27.881360	44.121157	39.553251	46.743642	25.250272	40.702078	47.489433	33.395488	30.085952	40.946852	36.802109	36.613018	41.076105	45.622579	33.844644	46.479288	26.646728	38.556633	38.339764	44.810341	46.112579	44.130411	36.269967	38.932772	36.041491	37.500541	37.337845	31.516019	40.345230	46.670347	45.832343	42.639546	43.322605	38.489751	35.770964	44.493174	47.030559
29.968359	42.446134	40.604129	32.880482	42.777530	43.184541	46.712258	23.126265	0.000000	43.973832	43.828218	32.000384	25.101524	42.699532	45.269859	38.155544	30.858626	47.007939	27.677030	30.487914	24.740826	47.264182	44.787283	35.432651	46.210604	44.143756	46.777883	46.594960	30.208103	16.130905	43.185550	36.224690	39.737056	42.928035	26.848642	28.757637	46.006910	24.208113	44.925493	40.710634	33.040741	39.526599	41.976457	39.897553	33.060221	18.341232	43.124054	39.816978	44.861862	45.215483	40.649203	33.720613	43.791200	46.809610	28.714106	43.145093	44.553046	41.756602	42.852191	46.137267	41.234071	42.265670	46.965146	44.832182	37.684438	42.236181	18.542428	38.439691	41.881781	47.311748	35.429942	19.577073	25.547577	28.072276	19.171934	20.835782	39.437169	37.756047	47.141445	36.175424	34.146560	20.765129	41.836787	38.370500	36.135214	45.388307	13.868798	46.201544	46.025779	46.429071	39.382027	30.087459	34.700824	42.815221	47.465096	43.547268	43.268560	35.764612	38.883041	34.904291	39.861285	36.247537
22.460632	45.916199	40.187023	46.892769	47.264589	46.981545	28.223968	21.480976	32.722963	0.000000	39.664667	46.639031	41.772205	47.062177	23.710126	47.472293	13.621761	13.081768	47.379617	47.368681	42.893422	47.135058	23.330871	38.835830	39.563245	40.679234	41.520219	36.936108	32.693083	46.685724	37.256583	21.778965	27.689684	37.290205	35.247426	28.324934	27.978239	32.840607	45.542973	21.628734	47.201807	46.108892	36.679597	27.257711	34.611661	41.484180	40.304822	44.707412	36.399895	24.022443	41.254222	39.539217	46.780906	39.941114	45.595089	40.884931	44.699003	16.702285	46.110917	47.009310	40.771752	39.473414	33.977278	44.520783	36.626918	42.532719	40.595181	36.848672	23.288767	31.531731	43.392014	41.635220	30.578271	46.193579	41.738383	47.149428	47.453441	34.224791	47.396017	41.263568	46.395970	35.824372	39.475579	40.134138	37.884339	41.367176	25.971583	36.874225	46.472820	42.257642	46.750598	30.544422	43.524837	41.223504	34.253579	46.268092	36.521502	46.890805	33.369099	47.385792	27.488151	36.329454
46.693115	42.056119	47.411557	42.610576	47.163078	45.852176	38.131950	19.999124	42.429970	45.188854	0.000000	27.270187	40.046932	44.820570	31.787415	32.335059	32.304033	33.872716	31.832055	25.669014	37.801596	23.608376	42.645279	40.533497	34.351376	46.556919	44.352132	45.788093	47.225116	47.021247	31.514989	38.373591	46.969977	46.455317	38.343165	24.650741	46.902252	40.626611	40.152044	44.806562	46.795255	44.348549	29.387477	33.930863	38.624279	47.126197	41.954488	43.575009	42.791811	37.143684	46.700573	41.809051	40.847799	46.473083	45.420004	42.156019	33.891795	32.842114	44.564815	35.773839	32.396250	42.414209	30.416038	47.431875	34.403738	35.310708	43.041974	29.088609	37.178498	42.855283	38.565647	18.497075	40.569670	47.269038	38.828033	45.191131	42.491007	47.091110	46.041984	43.048551	12.993659	28.773035	40.501487	36.194935	30.003457	34.426199	33.249045	37.225780	29.169615	42.348452	45.849282	38.100218	31.894430	36.875458	37.871961	32.899544	32.237738	43.088723	47.162622	47.156904	18.568352	37.793056
20.019817	46.050843	39.426979	22.306001	44.996426	40.456864	40.075523	42.400310	35.819409	44.979127	42.214607	0.000000	26.428849	37.532307	28.681011	46.841772	14.355897	44.825490	43.423552	35.254720	31.717967	47.093112	34.436737	40.455989	46.725965	41.102990	31.692751	25.526750	44.742569	24.052613	42.418951	42.796321	47.400782	33.223194	42.679122	37.635474	42.436178	21.366587	45.617689	46.493197	40.829570	34.839320	33.844130	41.006637	20.561188	20.318925	37.261102	46.565725	33.847313	45.072936	25.249626	32.702235	38.379752	45.456374	37.355945	46.813223	45.524687	45.237005	32.887794	47.116893	34.593068	44.711110	42.945828	35.593373	47.269850	40.190814	45.583753	44.642045	44.241662	32.329304	43.680270	40.002896	46.340185	42.549975	46.889406	47.481055	30.672281	35.605328	21.549683	42.969024	13.055382	39.123438	39.552246	41.177772	40.132654	39.427030	41.044964	45.348349	26.144654	25.929590	41.370241	44.202265	36.354265	35.668282	38.757444	39.985381	44.532596	39.667623	44.058505	45.631678	42.285667	42.774529
20.508872	43.955837	46.209920	46.634063	23.271235	41.936457	46.239317	43.641332	33.458809	42.077074	33.382174	39.859363	0.000000	42.929604	44.986966	44.593445	17.398625	41.118602	47.215530	26.931042	42.402548	32.838698	46.472145	46.939906	45.760771	46.180461	46.130169	44.742469	40.074196	31.423151	40.547100	31.593958	44.958612	46.336853	41.904891	45.587315	41.875757	38.292109	46.398829	30.603494	25.390200	45.330949	43.417738	30.567411	46.114856	43.562331	39.659789	44.409413	40.936493	38.271226	34.137613	36.349615	40.732641	46.969691	30.492711	43.104483	36.372089	38.718975	35.985371	37.789657	43.065513	24.561906	30.383023	47.018502	44.482710	33.009278	44.021298	21.459665	44.302281	32.743533	32.893003	23.454560	28.905782	20.458921	40.902701	44.961062	45.332297	30.931806	23.776664	45.559947	38.176363	47.273235	44.453345	23.560986	13.298285	46.480651	23.954680	47.436223	30.463694	44.125682	23.639302	45.269450	43.525184	25.749679	25.213829	35.383593	41.404091	37.231864	33.132375	32.524819	45.381761	32.427488
34.607440	33.508940	46.198311	45.737497	45.651789	40.980707	39.801337	21.122721	26.665081	41.763370	28.131895	21.340976	31.687529	0.000000	47.077271	39.553917	23.993891	41.650723	44.432919	46.449317	38.411174	42.876437	34.359817	41.141918	35.363200	40.422662	15.055684	46.594626	18.501255	39.038873	40.049846	25.707582	46.371600	24.515939	42.544943	44.037476	32.281116	44.727022	41.220348	31.011007	42.741519	44.891388	41.762619	39.949712	44.449379	43.250492	38.412931	41.239312	47.367905	47.021784	22.110982	35.686783	25.324694	30.134082	44.182393	29.488884	41.780136	39.044326	45.040650	47.033272	42.039251	43.931680	43.701663	35.780504	41.907414	46.701938	30.014279	21.258943	41.240423	43.695933	45.729071	38.411200	44.067324	44.342655	46.183467	44.747974	35.372704	38.361939	25.273271	30.376184	47.133270	45.328886	34.380295	25.285362	38.520181	46.524468	47.255680	42.619619	45.171342	34.806956	43.955724	40.444620	41.790051	38.705714	44.463107	33.872982	46.579744	42.631498	40.527287	47.471847	27.039464	39.431154
44.325143	46.726231	31.567683	25.554622	40.122666	46.970124	38.014788	44.621502	46.492684	39.074342	24.315791	46.992986	38.689931	47.096682	0.000000	37.440262	37.148920	36.072380	46.212398	24.386593	45.340884	29.387513	40.854428	33.255774	41.351446	46.114913	35.106451	43.435764	41.781841	42.524957	32.630171	46.053111	36.970082	47.283584	35.331636	25.518884	27.535019	45.284004	44.343195	44.952971	33.819887	41.439533	39.226941	45.994544	39.172234	16.570908	30.424542	34.941515	44.675107	37.580034	47.438193	30.660199	45.956866	43.716984	46.638855	43.318613	35.902805	32.064377	31.093228	44.501794	29.033410	46.883335	32.070252	37.981409	43.475583	40.365584	30.803965	38.224630	29.943635	37.489796	38.029331	33.202619	15.826550	43.915215	27.126405	37.961997	39.443900	22.867590	42.494560	47.153683	33.676611	30.673216	45.628130	45.797589	42.198995	45.844098	32.306781	30.276702	41.307645	24.760563	44.694644	18.630127	29.240031	43.237716	47.483574	24.660122	35.553858	34.458563	25.344761	31.387524	43.162815	39.736818
31.318251	36.941768	39.690231	40.262504	36.034855	47.331575	38.618794	37.096596	41.521955	28.271020	42.996217	38.740283	44.350407	37.531970	44.084944	0.000000	35.022843	44.244293	34.790029	39.749379	13.285796	43.323304	21.098237	41.847784	44.970598	43.848258	40.761262	40.874567	44.039061	39.531556	42.461127	45.239711	18.255040	40.846295	35.205399	40.637396	43.008467	42.591237	41.400788	43.553134	21.357753	18.568665	44.488759	12.443364	46.469793	40.112833	41.281463	39.386411	34.928839	44.289879	28.702524	40.374328	30.415117	42.031468	36.791424	32.304870	46.781532	44.989292	46.944514	46.091539	27.606996	27.333296	32.188425	35.052613	46.616769	47.385602	45.062630	47.357652	33.018581	31.087778	36.772710	45.751079	47.341451	32.448897	24.432928	15.106755	43.833074	44.311208	25.559166	46.188895	37.831572	47.365919	19.860845	46.891362	43.277319	41.168641	32.796756	46.581504	42.231234	44.107981	47.386578	34.830330	40.806098	43.269003	47.231879	24.898176	44.500874	37.776170	47.034638	47.324181	32.700083	45.830661
39.262774	43.930212	44.030532	42.267146	33.474408	30.519927	43.757829	40.817749	28.885993	28.945443	32.543635	44.137485	43.866298	39.743343	29.374856	44.758683	0.000000	40.332557	33.120531	35.342320	39.327655	35.657848	32.733239	40.031420	22.316982	45.482001	42.233354	44.476917	38.406339	23.858972	41.233276	38.450396	39.727295	30.130227	39.542176	31.036575	36.463061	37.361810	39.126989	33.976471	42.119634	47.452629	45.580564	44.173292	42.641898	39.351676	41.092402	46.908290	43.473339	47.320147	45.030685	29.922886	14.028814	32.181936	21.985268	38.357370	46.530531	44.999785	39.742891	41.825610	46.672155	46.009675	44.869631	43.973023	47.457723	39.941571	40.642233	36.895228	36.545664	23.427954	33.296956	22.565263	42.849153	37.721905	42.368350	40.358683	40.007623	46.246513	25.700935	41.674918	30.968019	28.987734	35.624216	34.549286	43.912320	26.617997	29.971452	47.365619	18.845816	25.601488	47.108779	21.703545	34.371307	37.383427	45.408001	47.044018	46.650625	45.374151	19.566855	19.714973	35.752065	39.990391
44.508357	26.396265	44.729303	31.889909	38.749904	31.990668	47.118377	36.235658	42.078566	47.258762	22.219539	36.644548	36.213847	37.970004	21.049743	42.543032	36.228268	0.000000	35.357206	37.847992	45.172766	42.228378	18.376090	43.970273	39.960840	34.976061	43.507733	45.485446	47.022093	35.687268	44.978049	43.070543	46.243428	21.221714	44.890660	41.287870	39.266120	42.201392	47.424715	38.317869	36.908245	29.067816	41.572166	47.140474	37.368998	41.212556	45.074192	40.086264	35.510316	23.844629	41.091211	35.149306	46.576033	43.352152	44.969490	36.598949	37.552215	42.795352	42.147497	32.668704	23.864245	45.091416	43.893653	36.366138	40.858257	45.439236	44.246349	46.006298	44.980343	44.524787	42.190094	42.353994	41.142500	40.656593	43.774420	31.561014	38.304909	46.012734	44.138742	40.499444	46.112141	39.090684	24.364018	27.332140	38.784467	43.398402	24.437255	40.154837	39.956272	44.972672	46.384869	19.669693	42.165724	34.602528	44.487173	36.806733	22.915326	25.388438	47.300223	37.950148	47.155421	39.210071
47.446540	47.469471	26.382094	38.365074	44.124429	35.510774	40.211358	15.280785	46.739656	21.829136	40.763890	43.619809	36.448856	33.529057	34.946112	39.750760	33.098333	44.631660	0.000000	25.987820	40.617646	35.250661	47.049173	42.344391	45.206551	41.087563	38.244941	19.869490	46.367930	43.881895	25.294631	28.950419	39.042152	40.499065	14.664484	44.229786	44.406079	25.833258	47.119588	42.671629	38.968031	37.550338	47.408016	47.366810	36.083295	39.584330	39.999369	38.624998	45.697762	47.046422	46.643894	37.591383	39.729368	47.159975	26.376871	35.304515	28.433892	35.346894	45.109263	45.487808	12.568129	24.843298	46.242394	30.160281	25.046071	38.763453	37.968541	44.988187	23.251970	47.155056	20.374126	31.304160	31.514347	40.541670	43.104568	31.704331	31.185113	44.416835	45.531551	30.569396	39.252017	28.163237	24.980448	43.123840	46.372523	39.950766	26.602838	34.811799	31.037950	47.131902	46.701750	34.311419	42.374168	25.825582	34.525309	39.969049	26.945885	43.113940	45.177468	40.676602	45.268836	47.005613
25.943843	32.343503	25.598494	45.302239	29.952392	45.968404	47.418027	33.167186	29.506325	47.091884	32.044299	43.614850	37.024960	36.823909	41.891720	46.685196	41.348778	38.671324	45.553960	0.000000	34.084678	41.809171	27.068744	47.400976	27.787278	45.567131	15.526200	30.072406	46.592223	33.243962	39.663972	28.548235	46.665583	45.883909	31.223988	25.711657	32.647645	42.713080	47.381687	38.629210	41.518502	43.875796	43.276140	45.714928	39.069555	45.816960	39.203449	40.985737	28.776320	45.296113	27.402279	44.373103	40.910121	36.378040	37.953402	47.003771	32.564697	31.450370	24.939208	46.281872	30.304268	43.710482	38.944457	29.118988	20.021845	30.039229	46.399853	43.851896	16.897852	29.345179	42.541527	17.819536	42.117467	42.671704	29.316162	45.056204	42.590197	11.957722	38.334367	39.481633	45.269898	46.248561	35.473522	44.849424	45.783901	46.632788	31.055453	37.720335	46.154905	46.117622	22.484642	45.003967	46.444552	19.609903	13.852849	44.395532	30.962904	39.387842	39.018235	26.423248	44.715269	42.818131
46.066459	44.233411	45.427578	39.500647	27.354709	40.079117	41.224683	33.137612	35.366161	43.007277	37.939089	39.754604	42.212301	45.066829	22.733751	29.681162	45.591289	46.871159	31.968774	46.114593	0.000000	39.093806	25.050530	42.625189	47.371507	42.778970	42.901207	43.594931	30.607657	44.321851	46.170334	37.053848	22.727996	41.746492	47.040425	34.356536	46.379746	37.414978	29.006981	46.029976	42.086945	28.237829	27.415952	42.112725	38.842839	40.086349	43.278143	43.939615	31.371654	35.605106	27.148694	47.474795	42.327150	28.599157	29.492911	45.573041	38.426649	40.796061	42.778019	42.997878	27.419459	47.038041	46.574483	39.288159	43.793410	47.402509	16.502670	46.574847	26.826768	33.949061	46.171801	37.768011	34.469115	44.175736	34.360646	32.834925	45.155299	40.305473	43.517406	41.132077	42.748755	29.606501	45.907413	47.207845	40.855149	20.401886	40.018740	35.039539	39.151995	46.122196	44.612676	31.734549	37.501023	28.191248	38.135949	32.540272	29.582043	35.242063	46.271207	43.199490	47.370032	41.414350
39.796702	44.583609	44.490321	26.406283	19.772152	47.185826	21.772959	42.708133	46.422930	40.893730	46.516761	46.952729	23.228389	41.565550	44.766034	42.943291	47.354417	46.441302	38.274484	45.715944	36.240521	0.000000	23.000661	44.175682	38.023990	43.245124	33.848602	35.499295	27.827133	40.667429	45.751651	20.355330	38.755090	46.332442	32.045167	21.187386	44.994033	46.835122	33.807555	46.030400	16.713657	43.675552	47.250511	20.258363	43.495915	35.553700	25.892788	37.505691	45.564418	43.906631	39.473679	45.336545	25.883980	44.617426	34.575924	47.256885	42.369083	39.991036	44.505889	47.041432	41.070190	38.228215	42.478828	27.147663	46.497611	28.640370	46.566297	36.835006	40.653528	41.787857	39.578354	47.352350	46.614441	18.868566	44.419829	46.599248	34.187301	45.390561	39.742083	45.588239	45.704839	46.109696	17.190376	37.220569	25.049328	33.848446	37.691979	40.243016	21.047231	31.286652	30.316641	21.947224	36.043102	32.685840	30.015309	36.602707	38.592641	45.589429	45.629645	17.639552	47.099177	45.927872
41.929413	35.506635	33.254533	22.626045	20.041149	37.353682	41.124696	34.314775	37.890288	46.385838	40.550036	46.727885	32.836912	42.206337	36.225958	36.898107	46.145532	38.805529	24.534460	43.360905	35.991937	21.962584	0.000000	41.631224	37.026160	40.670058	42.247097	44.286424	31.657557	15.702015	27.533344	47.062025	45.509638	44.647808	44.730990	47.415655	22.207772	43.196380	34.091214	37.267118	44.967352	11.885785	37.586578	40.326084	38.582334	44.226763	33.739518	44.883536	44.265341	26.772808	30.332927	37.191420	47.475578	22.672290	45.340926	26.580720	30.436870	37.046072	47.190950	44.656222	46.779943	44.572269	45.530646	36.642700	13.619264	41.759558	47.380934	36.065674	21.965393	46.848481	30.315073	34.972922	37.826497	44.981955	46.321858	35.887470	40.901194	30.552668	44.383939	32.195910	31.349399	47.259557	39.853545	26.073218	35.988181	32.791054	36.430994	34.322991	44.631544	26.874161	23.825804	35.683676	47.126889	43.689962	47.162409	30.366322	40.849851	46.326224	45.988688	44.766267	34.051847	32.831715
39.591491	42.147291	42.072541	38.083608	46.187394	45.176038	33.034322	40.084904	38.518207	30.897458	31.271924	44.136216	24.401169	33.973448	46.268740	45.815519	47.129586	45.050710	47.281152	40.782410	46.159709	35.654569	44.628732	0.000000	29.145331	46.861030	45.202634	46.249768	31.580757	46.691127	40.504719	46.325348	45.312849	36.853689	36.610132	47.247611	45.662955	47.222364	32.245153	30.866147	38.869067	21.408385	42.532381	27.260633	18.964268	44.965777	40.166311	41.847765	40.909024	46.773754	46.535801	39.103222	43.697342	40.073024	46.956897	47.366601	42.865929	26.996491	46.467729	26.260093	35.209757	41.543244	42.402644	41.101545	39.968870	16.239219	46.584321	42.732322	41.054733	43.260742	32.596430	39.107241	37.262547	32.352101	45.407452	27.820400	45.520627	40.450447	34.962197	39.063087	43.114846	41.922561	32.638759	29.862415	43.807071	36.779746	43.935209	46.451334	17.017253	45.749949	47.204602	32.751049	43.991225	18.002010	44.329432	47.103821	40.297840	42.378265	38.733012	47.172613	44.000457	44.529342
23.192262	43.996915	34.873195	41.306962	47.163223	37.747801	38.710080	32.338281	21.448797	37.209374	45.663727	36.397707	36.845198	37.610987	38.003172	46.668793	41.828204	38.656644	17.920584	38.261879	45.520005	45.056448	27.694740	41.805315	0.000000	45.279104	40.988801	45.721661	44.362683	13.960800	40.810372	47.132575	46.084564	37.562760	44.106207	41.678709	46.552282	38.559083	36.309228	36.825327	36.745223	40.785054	23.650859	39.274118	35.612057	39.948775	47.231552	29.886224	33.954075	47.310450	46.897148	43.250272	39.420966	43.455886	45.548143	47.231380	32.213589	40.185552	43.013740	41.659858	23.240889	45.693179	46.852729	46.387466	46.042147	47.368793	38.687274	39.333789	36.277835	38.805659	37.188122	42.708690	47.442518	39.882653	29.900321	43.814344	42.075486	32.572797	47.361584	37.693659	46.323270	40.132625	43.705094	45.613534	35.444143	46.821972	36.921321	45.124372	44.821922	34.339946	16.760065	22.655122	34.891995	32.014610	35.580419	47.449523	39.390691	34.476675	43.210097	47.217061	41.539516	36.561334
40.245640	44.074786	28.580127	19.828258	46.333693	27.133124	43.756378	44.549888	31.318125	35.622979	28.038465	29.608323	22.833354	44.743194	46.011620	40.918011	30.931105	37.846821	39.425173	42.820481	33.256976	17.762583	47.270849	46.779033	47.488418	0.000000	43.764505	44.198092	35.917153	35.290256	46.399690	22.078936	22.162674	45.065665	36.437482	33.684170	32.744620	42.995548	42.959392	42.428388	42.888923	43.301063	33.533607	33.877066	45.698241	43.479985	28.014384	31.972349	20.058671	24.287519	19.994808	27.965227	31.777498	33.727550	40.251322	39.333156	46.017077	46.649972	31.059072	23.625667	33.427166	44.072738	42.935836	37.313217	46.733896	29.671406	36.622982	41.431201	45.733513	19.434557	43.185095	35.372203	47.096251	21.625122	35.276738	46.809814	46.771729	40.801643	32.162255	23.633419	44.779496	41.890988	33.282741	46.219143	39.480373	43.016399	40.781767	31.521532	45.516352	47.262009	46.304798	46.275968	43.192726	26.539190	32.773174	29.807831	29.579101	43.634949	44.556238	40.501297	21.453967	29.972120
43.817447	43.506737	32.742108	43.729516	44.608582	47.308763	36.238285	44.406896	41.285091	45.553325	44.345973	41.758633	44.714796	44.178513	38.815639	36.919194	42.952404	31.271202	45.702277	42.664964	37.376735	37.868281	41.883118	27.301798	27.170062	23.996605	0.000000	31.740174	47.415272	32.823939	40.408601	36.968299	40.706815	39.559653	30.002133	45.686477	32.461334	44.012499	23.470602	27.753596	47.195899	39.460585	24.195131	46.153400	46.843854	30.950087	30.297868	45.142354	45.291160	45.935193	32.106316	41.626255	47.398528	45.928286	38.651204	45.881018	42.045616	46.520990	46.380157	37.073497	39.106592	44.853268	41.785410	47.294302	19.037168	35.042266	44.489504	37.803549	35.347941	37.557526	38.198211	30.473016	43.498923	44.510247	30.719789	16.543945	38.562751	43.867436	40.123680	36.593985	43.212496	40.924835	19.348724	44.003098	47.077520	41.668251	40.299323	41.705958	41.970939	42.275927	47.032953	26.809707	42.395067	47.004616	41.944086	42.777366	36.719577	32.456142	44.225980	34.300558	46.675119	46.871156
47.222136	42.636037	43.758875	31.856272	47.040289	32.454044	35.481414	45.211115	43.942122	43.733293	43.395205	28.230280	39.705722	29.240050	17.201503	17.704825	30.720179	38.286030	46.949153	46.021568	44.854342	44.256475	23.375167	44.176440	47.309216	45.120612	37.476925	0.000000	38.290330	22.724340	45.598098	29.762780	45.191064	31.438438	42.661704	38.395318	42.177311	31.243403	16.541063	46.249150	42.516659	32.773686	43.293005	45.642438	22.441855	45.843591	36.044763	42.472559	47.141119	33.191687	29.329578	37.383235	41.817349	41.107808	40.010950	40.799551	47.332866	18.924569	41.381055	41.160282	39.097045	30.489658	41.674476	43.920166	37.238150	28.450609	19.380731	43.845038	45.930999	33.419550	46.700126	43.753214	31.315550	35.514673	46.902369	41.791670	46.325593	30.729780	23.826197	43.285469	46.208777	42.009081	29.563141	44.610120	38.227937	42.336845	35.060492	46.565728	16.989509	47.366363	30.263167	45.233669	47.447647	15.941045	19.716063	37.127597	38.105710	34.932007	46.423604	32.437416	39.372087	42.931454
46.708318	41.602073	35.971343	35.465218	41.210332	46.501073	43.967712	47.297809	43.188081	28.295740	46.303622	25.676655	36.140663	47.255159	41.631867	41.787698	43.890259	29.826274	47.193087	47.184586	22.562100	37.538931	47.027421	45.959749	33.510551	33.712286	38.785589	35.199341	0.000000	36.904502	36.418012	45.239846	47.040630	36.084949	46.496344	45.239688	24.400337	24.212378	42.623770	45.288459	39.534684	18.133996	41.497902	43.163635	40.405796	45.203153	13.825824	42.515212	20.381771	32.954050	46.131681	43.189228	39.493270	39.366859	39.384962	46.147870	28.636891	41.573987	44.556400	46.956272	21.537551	46.834789	32.113417	43.801498	42.395478	43.927986	39.210443	47.465532	23.340456	41.571127	45.202765	36.780182	42.706388	45.592346	23.241372	32.099517	42.606230	46.273808	45.858665	29.201616	22.897065	28.133095	21.249654	45.528435	33.896632	31.129901	19.096548	46.263684	47.028146	36.364093	40.450886	19.757999	21.253850	45.074556	45.484983	45.989215	37.889338	46.481565	35.203774	39.394982	23.505911	42.217837
36.377612	46.694457	42.320649	45.922066	27.440137	21.649059	21.833200	47.446249	40.890625	30.042503	15.098582	47.187960	46.311496	40.971031	40.609869	43.912312	41.953956	32.305998	44.130823	35.159354	41.889445	45.696601	44.855600	35.493165	46.141682	18.566367	33.842992	26.237874	19.996128	0.000000	29.691209	46.801042	30.650187	36.764512	34.445477	19.929460	36.650802	39.597869	46.322893	42.394134	38.721965	42.386806	43.332360	46.492716	44.633227	35.575213	29.591655	37.841973	31.391089	42.161519	38.366364	45.308425	18.661390	42.242904	46.581012	42.880160	27.718473	38.736800	37.147726	32.868328	45.516610	38.571063	46.373864	36.044422	22.466319	40.583921	31.200681	28.507650	45.482335	18.370103	30.723764	45.557392	47.489426	36.100132	47.053828	33.363291	36.403690	29.349659	32.040231	46.935905	46.413987	40.209015	27.030823	47.104427	35.011161	47.179406	45.766026	27.444678	40.198216	25.909882	46.285420	22.634585	44.328900	34.099971	39.094503	37.622777	46.782450	39.047636	32.120609	45.219523	35.549493	25.441318
11.016693	43.154262	45.490319	45.654179	39.482910	45.782664	45.322188	28.069825	32.935701	38.491081	33.014159	28.935377	31.625340	30.647494	34.126012	44.878836	31.476165	30.419862	32.329689	30.232469	29.151875	19.709496	42.877627	15.830518	46.784435	41.482759	30.581674	31.213815	44.180640	40.292399	0.000000	42.660478	31.974189	43.638940	30.010099	21.137354	39.474578	46.868533	39.987854	42.692324	41.894363	37.133199	38.933967	47.202591	39.770681	39.883237	45.292311	47.183436	37.909038	36.985441	22.931438	43.119801	28.419980	42.151246	21.099971	43.075515	29.642723	46.486609	24.336954	44.432703	26.332016	46.517232	45.953159	43.354211	45.846203	43.577538	47.471864	41.010847	45.426690	29.032697	15.777531	47.446421	41.034406	28.065843	43.080823	47.293156	40.955417	42.507670	42.263197	43.966037	44.570712	45.375786	25.721570	39.263013	30.134442	26.617111	47.002271	43.710627	13.838943	45.961899	40.839505	28.507582	47.360101	12.244866	40.319367	35.719111	33.558469	41.920895	43.001973	46.618430	47.195445	41.310406
46.588887	45.715014	40.822384	46.167281	40.095725	28.828810	46.438219	46.510386	46.854039	47.404928	46.736609	33.194228	47.479204	39.421180	43.985151	19.768358	42.090828	37.373156	42.210166	46.396723	45.953610	27.534910	46.893489	39.963010	20.262008	37.088878	37.756084	37.355593	19.421032	47.395642	34.623447	0.000000	30.316651	47.183214	37.862821	28.475226	31.522081	40.843804	45.020449	43.212249	40.569336	22.101861	14.657119	41.049287	42.791157	34.174786	20.980113	25.859427	47.243721	40.488007	20.140885	45.125652	46.974032	26.361724	11.160890	47.036698	42.030742	31.562729	31.645563	41.266568	45.754484	46.197404	14.749360	39.404883	24.047922	35.944254	44.566453	38.864633	19.691225	35.855487	36.581866	23.786838	46.749614	44.488472	39.062599	43.523691	46.596884	47.365058	38.877480	26.468514	32.364964	40.821500	41.822229	29.048240	46.097069	39.861845	37.409355	46.058098	40.054817	35.504578	46.899288	22.059814	43.677511	46.470193	46.850089	43.123109	43.019703	38.574307	28.594020	35.259538	45.342719	34.761454
38.477323	40.273052	24.512042	47.114478	37.480179	45.500811	46.731234	34.744809	41.454719	12.797260	26.279551	40.151773	26.252241	42.830612	39.079799	35.272299	46.153213	43.606215	35.804947	34.094384	44.914483	37.124691	46.144028	42.237250	28.098429	36.680838	27.413763	39.540299	29.685146	45.613427	34.080994	39.460488	0.000000	46.852090	15.859607	39.224548	23.463744	47.048037	45.095856	38.701694	36.650819	24.383596	38.330212	39.402045	18.924637	43.191382	31.186690	42.130314	45.907594	40.872879	47.162024	42.896824	46.585017	43.178790	46.537632	47.328500	18.687916	36.820142	26.172350	47.196422	44.637696	34.447244	40.247957	47.061923	46.095876	37.710644	41.444432	26.214592	45.830714	41.940538	28.328653	41.683333	35.550950	34.988237	36.736540	43.629807	35.856314	47.437285	32.752099	35.889058	41.091575	46.529058	23.929150	46.038450	44.788623	32.453528	42.357820	43.726490	44.520305	40.502090	40.189678	42.834688	47.485966	34.451126	46.736487	21.997966	32.866023	44.271969	22.006086	40.097200	47.326354	47.478017
38.803065	44.787555	45.757863	43.800261	26.310564	32.406100	46.426457	39.814881	42.613752	37.835504	46.343825	23.155246	42.637622	46.472504	18.637046	43.736174	22.217389	38.367164	30.631181	45.277841	41.465686	33.006976	27.031382	36.866416	40.810213	31.903153	28.010155	46.721236	37.738861	23.224809	39.734636	46.638191	47.306807	0.000000	38.833408	47.259057	15.597831	44.224880	46.078459	35.036132	32.289139	32.117200	35.230504	38.583809	44.758757	41.191688	39.162150	44.211771	34.983018	45.087801	43.414317	24.615263	47.330095	43.568248	46.965010	16.998128	46.789682	38.084223	32.894630	36.674977	45.083938	45.301713	45.694166	45.379015	15.988097	36.996431	20.516696	41.419836	42.034218	42.446080	42.967043	46.319471	34.810866	45.192958	34.897713	47.390992	40.281955	37.566571	18.079702	44.761163	44.573986	46.539267	39.290827	38.538940	36.934670	35.390649	44.338098	41.570100	40.011967	27.525576	44.071892	44.136938	42.001721	14.727744	46.943563	45.614514	42.203442	46.454098	24.468197	45.610930	47.109346	46.963762
41.038769	42.064809	47.479291	39.519266	42.017356	30.944058	37.617882	46.627465	43.785107	29.443034	41.754508	37.700504	31.794393	35.735578	42.831162	40.728212	45.588241	44.699868	34.688859	31.747372	40.416335	46.113453	46.989397	15.045342	21.767994	45.288051	35.031897	43.291582	46.219581	28.824740	42.151388	23.380343	44.219807	46.607782	0.000000	46.522171	27.638440	30.210414	36.565941	46.543542	37.831314	41.650754	45.739443	22.182765	44.860517	28.040377	40.756009	28.713748	20.147214	47.321995	40.931258	42.421430	33.631193	27.272245	44.998751	46.872912	46.965415	39.556490	47.489087	39.767204	22.381153	45.700618	23.277044	26.690795	45.720821	38.458075	43.283027	38.545905	39.909117	31.306792	41.306996	46.274557	21.855742	43.114479	40.859049	29.469862	15.137231	21.283478	42.190911	37.615819	20.478856	42.813641	24.026714	36.832128	36.146543	27.680181	38.213747	39.771690	44.297530	45.748712	44.956873	31.213549	25.883864	46.952604	24.063267	40.447769	46.807535	35.054155	36.825985	42.036126	18.141460	33.835943
32.905131	29.220404	46.911756	38.420956	47.429001	40.219376	39.893299	44.702481	47.213427	45.349362	29.434644	47.149538	42.613227	41.328917	39.691162	22.425577	35.782192	43.016561	37.094331	32.295754	36.734248	46.989182	36.067344	43.981288	47.482598	26.139025	46.135034	37.538274	26.751858	47.024724	45.117039	33.253374	46.249800	43.488144	46.461673	0.000000	46.192019	40.800286	40.207067	37.375233	45.162109	46.979311	40.638783	45.396434	22.141305	46.046733	46.602667	41.892763	39.935671	35.538675	45.451866	33.396662	42.913708	45.341056	40.746520	27.791697	43.145610	45.926628	46.925122	44.551575	45.903931	42.022710	32.947622	37.031726	19.807664	41.347859	31.238176	43.530949	27.254274	31.084879	46.214904	32.842946	43.034868	46.550769	28.066964	38.111644	41.990669	44.481831	34.837903	27.362396	14.962474	27.787645	20.860898	46.660363	27.735914	40.034545	30.101868	35.945156	44.616828	45.206669	34.586694	42.714755	39.788954	33.973175	28.282972	25.434614	35.993840	22.959059	44.666793	38.314897	44.891831	45.019971
13.574099	42.409729	40.608242	44.713964	40.447187	45.611081	22.934470	38.435290	21.717486	42.862340	46.044742	33.598382	39.957779	45.445174	38.915560	47.397351	36.378476	20.649766	42.211583	41.957983	33.219953	39.625029	39.683960	19.639677	47.436457	39.531531	40.091483	40.419845	42.901970	28.445267	24.398814	41.703287	35.891609	41.171952	36.781256	27.310154	0.000000	25.427504	35.427674	22.687742	45.943778	47.336172	29.621684	18.620281	24.297242	43.335818	42.485690	33.445046	43.268830	37.414046	45.405896	31.526947	18.794388	34.931057	46.792646	15.791640	19.135374	47.457221	46.287713	43.028824	37.995105	11.738942	39.820957	46.663780	43.854604	36.483679	11.979971	43.078258	23.621186	47.248517	45.617536	40.581537	47.270636	35.324780	38.592085	46.560712	24.897702	27.792098	42.715716	27.927180	36.607625	46.147355	33.489854	45.300113	39.114293	44.536878	41.812749	47.472130	36.219155	43.217269	19.348067	36.763608	28.945901	44.135250	35.874567	46.225634	45.774750	34.773815	42.398752	45.973265	43.486121	26.452043
46.862755	45.522193	46.138985	40.750630	42.443504	36.721138	32.760822	27.738521	32.610385	38.075309	43.630694	41.793785	43.872002	28.122562	25.612413	27.452326	45.188385	36.128580	41.175607	44.547946	28.347025	46.377487	22.095234	28.924769	46.541627	31.221744	40.692282	46.763142	21.503501	44.880108	41.925035	11.502572	43.142676	29.633044	32.110222	44.501117	47.011334	0.000000	31.423459	46.710719	33.746561	42.700048	47.184386	12.608147	45.517156	27.602344	34.276604	24.048076	15.214200	39.997657	46.162206	46.081422	45.929442	43.325557	31.840867	45.296672	33.863873	46.078583	47.291586	33.574032	37.839256	31.194366	46.909881	15.836850	45.699031	27.420448	46.144879	33.549064	39.465424	44.553765	47.259765	40.440382	47.446618	46.318974	39.540728	44.103775	45.795144	46.658097	43.135406	44.908854	39.384680	28.797734	46.663720	36.288838	45.022210	41.991700	45.629416	45.104310	43.261744	44.686987	27.707041	42.767796	20.364883	36.434628	42.830711	25.893833	30.040763	46.901144	42.429799	18.403759	45.741959	40.766306
45.253660	39.514305	24.001359	34.163613	47.472160	31.583730	31.995191	39.343025	27.813599	44.951900	45.584976	43.627913	27.383831	47.444553	43.916594	38.541269	30.404873	23.086641	40.570872	42.761340	46.227783	41.130696	26.611862	37.387282	39.401910	35.629327	44.052063	43.270076	42.226635	47.120656	46.953164	45.437668	47.378198	27.272508	16.558652	46.269035	21.731712	47.107317	0.000000	28.865481	44.111448	35.601487	20.409418	45.130868	45.269946	45.031181	42.355370	42.662976	44.934696	26.313225	47.009836	38.299566	37.283945	25.268573	43.080354	45.329359	42.097410	47.053472	40.491050	43.048358	29.250715	45.259816	37.111127	20.438944	34.597354	46.910228	33.792763	17.678331	44.107951	42.520268	40.872057	46.347890	35.202758	39.811694	29.374503	43.357371	44.750209	42.666733	33.140491	23.763631	38.199075	44.285798	21.650170	45.106518	36.020823	47.229133	46.873734	22.983707	31.543337	44.540102	29.178465	47.101112	23.910860	31.629343	43.814955	44.241153	34.314155	44.032384	47.365505	42.824134	26.936619	32.116739
34.039978	46.366920	37.321787	27.912599	28.924403	44.909391	21.883439	45.923238	46.765322	34.755914	42.969459	29.433192	41.012494	47.441405	46.152414	39.765458	20.454356	46.020534	46.689199	25.032280	43.573834	42.810709	36.705341	34.000067	21.790026	36.955902	24.779540	46.442409	47.204519	44.941985	45.222687	17.180619	44.610369	26.499953	46.700862	33.443244	42.248963	36.632711	17.953096	0.000000	22.015521	34.771959	43.202769	42.006885	39.440135	33.687704	46.570619	38.150330	43.774802	46.860732	42.366130	28.792123	35.311066	44.171396	43.900343	38.338591	35.311715	16.443995	43.639827	34.479499	46.385069	47.481221	46.347863	41.893946	38.737583	19.893955	24.651414	28.899135	30.227161	33.776512	45.182184	46.623319	38.274803	42.009965	41.557864	39.393678	43.897307	42.109314	42.604321	43.435622	35.174934	43.627847	34.916103	39.054678	46.907876	36.902690	35.637157	44.304577	43.187203	44.081923	27.241304	41.331852	32.690711	22.320744	39.169149	43.131877	33.849505	11.771265	46.939331	46.547796	42.839070	27.166798
25.108024	42.533547	42.308880	21.360657	27.610926	45.022092	25.508235	23.061784	42.459716	33.737533	26.151287	47.280066	43.833991	43.733560	44.239925	38.505059	44.284614	41.915169	39.547325	46.045285	45.192624	44.392535	46.090726	31.758727	45.984581	14.528796	46.111299	44.057579	47.452505	40.194427	46.536795	45.631677	37.367478	40.233656	23.224095	46.285948	28.347887	39.746139	32.996798	17.475189	0.000000	35.050628	44.174703	41.264514	41.659520	31.541127	43.447611	37.993994	44.462061	43.619900	12.185354	25.312018	39.331869	39.956309	14.484842	42.939838	31.988318	32.110453	47.034881	42.940509	18.262012	44.603783	29.612595	47.429492	47.370921	36.363865	45.254750	46.021638	45.845890	42.599638	43.252389	23.580285	32.496038	45.959499	45.473397	33.496304	32.204568	32.765536	45.850190	45.835793	18.041707	34.422045	28.434447	39.909786	17.674465	20.073964	46.279213	44.909875	39.266702	46.173637	36.353049	40.937057	27.486549	22.509783	44.737741	34.367983	34.487105	23.384064	41.672732	41.751498	44.555646	44.910605
40.491972	47.225537	39.235187	38.025280	41.224928	24.638722	29.481657	21.964163	35.746185	27.947797	41.913789	42.539849	44.731302	41.497511	47.039799	31.911706	46.408824	28.240684	30.467667	42.814988	29.703621	36.926364	40.689025	32.084609	44.656277	46.918506	43.412790	32.124572	19.901498	43.441755	40.601199	38.587769	46.487098	47.265212	37.797318	46.642570	35.537428	46.412671	40.160065	18.420616	39.830746	0.000000	17.340271	44.618021	44.984926	46.107773	46.274914	35.339236	44.092718	39.475238	38.360565	36.751552	21.931006	45.661329	38.126941	35.191686	46.533894	43.057887	26.150064	44.135794	23.043892	43.758382	42.289354	27.677854	46.292248	46.498643	43.147070	43.309352	45.047151	42.632418	32.431652	32.995873	46.754358	47.458095	34.313962	40.794885	45.013191	45.500997	33.137181	42.092556	46.589567	42.120938	40.706948	34.083425	41.878694	41.650577	41.747963	44.231134	28.722224	32.883644	38.734011	37.841126	37.754030	45.157259	41.343997	44.417446	42.927570	38.998481	39.303266	38.802394	31.292622	43.549789
37.859769	16.481023	43.570853	28.602986	43.973588	44.326119	37.726474	47.434258	42.216986	46.280324	41.062798	26.121099	30.612522	31.596496	38.819645	26.150617	17.530639	41.326988	40.765093	24.316520	46.550492	44.081031	28.191237	46.450657	45.993284	47.424220	36.145562	41.528258	42.364006	36.921736	26.537470	47.408129	32.446560	34.475457	45.463415	46.767699	44.937233	34.267488	30.398136	13.809133	29.095556	43.134619	0.000000	32.191066	38.149424	22.669243	15.402328	25.719977	47.343274	21.256442	44.562813	43.204720	31.669975	46.482362	26.929185	32.147929	35.198468	45.119422	44.007220	42.543398	26.013520	38.005877	26.320157	20.474769	35.108848	26.840691	46.831906	34.825848	36.091628	41.056467	37.001545	31.447639	37.836382	43.100503	44.644596	24.169904	38.046916	30.579581	18.579759	39.922052	47.433557	25.417055	47.150427	18.776479	43.410159	42.484796	36.408451	47.405981	22.692287	44.879157	25.659749	30.640318	19.614800	34.154030	32.304515	46.940904	32.343686	28.515163	44.587365	47.360334	41.150769	41.177810
43.557832	40.946773	17.057857	42.259559	43.383833	44.709123	43.366424	36.119891	45.464025	33.128354	36.106751	35.856309	39.280644	47.106000	14.807640	30.721413	40.367025	38.215001	34.829329	14.804257	40.385417	30.057050	43.818943	30.601378	25.734510	42.852066	44.173168	37.359845	42.033267	45.632386	39.132073	41.675436	35.341098	46.567467	29.665405	24.767163	44.387606	13.767067	46.897117	37.764079	40.048410	29.007531	17.545701	0.000000	37.542132	41.320948	28.633763	41.328618	40.097050	10.638219	47.397401	44.912961	31.887470	33.509918	29.796161	18.674903	34.838983	37.387920	15.087446	46.839510	29.774695	45.886653	29.479794	36.430729	45.949332	44.166617	35.594325	42.013796	47.055958	46.619184	28.781483	46.923951	42.946205	44.597978	42.912642	45.973092	44.736042	36.545411	45.275509	46.263846	44.396447	23.543156	41.274570	45.995082	41.885269	32.725648	46.077127	36.825472	45.338931	44.388873	39.837533	15.832022	46.963613	41.849161	47.123998	44.336679	14.782103	33.696273	43.616503	24.098282	45.732576	35.487889
32.012950	44.940270	44.689750	28.936537	39.666666	46.662207	40.489384	42.886834	44.519655	34.508148	40.350528	18.750868	47.168838	33.161752	38.228289	43.252189	34.276767	46.383689	46.356008	32.551037	42.137763	47.255306	21.092311	19.992175	42.333409	37.110175	44.406524	45.754811	45.222584	44.017803	34.067205	47.140681	42.818088	46.369764	47.010363	29.531221	35.653663	42.905063	40.694167	47.195056	34.345213	44.955853	46.556317	28.949046	0.000000	39.901006	43.973261	28.191825	38.302160	46.104820	27.887782	32.343946	26.412917	46.633251	18.546253	33.345496	43.973888	43.262903	47.053591	47.366955	36.904216	46.963522	17.896965	43.038737	47.400030	45.801692	43.120621	44.206100	37.581088	44.018758	46.925356	27.846113	41.107756	43.129554	44.175012	43.791383	41.109536	37.315292	40.125047	42.149056	41.496292	23.475737	47.270368	34.831588	38.012215	46.423472	46.252522	28.863523	47.074841	44.363050	46.087343	43.475627	36.039623	29.084197	44.651441	46.591439	28.679199	42.444766	26.994910	41.439030	45.426967	32.135865
33.970371	34.025274	32.527251	30.453901	45.889231	42.675761	47.441250	39.930202	42.338708	45.370011	47.170575	42.499871	33.365777	47.044084	34.151584	24.284114	41.603135	42.525433	45.725186	30.830368	39.658810	26.076779	41.485285	44.143406	47.314986	42.622846	46.704335	25.580803	42.823045	46.562401	45.524966	36.124964	43.631679	30.197680	44.190215	31.022401	47.342495	29.743861	46.718871	43.869132	41.605210	28.452221	38.553201	41.855379	42.767507	0.000000	44.398963	18.575490	46.992580	41.704538	33.364629	39.955469	20.917536	45.631948	41.463480	36.088286	47.161557	46.136921	43.720456	45.648746	27.225506	19.735862	47.288648	25.721851	43.189390	47.436939	43.213566	47.029196	43.654885	35.552515	44.543877	38.848862	41.232124	46.911355	31.093326	38.479131	31.232494	39.617371	34.562951	21.506047	38.016173	44.650764	20.381278	40.801484	46.846186	46.170793	46.521679	41.921995	43.262955	41.229105	20.829742	42.525359	29.351164	46.408041	24.333631	29.857911	35.760265	34.285383	44.142630	22.801527	35.067344	46.101226
47.232961	17.598269	45.615675	40.135109	31.182346	34.849224	43.725287	36.977986	46.072400	32.470014	47.367931	44.298044	44.846511	26.799507	40.350228	43.377475	33.101205	46.931165	43.132811	46.912337	32.795413	46.759235	41.547810	31.550763	47.386968	32.672672	36.941938	42.138932	28.492853	39.859516	42.429412	46.863456	45.378210	16.634945	42.758175	41.150227	32.134519	44.217474	44.221208	39.042216	45.232611	46.885869	46.771375	41.598201	40.596816	46.225387	0.000000	46.682370	30.733531	45.030473	12.167307	38.394468	39.365358	25.624620	44.919067	46.392053	47.405602	43.183014	45.407660	38.343928	37.128251	34.417371	43.542432	40.646987	46.945097	13.672072	43.172150	44.089652	42.995275	38.706833	27.085213	45.451015	19.742198	15.059090	47.131140	22.497809	19.352682	38.483171	46.052648	40.024482	41.552261	40.110540	46.342843	23.653341	31.003750	37.751524	43.662845	47.084288	27.612891	40.593518	42.291212	24.254197	45.766714	44.887369	22.466154	39.501274	41.889124	36.317105	38.755676	43.255767	43.482315	46.968101
30.630574	41.041851	27.891922	46.435768	43.493964	41.309694	26.844072	41.055055	43.915341	35.867163	44.689154	33.259421	31.652564	22.770276	27.728521	41.389353	46.440112	39.813956	43.470028	47.155039	44.458410	23.659718	36.893201	46.830041	30.500099	37.848469	38.268585	21.583890	40.690085	29.258116	45.460257	18.695880	27.267496	45.839114	18.837428	44.004096	39.524984	43.993257	43.365105	37.729396	31.939626	22.730149	42.458467	29.243994	47.248288	47.290637	23.884191	0.000000	32.892360	31.137063	43.701122	34.154841	32.688450	34.266173	40.417976	46.124678	38.794620	44.797699	46.695295	22.678303	47.278025	27.390521	46.278147	12.474734	44.110094	40.041149	27.654170	33.307207	30.632125	45.906088	26.432802	45.510574	39.958778	36.383000	42.332270	46.269845	27.533490	27.429611	25.613853	27.719074	41.402076	47.431857	37.599540	20.251880	33.988315	28.482008	36.699336	36.308475	44.208704	46.769266	18.530024	47.293153	46.619492	11.560017	41.734591	46.428851	34.283777	31.402208	47.287820	41.710371	31.040154	35.404574
42.123451	45.332045	35.660778	42.130866	44.002206	47.144384	45.749089	39.186796	47.364590	47.238438	45.077311	28.014979	39.519857	45.909770	27.369753	27.380052	31.095405	45.453361	40.454908	18.923245	42.239555	17.521113	35.994663	26.434632	43.473301	30.515153	47.205465	42.182590	47.131629	41.953416	40.223667	20.202590	47.471880	32.610749	31.411664	42.991481	43.295970	44.106463	41.824297	40.111436	45.000141	29.129130	45.081699	21.273650	43.521331	36.126306	45.120800	46.883097	0.000000	32.760018	39.290423	35.509193	46.023055	42.651432	21.693956	29.948487	34.402400	47.167188	42.798228	31.560767	33.602829	20.584670	39.824953	44.899522	37.921687	36.161759	39.394309	44.282575	44.442787	39.122816	37.146481	45.705805	30.891756	46.046998	47.120059	15.057168	45.665925	44.205037	25.320407	38.554468	28.532726	42.641164	39.238612	34.552441	45.825149	41.270501	41.751135	30.935933	45.800524	25.216036	35.693877	30.915878	42.736996	40.333987	40.663008	24.721744	42.513523	42.370107	41.933373	46.237356	36.752288	46.592082
34.976119	16.811417	40.502933	34.725709	46.113628	47.289762	33.184297	45.243381	38.607812	26.604303	38.467912	46.518781	38.777126	27.829024	47.292508	45.338014	45.813712	19.262800	44.653365	34.725752	47.150020	45.532690	41.394983	46.556501	41.018026	45.103955	39.811269	40.306236	46.452206	27.295146	46.653897	36.883433	41.349081	37.853103	46.205632	37.058434	41.771861	44.268904	46.911374	42.525631	32.010156	20.085313	43.695267	46.291014	46.856450	43.475830	36.608942	45.901631	38.270055	0.000000	25.489344	45.309665	24.766410	46.719398	13.328252	47.298529	24.053022	43.602439	45.505218	39.789869	28.664433	44.134383	46.714200	45.829349	26.557199	35.518296	45.280889	33.220649	41.906109	45.985076	44.173399	43.026632	45.022177	44.556187	43.761625	40.717358	44.240939	36.776269	36.597057	41.647196	45.959298	43.106297	42.430796	33.728989	44.447350	42.001074	47.150540	37.884048	33.447208	44.339841	44.209064	46.416409	20.142985	40.025721	16.259606	46.625336	32.322180	39.510748	27.827248	20.401747	20.458293	41.414489
45.997724	44.023205	34.147730	44.164320	25.806030	39.986313	47.274430	38.785745	42.338793	44.392161	28.804305	36.470396	44.853783	36.760948	46.397987	45.792098	39.663321	34.021351	29.425240	47.200209	41.601622	43.847452	39.841598	46.942423	37.897539	32.217995	42.232672	40.271438	28.168281	46.831217	32.695281	46.992534	33.740077	38.498125	46.176612	40.082185	28.614286	37.003645	46.157410	44.457875	13.528531	39.879989	40.921455	28.663035	16.828421	24.582372	31.265281	43.446758	19.809773	34.703682	0.000000	43.789376	41.487109	46.626369	38.904399	34.126232	41.256341	40.198085	38.557173	44.494753	45.991223	47.294526	40.331388	26.193147	47.364401	21.096762	47.044794	44.847699	31.265286	42.454983	47.032110	46.317794	41.424824	46.687073	41.582953	43.007364	47.219422	47.111752	17.446980	44.920014	44.049833	36.934685	19.467161	46.845864	22.088737	45.426390	19.462752	36.177697	15.140630	38.291327	46.404732	30.385788	29.575454	43.297570	26.847274	26.505959	47.433759	46.453972	43.810385	46.656634	44.546993	34.388116
46.591714	27.517628	44.604464	44.816329	46.101289	38.729153	41.535274	33.025578	41.014062	36.678237	31.301635	45.691219	47.436527	38.904403	36.170627	40.522349	26.034635	33.500569	45.441434	32.773268	22.956926	39.813536	46.902077	47.374981	47.477368	40.035158	26.866592	44.640167	44.477169	31.368907	47.211939	31.868847	45.472189	26.667526	42.912516	33.309987	45.660859	31.742456	36.978560	35.197826	33.810016	44.882189	30.265340	46.748554	45.757273	43.862721	46.715259	36.592407	35.812063	19.557135	45.235433	0.000000	42.899160	36.863984	32.508109	46.410922	33.549123	27.922234	44.047369	47.225789	16.092798	34.534331	24.169975	44.908627	24.310949	37.022159	46.117369	47.123139	28.560545	32.173636	28.639179	46.904638	44.261239	37.481409	31.823017	37.068232	46.224006	40.107775	35.811511	40.336904	43.740792	46.547500	32.028071	32.334588	42.620846	44.825924	42.626264	43.422608	42.718169	33.500176	27.630367	44.411149	38.201566	44.266376	46.000166	46.679119	41.567296	47.301786	17.334277	47.235709	44.238931	47.325033
36.900195	23.327262	34.061790	18.660203	38.533745	26.518245	40.876435	46.466842	46.376284	41.358021	34.984493	31.454939	44.963349	34.495183	45.894048	43.292588	32.366149	37.826379	43.884975	28.169192	47.185364	45.816979	39.826840	40.155787	41.738744	19.409530	39.049061	46.902172	30.482393	44.509937	32.327529	42.810680	33.186009	40.572818	19.851452	46.473272	36.081100	17.277713	47.370454	34.432694	46.601555	35.433700	35.179393	45.927786	29.008525	26.587641	44.973200	34.854023	46.726706	44.364930	37.155950	30.852867	0.000000	23.605232	30.121533	45.672933	47.272018	19.810543	46.027801	35.056961	43.157521	43.458210	44.652322	44.307971	38.762417	21.857801	27.559743	43.977798	41.627333	32.586936	42.767701	44.846994	35.973793	17.866749	42.626083	40.423908	33.926041	44.493906	43.257874	44.542769	41.099964	24.560849	29.662315	44.780574	40.148478	22.757308	26.032137	44.081602	41.517598	44.703163	24.109335	44.822248	41.381721	45.573592	24.167876	28.981370	44.571925	47.114953	44.031311	37.545026	30.588514	43.198947
32.186955	46.192636	23.445512	41.120817	47.099409	44.632255	44.513562	29.124053	43.937179	43.782959	38.430208	39.035534	34.070061	47.417570	45.332787	36.360969	46.983127	37.541702	45.872018	44.758518	42.693527	42.367757	35.404892	25.702803	45.917872	25.646513	43.543977	39.646787	26.613419	29.424017	32.008652	34.609103	38.551417	35.224064	18.775900	22.298153	38.364152	47.465908	43.561448	45.598137	23.931676	39.768738	39.244856	42.594111	35.129013	44.448561	44.208206	42.520965	43.761232	25.629503	34.589077	38.953474	38.753164	0.000000	19.652817	34.331688	47.314200	42.823697	46.864203	45.136506	33.592411	34.729573	45.525968	47.355307	43.483636	31.473914	47.186237	45.423707	30.475334	47.368836	40.645732	39.021744	43.617027	38.482751	46.088652	32.145880	27.493603	40.065292	41.095922	39.732869	47.335147	45.823249	47.233660	46.360186	32.855188	34.213060	33.547337	42.408191	44.082472	38.580040	45.353936	27.555155	36.402186	29.149267	33.391217	37.746044	43.432536	21.151431	41.961600	17.848866	38.447740	27.624289
16.174415	46.231099	24.701154	44.544720	38.477462	38.872323	38.236043	47.020479	21.391251	46.455506	38.958524	36.785274	35.359688	45.208566	40.511141	36.349824	45.531445	47.426332	33.849648	31.365253	38.880535	25.523296	24.256968	47.311348	43.954994	44.616705	28.759663	44.337776	37.223478	47.035723	21.089997	37.742560	40.551101	38.940072	30.922906	23.842521	47.473884	34.102917	38.587320	47.428941	38.331390	22.742910	40.764263	32.899337	29.568716	39.394846	35.902183	47.398607	46.017612	47.198999	46.319523	12.967119	40.119592	45.652757	0.000000	44.369728	27.183587	22.002285	44.222137	30.823548	36.661824	31.458790	46.997716	37.168190	31.907995	45.720415	38.969259	40.342895	47.195413	46.671600	45.030189	34.418926	23.786807	37.131695	33.890004	33.881504	44.281018	45.965016	45.118407	46.271680	33.340982	46.956405	47.365814	37.818939	45.737053	29.089971	41.714704	39.739919	43.294307	26.297626	39.656266	46.096021	27.581396	37.873532	44.735631	44.347207	37.481150	47.031966	41.914151	41.069479	35.171531	42.338596
45.112811	14.559485	19.000506	45.599768	46.388620	42.759413	41.161767	27.187802	40.047853	47.298352	36.409461	28.386745	47.280007	45.008615	37.723990	26.725899	45.997067	45.628119	46.341967	43.441757	46.641158	42.247483	36.422252	41.158410	22.990804	39.666935	26.643047	45.112061	39.166716	37.161441	46.749830	46.413625	19.941554	42.331152	24.628127	46.035292	46.046567	19.016332	42.639832	45.546075	20.373088	33.581354	27.326930	46.525692	30.631303	47.330062	45.320856	29.040180	39.714848	22.587960	41.366522	34.357261	47.055326	46.247756	17.792810	0.000000	32.349770	40.272673	41.471661	37.112745	44.340619	32.556611	45.585180	45.699649	43.416305	18.504219	45.619294	44.449127	46.705459	36.544737	39.726360	32.726245	46.845655	43.269976	31.567643	44.517032	43.307485	42.083176	13.978345	43.827032	39.064201	44.185233	36.311801	47.430843	47.109860	28.470789	35.582392	31.228157	42.272044	34.356854	44.814186	24.580933	45.969946	24.517428	44.936355	43.936881	30.433409	38.769363	27.372532	42.286849	32.752298	36.189504
46.689781	46.534197	43.076817	46.828153	31.562489	34.737071	34.081733	18.141697	38.824284	36.561698	44.003741	46.698016	46.562636	20.613365	21.400931	38.866946	47.080863	42.054908	42.424815	35.149789	39.023614	44.548614	42.531779	32.423464	41.270782	38.547040	34.599202	45.087127	27.821608	38.649456	44.109872	46.944723	47.344740	42.642859	40.912322	36.612498	46.410068	27.610423	34.343657	46.163465	36.533872	31.230209	43.096776	32.555776	46.145801	43.223598	34.783550	47.195873	38.787781	45.910449	32.052670	47.464537	40.100615	35.638177	30.151007	31.170168	0.000000	30.919403	20.931040	37.432898	42.072115	45.442033	32.813294	47.461033	26.558967	33.274083	46.871809	30.233363	44.617736	36.576071	46.595971	35.965108	20.654781	45.232954	42.300621	44.411880	38.798297	30.273551	46.816766	43.238377	45.605362	32.108005	29.252444	34.050965	45.176201	31.468827	37.875275	35.329278	43.262179	41.966996	38.109755	43.531299	37.546531	43.206093	26.007948	42.671031	27.864957	44.290950	42.697363	32.734536	44.069253	46.309012
46.844476	40.743744	44.588467	44.795853	41.073106	23.008468	40.659400	37.312113	47.461759	41.045324	41.973034	26.686322	29.253019	43.971475	44.042303	25.484817	42.038081	33.631893	28.183506	22.189980	46.860493	31.559857	45.176181	34.285305	36.395411	43.145457	35.806634	11.757299	42.987942	44.207825	27.136285	33.578162	39.011335	26.429020	17.586984	42.943315	46.188637	37.683022	26.913830	33.594141	47.444983	34.255805	37.045408	34.037058	29.108665	37.957703	20.669980	43.542066	45.239516	44.662537	37.669998	19.579100	27.467546	27.353310	47.366716	45.142476	45.433178	0.000000	42.488852	17.862321	47.161168	39.802786	24.485627	29.063291	43.410040	39.563887	39.863302	46.537207	43.832503	47.234308	25.024744	39.538960	23.156404	35.417235	31.571957	47.475187	41.514457	46.194604	47.383330	46.312686	30.937102	45.865847	44.447637	45.802860	38.895195	31.443552	45.405547	32.342689	47.293311	18.350133	39.842413	46.071845	24.319678	40.877241	12.586716	33.098480	33.789735	47.363352	44.118433	45.439698	46.136439	30.789780
26.767295	36.532191	43.292605	33.065826	46.855987	42.164083	47.454628	42.818957	18.118378	21.199344	45.744140	43.620492	33.574648	34.680216	34.832139	46.831305	39.897586	37.208161	27.659432	45.846779	30.824753	22.234692	45.004403	29.869764	26.837391	39.805253	42.908856	23.143065	38.734005	44.106646	44.884223	44.188379	35.658310	47.063813	41.157828	31.544366	46.790176	43.902416	46.109890	33.725199	29.586353	46.700911	45.618427	25.998153	25.089218	43.487930	38.092342	31.142130	44.757780	31.460106	32.715044	44.566301	43.810038	46.603378	45.769532	46.009941	39.228465	40.416484	0.000000	42.161321	47.417120	33.364505	46.815360	27.056042	46.988634	42.265869	43.496423	26.942134	39.706054	45.461995	45.215513	47.276577	24.339995	47.408645	37.050871	17.806210	40.459546	47.321099	47.226851	35.783950	42.077791	33.947226	42.880050	36.969126	42.383430	39.358752	31.537316	34.745382	34.157729	47.049491	25.298451	35.066300	41.890918	32.757215	46.299285	47.486674	43.082127	40.525865	40.193974	42.695753	47.445422	34.184149
28.050700	35.930592	47.048726	46.945665	26.186086	41.991411	42.388262	15.897508	42.619531	45.977676	35.138329	47.102599	46.923333	24.283283	25.216312	42.927476	34.839772	39.232273	28.154617	39.396486	27.749858	45.972846	47.329900	25.252686	42.995190	43.526072	46.619184	43.561391	43.343999	46.081662	42.890329	22.193858	20.393522	47.247244	42.756248	47.091173	46.051664	41.515909	46.098949	47.174106	36.363846	35.899511	33.227408	40.125004	46.061118	40.981031	46.468350	41.834612	45.604042	28.148537	36.393439	45.174740	46.550669	36.870393	46.351069	40.502935	28.697678	33.790323	41.101644	0.000000	45.402366	47.459308	47.480297	26.579134	46.291034	44.967051	47.449295	33.257113	47.330634	39.553914	41.749836	43.302273	40.274757	39.035333	38.860570	44.033282	25.404933	40.741418	42.536414	35.324950	40.151859	45.131141	47.361105	42.224930	13.618465	17.427107	39.502432	45.924589	33.867520	46.467436	41.670780	34.984028	30.230982	46.811270	46.352304	47.347400	34.149500	43.899797	46.403995	43.789959	43.345317	44.630886
39.759475	44.317219	40.075831	44.490677	37.028302	16.965810	27.808042	35.511649	43.170144	38.058794	45.236046	21.816019	46.772136	42.633833	38.831827	41.229285	42.513257	36.864323	20.217668	46.698006	42.911654	42.831118	43.019552	28.980225	46.517932	38.562830	22.001331	44.834202	40.800532	39.822759	43.725378	30.440903	32.966176	45.934456	37.039198	28.090279	37.916127	16.799003	44.269851	37.411095	28.997900	31.983242	45.192453	38.675184	40.869800	45.046972	36.196536	39.234415	42.793167	43.991960	40.019715	46.672469	24.673584	27.917603	24.708446	41.224092	46.815749	44.079649	45.384386	45.467686	0.000000	46.615142	34.746430	46.385792	38.976181	41.908500	44.326205	31.579086	47.050752	40.748954	44.454953	46.051695	44.300820	26.392221	46.181871	37.381202	44.934926	43.549854	14.840923	40.101499	29.784423	22.098787	35.174664	39.158093	43.898453	41.073057	47.108534	37.315938	40.991185	42.425160	46.514702	34.826284	39.418312	44.592752	44.195549	27.186143	30.949336	47.192334	30.903370	45.609457	42.951535	46.518299
36.016056	39.645081	43.314662	18.378002	44.322163	46.698902	28.673774	45.842258	19.568219	42.810606	43.965855	31.160608	39.482171	41.346170	34.658588	47.091238	32.018947	45.189416	38.414754	39.317541	45.016316	42.686626	41.775590	30.533525	34.324883	45.627848	46.599179	31.153727	20.123667	36.411413	33.715075	26.824688	41.806660	41.183436	44.549322	28.342908	45.557395	35.897431	28.175746	35.606645	46.293622	40.976928	46.657318	27.251540	44.261429	47.125475	46.575572	31.847690	47.450431	21.369234	28.519473	44.778058	43.441138	41.071521	40.674544	43.856897	33.216382	32.994282	46.449746	27.677526	47.429331	0.000000	23.959561	46.569638	41.814712	34.345342	42.135768	44.462212	26.218357	33.018175	44.540910	47.220302	41.550200	31.568001	46.818265	17.590920	31.933482	46.832340	12.148793	42.921509	37.017428	46.195420	27.865248	35.872447	39.961451	45.687425	18.933440	41.926291	43.408782	46.444905	41.783204	44.091390	28.021687	42.592207	46.647700	36.270346	45.688572	46.125412	45.546546	45.719081	37.433935	23.032403
35.590762	46.028570	29.474071	42.431870	43.733404	43.431391	32.715488	39.506911	42.934638	41.798047	41.942776	35.073297	43.522363	20.604684	42.045179	21.602198	34.496744	40.147497	42.885317	46.819182	42.747403	45.410566	43.361386	34.864415	42.653179	43.397132	17.830216	25.106881	42.390388	46.554657	43.523774	32.386417	41.924756	42.087027	40.130720	25.994573	24.709581	42.022734	24.971348	45.290785	15.777542	32.615283	39.152508	14.763606	46.478973	41.443450	38.403560	46.740017	31.839207	36.367992	44.354460	34.376703	27.809421	36.164834	28.338711	46.543295	18.475849	33.494203	35.506472	31.803723	47.484520	36.181011	0.000000	40.771296	47.031590	32.740115	32.393256	40.732017	18.062193	32.997853	30.633137	44.915251	42.374160	44.696158	46.824029	45.116508	19.436366	31.731945	34.646095	41.600307	23.208983	43.281374	45.056406	45.944806	32.638478	41.750666	29.594685	34.265569	30.800838	29.577038	39.746782	47.375089	41.046255	35.658203	47.196529	43.406699	39.556123	39.686304	39.063441	39.048921	28.615057	39.658267
41.650269	33.979422	36.321939	22.779401	47.262433	39.496269	29.060730	47.207483	45.465703	38.224560	25.017603	46.724871	30.356714	44.795444	21.691679	46.131203	40.810094	37.509414	44.279693	46.074110	46.469798	20.585223	47.235477	47.150338	30.666828	45.175405	45.153867	47.126464	24.029279	38.460757	16.853872	46.560248	44.996371	41.947174	29.491799	40.235217	44.542776	40.071812	37.540815	34.922756	38.563069	41.357205	44.168396	41.227251	42.540596	45.902915	39.334444	36.858505	34.951611	24.900992	22.870196	44.697145	43.015621	35.060561	43.491488	46.153324	20.592457	32.691294	31.664449	38.300841	40.564639	45.108973	46.774136	0.000000	47.180846	37.124804	40.399843	45.766955	28.055654	45.274156	12.228923	44.095563	40.941054	37.726102	43.478251	47.093429	22.199991	28.078105	44.107896	27.306754	33.688281	46.149176	27.690934	34.438909	34.667740	39.382341	38.008988	41.776932	25.222961	45.559205	46.467156	46.174081	14.825228	44.981839	40.700781	37.208649	33.814763	37.819167	29.934402	40.805155	35.064482	25.472359
18.404674	34.925085	45.654989	37.252160	36.227879	34.332165	45.695865	31.790331	47.188006	47.211013	31.835288	35.126390	30.293180	32.924647	43.597073	45.300802	46.598611	46.974810	46.650560	44.661545	45.445896	46.945497	25.869285	25.519196	18.010542	45.754623	47.239975	45.319819	36.600199	16.753685	29.354025	24.396980	36.712128	24.755880	47.029078	42.288977	44.948345	38.108255	46.793784	31.687583	44.244646	22.502015	45.938616	25.152712	38.909153	38.282380	42.195441	38.841053	45.995715	33.178588	42.869231	41.068693	28.924294	46.198372	27.027059	47.019676	34.727930	42.452435	43.121927	23.957251	41.106104	46.618530	33.077194	45.725551	0.000000	36.968953	45.012601	43.790415	18.788048	41.140273	44.176344	45.957501	33.553189	33.700839	23.524730	30.501352	47.036544	16.480711	23.567095	44.933349	26.925756	42.603497	40.036848	42.488510	45.396131	43.492587	47.085561	33.665420	31.977444	24.657332	33.408942	43.123049	45.402964	23.739953	45.436944	44.470232	29.576785	45.848764	45.203170	46.722244	42.935935	44.219935
47.111487	26.055604	41.903356	45.584615	36.110959	18.302948	25.223706	26.699724	45.217359	46.356022	40.662516	40.944099	28.589677	44.190926	38.945988	46.636565	35.018282	39.941641	43.298143	46.486745	40.881657	23.450815	32.945302	41.789667	37.577228	25.737803	40.539905	42.763991	46.634257	42.771009	46.981460	20.173713	44.163753	23.910320	25.242180	30.871774	29.381496	34.642786	46.672413	43.786780	20.532509	37.470887	41.928081	34.160365	40.147218	39.785267	34.685531	35.939889	43.619893	40.300913	42.484888	29.021184	38.840016	41.679487	42.569231	45.718403	45.869634	34.330338	34.203275	26.108692	45.199433	46.300505	41.177593	15.948241	21.709550	0.000000	46.037184	37.565544	47.404198	46.548324	40.980843	47.154214	25.004530	43.519506	13.331560	46.674204	26.349276	39.628887	46.618754	31.523791	45.397616	22.576716	30.215020	43.466631	17.507874	40.361426	37.272226	45.646076	38.306990	31.562916	44.259396	40.045917	41.023044	44.221429	15.948841	44.277363	40.439303	46.717220	42.975020	41.709063	18.660996	37.795947
42.914656	27.953344	42.454123	36.836600	41.715854	40.591118	25.916916	47.085468	36.001635	43.555942	46.939790	35.960917	32.654552	41.572465	42.520114	46.968295	43.503707	47.118502	47.413701	21.311302	41.980506	42.242609	41.232654	42.119123	47.454580	30.496027	31.827147	43.093023	17.963173	36.489724	41.743011	11.388625	46.955114	45.253732	35.637529	37.632339	28.277142	40.378119	21.785254	45.910676	37.899060	46.827884	44.600237	44.633667	23.353623	32.496874	30.268004	24.244334	47.284601	46.028511	45.064148	38.335124	37.418029	47.416939	35.959212	35.299428	21.281401	40.602488	28.839587	34.197390	38.939459	47.329982	29.598173	44.519902	46.752817	47.052574	0.000000	41.314368	42.825677	46.237904	47.484548	44.385193	47.488757	36.925921	46.766985	11.286828	35.299357	47.475480	37.021259	33.151853	42.380714	47.365942	37.742602	39.938379	14.467648	33.284987	45.866013	43.746444	36.928272	44.425980	47.453931	29.092677	35.154423	34.253857	43.266991	41.975434	45.274117	44.267407	42.782004	47.148749	45.934356	14.001845
39.215737	18.468106	40.523357	46.181584	31.420923	43.026241	23.839799	43.575865	35.126021	14.296582	46.839694	39.729129	39.355401	33.669136	30.813421	36.721718	35.323958	41.448190	37.251483	46.855435	44.868721	39.904023	46.662379	34.930678	44.183332	41.704262	37.025402	43.895330	28.722862	45.216178	45.840952	36.375089	37.183535	42.624609	43.971405	30.732455	41.017397	46.874084	15.543399	43.696716	42.515353	11.022914	35.927691	38.539919	45.373610	28.298294	27.335721	41.470067	36.360641	43.076386	18.261545	37.875980	41.139639	40.158778	43.733225	36.774723	37.887473	34.919151	45.768323	41.937024	14.497600	26.927680	39.640366	29.367504	47.336077	41.641554	12.814082	0.000000	21.676771	29.668859	28.573670	45.658438	46.670334	37.683637	31.527075	45.742612	39.255630	43.293007	40.421462	39.108999	45.489966	33.711888	24.435190	14.098756	38.266904	35.058103	42.388687	43.837037	42.832928	34.058029	32.301824	31.120177	23.230903	44.203956	41.021877	43.036548	45.975163	39.239685	46.665240	37.319974	21.290111	37.267933
31.245382	45.845913	40.074766	45.168824	35.616811	45.933983	42.626671	29.117953	47.069919	45.065052	31.014702	36.331727	15.776556	43.234829	24.466486	45.990329	26.959001	35.300919	45.204346	29.639775	19.090192	41.793098	47.054615	46.336150	32.643614	29.397844	31.581552	28.979520	47.272344	42.930223	40.803059	40.192558	30.823808	23.306901	46.294860	26.984674	41.208136	20.416311	44.135086	45.970462	42.746817	38.789901	46.181444	35.833314	41.222817	25.759704	32.486731	20.770463	34.639283	24.014557	31.092218	45.478476	39.655665	27.731963	42.656932	24.169441	43.867226	19.352495	18.486882	31.868168	32.349049	47.317280	36.551546	46.869367	21.766194	39.865929	43.186104	44.009687	0.000000	36.873913	46.394621	45.814120	44.077219	45.746282	46.920691	28.791057	47.035874	41.752890	41.874731	18.505702	26.628309	35.418006	42.936456	40.478182	39.212594	45.892928	35.619897	38.509242	38.391998	30.988910	25.537904	42.641466	40.279982	47.412456	42.527755	35.658589	41.788238	14.892915	34.574813	30.950502	43.038805	28.819223
46.787006	36.105637	41.714497	22.043873	46.619463	33.861009	11.619694	10.986535	42.135758	37.182483	42.282013	34.342538	45.514138	45.998589	43.934149	46.746277	37.737389	47.369471	38.437879	46.064097	45.126320	45.194189	38.803640	26.581283	40.179313	39.795709	44.715617	47.460017	46.962484	41.814758	31.081716	42.619129	37.707906	15.633466	43.264407	42.136526	24.482115	33.050927	45.329204	35.015587	32.482793	42.823621	33.480671	29.934019	46.811005	46.496397	44.729672	46.521935	17.845063	46.547450	47.008249	47.455850	31.855122	46.938162	47.425352	31.598775	46.615116	45.537436	38.297325	28.543583	42.518233	34.623303	45.568821	44.707625	38.491493	41.207543	29.139395	45.925918	39.574810	0.000000	32.123451	43.453572	43.363198	45.458347	43.155592	38.718162	42.265017	34.078979	17.867423	40.561015	22.243852	44.649773	47.040944	42.995181	42.690072	29.638580	33.760189	37.595514	44.124463	24.357126	40.915469	46.946920	44.200350	45.134252	40.583556	45.853836	32.869731	38.405506	40.927395	37.828164	44.055346	36.227831
41.993537	46.556196	37.131185	38.777833	39.398029	46.910683	43.154547	41.994031	38.250017	43.064721	43.625955	39.910124	41.183849	45.272092	37.703151	47.416208	42.368534	47.243465	41.248547	24.515636	34.523041	44.294424	42.528301	45.948832	39.921017	31.239554	31.787881	47.343925	26.413547	26.771113	39.809320	43.509707	46.278592	44.295186	47.329590	36.293003	28.644954	43.288724	45.285408	34.092129	32.297302	35.083968	26.546982	47.183933	43.095377	33.583990	23.725145	45.534095	32.677420	40.399205	47.441927	46.454090	40.944196	23.269538	44.117570	37.204974	47.458233	36.722356	36.699613	36.836732	36.862255	31.173568	46.268337	34.826037	37.375001	43.082948	42.695510	31.948779	31.206310	40.968606	0.000000	41.083082	29.925115	38.833212	44.701863	25.377929	44.301720	43.774454	38.964788	46.172413	39.099047	47.305963	33.916376	36.942210	34.001678	35.257806	47.308946	43.634687	42.004741	46.352463	37.737978	43.804403	40.817012	45.086328	24.277780	36.335237	43.854537	32.029668	46.124254	44.479857	26.729428	45.584002
41.539953	44.182084	28.870987	35.853688	43.065998	47.331700	36.244052	47.347339	44.431274	19.101086	45.024878	36.535030	38.874918	46.594549	37.761335	39.750537	44.861744	40.677040	45.802450	46.104317	47.458353	45.096344	24.058044	31.824569	34.250786	46.637360	46.964459	36.941790	33.680359	39.046708	41.853784	32.633751	45.300668	22.274041	41.900006	30.490102	31.652279	34.724087	40.406083	47.375722	28.448658	46.133381	39.202408	24.974258	43.874593	34.458694	42.913086	21.604565	47.341725	35.318525	33.458100	35.495113	36.695837	34.756728	29.586956	44.473894	38.548127	34.856354	29.691483	45.832301	29.645140	45.890621	35.512900	26.335326	42.829995	38.375712	34.180502	40.980277	47.458865	34.379806	45.463665	0.000000	15.450063	42.159166	27.148538	28.477850	47.040737	46.208520	23.828075	20.689430	41.921384	46.411294	46.707281	38.413972	37.589577	37.622638	43.506360	45.648753	41.904243	43.704736	21.754571	47.211205	43.225777	26.312132	37.612854	42.250571	44.906316	39.136373	37.213101	45.121564	45.744730	43.184916
40.795338	41.669223	45.221358	47.364243	41.541868	38.559766	44.251059	44.314005	46.960010	34.784057	36.120965	43.529159	39.404548	24.532900	28.934659	41.386594	21.593840	34.343666	39.005602	37.939119	40.945201	34.295526	40.572055	20.607779	38.926188	35.823544	38.969363	19.489212	42.286061	43.186458	27.936319	47.160983	44.957709	33.131147	33.747779	37.039086	16.809292	35.702922	24.027013	16.486843	43.443273	13.043731	34.890462	16.105447	40.022454	38.221772	17.036384	29.460109	33.808066	44.794280	43.668022	43.558302	43.995291	23.763719	45.011245	20.529905	33.940544	34.559246	42.842892	40.055763	38.965692	20.320326	39.557745	32.755048	47.456404	24.921784	37.127035	30.224368	38.405004	45.926359	27.496441	36.894957	0.000000	43.844625	47.105678	19.024134	44.904747	42.924835	31.350509	44.140997	26.824929	36.755677	22.046560	40.791340	31.939986	44.124616	42.037025	39.657387	30.466793	30.543291	45.321691	46.858426	26.117900	42.532662	20.085880	18.342294	36.477538	47.236594	46.128771	40.259218	34.173230	13.836890
26.950769	46.200165	27.329431	16.663317	45.690976	38.571608	39.675662	16.032138	47.426561	21.601227	46.798130	28.946353	40.207280	46.168061	45.094878	35.957806	47.284799	37.590219	29.681793	46.306110	39.486528	30.411927	45.034069	43.342325	29.931117	47.392694	39.534025	35.041705	25.818182	37.452460	39.238130	44.846096	18.542031	43.697422	41.662293	43.956673	42.532016	46.744748	46.289419	28.857090	22.168467	36.890378	44.807006	42.906380	41.558581	46.615461	46.856244	39.804924	40.846030	39.761820	36.357161	28.792552	40.777683	26.059342	44.959820	46.505201	45.962183	38.912373	23.654735	44.722245	42.086939	41.758734	47.337918	46.990853	43.828009	37.122244	47.445468	40.825199	35.559943	22.486741	38.826725	29.826786	44.575223	0.000000	46.641737	43.892877	26.682618	36.202004	41.212616	29.868749	23.484964	45.986987	39.508264	41.105781	40.505326	30.739387	26.909256	44.894756	23.206649	42.009824	40.321886	42.451162	37.858839	46.782741	42.012033	40.380554	24.500290	44.432841	33.099677	37.997452	41.260519	46.459311
43.459849	34.912849	47.355831	41.452858	31.541294	41.119123	30.977974	43.252254	46.434355	44.163795	42.660774	47.103374	45.350143	32.440842	30.404187	45.556556	43.169314	44.706983	45.094595	37.123030	34.213297	44.417283	45.102881	38.989351	31.733700	30.801707	45.600760	28.161472	39.469036	20.023682	41.239226	46.336666	46.766124	45.912999	47.168893	38.949347	29.874971	44.501307	45.091784	34.423438	47.195142	39.949381	33.534293	23.310103	27.564137	47.207626	45.958223	33.623549	35.017525	29.546001	33.505332	31.065058	44.388128	43.720027	43.069717	44.284286	36.259426	46.236577	47.097094	38.145851	43.857242	32.655770	31.237318	45.940887	32.172282	46.681046	45.136677	46.718375	39.468242	29.019598	46.359700	43.177906	43.097622	43.526880	0.000000	31.977307	46.964505	17.835470	36.134384	34.637600	35.748533	21.393721	22.150537	45.570809	42.232258	46.218977	29.280170	37.344439	40.629314	40.284706	32.621904	32.739514	24.440465	42.375804	40.508528	26.746033	30.440056	40.325173	46.576389	22.352858	22.972430	39.248547
35.429005	21.088763	45.809250	43.955712	43.667420	28.219598	47.430220	31.464728	33.753338	35.973623	33.389320	41.907155	21.803614	39.164987	45.207412	24.143049	47.200788	44.168946	30.574809	30.277289	42.276008	41.066575	37.854310	47.462812	44.315358	37.991556	39.094349	40.418550	34.950509	39.164973	46.358168	16.073073	43.676720	18.535630	38.766855	25.191001	34.887540	37.011158	37.076167	41.827123	46.289109	39.849320	16.369384	42.566170	24.568875	47.402783	41.565607	42.898660	24.649013	43.438082	47.341113	47.087101	39.844689	44.286109	42.435804	47.154292	43.853279	45.990935	43.972801	44.165945	25.702697	42.478712	42.300471	37.211555	47.058959	36.692419	46.386355	40.875323	42.772954	28.193928	37.034356	33.627458	41.278385	31.063521	32.547815	0.000000	46.426161	46.881300	41.942567	46.824770	29.274031	12.481988	41.164835	47.319483	43.300850	24.441005	20.853451	30.746639	41.663095	41.746388	38.885080	45.968265	46.467734	45.172122	43.178310	45.769307	42.846230	45.496132	46.815685	41.918933	25.149603	23.525663
37.262210	45.960354	45.756567	42.736966	37.616318	46.497919	47.175730	44.307938	45.503526	46.447573	47.240205	17.276094	18.383248	45.047627	29.154984	45.982640	23.263703	34.717279	41.771039	36.623885	47.487991	43.855770	36.006140	37.392533	38.665933	46.086044	37.942870	47.462027	35.277614	44.912842	47.204435	38.998347	43.351156	42.654929	38.921670	40.087339	43.635799	28.661111	44.038695	31.679906	17.169719	45.781282	43.341309	35.637565	44.552872	44.946067	40.874565	43.107690	33.885875	37.267822	43.614929	41.964111	26.878741	42.899552	38.765315	38.368131	16.391908	26.393625	41.941725	14.694970	47.173196	42.035537	43.735980	27.909318	28.539058	16.882564	44.312071	35.714346	36.712592	33.170536	42.784553	47.147883	45.650348	43.252620	29.203874	45.961769	0.000000	40.876964	44.943849	42.676506	47.067598	39.466617	28.710821	21.904920	47.198496	41.089434	21.103730	39.782075	34.348485	42.582409	46.491615	37.106522	35.282460	35.060403	38.081212	46.180037	37.585028	41.215666	38.005397	42.377559	40.637064	43.728687
46.948840	47.461925	45.881934	44.410420	34.941078	29.925777	45.982022	44.921383	42.963179	44.597384	26.306898	45.173004	44.844078	47.087276	31.925981	29.460471	39.936180	42.622020	30.976144	32.099729	37.336588	47.100528	26.781881	44.542890	43.826694	39.789839	42.235743	34.606269	29.898051	39.341262	29.152037	39.623361	46.489308	47.035161	21.751336	30.825585	15.070263	26.502373	36.154884	43.925793	45.455527	33.411376	41.460769	33.850627	42.967631	47.016089	45.479961	40.160566	46.082743	25.955088	45.566006	45.663680	36.784195	30.423947	42.482271	41.833528	36.987687	46.483359	44.698581	34.202672	28.794354	33.492710	45.224975	44.843840	42.141804	33.375614	45.256680	28.665937	46.873887	40.619097	45.735125	27.736485	40.594070	36.944743	42.649440	33.209138	35.662481	0.000000	47.337230	42.053206	30.512259	44.824772	41.047519	43.968670	46.866344	36.755743	27.326080	40.064845	37.241827	47.370949	34.826689	46.958915	11.815406	47.426772	47.277821	38.349533	47.204299	16.426581	43.533405	47.201336	46.481801	42.767052
42.824484	26.104580	39.536499	39.976605	47.466554	39.555946	46.109498	38.287256	43.560197	37.498891	16.725767	31.698088	42.801563	35.699829	26.673809	43.283587	37.139405	37.990782	34.118813	32.612927	47.425707	32.524341	44.962163	20.206061	31.983865	18.819599	31.231816	30.747852	46.393846	46.892956	30.723846	44.349112	43.234090	41.206286	32.481142	42.266429	45.709678	47.209094	41.272985	20.617408	44.629572	44.657918	39.109537	36.121325	38.276452	47.481927	47.170435	34.104462	31.158798	43.197845	32.732535	34.510928	46.539282	37.056167	26.026114	45.815798	33.529680	46.821531	44.615288	46.262111	38.696159	42.347928	43.426863	46.059686	42.074080	45.806645	47.056842	40.486829	45.163291	41.564837	32.855548	34.926108	46.439290	46.085456	46.155969	47.350925	46.671338	46.898001	0.000000	36.114486	24.158244	41.080679	30.874078	38.375697	35.491246	35.499086	46.983201	40.022729	38.774894	42.194696	26.193055	39.140873	15.139222	46.758813	45.805461	44.035756	41.962124	34.728115	41.956062	45.825822	40.880639	47.198916
39.975811	44.556834	45.223368	36.301868	44.581939	35.882058	17.760964	23.467480	44.834234	34.753114	31.088087	42.111750	46.917278	43.558670	47.226587	45.224295	41.646903	35.348531	17.601681	33.131019	44.317606	23.246734	40.023457	43.290246	38.130384	32.604099	46.881441	47.095879	45.372686	42.490927	28.115022	46.475936	34.043109	38.487538	38.229704	42.839140	35.239223	30.898462	44.351087	29.428582	46.966461	47.037724	45.938909	36.489710	19.670896	45.695486	43.828368	43.438630	46.051433	30.060540	29.706649	30.172329	44.037709	20.493384	20.546556	41.263862	45.908740	38.560490	46.767109	20.209315	47.175507	42.723179	33.513635	40.103856	40.513813	32.365313	47.394454	44.540387	41.366447	15.391922	47.355934	46.387272	20.804478	42.302486	39.396282	40.813319	16.586047	30.576603	44.607708	0.000000	45.731831	38.380420	35.174097	43.110221	38.182392	47.444159	45.493143	43.622844	40.332118	22.829523	39.726954	44.229745	45.996299	43.460889	37.133796	17.103877	46.139121	40.582564	27.292526	19.526293	45.342176	44.113415
24.437106	45.987874	36.162605	45.318080	45.959493	44.441661	20.163667	43.173427	33.663294	33.459757	47.483879	32.925188	27.798459	28.440852	36.069535	34.518816	43.845308	33.059326	22.875613	37.204852	35.545742	46.431984	27.150209	43.131787	46.271634	46.917910	30.726080	46.853300	45.707256	37.138425	39.107461	40.737193	24.411238	47.412112	37.179454	34.260680	46.791222	37.975474	41.953403	41.154071	25.588994	47.089545	43.757159	47.392110	28.981893	38.671583	37.915480	40.052643	26.346608	44.713759	27.215302	44.509448	24.410959	31.197623	45.381842	26.160040	33.326318	44.391241	36.138901	32.051930	45.182137	35.930711	45.133783	41.942126	43.759065	47.037131	42.729155	42.435766	32.137729	9.926343	18.394386	35.796939	44.514823	27.298243	38.056416	33.515972	46.639345	43.865488	32.036116	46.913215	0.000000	38.066381	29.824865	32.750049	44.804786	41.254744	43.432939	43.626499	37.396644	27.686537	47.063194	37.925092	45.965728	28.844971	33.898026	44.278276	35.590566	44.057348	40.083977	29.569670	27.351096	43.596017
46.208169	44.869803	46.933978	46.957529	36.793467	28.534820	39.010949	41.468811	33.525677	47.185351	38.032440	31.548848	16.672157	37.086795	35.453391	33.687455	41.414802	45.800912	31.698112	43.904858	47.174327	37.419982	45.402351	25.966888	24.959021	44.291874	36.396506	14.268953	32.014863	46.806487	46.454288	42.752460	29.467229	41.713874	43.693465	45.000835	46.550382	24.480479	44.330215	46.760956	46.106268	40.681941	34.106866	24.687705	29.833860	46.316201	46.936426	43.647282	43.579023	47.182996	27.618750	47.103195	45.939827	46.107425	46.720624	44.848813	24.117523	36.869040	35.519041	43.787824	36.509618	29.698989	27.856966	45.761138	44.817104	47.094985	40.113852	43.258649	36.386014	45.908534	39.460364	47.114885	30.152912	47.361717	45.908673	22.057402	43.597269	45.176317	38.465769	36.113281	44.382596	0.000000	32.936400	18.355146	47.034954	40.891757	15.847001	20.137564	37.678830	15.180860	37.430427	40.210474	32.434405	33.009642	22.443275	24.229198	39.174370	43.939850	47.418956	38.385365	42.399926	47.053106
40.098810	46.647017	40.649587	37.014339	44.100897	43.874041	27.287276	34.469351	37.942385	47.123972	46.756038	35.250167	39.898480	46.910749	37.266082	45.210177	15.352322	44.804026	47.227256	45.560551	45.625689	39.713212	47.202196	22.655004	42.743015	47.398446	41.794077	47.095333	45.474601	38.611130	43.434811	39.616185	38.637542	45.184333	37.858074	40.585356	39.065731	33.580559	17.772670	43.437050	27.337168	40.891152	47.331946	20.340400	41.329244	45.647148	31.053692	25.096106	36.949721	44.345858	40.036250	46.954538	14.054575	43.367015	46.561662	40.704988	21.128476	44.147082	44.641785	28.521835	44.749248	40.888018	44.881245	39.999661	34.778561	30.169071	27.142408	39.848220	47.454155	32.466613	19.290708	45.504953	40.606660	43.821845	14.990764	43.278046	44.304713	43.775886	25.956122	42.690148	24.106122	32.163035	0.000000	23.530235	47.247844	46.997025	44.972189	43.813383	38.903151	31.841659	46.275729	44.414569	24.029985	37.496173	47.119598	31.040437	47.203892	37.274446	25.514216	45.701665	31.926716	41.509773
46.181347	46.183194	30.538874	44.342292	25.140750	40.922676	37.545782	37.985234	37.789112	47.168664	46.710934	46.336838	41.090839	47.105801	25.961468	33.404169	37.794298	25.957607	39.466296	45.977932	14.735735	45.397253	41.053784	44.454655	31.503595	46.790984	47.343575	38.395418	39.998077	23.617323	33.498749	45.958183	37.774695	26.570896	40.090555	37.185024	45.605281	46.258148	46.140674	46.093447	43.347763	37.546467	44.240088	37.923484	46.784924	43.083574	36.520519	36.088560	34.640151	26.270311	46.320479	41.406690	31.413664	28.561824	42.963741	35.839628	46.735545	35.031149	39.167220	41.847518	43.028560	45.218039	45.232891	44.259873	40.477510	16.724975	43.265662	47.227664	32.843155	41.402519	37.574242	45.324609	46.465119	44.797357	43.756308	30.284592	41.642837	47.340348	34.339571	47.097281	42.850074	18.146798	40.916165	0.000000	45.797841	40.733726	36.560307	43.045001	36.230003	42.155162	19.728390	36.959738	39.317881	40.654604	29.857986	38.046470	40.931749	46.896440	24.166655	31.854951	34.354073	40.867722
23.492958	36.868053	35.573540	17.064517	33.736372	40.626178	33.089294	43.322471	38.921873	43.363955	43.352348	46.480059	43.315445	44.170925	36.057320	16.558840	34.647757	47.219984	31.053119	25.191604	29.526950	44.200525	43.258673	44.816166	45.970657	47.014874	40.615471	46.739586	28.858283	44.477457	41.178907	36.080192	31.168072	47.269729	42.115743	37.939505	41.383162	46.998412	44.492623	40.637757	41.710449	41.539894	41.714935	40.061171	37.945362	41.186984	40.137176	42.348412	32.521626	46.687386	44.135504	44.119514	37.395985	45.832366	14.663174	30.705130	45.156944	40.949126	35.694422	19.111932	27.985906	47.159857	44.974284	46.706838	39.913895	32.292004	44.047934	43.999579	36.855932	44.270076	41.985489	45.790473	40.978538	45.788179	36.485372	46.883351	43.491210	45.956387	43.150175	42.865583	45.990150	47.419659	21.980028	39.366374	0.000000	45.614450	46.376993	26.704736	43.811075	35.626271	45.914156	41.020357	42.441110	35.045578	17.632778	47.472213	37.754362	43.553330	27.282686	46.305904	47.225086	40.076152
34.686593	47.277331	35.935007	45.250318	44.925305	31.522293	32.762907	23.075327	40.548638	44.147907	35.910887	42.989047	24.138474	44.607593	42.378285	45.755009	36.742838	32.266464	47.349144	37.196744	46.390700	23.321116	26.157658	45.522175	41.948663	34.036674	39.287006	26.870529	47.322338	42.155193	36.734221	42.701907	35.080905	45.597318	42.193084	24.851270	45.172417	38.658445	14.531912	22.802199	28.091441	29.174870	45.713130	46.444468	31.233573	46.734334	45.658839	47.419003	24.112196	46.841881	28.708199	45.679592	34.098093	29.190978	36.880370	41.249811	32.665256	42.997399	44.322989	44.569409	37.989060	28.800164	27.881471	42.803763	46.721057	37.906537	32.584973	32.433433	44.109378	43.853298	25.716861	40.849821	34.939300	25.306175	23.450533	43.750065	45.360394	45.685401	39.361184	37.495205	28.105908	32.724092	28.004278	45.471903	38.794961	0.000000	44.159692	41.042583	44.701638	46.731467	38.356831	41.588592	37.612934	44.092719	42.874664	44.102087	34.927766	31.781830	23.650360	43.791833	25.758737	47.372631
29.716915	23.246747	35.126379	35.122950	32.325041	45.416609	22.806941	15.163593	17.580626	47.446236	35.192314	43.781217	19.263032	28.910912	27.254973	27.001589	43.461064	39.138715	44.027164	47.477491	17.104336	38.337371	37.552402	27.367473	35.500050	35.511467	39.402768	34.291412	41.731457	44.925183	28.579716	44.218172	30.019459	34.338246	44.742507	23.750449	34.322591	40.688948	46.638051	45.685371	39.332026	39.582249	39.245241	37.203491	39.158718	45.215105	35.204947	34.184902	21.522527	41.987170	24.662882	17.828090	30.427384	43.695991	42.579591	45.025214	43.134659	27.759108	44.212163	37.211742	37.889675	43.663740	41.379395	28.710263	36.751039	25.934972	43.514999	24.938497	39.347504	46.531599	47.286801	37.399879	41.848238	40.197579	13.282359	44.802523	46.895026	47.264144	43.383026	32.216279	39.565609	41.448152	41.493963	33.757648	47.066430	45.165651	0.000000	45.261636	47.015147	37.456271	44.019382	43.624936	45.939179	40.358856	29.125602	20.113175	47.454480	35.718014	11.222850	46.777367	34.594885	33.210723
38.618974	20.286555	46.839531	35.703478	41.566000	21.928894	42.133972	40.834797	46.094126	27.796382	28.313092	40.389155	39.469202	42.169093	23.465312	36.549571	32.735849	45.318110	34.698883	45.620402	39.958277	22.202266	42.190645	39.022146	21.193265	47.336864	37.484829	33.712642	45.655965	27.742896	37.748853	39.050854	33.129286	45.397364	33.864689	40.410066	41.744198	44.806382	29.045340	28.522162	35.907292	38.002561	37.592351	46.968234	41.334032	43.285130	46.847918	46.003018	28.767719	42.284777	37.009957	43.903075	45.697206	47.050543	28.831652	47.325740	34.183517	21.776045	39.404698	41.719405	40.090150	42.137251	46.588565	47.418328	34.092520	45.064202	40.572369	43.080220	47.298942	40.955503	32.384774	21.673470	30.162853	42.949510	46.426428	41.524333	47.267102	40.310462	31.120645	46.813192	22.291184	37.116793	14.964127	31.885237	36.545858	43.612192	41.783976	0.000000	39.045253	46.946995	33.636825	27.277020	45.298128	16.284779	47.329927	38.924026	41.595164	39.559446	44.125171	15.370622	45.551353	28.399739
44.293910	47.109978	46.232239	41.845334	44.362616	37.803993	36.930365	38.022004	39.894582	47.111870	15.167319	37.461731	46.313340	18.229758	46.649423	18.939523	43.508673	45.844593	36.974353	45.754677	42.393149	30.037211	32.311445	39.267193	44.583883	44.169811	26.393266	14.046582	46.071183	43.787992	47.488208	47.194786	39.135431	22.200204	23.798806	27.794844	39.669701	38.320689	47.483699	46.724316	43.449381	46.049631	46.146717	44.972787	26.185765	21.306387	42.190150	38.919530	38.178462	39.592197	16.234284	44.837588	45.781229	45.623373	33.217236	37.404719	30.558600	33.286246	39.898259	46.167577	28.733535	46.736766	26.818543	27.845049	32.499538	47.449506	40.758567	28.207706	38.377652	26.671342	47.177790	19.522267	17.896486	29.305897	45.273462	26.081523	45.441099	40.891640	44.987012	42.310099	29.654755	35.688889	27.945192	46.768296	42.253764	47.219569	40.431816	31.287874	0.000000	32.657045	43.269458	47.403766	46.591895	45.466749	30.110228	29.395438	43.157516	46.018417	36.717931	46.421265	30.910166	33.252220
35.732033	39.718275	47.151408	40.240497	47.298258	32.471878	46.574041	28.472657	41.073231	21.707436	45.224955	41.035963	38.781570	40.597677	43.169222	29.238108	47.213823	43.158228	31.294467	47.124476	41.414124	47.416778	46.773654	15.818849	44.190565	26.440852	39.171183	37.603543	35.484300	34.644162	38.496603	38.530345	47.215522	39.602566	32.695991	46.962150	34.191231	35.696987	43.750976	44.435674	30.182686	27.266093	45.369763	47.347857	43.170780	42.093503	47.171766	20.926108	42.968153	33.927114	22.388662	45.793541	33.110827	43.146346	36.709003	45.176210	40.236458	43.987903	34.182106	43.218264	27.353073	21.853990	30.863296	41.663312	28.550629	27.372337	33.595867	37.415185	29.324781	40.316741	28.945703	35.336109	39.419814	38.304190	42.169739	29.770007	46.205239	46.976145	30.781691	45.588853	46.031185	47.002438	47.442699	40.332240	27.284820	34.192211	46.015703	22.624740	45.786142	0.000000	33.782798	45.573438	17.149719	43.907377	38.468424	34.958604	46.539560	40.689831	45.929204	42.244825	47.475049	42.873881
35.860345	30.524058	47.365753	37.623416	45.275921	46.400563	31.349890	44.098983	36.171107	45.758134	16.094563	45.501086	44.413013	39.302617	37.257662	44.462042	22.386110	47.218677	29.080004	28.059347	29.929319	41.416419	42.383314	40.113467	47.411289	25.043321	38.217079	41.291716	38.472243	30.598870	43.529280	47.224172	43.547458	34.725283	42.161104	33.217972	40.822649	46.678616	33.948852	40.429328	34.511900	38.395595	43.733154	32.472138	31.113833	46.482685	33.440339	42.777091	46.902966	43.118929	37.722039	31.601621	33.812728	45.121280	32.588570	18.685241	41.793232	42.039222	33.303931	17.705734	43.329261	45.351161	41.979336	47.096576	45.961224	26.210157	23.425375	39.887380	40.737245	28.429123	40.711068	34.503859	43.278219	45.566126	36.637959	22.290151	44.095217	32.721134	36.771736	45.508495	47.167619	46.601410	17.434156	40.863776	45.498170	37.229102	44.139649	42.488240	38.581863	42.631641	0.000000	39.681084	26.993037	41.406037	46.070491	40.147857	41.026419	41.339133	41.325934	29.074289	34.618741	34.715820
39.942946	42.463423	37.933069	26.926548	37.282557	20.095050	12.802455	42.087144	33.754047	44.482562	37.986648	37.265108	35.556406	18.229352	46.447841	23.858010	38.403727	36.266785	38.388733	31.643404	32.790983	46.104351	24.879624	45.188563	47.205569	27.556426	47.469838	45.184428	33.561150	33.371995	41.751791	13.032703	45.166669	13.754605	38.578739	43.398286	27.603887	46.066937	43.727941	42.092384	35.739877	43.605328	37.667415	47.356692	45.073758	40.823833	43.888294	24.745044	32.854382	33.617937	34.460676	34.418502	45.259582	44.515451	36.411221	34.505485	45.319385	29.049909	17.830720	11.816936	30.645198	40.841045	38.906908	47.183425	15.346027	13.344615	31.817438	47.455564	46.513791	47.183829	40.322588	28.383848	34.780429	24.609761	46.874589	25.446364	47.416701	42.892278	44.881870	43.084506	40.888915	45.268057	47.487410	46.767798	34.042809	31.825794	46.947909	35.719237	17.532700	41.035212	45.444247	0.000000	15.375923	21.922887	42.980386	47.442204	42.477174	43.023825	42.480450	18.762345	33.450805	33.922782
21.794020	38.910607	44.503276	44.844363	38.772334	46.654037	39.677531	45.628237	43.748894	47.206692	20.269391	35.979144	45.997413	40.918776	36.785865	47.338388	37.232598	46.362270	33.076745	39.187880	42.856499	43.072888	44.759390	34.080711	33.677058	46.869805	42.178680	31.033428	43.605832	41.041883	45.152627	35.527759	42.259773	39.842510	33.761850	46.719986	46.249611	25.145552	16.965734	47.210704	31.891499	32.828240	27.847697	41.058642	36.546473	33.277780	38.977033	37.058549	42.729481	47.173703	46.591337	46.151340	46.530975	36.872467	46.844597	24.216183	46.293040	43.291419	47.419915	21.136592	45.657095	47.049219	46.693321	21.813786	31.385491	26.861672	45.648515	47.399755	30.216448	46.294617	27.925333	28.616755	38.936598	46.228070	30.203510	39.338424	32.867961	36.224021	45.560108	30.587082	24.796552	13.196749	36.368110	28.147486	44.672826	37.963282	33.907722	21.357456	30.497157	25.694108	47.160841	47.454530	0.000000	42.444580	43.972160	37.049076	39.984810	37.031980	45.293401	37.152416	46.912539	43.498237
46.511676	24.533281	47.402528	41.125417	21.722747	38.469251	32.971167	31.348797	12.214548	46.136345	38.928376	31.806837	46.666160	35.868824	14.834796	30.054339	34.681815	46.084930	45.318355	33.989447	34.368204	35.789906	40.051284	37.561905	17.604608	35.449641	47.478493	44.621846	47.472282	45.543460	35.816381	39.454288	40.151127	39.676830	36.632858	32.973387	39.108810	20.037660	44.375405	42.173837	45.539904	43.980194	35.592471	46.792988	42.586822	38.486773	39.453573	43.951985	37.705006	23.550394	42.285005	34.610614	29.498985	28.305909	47.000311	47.415992	44.199091	46.866401	43.787422	32.146871	39.067182	44.966818	44.142860	40.181288	33.632096	44.953889	28.747194	25.119367	34.220092	25.659389	45.352433	39.016415	13.682643	40.152918	29.317492	43.195028	47.473918	19.383091	35.604081	20.746955	42.413248	37.268405	45.014165	45.100147	19.313119	39.978988	43.808239	34.104342	44.243280	46.357845	47.457192	44.063989	25.287809	0.000000	42.148383	31.329570	46.579044	39.248818	37.898019	37.659275	37.078779	47.489342
46.699483	28.474702	45.431230	47.433078	45.582520	33.230883	47.366067	43.006641	45.158657	42.645199	19.865035	28.263249	37.787653	43.083525	46.547214	26.170401	40.875869	46.947838	41.710110	42.765345	43.590468	43.563552	28.378194	45.244687	46.040965	45.869394	35.948313	46.477419	42.176862	46.950960	47.488039	16.690776	34.819606	26.945087	25.027804	25.759704	45.683950	41.723224	46.016793	38.194592	46.456309	45.096956	43.331183	31.105744	46.863190	18.355709	40.609169	38.437763	41.636516	36.767812	35.806475	46.026515	32.974724	38.707837	35.333559	33.176513	43.509334	26.340530	30.247327	39.745830	44.585064	36.242374	39.455281	41.923889	40.916531	36.497328	29.613066	41.454502	35.122061	47.014002	37.586203	43.174628	46.762599	42.360945	44.249717	47.309745	43.351583	38.670857	45.259264	47.416440	45.991442	43.266130	46.119413	46.390369	40.757810	38.036296	38.083670	43.001314	26.228944	29.425515	42.285675	16.487505	40.912891	45.363055	0.000000	45.019002	45.005704	24.669632	40.991417	47.444140	39.964081	34.066624
30.820348	31.786853	36.697286	45.122310	47.387593	46.891197	37.647749	46.180849	36.794251	26.303299	43.684442	34.499210	38.791775	40.714455	47.436330	47.033330	37.478364	47.419124	43.492793	44.811971	36.012488	36.677347	28.314204	44.333044	24.411134	45.109100	40.572188	31.578994	36.476746	47.123850	27.550026	24.929611	32.164929	12.148212	42.686455	46.563813	39.810633	18.646649	28.417763	33.602331	47.424556	42.547526	37.348573	37.474968	45.826325	36.684303	40.129521	40.543549	46.230672	41.091653	41.144478	45.752954	42.584358	43.506057	33.456372	31.057001	34.058587	41.476084	29.895640	23.987290	47.177106	45.110596	46.887010	46.621346	41.102201	39.559281	18.536581	37.149928	46.777936	33.742474	37.538277	46.742859	40.602409	25.650390	36.686191	26.111358	18.254949	47.351480	46.295136	31.526300	42.565576	35.142189	47.248236	40.248553	47.395884	39.225701	43.970683	37.938974	22.536142	24.004086	46.003326	28.209557	45.478027	46.680694	37.295044	0.000000	34.245424	35.151277	40.258039	34.663319	45.598718	46.917292
24.169180	46.020286	45.461530	26.344258	36.809644	47.010511	47.100175	43.925573	15.051516	46.374126	34.418895	29.248697	42.057378	47.121710	32.744574	44.325319	32.661847	46.857064	45.689344	19.258500	42.542459	44.155177	27.227311	36.648487	23.510980	30.598821	36.297198	38.558189	43.075952	22.209207	42.716853	23.649658	24.385951	30.215154	38.974562	44.285065	47.384982	43.216709	43.721226	47.442910	38.799790	42.403464	30.411376	47.113616	40.685894	47.164550	46.903482	41.410092	47.037062	32.988714	37.065252	32.128606	47.423791	45.978035	35.774965	36.788215	41.313736	41.307158	40.941182	40.902221	36.868044	34.829910	39.354387	46.732305	24.469741	40.915448	47.254094	36.861727	31.229972	45.536975	46.011658	37.247649	28.180943	39.256587	47.416626	21.402718	46.306005	43.773021	47.223940	26.635206	45.416091	45.717502	43.811624	46.005971	22.757717	41.850443	47.174265	47.300021	24.518005	46.897075	45.628295	47.017644	36.611248	31.848130	39.428425	43.762034	0.000000	30.592747	38.047661	45.860937	35.426438	47.414022
45.944892	43.201217	30.049609	25.577133	30.052159	45.434073	34.626433	43.065661	41.062377	37.976893	46.006837	45.268488	46.543246	37.286459	29.236509	29.488897	45.465483	43.949694	34.846981	37.377052	47.000979	37.669184	27.033531	34.487451	42.444347	46.949496	33.688285	45.738136	30.790876	47.250982	37.652170	47.039328	36.172195	21.930302	47.297056	33.130984	42.520651	36.844595	36.959898	15.635487	42.162099	37.360411	46.318819	24.473389	43.049472	47.236863	43.225545	45.699104	39.953585	45.469380	47.296429	43.322320	44.416767	46.337116	16.762997	36.387656	24.668916	43.588445	45.322901	35.741495	33.052319	42.661082	46.442180	45.177189	33.939916	45.151583	46.188220	47.090226	34.754010	46.646735	22.343290	47.343712	37.546215	33.364905	46.044637	41.095499	31.534150	45.793421	22.639345	32.514768	25.293386	38.215082	43.163219	47.027552	16.152900	32.428799	20.348925	36.439188	43.883068	30.201382	44.225523	20.964501	42.415485	39.936014	38.888292	47.045241	45.288860	0.000000	45.768625	28.512784	46.915950	40.458913
39.312535	45.615913	43.214737	28.291407	37.927924	41.095560	36.853260	36.582470	44.223314	45.877606	46.992156	11.994252	44.365029	46.955267	45.689825	47.103860	44.431932	46.847976	38.243267	41.091188	37.324208	43.744488	46.426408	47.220087	27.949718	43.560491	21.199020	29.278187	42.749023	19.494784	41.070814	43.295439	47.006153	32.104265	27.034436	39.628288	43.058851	46.438135	42.711446	46.932544	42.753607	46.867305	22.508901	43.026366	27.306948	46.663612	40.465387	31.703275	41.686492	24.834049	38.804273	44.719404	39.938246	39.726201	41.584150	43.384119	40.663128	40.575767	39.284619	27.173028	45.341873	46.855488	47.377919	33.998519	25.806735	30.659127	45.998261	45.389010	42.916167	27.609357	41.847666	35.225903	39.883449	21.950867	28.833805	45.791746	30.064862	36.462603	39.265539	42.393889	47.117550	46.874241	35.248719	41.169139	26.738376	32.693515	44.164031	45.220538	28.298103	37.098813	38.957103	20.649927	37.661376	31.665533	40.690932	35.635971	31.257404	30.786286	0.000000	44.481462	39.756128	46.743563
44.152466	45.128487	27.278778	46.999480	25.803837	26.090930	38.071164	15.959564	41.995297	37.961507	41.536281	34.089308	44.742851	41.281995	42.212541	42.325939	40.950217	37.939399	22.185164	44.830270	38.472256	43.904087	30.551093	37.102140	45.543851	45.029722	40.734692	33.505343	32.786265	46.896209	46.714603	40.564136	46.984946	43.026239	42.782747	38.834544	37.259042	36.779292	33.324544	44.900578	40.169641	47.364246	16.182344	38.544608	44.732051	19.163588	37.702165	33.711422	27.884618	47.240506	43.775980	45.802652	36.119822	44.703263	46.493007	42.030142	23.724414	36.626651	42.950546	45.970926	38.543617	47.078140	30.471793	40.864971	44.813539	42.845618	42.595240	44.893247	34.264631	38.754014	32.127465	45.357788	18.112897	45.431041	35.313127	33.734921	40.063739	38.595980	45.313948	32.519608	47.101979	47.225126	36.064754	46.927278	47.341647	33.961560	39.996467	42.153870	46.688552	39.136906	42.994557	45.297827	21.522238	41.378434	24.024200	44.317059	13.340933	40.056471	32.926656	0.000000	30.621742	11.305154
47.085727	40.639239	46.400460	34.821723	43.006598	45.247020	42.965616	44.435082	37.840350	36.011355	33.846910	44.992228	46.545537	35.854555	27.386822	41.211096	39.427776	30.678888	14.702950	46.997315	43.643949	46.801152	40.452303	43.408969	24.341934	46.285710	42.039273	43.203993	46.185564	31.412928	39.168439	46.885924	41.303133	33.979507	27.743719	32.805863	40.355620	40.894080	47.103110	37.309721	46.610744	31.173210	47.477359	43.156255	47.402375	45.116057	36.527116	44.082133	45.944318	45.626246	39.183530	23.271180	39.055642	45.555543	41.728577	40.216236	46.372553	34.762334	36.311553	36.171207	35.364582	45.528197	46.247989	38.664900	43.349375	43.284326	35.454164	45.072047	43.917936	46.346369	46.261055	46.702149	38.639274	38.853947	28.223002	47.087263	45.766530	31.607813	44.902290	41.658517	46.533222	44.856500	12.412089	25.613925	12.829133	32.098191	40.804946	30.381420	42.287465	46.642044	46.616204	46.065952	35.317781	46.362009	46.825128	39.226222	47.427683	45.293811	40.296268	22.385928	0.000000	35.575892
33.824834	47.188168	25.364524	41.532948	28.395420	31.915133	45.788081	21.301821	41.932282	21.608238	24.282027	45.931309	27.544484	29.930974	45.366665	24.334331	29.258153	45.076968	42.651781	39.703143	32.967766	41.314294	46.105336	42.452019	45.882683	38.510097	45.437935	39.595532	41.063459	46.061256	43.657251	35.406482	39.620266	45.876952	32.010031	45.620079	42.295259	46.708627	36.208462	46.110919	46.266314	37.284326	40.778676	41.284901	26.868074	38.597765	34.455923	47.039909	29.666432	37.749411	35.232663	41.845350	45.977933	22.665173	25.850208	31.802484	19.949852	34.429575	30.034432	43.668397	47.310059	35.923386	42.104040	21.570743	43.475228	35.571375	36.369242	43.657338	29.345807	47.305317	36.460183	40.006323	41.940927	40.679677	43.887402	42.151903	25.685541	45.236560	37.626645	24.502194	44.825177	43.532609	45.110139	39.192279	43.761892	43.618084	41.609307	22.431994	46.737580	36.886864	38.499876	17.559129	38.182405	43.390602	23.696160	36.569331	31.175332	41.827037	35.055114	38.131855	38.465137	0.000000
