0.000000	28.787781	29.066071	18.645855	27.509773	28.714892	27.281735	28.090527	26.591922	24.137902	22.640973	27.194391	25.151051	25.394788	23.731944	26.725326	24.097917	25.373585	29.236098	27.073923	19.021171	25.383794	19.621741	26.704020	17.128146	25.810425	28.260317	21.255488	20.315334	24.578324	28.219720	18.054725	29.024721	27.011879	27.639124	23.646946	28.696551	10.848523	24.044534	26.991259	27.901021	19.038749	25.516842	28.122035	24.130007	8.449243	19.684586	24.657365	20.350898	15.369307	24.897834	18.073795	28.723727	23.590702	28.292633	29.000986	12.375884	11.252828	7.280835	23.533774	26.960219	27.792319	21.915783	26.380284	18.145356	24.905203	23.252224	27.477281	18.194148	16.465812	25.507458	27.240627	26.046452	18.997329	17.824165	28.175586	29.228688	25.875362	25.653352	13.178994	18.605517	17.026872	22.434806	26.611251	26.036501	19.463042	26.816042	29.072463	27.561273	24.772147	23.485006	26.583445	29.196545	25.104698	19.834119	26.430641	24.096357	28.226494	26.944920	28.998477	24.731823	27.963360	21.744566	12.745658	24.184614	24.584261	12.502969	18.552299	23.731101	27.415844	13.302642	28.789604	26.251436	28.951367	27.246461	26.310043	29.202868	25.708979	27.305496	29.296645	16.344166	27.522175	20.246780	24.246781	21.483322	22.142373	28.954809	28.377524	25.271479	19.776264	26.350688	16.677880	28.947080	24.215671	28.115010	25.223539	21.190071	27.139600	29.160668	21.938061	23.814967	20.279638	28.135097	23.400750	27.288094	24.075663	23.880875	28.548525	20.317326	18.507049	22.568735	20.520740
28.073818	0.000000	27.955515	23.161034	17.014229	23.659801	28.623033	24.301453	23.683104	20.250980	21.147194	27.775460	16.282927	21.507306	28.931187	27.693698	25.664523	29.012620	15.224017	26.758100	28.302440	20.046017	25.916763	27.361562	28.597214	21.637239	23.591171	26.751443	24.519701	14.741257	28.477499	28.942600	22.408897	26.916595	11.648748	28.622314	22.865819	29.124488	28.340169	28.103439	24.069406	23.602677	15.572409	28.415149	28.389379	25.634859	28.566869	27.686113	21.556401	16.888073	15.130205	24.638923	28.356757	20.114119	24.835256	23.924706	24.949226	22.652257	21.038913	11.239351	18.279224	23.597413	26.762672	26.941758	15.601597	25.319296	28.329648	28.750964	29.097167	25.124695	9.647309	25.608081	29.368860	19.878736	22.719311	24.034333	25.421660	10.698428	29.355339	19.690340	13.694576	24.482611	24.361087	25.571716	18.569501	26.743671	29.241223	25.072549	13.487999	12.777290	16.402073	24.145059	27.585966	28.355813	22.201626	18.587450	24.525371	17.498461	26.657360	17.405606	28.972598	22.728137	28.591853	27.104317	24.812306	28.697740	24.764256	22.656390	13.171255	29.085560	6.555666	29.148007	28.704598	17.345353	28.497697	28.970873	25.771385	13.669536	22.442935	24.237907	29.221696	19.855008	29.327285	26.502605	23.438343	28.252522	16.873288	20.969661	22.347058	28.962719	23.753661	28.678628	22.986900	18.226463	18.769007	26.769159	28.870744	25.841166	17.362294	12.440534	26.075519	13.333088	24.420778	20.334311	22.375687	20.886125	24.884537	25.530745	26.763618	28.363394	25.801341	17.538165
24.596672	28.416386	0.000000	22.316216	26.737682	14.885300	26.106051	29.387729	26.742592	25.106499	22.263668	12.298256	29.091909	25.990476	22.407922	21.854504	28.270977	28.415155	26.289321	23.353629	26.261875	28.062942	28.524243	26.000004	23.849643	8.111730	24.129420	18.792940	20.225847	27.144716	17.346734	23.603809	24.616147	18.883137	27.817154	29.313531	26.472566	28.419494	29.022781	28.072398	16.172767	14.927513	25.783542	17.942704	27.802035	21.159628	12.416307	17.762352	26.570557	20.456905	28.728794	14.020909	25.219803	27.992707	21.591602	18.614885	28.185249	27.420760	16.379510	27.259580	27.312935	20.571321	23.350835	28.332107	28.706093	19.983636	28.965878	13.290692	18.048579	18.768666	26.988079	21.616766	29.077550	28.041552	27.795955	27.220515	27.034107	26.545038	23.553730	28.295640	27.863094	21.514981	26.588075	27.234467	26.304483	27.891757	17.528740	24.730107	26.684685	24.725014	28.132551	23.367491	9.990583	24.132968	24.317602	29.043563	25.381072	20.743153	11.121667	24.174989	29.267745	26.871406	21.120127	28.992770	26.384867	21.108398	26.675427	25.047680	23.453428	29.314335	29.065116	26.637762	28.582593	19.674372	14.443994	13.524033	23.992537	28.139153	18.885860	27.603900	11.591416	28.187636	17.315748	20.817446	27.033922	25.098691	28.193849	18.759859	23.500159	20.276534	18.276619	29.224812	26.938875	29.348314	29.311983	27.419882	27.281595	18.527120	21.214831	25.879825	29.217517	28.376464	11.288661	25.977654	24.796005	23.732832	26.883208	18.890310	29.337059	23.997870	11.066870	19.151212
22.874848	28.767027	27.501691	0.000000	28.166081	16.904640	19.307386	26.247616	23.969274	14.989650	11.959846	15.219271	29.366885	28.556905	28.665335	17.076188	15.579521	22.454759	20.391596	16.545700	29.272278	27.939262	26.752701	29.034279	29.087335	28.926362	28.047754	26.128393	16.193534	18.729900	17.115821	27.060648	26.645254	24.475528	26.156128	23.905826	27.757428	11.886949	27.428790	29.005973	24.074755	22.835545	20.187939	26.142723	29.230652	24.533031	24.035893	26.772139	28.295570	28.646974	22.305223	29.361961	29.041199	16.833595	11.539860	26.336058	20.192226	20.850959	17.193882	28.963282	22.545011	20.508380	27.730260	24.296725	25.681882	28.784901	22.927719	11.884136	16.795253	18.933593	16.371653	28.686955	26.715996	27.909866	28.315363	29.356528	15.576419	26.899633	16.151240	27.854877	27.201374	19.875637	24.012338	29.096283	22.541997	27.225744	20.140762	24.926043	21.898920	27.674582	25.286575	20.727553	22.715075	28.207663	23.921375	27.530002	28.614141	14.107654	14.118082	23.251379	25.949821	28.875726	17.504899	23.293000	27.514175	23.065109	25.096035	19.932622	27.757011	27.472942	24.682135	29.220216	14.073879	8.616277	23.204807	27.896242	24.117589	20.183622	27.480545	19.910030	29.205834	24.631382	28.724879	29.269062	29.006811	15.157378	27.151167	19.694564	8.614927	28.956607	28.659710	29.319394	29.208309	28.706434	29.325978	13.742493	22.944438	28.475951	18.898590	18.449168	27.407889	28.920966	29.304077	13.825486	24.892921	25.518080	18.451386	10.716081	27.877934	27.498402	18.803361	15.630795
26.988671	13.670383	27.637269	14.590070	0.000000	18.893203	20.884415	29.145806	29.001688	17.225264	26.369830	26.292197	28.397057	29.079016	29.246160	21.723649	22.999473	15.128637	22.382205	14.804661	18.827052	22.936592	27.646272	26.040945	16.600274	29.160548	26.506529	22.981070	24.005255	25.769673	27.308507	29.391393	21.359650	28.070537	21.508201	10.581446	19.353582	27.447379	28.170496	26.536953	26.893719	13.201731	23.212726	28.641823	26.829244	29.294501	28.351463	16.957344	25.413695	24.184808	25.577944	28.185783	23.444293	27.712549	29.219752	21.349082	26.582149	22.018656	27.168115	25.894147	23.578455	17.915679	19.299218	28.466242	22.403589	26.699026	15.121444	27.296817	15.624327	28.022923	28.562176	22.866208	19.315465	20.711780	20.588155	27.718703	24.041349	23.845056	29.288596	9.914878	29.205980	24.118803	29.037600	18.668799	27.443181	23.559933	26.716899	26.833194	27.569790	27.715931	29.264740	26.993260	28.086257	28.339390	26.845265	19.606187	27.964697	20.790422	28.564031	26.869952	26.098239	25.173593	27.768525	25.880159	14.083922	25.663746	21.203267	26.564703	16.267104	25.898071	29.214157	23.982756	21.792208	15.085629	8.149962	27.567167	25.079574	22.112009	28.756850	20.877499	29.377385	27.282116	29.255352	15.197749	27.255068	23.644699	18.640009	10.359812	18.601906	15.473749	24.215467	20.345043	27.101161	26.735431	25.803832	26.795358	27.772053	20.086351	29.275862	23.444970	13.269969	9.154970	28.445817	22.222297	24.068303	16.116659	25.331056	29.376953	28.962599	25.304772	10.082393	8.836034
28.992150	23.577170	25.411787	21.249396	22.439397	0.000000	27.279998	17.109032	18.852684	15.702414	26.114431	24.092246	28.237985	19.575425	22.177991	24.349771	27.466704	21.693841	19.802123	20.744639	22.965002	26.738928	18.027553	9.331681	23.937772	23.700545	26.007253	28.525583	24.940169	12.620202	15.468340	27.600437	8.464465	22.276648	23.174710	28.544194	28.524523	10.356911	25.408025	27.052790	27.564811	28.970692	26.361218	26.882260	29.121678	27.789627	26.964165	25.258898	28.177874	13.873901	29.130424	27.648590	11.516460	26.261485	24.291636	28.620719	28.209449	10.766390	20.460686	26.779962	17.406654	29.307399	16.495784	18.858252	22.249821	29.350875	22.557118	15.914734	21.361628	14.524166	23.798078	24.125293	17.584518	22.489353	21.491652	25.380436	28.705615	12.537871	10.037661	15.125206	10.117333	28.634558	27.243980	22.893394	23.309874	29.345947	15.602733	21.459392	19.121554	21.142346	19.394101	26.350130	23.831024	29.346265	18.087677	27.610607	28.760309	28.079719	27.877032	17.111569	28.748434	28.587867	11.227589	9.523047	23.737887	21.487518	29.057438	27.631292	23.752632	21.449419	26.692239	22.541350	26.861106	17.966687	22.412285	23.411703	25.584833	21.923791	29.245596	22.824489	15.510234	23.233389	23.897592	12.838534	26.796824	29.042583	19.279725	28.884782	26.214758	22.888210	22.836723	27.594334	14.683571	22.114640	9.491235	29.233701	13.304674	23.892107	29.322621	27.422103	27.192271	20.343860	26.484333	17.687697	23.905530	25.981992	24.409623	21.650533	18.883841	28.233101	23.823629	10.384226
28.195814	21.989872	23.439548	27.533809	14.156198	26.026384	0.000000	26.170325	24.207995	28.915425	23.980751	28.804807	29.255001	24.523863	24.319674	29.247397	24.256289	27.904583	23.751380	21.366318	23.198197	27.692953	21.940088	21.504343	27.113846	22.230547	17.573637	21.376465	29.298476	12.890595	21.731664	27.039416	16.132935	17.141606	25.184543	28.254503	8.816855	24.632397	29.168242	27.398214	28.889956	24.041189	15.374249	17.177888	19.855623	26.020997	10.495474	14.661475	17.367961	25.395089	16.387026	26.908980	16.496434	27.794805	20.985945	28.754930	18.883693	24.085160	9.276044	20.742054	25.455763	23.723221	21.414823	28.788483	28.840893	23.021286	19.134260	28.868980	26.147310	27.972536	23.078630	27.071826	28.354713	12.343650	14.463013	28.227394	19.984949	28.027808	25.028100	26.345263	16.894647	27.062006	7.077762	28.612838	28.363294	26.691845	26.696459	23.065060	27.556007	28.916977	28.964905	18.687672	20.085541	29.177059	28.392824	14.232949	16.000980	28.428795	20.005220	23.178849	24.571995	26.597109	28.952072	23.350922	23.056014	25.996080	23.547834	19.388834	28.256934	23.171169	19.105582	28.798171	28.454843	26.894496	23.485269	29.383375	23.835554	27.338899	28.406001	28.182355	12.469103	20.125249	23.044726	28.878688	13.944513	27.139175	25.160109	29.237945	23.716434	21.670805	12.720793	26.546328	29.228536	23.051254	29.077453	25.538152	20.206880	27.487334	29.008376	28.321631	27.425031	23.600338	19.018677	24.699320	21.074160	13.685797	27.226407	23.234255	14.421261	28.317970	25.802864	26.784164
20.655554	29.049453	28.740689	20.786595	24.537229	24.469610	28.897421	0.000000	15.805403	18.687538	14.140572	29.388155	29.360524	18.636552	27.017906	26.524676	21.297492	26.107579	28.885564	21.875682	18.142244	24.405831	28.598405	18.564367	28.157853	20.324153	24.834368	29.307494	21.444790	24.365291	13.818965	29.313706	29.107450	21.782560	15.424219	23.080615	26.983881	24.238061	27.979751	22.605173	22.502680	29.316470	26.154779	27.148963	13.142928	27.610919	18.839651	21.952026	14.086320	16.948498	19.737971	27.146103	26.451126	24.988013	25.383023	22.505164	28.953028	25.118534	28.216188	23.959311	24.716965	25.449683	27.663537	27.824741	22.307029	23.979977	22.611962	24.409999	23.963261	28.614212	28.034938	24.543737	23.518964	28.150572	28.554830	19.039081	9.240457	27.452017	19.356044	16.238294	26.704999	24.872036	29.240401	24.024688	26.567140	15.934593	21.866289	14.622089	25.747752	23.004639	27.633120	18.636007	22.481983	29.065812	25.340239	27.248862	10.275587	19.896970	18.694797	23.575850	28.603851	29.234180	27.438226	21.822716	27.544030	22.352410	25.474034	28.549848	21.645926	18.401918	18.574518	22.662543	28.069240	19.743564	20.688609	20.531935	28.768848	27.351756	15.982566	22.371311	28.904961	17.658442	10.405340	24.647131	26.265702	29.013981	27.014386	17.720129	28.459983	26.753826	22.825660	26.182321	24.182996	28.200094	13.301320	19.231086	29.365632	20.972652	28.255475	23.461154	27.339190	26.270101	25.013587	28.289776	29.044310	29.085030	15.129929	19.979747	27.524188	26.922637	28.657969	25.769206
17.600601	23.795014	24.229729	24.954306	19.750816	28.783667	18.220938	25.947891	0.000000	26.983744	22.714110	28.912327	15.703730	28.547160	24.875892	21.472559	16.423028	26.499887	21.102799	24.418932	19.542521	11.224414	24.907483	20.519010	19.244197	25.838737	21.731298	28.730816	23.071498	25.074946	16.009052	28.031286	20.621561	16.515422	12.349785	26.867480	28.336772	16.914076	22.962929	26.985001	27.447801	22.816845	27.962961	28.532396	26.030835	28.568665	29.135913	28.533802	26.259729	24.932287	27.156428	17.885336	29.211022	26.378504	21.079032	17.749471	28.720228	27.507201	28.507819	28.943446	23.414636	19.653208	24.521517	27.875976	23.402636	25.983526	28.984246	22.845414	25.403537	26.120363	26.016013	23.423064	22.150473	14.118750	27.313775	12.361366	24.955531	22.165991	14.773814	22.012240	27.142181	24.095732	24.058751	27.102301	28.893484	28.490717	27.841004	26.021391	22.556417	22.627604	26.091971	15.994756	29.135444	21.097486	27.622564	12.178666	18.513513	9.072147	28.625170	21.562082	22.559792	28.751787	26.226396	16.650106	27.811331	12.665815	22.822333	24.753193	29.056615	25.687836	18.133095	28.328608	20.697036	27.461812	26.395872	9.283359	21.926139	29.200165	28.995979	15.603337	26.634679	21.887710	24.366231	28.865224	26.061249	22.522697	21.521254	18.508477	27.197007	23.279867	22.106976	28.353634	20.306454	18.372028	24.588363	15.580424	14.498921	17.348594	29.355872	23.713097	28.152641	29.031854	19.418069	21.374402	24.348565	26.322504	29.160270	23.916680	17.988686	28.109952	16.913008	28.965181
22.001848	15.494720	26.467804	28.799671	22.159907	28.783968	25.683189	29.120710	26.924467	0.000000	19.713777	27.245538	27.752688	25.464413	27.732719	26.313987	27.933103	18.861518	21.390712	27.833056	11.670765	24.842748	29.165243	23.547289	27.607549	28.772645	25.100732	25.977306	13.486300	27.009191	25.790226	28.705561	28.541662	16.838000	21.569545	22.444906	27.709716	17.073849	26.254546	14.219867	13.048288	28.505959	21.598452	22.460454	19.768506	29.190656	28.950227	21.747171	11.044393	25.058077	28.844780	20.775206	24.120491	23.973087	26.175654	23.286399	27.130052	22.870660	27.953994	16.067325	23.130423	27.328790	25.461315	16.837585	26.044688	26.330548	22.855417	20.884351	21.192121	23.677378	22.070637	27.719468	26.183000	8.518930	28.667468	25.089128	16.186173	27.514807	28.069931	28.472069	29.359465	22.410356	28.876021	13.218649	20.740748	26.812342	14.418594	26.673267	27.609805	27.939141	8.093076	25.955819	26.722801	26.680269	27.380023	28.426889	24.807189	27.337534	12.707214	19.353724	15.970802	27.324103	28.244913	27.083762	27.304532	19.442809	12.963704	12.997712	25.190194	19.216044	27.481183	16.491964	28.634720	19.577700	20.829787	29.152179	12.373930	27.318887	26.244527	28.609388	13.321352	28.170185	20.997685	19.032577	20.084865	20.291580	19.629505	19.803106	28.637457	26.474352	26.810274	22.929292	14.217796	26.651159	25.630093	22.874844	26.921526	23.221058	23.858377	28.299126	24.541544	24.800228	23.214277	17.747442	28.886050	23.063583	26.653481	24.084632	24.678670	27.890554	28.404996	9.735912
18.158245	26.240269	27.374555	24.588285	28.999398	18.520298	17.997956	29.388612	26.709871	29.397975	0.000000	29.391996	21.274034	25.849188	23.509383	28.905133	27.748153	29.169318	26.803141	24.272371	28.278990	27.486316	28.779538	20.414819	16.761180	27.925334	29.244228	29.397889	28.682371	16.565780	23.662484	28.071516	25.451204	21.385755	24.106216	25.148612	28.468886	22.365158	11.771155	26.282946	24.405734	26.099014	14.024923	20.933132	28.152315	28.376350	24.509808	19.609753	24.035284	21.319656	28.164697	21.587203	29.254558	25.437192	25.536543	22.509733	29.357391	19.067676	26.260201	19.143410	27.474979	28.793937	28.717597	29.126397	22.879717	23.654928	26.609081	17.837025	18.398096	25.683898	17.953784	25.676862	13.582995	15.305280	25.705237	28.750941	18.996119	22.537852	27.371267	24.346141	11.829600	19.403290	26.996204	28.155593	26.416261	28.829588	24.743553	21.741852	29.200336	28.026042	25.170810	21.061737	25.456478	26.476668	22.905975	24.548383	25.235746	14.031759	18.272436	27.558382	14.305793	25.829999	20.325068	26.037896	26.802214	23.165045	26.925836	26.005811	27.429747	28.504263	19.779430	14.948487	10.769279	27.216098	21.489623	28.977055	18.004891	28.197704	27.026751	26.958669	28.043887	19.572428	15.027857	27.839554	23.502942	19.475586	15.175385	22.278649	26.741593	19.905515	22.453315	26.148978	14.005398	24.995674	28.106503	20.531551	21.866596	28.554960	27.284537	28.975094	28.976129	8.327618	29.275601	28.904958	29.165723	21.827281	28.169943	25.518482	11.299358	25.473795	27.157317	10.575283
19.581639	21.505473	29.012765	25.224101	16.182629	23.409158	26.950111	20.739749	23.571267	25.868878	21.954932	0.000000	13.196243	25.234598	20.362291	28.248216	28.095001	18.604408	17.776651	22.971289	13.688149	24.765525	27.918077	16.678405	28.082803	19.172397	22.054412	8.147800	24.918815	18.893207	29.192771	26.040813	26.647249	28.766234	17.659749	26.095101	11.819683	13.702063	21.759530	23.463468	28.573751	13.024712	27.950473	28.062814	28.846226	25.432502	24.438119	28.968817	24.291984	29.096308	25.415074	15.599038	21.041717	26.251159	27.859951	27.475580	23.695413	20.216304	27.198138	20.014070	27.994290	16.493304	24.646210	28.455731	14.567767	28.476325	28.460016	28.936605	25.275085	28.499010	8.851447	28.086495	26.693407	27.727647	18.029786	26.524123	25.716542	19.740043	28.834986	22.809885	13.667530	26.018269	27.298504	22.136077	20.558565	22.646915	28.315820	27.961931	25.662599	16.467247	22.726078	14.107854	21.654233	29.347915	18.692219	27.656740	21.230714	25.719516	21.286010	17.777165	14.515653	29.101755	20.049387	21.185163	23.019155	26.758311	22.903742	19.840040	15.147546	20.387845	25.640194	24.880808	21.969979	15.606249	24.455319	26.299695	29.014216	25.230838	27.300245	18.148323	24.040731	28.935670	29.322464	20.143900	10.541216	22.148361	26.595337	28.085891	8.992273	28.320409	19.756951	27.901959	26.153031	28.701798	17.588761	24.160918	28.138553	26.627851	28.800499	27.224659	28.430456	26.368631	25.706512	29.071957	10.859281	29.278462	25.162398	22.892466	22.220859	19.850732	25.294067	26.754934
20.916224	27.112950	15.207175	29.035859	19.077270	14.784075	26.881787	27.238419	21.364151	12.714892	17.452191	26.440649	0.000000	28.450008	19.367640	28.294378	14.940677	18.189814	29.133259	23.400044	16.972960	21.964708	29.106052	28.918647	20.049218	28.071441	28.662246	22.618511	29.127973	18.068243	26.186362	29.202538	25.169798	22.687698	25.083249	29.256694	24.462865	22.859563	29.280607	20.860725	13.573093	26.084202	27.522622	21.052722	14.310115	27.936868	20.829384	24.879030	18.944306	26.018846	24.090592	9.516449	18.818604	23.256979	28.586077	28.369274	27.644637	17.303805	24.733051	29.278530	27.085974	24.631973	25.094877	15.871228	24.827820	22.007849	13.333058	26.832050	26.598078	28.322005	19.489240	28.355536	24.469410	8.994812	27.500426	29.368218	20.958398	29.395307	9.178469	27.849503	17.992860	26.359390	19.922343	29.075179	28.571789	29.364764	26.240979	28.889149	26.708253	16.856991	26.227239	23.194393	26.097528	15.185891	25.788912	27.765574	11.072965	28.921908	10.903046	28.393777	20.285717	29.023697	18.925282	26.977699	26.323511	27.787955	29.220029	22.507338	11.138109	28.856752	28.504097	17.736316	20.739928	13.469774	27.941453	26.732873	19.767107	16.488331	12.267135	29.141476	24.762641	25.118879	24.847434	24.630569	19.694603	25.144601	27.463337	24.288091	23.126486	26.732606	18.149362	10.569611	23.438481	20.863697	25.844696	29.294832	26.631327	26.054730	20.238781	27.324400	25.529252	25.324045	29.094123	27.338624	17.942559	16.817235	19.380223	15.975680	21.466886	23.659983	29.024708	28.361651
28.523056	28.892822	26.889111	15.471072	29.063572	23.820609	28.659043	28.828283	26.197914	26.518820	28.025381	13.033660	23.966695	0.000000	28.838965	14.803218	29.170096	27.415449	25.527623	26.764135	24.780819	19.785501	27.597115	28.283552	25.862132	26.635797	26.913347	19.377218	27.792093	25.521464	29.106568	27.075736	24.975200	28.704730	29.237501	17.844908	27.802424	28.558982	28.396113	29.236901	27.258254	28.506974	16.965017	28.397406	24.757987	11.163126	25.266203	28.147538	18.537151	27.868677	19.724996	17.932383	24.762004	29.267115	26.447925	24.880748	23.499740	29.254523	28.776380	25.263251	26.186448	13.390397	24.495416	26.277796	29.272323	28.193498	22.074787	23.322298	26.903167	22.193941	25.958052	20.112384	13.561476	28.797503	25.848555	28.311869	22.559661	21.905000	20.599999	23.419957	24.145103	23.785649	29.265522	27.159642	15.783395	14.996383	27.046403	25.186420	15.115608	25.215214	25.667723	22.304835	13.849820	8.716168	22.866351	27.791633	29.125909	28.891896	23.310886	26.909197	23.681781	25.367590	18.340626	22.147376	27.969259	26.747593	24.335994	24.586852	23.852338	23.123481	27.029056	25.575985	23.693076	18.197198	25.035056	29.377740	27.491352	22.497187	24.275703	18.381071	28.040180	25.845596	22.398848	19.337136	19.752122	17.859619	27.444403	14.528157	28.948591	22.597083	27.396492	29.161558	12.678302	26.769591	22.737078	17.204012	23.118828	10.216275	16.756996	20.611621	25.745109	26.579693	27.476843	22.700614	25.299341	24.558119	15.970709	19.273641	26.381909	24.544687	21.894379	15.562327
23.508406	20.757756	24.957257	28.035003	29.002386	23.650431	26.535668	19.638791	23.762276	26.122954	27.607084	28.555686	12.046141	28.601643	0.000000	28.077363	29.310997	18.763688	28.046339	21.574054	25.398338	21.381778	24.258607	28.929935	25.806822	26.985310	21.733014	28.685443	25.026114	26.364253	15.548625	14.547662	17.814280	12.851750	28.208797	19.896125	25.327833	23.244136	29.289694	12.959435	28.761134	28.358645	23.596563	23.971964	28.934277	20.314623	28.269663	27.714205	27.772310	23.648404	21.193197	24.933220	18.777470	11.519428	29.111805	18.050692	21.745948	26.176949	18.849101	23.300873	12.205420	22.663854	17.127607	16.080540	10.342940	21.898991	23.054150	24.794795	20.049138	23.385102	27.797119	12.714404	24.579155	22.246114	13.101231	27.119830	27.702752	21.107342	23.831585	28.703590	27.890067	18.089690	21.118614	28.331581	28.934009	27.535531	28.482025	23.542834	15.178893	23.361540	17.562800	26.768159	29.300335	12.292188	17.469604	18.054825	20.857239	17.258898	19.164459	28.589807	28.854874	12.922818	14.201534	26.553962	27.995211	21.320888	21.873832	11.597761	13.975698	28.932720	17.610448	12.062537	28.049285	24.443637	27.892131	20.938589	28.369955	26.049613	17.770673	26.469422	18.338061	27.033091	25.945980	28.015320	16.821294	26.695628	19.650508	27.491595	21.691225	22.584847	15.864817	15.020393	24.314115	28.495341	28.324190	28.605783	29.258032	18.509969	25.517675	18.710189	27.340297	21.346071	27.457420	28.647691	26.749237	28.852499	25.761829	21.985714	24.059088	28.240853	24.040502	9.781411
22.582371	23.124862	18.653270	18.832347	23.608196	7.574768	28.075789	21.004051	28.143375	29.095756	22.783611	28.780434	28.681105	27.587722	27.615057	0.000000	27.473262	27.428433	27.020341	20.299642	25.224203	17.611024	27.620160	26.712965	26.176769	25.048432	28.183568	27.147601	25.698187	24.372536	28.447178	12.443326	12.116512	17.546577	28.658990	28.968041	12.563882	26.455382	27.919699	25.917822	28.924351	21.163847	24.136438	24.522882	21.186971	22.428049	27.435355	11.335001	20.671648	24.906153	23.660241	17.888152	29.191783	29.040619	26.021297	27.171494	23.868070	28.684510	12.651535	16.607322	27.749246	19.636532	21.971464	18.140402	28.245096	27.441770	23.389078	28.343730	13.830989	25.865118	19.978995	18.309895	23.889240	29.246034	23.290758	26.677837	19.172605	28.683866	17.381380	11.364306	28.336839	29.342805	28.345958	22.115790	21.170960	29.062347	27.090952	27.793469	28.305912	18.867564	19.202733	11.313785	18.324810	23.298151	15.359818	22.348621	18.299124	25.647748	29.051920	17.330798	15.236741	28.000450	28.442141	29.126007	29.309397	25.179098	29.051093	17.554632	24.362952	25.593130	27.312628	29.206062	28.883438	24.648587	27.464658	23.842586	23.671389	24.344806	19.453633	29.154253	27.810745	28.565043	20.587875	25.921093	25.058536	19.723786	25.365599	18.233862	27.711401	26.524376	22.724427	28.379749	28.938000	28.089447	29.092315	25.737133	29.152224	10.267734	21.747127	21.943449	27.180310	27.028413	12.430412	24.665443	10.868089	21.458570	28.965352	16.503191	26.999383	23.160614	24.795600	24.025998
25.821553	29.176706	19.339916	21.075339	13.515223	28.508789	28.091012	23.572468	28.887223	12.596451	24.336435	26.967062	25.199239	26.369044	22.158104	16.838378	0.000000	26.176849	28.399278	28.539102	23.827510	15.348297	29.341117	27.586323	15.527448	28.799332	22.226404	19.463175	26.344454	24.767515	25.283418	28.682950	26.703696	25.208387	29.296786	27.390902	27.376770	23.600953	20.747238	16.598884	29.378480	20.012978	25.970731	27.178770	27.666606	24.621359	26.268569	27.238832	27.637489	24.964723	25.372667	17.159446	29.220285	29.013511	25.070573	29.338483	27.088643	15.816630	21.649392	27.996876	23.686338	27.104656	28.522681	17.435011	24.924486	28.050132	27.180864	20.295716	24.076755	27.894374	14.248081	28.574948	19.630423	23.870764	24.339350	23.089239	18.763672	26.115654	28.194050	21.096726	25.524344	27.989202	24.059891	16.707443	18.909892	21.998759	25.148409	18.022970	19.823510	21.405017	21.350560	28.479345	20.728249	29.178865	29.285069	29.255721	23.962581	26.984310	24.179896	20.413927	27.055776	26.171295	22.574109	25.339665	28.102267	28.598355	19.120073	20.512434	16.956292	28.663243	20.971520	27.020159	23.556843	8.909135	21.431473	26.792713	23.024018	19.750657	10.928040	22.033743	9.737409	29.119047	24.896096	26.712394	19.249408	19.784705	24.521099	27.757077	24.771443	24.688033	21.663116	29.291300	28.913065	27.330154	22.502716	26.637758	26.872542	21.925175	13.623453	26.469298	17.753169	27.484936	16.216812	29.316919	22.393543	27.455475	26.736777	27.282826	15.635429	16.610771	25.835450	27.061358
13.251047	29.307033	25.841450	25.720513	24.740790	28.914940	21.757890	22.000000	29.166243	28.318260	21.191131	20.621620	27.681885	25.874111	24.323601	25.141113	27.763661	0.000000	28.614487	27.028805	27.561744	28.804161	21.657304	27.229794	26.320088	25.189760	25.503936	29.337828	23.889251	11.733639	17.977586	27.226554	28.064556	18.255505	29.275952	28.565811	16.291768	24.525012	28.055797	23.757369	23.811233	26.444563	28.347772	28.750670	7.819257	21.582724	24.504491	27.930365	28.356374	23.468511	28.015661	22.465907	19.000812	20.877361	16.091943	27.313592	24.832941	11.478401	11.422090	17.760512	28.684187	25.516028	28.168937	18.159758	13.385405	27.071922	14.695554	26.687284	25.710100	15.595978	27.898875	26.760867	27.658192	20.304353	14.949411	25.041744	14.760612	24.056471	15.713133	26.324933	11.960116	16.412525	26.204517	28.578414	27.506998	15.836615	27.217612	16.202522	11.598265	28.188605	25.649653	29.104937	29.344205	26.116290	17.855847	28.293641	26.054951	27.732547	8.062193	28.568294	28.058596	27.815181	26.378586	28.042881	28.550759	26.614767	25.007468	22.787791	24.996288	22.248624	20.754213	29.377173	27.799930	22.970451	22.649852	29.397485	11.456102	28.478853	9.051755	17.440467	18.528608	28.275266	20.571640	22.423270	26.061407	26.630005	27.693749	18.668670	27.617155	23.993378	29.345806	11.556696	25.917122	17.998704	28.309495	28.086952	12.346277	23.947057	23.342403	15.816415	27.729866	24.898932	27.610405	24.141317	28.083531	27.588568	23.171066	24.992125	22.879035	27.711645	21.890248	26.861046
9.641626	29.106848	19.499332	23.897077	21.635961	26.537347	20.564975	19.349811	14.320589	29.364526	18.616416	27.757595	29.150295	26.779213	24.520302	13.933132	28.246344	24.379330	0.000000	27.024871	20.356753	22.988098	27.365978	26.052906	27.850461	24.856860	17.304845	27.184849	19.466449	18.650209	28.996249	25.402539	22.181538	17.022498	22.491893	29.249348	25.554584	28.527281	20.052684	29.304770	28.707205	21.353723	27.661009	25.817350	27.383564	17.481039	26.292449	22.881934	27.975179	13.509411	27.233811	29.072348	29.299878	27.062664	29.121519	25.664766	26.075744	27.718016	27.294438	28.092032	26.249317	16.632744	28.612695	26.552383	13.525998	23.301273	18.631175	25.725001	19.425147	16.321976	28.145073	27.250817	26.057311	29.197283	24.598792	29.363929	21.923002	29.121767	28.923624	29.392812	21.691826	21.829886	20.314395	27.973025	26.721519	26.061587	23.742559	26.822006	28.826653	24.984082	26.795290	26.883429	25.919113	28.262524	20.347222	25.164993	28.962384	20.622285	18.823195	29.181633	20.785985	13.159598	28.663503	25.195658	27.479535	17.711036	29.078355	17.046675	14.407192	22.692056	10.735534	22.133371	26.340000	29.208047	25.746891	10.448407	21.388178	22.465635	22.113833	28.314000	27.524051	28.826628	29.114432	28.817426	28.460396	28.843595	25.622040	29.398721	28.783341	27.401642	28.364435	28.562442	29.129225	27.335805	24.236600	28.699156	20.874538	26.104927	18.552223	23.380495	26.004345	25.830338	29.297259	21.102396	22.299999	16.713599	27.533988	8.476358	19.792224	23.560658	17.548758	27.009992
24.798582	19.603745	24.414522	8.526121	29.234865	25.886541	28.236382	24.825410	26.957626	29.349377	26.690560	23.029919	8.976376	29.192153	19.027885	23.943499	22.969781	27.347575	27.689599	0.000000	13.716064	27.017831	27.902724	28.378704	16.481375	28.707996	27.721959	22.272591	28.264701	12.697712	18.120857	19.509473	20.612454	26.168143	28.967246	27.107428	15.878996	25.520069	20.075854	24.799281	20.095005	27.017614	26.040514	23.593507	23.654860	22.022895	26.938032	16.946556	28.422292	21.587691	25.761275	25.499905	15.930736	22.560202	21.342112	20.377132	29.212963	21.668158	26.754713	20.679725	18.943682	17.627377	27.840327	29.286876	21.798047	20.495070	22.284859	17.392411	28.117797	25.590137	20.941058	12.479345	26.911055	28.087456	27.948403	18.100495	15.963127	26.751579	16.412353	22.784802	24.681710	11.802821	15.814601	13.354748	16.487295	23.970663	25.260126	19.851488	22.086092	29.318604	23.278227	21.697898	22.074870	11.813080	29.244301	24.423298	27.519048	12.558219	12.627905	18.454906	28.915117	28.684791	23.580645	26.247788	10.184538	17.517398	29.216367	29.360966	26.312361	17.062740	16.088383	27.948569	29.193022	28.495373	25.970479	29.196195	20.520235	22.813290	29.193871	28.334304	29.010181	13.468724	14.153955	13.960705	22.084291	18.348394	24.071071	20.489070	12.030048	26.694603	27.900073	28.897398	25.427798	16.236108	25.870855	27.938661	25.887561	21.619155	28.758811	29.343651	23.382127	14.138992	18.845655	27.943547	18.730511	26.830386	23.783834	15.374003	28.913457	28.799532	27.225060	10.294470
21.272874	26.678129	25.084718	14.958287	28.773816	20.863540	16.852869	27.454963	22.602914	15.637215	11.776578	18.058978	21.289719	27.109591	21.985621	24.386290	27.607795	23.200280	25.399659	24.618569	0.000000	26.933419	22.642367	28.611004	28.090542	19.721616	24.954133	29.353762	26.151017	29.202472	22.409144	21.271671	29.140814	26.870587	26.770497	26.675576	29.268783	14.024042	19.623129	12.446556	22.242954	18.224601	24.832463	9.278369	21.124409	23.496238	29.317766	24.716505	28.884511	29.036925	29.338381	29.007302	18.044813	25.033440	12.769400	14.169374	25.123580	27.647773	21.910508	28.518749	21.522862	25.523908	29.100671	11.726694	25.139702	13.546160	28.074169	29.251449	19.741596	11.143075	28.312658	25.152606	22.481615	28.863661	20.127630	24.805170	18.213730	25.485921	29.310197	22.440669	14.525965	11.096067	27.523678	23.480248	28.354228	29.197638	18.357537	23.544509	28.045935	20.857223	16.915981	18.999817	28.782319	18.964682	26.140829	27.267390	23.297137	24.511153	29.140660	20.811354	22.517187	26.769697	28.115133	25.730917	27.568682	11.595664	26.935235	27.402214	28.906206	25.884449	28.407269	25.837499	22.911128	8.579627	21.751341	29.349266	20.272954	12.349748	19.810596	23.111411	21.961367	28.455012	29.281995	20.227886	20.640244	27.618549	25.955110	25.352407	28.572838	29.104898	20.099404	12.674886	29.373385	18.819457	26.489983	25.902795	25.261528	28.349697	28.312630	28.424410	24.925198	24.592394	27.402095	18.797452	29.180772	9.493588	17.328687	14.166702	29.077576	21.265808	26.378483	27.971878
21.695009	27.169989	27.093604	24.264946	24.641984	27.810550	20.827055	27.462974	25.513662	11.244791	26.212716	13.847905	28.274203	28.706956	29.201109	12.743524	26.604330	20.186088	11.532920	28.793908	8.248967	0.000000	27.264706	29.384961	19.372270	14.153350	25.046273	26.816069	12.093541	22.065094	26.806148	14.670071	14.511827	14.611976	17.353209	25.620844	29.354646	23.114889	10.353773	9.345422	23.878162	17.863906	28.056026	27.793510	27.792123	15.410652	29.368714	28.047467	13.971942	27.739153	20.485794	15.437179	21.765096	17.832882	25.399463	19.741462	27.978372	29.394108	27.217345	11.790651	22.398853	13.579263	22.506893	11.696493	26.797892	21.837013	16.857341	28.742569	18.648482	14.651778	29.204677	23.324731	29.293442	28.569119	21.133469	17.304740	27.234389	24.175297	26.165093	17.251335	28.911870	29.352483	28.241207	28.586340	14.683275	26.136621	27.881563	28.591867	23.922622	16.927637	25.300769	25.415938	26.782709	11.324269	25.577733	25.538900	22.894528	14.983450	17.720848	15.620645	28.574031	27.542815	25.142039	15.598935	29.218507	18.870009	17.854364	26.062837	17.965999	29.040691	15.265251	29.174360	22.410840	19.034480	8.706649	25.742336	28.042922	25.055450	28.558050	29.108333	26.220296	27.593996	28.267292	17.320417	29.022676	20.034367	19.187184	24.815190	28.004998	27.973916	29.363928	28.762033	26.396100	11.919953	27.372504	20.332607	16.996533	24.253606	29.088017	25.198050	21.069602	26.799143	27.527524	25.472882	29.228607	25.329831	28.774293	23.392108	25.678674	17.568734	27.795675	26.362005
25.772137	24.132254	10.309683	15.940472	24.468277	17.905104	28.905098	22.996811	28.311644	27.599318	23.565720	19.305961	19.209004	9.540753	29.277520	27.100566	17.445057	29.306714	21.564772	27.779839	9.722392	26.273182	0.000000	25.945763	22.016979	26.094526	26.924835	14.746187	8.278879	11.911157	25.715679	27.057007	14.403179	20.248784	25.464537	29.292903	8.577504	8.857920	29.392464	15.824569	27.827185	19.761558	17.448992	26.651277	12.508104	19.808197	16.210884	16.049344	21.361875	10.507029	28.266235	23.094953	26.460515	11.529881	29.026669	25.560857	24.789832	28.966180	29.348561	27.745778	10.706588	25.165052	11.805256	26.833322	26.933750	12.880692	27.713824	23.392183	21.772543	28.132413	19.540147	13.195806	29.354217	18.645922	27.487381	23.803479	23.988144	29.031686	17.009637	27.891003	27.638230	17.838662	27.860595	25.838735	28.158285	28.429308	24.557172	26.518033	24.038774	12.378839	28.230571	29.367814	27.455914	28.831504	29.105010	20.864940	23.495430	25.901565	16.049305	19.290459	18.042696	21.837276	29.217970	28.367690	28.980461	25.697815	26.637155	27.184460	26.290197	14.762853	22.957522	25.671662	21.499278	25.768034	23.377208	19.488239	27.618001	18.426550	28.654486	26.631233	18.195767	28.999680	29.015884	29.156634	13.597567	12.652177	29.220613	25.253300	27.614484	23.970655	29.356390	25.354921	25.475547	24.852123	20.348058	22.817944	20.683138	20.849726	28.937018	23.082396	11.393750	24.669481	18.129632	23.845319	24.765782	27.474293	26.357350	26.564882	28.222022	29.395774	26.958759	29.215615
28.412010	27.997051	22.827263	13.227196	28.799573	27.704547	23.401570	28.159487	29.373416	21.038436	20.620779	22.972771	19.874968	20.830291	15.858977	27.074458	23.525100	26.207795	19.900068	27.798237	20.199955	28.136654	27.498188	0.000000	24.669802	20.011839	17.913863	26.732515	24.932410	28.617584	14.770583	29.060597	11.043260	20.364330	11.122521	27.112734	16.002486	23.488849	25.231850	27.714340	27.772369	11.114815	27.901275	18.335932	20.908720	20.671815	21.612389	28.980682	22.589499	27.649674	28.629508	22.769323	27.476550	23.347637	20.519616	26.444131	21.953482	14.085679	28.686059	27.237835	26.660265	20.968249	24.816866	20.613065	28.524587	25.559560	29.050950	23.046274	19.453201	20.914959	26.796832	25.756027	27.181088	20.822523	28.044695	28.910577	28.855362	26.462617	10.073789	26.573290	23.744300	10.421868	27.181977	26.869666	23.226436	28.162726	25.652135	26.715452	19.495574	16.933611	20.443195	17.440015	29.389741	25.572745	28.405916	24.011425	26.263398	15.619064	28.805388	14.189432	29.362514	28.421389	28.605046	24.835257	15.980075	17.661412	29.320636	23.433181	15.263581	28.226726	26.667429	26.629881	15.117278	20.819498	28.581215	11.681435	12.091203	19.452572	27.809363	25.209218	27.330016	29.312146	19.128862	18.258133	21.903119	25.084910	18.122275	17.421417	23.934725	25.646680	11.783379	21.853518	24.499328	28.536678	26.575002	21.961521	24.076752	23.435371	28.834001	28.826290	28.486110	29.104136	22.918173	14.546097	26.790844	29.328960	24.217855	26.575924	14.907217	28.635702	27.712732	23.952363
22.564817	29.302461	8.451413	29.105313	21.826037	23.165057	24.495729	29.242602	28.818508	27.082067	26.590501	27.775688	28.641104	9.312324	12.684352	28.768448	18.109121	27.875667	9.097394	28.891353	28.530901	27.823988	22.573990	25.431577	0.000000	29.310526	26.934678	26.199734	27.013184	28.716215	20.630237	29.161782	27.640412	23.312705	28.357446	21.300522	25.276138	22.924782	17.950275	29.024190	24.722936	25.430527	29.162703	28.553367	24.253176	26.750537	15.650361	28.582280	27.598621	23.069960	25.123588	29.269250	26.185369	25.288630	28.932866	12.865167	26.320649	28.243386	22.303153	29.197111	19.299970	29.180909	14.716806	29.187490	28.482568	23.774216	28.583901	26.390244	28.301601	10.794316	27.629587	19.501306	23.879706	27.254102	23.484685	27.440385	27.237087	26.921382	29.106485	22.834535	26.275983	27.483127	28.130345	22.268727	26.691780	28.789845	15.973399	17.696891	28.594464	28.798097	26.357878	21.118493	19.008023	23.952146	15.827555	16.517307	25.722743	25.478637	25.750040	22.643127	18.996017	21.436850	24.191819	27.803426	24.829389	28.987958	26.737752	15.490694	28.592387	21.953137	24.129637	24.562301	16.917051	12.795433	24.534185	25.826227	20.967228	24.565253	28.938854	18.298757	26.748667	29.139464	24.935204	28.299262	17.412427	22.407064	11.678008	28.317920	25.618691	27.909768	25.947759	27.784787	18.492691	29.360640	29.366154	12.776467	22.254603	19.806144	28.429672	24.016178	25.337884	24.224381	13.373287	9.781129	25.790578	26.719949	28.496869	11.871420	28.392522	25.826379	22.037369	28.909827
28.827523	12.070201	23.288609	19.058433	28.772511	18.845580	14.184268	26.571392	26.464616	21.845063	28.404614	28.463629	27.288755	29.171661	24.823431	21.029078	26.022013	25.013568	26.437908	26.765400	25.781906	20.257651	24.681336	29.281710	28.780160	0.000000	28.378480	29.245195	28.559869	21.211621	16.953987	21.540031	28.267068	27.622980	27.522612	26.247367	27.572757	28.809449	22.734209	27.707708	15.183894	29.342402	26.089072	23.538197	24.961367	28.734106	28.380229	26.595766	12.781665	12.090002	28.047359	28.304019	27.832434	27.843433	12.026112	18.625040	17.916756	23.737489	24.614094	26.703293	18.232830	16.172304	22.479348	22.553064	28.085125	24.439591	26.754470	26.903446	22.829603	18.358121	29.336180	22.764241	28.866493	28.063738	17.445395	27.519555	12.431817	27.651595	24.886048	27.239233	27.732161	27.166011	28.884760	29.156684	29.374251	25.604457	24.109721	29.386724	25.790115	18.339897	24.619937	23.748066	17.268019	25.053799	26.592969	29.236069	13.017521	28.610605	26.187056	25.083248	20.143965	10.643609	26.727989	14.757479	28.446160	24.923570	18.977180	27.434428	11.587283	24.780172	29.221254	15.279720	21.277473	29.369940	19.366135	27.824028	22.252370	19.160862	28.813600	25.173636	27.535009	28.395886	26.184300	28.223463	24.853634	25.505085	28.990217	27.866536	22.871019	22.949645	11.291810	25.013211	28.877052	26.502929	28.773875	20.989846	18.787517	27.671492	17.087030	21.794789	26.529118	21.183273	24.148434	18.446140	19.906316	6.718407	22.176571	21.344456	27.117273	29.396513	22.414184	26.930539
19.938393	16.433580	25.184115	19.015728	15.600788	21.802994	24.305625	23.808180	17.651120	21.314126	12.357724	23.955715	18.968852	11.987718	23.159263	26.387681	24.666280	29.350781	17.612790	20.236237	29.346951	23.038277	28.961122	23.114779	25.292768	27.659160	0.000000	27.593908	18.924591	6.345690	7.786801	24.782473	28.258695	18.588732	23.519303	26.633687	26.298747	29.071527	26.981973	22.222393	28.185909	16.585295	23.163513	25.262475	22.724573	27.878885	24.392678	18.897640	15.613811	28.308050	28.110085	29.383716	27.804064	25.276740	19.873864	20.732438	28.669589	27.364458	29.164250	29.082126	29.287964	29.324903	26.266782	28.150759	28.002484	28.733041	9.824255	25.231296	17.818717	27.176373	27.916618	28.317162	23.079945	26.847394	28.582716	26.076583	23.705535	27.866286	27.547522	25.005307	26.475901	29.352809	28.256534	28.715319	18.002442	18.774681	21.817503	29.175276	19.212375	22.523943	28.306478	29.261051	25.226041	28.219906	20.464022	27.080059	22.990645	28.836998	21.458831	20.132638	26.134719	9.071051	26.903122	26.577692	28.910648	28.670983	27.429268	27.179305	29.240064	9.999140	27.665043	28.949234	26.680994	22.473056	28.130616	28.600455	28.615238	15.059127	29.373062	27.806157	27.231178	22.146216	15.539540	27.259988	22.708192	21.060233	27.543067	26.533122	28.055510	28.175489	28.734299	24.852373	27.080093	12.195870	28.784573	26.206289	14.810926	26.302794	28.092544	15.390901	21.474638	22.291688	25.011946	20.050620	21.310295	15.915592	25.712854	27.769280	28.608899	27.889830	25.018472	27.056025
27.643392	29.170496	23.533594	25.781597	23.845520	27.915886	28.770938	28.183789	27.568792	19.979341	21.551076	23.756764	18.545489	25.179891	28.937239	25.315263	12.962991	22.481919	20.943907	8.905515	14.361552	10.137390	21.879219	24.916337	26.854860	22.535303	27.215185	0.000000	21.515016	25.953332	28.176234	28.997979	25.074645	26.359114	28.401887	26.780495	19.697019	29.103768	10.744375	27.103076	28.932964	9.799184	28.741233	25.838593	22.017387	10.210261	29.115132	28.416760	19.273272	23.382324	28.460905	17.344782	16.161102	23.701708	6.973870	22.654118	11.675025	24.542023	15.890648	22.618538	25.179906	24.531372	27.131579	21.882619	16.513549	20.011495	19.399921	28.465653	24.766953	23.816564	26.857530	16.044572	28.804307	22.929753	20.583711	26.313313	22.178642	21.224244	26.428436	25.462363	26.424647	28.988995	26.944776	29.334433	20.355937	24.211792	16.433226	17.347139	24.983474	7.768414	19.295122	27.680908	6.764990	27.033917	27.559554	29.084312	23.530573	28.808461	21.990415	18.338137	10.907374	28.143512	29.033419	29.036981	18.896313	28.422977	25.588225	28.500414	26.836010	20.525971	13.353868	27.478988	25.515760	24.348071	22.089443	27.100951	19.849610	29.272618	23.408247	16.081355	21.406041	22.669260	10.535997	29.326481	29.098961	19.333935	20.112261	10.853219	27.232163	29.110068	20.992417	26.268044	29.365689	25.916104	13.743218	20.236692	26.795240	24.026079	29.358891	28.390507	28.354916	20.298692	23.677007	26.078953	24.589469	20.378638	27.935540	27.839772	20.939206	21.445997	21.391801	19.348967
24.610099	26.027865	15.686246	25.429170	17.087524	25.049683	27.650094	24.654963	22.951066	18.980628	9.759948	28.254100	28.263624	28.361355	16.988645	21.440672	25.221429	20.971656	23.961472	27.815805	16.238472	26.757159	13.890117	29.397871	25.539906	22.458867	27.220592	27.985393	0.000000	28.669691	26.569181	27.085255	28.667024	25.859616	27.676014	29.084505	11.955440	13.836492	21.935211	29.069211	18.737857	23.386768	23.291938	29.106526	27.381765	26.208509	28.837237	28.939916	26.694178	26.274973	18.186666	21.361700	26.641497	18.234017	29.375213	29.269886	26.740631	27.909282	23.017242	28.061820	25.187248	27.700658	29.361423	20.671575	26.224953	17.275217	16.370936	23.121287	22.955391	27.927028	29.358532	28.458970	28.666071	19.269319	20.878696	23.188522	19.353629	10.342169	26.229257	21.850032	19.489381	22.661848	26.500809	10.949632	24.400072	25.058355	22.767206	26.454878	15.761435	28.213477	22.570566	25.134404	28.744672	25.123729	25.921573	23.792717	28.801869	23.193659	22.124153	23.588394	29.171432	28.955488	28.185932	12.879998	22.780380	26.032237	26.368004	26.653444	25.560784	26.947613	28.712322	22.227581	22.029238	23.275601	23.221993	28.005123	21.774367	22.096750	21.844478	28.644948	29.217015	13.654332	27.776133	26.469853	24.467051	17.665514	28.376053	18.199925	25.294259	27.666233	28.534710	23.527643	18.332220	22.380973	21.059961	28.500439	26.281775	23.843894	24.956233	27.856617	28.274792	16.455023	27.137206	27.156849	25.461971	27.081979	15.601700	16.075634	11.617784	23.208377	28.491148	29.246175
16.844765	26.513487	26.129160	28.805325	23.758300	25.109846	27.501028	25.856287	27.946521	29.218109	23.368665	26.408731	18.491537	9.683220	27.489735	16.056180	20.501353	11.352554	27.810995	28.103196	20.384320	25.859071	26.719396	17.051111	20.596179	17.640501	22.141366	25.257265	23.119810	0.000000	27.504391	29.175385	28.053517	19.941783	28.566135	19.263671	24.056102	19.926769	19.208789	27.348519	29.245646	25.701345	21.970322	29.388967	19.664131	25.252413	29.017265	20.377038	27.018451	27.578542	29.356806	29.394465	26.242056	18.108918	27.960674	26.739713	29.382586	25.200368	20.335265	23.631717	20.296717	28.515210	14.766846	22.548133	28.427088	28.143788	23.365835	18.840268	25.872260	16.072326	26.212603	17.894250	28.140884	9.893228	26.430274	20.790796	29.303774	23.185798	8.651988	24.182033	27.366350	17.362111	22.732053	28.802490	14.238441	27.977448	29.339939	11.233355	29.217197	21.086272	17.810766	24.488976	13.787571	17.908250	12.135060	13.005544	26.354079	22.242933	22.024559	16.963895	28.666772	14.955159	28.550908	24.784876	28.224232	27.047867	21.013638	29.150977	25.936146	24.031271	29.049533	23.737245	24.539449	14.308021	25.249603	19.812868	24.847667	14.303155	29.137936	28.945525	29.150671	28.097130	25.755105	25.200156	26.070093	23.930695	26.912126	25.170528	28.404456	22.457896	23.993115	22.630805	24.433187	15.458646	14.131153	19.161049	18.216995	8.082849	28.310751	17.938496	26.596224	15.920210	28.195546	28.617258	26.566563	26.690229	27.492685	29.117211	22.424138	27.308112	29.369908	13.171810
24.327716	14.385506	25.443052	25.811008	27.659102	23.509607	15.329935	26.502624	28.632004	29.085594	25.637145	23.268680	21.905361	24.201399	20.689010	29.191709	29.246486	25.087526	12.627228	29.370721	27.283168	27.633718	26.490393	29.372782	22.863652	28.626344	8.068997	20.448534	19.578633	19.802014	0.000000	12.673036	25.720851	22.162846	25.555003	18.605417	26.290683	28.495792	26.856115	23.631091	15.484752	22.141779	25.949318	23.578017	27.205701	28.318115	26.417432	29.386825	21.237601	17.949424	25.185272	27.839203	28.897542	16.043418	26.097486	29.355114	19.163175	18.169412	19.004727	21.163153	28.341335	25.829928	25.728286	20.996914	22.141944	26.488962	24.506230	19.174173	23.977073	12.924850	16.797077	28.473181	22.048709	26.485212	18.386686	19.633600	23.970755	22.950427	24.940879	26.041577	17.319182	17.997458	28.537961	26.085402	26.638137	27.360885	27.485922	22.255916	28.081525	21.085174	23.097867	26.315209	15.265297	23.278371	27.148498	28.757359	23.034959	26.053365	12.810332	20.435559	29.094605	23.562098	20.930168	22.238356	27.699032	14.311067	11.158071	16.268861	23.835046	19.740638	23.837272	28.291783	27.673249	28.903189	27.312816	23.958679	23.770085	29.148335	22.803032	26.334143	20.973324	17.947117	28.997937	25.156263	17.268943	25.332415	27.402535	29.348653	29.229379	27.315062	17.305479	12.585791	23.817915	25.976937	26.472462	23.214917	19.101709	18.708860	28.056469	29.288024	26.528529	22.980187	17.546141	14.171289	23.846879	22.249039	13.739772	22.816598	20.259545	25.140581	29.365309	29.174147
29.235714	22.349316	19.052218	27.769362	27.338643	26.614262	22.209629	16.734481	16.179283	28.345296	24.640696	27.829446	18.589756	22.997263	29.163495	25.555775	28.718360	15.257334	28.734753	24.309272	12.250381	26.654772	13.781636	23.902637	23.312546	14.667935	16.299117	18.063547	28.281667	21.993008	11.332829	0.000000	19.762909	26.149725	20.933309	13.496902	26.537275	28.283726	25.259986	14.279158	25.674679	29.328345	18.324379	25.298925	25.229499	17.765088	16.070156	28.198351	29.120133	27.116234	26.009644	28.737639	28.493759	29.384649	21.268197	16.860012	27.375032	23.783395	28.199164	29.143302	28.708215	27.980259	19.742261	28.789402	29.042078	19.374490	21.392787	27.198990	18.615398	22.939200	24.590935	25.369326	23.646832	26.822893	19.633501	21.028406	27.744206	19.174490	20.252449	24.200250	28.066396	25.768128	29.098028	28.670789	24.410532	19.859812	28.521836	28.307181	22.174248	21.010228	29.393652	19.463829	28.958651	17.202967	14.284204	29.229735	11.057036	26.444359	27.106906	12.576941	23.613170	27.180747	27.489387	28.578805	21.477881	29.309181	19.546037	28.583157	18.984311	25.106249	24.065078	28.422606	26.337082	28.013494	22.223064	25.254822	16.496803	26.169296	21.287532	28.800868	26.825180	17.039880	11.436380	17.432528	27.647958	12.889856	20.196317	18.816400	28.127569	22.362270	29.173799	28.273112	23.420441	21.612272	17.512017	11.507883	25.005754	28.453719	25.827778	17.768695	28.157016	28.302815	29.139357	17.468735	12.554870	28.015353	25.665803	26.977275	17.570520	29.366916	28.653570	27.228531
17.341505	18.994997	17.367816	24.535978	25.596517	19.106712	16.665318	11.696694	28.934440	28.481728	10.658330	29.218976	22.241238	24.673669	29.178133	18.718789	25.823539	20.989289	28.153084	27.349258	28.758127	23.256724	22.253461	23.875137	28.921050	21.217058	28.455114	27.909174	29.042452	22.888145	28.498706	27.115571	0.000000	29.381656	21.043270	12.194029	20.141122	28.483094	25.865200	21.321392	25.749497	24.090208	22.386789	16.497998	24.426715	28.810554	27.909164	28.578007	29.241659	29.339806	12.287477	27.903959	28.144541	21.178337	9.806558	27.616815	22.126826	28.405546	19.497654	28.733024	22.930343	24.508081	25.518384	28.852758	19.799257	24.195735	29.210029	28.181749	29.303281	17.382419	18.000344	26.647906	12.105770	13.818103	17.249307	25.986067	27.526957	17.497373	18.678911	24.692131	15.458139	21.811233	29.363876	21.811015	13.731680	23.168125	27.389977	25.633385	20.131080	23.712135	19.606751	26.281965	21.723131	26.831395	28.890866	19.382259	21.211972	27.110038	28.067563	28.611194	25.685817	21.474216	27.708169	21.736168	23.747741	20.181506	15.909273	26.764265	17.540484	27.727305	22.657524	17.806236	15.249171	24.463120	23.727859	23.785855	27.689218	21.216218	27.344150	27.399531	11.656911	19.850839	28.468810	27.246008	26.584488	13.595623	28.990853	28.507290	26.697800	27.372400	11.158621	28.604803	27.351744	16.042292	22.151684	19.528065	27.578088	22.537918	24.856778	16.755471	21.765695	28.787061	26.679316	24.074228	27.108195	24.478213	11.629654	28.675986	16.362057	28.863995	26.419083	21.601217
29.398259	25.621303	24.543740	25.794279	27.264430	29.059937	24.316651	27.936111	15.847088	16.740372	21.668433	26.590803	27.796592	15.340439	20.658565	28.454627	28.058503	18.921047	28.317337	19.826903	29.358869	28.925104	19.487692	28.663376	24.595550	16.307194	27.681880	19.624265	11.509899	26.326785	24.024469	19.364722	27.941744	0.000000	29.345949	29.179645	29.399636	27.627364	19.648998	26.377567	28.405192	15.504956	22.906504	23.939257	18.948324	28.719031	20.236840	25.696981	27.740622	23.485053	24.039827	26.698117	27.840015	28.355303	26.373456	16.701407	26.314120	26.218780	7.729637	15.067413	19.005666	28.658102	27.421645	19.989497	27.671488	29.399933	27.872572	28.604751	16.881254	27.275012	26.447723	27.260014	27.644423	28.976810	27.509666	29.219121	28.535492	20.596977	16.914507	11.069459	23.425571	24.567941	24.350141	20.994294	27.431816	27.225416	21.640358	20.677146	25.054643	29.351149	27.462756	28.284656	25.871670	24.013719	29.376397	23.627342	28.894607	26.076871	29.350958	22.451938	24.958095	28.391978	15.848415	24.712188	27.649777	29.265494	16.769248	22.043539	25.212037	26.820396	25.298039	25.154450	29.063873	22.179565	27.025447	21.436278	25.568892	26.086183	28.643439	28.579561	17.464674	24.657743	23.957691	18.902901	27.289736	28.408441	23.423785	28.330056	28.422757	19.507235	16.195757	23.550809	28.883638	18.570822	26.230982	28.988364	27.417944	27.258812	20.506463	28.954331	13.128267	22.876938	20.532273	28.254212	28.256846	25.159762	24.782533	14.563253	20.717958	15.678605	9.626643	25.524571
25.033809	28.949024	26.266246	24.689553	18.248976	25.648772	22.381537	18.662440	10.430105	14.481646	27.635222	29.380652	25.977923	7.845025	20.155945	22.899139	17.053748	27.972672	17.299970	17.350181	24.554756	18.683802	15.363199	25.349798	19.567249	27.325437	23.943713	29.149305	16.604353	16.557413	26.028957	29.265509	29.162146	24.305601	0.000000	19.525229	23.467781	27.595821	20.991003	19.668443	24.249037	21.949563	15.893804	19.916048	29.043850	28.711859	21.576165	26.280787	22.633279	29.156122	25.190834	29.269995	24.299326	22.860149	16.928380	27.547307	27.183953	26.440139	27.901009	28.939244	19.865481	24.158790	27.437295	28.308533	29.284068	29.368220	24.494388	19.284794	16.548967	26.994475	29.338051	19.075598	20.604414	19.608496	20.833820	25.897330	21.431368	28.214061	28.944659	23.021226	21.623047	25.594361	23.522633	12.843002	16.967158	29.348906	29.146232	22.374811	29.210756	28.063279	18.908064	23.594392	18.396442	27.974639	17.592088	28.772532	13.728883	24.204332	17.033405	25.681307	29.387237	28.160379	17.715131	25.463242	24.362405	16.907491	26.613211	18.488444	26.078812	27.975353	27.278154	18.756675	13.560788	28.314301	17.693896	26.791914	27.024982	15.952616	19.457615	25.053951	25.510747	27.586727	28.941275	22.252825	27.456657	29.141395	26.928372	22.718467	19.296227	25.083482	28.957110	28.371819	20.503429	29.341655	17.300794	28.923385	29.021240	27.841335	28.742730	24.254033	27.390032	22.562859	16.847139	28.280187	20.840509	19.523335	14.292388	19.647390	17.272481	29.245888	13.846538	25.761121
20.037015	22.260067	28.009671	26.276932	25.707105	12.613417	26.628564	23.021820	23.240749	19.410777	18.455374	25.424322	28.562068	23.645888	18.809473	24.178977	28.744645	28.201130	28.110962	27.710367	20.862281	14.139982	21.959276	26.976217	24.981543	18.908613	25.833569	18.213994	17.447626	21.829916	26.644122	28.862575	28.486520	28.354051	21.166398	0.000000	21.093235	27.319533	20.981298	27.199274	22.927920	26.692953	26.952218	28.842533	24.213604	18.558351	23.874862	19.315781	7.175044	15.879297	25.743659	14.344967	27.926830	27.593038	29.274153	23.956900	28.528970	28.518635	28.711321	26.326460	17.658364	28.620379	19.178340	17.761677	28.921754	24.676482	28.425978	16.026243	27.094316	21.986623	27.870049	28.683472	15.420509	27.454899	22.661049	25.124409	28.999015	28.354704	13.632555	29.029598	28.607481	27.243100	26.302012	28.207320	23.424954	25.643229	17.749787	28.582611	22.929068	27.084497	24.861722	10.848070	18.972148	28.458730	29.345221	25.868398	26.646732	16.016229	25.671812	24.158403	21.122810	21.020316	16.070490	27.280640	19.172623	22.654899	24.770969	14.950328	29.108567	29.002211	15.426349	19.084609	17.192387	28.173984	25.504154	26.160535	28.469152	22.976737	24.518190	26.881431	26.373278	26.914151	23.383213	19.623708	26.875623	14.735617	27.707217	10.992254	20.811104	19.659855	27.952484	28.793900	28.714333	11.793357	20.700333	29.288630	27.481447	10.248161	27.678712	11.020140	21.990323	21.176743	12.333280	15.756756	25.295676	17.732525	15.786245	27.808974	26.440141	27.009780	27.320965	15.799170
24.726274	29.348510	26.357681	24.673320	29.241559	17.003769	26.224781	26.877275	16.865976	29.019686	22.834556	23.679907	18.844382	24.509727	28.438773	25.950089	11.716246	28.783785	22.338642	18.151633	21.832057	19.891540	23.437681	19.443741	27.320249	24.431449	25.224569	16.407339	24.822584	25.752712	25.425063	26.627141	28.737857	25.944208	19.721439	13.864555	0.000000	28.902075	24.985376	20.806020	27.996130	28.120786	10.727716	17.973130	22.064527	21.865071	29.049448	21.413645	9.568590	10.427522	24.614762	26.423685	29.332695	20.859034	26.522766	19.316012	12.895103	27.400986	23.942728	28.036898	29.095261	15.708006	28.576444	12.495796	26.520685	26.841781	28.193781	28.658477	29.072893	25.181281	24.647287	26.417609	26.220976	28.369123	24.504606	24.786046	21.040606	25.496673	25.628403	29.302810	11.274129	25.514010	22.187145	24.256069	27.415041	29.011720	28.860134	29.004076	25.813512	29.386433	8.789896	27.965925	26.608929	23.765391	26.368448	28.066252	28.578389	26.631516	26.224006	26.533520	14.469946	27.752740	27.880989	29.226735	15.011934	22.846163	26.780505	18.721342	21.288038	17.672339	28.595116	27.998385	20.089657	27.745699	16.083520	22.676903	19.463908	25.700566	26.114875	21.374351	25.312764	28.889776	29.124739	20.062712	22.882855	28.361104	26.767828	28.217421	21.135094	11.852657	19.751384	29.141565	27.938539	17.806458	29.378242	28.697874	18.962556	24.077481	26.813679	29.025368	22.556015	24.093459	11.487725	23.757680	25.469954	27.890838	27.258087	29.104919	28.090902	24.163704	23.256541	18.743059
27.321756	26.042450	26.798405	26.519564	25.910937	17.015482	21.361868	24.689478	26.446076	24.349338	29.251908	29.297221	26.658368	16.954303	20.154362	28.840797	15.266731	22.958888	26.292715	27.834880	27.065716	26.467461	27.168940	24.802192	17.682735	19.229589	23.409053	21.068359	22.297116	25.875844	26.818735	28.806242	28.846931	27.626650	28.385737	27.210740	12.052889	0.000000	26.841859	23.089044	28.215265	28.687246	15.368018	18.176958	16.248956	28.856596	25.511357	24.344139	23.332041	27.113330	17.913239	18.869782	13.806109	27.534748	16.594758	29.362407	16.159536	28.114315	17.884197	22.870511	27.905808	27.083744	27.174690	24.149650	28.735848	26.827492	29.238415	27.584241	25.736548	14.574183	27.769973	22.567628	24.786704	25.792460	17.506090	22.049334	19.498413	28.783362	20.875568	27.120653	18.733408	28.291203	28.839310	17.120893	26.323041	28.471512	28.052348	25.326948	25.834088	19.159524	11.995341	29.288579	23.574829	21.658461	28.466809	19.852800	26.110132	26.940041	27.302335	28.815771	17.669871	25.151835	29.049847	19.486995	20.851472	28.538304	23.539812	22.254207	18.228030	17.965057	18.085290	28.055014	15.368348	18.188358	25.049872	16.915919	26.279030	21.280165	23.257895	21.503901	22.384392	28.529874	23.956037	24.101246	29.300423	28.356915	28.932187	10.112759	29.234214	24.980399	28.782044	25.859640	24.092884	21.722283	11.318848	22.897278	25.112390	29.221840	7.540942	27.522896	24.202940	29.212544	23.319380	26.177252	19.170343	17.492528	23.105599	14.314715	28.679138	17.384003	27.254031	16.548870
19.650315	22.600987	16.786381	23.638908	29.356742	16.101502	26.469202	9.717538	15.543719	27.340135	26.476713	28.577698	26.287514	26.501771	25.985394	20.651383	27.391485	29.026089	23.971059	26.032539	24.438649	7.963541	28.668278	20.497555	26.132691	25.145192	26.875091	29.357609	20.338889	12.250495	25.094362	27.791885	16.462486	27.278866	28.487933	26.132302	16.528669	25.392700	0.000000	6.563193	24.731106	14.701953	24.717161	25.021897	22.747730	24.444988	26.982662	12.020803	24.465391	27.957135	26.646740	15.682006	29.014186	19.631563	20.451139	10.889970	29.128557	29.049674	24.566780	21.549675	23.133920	29.272624	28.446136	16.537627	21.084953	19.952250	23.097895	26.942346	25.249950	22.264191	27.336577	22.681970	26.432940	24.432868	16.913615	27.760146	22.298877	29.165083	18.704341	26.629819	20.294860	27.701218	28.671197	25.907131	9.025718	13.888124	24.833178	24.126509	27.630627	20.769540	15.800949	13.967619	27.032579	26.202475	29.057118	28.877993	26.983982	14.126374	28.110225	19.399647	15.840050	25.388163	23.174354	24.838654	25.295267	7.533926	23.667249	21.426591	24.122520	28.091319	27.692996	28.805038	26.885430	24.007418	23.547714	22.842930	21.541622	7.231968	14.719846	29.043700	26.868392	18.177306	12.933143	17.717959	25.516691	23.970629	18.800681	18.916957	27.817534	27.578441	27.552915	28.040877	20.060102	13.507330	20.248463	13.184807	13.197776	27.222173	23.073657	26.449939	29.303239	21.025595	26.668863	19.812916	26.329496	10.707290	21.475541	28.603709	29.110205	28.967445	17.991465	18.944124
15.253560	20.977012	29.229649	28.339616	24.009100	16.962540	29.239585	19.672264	18.304311	16.021565	25.638799	25.634001	19.910561	26.708258	29.153823	27.647763	28.468346	14.848732	28.252204	25.248110	26.116938	27.830492	24.057718	19.149333	24.050382	27.673009	9.391928	28.737949	26.326945	18.075331	28.064971	13.590593	24.264775	28.299122	28.667144	24.434647	28.378910	28.801465	25.415964	0.000000	26.011973	13.696601	27.742595	28.056524	24.978331	24.317849	27.065653	13.220544	27.972335	15.766787	21.349529	27.359875	26.913514	19.131491	14.482082	16.449889	28.995351	28.337429	25.068345	27.562485	22.270830	25.195898	28.390957	29.343960	28.344496	28.891858	27.747902	15.946352	21.085636	21.490466	18.430508	19.134090	22.762844	13.607575	20.988374	28.433521	25.236173	16.924774	19.740086	14.808868	19.803061	16.470813	28.055964	25.480048	28.777151	26.086939	25.396015	26.565609	28.346332	23.663384	13.255707	27.238717	28.665494	26.701820	29.346912	12.763249	27.833215	24.424475	29.220013	23.867326	26.566425	24.602351	21.706778	23.706277	14.230751	18.056869	27.600902	25.358639	24.191173	23.045048	11.839737	15.218324	25.473312	24.963400	24.321901	27.103439	25.813521	19.096543	24.755886	28.238141	27.482631	19.614573	22.513680	15.196284	17.107005	20.765523	27.766947	13.012374	12.757985	14.047516	28.395631	10.918306	19.109465	21.898517	18.400536	25.773685	11.066113	27.649482	26.296840	26.667502	27.924098	29.374472	29.198134	22.292958	17.255342	15.709931	19.614061	22.008893	25.397680	25.683040	15.032101	28.008421
29.356364	21.948153	11.587951	22.226997	27.720347	28.444863	17.906441	27.398238	29.045107	29.151485	17.252130	16.278036	29.250241	14.640897	29.215937	28.939581	29.107301	27.167622	16.505619	25.348845	25.736810	28.042116	20.231257	29.072384	29.274649	27.893220	25.666175	22.119783	15.991123	26.246294	28.766878	28.031993	23.538350	27.906071	26.083010	26.723715	28.593815	24.849757	28.841454	29.103840	0.000000	26.559360	26.030491	26.662655	28.005326	23.652738	28.294331	21.337193	27.685369	23.385884	24.158685	29.021597	12.020092	22.537753	29.099912	27.818309	24.402720	28.479829	9.616019	23.821940	24.362841	23.340613	29.058376	29.100087	14.861964	22.169471	17.186514	22.954044	27.076471	18.094731	25.782253	12.206923	24.369884	24.963813	11.320329	17.948546	22.777002	28.768356	22.276345	6.522187	25.904947	28.219966	18.494488	14.424349	24.002484	26.646282	23.447855	18.040302	15.234922	15.815813	29.325793	27.875925	8.905688	16.447487	18.560577	20.181587	15.479083	25.313668	23.775975	17.479721	19.080323	28.238075	25.971178	29.346585	28.255593	26.284147	23.024007	11.035857	18.141824	27.855812	21.893270	8.872715	23.956480	21.742107	17.974421	19.328650	28.428588	29.324638	16.022904	26.285844	26.135626	18.686753	19.442020	25.491350	29.299418	14.894368	24.074360	23.478066	16.595663	27.746313	22.617438	7.918596	23.672652	27.630035	29.299908	21.223926	26.071270	28.429832	14.707429	11.742918	29.008710	23.440012	24.021751	21.946482	27.846706	20.629192	28.841279	16.951763	26.769414	24.786473	27.999316	26.010326
25.724787	20.145221	10.201499	29.159996	26.730229	29.198197	23.436484	25.613540	22.664194	20.028775	14.504110	29.031633	14.536878	25.996395	22.842660	23.631861	17.056169	28.005034	28.050960	26.717189	26.808986	25.119667	24.673678	15.613387	28.198494	29.399914	19.124959	26.103229	24.211456	25.985626	16.894350	27.653268	13.440480	28.911525	27.173478	29.142862	24.954342	19.408376	16.042349	25.085729	27.229026	0.000000	16.699221	26.618396	22.033829	29.109764	21.981413	18.062187	27.224555	17.707952	26.469625	14.207375	22.085207	28.321236	28.869857	29.372580	19.914705	25.944282	27.343467	28.591636	23.796360	24.716716	25.517082	23.976883	23.069284	22.859177	28.067535	28.984923	18.138081	13.495114	27.696315	29.224528	8.995886	28.924737	18.716021	15.066174	28.990085	25.933420	22.693822	27.001534	28.734225	26.696165	28.192811	14.085974	29.334376	25.387453	23.762112	17.082937	18.313306	24.578337	27.618281	14.022497	25.212471	26.928091	17.927498	21.586573	29.041024	23.892726	18.814210	22.745187	25.282104	27.096179	29.004468	15.180152	26.114951	22.197181	26.721554	28.263792	22.145875	25.943536	29.152220	29.381745	17.150022	14.041066	29.067999	28.795387	14.517677	28.291754	23.942778	28.734720	17.759607	27.591615	28.061843	17.211075	13.263886	27.078923	26.276863	29.080852	23.168797	26.746969	25.150961	28.594236	24.994533	13.418968	27.295799	17.296216	27.889580	16.446314	24.881757	13.744689	23.015293	29.017005	24.514667	27.862438	24.797824	26.705993	16.047314	26.827136	28.526809	23.787637	22.695303	21.097342
20.611269	20.764658	10.685030	21.258556	23.091239	27.163265	28.739240	16.391173	17.796369	15.233478	21.804193	20.627379	28.045899	29.337022	26.323719	27.742847	25.437596	27.457563	26.553302	28.119517	16.200604	28.511123	26.713997	27.402922	15.324174	28.412252	25.785115	11.922009	20.076950	26.549517	25.779553	27.022661	25.672583	13.267170	17.733513	28.646610	22.207515	23.350948	22.753041	24.983400	19.732723	26.828749	0.000000	21.812823	28.100247	24.265590	29.177938	17.477941	8.950203	24.454700	12.701726	24.531946	26.660440	23.000345	23.170710	25.512353	16.708195	23.503935	29.160815	29.195303	23.039568	10.432444	23.305982	26.357740	29.375916	25.599414	23.973772	24.423848	24.404387	26.183954	27.627865	26.791060	25.673442	22.849390	16.256456	29.375087	19.345498	28.284032	26.078416	28.036633	21.276812	29.222240	29.323308	13.184779	22.921135	29.300266	27.238082	28.651318	26.767936	22.528508	29.077993	18.785718	28.690340	28.626778	29.325158	17.516423	22.755598	29.092706	22.008025	24.329888	24.757518	27.517910	27.250481	24.275887	29.360964	20.052048	29.379735	23.041389	29.341286	28.250364	23.468677	28.542246	22.502944	28.080125	22.917401	24.324049	28.547132	23.154069	21.957425	22.475888	25.677834	25.407786	18.680066	10.274113	13.671955	28.797993	29.329073	29.287770	25.999049	27.746255	19.220910	26.103510	28.933810	17.976883	24.031478	28.751434	28.628095	26.652487	24.978028	26.658975	29.308097	19.853624	29.385637	13.182934	26.132317	28.447645	24.475056	27.553566	27.872912	28.048929	28.166709	18.907968
14.063114	26.378945	29.185571	25.338600	25.264569	24.950879	23.795347	18.691467	29.369882	22.967322	28.954915	20.209033	19.342003	11.808550	25.974757	24.762090	29.202813	29.168932	19.304532	13.658043	28.410693	28.326854	29.138032	21.475998	11.575195	19.810373	20.782933	29.124412	22.995228	27.452868	29.392186	29.208984	14.199053	25.891956	28.806359	15.125904	22.606663	26.297150	26.917307	20.512408	22.004015	22.974747	28.402409	0.000000	26.981552	21.411463	20.453039	24.164967	22.984061	28.574995	27.387552	24.948668	28.614423	23.972539	26.688163	28.883312	28.944783	26.194392	29.085654	28.029813	13.954132	8.228847	12.615225	24.323843	26.261572	20.835174	28.930385	25.617719	28.965886	19.573367	29.351097	23.008251	29.383364	28.899533	23.529087	29.269382	22.556399	28.694681	28.521051	27.639530	27.919285	24.233384	27.840157	16.861940	24.076487	13.960845	29.278487	27.886812	26.582680	17.923417	23.938799	29.393516	23.673934	28.275924	21.224688	26.409749	27.419465	28.082799	29.198408	24.524507	14.233327	23.244607	28.312275	28.508018	6.991447	28.431023	26.018735	27.846711	16.010963	29.342067	27.538943	28.997260	29.219805	28.851793	27.522640	25.310674	25.574030	17.965511	23.802266	25.208731	20.032175	15.090940	28.079588	27.636031	29.246328	24.154552	23.796579	21.522987	29.315862	16.461475	28.336193	12.804710	27.343521	13.909597	21.376004	11.453496	22.726452	17.603642	14.847978	23.794035	20.083893	26.070189	28.737231	27.399367	24.417458	27.113377	15.753159	27.404446	13.568958	24.829250	19.023220	14.776268
28.784177	28.460209	22.232367	25.086117	20.365362	28.932870	27.545046	27.681680	22.720274	28.429599	19.692272	17.934955	25.858192	29.385530	23.240614	26.411187	28.369481	19.330000	14.049287	29.250581	20.613231	23.590005	27.411604	17.073769	29.382342	21.183228	25.505232	19.953005	9.191668	26.537567	16.084836	18.931922	23.396858	20.243162	18.771969	19.751159	22.790055	28.842394	29.091325	19.374404	27.861827	27.182317	23.196396	26.249744	0.000000	25.343179	21.841627	28.862081	29.027625	27.067399	20.921884	15.990703	26.002281	23.356199	29.171722	25.214515	26.723578	19.191670	28.738452	13.096280	29.301390	20.719968	25.738122	25.673725	12.640348	22.079782	26.433945	23.101231	16.831031	28.081331	20.464387	28.738642	24.533724	28.939715	22.136356	27.419945	27.395698	23.819753	12.989370	23.667995	21.298336	8.703619	14.079515	24.472035	21.102957	17.390114	21.369628	24.262855	29.173418	26.881881	24.088320	28.183215	28.453794	25.883363	24.375685	28.884236	28.923970	22.135024	27.880124	16.789936	23.184606	29.233938	20.916253	13.926142	15.023543	23.677915	27.674186	25.569197	27.510397	26.326479	29.074133	25.915913	28.221218	29.385052	27.037431	28.618535	23.113251	27.339912	14.361703	21.708534	16.032794	29.290123	24.224062	18.886133	26.165989	27.972654	12.385665	28.720909	25.182174	24.959036	28.506698	14.503546	21.311503	11.926995	29.042772	23.483600	19.209997	8.202709	18.678725	21.907406	27.017625	29.188128	18.620046	26.469564	10.651089	24.637316	29.256417	22.183405	20.597703	15.057772	27.340790	28.734177
28.404494	28.908459	29.393610	24.039402	21.245816	9.448069	24.657130	29.053886	26.263618	27.360925	25.268667	29.387945	19.988847	14.735066	22.332893	29.017450	26.688786	26.804395	26.891485	21.307399	28.480144	28.768754	28.814579	26.889512	21.136832	20.088507	16.831514	18.464621	28.322128	28.595691	23.171995	26.774219	22.914367	28.047936	20.524007	22.740693	28.333511	28.219822	27.393316	17.577786	24.130576	21.911804	18.039740	19.289628	22.791753	0.000000	16.850142	28.276254	22.143615	28.860163	24.055823	27.098769	27.367960	29.231399	28.870535	28.413875	22.322916	26.109602	25.125286	27.305005	28.732466	19.472479	26.970036	20.500475	29.059994	23.460381	12.156525	17.886644	25.562879	28.842301	27.969383	13.713460	26.067833	27.853904	25.002798	29.072162	28.116410	20.741888	28.152619	17.051336	20.640908	24.133945	28.928339	21.071220	14.600060	18.867167	25.706857	28.229779	27.443198	27.880389	29.319023	21.374810	28.457115	25.913443	24.586286	28.168271	18.494780	11.534376	29.167072	21.487645	27.642055	29.045694	15.704025	14.593377	25.873847	26.654208	26.414853	27.023629	28.597693	28.822585	23.626943	26.153630	25.340012	22.962423	21.229017	23.889014	29.065992	29.329448	26.493459	24.527700	17.813639	20.054268	20.142319	23.195142	22.626285	26.870306	28.090485	28.801257	18.491227	28.005618	17.531970	18.655853	21.204435	27.522002	22.719624	18.960847	28.347339	26.851060	22.153206	18.379278	20.175767	14.950648	24.702028	26.874169	28.139381	27.303011	18.274419	25.503705	28.888003	29.033219	27.165327	10.991921
23.353295	24.434797	20.827673	15.008430	19.629440	27.507588	22.690389	23.809452	27.901866	27.511664	10.135160	22.584775	25.773168	17.500578	29.018224	24.279538	28.199878	13.551980	24.748236	28.575143	22.511833	28.789440	28.973037	22.725996	28.571648	27.934852	24.232137	26.844904	8.195984	21.980162	19.893219	22.611355	13.878758	22.090232	20.200135	21.165298	27.808974	25.952957	23.818869	28.322121	28.398823	27.846143	28.055746	10.069190	12.524558	24.542482	0.000000	28.196942	14.857124	27.095346	23.913684	17.376698	21.816593	23.527298	26.489935	29.037624	8.101986	14.379400	23.149784	29.018714	25.976619	25.500766	24.473595	28.013709	28.441020	27.017727	28.549579	24.948674	27.905176	25.793332	23.435456	22.595527	26.363881	10.689312	28.341891	20.762220	13.776316	23.563488	8.980096	27.515216	20.734049	18.560164	28.559965	27.313466	22.828095	25.893463	15.349066	21.298303	20.443713	10.588585	29.203997	25.954388	27.806462	25.117530	29.394308	27.442854	25.167219	12.232496	27.610053	20.204265	27.600794	9.368060	29.056306	22.790818	19.206182	18.252187	27.785321	21.406187	24.378872	17.608235	21.999781	28.251869	25.548343	26.198966	22.611350	25.457575	13.702070	23.757992	20.259036	29.116601	29.079613	28.000827	23.093028	28.462388	27.667706	12.541284	23.177752	28.715721	27.733655	25.607371	15.125308	24.495099	27.019974	27.558019	13.094718	29.300525	27.605860	24.495880	19.051019	27.283491	23.134891	16.235863	27.083929	16.221017	25.926673	26.613755	25.865955	24.800457	20.582978	23.776545	23.158988	28.397079
27.952868	26.746557	25.567534	23.853843	24.485554	22.704863	23.186304	27.218721	14.546637	19.527991	21.066800	25.987313	25.848781	18.732267	27.440737	26.551544	27.429092	23.733273	26.013864	24.236813	11.823329	12.959194	28.921314	23.573648	28.856625	24.590356	21.728935	25.277078	28.905522	23.558759	28.896562	22.143522	28.700898	26.258023	24.908028	21.650218	24.668729	27.103572	28.712694	28.783682	25.121484	27.065832	22.837886	26.102843	24.253738	12.227345	19.764829	0.000000	26.916516	10.805006	27.214594	9.023306	9.327645	29.242559	23.897488	27.326576	20.866325	21.110615	29.205915	23.902433	17.086237	28.713994	27.530119	27.226784	28.198652	19.105523	27.244141	28.306463	28.457104	28.330147	21.599525	25.365257	19.157336	24.900388	27.985437	27.658792	15.658534	18.623209	20.842978	15.432804	12.490721	25.887152	26.354953	25.229662	29.031512	28.578422	21.882603	19.026224	28.169100	29.340663	27.672934	27.801201	19.209422	22.524552	22.870687	29.390163	26.049777	29.271998	19.620750	23.990336	26.303213	14.530676	14.862660	26.559234	23.652517	16.964984	23.831748	26.997283	16.469879	23.404392	10.092711	27.885690	20.671908	27.273276	21.111269	23.492131	10.941813	26.572780	25.556877	22.787639	26.024786	24.599279	18.231332	28.595630	23.967979	22.948447	24.104631	27.508623	10.163519	21.284676	25.626949	17.931833	9.756964	12.857405	18.153183	27.004781	26.110311	27.633643	27.596181	26.822106	22.544540	20.092171	28.736706	26.931709	26.751590	22.953129	27.966364	22.777214	26.202950	28.492210	15.285980	24.144569
28.968592	14.684028	22.832602	29.077170	23.667740	27.328120	7.937873	29.214354	19.103550	16.653418	29.379806	27.533313	26.041114	26.320178	28.096521	17.621814	12.540035	21.096258	6.902453	20.701470	27.452338	28.837834	22.857763	24.102616	18.911639	26.929957	29.103386	13.707276	17.508599	26.402642	27.668495	21.356264	14.985289	21.949108	22.380920	18.285842	17.981035	25.436937	7.252044	28.306000	29.110657	17.042975	17.104065	23.752553	25.265346	29.234957	21.187439	25.630698	0.000000	28.219875	26.389235	28.147683	8.314894	20.062205	22.075589	11.496082	21.382028	24.644719	20.507135	10.673202	22.363140	28.380008	21.122209	14.816683	28.841684	20.474186	27.611987	21.370874	28.291428	28.868201	29.042563	29.073595	13.612606	19.149980	27.433174	21.389913	17.224221	26.118501	27.190902	9.429868	27.239200	20.934617	16.301754	21.454917	24.819010	13.124139	29.116406	28.356946	7.140182	28.995645	15.021823	27.679160	23.965648	19.668289	22.830458	21.740742	24.568586	29.356805	23.280176	25.113943	29.119959	26.773271	29.026917	20.778916	26.642734	29.080369	25.028202	28.218200	28.504330	22.419820	18.029353	11.012343	18.418626	15.653236	19.259290	22.335243	24.910243	26.395787	27.944165	29.373915	24.209691	28.418210	28.950845	28.920822	16.127648	27.857356	27.761463	26.510393	15.839576	28.941995	19.469488	17.245315	25.364687	19.744943	29.154794	27.533387	27.194860	26.633022	28.250418	20.991607	7.601188	28.988177	26.869316	28.658290	28.951597	17.185074	21.853252	25.041903	8.416631	24.703203	28.972266	20.549154
24.092509	17.063024	23.109777	19.549833	27.861817	28.979051	27.032719	27.709227	18.572765	9.342688	27.740354	26.798712	24.261493	27.106947	24.923234	20.127690	24.585622	23.107821	23.132200	20.584162	28.801434	28.879343	29.095676	23.437874	23.146083	27.642618	29.273449	28.679191	28.584331	22.080909	25.396735	16.013051	24.933097	17.609085	25.983509	26.295640	26.570899	21.093289	26.453250	24.076293	13.688888	29.229400	29.254232	28.475579	27.682084	28.811922	13.738728	29.114988	27.960192	0.000000	23.636148	22.999834	22.331898	28.613127	29.175648	21.327636	20.582087	23.807754	28.122795	28.701465	20.086973	24.230865	26.593246	15.969918	17.626229	26.979470	29.230792	25.198174	27.830920	23.838612	24.436656	29.163091	25.164192	28.736438	26.180837	26.315202	28.085183	23.392211	28.398104	20.883453	26.439672	27.800043	21.802749	25.554408	29.013143	13.035108	18.199121	22.580661	17.630699	26.714422	27.650467	21.965666	26.325646	22.176092	29.065074	11.961554	28.571415	29.162726	29.003253	13.407470	22.814762	19.987060	25.564991	27.118209	27.914622	27.034422	18.761934	16.436494	24.698024	20.001998	29.054046	24.776910	19.873155	25.983944	10.012964	23.158689	25.296068	27.060932	28.072530	11.736115	22.323391	26.182484	22.663742	23.208591	28.834812	28.977044	22.220264	29.380775	18.144845	15.728906	27.503474	23.778097	20.899696	8.944438	18.121293	25.863708	21.619367	29.125851	24.557146	28.029844	17.040915	26.265203	12.469421	29.257301	24.006095	27.360137	12.752181	23.494767	26.895530	23.256115	22.124743	22.256284
26.695048	18.360626	19.757977	16.706949	23.470635	28.791274	25.409143	28.508136	28.833006	26.553403	29.352590	14.554767	29.378526	11.788805	28.942547	27.283343	19.676013	29.261413	20.109380	25.544965	28.072817	29.051701	23.687541	17.082158	19.436438	28.770154	28.862435	25.397264	15.999505	29.293659	28.164002	23.299760	27.851401	27.249708	13.295938	24.755857	29.031835	26.101483	27.569602	11.672129	21.596700	20.067149	27.961694	29.388085	26.878729	28.745683	28.366658	21.774759	24.037768	23.472203	0.000000	14.859921	29.019887	28.807466	28.810563	23.979876	23.003467	19.990158	11.968380	16.362807	14.199238	22.243438	24.452560	24.431661	24.671490	22.606334	25.829650	29.235582	21.326893	21.889814	29.130875	20.756303	22.892181	25.878255	28.236210	26.559535	26.944136	27.210139	27.724961	11.189694	29.391674	13.782082	23.589082	10.774525	27.969723	24.417388	25.976644	16.144715	24.705679	27.294636	28.048965	28.325044	23.279024	29.390842	28.849682	16.846031	23.234152	28.015468	19.167108	28.439531	28.655682	22.128882	29.320932	25.024684	28.081628	19.141706	28.367284	28.860311	26.421166	22.179148	29.240918	15.721521	18.964733	20.988187	17.807274	28.033707	18.532377	28.252728	20.254442	22.706439	24.663095	22.619608	25.932598	28.916555	26.110991	29.066892	15.180301	28.159471	22.631644	18.119981	21.700965	24.778339	27.006372	24.065967	22.196125	29.376616	28.278591	24.957731	28.444093	29.088827	27.343965	8.214214	25.906178	25.954655	24.390873	26.034640	25.728410	25.657751	21.514324	25.818037	25.925118	25.713651
28.219850	25.957336	21.962241	16.674483	16.723354	22.260180	29.329233	13.642446	24.519495	27.643794	27.798950	19.007494	27.764922	20.381258	21.872502	28.884015	24.592496	25.734353	28.671458	28.931780	13.670290	14.725122	19.986530	26.857382	26.531201	10.540136	27.154086	12.898703	28.157958	17.790071	20.561615	29.090742	25.660745	27.533932	17.426778	19.973305	13.108924	28.539141	14.650700	24.659795	24.554689	22.363009	28.349048	24.068205	22.322283	21.113940	27.863113	25.925645	23.321092	28.183651	23.015769	0.000000	25.675877	29.056801	27.388164	28.078341	16.741772	18.223443	10.215548	22.326352	28.004484	24.225200	28.121499	25.432476	26.612113	25.752129	24.667445	25.386574	26.634937	26.626464	28.974896	23.103819	25.312234	28.589073	15.567296	15.884367	26.299493	24.393128	25.975060	27.659732	24.530212	27.251445	21.077834	22.913738	27.893705	19.349775	27.605134	14.208964	20.509862	29.136856	23.145101	12.213914	10.018470	14.201978	17.233343	24.426094	28.089831	11.186076	29.220429	28.014172	29.393279	21.535104	25.120179	28.108997	20.975626	25.894362	24.285795	26.482867	28.808630	25.597101	26.423779	27.428934	24.088967	21.388284	26.857831	28.644431	25.172263	27.043581	25.361957	18.951038	28.402265	22.744086	29.324239	7.608716	27.225287	28.686002	27.383938	22.342520	25.939026	17.546618	22.712979	25.152969	22.527808	28.125766	19.316026	16.432622	17.591534	25.114865	28.457987	29.251738	18.677449	29.135727	22.845847	28.566852	28.637987	29.050546	25.555527	28.122387	11.472783	28.953855	21.661570	29.286217
13.356703	25.506690	29.048638	14.396313	27.859466	25.833512	23.706452	10.371041	25.710048	23.734194	17.286471	17.698010	26.798826	22.077188	25.589634	26.352143	24.479295	28.469590	26.995631	26.388214	27.006779	29.181703	29.007409	26.266594	25.859951	27.141034	23.703037	27.818976	16.028738	29.168943	24.704717	28.774213	27.484849	20.316060	16.044930	23.521873	22.553842	27.607871	26.035200	21.259460	27.460645	13.126413	22.925422	28.012354	26.778223	14.071276	17.928542	21.323580	27.610731	27.399057	25.818973	29.385201	0.000000	19.051249	29.356122	23.856725	17.407619	24.090207	21.843893	21.601738	28.970278	23.131127	28.762920	19.387919	26.126007	29.205811	10.513456	20.654710	29.227771	17.009706	26.763862	28.831906	12.161251	27.478892	28.280218	28.766578	26.348594	23.600232	28.450313	11.663578	23.823889	29.004592	28.839920	28.598817	12.396937	25.488960	23.037979	28.401816	27.706817	18.060869	25.365281	22.913517	18.432728	25.557265	25.501866	25.863092	19.380650	23.453192	19.584361	8.702275	24.380570	28.364862	27.976746	22.060016	25.045021	27.978676	23.281109	20.207896	25.089337	25.655868	24.497312	28.531270	29.016474	27.941212	29.252189	26.436706	25.959246	25.469452	18.280541	28.605726	25.545698	19.656361	24.800494	26.435300	27.990464	20.771546	24.711696	21.166527	19.164427	22.954286	16.339300	22.211707	21.886194	27.102819	26.128101	28.903846	28.465987	23.575684	19.495395	10.081220	11.101968	27.502274	25.883658	21.798622	26.444457	29.369117	28.801183	27.880090	26.843662	22.755338	12.591934	18.181007
28.759048	18.746584	21.319313	27.580941	23.177808	24.181919	19.331192	24.361601	28.705233	23.306958	27.849797	21.035548	23.310815	12.489364	29.097741	28.334406	10.344368	25.685096	16.710346	23.926608	24.716966	23.619186	27.596592	28.622777	23.575867	26.130241	27.557068	27.898353	24.547589	25.214746	19.028965	25.575804	22.507460	21.615276	26.164664	24.335340	19.488544	29.114514	13.101803	28.160059	10.732331	27.526148	25.002029	18.943283	29.064120	29.027896	29.248979	27.871380	25.352652	19.649997	21.972979	19.661820	20.368075	0.000000	24.723321	19.197364	18.094453	21.899536	28.488209	23.516679	17.532473	18.318655	28.770242	25.155837	27.342689	22.473887	28.172308	28.849565	27.288965	29.045076	20.766525	17.918449	21.533283	11.922399	14.980314	24.241577	29.286611	23.204686	29.310153	26.196987	29.370584	17.839275	13.333375	24.388115	19.076333	26.490631	24.809096	15.161455	13.076743	29.281815	20.800672	26.858155	27.054617	24.067116	23.592172	24.827399	11.772937	26.873871	18.111683	19.891013	21.180330	27.785637	23.570403	20.693006	21.527962	28.252653	24.204414	29.033714	15.446942	21.059782	27.585341	29.245807	28.607371	25.946882	28.840894	26.619371	20.421790	23.801292	28.989660	27.442492	29.337326	26.468013	14.388242	28.390097	26.391159	29.211441	21.920424	25.852831	24.064622	23.450996	21.897404	28.265008	20.869030	20.595622	17.327086	27.174224	27.404712	27.301385	9.765740	29.396666	27.244158	25.280529	23.767578	22.695507	29.119874	23.101904	21.791406	18.646570	26.993180	17.813119	22.744180	25.888650
26.518746	24.291556	14.977311	14.473712	14.805960	29.269750	14.963349	16.151815	14.948559	25.383366	21.486394	28.806740	15.085363	21.638282	24.432272	24.991643	7.317752	26.753530	27.943621	28.878558	21.341975	9.118989	18.627578	14.728785	15.047672	26.411934	27.326287	27.426155	23.589852	22.097845	23.859759	16.228806	11.897438	27.867970	29.115697	19.757738	20.173493	27.030195	26.920514	26.919361	29.376635	16.207389	24.531255	25.396422	17.044681	29.050449	8.855497	27.249754	25.589527	23.070178	22.045899	20.659739	23.231330	24.223399	0.000000	28.858181	14.058863	28.889270	19.419011	28.728713	21.874298	24.436731	27.882249	14.908392	23.516055	27.736282	15.201733	27.988576	27.560463	16.367473	29.206770	26.163043	28.439529	28.548216	21.276219	23.398063	26.795992	26.786673	20.412368	16.676855	26.649575	29.031283	24.980107	21.866759	8.894865	28.945955	25.774907	27.835744	28.914027	22.578195	26.425911	22.947648	28.842584	27.926209	17.258450	11.513610	15.041558	26.335259	28.017130	23.058635	27.658207	28.823328	15.674695	17.187394	23.705678	22.893148	23.067974	27.729332	19.513356	26.812276	27.766771	29.096684	26.261698	23.764897	23.093243	15.796386	27.318723	29.076344	20.426851	27.541181	27.335559	14.018791	17.331283	28.030955	26.463191	28.644936	20.127558	18.724975	28.433442	23.017142	25.655927	19.304724	26.851993	13.680782	23.821240	18.253998	25.681725	25.366617	20.681154	29.210542	19.930954	22.699222	27.588312	23.613169	23.920126	25.273687	10.654002	29.329833	26.022103	23.755843	29.200683	27.159833
27.258622	28.734960	25.314931	27.129744	25.172374	28.879619	26.526355	21.426238	24.090003	18.235576	8.692388	11.914991	29.372795	29.322650	23.536115	26.857147	27.003441	16.529907	27.288448	18.393904	22.984134	14.993673	22.549171	22.095416	19.172022	23.896442	26.178501	17.789369	29.167141	28.032716	17.502478	29.044824	21.167304	26.340411	25.909678	23.667797	24.051401	23.667832	19.802002	14.042823	17.820196	26.026598	29.072897	28.607496	25.112720	23.943256	28.728284	29.046680	27.684450	28.995219	18.924021	29.158091	29.320487	23.630918	21.513519	0.000000	20.489531	29.097224	26.496671	28.109922	27.158550	21.639378	27.467724	22.690521	28.658873	11.856436	28.359151	25.746200	23.767410	24.384052	23.463370	25.079008	19.854198	16.849993	27.107547	28.192514	25.968197	15.187048	29.048322	29.127991	9.701022	29.388906	28.151774	26.029691	19.244175	28.866501	18.242027	18.868737	28.152613	23.150432	28.720057	27.979927	24.995290	16.593842	21.899483	21.181254	24.804742	27.880404	26.832161	29.392668	24.305611	28.636985	26.776214	27.599846	22.324585	28.930612	27.055538	19.342463	29.290985	29.073154	26.608661	18.339660	13.408163	21.051595	22.493355	25.611965	29.222124	23.136400	12.261891	21.372819	12.970405	27.304744	29.138103	18.729642	29.090435	28.703657	15.815240	28.880226	25.323219	26.576264	28.473811	19.233353	28.895112	28.398028	23.913599	26.804362	13.148504	29.159657	28.859440	21.395428	22.121504	18.499708	22.358933	13.888201	17.987176	14.686155	28.301442	25.611354	29.033993	16.857992	27.837409	29.077953
28.089819	28.878825	24.101986	25.845282	28.100877	26.619186	20.067399	22.754756	23.945866	25.022476	26.033854	27.644686	18.031359	16.146154	25.780176	27.013380	24.311481	15.476107	28.351124	24.589934	20.694364	25.981013	24.973187	26.412976	26.792506	24.732929	15.119036	27.080821	18.277511	21.130462	13.925622	14.889982	27.992493	16.643376	10.983423	23.964671	29.175559	26.780114	23.852444	29.076841	29.317304	27.789350	7.263323	20.320688	21.159017	21.552363	28.560089	26.570269	13.224693	14.526034	22.482020	19.846087	28.367731	21.667501	24.040083	21.471297	0.000000	28.344358	21.922349	21.138263	28.489498	26.139012	29.139567	26.211267	25.942302	26.487054	17.070886	25.363279	23.569374	29.251932	18.213844	22.959863	26.236683	16.544666	25.805140	12.391985	27.947434	29.291235	18.812543	15.225665	28.806063	23.818015	25.127073	21.340648	28.064354	23.001341	27.474135	16.599855	18.874768	22.705098	28.523722	28.679679	24.628683	26.892019	23.933055	10.331530	27.945746	17.408746	9.105851	25.301983	17.882626	26.753718	22.509702	23.090083	25.502141	19.973544	20.385981	27.392032	17.835457	24.497635	20.313757	27.846319	17.947634	27.014101	14.498931	12.096756	17.521871	28.234785	21.312456	28.380518	23.642858	26.324588	26.200567	26.749396	22.145103	28.905999	28.159036	29.048322	28.049944	28.412432	8.293662	29.213241	29.024529	18.419542	28.754120	18.176408	25.126586	7.144950	24.708716	18.650059	28.698595	27.425229	17.121363	25.233777	26.248621	24.525436	27.672610	28.429175	12.041244	14.602889	28.322951	14.366449
26.190934	19.765642	29.317856	23.341015	13.908781	24.817787	28.750769	25.842571	25.268545	27.723392	27.514725	12.936615	27.073636	23.603825	19.085594	12.894508	23.625969	9.696096	21.944230	29.354375	28.899899	20.213444	26.638802	26.100111	17.761733	16.875952	25.152232	29.288369	27.142677	10.039656	21.315643	28.618168	26.886067	27.581241	13.792735	25.588889	29.112535	25.869599	25.855357	24.959497	22.007543	16.291162	28.471867	8.471280	19.564778	28.468838	21.587666	25.678027	28.819729	25.715717	26.835431	24.236382	22.107522	28.299251	12.363987	18.080631	27.539913	0.000000	24.343007	29.118848	25.372611	28.539565	27.557491	14.610718	27.229283	24.587094	15.342316	25.670033	26.846833	18.181237	21.244127	23.357639	29.082410	28.225559	27.443262	28.700364	27.994278	29.373719	24.373554	25.763023	16.964620	21.600951	24.272089	18.349029	28.270727	25.795466	6.877926	28.856120	28.593565	8.102221	14.598622	19.480914	28.099715	21.641311	26.928270	25.877105	23.784787	25.027616	24.166523	29.078065	28.165020	17.929289	28.288672	28.006739	20.900189	26.771989	11.094111	16.131772	26.404505	28.340914	28.008888	18.182950	26.214144	25.088606	26.062949	24.909745	12.372155	19.262401	28.725482	25.946121	18.771264	23.093298	27.639739	28.133103	28.340479	22.706712	27.765037	19.652886	23.889227	23.904188	25.407753	15.336520	19.756048	22.724673	21.547654	20.665874	17.655912	24.550714	26.721434	26.433619	28.296304	27.126852	24.040118	27.895889	27.708287	21.425867	25.462794	25.171214	28.406460	26.763646	27.234972	29.147068
26.894602	25.078049	28.060859	23.955666	9.869451	29.088602	18.196144	20.881737	17.218713	28.591265	19.414112	26.576524	29.074421	29.310591	28.483632	15.116055	18.986098	22.913055	29.047835	29.232068	27.323820	28.254489	8.065164	27.793847	21.751435	29.277332	28.012792	25.728861	19.676422	29.102712	29.300860	28.116191	28.392878	25.432033	25.251149	21.401579	28.905370	12.723437	28.872626	11.310774	29.148560	28.750420	24.458085	25.238019	26.428303	29.161075	16.933188	27.061500	26.237451	25.466163	27.834854	26.985651	24.394761	25.403256	29.229981	18.232947	27.860961	23.895475	0.000000	26.017653	27.804998	23.721875	28.693483	18.472601	26.017325	28.848006	27.612106	23.029671	29.275751	7.991457	14.670558	10.528975	21.575934	28.350612	24.988153	26.740363	23.839836	28.517253	29.058598	27.837665	17.073465	25.705904	12.766750	28.990709	29.364067	29.310225	15.004021	26.450047	24.910954	28.647640	24.643016	22.750426	25.834705	26.641952	26.566485	20.810086	15.542372	25.206743	17.980886	27.888109	19.815625	12.574659	29.330233	18.818284	17.694473	28.646942	22.080365	20.788789	29.029353	19.579961	29.265135	23.459438	26.634885	19.501139	28.600095	16.402910	27.800034	15.166214	25.603873	26.173990	21.260354	25.767387	17.052602	10.009880	10.711561	28.925066	25.003279	29.399117	17.091427	28.936843	29.264167	20.425752	26.698216	25.282670	26.076320	15.170750	18.156527	28.932074	18.292845	27.544907	26.930270	21.916987	26.317056	27.323140	25.389112	28.411758	20.479808	28.209574	29.315048	28.039982	16.995228	19.204566
28.827306	28.849269	25.188982	21.735933	25.967311	21.822493	25.427316	25.231862	17.061365	27.558111	21.528232	24.858936	22.970097	26.328957	24.978290	10.003326	26.758931	27.352471	27.918916	29.296667	29.292058	19.699841	27.768001	29.336785	22.396519	28.514728	22.233235	25.229125	27.572112	23.986331	25.659356	9.825049	27.464920	20.720262	29.120808	19.107661	28.565931	19.739497	28.287493	25.851933	29.032886	24.918344	28.823429	28.943899	27.741007	26.534944	25.539952	15.768072	24.805490	24.775999	22.025829	21.864598	28.766041	22.634516	22.852398	25.598693	27.431136	28.012379	21.323750	0.000000	20.111491	29.297513	16.053557	11.596416	29.398414	29.222209	22.258671	26.797336	22.033758	20.324879	29.218561	25.883601	19.635406	28.025472	17.062877	19.688178	28.239363	27.778679	22.253278	19.579264	25.082173	21.315431	29.357641	26.757333	28.625791	28.915182	18.613148	22.018812	22.187471	23.480134	28.815090	16.493162	23.003465	27.194287	11.826651	28.956688	28.940800	28.162041	29.032437	26.029213	24.303205	26.380463	20.489663	13.928279	28.414807	25.625570	28.935951	19.218701	22.876588	24.854121	26.879029	29.377211	18.851621	11.999936	28.452627	20.702965	22.690404	9.699180	13.959823	25.623466	27.480887	25.856591	25.442172	29.386144	28.918638	28.043910	26.338888	28.732849	19.743972	25.485661	29.351326	28.790158	26.071284	21.926793	23.870253	25.636673	20.241613	28.238282	29.387452	25.163649	29.309206	15.223316	22.098793	29.391492	23.461517	28.096678	25.588600	17.026371	28.912661	26.372486	29.255417	27.566333
26.556791	21.303992	22.394714	28.696634	22.119434	15.875163	21.190955	28.921133	26.371720	27.387712	17.203995	28.564430	24.481770	29.211033	27.559391	28.248750	29.334364	29.397887	27.988990	26.290504	26.556331	29.191527	27.127482	26.372144	27.556148	18.699350	24.634584	25.792691	23.051561	19.957151	17.095912	28.422025	25.453650	27.225961	28.376333	29.300877	28.180766	22.665576	29.229260	17.327226	25.228013	25.371669	27.692275	26.746650	22.611490	28.487802	22.211793	24.375286	26.335982	14.384100	12.645535	26.808047	24.947916	21.719131	20.736138	20.679998	21.751665	20.677523	14.925831	23.933217	0.000000	20.954446	18.797041	25.431317	25.098472	14.221626	26.243120	18.347430	27.669393	28.672658	27.630598	22.406376	28.029127	26.571827	27.556227	13.795225	29.374224	22.289246	22.694971	28.197624	12.380744	26.835690	29.263182	28.753272	24.936925	24.334280	20.242166	11.590829	27.861436	27.799033	29.270993	22.188673	22.741953	19.213847	24.309845	23.917835	29.124502	28.408007	28.670582	16.368495	20.516348	20.889256	19.998873	17.997618	28.554802	13.134510	24.452858	28.886882	25.678273	23.812273	23.023939	21.936704	29.290804	21.783971	14.869699	14.006277	27.259281	21.737592	23.822962	25.751384	22.256008	28.158299	26.978708	18.124679	17.332141	15.524924	21.990838	22.225847	17.698393	28.483756	20.569867	17.456201	14.386865	18.150378	28.833317	24.965993	26.149289	23.606218	24.211545	19.402365	28.746545	19.088493	23.396664	12.997743	26.402226	24.407226	24.858324	15.192286	24.328818	24.342893	28.285524	26.061473
17.571616	14.692774	28.688174	14.067078	28.995751	16.089187	27.665962	25.726584	18.910299	26.570495	27.265743	29.390277	24.194405	27.729078	25.494896	20.761499	28.770522	26.154977	22.103799	25.887296	26.999818	20.703266	17.118318	23.900045	15.920685	21.927632	28.552206	28.691816	28.201493	22.250093	24.709163	11.818349	29.314365	14.725038	11.741670	27.785417	27.424763	17.299777	28.857975	29.045460	28.244458	29.294019	8.334829	17.485854	28.190107	13.305156	12.919156	28.617500	28.729206	29.025907	24.063648	23.431451	21.780388	20.925994	25.910890	17.581357	28.672154	18.780608	23.463380	23.975242	17.868343	0.000000	27.305517	24.678237	28.322598	22.318795	25.167370	28.060521	28.041870	20.483396	23.373516	19.323020	23.339695	26.608761	20.223897	13.319193	28.417346	28.715086	20.164747	29.036194	23.774163	23.881212	9.541039	10.807277	13.640996	15.953558	26.570107	25.411518	23.117080	27.796700	26.722954	18.460161	17.108856	18.704767	13.938488	26.186846	18.777935	25.928829	10.094777	10.495369	19.200322	23.901507	21.390720	28.448645	18.474122	29.375927	12.276755	27.136199	26.083699	21.407303	28.696939	26.655720	16.512874	16.555928	26.214417	15.786021	14.369665	27.951734	17.686897	14.762563	15.611882	27.983700	21.118654	27.966396	27.216228	23.200427	24.566341	27.970000	23.178478	28.483959	22.912727	14.947150	25.546675	20.046821	11.538148	26.602361	28.082165	26.010490	28.769725	29.247634	17.804909	23.293877	26.043164	18.587728	29.072291	19.325687	16.721323	17.141097	20.169408	29.242715	20.617124	28.877157
22.202025	22.138954	28.800229	26.856716	24.131398	22.985323	21.142140	18.177535	24.337495	29.168908	28.939132	23.556476	27.270767	25.945433	19.019213	26.886566	25.256711	7.864298	25.285665	28.427329	27.940864	28.193115	29.282065	26.261710	21.472643	27.110169	26.650316	27.835628	21.532237	19.912546	25.247913	22.841241	18.192698	28.225491	25.830950	26.592126	26.709050	26.651461	27.459102	16.900926	16.748859	26.276583	28.666267	21.946067	25.034416	12.031186	21.213379	17.280270	16.252846	18.636514	29.395511	28.152544	19.517074	22.755391	29.397040	19.751833	13.546147	28.570582	21.457420	20.385842	25.844103	29.373383	0.000000	25.511914	16.804395	28.673480	11.983399	25.166374	29.207987	29.333860	18.047296	19.304919	25.629573	17.545543	26.697533	21.680219	25.940172	28.383639	27.780420	28.649475	22.918880	17.475589	18.762370	19.749240	25.826444	20.568472	26.153494	20.796127	18.158623	16.289589	23.578879	28.080987	27.211553	26.399609	25.453247	27.668232	23.929921	27.894443	27.862345	25.150966	27.209493	9.053642	20.830100	12.166147	26.382193	9.816952	25.112648	28.727402	14.166520	24.828776	29.090947	26.902382	17.591099	11.970701	27.469168	26.179244	24.057824	29.005731	21.730472	28.191732	26.660642	18.578664	27.837083	28.913822	20.905250	24.979739	14.367286	12.170255	28.007841	18.667575	27.401688	28.548553	26.676090	28.436007	26.544019	16.003673	19.814360	9.823358	7.090252	25.330017	29.059729	24.345544	14.736036	24.202256	24.794203	29.134961	29.102430	27.153939	24.458690	19.416884	29.035127	19.838236
18.091289	24.296259	17.629239	24.701150	25.149676	23.734127	29.291448	27.997457	25.532692	27.585951	28.750221	20.808594	28.311407	19.873054	28.160362	20.055040	27.028584	28.652162	28.785069	20.571054	28.784630	19.658108	29.054481	23.498565	27.828162	17.703080	13.851474	28.453219	29.187412	27.282359	26.760615	25.427403	29.080116	20.890905	28.786053	25.581282	26.460835	19.190072	29.227173	28.806085	29.214584	17.864519	21.120381	21.390415	27.346609	27.784297	28.199497	28.803188	14.111151	28.171763	26.161302	28.874155	26.511132	19.232643	24.506025	21.426484	24.060865	24.145646	21.125378	19.680042	19.584740	29.011836	26.172856	0.000000	23.798143	26.819570	21.983113	10.969161	29.357416	26.983013	20.278703	20.688130	24.482000	22.585476	28.176655	19.694317	24.995603	22.917499	10.887966	25.599039	19.774945	20.117924	28.948807	25.791409	28.143635	29.283042	21.175456	17.504418	28.383023	29.189071	25.448884	28.101546	29.004852	9.696430	21.927587	28.839659	24.488627	26.078416	27.796093	28.836510	14.858873	9.236215	23.014998	13.224440	29.203411	24.352862	18.682632	18.372814	26.183181	27.904900	13.636341	21.944903	27.500113	13.471220	26.177713	20.927651	29.015097	18.467031	27.025084	26.718322	19.713607	23.525134	25.245877	18.556715	29.117130	10.402388	20.811885	22.703361	29.348581	16.427501	24.354056	25.323166	25.545463	28.307529	29.197917	10.464497	17.364220	28.939721	23.715035	23.255052	28.971942	22.038246	28.557567	23.245674	18.118333	29.184999	27.686580	21.539395	24.057651	27.906163	26.334175	28.883161
26.042372	17.128755	26.618276	18.552707	21.491719	20.895109	27.367218	16.336315	27.261806	26.805143	17.803822	19.967349	21.698595	28.800421	23.724129	20.118955	22.593003	18.754785	27.379906	20.745905	23.963817	15.999950	29.144605	28.280561	28.772720	22.807467	24.822054	29.388597	16.122918	26.239981	19.851633	22.187127	26.601518	15.337026	26.564217	25.661639	27.120944	25.617307	20.934521	16.703188	22.623815	16.756390	27.272069	20.450757	24.225810	14.543590	26.884882	24.507624	13.421927	29.064180	28.930305	20.774368	14.973972	28.572346	22.152910	29.349526	26.028778	28.432303	27.900852	18.713525	28.116535	27.044687	29.112760	18.990911	0.000000	22.423834	26.413698	19.985925	20.947895	21.010489	28.668491	29.094159	23.258379	29.395595	21.528674	25.717166	24.755239	29.277838	27.178889	19.712442	17.169129	25.067738	27.111962	17.080460	22.563863	28.854223	28.034275	24.551265	26.933977	25.059243	11.700899	25.148996	25.158861	20.762063	18.098136	20.141610	27.459883	21.907918	29.205912	26.844411	25.373549	19.200887	9.448863	20.091576	27.132478	23.577958	25.370231	27.720757	24.711406	18.574744	19.115770	28.174162	18.520308	17.707799	26.953092	27.737067	24.614171	10.500384	29.126384	17.368456	24.291617	15.448686	22.013755	27.829507	23.100701	24.892361	28.674059	28.415640	21.539223	26.557954	14.272968	12.321791	26.662418	27.211295	29.026895	10.747308	27.685222	27.151646	24.146523	26.375619	28.633472	26.503018	26.612345	29.383376	21.705071	28.587616	27.563283	19.041901	29.095478	7.583347	14.120841	27.992680
26.366166	20.781702	20.456800	28.115481	26.311583	10.692442	12.355377	29.122777	25.652074	26.777374	28.750150	24.182517	25.740856	21.483372	24.071219	9.049673	24.467041	27.880115	25.216215	17.519461	27.327240	24.769691	20.605628	27.537893	28.450317	27.249962	18.501851	28.431436	14.141093	27.506018	24.936878	22.344140	19.953314	26.465202	26.848244	17.185391	26.225408	12.417741	24.439863	23.846941	12.913258	15.831268	23.923179	22.231377	27.856644	25.162228	18.646675	28.514475	26.676599	27.592834	29.351745	28.952489	18.971718	13.905383	20.617413	15.153205	15.787804	27.073419	20.838474	12.623974	19.589986	25.527229	22.951286	19.025477	17.989765	0.000000	23.741791	28.976396	28.200628	26.798001	27.508549	29.308492	28.312660	24.347928	21.496189	11.092887	11.590271	22.480781	29.210926	19.651544	25.618813	19.303437	17.457115	20.015537	25.174056	21.439021	29.392283	18.155980	23.475859	20.790470	26.356010	26.941762	26.791155	29.382977	25.888420	27.717605	29.083942	28.157026	23.698225	22.390777	24.681533	10.298063	16.875499	24.323956	17.833636	14.918004	25.570086	27.890679	21.136913	17.574576	26.040075	18.903696	27.288935	15.983593	28.217257	29.005092	10.645831	27.628632	18.441959	28.677617	22.043553	20.976092	15.606883	16.981502	29.392934	27.431176	27.217892	22.725822	25.238443	21.446072	25.810398	29.218442	17.551228	26.138783	28.779687	21.099916	28.020271	20.856313	16.768905	13.423888	27.018331	8.263311	21.013619	28.374473	22.780049	28.431954	24.274194	14.225258	29.303743	22.787398	13.069668	29.079158
26.580708	12.033662	25.082925	23.139515	20.313031	29.104457	13.812542	21.204441	14.768674	10.018584	29.180760	25.414273	28.720032	22.551623	27.483869	19.428635	12.735738	26.933467	22.334990	26.376160	29.389467	19.238389	25.873930	26.857838	21.105366	18.988414	25.637720	26.078739	21.428355	26.618591	24.878217	15.494079	19.825178	29.071979	28.877799	27.892519	28.990616	22.750028	23.417500	27.996384	24.001915	23.749363	28.220366	9.429576	12.192830	22.554478	23.091839	28.394844	9.181253	24.718770	19.795946	24.192384	9.330319	29.244265	21.460236	14.148389	29.343630	27.154603	27.679181	29.343735	16.779710	29.395486	17.715444	29.234127	10.580752	26.921173	0.000000	13.205275	24.850667	13.816141	21.210667	27.064720	20.117544	27.412785	28.183301	22.263383	27.950107	26.137360	25.676567	9.764587	26.855015	28.662779	27.048036	13.918666	22.551305	25.353841	27.353253	24.221572	20.925992	26.106285	24.193310	28.934294	16.588675	27.353472	13.431453	16.759534	28.825877	27.794389	23.809760	24.659552	18.973695	13.410813	17.923512	28.033419	22.353255	23.110219	27.838870	18.063433	25.254073	25.372148	28.427354	25.519130	25.973216	24.602116	20.600191	22.539416	11.954138	23.254519	26.841386	28.151966	24.403197	24.183735	20.597864	19.422036	25.948098	23.906740	14.803200	27.359572	18.390706	25.657471	16.545216	24.923130	28.334445	28.785617	20.494145	27.013889	26.583607	18.401074	27.544193	27.562289	20.876981	16.213251	12.259154	27.841519	29.118984	22.102710	12.995888	25.950348	25.259409	18.264413	28.349924	15.637072
29.322250	16.176874	19.224185	26.931506	24.523253	23.509631	18.115949	15.639439	14.496392	11.847243	25.924263	29.022330	25.258378	29.385967	19.957975	14.712130	8.581606	23.242284	28.214091	28.765946	26.761834	24.169260	19.468414	28.255013	27.597968	21.213037	14.995862	24.010066	22.427416	25.926729	14.074398	21.202296	20.829773	26.304544	26.925454	15.720158	19.403182	23.325785	29.387245	19.566747	26.577745	21.647198	17.929547	23.599703	24.968163	21.350585	23.701461	28.122230	23.386320	15.834883	11.123513	12.744831	29.086185	9.847093	25.569268	8.556987	9.235988	26.327404	25.714707	28.010574	29.375426	15.471085	16.449011	25.976350	17.334781	29.372842	19.915797	0.000000	19.727801	15.690647	22.853516	24.550558	23.569781	23.895567	24.477098	26.533489	21.995498	28.590157	15.618053	14.291848	29.308963	21.671231	28.400832	25.825750	15.123962	28.422631	27.226501	12.325110	20.072500	26.822062	25.409453	20.275357	25.395399	23.111776	29.080328	17.203856	21.028626	29.011934	26.253404	17.669828	29.159105	21.798212	22.549586	23.928815	23.512105	25.758552	26.319963	19.850416	28.748653	26.319330	29.214247	17.259285	21.410990	25.075741	25.833185	26.046319	22.271381	28.934846	28.375483	25.784292	26.253964	20.286226	29.251573	29.166602	12.748176	29.283409	25.398462	25.899035	15.799012	29.008909	27.755870	27.740906	25.543340	28.200370	29.213707	27.726896	24.222133	21.831505	15.015158	23.260295	28.155318	28.394455	29.199143	21.264127	9.979324	24.292099	9.939363	17.313425	20.350005	28.695800	22.963389	28.935995
27.554958	23.474949	17.155974	27.450367	27.009112	25.667945	25.920257	22.408733	27.868319	25.649144	19.552926	28.129407	24.883986	13.260555	27.430502	22.633592	26.457758	28.611788	23.615291	23.333276	28.185369	26.445932	27.041679	22.993238	26.681985	24.362253	13.739870	29.143622	28.396994	20.720271	26.622469	26.061060	23.350307	26.873175	12.154399	17.111768	26.945260	19.784120	20.457306	26.247072	26.511824	27.520886	25.731553	10.676477	18.067464	25.732003	24.335741	28.421566	14.091302	28.569132	27.913484	23.100387	29.250281	29.262684	24.349389	27.002026	26.068434	26.772907	23.304540	25.290134	24.677687	24.880790	29.014223	28.855500	26.904202	17.349291	22.127702	26.814232	0.000000	27.541808	17.507852	24.008175	29.258893	24.993939	28.742034	28.885498	15.162461	27.241752	17.220979	21.495227	18.245061	25.064385	27.775631	8.891744	25.763436	27.733039	15.442398	27.870957	14.691960	17.739482	28.643497	22.282622	26.105745	25.915310	25.693289	18.796571	26.679006	25.544888	19.741353	28.196454	21.045204	14.816012	23.265291	28.274114	24.320693	26.767018	20.993267	17.645052	20.448142	25.999767	27.042469	22.749617	28.466342	11.453153	28.626341	28.343695	26.806811	22.101869	22.196456	27.553431	28.781303	22.177587	23.551922	26.021048	27.417624	29.041647	26.116225	27.661670	28.527269	24.903399	26.256743	17.829724	26.238677	13.233733	27.799979	20.054525	29.395108	26.022904	28.458401	28.882200	24.249591	20.836520	27.696933	27.062731	24.950471	26.262595	25.114794	28.267161	22.607479	28.916354	17.276573	26.536267
19.128115	27.997818	17.328606	19.323729	26.655002	29.093458	13.479679	15.269467	29.396122	28.619123	24.980062	17.682621	21.991521	27.404902	27.851308	20.118067	28.490336	26.219930	26.440523	22.273569	20.912077	14.066838	28.422945	22.084951	21.426381	27.211504	28.935483	19.344017	25.943917	21.167417	29.335578	25.654071	21.935910	25.290141	28.477670	25.476019	20.720792	28.141442	27.786379	19.973687	29.246559	28.305660	29.396091	28.512329	28.791875	20.820048	27.103872	18.770520	29.087311	11.909278	27.621956	22.805569	15.050692	18.631218	27.355785	27.014366	10.449439	27.372054	24.065345	14.900975	20.647042	19.089535	27.779658	19.976094	20.428438	29.235128	28.771544	27.173923	21.866258	0.000000	27.535397	24.538650	27.162707	13.303238	16.837808	16.662326	21.692238	27.721347	28.483452	28.325629	28.787291	28.819537	12.587555	25.772679	28.448364	29.186593	14.881650	29.380406	24.262392	17.072199	22.761229	29.266343	28.274430	20.840371	24.481987	27.927301	24.182150	12.015700	26.748616	25.457911	29.067142	24.285608	20.951515	28.536522	28.283142	26.827635	29.049627	28.862577	28.928362	28.481950	22.835621	21.487490	26.733841	17.837611	28.259897	28.047729	24.598531	20.297382	27.739970	28.429746	19.794803	27.854816	25.961635	15.253339	29.139554	27.589222	25.391549	26.928003	25.336077	29.240611	23.374167	26.878397	26.663542	26.481689	17.992527	10.417012	10.613090	27.656945	29.053615	25.355908	29.034329	29.036779	28.061139	27.438262	18.384274	23.576305	27.310241	26.707964	28.530417	19.835070	19.087347	20.456989
18.551044	27.770935	19.022597	29.013672	23.783547	20.030318	20.577072	25.721482	28.480417	26.687108	22.479544	25.413103	22.134111	20.920701	26.772916	27.395740	28.007812	28.083924	25.890336	27.192972	28.412310	26.956571	19.916702	19.307557	27.829709	26.607976	25.417601	23.174930	21.525019	23.228951	28.991557	27.713465	25.978624	9.193802	28.052363	27.452316	29.125018	27.891388	22.780820	26.000342	17.443290	28.209945	28.573957	25.431980	24.862845	24.622766	24.735802	24.833275	13.836754	24.344158	26.731326	22.839872	16.472123	22.303135	19.193473	28.388348	21.956295	29.126944	24.427009	23.368119	15.143320	28.509365	18.122921	17.758556	28.353868	24.003914	28.306621	25.239996	27.398225	13.683103	0.000000	16.992654	25.357592	28.693730	29.362275	24.826870	10.189183	24.514244	28.219493	18.884453	27.700840	15.488450	26.207405	28.004778	28.291998	28.194704	26.121432	29.330635	24.633595	23.081789	20.495617	20.130004	19.083743	26.709796	16.062727	14.438877	24.282804	28.045839	6.128152	14.257619	24.144470	26.814277	22.211336	18.105802	11.138361	23.255036	28.962786	25.883274	27.330460	27.638131	28.246399	13.823269	23.640972	28.987217	29.029922	27.170260	24.438931	27.713356	22.064395	26.738300	22.208725	20.731458	14.558514	24.587200	29.385403	28.428018	20.180043	23.221630	18.467292	26.552212	16.256634	26.784260	12.987158	16.519235	18.376646	21.195770	26.648923	27.049074	28.639070	29.215164	13.754738	26.052192	21.671377	26.191254	29.149970	26.389086	26.860666	28.581392	25.572182	24.717228	14.981762	25.406963
22.643528	17.204747	26.286250	27.578754	27.255436	24.021766	28.077189	26.671433	28.531517	26.403439	22.748847	19.406716	12.376930	26.291868	23.882062	21.162811	25.644319	25.915163	27.830086	15.599624	27.561382	29.306470	20.660810	18.145860	24.424756	17.148814	29.395891	27.955599	28.298683	21.098387	24.994487	13.192735	26.692564	25.749203	26.913426	27.901942	12.861609	8.525436	22.156895	25.095660	28.811928	27.633357	24.469208	27.148219	28.382991	26.620925	28.009250	18.739349	23.883386	27.693241	23.508693	11.041730	17.758346	13.679859	12.984301	12.982864	28.928153	18.648390	29.343539	26.271308	26.867489	21.956303	16.362292	27.673568	20.242363	28.724567	25.334084	18.327673	23.812821	28.896940	28.805577	0.000000	23.356519	27.639858	14.225576	26.419063	22.960333	16.047789	26.288278	21.264483	26.232656	15.176227	28.618338	17.421771	18.382645	23.513453	26.857228	18.967683	23.930027	12.519009	27.768479	21.890315	29.305042	20.222130	28.448971	19.769095	14.899270	29.397703	20.347595	20.445736	15.147002	27.567557	18.768979	23.456457	29.358373	29.068517	25.020798	17.619134	28.175726	20.921933	26.486045	21.254532	27.708635	23.837959	28.569471	27.329700	22.498790	22.668773	18.902970	29.138539	29.296984	28.480641	21.115462	25.818744	26.249757	23.567892	18.183769	28.788349	20.277501	13.034678	15.188584	20.815873	29.392844	21.783977	29.186694	11.314558	27.181386	29.389491	14.547764	21.434331	28.762880	25.670844	29.147592	28.780720	28.137814	12.474622	25.595179	29.039896	13.424256	28.965833	18.792633	21.418888
29.326281	8.144925	26.207050	26.563218	21.641849	26.031808	24.409993	28.567259	28.820926	28.910792	26.595547	15.211862	18.416181	23.615923	28.308142	26.276821	19.098438	15.531948	27.127356	24.309844	18.234018	23.571871	25.823997	27.543800	20.391670	26.417722	17.673822	21.411718	23.303185	26.744767	23.028419	24.210905	28.628291	18.443278	15.054437	25.644863	26.400205	27.005911	16.263531	19.091212	25.572371	28.383777	27.976359	28.356809	27.803109	24.120091	27.716362	23.454315	28.283212	21.967997	28.264540	28.356360	24.283609	25.407817	26.895828	27.088580	29.024497	19.581149	23.796066	29.315268	28.099183	24.747445	13.024418	28.438533	27.427173	17.669260	21.888761	15.755196	17.100635	25.854459	25.860315	14.804120	0.000000	15.648327	13.571309	10.180312	22.288162	20.753229	28.989271	23.863587	22.680934	28.087880	22.704853	23.317207	27.733462	28.593680	25.895490	27.122568	15.724821	12.828563	23.096668	22.011032	23.195427	22.175467	26.536694	27.527524	28.949356	24.371958	20.384207	24.295827	23.343519	20.563816	28.243576	12.476875	27.627250	29.019441	26.420497	21.426270	20.692629	16.771265	23.959702	23.697833	21.901687	27.748331	13.847116	28.694985	12.027378	28.467724	27.912332	28.996604	17.204035	20.427606	28.392037	26.939294	28.871186	26.030135	28.573492	29.331925	28.555776	24.260408	28.182514	23.465829	28.507888	17.469814	11.713568	16.962656	28.471780	28.951617	29.251380	27.453474	29.317040	18.629266	10.598148	15.410048	21.190722	24.879480	18.974114	29.386302	23.975303	26.957235	29.188946	22.581741
24.517817	29.104522	6.430810	18.360073	25.340757	23.014313	26.833360	24.491872	23.179505	18.347366	21.904139	26.833041	22.581674	23.067808	27.181631	23.940632	29.082191	21.545991	20.879447	27.575199	22.978613	28.745749	29.236383	23.368561	24.538430	17.529633	27.456527	26.200721	29.284263	26.018545	11.179966	14.299989	27.916818	20.521727	27.551387	23.939368	26.447488	28.057345	29.150804	18.880299	28.654501	28.461828	22.218157	25.937700	27.821899	24.326158	23.624779	23.825316	28.300690	14.532742	7.809130	28.360618	28.394555	25.645155	28.975121	26.607744	24.536842	9.010079	17.323798	25.974144	17.959565	12.263004	25.414858	21.609552	27.354919	14.789396	26.589640	17.131114	27.830031	29.080469	24.001367	16.283583	18.797056	0.000000	26.972222	26.377926	29.153404	22.817899	26.332297	26.295846	29.009854	28.563931	26.592266	26.875996	26.253731	26.458032	21.481487	23.656399	29.204355	24.239019	20.578982	17.020036	29.169507	24.435329	28.762721	26.271613	29.086566	25.562061	15.032638	28.946306	28.713929	12.441623	27.024624	20.624762	29.054510	26.928378	21.215925	14.359715	23.953613	28.393260	29.025953	29.160101	11.036089	25.778846	20.553886	28.348544	15.601125	24.468033	28.748594	24.156006	24.481254	22.307048	28.962387	20.749674	18.867208	23.624622	29.279171	28.694540	28.851808	26.240886	23.763280	23.203431	28.986253	10.100835	27.147702	27.050586	26.188484	27.719315	18.290912	22.032560	28.284471	9.316271	25.789127	26.304645	28.439002	20.372215	23.479518	12.971716	26.217705	27.321480	29.088288	28.821820
16.369347	24.171485	16.611688	27.369558	13.741187	21.826286	28.578802	22.702804	27.144049	28.796065	19.617214	23.146474	22.523846	26.785724	22.494511	25.794222	28.295246	12.391511	25.636848	27.087163	17.221303	24.049468	24.850863	27.897792	13.412272	22.408007	29.170654	20.253536	25.093401	19.529011	25.237049	26.704692	19.352574	7.706648	14.285355	26.604126	13.065293	13.109744	28.726630	29.160627	28.015251	24.159750	13.523236	26.252402	29.073568	27.357494	25.617759	28.854925	20.379006	24.455775	22.040553	19.718891	26.403931	27.774286	12.317237	20.998605	28.503242	20.789053	27.929495	28.213964	24.541543	26.335985	15.802480	24.414241	27.081117	28.855022	13.122785	24.139625	18.950873	24.652495	23.167052	16.396522	25.033031	15.888385	0.000000	18.319041	28.479763	15.979708	25.417955	22.233535	28.873330	28.150804	25.565295	27.172443	24.524201	25.850268	28.590473	28.134363	29.303084	29.253201	28.830281	18.304162	27.844848	21.673542	20.238542	28.056682	13.459186	28.235690	19.715972	17.536146	27.721395	27.409175	22.502136	26.449539	24.202937	17.397095	20.977977	26.782775	26.126008	28.883691	19.666270	26.167998	15.317528	20.406592	25.135898	23.834605	27.052464	27.528097	15.240732	27.416721	28.192980	26.910809	28.929183	27.435640	18.014367	22.364002	17.095013	10.574098	28.249490	20.240727	26.986272	29.280164	29.261154	24.799792	11.295591	20.692777	24.362022	22.047520	27.125117	29.168201	11.454058	8.279649	29.024535	24.767487	27.881611	22.155059	15.254129	23.936886	20.228466	26.473850	24.614431	28.634691
27.745689	14.924232	18.391144	26.631070	28.492124	28.559813	24.346718	29.034966	28.386747	17.356746	27.388335	16.933387	22.930819	29.039331	19.095899	24.561411	29.216966	28.740782	26.638332	25.942958	20.591220	24.039592	23.007146	17.629232	26.426954	29.020696	25.614273	26.776332	29.002487	18.581332	25.864470	28.309489	28.572452	26.610223	21.732238	18.342840	28.684765	28.277930	21.931575	28.765697	22.687310	24.321828	17.313602	20.266923	26.186810	27.476460	24.365477	18.751610	14.275628	28.778252	27.844230	29.243159	25.634521	28.095180	29.032543	24.490348	28.729288	24.302124	20.487059	26.301606	25.823703	23.750798	27.541840	29.157491	28.349202	28.598310	16.950527	25.607229	24.575630	24.458590	21.502297	26.354284	24.527568	28.834635	24.514500	0.000000	28.717185	25.365755	25.135072	24.260370	18.197031	26.173835	21.789988	29.162088	28.516781	28.495260	12.884906	27.912426	18.037474	28.479968	15.236889	27.450563	24.622836	23.124980	14.441331	28.922125	21.793774	20.589024	26.946264	25.643467	25.234338	20.502081	25.454591	26.948361	27.736074	23.747783	20.721025	29.102329	28.793648	24.857872	27.184882	27.869553	28.150217	28.671802	23.649607	21.446907	23.191668	27.869497	27.518436	27.887593	20.511345	24.659431	19.084756	28.109846	28.273269	29.293256	20.570331	28.838264	27.250616	24.661158	18.881014	9.293417	23.761052	15.684976	20.689573	28.675649	15.396648	17.292034	19.830009	18.557807	28.994301	22.072224	25.716576	24.566095	24.616889	26.588386	26.021721	29.126629	18.672339	23.124005	28.724370	28.650847
14.582037	14.902644	18.638420	25.179020	22.049832	21.773590	28.787819	19.331351	28.046406	17.136381	26.253195	16.701981	17.654558	19.165661	25.235525	27.972410	27.369150	26.492901	14.561115	26.112697	22.604885	28.085176	29.109702	23.039344	29.256126	22.770188	26.608779	26.113530	25.334663	28.242480	25.503669	28.042048	25.355430	28.187506	28.083491	15.818357	28.047093	22.991043	22.983333	25.229356	27.422257	28.785653	28.649491	25.881576	29.318278	23.265578	24.198302	26.235866	16.682821	28.223001	20.563570	20.619651	23.879298	19.752085	19.137714	23.254749	16.268805	26.817325	21.430274	19.572384	28.730862	17.008828	24.279701	18.464546	29.018606	25.358936	28.640267	26.046438	12.689693	21.435838	16.987346	9.643356	15.069248	22.189517	26.360822	26.275237	0.000000	27.795727	25.296792	19.650127	20.557785	28.017800	18.252284	27.745891	24.243064	27.506333	19.993887	29.048315	21.906834	22.542825	29.279901	18.821585	27.244198	20.598482	27.096808	21.787963	24.918598	27.668767	26.628013	29.278780	23.116453	29.216402	25.373891	17.630959	22.144521	22.670130	28.117693	9.366887	26.842962	29.052875	18.290292	27.766733	28.874870	26.295784	28.747883	14.981819	19.656081	25.926948	28.836648	28.501068	22.785740	28.559766	27.446430	26.773167	28.544422	25.687287	10.659564	24.718548	26.251214	19.188692	23.787966	22.165879	26.919684	27.868021	29.247244	22.509591	20.703664	25.298233	26.748455	22.993838	23.583312	28.272082	27.246543	28.018572	28.898776	27.334843	29.130057	22.732919	25.363377	28.110472	14.289029	28.610556
17.210177	26.949063	29.366982	21.216296	21.909826	7.559392	27.318185	27.686371	20.088936	27.536332	12.180259	26.998243	21.136617	28.461302	28.471572	28.734707	27.277981	26.845957	26.324578	16.015399	27.383263	28.984365	28.511459	22.049889	22.748390	18.612343	14.107694	25.373562	17.293552	20.039141	24.064564	29.269490	11.554437	21.873460	24.817032	28.444730	29.308741	24.377125	17.980987	23.114875	20.676612	8.381393	20.868061	27.208713	26.957667	26.855015	23.727487	23.216541	28.383298	23.155067	28.582538	25.951159	28.539785	25.590954	25.307477	15.388026	26.522028	21.477611	28.665286	22.813942	14.217523	14.161700	27.782441	14.996476	29.252165	29.174342	24.594594	22.441842	22.243001	9.427110	29.183250	20.560071	28.030004	11.660477	17.276045	22.652769	28.751149	0.000000	28.658005	28.146794	19.549883	15.179762	26.864400	14.390050	23.648845	25.774351	16.676764	20.217770	17.307097	25.100054	27.582817	25.949660	25.308705	26.226699	28.530428	20.534052	25.336352	27.334121	19.187827	18.947279	12.249693	26.712833	24.244654	14.724291	19.593888	27.083439	28.145576	26.252844	14.501127	21.171013	28.164091	18.983155	28.540661	12.352378	23.721492	15.603701	26.979989	21.175510	22.968324	19.809010	26.531613	22.718728	21.263476	26.254954	15.015881	24.623989	18.464561	17.666514	20.700011	24.442021	12.503725	17.862820	16.178492	26.453002	24.319226	29.303627	19.979932	21.934107	15.489089	20.635904	27.512384	28.943501	13.266147	21.192176	24.882647	25.775445	28.218205	27.043725	26.069749	8.968970	15.825351	26.507905
25.914829	27.859313	10.560739	28.108878	22.350123	29.190129	9.255619	29.380823	27.359827	23.325051	28.066669	14.452075	28.592106	10.370359	17.896330	22.819464	13.243859	15.480291	27.650051	27.217511	27.245923	18.925960	28.951201	24.955622	16.785050	13.280895	24.835254	14.144146	25.968410	28.677104	27.991815	22.653100	22.806168	29.221983	24.023794	29.022796	19.082852	27.220106	26.725452	28.209142	21.333920	16.380548	28.740413	28.901325	18.132424	18.254889	25.477247	19.280250	26.092152	28.526711	17.632137	17.046643	18.244868	18.229684	24.053703	28.502935	20.744350	21.584202	26.035241	16.659587	23.374090	17.684170	26.647453	27.660907	9.477446	20.155290	27.102607	25.370317	22.102265	28.419420	16.614373	29.053640	28.663457	26.570201	28.025415	28.921239	28.881170	27.238069	0.000000	29.310986	24.476018	26.304876	19.896514	27.871077	21.999968	20.706154	17.753220	23.123510	29.234784	22.690588	27.831596	23.029684	17.055976	29.093579	20.511170	14.990296	18.419911	28.605345	15.987381	10.642964	26.524290	28.593014	25.926331	16.020706	21.283649	28.090911	27.038466	29.119502	26.284720	28.288387	26.330202	26.932063	20.036811	17.967238	29.003580	27.089324	28.825058	22.164678	21.033037	22.895083	27.035492	28.527838	29.294925	26.509098	25.036036	26.372183	28.229765	22.105851	27.651962	26.622238	25.147129	29.056328	26.726825	21.796092	27.558189	23.289321	15.697421	28.315972	19.072252	14.991427	9.213970	10.972967	29.322046	28.159982	21.078339	26.933848	22.093053	25.865575	22.562755	28.835330	26.560648	27.204661
28.855416	26.632692	28.432340	14.636945	26.810195	15.054848	25.165602	15.030882	27.312954	28.376074	27.967165	25.530166	22.558941	25.637865	29.338683	23.653931	24.862042	13.026670	20.501705	26.669255	23.535106	29.075160	27.537405	24.477478	12.828962	17.423440	28.090013	14.734260	26.568803	27.757212	24.852313	16.599122	12.925457	20.948170	28.889875	25.575762	23.336378	12.086760	27.595950	18.589896	27.770222	27.028763	27.999957	22.900380	11.805689	26.624957	27.488300	16.369456	22.308251	21.601630	20.752445	29.036135	29.121083	25.656131	14.249095	25.552427	26.811790	17.526140	27.483113	29.347518	29.185668	16.657838	27.485722	19.576042	23.146004	17.505489	25.760699	27.694134	26.732758	17.171049	11.596251	22.866888	26.472044	25.876631	25.846867	29.231433	23.483883	21.575664	29.174947	0.000000	27.117592	27.186610	27.355467	25.029347	15.703325	28.985239	15.323193	19.137868	24.851477	29.361274	26.179771	24.486604	23.552622	29.084714	27.279051	19.194873	22.239192	26.791011	28.023896	28.723950	25.831979	25.559037	22.311524	27.345607	26.754567	28.739629	21.876228	27.440945	18.847034	14.162543	27.901369	24.471424	19.951207	19.555013	26.916296	27.314157	21.257232	28.083075	28.931987	25.250283	24.621382	28.242310	28.101772	29.105850	27.387226	23.627851	19.287313	13.879269	27.530992	14.693457	28.967591	28.413245	20.681938	29.176483	28.945023	15.379379	14.947941	22.144682	23.746687	27.831623	28.792788	26.645928	22.629270	16.263728	28.773954	23.468542	26.967069	20.282471	25.424320	28.856999	25.466868	26.499615
27.965678	17.262604	16.783693	28.914688	27.169397	20.829772	17.150278	11.208601	29.123902	26.583604	24.134410	14.923953	26.956761	16.525425	27.117329	24.248859	23.570289	28.161372	10.422496	24.983800	24.765839	29.214515	19.223712	21.802535	20.529708	19.922221	24.927819	24.695968	23.272895	26.535189	29.329755	29.166975	14.599099	16.311147	23.460815	19.744727	17.285274	29.391561	28.570658	20.202916	18.155875	21.383009	23.003382	12.536695	11.220594	7.458822	20.396411	17.049009	28.443102	23.868065	21.788872	25.748338	23.769074	24.883349	21.770936	28.302876	29.363844	11.270292	20.600052	16.065242	25.667201	18.487622	29.121496	25.587854	29.033671	28.705406	29.384094	16.268168	16.604056	7.220537	24.870183	29.069505	25.381833	10.841924	29.026916	27.865138	14.336793	27.693739	28.951597	26.619639	0.000000	26.714427	20.167524	10.547193	28.880100	15.446086	22.534489	28.534270	27.577613	17.201237	27.336280	17.264381	22.252228	16.880685	27.462772	28.820131	26.338892	29.362893	28.609239	26.167150	28.689630	26.356324	25.344526	22.636653	16.633267	26.342015	29.261576	12.930777	28.172199	26.833945	27.995238	26.423698	22.205391	28.835978	21.201326	26.169219	26.637238	27.003284	26.641712	17.282179	27.648272	14.232161	20.894406	22.909603	14.598547	28.851644	29.126953	28.249203	25.036794	20.772529	12.306232	22.100132	28.901537	28.614531	10.456533	28.004173	24.573289	22.795572	24.887827	14.847484	23.468290	12.491993	18.461186	13.458766	23.327519	28.262907	27.543187	14.381661	25.232878	20.931413	27.860577	22.585735
22.837351	28.784934	24.515193	24.513357	27.148761	26.184761	26.170784	26.184356	29.176724	21.179719	29.348184	20.593281	20.636720	29.383024	27.127872	25.019432	26.159611	21.632568	28.201249	9.986864	9.868052	20.630684	19.910994	24.384876	27.908655	9.211795	28.954382	17.420816	27.796380	21.452567	17.506983	29.245880	22.762193	28.721123	29.367826	28.344150	24.649027	27.543751	17.637860	28.243832	27.214518	28.287052	24.060176	15.400557	24.690074	25.908155	18.314341	18.578010	28.943844	28.667265	29.028339	11.928949	26.400028	16.582035	25.799617	21.238286	28.435414	27.049266	25.706390	24.303911	21.464155	26.983766	12.651666	28.585095	26.511383	26.933544	27.650613	25.165964	27.418543	28.479430	28.824588	28.362406	22.973388	18.930760	24.996783	25.869761	29.192564	21.894136	27.693174	27.505394	27.945582	0.000000	11.061596	21.960548	29.162218	22.361314	22.934491	27.857068	22.968462	29.298160	17.459122	25.847692	28.082642	20.854439	28.719016	16.829757	9.007238	28.682723	27.244847	28.545760	16.051288	10.443916	16.068476	22.442610	11.144706	25.992769	27.638820	27.431606	13.947420	12.108174	24.791694	26.637943	26.019680	9.612205	26.652804	11.228121	29.328838	25.359281	18.537612	26.121008	26.802228	19.098683	26.438242	28.423938	29.236942	21.061521	28.237028	22.773298	27.537625	16.842177	22.721009	15.661732	28.464856	23.498579	29.109014	28.981334	20.969887	27.499297	20.878727	29.093777	29.053095	27.997328	23.133483	28.411746	11.525534	21.446729	27.259213	28.505512	21.775251	29.116154	24.314074	13.099453
25.742134	20.318004	15.607196	27.334960	24.912532	28.508636	14.202975	25.786873	24.452448	27.373812	28.011954	20.044590	16.767914	27.132298	25.822291	24.739140	27.472013	16.092322	19.709949	13.428259	26.182701	20.771738	28.671207	28.978570	23.542354	17.394773	27.713077	17.041762	6.092367	28.700801	23.798326	22.655283	27.314651	14.441357	23.769702	11.103936	22.880610	22.769515	29.004442	26.329865	29.129557	24.146492	23.998318	7.719158	28.734399	27.205098	27.314113	17.348232	16.529460	29.293786	20.441028	26.859220	26.698469	17.570240	23.890106	20.126858	29.328940	29.389159	16.194483	24.442194	14.738448	28.631030	17.661798	26.053301	23.775349	27.524828	23.658912	28.330261	27.030370	18.798536	25.473331	26.162248	19.896406	28.699671	26.996346	28.863554	23.513291	22.040207	26.490051	28.473992	28.862530	28.520938	0.000000	22.868374	11.357459	28.604065	28.863693	14.676005	29.212720	28.615336	22.298299	28.450957	17.286093	29.320902	19.545389	25.610755	28.029398	26.528286	20.930491	19.975123	23.878890	27.561189	29.158400	20.141747	27.701382	29.398476	24.257084	29.125449	21.888788	16.046973	14.200219	23.450989	27.563951	29.311900	17.709432	26.103537	15.956155	21.500056	20.168267	21.753789	22.460224	29.149059	24.970609	27.415534	10.963353	26.055559	21.275353	27.273482	23.827222	24.283697	24.036129	29.154820	19.784588	19.313200	28.155278	27.913640	28.086581	18.898864	19.041247	23.350804	14.564283	28.646803	20.443058	27.500279	24.588723	24.297445	23.851597	13.400520	29.226397	26.644895	19.222508	26.348485
26.082068	16.784152	15.780533	23.591687	26.720886	18.483712	23.969527	26.804771	20.245718	23.588703	18.142206	28.758754	12.440410	27.451629	18.671595	25.023863	26.195807	18.580204	28.465901	24.727062	18.177480	28.061253	18.932782	27.907016	10.158717	26.752756	27.604556	27.305413	24.528845	20.174366	20.436687	24.486595	23.234817	26.090516	29.396632	27.965692	26.760435	23.002918	26.807777	27.687893	28.442254	29.393888	29.323474	25.416404	27.837707	24.053730	8.475712	20.674270	25.079746	15.572014	16.805259	26.202593	29.307849	28.995771	14.035397	26.101579	29.154543	16.493432	28.867589	21.883872	27.749717	28.404232	25.867890	13.923111	24.632038	25.271645	27.210780	20.553201	27.774916	10.334330	26.788294	24.597337	23.577880	28.170785	28.421418	15.669629	20.694303	22.792669	25.315695	25.129018	24.941795	27.468762	28.745468	0.000000	26.878176	25.076892	26.816373	27.137518	28.599959	27.634868	15.355731	26.886039	21.767334	26.899807	18.657814	16.586034	23.307504	23.333429	28.371081	28.429892	19.087108	17.487945	21.205365	27.440247	23.819438	26.372055	16.439819	23.520061	24.211738	25.976197	22.882975	29.365658	29.260316	27.469955	26.929006	28.306610	23.593878	20.624318	9.977423	29.237329	15.338088	18.541655	27.462057	27.013350	20.174309	27.144633	15.065570	25.363820	20.517269	22.027713	25.634343	28.189614	27.137218	24.451039	22.797323	23.903991	28.931387	29.349255	23.444561	27.099481	22.241885	22.128516	20.508210	12.925231	25.574805	25.907509	29.010377	23.731714	28.528597	17.684029	29.281768	25.837725
26.858218	28.267609	28.129208	21.852689	23.094216	20.851424	24.463988	8.499138	12.104236	28.836002	16.681028	13.431065	11.908122	19.399325	19.433551	15.623880	22.084288	18.341602	10.227190	22.190388	27.752921	15.530845	19.454328	28.072943	29.257316	11.021181	18.767573	25.514703	27.497385	29.367443	26.172095	26.353220	27.648552	28.533738	24.328833	22.260347	26.551551	28.396412	26.056746	27.937591	20.246074	27.432998	29.279506	29.347473	16.997111	29.049378	22.173157	22.457143	24.422270	17.491587	26.086656	20.096511	26.734908	23.276468	24.123059	24.815560	18.103332	22.918469	28.535152	25.764201	13.712800	27.406966	11.451775	28.969818	27.967311	28.128154	22.644320	27.086395	15.471426	17.010641	25.914785	26.768862	26.032426	23.192145	29.397690	19.347216	19.166118	27.653455	9.401319	25.415339	28.199322	15.778844	27.211431	22.560776	0.000000	23.957210	28.826762	27.000565	28.218013	12.208471	25.811321	25.932257	27.923574	20.010908	28.205272	26.540160	29.366818	28.009273	29.311488	14.559549	21.184985	27.365773	14.891092	20.833178	28.418741	19.342659	28.966750	28.752661	28.811438	23.080717	7.829701	27.167715	28.616337	20.709280	24.098426	20.028605	27.438759	22.132321	26.177342	24.166249	29.367487	27.704025	26.281345	25.972250	29.157689	28.817206	27.420362	15.735556	28.039307	29.319645	28.401219	26.341711	21.993578	19.274512	25.761698	24.090145	6.986848	22.836074	10.654524	26.954036	27.399519	27.245842	29.367247	15.392296	21.785397	23.205763	16.717020	22.290214	18.933635	27.214477	23.716752	29.151483
26.983582	25.744817	29.210729	26.951783	28.708278	24.416103	6.955423	17.573053	26.480675	29.000944	17.914332	27.590822	27.113645	18.081203	18.444151	25.978730	23.539474	28.079083	27.814376	7.796127	23.904711	13.551867	11.654771	25.968468	26.353593	28.473768	28.744110	28.972603	23.940428	25.174998	26.563788	28.896130	24.364883	29.149315	27.905056	24.728181	16.669722	16.593032	29.122050	9.673904	28.418406	19.683537	10.764211	21.012830	18.288078	27.701733	28.119691	29.396351	23.669691	19.365937	26.812491	28.935842	27.111576	27.139836	23.958740	29.000489	28.258168	28.706927	25.471152	27.290081	9.664620	28.150998	20.155486	28.526003	22.510295	25.313825	28.912736	29.388574	20.920103	25.113223	20.823193	28.756036	27.496096	29.368679	24.856088	22.570872	15.598274	26.702907	26.558628	29.394234	15.811056	22.330950	18.592461	28.871406	26.715332	0.000000	28.821896	28.657210	20.742960	22.597245	28.981633	21.389241	21.233390	16.234432	21.836479	20.565868	15.461684	27.823073	17.261490	20.452551	20.727325	27.594775	19.951170	13.926030	12.769584	24.031551	28.003813	26.851505	29.363502	27.188329	21.431641	9.110731	28.384819	10.099109	27.056002	27.465905	23.866061	23.232186	15.483445	29.158215	28.556214	27.983116	16.858689	21.322868	27.341622	25.899463	16.648890	22.532049	29.003867	22.005316	28.496497	26.438081	16.801245	27.146221	28.124665	25.977559	29.171710	25.964187	20.652408	23.040846	26.892257	28.666900	29.024503	15.945463	26.153993	20.754691	28.693429	23.489265	19.516015	19.757431	20.388313	27.721907
24.122430	26.886847	21.752962	16.650546	28.116210	25.439362	23.766382	26.640472	24.970426	16.844454	28.404431	20.249526	17.375222	13.925257	19.282133	15.055812	29.382105	26.747111	18.055493	19.623977	27.981949	26.223304	25.954266	16.991725	25.579279	23.525183	25.206003	29.205029	16.597150	14.898167	7.521008	19.633541	17.320249	17.833640	23.396743	28.143359	18.369505	28.410886	25.865884	23.815984	17.795747	14.119396	28.944341	25.157900	23.253890	20.836786	21.341329	24.395515	27.804993	22.216999	22.511201	29.099886	25.544476	24.417862	26.514180	28.451008	21.753261	16.053691	25.245515	27.403093	24.553049	24.338070	17.339056	27.317171	21.488748	18.744961	25.922061	27.969503	26.045798	21.792318	28.949007	21.665405	27.241362	29.056521	28.222057	24.281818	28.378858	26.330255	15.959320	27.946037	25.384302	28.340936	26.887903	22.394976	23.439625	25.852873	0.000000	21.339112	29.354179	29.015704	26.293599	17.562846	27.776465	13.908452	26.014084	28.117167	20.051683	16.761202	16.134898	28.480180	26.340525	19.250124	28.852108	26.819919	20.709303	29.380666	28.302586	28.440594	26.586949	19.878384	23.827755	28.328659	15.174275	28.793539	22.346568	28.650564	28.654766	25.269596	9.256242	26.306101	29.186269	24.220008	28.377342	28.582843	16.062708	16.614604	25.878893	26.853569	26.200115	24.654818	26.021903	7.127213	12.566561	23.417981	14.539088	22.139306	25.063634	26.926096	27.830844	24.154015	18.597844	28.207672	10.804461	22.512750	27.058088	27.838887	25.789435	17.387925	28.098827	27.311911	24.076995	24.055043
29.148871	24.293376	28.053256	18.891070	28.728312	29.258250	22.823815	29.379481	29.116290	18.177353	27.780046	25.310293	27.347510	10.755311	12.126290	18.983683	26.204117	20.606179	29.272588	25.428874	20.493913	19.129329	26.505421	26.757171	17.157043	28.205082	19.890333	28.925923	28.365540	16.242029	27.746943	23.073325	29.120158	23.341035	17.492225	26.366114	21.899269	27.849409	28.501612	26.166022	23.015824	19.080744	24.665447	23.572210	23.466440	29.239997	28.516164	16.913108	23.962540	28.273518	25.303116	29.253988	29.273047	26.953879	22.052940	14.484515	20.179925	28.759171	20.494256	16.346080	18.179573	27.086223	23.795205	15.057904	12.941922	27.516740	25.146286	12.648369	21.178741	22.483967	17.941910	25.174195	17.160073	12.829398	19.715076	28.162359	29.191353	22.574644	7.661849	25.293552	27.268948	21.660137	16.218421	28.694958	20.538904	27.023746	11.878368	0.000000	28.341896	11.085539	29.276919	24.246374	28.854419	28.886462	21.982462	22.370518	28.753422	27.125956	9.604305	22.501216	17.654098	26.146485	21.802260	26.441067	27.730326	28.141124	25.690460	29.269139	27.388087	21.132266	28.009694	29.339600	28.704671	15.514049	16.913892	21.015037	27.859267	26.327419	23.911648	28.880199	25.582484	28.268207	27.422260	29.104040	13.330771	19.526421	28.235078	27.165153	11.358577	24.881224	24.530617	26.687961	29.388304	28.373482	20.171352	28.345044	29.378251	19.552991	17.086626	28.873798	26.506031	17.816904	27.263392	20.236057	9.953732	13.700213	18.382842	28.838314	26.372593	25.984401	9.059794	20.091583
22.194930	27.331346	14.593393	22.595678	26.961184	19.295299	24.320114	24.967745	28.525822	26.392461	28.076775	15.522948	22.146505	28.913743	28.708590	12.654533	26.827429	26.131579	16.353586	21.828416	23.685707	18.190402	27.513009	27.483826	26.686394	23.026195	18.032886	27.114682	23.007092	27.705152	17.760227	16.090750	22.329280	19.350089	29.374043	14.320293	18.519813	8.557963	19.271317	25.965096	28.915999	21.926153	27.681797	23.747499	23.905296	17.539299	21.498206	22.369814	23.196337	27.771453	19.201733	25.389387	25.118736	26.560521	29.059882	23.654828	28.035726	28.711995	28.020944	29.068812	25.367358	29.324208	28.953984	27.474580	26.621886	27.775269	28.201804	26.069925	26.932397	24.374460	10.853844	27.124447	29.289968	17.086949	9.821041	28.915949	18.929462	24.479780	25.569713	19.551647	28.876416	25.047695	25.046427	22.168990	14.878611	22.263172	16.228342	27.325687	0.000000	15.825950	23.780484	29.009542	22.066306	14.456383	29.191636	15.487387	21.695077	28.113461	26.082740	27.103756	12.169002	27.768508	27.113401	26.560546	25.724036	24.208751	25.632172	8.436292	24.191910	25.749905	23.144142	27.283910	17.434631	20.166733	27.662474	27.820228	28.295401	27.735526	27.153399	19.862434	27.115374	17.177924	20.658252	29.259379	28.159036	25.300744	10.353328	15.948263	26.439079	12.273446	21.974234	29.064324	18.127455	24.458580	26.127695	26.837771	16.692121	28.315869	28.550842	25.243418	26.858225	29.124894	23.121819	15.959336	20.649207	23.303920	26.401412	13.716044	12.874414	29.347304	24.461918	22.735993
28.422961	14.965329	28.400134	17.868514	27.462566	22.268174	27.168538	29.383819	18.481257	26.161582	28.782918	29.219482	20.421598	28.442062	27.514637	23.615742	25.843867	26.671191	27.392384	28.471971	17.760866	29.216255	26.933534	12.671482	28.165943	24.137755	28.049272	27.619596	21.021256	26.443604	12.034650	25.335719	22.543453	28.487695	29.222543	19.796603	29.399989	14.305272	28.468469	20.343271	26.392476	26.219699	23.803512	27.073238	16.074046	28.860708	20.803128	23.605023	29.295171	26.828324	20.566512	26.489351	26.604225	18.966601	16.971414	23.387324	19.205059	28.384247	29.107826	16.207138	28.020202	26.588311	27.273721	10.947378	14.659564	20.033744	26.048895	25.933264	23.120521	28.469095	19.795918	16.420964	29.027579	24.845293	25.190558	29.219885	29.233097	28.367279	27.263115	21.773722	25.936153	19.223302	29.381219	21.841841	23.333922	26.217873	26.695292	23.325106	22.066943	0.000000	18.781825	9.819750	27.098339	24.725978	25.689073	27.724803	18.143487	27.704307	14.126313	24.457136	26.092261	17.061882	11.268764	27.773835	16.059231	24.925503	9.245007	24.813845	26.572542	28.977380	27.961126	28.806512	29.100899	21.630075	25.983320	8.158235	23.658327	18.339368	16.719266	21.554827	22.096725	28.645339	17.157775	28.104173	28.697859	22.785827	20.286158	26.667374	15.949660	25.110901	22.830749	21.730967	9.330807	25.737948	27.580231	12.044767	28.533407	18.955560	21.043359	29.177352	14.909833	26.641003	25.422613	25.901210	20.053117	23.225617	14.296133	27.530816	28.372990	26.585353	28.922378	25.997666
18.559228	14.377137	25.668612	26.910803	28.992621	16.583806	28.242480	15.866446	29.080840	25.785600	27.636106	29.238010	26.870117	27.388359	22.436273	24.682188	11.112054	24.193414	26.621119	23.220014	17.519844	22.125987	22.359531	24.606080	29.180710	10.346564	16.534741	26.899241	28.530133	18.473819	22.329462	26.970763	27.933618	17.563751	27.269907	28.578498	28.899532	21.429316	18.452158	23.842457	21.038969	18.993635	20.069709	16.650455	23.001461	22.941662	28.928298	20.405458	23.893664	16.316832	11.094463	16.244740	21.010524	27.322025	19.565583	24.283789	15.123960	19.945299	27.907264	22.764340	29.020160	24.445538	25.600968	28.691876	13.372842	23.662516	23.973801	22.858178	24.113545	28.664429	14.580713	26.669136	29.397132	26.074615	20.663927	15.692654	28.031308	23.497892	19.070861	28.471720	28.130051	15.244774	25.323599	7.137915	27.484378	27.944645	12.324103	18.284651	22.609835	28.906887	0.000000	29.284633	28.480387	25.996824	14.823179	25.712007	29.203637	28.143523	26.589402	24.751039	21.638763	22.623569	29.049900	25.720683	12.538858	18.777781	25.778955	18.992085	29.298299	29.346332	29.111792	20.328931	27.789889	9.711371	20.479907	25.068715	27.459519	27.252652	18.480412	28.806411	17.237958	22.460723	20.727427	25.761240	26.821229	24.364536	26.167801	26.120815	22.656784	13.386325	15.759802	15.680294	29.395920	26.481067	28.526576	29.278232	25.303236	19.570184	26.920607	21.118781	28.013514	21.947242	27.887039	26.927094	21.603928	29.359792	18.930996	23.947380	25.018067	18.527324	13.122765	22.879022
23.448629	27.210358	16.887335	17.037940	29.157505	25.555385	28.558994	28.994438	25.174136	25.696595	22.331958	26.665896	23.070245	22.448957	22.963721	25.091345	28.742970	25.488168	27.349439	27.570230	17.506180	28.814979	29.391446	28.348631	28.517612	26.924006	28.676297	24.899504	29.343791	29.084056	20.302698	26.972909	13.818349	21.667840	17.103141	28.402814	25.880152	19.927772	17.159502	22.256848	19.231453	13.026672	10.347961	15.747920	11.632962	16.140275	23.148943	20.880072	10.387383	18.100320	9.280986	27.462833	28.665075	16.021949	22.468059	23.393369	11.336129	24.476864	29.295135	21.470102	29.241054	22.042285	28.718322	29.396300	27.143258	28.859364	28.846851	24.871489	27.714360	24.355195	17.945901	10.919208	23.297455	23.891886	13.197509	28.121118	27.435194	26.255132	28.401411	21.417642	19.476085	29.331357	25.429230	26.748828	11.003463	28.381997	15.791649	27.932648	26.082716	28.118459	28.368154	0.000000	26.061740	29.023823	28.233326	28.853149	25.188115	28.767753	15.394190	21.896264	22.961911	18.838684	20.084027	21.009937	25.947073	29.267575	10.700373	27.324615	25.191777	29.398623	29.159080	16.950628	20.868373	11.516964	29.102399	27.095987	26.460492	28.862863	27.730830	26.742458	11.335304	23.292257	23.889807	19.257580	24.844080	20.704917	15.195126	14.314756	20.366130	26.603734	29.172819	25.493245	28.769849	27.647202	14.638500	20.377689	20.257885	21.933473	25.447987	28.181105	27.158428	16.682633	18.693679	25.884325	22.812585	28.902635	16.458331	29.382233	16.093760	17.055643	22.445428	27.600985
14.648139	20.385547	25.249481	15.543038	26.084844	29.305231	26.036556	25.250441	28.685930	25.861502	23.206650	28.976308	19.213738	24.051457	24.855459	24.609580	22.461613	24.362271	19.746438	26.142821	25.004414	24.780389	18.616607	9.438623	26.323034	28.446247	25.474349	28.724962	28.343341	27.023681	25.967647	25.745915	20.861356	12.672168	7.221251	26.501845	27.874249	27.371166	6.608950	29.265968	26.308282	16.818162	20.331011	20.699238	14.860977	22.318247	18.888825	22.561983	29.230424	26.830385	17.698572	27.494081	27.960287	29.332372	22.389165	28.668504	25.789382	26.389109	28.352607	28.655868	18.824773	25.709077	23.694482	29.347180	29.207273	26.510735	29.068087	28.446576	28.553802	23.217394	28.827479	26.308757	26.841260	28.935628	29.382018	25.893938	13.174559	28.959255	19.960788	22.721250	17.009764	21.706802	17.532267	24.169751	24.697526	17.801006	20.179206	28.385301	28.848417	16.398986	20.724704	17.785662	0.000000	26.677482	28.674827	12.655767	7.883543	17.588197	28.645063	28.240006	28.747607	15.630402	19.034734	12.900334	26.454585	18.280926	24.170149	12.104699	28.039592	26.217480	29.120566	22.140442	25.050310	26.920631	28.926389	27.576965	17.551770	23.670213	27.551365	25.759117	19.893131	23.285257	28.868254	28.560335	26.363741	25.004431	28.877069	25.648988	19.200168	26.033895	20.291644	29.241659	16.905939	16.688974	10.325173	24.619757	22.281165	28.446556	25.937968	24.412432	9.524147	26.109026	16.761104	26.597374	17.599955	27.450546	21.843095	25.369470	16.900933	21.811957	28.554262	26.887119
21.876810	7.891478	16.236374	23.768325	28.231468	23.664440	10.630625	27.271118	23.729659	28.614771	29.060161	28.281723	10.661671	28.952579	28.441424	25.935338	18.118187	25.038674	18.211476	24.834444	10.896608	24.094928	15.675150	13.999694	28.443944	28.900930	25.072360	25.165415	28.642583	17.658451	29.368891	29.399781	17.426707	14.535001	24.728163	21.038769	29.385487	11.797334	25.271923	16.835305	25.599876	29.398379	19.452667	21.986988	28.515729	25.647481	9.837592	21.613758	14.392411	25.193923	21.653824	27.339657	21.973766	22.536831	19.574774	28.367845	23.707885	28.426977	21.107955	26.882237	26.798930	17.928086	20.052556	28.945538	29.001587	11.509161	23.111022	27.184766	23.951456	27.981729	25.704151	8.204922	25.615537	27.733425	26.063329	20.182932	27.629135	25.494233	23.255443	25.013252	23.361498	29.169088	19.280843	20.574001	26.053832	15.606781	24.273498	21.019289	7.341593	23.986148	25.968331	24.756114	21.239332	0.000000	16.201709	23.418533	24.580098	24.721354	22.711633	27.710720	27.351448	23.982532	27.975901	19.246889	15.503892	8.314590	25.925522	29.073887	13.661822	24.686938	23.499514	22.960730	13.395448	25.058004	22.555406	26.697937	9.911984	26.755620	27.783109	24.913751	14.594471	9.063351	25.313105	13.595199	29.165353	28.121003	14.825011	24.157599	16.614058	21.579383	27.799212	22.704578	14.042063	29.307091	28.366911	25.272554	28.836108	9.795266	18.955828	21.607618	26.107691	24.781142	29.389548	18.679189	23.296116	17.035069	25.129322	19.114137	23.175759	12.987218	15.607211	24.958767
29.095097	24.829706	21.850573	24.388566	25.052463	24.307179	23.193011	27.668004	27.569254	17.378293	8.402749	29.380883	8.455202	22.259710	27.891742	29.142271	22.554388	25.960820	28.242717	18.007762	25.428783	14.176369	29.046575	23.366942	29.238238	25.229057	15.875690	20.474245	25.185422	14.934580	26.646434	26.032828	16.292886	17.227058	8.325636	25.453400	25.658094	28.974558	15.487968	23.502454	26.079000	10.890712	25.747543	15.720429	19.432034	21.022707	29.300318	26.946547	19.006406	27.044218	7.961649	22.956079	17.357445	15.446057	28.296271	27.709652	19.404276	23.744703	19.129945	28.739923	9.288754	15.633284	19.585574	18.599238	21.345748	22.857132	25.418007	26.535636	23.606460	20.723456	28.011504	29.121515	16.483808	21.227838	28.325172	28.036200	28.085129	17.776534	29.033187	27.034721	28.225179	18.643223	26.835381	26.934547	29.024117	22.515580	27.168766	29.351358	24.856250	22.618318	29.309327	27.231399	22.290045	24.922655	0.000000	18.051218	11.184705	27.113223	26.621030	28.505403	25.877969	29.310993	20.798867	23.522351	25.227953	15.348131	19.247596	14.126313	26.581571	12.107667	19.865980	15.218284	20.807731	18.584214	29.362726	8.262367	26.851187	7.901264	26.353694	25.475464	28.506646	28.478922	25.838561	15.445476	28.874318	25.162001	18.473112	28.674953	26.130234	18.624773	24.299383	23.647240	27.542486	26.213234	26.179669	28.982649	27.330244	23.010932	17.262963	21.104972	23.435577	28.273844	25.290924	29.273151	13.230720	27.947307	14.483093	29.048088	28.648636	27.127097	27.054149	28.122981
26.251616	21.994462	27.888179	24.765675	23.765048	27.600195	25.248995	28.447172	26.761255	24.482109	25.798215	12.968668	27.933211	27.600932	20.595268	28.518813	29.110205	25.135163	25.933559	13.472570	21.444363	21.522932	24.004352	27.653429	25.957544	9.295495	24.606917	11.297869	29.340476	27.056716	27.244185	23.972028	26.140820	26.714921	27.639601	26.142625	28.325510	12.925797	29.133374	22.932797	24.025216	28.580773	26.943964	7.831603	27.710802	29.341600	20.989539	28.821186	26.635574	27.750852	10.085243	21.310310	22.232190	29.258567	22.644967	16.325440	20.988792	24.958149	27.676961	29.192159	27.311262	28.528028	20.999564	28.610637	15.570904	25.756745	17.782058	23.210654	20.775064	24.328241	17.484909	24.554999	24.719376	26.042908	28.611020	25.615976	29.379395	14.886604	18.529027	23.191355	27.740948	18.462784	22.036355	21.189445	19.067336	23.288460	24.223843	25.343484	28.779164	21.860080	29.199608	21.490824	24.988422	28.686216	23.178092	0.000000	20.150459	29.253002	26.872236	27.980936	16.819553	21.642394	29.210574	29.276698	18.352054	16.005042	21.412088	28.801309	29.172863	26.178206	25.658210	25.032401	11.837314	24.762909	19.223727	20.588183	28.860092	24.362744	28.111571	28.075663	28.560172	18.932865	24.476342	26.736106	26.670235	24.471530	24.072911	19.476928	23.054958	13.954810	28.967032	28.774714	20.016058	27.435241	28.492732	29.224701	28.596761	29.254435	14.239531	15.834109	17.341504	17.379704	26.182821	29.375109	25.863964	28.761049	17.341022	26.325793	15.489192	26.088577	17.332616	28.968927
28.811414	28.982170	19.840828	27.705516	25.624344	20.704205	12.410023	22.367360	11.787094	23.192363	26.131559	21.687428	19.808476	19.741089	28.280897	23.932720	29.065677	24.907795	23.539435	27.571222	16.995493	21.893481	27.125744	29.285155	28.530993	19.299356	27.948972	15.993143	19.565265	22.212660	26.770155	20.229557	17.024002	21.863632	9.142687	28.549404	28.629111	22.718675	24.879955	18.884435	26.036378	27.257875	25.745693	20.995729	25.726737	17.468845	29.295773	29.385848	25.535822	22.325062	15.497808	29.045170	28.507892	24.473357	22.307344	28.281769	21.842172	28.265055	26.768841	13.945765	24.900333	28.427041	26.245502	22.649983	22.957845	27.302025	28.874464	13.177373	28.571047	24.012545	27.298454	28.610262	28.865964	24.606899	20.735744	28.588403	24.142667	26.661114	29.022834	28.252818	26.953876	28.207534	17.386765	28.789419	21.412067	28.670395	26.650700	20.896673	25.543201	12.656723	24.788940	27.537448	10.068134	25.593471	26.565193	21.851152	0.000000	23.147389	17.275110	16.629057	23.964071	29.310154	16.789277	25.905513	27.756098	9.203658	29.138999	29.350041	25.494132	26.407364	23.718241	28.979321	20.560415	15.026157	28.786931	26.589060	29.162536	28.573083	29.324625	28.161998	21.622466	22.339303	8.410974	15.325770	28.494934	16.083979	29.125420	19.038187	23.101236	26.485252	26.860730	17.135905	29.025360	28.831801	14.800377	28.416091	27.880424	12.357451	29.138560	22.367090	28.770913	29.244376	16.006432	19.384985	26.379478	26.543620	16.092321	29.336179	26.813908	29.056345	26.356598	14.230469
14.860905	28.620690	24.714409	26.540125	26.445558	27.408846	13.225327	24.624061	9.251165	28.147062	26.794689	20.682800	26.456929	27.360876	20.198242	23.527369	7.538345	26.698946	27.732339	27.044358	25.975018	11.435004	21.701613	20.836273	24.318633	28.735238	28.729901	19.188036	26.958358	28.029694	25.557544	28.996796	15.576151	29.110726	23.798258	29.305182	18.892417	27.489039	27.067852	22.945787	26.603225	18.545244	26.528968	28.578277	27.623443	27.687573	27.744179	23.266688	24.691865	24.643708	24.477065	23.229070	29.272590	25.793149	27.708090	27.961591	28.754381	25.677369	19.160355	26.904158	21.722600	27.107537	19.304170	28.745034	25.600956	27.614178	14.804385	11.315727	24.345088	24.267868	28.430847	9.720335	27.157654	17.111820	18.131573	26.680663	19.297117	25.737374	12.832363	28.789369	27.952196	10.057654	11.034741	27.049690	24.974710	25.865925	28.127636	23.538631	22.294146	27.205493	22.859046	28.800945	25.182924	22.335125	27.906569	20.034278	26.818449	0.000000	29.350352	22.489192	29.251656	22.513412	22.955241	22.569033	28.992717	22.858517	18.483034	17.660431	24.974920	27.897182	24.962828	28.611303	25.888222	27.869721	25.397237	23.829905	27.476059	28.577884	13.744581	19.489712	9.746862	24.180775	24.993851	23.163157	23.097217	27.845978	28.676232	25.415041	19.725143	14.163643	23.413261	27.425508	26.275121	17.560710	27.252546	28.215759	27.932551	25.288944	14.493417	27.080459	24.526615	15.330311	21.602345	28.303244	28.768263	25.091943	26.526056	22.794947	29.144408	24.202776	29.375905	15.451731
27.626805	20.109813	27.794162	18.790982	28.287690	25.105827	20.600604	22.875633	25.181180	27.603746	20.354452	24.940177	28.593727	13.575698	29.081096	29.337712	29.378732	25.187401	27.870644	10.594195	26.722712	25.463042	26.284665	25.833058	19.020084	28.178012	14.356182	22.976353	28.753583	28.714442	20.657020	19.589941	25.549995	28.635175	29.192093	28.646810	12.430321	22.391097	27.780866	25.598187	20.465390	18.149683	28.996133	14.611512	17.365624	29.399789	26.289595	24.002524	26.599629	26.193112	28.194526	26.882092	10.794749	22.389340	28.097494	8.597900	28.126899	25.485565	18.348263	29.085122	28.914927	24.115561	27.497043	28.382519	28.943943	19.585389	27.842883	25.954230	27.582208	11.876634	28.619730	26.908515	26.059102	26.578401	29.352226	27.713959	25.715600	28.902722	18.416765	28.524338	19.177841	28.853679	21.739607	21.685749	19.918264	27.154825	20.551815	25.176916	14.178275	20.519816	27.936352	27.190042	27.574015	24.491987	29.004274	24.759207	25.490308	15.819235	0.000000	27.550610	28.354368	27.269939	7.834170	27.996869	22.070547	27.163957	16.605156	19.997933	29.264071	27.438417	27.071660	27.986208	19.671078	24.972518	22.518880	19.924475	18.270666	23.753449	27.710804	24.229565	22.074147	24.304021	26.632447	22.431607	27.767576	28.338680	28.675663	29.033154	17.098951	26.995531	26.441464	10.043181	28.915374	27.644769	26.574662	25.220905	25.183129	26.600233	27.143792	27.383350	29.139280	26.105917	15.305934	10.955036	27.796075	16.032757	19.496836	16.653496	16.325239	27.595798	28.808809	23.495624
29.185491	28.265555	23.214181	29.212160	11.928465	25.059124	26.737941	25.366187	27.352664	28.772593	27.734258	22.994649	22.704956	29.267577	25.614753	24.779576	22.336830	17.152247	29.376517	27.187276	28.737791	27.273278	20.898773	13.708970	22.546063	17.785714	28.707919	23.094461	22.351530	29.386430	28.795657	19.714808	26.186587	25.267420	23.139179	21.204754	27.625406	7.624351	25.555487	27.678562	28.077003	16.334843	20.243259	22.823478	29.147148	26.408413	26.010285	19.026644	21.129548	27.399568	26.537656	23.022259	15.936275	16.941371	15.347444	28.422407	17.160807	9.666036	16.411681	27.803763	26.295419	21.470825	14.385140	17.609322	28.456034	16.438518	15.808224	25.990620	9.656474	22.079882	17.696467	15.977992	24.646567	25.594596	19.777614	26.978696	26.090304	19.055754	24.739811	25.307067	20.150555	26.987530	28.776670	28.414462	28.204933	28.787784	23.161543	27.787408	27.724996	26.025107	25.208788	21.763342	23.950032	23.562199	23.864189	13.846313	28.851483	23.774454	29.321544	0.000000	20.715796	26.132140	16.924599	23.747693	24.319612	29.093578	21.810228	16.886545	27.192206	14.984145	28.727167	28.141374	28.808291	26.432345	15.216627	28.521118	23.038807	26.826523	15.120633	11.322033	21.135896	23.011021	25.257950	26.287211	23.620749	14.050870	29.311428	14.586266	29.270848	24.733750	27.806239	13.065792	12.646235	28.273588	27.018378	20.006306	22.163631	25.785869	29.323245	18.399728	27.448548	20.976815	27.680917	7.354039	24.054349	15.426583	20.310803	26.998571	13.885984	24.279760	28.292383	29.135831
23.017928	24.488817	12.704130	20.630210	27.934770	24.375110	18.555378	22.888487	29.322812	26.980302	27.503576	23.825992	26.768046	24.789175	27.777470	16.906439	25.975256	27.521923	28.625880	26.967516	27.815679	25.593303	24.510541	19.837542	27.644649	28.434280	23.444541	29.213302	27.772574	9.363469	27.145959	19.854889	26.908161	26.437913	25.523605	27.489866	22.747705	16.717208	29.333398	25.978829	19.203245	22.366485	23.886645	29.138901	15.283878	28.870430	29.024116	21.316160	19.343761	23.039645	22.573734	28.513926	22.243305	14.186045	29.027999	19.636854	27.007695	26.505885	20.295995	29.323002	14.714669	25.383136	25.529785	27.902063	13.319060	21.026898	21.434921	29.380469	22.906307	21.229267	23.972127	18.437671	24.229992	17.690645	24.112780	17.485968	21.813108	25.509274	20.685761	22.432789	29.308433	22.801901	26.316632	25.805424	23.960525	24.615089	20.754994	24.969905	25.636316	29.341366	28.870541	28.903690	25.664263	23.736888	18.792284	25.029792	20.850944	17.649182	26.062855	23.731821	0.000000	28.769436	17.522897	28.393784	19.771752	16.207295	28.722607	23.685942	24.138480	12.514848	27.553878	19.111087	21.627629	17.339666	27.958999	28.338454	20.839752	26.407118	27.933206	16.319339	29.265301	20.526509	28.438724	18.469276	23.243647	18.338237	29.164542	16.185693	26.286574	23.616191	28.507501	22.346840	28.028725	26.540480	23.145660	29.066175	27.806985	11.813372	26.284015	28.861178	25.493203	22.494507	28.827094	15.545771	19.290302	29.318630	15.145206	26.921549	24.462589	24.175239	23.614844	29.019496
28.945574	27.136788	27.976743	20.135121	24.241640	28.627003	29.081101	28.340835	28.268126	22.243500	27.692051	16.556036	16.040693	21.810759	22.566921	26.091487	29.282697	19.991391	22.140469	24.707871	28.076537	14.151642	24.168276	29.382853	26.345121	21.640975	26.890759	14.952935	27.240855	11.429785	13.254745	25.733709	22.507147	17.647610	21.644371	15.475469	18.704452	17.708880	25.013517	15.333406	23.006719	26.253593	28.200371	29.173511	28.698716	22.082252	24.054145	19.717928	27.112909	9.505387	18.681549	24.984114	29.028002	27.976492	21.836744	27.768806	28.233607	26.385722	25.307890	20.763621	28.026617	29.141058	19.238433	21.370956	23.028470	27.509553	29.246034	28.187441	25.930779	20.075038	26.088340	27.418073	18.862994	20.156167	28.425543	25.788276	28.899116	27.173801	16.330311	18.716297	13.491967	29.009588	23.799153	26.714344	13.974778	23.828069	23.057962	29.060063	14.557636	11.523821	28.348276	25.680097	18.471980	25.881391	26.640403	11.745101	26.243012	26.383799	12.548200	26.474992	22.396467	0.000000	29.145281	18.924833	18.423556	16.821577	22.270876	27.513364	27.086395	28.068026	26.043667	28.345670	18.283388	22.847994	26.777025	29.167780	15.850509	16.254391	25.004372	18.872564	29.103030	28.638815	28.203253	20.100765	25.870494	22.960753	24.463688	18.801270	27.881797	22.829929	11.607573	23.372378	12.031476	21.158799	11.472291	14.090706	19.606473	17.723043	26.265310	28.995581	27.886623	27.566608	25.887063	28.024286	20.662699	24.914404	23.420540	27.092652	28.555162	28.635938	15.462683	26.877170
20.052738	26.830870	18.088286	20.367436	9.567754	22.302519	22.973754	24.985723	8.827881	23.492707	28.032179	28.307573	25.782341	25.298995	13.978747	26.195484	19.187224	26.830444	28.700776	25.837843	29.118620	24.020457	19.082465	11.050202	24.490789	23.603912	21.268189	28.709690	26.614342	29.090169	21.810859	22.229842	23.183755	26.397901	25.981972	26.819334	14.826857	20.226982	23.397672	20.529381	18.742677	20.580493	24.284698	25.072650	26.150468	28.175761	20.392971	29.220390	16.322159	23.140675	28.636177	29.379238	10.455114	25.927111	21.136132	24.233468	15.464000	24.482711	20.211097	18.391575	25.969955	24.771729	29.177013	27.258049	20.622828	25.667296	28.539405	22.112864	23.603546	27.658164	23.841056	19.391862	25.739449	17.016342	17.003027	24.961422	29.384532	28.412249	25.751087	29.003632	21.920404	27.503719	24.740382	10.643967	17.320621	22.997188	24.140898	21.396532	27.077991	16.394620	25.447362	29.013175	23.376185	28.022821	17.315927	24.516078	24.397702	28.522658	19.875128	29.249158	19.249819	12.952960	0.000000	15.166966	28.532107	29.026438	20.149205	25.117131	21.355636	20.533469	29.106585	28.304156	21.221194	24.784240	18.114162	21.268037	18.203816	25.920389	27.275902	24.258201	16.203147	24.096354	27.837275	12.439263	13.530662	28.764314	19.022037	25.591054	26.558026	12.201238	17.976916	23.652422	29.132904	18.681057	27.147274	12.207990	25.732037	18.753098	22.142696	29.078102	27.897211	26.679536	28.015609	19.081706	27.011291	28.879507	27.300810	28.665268	16.899569	20.939846	28.977831	29.398760
21.551993	28.184124	26.759361	16.873542	29.148486	23.046965	29.111722	24.451961	27.355537	13.876802	23.391617	29.386990	28.586206	20.972726	28.677213	15.433536	23.851091	21.930200	24.872630	28.832113	24.794707	19.495705	18.319346	27.581864	26.909163	22.567591	22.038633	14.673431	20.938310	22.160396	17.973481	22.389585	19.207275	26.472578	22.780014	27.296829	28.768885	26.251064	20.193389	21.435743	28.146080	28.616835	27.969702	26.092290	18.891877	26.229602	18.683579	22.599564	17.625521	24.630275	26.260788	21.581070	23.993542	20.683507	28.450355	29.072543	26.926000	26.727230	23.264097	24.497192	28.696639	17.459221	14.820124	24.618889	27.058300	9.549097	27.642607	25.286235	15.597149	24.599665	22.555505	23.477376	29.230468	22.945149	28.129948	28.800979	28.199767	26.824592	26.756145	29.164252	29.242759	19.861995	28.998543	28.650066	28.599859	18.581084	10.861683	25.074426	14.430739	28.345118	24.649880	20.670019	29.285075	25.150302	25.307564	25.021097	29.035407	29.333773	28.604990	28.409624	27.845981	10.842317	28.785232	0.000000	12.869644	27.285057	18.936299	15.994810	25.222023	27.905685	24.930048	26.537074	20.662956	24.454452	27.577912	23.874831	20.876901	23.676691	22.979111	28.903135	28.994617	20.364963	26.469924	27.148336	27.030179	23.857738	25.757173	14.743993	25.911480	27.787747	28.987047	17.741921	27.954480	21.853425	26.911351	24.248965	28.754504	29.352297	26.018900	28.642630	16.272614	26.779754	28.479527	21.072303	23.299138	23.297737	28.423896	21.259550	15.874332	24.171502	26.245523	27.132207
21.416489	27.002836	28.740576	22.104568	13.305276	25.080458	20.611190	23.419975	19.672012	28.411530	20.408438	28.109284	28.825702	28.553244	19.612034	24.803720	27.259371	28.083119	26.472223	27.604734	15.486497	15.266900	25.792813	18.911149	29.042607	28.268762	23.453830	22.751641	28.155678	26.740718	29.187786	19.624333	20.826030	25.061568	27.845871	24.636592	23.964155	24.085829	16.252656	29.120215	27.197120	22.439967	21.551662	16.311917	15.269726	29.232559	26.648006	21.912946	14.540682	24.597802	28.445289	29.351255	21.670243	28.372244	26.180806	27.899713	28.969434	27.960262	27.580154	23.109944	27.799139	28.298915	27.865110	23.218075	19.342226	27.669127	26.741213	29.357879	20.415168	27.313917	29.284280	19.940403	26.146712	17.817319	28.145132	28.432769	17.756538	10.971910	16.159447	18.281224	29.309047	27.457711	28.577150	15.862118	18.087955	21.743626	26.174120	22.956986	25.285466	10.269452	29.187049	15.873321	12.859739	27.241779	16.919187	23.442778	26.208578	10.608906	18.208579	25.010717	24.927402	22.658786	20.426064	29.164515	0.000000	22.962855	25.924191	27.551076	11.160522	29.278668	29.195472	26.842825	27.060632	28.344331	29.004440	23.222162	27.129115	26.137740	29.128863	9.131345	29.221249	24.063261	24.780562	26.931754	11.132575	28.866574	18.804834	29.318386	26.329816	27.973856	28.185884	23.855338	29.274114	29.340037	24.238375	21.876376	27.638079	28.130377	27.899990	29.159628	15.464278	28.516761	12.271111	17.229958	15.456424	26.507654	19.635894	29.165905	18.125722	14.585264	28.754188	25.739013
26.115295	28.591751	16.140452	20.074113	28.460895	23.401479	15.728571	28.401637	26.850576	24.897433	25.107222	14.251153	24.320011	14.381039	19.643650	28.577093	25.779723	10.444623	28.413523	29.077735	23.135420	28.504067	19.028146	27.378970	27.335036	17.897418	24.159537	19.754855	28.660182	25.571595	18.469957	27.492098	27.920389	28.266547	24.962345	28.352155	20.299066	28.589868	8.791695	21.492858	28.100990	26.028212	27.948324	16.700572	27.487783	27.901649	19.107783	24.869809	23.998319	15.625008	27.054585	28.821634	17.198239	22.878876	28.982768	15.533510	25.531583	26.995183	26.467823	19.523230	21.079007	29.116271	23.733425	27.856662	19.551144	28.900199	20.667977	24.266194	24.515913	25.658810	23.154791	22.233547	28.661980	24.641070	25.130927	18.879379	27.217663	19.439849	26.104054	26.805693	27.835821	27.654245	15.486204	23.899412	27.999820	29.124038	19.806152	20.895437	28.869283	28.718617	19.706931	24.602335	28.457721	29.370075	25.489571	22.902498	26.252218	15.263883	26.677709	23.713411	26.634972	15.608398	24.327098	11.146767	28.948841	0.000000	28.712608	21.563573	18.791099	27.546305	26.011813	29.242620	17.061791	23.935559	29.015924	23.298085	23.998770	18.432984	25.842780	20.769691	23.874541	28.891330	27.809275	23.811333	25.364528	25.112221	26.959667	20.117424	23.757860	24.648781	28.107867	22.835620	27.110791	23.900862	19.164425	23.886204	28.829106	24.297527	25.889700	21.241821	22.376585	29.171625	15.883578	19.558600	29.388887	28.335563	26.316761	26.157050	22.404823	28.135847	29.399403	28.007605
20.151858	27.263258	26.382710	18.452265	23.884706	29.007871	26.674595	29.079395	15.066250	18.483157	23.092909	28.271070	17.782186	28.700307	29.307276	29.110437	10.000868	21.037174	28.804894	21.525215	20.021495	25.186824	27.003109	15.708298	20.254430	23.418486	24.961239	16.356586	15.632889	29.105842	21.501717	15.799740	19.672485	25.734878	24.956938	13.805832	28.581595	29.393827	14.315623	21.210732	29.064279	27.336595	21.183792	25.024205	21.139332	29.249371	16.105482	12.989455	24.102628	24.015283	17.974415	25.016371	25.774955	28.793395	29.084429	26.811463	28.085211	23.044879	28.314093	16.538368	22.845442	24.287489	25.242987	28.516146	27.342298	17.952733	22.939450	21.183208	28.351654	24.630544	24.491071	27.753245	27.468203	22.039567	28.484394	23.401332	29.051348	15.861901	28.950664	18.092571	24.891981	14.823421	24.056435	27.772266	23.805725	29.110284	28.131241	26.276141	29.184995	27.669674	28.376957	28.282225	28.034781	29.303149	17.195793	20.432522	11.220693	29.239265	24.199900	24.011096	18.921064	16.590343	16.595062	26.143031	20.413160	11.965985	0.000000	15.662838	28.053045	22.704540	16.054539	25.294222	29.042043	23.525545	25.930812	29.235254	15.687844	25.586106	28.211965	19.452708	24.270956	23.432790	15.847025	20.294310	28.949607	20.442666	17.672038	23.966877	19.040105	12.819591	26.128564	28.580582	14.116776	27.050763	11.460144	16.240604	17.043676	26.288004	24.482969	28.748254	28.932545	25.716691	26.680829	28.842485	23.774493	14.782022	25.283576	26.306607	26.044276	19.231569	27.384103	27.528265
28.896344	24.748042	24.424131	21.039510	15.859531	25.710712	27.671182	26.183203	23.383812	25.169624	25.383728	28.551463	19.366978	26.800868	20.223384	25.839113	16.786042	29.107070	23.998613	26.904506	29.073574	22.699443	27.334594	27.002782	25.580725	19.470560	22.147660	15.873511	23.350583	27.116925	24.301473	24.867113	18.848065	25.620062	26.939724	22.829528	27.139275	19.263464	20.143765	24.409182	18.841798	29.232295	26.772297	19.466889	27.986458	26.999675	26.975261	27.936517	19.142685	11.577074	25.316178	18.826781	9.723278	19.419031	29.226889	26.732052	27.668273	17.603562	15.600933	28.344098	29.272159	29.210395	29.160932	19.658391	9.947391	27.811352	23.073920	26.359406	17.707408	25.625724	27.251104	14.307482	18.474802	29.314960	28.631369	24.777225	23.745774	26.863303	20.942082	20.527080	20.943438	20.238604	28.749582	18.639247	29.343765	22.910412	28.597330	14.294465	28.873856	24.211763	22.907011	22.156802	27.178182	24.660139	25.105650	26.647142	29.397465	29.333723	14.979887	25.743480	22.298620	29.278749	24.016397	18.545458	21.227156	23.726871	27.973544	0.000000	28.792646	20.123059	22.396019	29.364460	24.562604	27.003205	20.894407	16.499245	26.037362	20.514735	16.314062	16.543566	28.651951	22.337308	29.349318	18.192293	26.154692	28.567169	24.695976	20.377444	27.244553	22.399267	23.383720	29.021024	10.858406	29.390499	24.447820	27.559279	28.232609	28.899024	25.547873	24.385243	22.752921	27.896845	16.849861	21.391147	27.032610	23.257099	17.666724	27.417434	28.019453	29.284206	15.372891	28.194739
27.680772	23.517586	24.575045	19.611394	29.279622	20.005117	29.341647	27.565651	28.461484	27.481429	28.902012	28.438082	25.740246	24.402066	28.850296	19.422110	17.199092	28.581890	22.058777	19.904897	29.159770	26.185257	24.482319	17.699954	16.477907	17.012223	28.889976	24.282302	22.546250	17.124928	25.561707	24.220724	29.060154	10.836543	22.763652	23.379403	28.024040	9.339956	24.572864	28.530725	28.483288	26.912503	28.189455	17.950528	28.529597	24.817670	21.982189	27.183173	13.378361	11.703413	21.308087	20.940129	16.321091	13.262064	23.985690	21.414041	16.022236	24.688045	24.479612	26.514870	22.161132	26.984752	26.841566	25.551362	29.380428	25.935165	15.841452	21.658384	12.773782	27.431449	15.463706	26.184692	22.098536	20.366588	28.770608	22.293358	26.702119	20.786635	29.374625	27.925471	29.016899	15.230996	18.701247	26.988785	15.378109	24.418432	23.275501	24.370441	29.124614	27.972689	28.781525	9.760556	18.988242	25.357138	25.771381	21.199263	17.533395	19.569632	22.574090	10.034983	16.963355	27.781411	22.454533	26.101069	27.626166	27.485389	28.328390	26.819342	0.000000	23.592189	21.882144	12.908353	16.885648	27.618770	29.396390	27.676477	29.382995	24.589459	19.116904	16.146015	25.151538	29.169304	28.659236	29.131531	21.876161	20.806677	26.363260	24.992705	20.947614	28.473567	26.563714	11.086083	19.037319	13.817940	19.126143	25.675889	25.727105	25.752241	26.351342	21.916366	28.202979	24.867050	17.637593	22.143800	20.168804	29.217405	28.882765	26.750526	23.719956	28.830037	27.990217	19.896980
26.793054	17.254428	24.602806	28.546082	27.527269	13.711933	29.281466	21.293722	25.217853	26.475228	29.126856	23.832594	18.681102	7.870209	13.510278	25.188656	20.835061	17.941369	29.187185	22.589070	20.136239	25.356839	19.225398	22.238637	16.398229	22.940466	21.770447	27.524046	21.700759	28.377749	26.651441	26.038501	18.451606	28.139952	20.976693	24.914755	21.605817	29.156382	28.488122	26.620865	26.098956	15.699042	17.517804	28.648753	27.568878	24.117980	28.005171	20.689420	28.521990	16.651133	24.756988	23.926966	28.169039	25.177041	29.017829	29.222900	24.316918	23.857525	26.636121	21.793798	28.596894	28.852045	20.682079	28.527625	27.936653	26.333640	28.259218	16.303706	24.040475	16.295363	17.290428	28.819606	23.954516	14.522425	21.389021	29.357405	29.133875	26.724464	16.354944	19.096471	24.550645	18.780584	17.434821	17.910730	17.757296	16.363279	20.297821	23.545077	19.309192	12.482482	14.388790	22.951650	8.893939	22.927690	20.301848	21.109327	25.415641	24.149873	27.283154	23.129320	26.307731	27.119471	14.055427	27.520756	15.959342	24.179634	26.137002	23.349936	14.682430	0.000000	22.325626	26.300922	28.365520	18.837196	16.639890	21.559606	29.153330	16.357538	22.845237	28.829199	23.424608	19.096942	26.362654	28.734087	25.507218	27.478617	26.451794	19.978846	24.933478	14.715728	26.202743	27.002069	28.572702	29.051653	11.344574	26.714697	25.789230	23.911706	29.090647	24.855256	13.790368	11.767780	28.371158	22.319261	11.234264	18.638246	26.714023	25.668374	28.109129	17.494684	25.754077	27.369465
15.410004	25.676539	25.021243	15.601324	29.396862	27.866407	17.627595	27.450639	20.440136	18.848399	21.534134	26.827658	25.429025	25.652259	23.611603	11.954519	19.023792	27.406918	26.198524	25.147085	29.306838	24.475743	25.595439	29.228178	20.313021	28.716964	29.139552	28.168222	27.588116	26.419573	15.220452	22.013084	22.164798	27.801609	25.822623	27.509621	23.842878	25.874653	23.060714	27.396505	20.799964	25.207510	27.446305	26.508461	20.410314	20.106275	26.939126	22.421172	20.995187	17.146294	24.167067	29.376039	28.340018	22.733034	28.207867	16.522543	27.211697	15.497199	26.796546	22.064155	28.790531	24.781683	27.854449	8.010530	26.658962	28.661672	28.539024	20.481687	29.189516	21.965431	26.127881	28.992899	28.634585	26.370326	18.480150	21.369482	22.171273	27.653450	17.482122	27.405906	28.193916	20.739404	28.258604	12.547559	27.797043	19.924976	18.780044	27.308270	22.291200	27.377888	17.601887	22.548592	26.990176	25.482334	28.524558	28.339427	23.705299	8.605533	24.064157	28.148024	27.119694	28.694100	28.781412	18.421642	13.118120	29.071457	15.404604	27.080290	22.688168	25.161928	0.000000	25.036516	25.139631	28.661409	26.221163	24.678667	22.166927	27.755851	15.021954	26.744850	25.142643	27.538132	29.092874	28.171385	24.637894	27.172293	23.573051	24.282605	28.052655	29.144600	26.936454	27.378982	25.487652	28.441643	24.008378	27.020251	14.992684	21.392757	26.668759	24.849573	19.705389	15.638920	28.247205	28.264742	10.187955	29.328508	16.289022	13.189366	28.901636	23.969477	23.185540	23.157362
28.397303	19.875351	29.055697	21.499562	27.947445	27.026555	17.764483	25.463305	14.611094	24.818888	18.005601	25.169319	16.278887	28.118607	26.023698	14.054211	23.637477	19.214847	20.798557	14.385499	25.502990	27.541085	27.741003	17.067766	29.231319	18.716332	22.349206	27.896527	27.034623	28.641420	26.100994	28.036197	15.383116	28.608366	24.275126	22.796179	18.488151	15.906247	25.477613	19.747705	28.186753	29.160206	21.076390	29.279324	28.460596	9.951846	19.411932	18.048429	27.467973	22.262488	24.758650	20.144446	25.970282	17.578317	26.253017	21.977116	22.604576	10.953343	28.561501	26.660896	29.345240	24.525747	22.713909	24.057163	23.518529	15.103424	26.268262	22.197244	20.796275	15.849189	28.412303	13.629814	27.356836	15.292185	27.115023	22.143348	28.673368	16.672167	18.311806	13.522010	24.208842	25.000477	14.703054	22.636292	7.383377	21.825751	15.109180	25.853440	22.478409	23.504362	9.003743	27.101545	27.131809	27.122437	28.201751	21.915238	21.638929	23.819054	25.806861	28.042694	24.304736	27.637499	27.286454	26.452835	27.412042	16.165589	24.953503	28.459554	29.290434	27.238084	24.233950	0.000000	22.336413	18.423523	26.266621	13.278466	28.612136	29.216529	16.628977	23.586980	16.683460	28.600276	25.575684	20.866391	18.109182	23.953662	29.138420	28.230362	13.204180	27.759231	13.725753	20.142632	26.849116	26.812728	16.551475	12.955548	16.898728	21.252953	28.564955	21.840234	18.838130	28.215518	25.812642	27.771983	27.571472	29.373969	23.949614	11.242760	25.596904	28.928047	25.674260	29.232636
28.845170	28.074978	22.028588	28.860686	27.972750	23.525461	11.720941	24.270298	23.289653	24.158389	18.099041	29.340934	25.112631	27.537290	18.991461	23.857638	24.989827	12.910611	27.521438	25.529764	27.510479	27.080477	28.424517	27.463682	28.216249	26.858343	28.470190	13.827754	20.711123	14.917129	7.118844	17.659329	19.566736	12.217816	23.773403	25.805038	29.175307	25.431908	24.701505	17.634335	13.405743	27.088886	26.302932	27.693655	21.675952	20.722363	29.310232	27.024937	22.410236	22.233211	29.121744	25.588042	24.135411	28.180170	29.332324	26.487770	25.395315	25.532140	28.012026	27.910762	12.497808	26.972910	18.975128	28.358499	22.753228	28.992219	26.092744	20.150060	17.074531	28.732033	22.583332	22.857205	26.929766	27.282818	21.350662	14.278716	15.817516	25.354848	25.662539	25.878372	29.279719	28.599231	22.571020	28.240229	28.910164	29.381123	19.851273	19.523895	26.523849	14.780395	29.275817	22.719767	24.533686	24.712089	23.346359	23.594282	27.098252	27.539270	29.151764	26.984413	27.322416	8.937905	24.583608	27.834466	25.740954	28.496528	23.724655	27.409288	19.900816	27.590551	29.243700	28.505630	0.000000	16.686411	27.797224	18.417189	28.838484	25.060049	18.352531	22.654748	28.619992	29.054027	20.433857	27.627184	26.643931	28.756430	28.200345	24.541394	25.215030	23.856648	24.214910	14.526709	29.259270	16.259906	27.166165	18.104071	25.817592	28.429188	11.504045	24.977845	29.167611	23.960623	27.545213	25.512290	16.036488	27.512766	20.919958	12.044416	10.297553	25.091867	17.816921	7.731989
28.458443	17.689624	8.465593	21.993672	23.667481	22.352955	28.491721	19.217405	28.446389	20.987142	23.962966	24.590587	19.331064	22.647456	26.108771	24.790888	27.221348	11.766103	26.305988	27.377529	25.591931	23.846974	13.214490	19.854656	26.363103	21.545039	27.536906	28.968427	28.984503	25.170472	28.203556	25.128884	26.581021	23.799116	26.429281	28.265984	29.141879	8.955164	10.477397	11.852663	23.658059	28.057386	28.253689	28.267330	28.560702	27.295984	28.219313	26.638210	19.442544	22.040982	24.437660	29.029113	25.069888	20.056879	22.049404	23.128995	27.880260	26.503694	29.346942	21.957927	26.566502	28.275740	22.723698	24.629121	19.977338	16.380024	22.703788	22.985847	17.049426	27.295929	28.976398	16.992332	17.901486	10.537266	15.561810	28.614310	20.397202	28.423125	29.196771	11.249826	28.183320	29.066645	13.826333	27.213391	16.368285	8.290328	17.332461	24.091369	27.973917	28.135099	28.893014	28.986781	28.315600	14.958119	12.365496	26.168729	29.050127	25.333725	23.158878	21.832013	27.763799	23.310239	29.289192	27.104822	23.227090	27.793984	25.096628	25.722208	24.206850	22.757996	21.733518	28.864155	19.857847	0.000000	28.384335	25.620452	17.525523	27.901951	29.389002	28.134585	28.365716	23.338295	28.700605	27.814172	26.126509	24.055770	26.490181	15.242679	29.123740	25.658238	24.834767	19.157835	23.367911	21.994898	23.327392	26.407771	14.412985	27.618220	24.971758	27.799590	27.711309	29.262242	15.917972	16.858529	18.277544	21.299706	20.043116	22.161010	16.295831	29.386599	17.087481	20.719061
24.693632	12.919906	27.728416	22.245927	20.404568	25.248114	26.329545	10.350812	29.292327	27.307377	18.658150	27.539199	18.823844	27.261577	23.507702	26.470711	17.920459	26.614444	25.396938	24.153706	29.313552	10.031483	28.932612	28.536634	14.968685	28.178756	25.558780	25.575742	28.969460	22.384152	26.563749	28.339163	19.323508	29.083454	29.246953	23.643832	21.852603	29.012664	18.843999	21.130141	14.664349	23.224199	26.112993	27.646884	29.286512	29.288476	29.140588	26.605860	24.439988	22.024811	21.651464	18.257218	22.329904	28.393281	25.757776	29.103916	29.076896	25.939270	24.227798	18.951452	24.932958	29.051386	25.397897	28.822889	22.446254	24.244124	19.991310	25.824196	21.832816	19.240710	29.187455	21.464834	13.835834	15.909745	24.131132	29.265341	29.247840	27.099435	23.760575	28.113994	19.974544	24.309984	25.463237	13.637003	24.736880	17.339068	16.822854	23.764354	27.988592	29.386595	23.365996	27.817701	18.125813	21.824108	27.960930	24.646132	25.302075	16.088979	24.131850	15.160069	15.965894	26.690179	18.767438	29.178203	23.665083	26.391554	27.715825	12.192991	23.403309	22.452353	27.369189	28.944674	19.781072	25.644005	0.000000	17.187323	20.603957	22.738129	26.470156	23.394816	28.137125	22.444630	21.678736	20.715462	10.539282	16.260560	16.227150	23.314927	29.383435	29.261538	26.885856	29.274726	26.672602	29.256800	24.412293	28.024667	24.888529	28.487788	16.963201	25.078101	27.684627	28.126826	23.880318	27.722293	26.257111	27.269671	25.271686	19.562948	27.238685	28.718701	28.926629	28.691859
23.440877	28.565930	17.749139	20.774921	21.365130	28.336139	19.036175	20.618632	10.431820	10.678966	29.386286	20.264725	12.755415	28.015620	29.232279	23.520920	20.817900	28.787500	25.364358	23.073390	23.988870	27.974513	29.017416	28.429834	26.407764	20.672784	21.828923	22.788631	13.556055	27.027802	20.414339	16.046122	24.266044	14.765305	26.192111	24.613060	23.517625	26.194943	26.341993	25.040159	27.848327	24.486107	25.118394	14.572335	29.028764	8.734338	22.313433	26.589462	25.166814	28.690843	26.644566	28.219473	15.079079	19.465646	26.476508	26.026735	24.900770	27.389135	26.470384	20.306384	27.661775	29.227432	27.989332	28.672176	28.676192	14.031808	27.904101	25.415168	28.225304	12.121640	28.294134	29.129366	11.733788	28.140821	23.497351	27.687707	25.083915	28.437897	14.495637	24.851835	28.058976	18.675581	18.398182	27.913657	21.849620	28.797866	13.343983	23.493333	24.071651	21.740034	27.552980	25.941772	20.740287	29.181016	26.241913	23.585400	27.663304	16.673199	25.101335	11.540281	27.596679	27.749601	27.869184	16.699472	24.965597	9.329724	27.716787	22.169188	28.542787	27.292621	9.115615	14.887051	11.741604	23.642749	13.409516	0.000000	27.912836	24.143123	26.144389	20.715036	22.663589	14.937544	28.699737	25.594252	27.384771	28.652447	27.362349	25.550148	18.341724	10.005853	22.705293	10.894849	18.798409	29.106166	15.424866	9.939940	28.346626	16.868215	26.679522	25.744909	13.180074	19.617913	27.661683	28.622691	23.744856	26.298211	28.357306	28.572155	26.230264	14.381956	23.666194	29.306848
28.860179	14.293366	27.384914	17.562508	28.008329	29.356559	28.499679	24.570166	10.202656	27.324647	18.903534	29.056488	27.254651	28.571478	28.935300	8.414590	28.381665	27.688151	27.176775	11.073996	28.450770	26.153468	27.025613	28.225912	28.595103	26.925450	27.747110	26.101017	29.392655	19.069865	17.568475	22.158774	29.142723	28.014765	18.804316	24.794689	27.448098	19.049765	26.935907	21.756622	11.974978	10.582195	27.102059	26.008947	27.019942	25.019658	25.365774	25.106583	24.873928	29.198453	27.861024	15.005677	16.085699	22.256008	29.016534	17.221200	28.644644	27.602925	25.434134	27.525306	26.984673	29.119430	21.862343	12.922487	22.885701	25.930597	26.713283	22.534861	26.845840	22.398414	15.137824	28.349866	23.752688	22.741642	21.766215	28.526214	26.838035	21.702013	28.951549	25.687433	21.886335	18.814678	26.805084	12.217471	25.464496	15.449575	27.531753	27.763698	16.816906	28.267979	23.122947	17.780709	25.132559	29.224776	27.525426	29.387320	18.245128	15.667086	22.793127	27.830438	29.151303	24.059955	23.202224	26.932915	19.807988	17.834897	17.743871	29.028681	29.311923	19.001022	11.070466	21.555229	29.372797	18.710197	27.672860	23.907850	0.000000	21.347939	26.011357	26.305761	14.148899	21.881329	28.878709	27.719141	29.042412	25.749956	26.109216	22.979152	29.109117	21.418991	29.241216	25.490983	27.981008	19.486078	16.229508	27.920884	19.688713	27.412239	27.471938	29.227394	27.198723	28.223543	25.233726	24.118029	27.724964	21.800417	20.731785	21.167708	28.720458	28.434237	28.196638	15.022789
14.644074	29.347408	19.683360	22.812297	12.303827	12.339166	22.961804	28.255497	24.960882	27.922303	27.393487	24.207253	26.150466	11.559630	19.692780	28.208275	27.216510	28.994563	19.907040	23.699078	17.332189	26.476706	26.990817	20.536936	20.236328	21.348475	23.666432	28.497866	29.002729	19.110353	26.280605	29.053179	25.047735	27.902850	29.014295	27.632901	23.799795	18.926415	26.489010	27.875412	22.516495	17.977457	29.305093	29.015917	21.993616	25.730634	23.678522	28.813590	28.900083	20.676675	26.090837	20.924674	28.927701	28.999631	23.307271	28.682250	28.233517	28.394481	24.584059	27.131384	21.081933	26.771689	17.239957	11.189858	17.083616	16.617244	13.982985	24.302082	22.957813	12.628567	29.137567	26.013592	29.295947	28.396019	28.599325	28.323757	29.189627	19.186674	15.410463	14.633040	17.756120	10.085858	29.314939	11.390915	23.780379	26.966306	26.690982	11.644184	26.959826	28.622480	21.016416	28.992144	26.857631	28.215653	27.198424	14.816596	24.593237	28.637717	27.801916	21.070902	16.414976	24.832975	28.199218	11.680519	20.189453	26.081225	18.692012	19.142487	23.074465	18.616167	27.851627	8.366388	15.683007	12.751457	28.204638	22.101744	25.860512	0.000000	13.713396	28.682253	10.397604	8.927931	28.390215	28.549132	29.048004	23.151089	21.345825	20.274770	28.382879	28.118225	29.267842	20.944216	13.994098	15.545625	22.181283	22.551701	23.150757	28.591439	25.746225	25.399376	28.263912	29.092739	27.134493	14.701815	25.452002	29.240952	18.038681	22.709713	27.914090	25.862766	23.927921	24.458012
28.436099	28.247235	28.583009	24.896971	29.384437	27.028018	26.765125	27.026260	27.571315	26.242417	24.828594	28.695318	17.589049	28.698989	28.805681	13.022665	28.338087	19.093948	23.168509	23.607734	20.011947	26.611320	29.166064	10.050521	22.097629	14.660423	29.377125	24.613867	9.101998	29.099732	27.217783	11.309004	29.044439	25.480579	12.096653	24.122071	26.949236	19.832114	12.827501	22.570466	25.265199	27.166645	26.760719	20.768062	28.634686	27.804587	19.660549	26.634885	26.146673	9.979217	25.762292	21.083567	10.312835	17.393796	28.593798	26.760198	22.623773	25.711987	26.157933	28.115041	25.024405	29.272739	18.650691	29.207628	29.341981	29.056496	22.070580	29.071837	27.485471	26.688217	24.804753	26.676318	25.154868	28.511752	20.115821	22.300262	25.873589	28.451417	29.342591	27.400029	23.231649	27.000120	27.462288	25.343716	27.317059	29.291992	25.770519	29.114334	17.615402	24.835321	9.673796	28.721287	15.067157	29.249582	20.921481	26.155136	18.639115	17.761604	26.505753	28.999615	23.327214	22.487051	23.553331	22.018718	29.127155	29.065130	17.411051	25.261071	26.173710	16.372372	25.370984	28.724217	20.461282	20.072080	22.962879	20.699878	15.037890	27.796280	0.000000	19.005550	27.431199	19.381816	26.779454	27.628744	27.931880	25.004240	15.862126	21.529725	23.365726	28.229112	21.830583	14.539197	21.813696	28.041154	28.573306	27.266133	18.246429	29.008381	22.386072	22.349797	22.407213	26.126341	20.622341	18.770015	25.371747	28.998767	23.856007	27.299504	23.700275	24.908042	21.303394	28.816827
28.590126	25.142509	14.194283	20.074170	27.965553	26.989952	29.202470	28.915588	26.811989	28.772129	24.015299	25.052956	15.720611	26.733807	17.695471	29.200838	21.960321	23.773634	20.507599	22.162559	27.526394	22.796203	24.648850	22.520544	26.811323	29.147425	22.379458	28.361270	28.411119	27.833718	24.120273	27.904486	25.572875	24.772569	17.036980	23.893905	25.039366	17.346448	17.660518	23.438354	13.253665	21.815132	24.222093	28.178420	26.423441	24.466915	29.249060	11.239033	20.508474	28.078142	17.030934	27.814112	17.949642	28.753147	20.891889	27.931881	28.906068	27.374738	17.596186	18.249145	29.339991	28.376411	20.138737	23.940198	27.340115	26.181585	13.089081	24.298158	29.366331	28.272758	15.142697	20.253869	27.619921	23.981583	25.661830	27.632138	25.218617	18.129250	23.805040	25.995890	28.650639	24.392106	28.623187	8.888185	28.655587	22.074170	16.674251	26.861879	18.753505	9.866329	14.373565	28.190210	21.044917	24.969861	22.210000	25.135048	23.715961	28.520759	27.653276	25.519533	17.325514	20.254559	28.719206	8.401040	27.500741	13.073312	22.235616	22.172752	22.485269	23.823187	28.255922	28.434782	26.381424	20.775158	29.028700	20.588390	28.055549	29.155083	19.000451	0.000000	29.043915	26.295811	27.918336	17.551708	28.248734	28.234497	22.458256	18.752437	11.771101	29.243990	10.640442	29.135156	23.541991	27.478460	23.882267	24.920199	25.960876	25.697166	29.048629	10.820355	28.895264	26.196790	29.394663	20.749920	25.229461	18.790611	28.757674	23.677944	21.474381	19.134929	28.993352	28.358878
19.253439	12.832072	26.929976	25.696940	28.320977	28.216912	14.561526	28.896908	25.157256	27.233342	13.892690	29.363477	24.909708	27.147714	27.982849	26.706216	29.368218	27.819787	24.119821	20.065754	26.667916	22.864129	27.230551	20.736630	27.555320	29.209467	21.412926	27.229187	29.348159	29.272665	29.386893	29.357896	28.504071	26.187031	21.647575	29.285621	18.686505	19.524225	24.818879	27.934758	8.817601	25.453454	25.104491	25.055913	22.346686	24.969685	25.969515	20.813306	26.605425	23.036371	23.235912	17.382668	23.922697	10.385431	26.433892	18.516753	21.075251	21.791368	28.645597	26.282751	14.120602	23.118567	26.975530	22.830956	24.659547	28.286376	24.774340	26.499518	14.037557	24.209798	25.590843	25.584804	25.196404	26.096943	7.875568	23.376790	27.761317	6.661626	28.765507	26.607862	12.603706	28.255853	29.065170	29.072753	26.207966	18.584589	22.816410	26.801854	17.345398	19.774719	28.677648	25.180959	10.456263	28.468714	28.323712	28.723423	22.464562	26.878991	16.703432	24.887328	29.152769	19.119815	18.485973	28.723675	28.708891	21.078757	28.441150	21.073672	26.769581	28.806382	16.071535	29.267661	29.137264	26.797119	29.030167	28.546481	20.026294	8.706248	29.188902	29.270295	0.000000	26.909395	17.745948	28.813199	23.199690	23.361937	29.185354	26.419456	23.827759	25.727611	28.859681	27.605212	20.284518	25.204710	28.913705	25.875715	26.918271	17.367300	23.506007	22.812588	9.142915	28.506423	26.735694	24.637731	24.935979	20.567112	26.668393	16.015698	27.348899	27.818693	29.363933	22.429941
13.006229	23.850706	28.610731	16.848931	27.755774	19.542497	26.709511	23.277553	24.297445	7.615472	24.563205	19.842991	13.685754	21.688076	19.380978	29.394414	17.782540	26.001437	26.232612	26.700522	23.490535	25.424058	29.170705	29.389822	13.995002	25.366818	29.347410	28.869727	25.633027	19.975869	27.847949	23.332206	28.721840	29.050171	23.228413	25.790557	26.200478	28.415158	10.032636	28.977906	21.048897	13.821238	23.966172	26.311463	9.649046	24.255987	26.853929	25.151773	27.850030	10.467605	15.567263	25.140019	24.088006	21.704226	19.755803	29.324858	23.789715	21.616828	24.378760	23.854347	22.305281	28.466505	28.906235	26.474914	29.151959	22.896743	27.995397	24.930843	28.855493	29.084958	28.990028	28.829199	28.286214	16.380513	12.035751	24.973385	29.383630	20.422786	28.132012	25.219142	24.835268	28.115443	26.842943	28.706395	27.418940	19.527688	19.648716	25.567042	27.464182	27.848043	24.284131	24.651947	28.530725	24.427500	21.283346	25.998819	8.317709	28.407707	23.586398	27.275835	19.150190	23.676491	27.811397	25.622691	27.081259	28.978852	25.710020	20.444946	28.159936	25.850418	29.231387	27.112242	20.648894	18.541627	22.296650	29.229063	28.462405	27.186520	25.731021	11.896550	22.305178	0.000000	26.754319	27.680268	28.893779	23.295667	15.756663	24.259179	27.843322	24.951588	28.115747	26.837669	21.302019	22.201959	28.680267	27.437014	14.924562	27.892080	21.174719	29.140220	23.558439	29.146399	28.495747	26.815876	29.381045	18.143717	25.864242	23.485651	26.770150	25.247058	26.873452	27.501771
17.586193	24.901233	18.236274	21.221487	26.861402	25.378324	11.114648	27.922555	28.858236	11.449554	19.569200	13.326364	24.019342	18.822200	25.534726	29.314155	28.101394	27.865420	27.130009	27.109186	25.544645	15.731321	20.779870	18.265768	23.796755	26.013492	25.565020	20.176791	25.055956	22.656148	23.832541	22.529212	29.389641	19.071815	13.630741	25.165287	18.792615	26.347552	21.007821	28.763784	27.861054	29.048010	27.591677	29.379783	23.351032	26.895034	15.273436	24.580928	28.371074	9.094492	27.144207	20.805172	21.608759	17.593207	24.055745	17.301895	14.923881	20.897189	19.181597	18.182545	21.989604	29.394437	25.841907	22.603314	14.569355	27.830686	26.734231	29.017684	28.012716	29.140484	25.921566	12.350689	28.254676	25.043820	23.026755	27.248186	17.473165	27.903944	19.246850	27.838851	23.214366	27.639904	25.554735	16.149963	26.327772	10.490078	20.908336	18.222839	13.204808	25.123428	6.593387	8.483512	25.063652	19.633065	14.468755	28.275142	28.933748	25.978790	27.589610	28.993053	21.746613	28.408276	20.952902	16.453124	18.080838	22.063489	24.793950	22.214700	17.749113	21.472858	18.031251	23.326264	23.391821	28.621105	11.429702	26.633585	23.874397	19.602237	14.332961	18.449263	25.823295	27.863219	0.000000	24.355415	22.649543	26.140449	23.511121	25.081311	21.841559	11.775580	24.932513	18.163831	18.046403	12.376482	14.799875	17.597765	20.216451	21.510922	19.632769	24.267323	25.393189	8.199801	29.359850	12.413187	21.862563	28.024626	26.746185	26.770076	23.987777	24.942146	13.187253	21.237953
27.518772	27.691976	27.206026	27.934500	28.786691	29.369659	27.769238	15.615741	21.655064	29.289513	27.445266	13.840901	18.225147	26.541398	25.714332	23.490778	23.770573	25.346509	28.503367	17.497040	27.418108	14.503400	21.040211	29.311231	22.961577	12.680589	27.983062	24.335273	25.427645	29.085440	15.342689	21.837030	28.621113	17.334479	28.907528	15.873246	26.085159	22.905888	18.962025	28.538139	28.948783	16.561635	28.225656	24.588339	27.659267	11.319176	23.829859	25.968166	15.038547	17.046429	29.214461	20.741123	28.354100	12.258207	29.212878	27.456180	13.486929	23.184610	26.310834	17.059975	18.555045	10.062546	28.898688	28.058056	22.046535	29.337902	18.892689	29.311798	25.906175	20.784477	22.230989	25.568988	28.143969	25.135505	25.691168	12.007330	26.110117	28.300191	28.275868	16.236694	25.423165	14.169792	19.963790	18.254143	29.289037	25.796826	27.078509	20.835117	29.089497	15.584950	28.976752	13.229942	16.845232	23.120806	22.883353	27.934329	26.851346	28.106428	26.348222	27.607597	12.932385	27.596921	28.486218	27.466635	17.241658	25.305658	19.628110	14.786575	20.409351	23.020340	26.543313	21.865399	19.652883	21.681754	26.205692	25.711065	21.975923	28.262775	29.202727	27.346383	19.564920	16.520808	15.047538	0.000000	27.223916	19.115892	28.413949	21.171029	22.665721	22.085218	28.588322	25.005860	27.938532	29.216179	26.784521	26.660553	27.746180	26.176516	29.304492	24.204158	27.121499	26.171989	29.099486	23.003972	24.412718	24.110196	27.226774	25.528019	29.022103	18.792414	15.072687	28.921088
17.757983	20.899618	28.172818	29.027732	19.361078	25.462499	20.497485	20.243784	22.686404	28.090243	23.321239	27.747409	28.128320	21.288606	26.963866	26.064395	18.469737	27.612637	22.609297	25.899198	23.892831	22.463508	24.020880	22.996655	29.304124	23.634874	16.731923	23.086468	19.070526	21.261193	13.047541	10.127857	29.385859	22.117784	29.381195	22.150836	21.334578	17.601823	24.410991	28.974575	28.389852	26.773358	25.036840	29.114237	27.833246	23.083749	29.364436	27.339527	28.719302	26.084977	19.504964	24.161260	20.029035	28.225166	28.851613	27.606262	28.736985	27.438684	22.274296	25.908020	28.036447	29.162412	28.084976	25.770107	18.724110	22.963874	26.870632	24.753573	26.686941	26.972929	27.656803	26.900439	28.056699	28.855335	18.083450	10.497521	26.010296	29.106367	24.851012	24.701112	22.209575	25.861685	26.382760	14.514154	22.029294	22.330303	28.739306	21.928878	27.185404	26.601190	16.928068	25.484930	25.204973	27.295440	26.437987	27.680161	19.550591	23.641821	21.389073	26.424384	19.888058	13.402180	26.889157	23.977290	18.618555	15.895758	26.641417	23.701617	21.651304	29.270067	27.709019	21.022980	28.283326	28.599276	26.565099	26.239778	21.216265	29.082474	18.423620	14.109176	27.633214	17.758871	12.573195	27.779815	0.000000	19.842657	28.848049	23.244755	26.461687	28.007527	23.895747	25.606289	21.380018	18.270772	28.847788	19.913407	6.694490	8.850974	22.249474	26.230051	27.664881	20.646743	27.514242	22.378662	18.843851	24.517708	21.105510	17.451255	20.716446	23.748344	23.275096	21.582846
26.355898	21.628190	27.890471	21.836748	15.566193	27.309847	17.443768	27.845620	28.358566	19.669231	10.111530	20.831839	18.364871	26.545240	28.581474	14.031496	26.270169	26.731076	25.922881	20.682378	28.518998	26.129130	29.129095	24.001791	28.197965	26.736476	25.228887	29.201427	29.191468	25.658633	19.021574	28.884110	25.232745	27.378109	22.936732	21.799558	19.680475	14.812428	27.727672	15.228288	18.522325	29.399789	28.076300	29.372428	18.789802	29.395712	9.409890	19.569683	28.495886	28.213035	26.832065	19.692581	29.332065	29.370099	27.982788	20.461417	25.140808	20.613057	26.034114	29.344003	25.454491	16.691715	22.913580	18.159430	11.365756	16.304876	20.657376	23.501463	22.469931	26.277668	16.388629	18.161268	28.048867	29.008118	13.979995	28.869304	24.874592	28.233568	28.175073	12.940703	26.916038	23.347888	21.748081	24.294508	27.488255	9.813675	25.795495	27.437558	29.366232	25.597713	29.117511	29.355250	27.499064	21.288480	29.310178	23.302877	24.323485	20.695710	27.630208	23.129665	10.695219	22.688138	26.211549	22.875330	29.163686	14.548798	21.717616	12.949722	25.983005	29.298619	21.875934	23.743148	17.889517	23.431846	29.158889	19.086679	20.483023	26.971168	27.195183	25.230754	29.353906	28.100615	28.358887	27.625530	24.924261	0.000000	20.841841	15.964894	20.793546	13.718245	27.367889	17.657922	24.864227	14.126362	26.384678	27.137637	25.516035	24.615979	22.972141	28.651306	28.653523	21.040736	26.012402	27.913809	27.133462	26.094179	29.127999	23.698170	19.743982	27.438744	20.249733	20.505892
25.646356	28.711567	27.410900	27.039735	16.979442	24.302360	29.350892	25.765878	22.720657	29.160927	28.068287	29.343544	21.071781	22.353055	28.202595	27.173887	26.156072	22.012676	18.461959	27.103328	8.453199	23.897780	28.669427	23.498526	27.439765	24.375974	15.900406	28.486048	11.626875	28.518946	28.124120	19.038528	29.364041	28.437478	22.061589	18.985684	27.489699	28.377653	17.343683	29.046113	20.731199	28.746745	25.559380	28.622467	26.499318	29.059690	10.532941	28.384479	17.897684	25.581707	24.993951	27.660342	28.677678	27.539356	27.132641	29.376278	24.185297	28.357217	17.358182	20.561215	28.376963	18.728382	19.465840	16.738145	29.373352	20.692674	15.816185	21.443265	26.024518	23.772234	27.727499	25.316222	7.912349	16.356400	28.132726	20.990900	28.527928	29.174785	27.177001	25.039418	17.534528	24.943517	26.326653	23.634436	29.190214	24.188252	28.210324	24.423259	26.636747	22.796299	20.442471	21.714662	29.345398	25.277705	15.002584	21.358632	26.584923	19.995968	24.450890	28.083442	24.502756	25.055101	28.045730	27.138344	16.120957	20.141523	24.753114	24.636148	19.587434	18.773379	27.656787	16.261843	13.223561	19.947314	21.802387	28.694677	26.017725	23.038656	24.439198	29.169779	20.281111	29.138324	28.265830	27.369972	29.244318	24.387274	0.000000	20.289142	23.302650	17.760882	28.985189	26.889820	28.327917	25.301298	26.030690	21.682502	19.194098	27.740550	26.156036	20.104374	28.462227	28.530503	27.276807	11.894311	23.885880	23.125209	14.111323	24.106439	28.717693	16.643404	27.056641	12.521856
22.521743	17.401270	28.129464	28.165358	24.402798	28.308913	27.587044	22.467664	23.138259	23.968655	26.564290	28.899283	28.483024	28.163972	26.294373	25.294809	24.340091	25.376705	28.501338	25.983392	21.649315	28.203461	24.044368	8.091852	24.675278	29.212242	15.902934	16.720921	26.057942	24.838998	24.684624	29.224641	28.950844	15.771535	26.269676	27.042054	27.713468	28.998344	27.472436	19.674893	12.831213	17.248236	23.352016	13.434868	27.818769	22.010860	11.271234	23.639947	26.044534	28.511655	29.280395	19.390367	9.618371	27.761376	29.349053	13.945913	28.976357	22.117139	27.612074	29.250361	26.868521	28.795365	14.716440	12.814656	23.914908	25.673638	22.398126	29.167889	24.334977	17.060246	22.849937	28.692803	21.589118	26.919473	23.361233	17.085363	11.038864	27.414811	17.408718	29.037452	25.922335	25.804486	28.386778	11.154022	20.606275	26.564878	27.497491	24.060995	29.262892	23.348840	29.139319	22.870354	24.028364	20.094593	20.841279	24.640705	23.208742	22.130558	22.898397	28.288971	16.784046	26.544196	23.263113	28.652870	18.770634	15.325926	26.898938	27.822670	17.725930	19.380370	17.669664	13.386470	20.058818	22.366777	13.636179	27.233409	25.100057	9.991597	26.309931	19.769743	28.888579	17.361643	28.731454	28.558000	16.688167	29.197914	27.473136	0.000000	26.921843	15.337629	28.833870	26.732758	29.318389	22.136684	20.046692	18.543336	13.141618	27.559384	27.519764	27.060281	25.547630	28.147862	27.160751	29.334407	28.878891	28.509222	13.462270	24.222298	20.644712	26.910103	28.139603	20.129589
16.171244	28.943580	20.168658	28.959545	14.969900	13.492106	22.824902	27.156226	28.679063	25.729340	23.905820	28.016758	29.329945	26.093826	19.866075	24.784493	21.416266	28.390487	27.109375	15.348217	28.674857	28.431155	27.800132	20.789082	28.377607	28.799681	11.386971	24.195199	24.695504	20.047401	23.522038	10.514174	26.013910	27.506086	27.818161	29.259886	25.690255	29.249778	6.838132	15.034900	27.639806	26.764294	27.577925	16.861033	24.261761	27.217353	15.169899	19.396319	27.732447	21.101416	29.042947	24.304524	28.039923	18.515026	29.188040	18.701688	24.876323	20.007235	26.134502	28.724034	25.956389	21.135088	21.836285	28.685457	23.097238	17.166174	23.869339	28.706339	25.677384	26.586421	21.999211	20.396155	27.363269	7.470665	28.870061	28.289967	28.186334	29.127211	27.395161	19.025438	25.479454	23.542160	28.075224	27.932362	14.178618	24.875325	21.124073	23.431477	17.031750	28.751706	28.389837	28.775237	18.965059	19.875727	18.101861	16.827017	27.659897	24.897068	18.639599	27.802128	24.772784	29.151514	15.947298	24.329633	26.130241	17.036093	29.193192	24.809063	13.394512	27.101084	15.528051	14.163599	19.953084	27.997285	21.909224	13.676026	28.247030	20.924652	11.965357	25.707045	22.623003	23.723247	21.564094	19.339727	19.752870	18.747683	26.724964	29.222902	0.000000	29.000505	24.666814	23.206473	21.654397	13.240932	24.660113	9.487079	20.540407	28.712728	28.105078	27.794912	13.094879	19.204565	28.403712	25.345140	26.709360	24.002142	19.555244	29.284729	26.412796	28.924215	25.557836	15.344605
29.127363	27.970455	16.074540	20.102752	28.533644	17.274656	19.453422	26.449554	29.272039	10.892001	29.370085	29.275795	25.633152	16.187912	29.220350	10.028661	28.727132	22.944953	22.106970	21.683210	25.111016	24.222942	24.992622	28.259093	20.526022	18.992219	22.107279	18.981461	25.772191	29.196310	23.703693	27.194444	24.287655	16.938546	15.326746	9.561774	22.981224	20.491626	25.026335	29.249379	26.848515	23.351825	25.877529	29.113415	28.039772	17.399786	20.393898	28.737001	12.834086	27.979201	19.999368	29.056923	29.069844	20.934382	9.468752	18.244651	27.343358	19.088886	16.534075	17.690927	26.977632	27.019269	25.480836	22.085812	15.404255	27.293491	29.116403	29.002218	29.371668	22.749549	21.484736	27.147868	21.614164	26.149400	17.723927	27.149005	22.067898	21.989224	21.972869	29.188635	29.260633	18.831741	29.047990	27.113573	28.661348	21.620518	25.040381	27.137040	28.041211	27.176303	26.077936	25.671293	21.801395	25.316291	27.255908	22.380375	29.172087	13.617389	25.205847	16.779123	27.128846	12.056243	29.364509	26.649571	20.571262	23.463157	26.660433	27.918815	9.603445	28.939711	22.035614	28.386038	22.126316	13.868265	20.003993	20.535903	28.216975	27.277132	29.038571	22.344587	7.653590	26.640980	19.369016	26.982830	29.199302	12.575997	27.675915	26.114745	26.202258	0.000000	21.963886	27.557275	21.453049	10.607558	26.672485	28.576793	26.751422	26.612796	24.968262	19.521422	25.697757	26.173843	17.380325	25.992029	18.517885	28.728995	12.904041	28.062963	28.503624	26.017450	28.419789	18.852230
25.821502	13.100793	27.845579	14.199839	16.711872	17.496017	28.171618	28.866466	29.313855	13.181454	24.660360	26.677606	21.830049	15.119134	13.474685	16.302186	24.219555	13.041211	24.434372	12.661550	23.032193	26.806641	28.421432	16.257835	23.728356	27.177584	24.881799	18.423120	14.845909	21.990774	24.208498	29.065040	18.492221	24.224983	25.964371	25.166144	23.074197	28.484662	25.939313	21.545100	26.841655	25.818993	25.419722	29.284356	19.022351	28.138503	23.375596	15.273515	28.463257	28.701960	28.300904	29.231598	17.214065	23.404020	14.556577	25.409924	28.028453	11.545553	26.585340	26.469349	26.862299	29.323933	14.010467	17.748070	27.491286	24.476503	28.699189	21.846848	28.950761	26.949541	28.458037	9.904375	29.168595	27.543941	28.837289	20.871770	29.246230	19.987494	28.822388	28.166158	23.707042	27.190894	15.252798	12.556814	28.091571	17.972229	28.883993	13.632902	27.716384	21.751664	18.238275	28.396978	22.287023	25.122944	27.250133	23.714495	24.700552	26.092470	28.444584	27.302493	28.776862	26.133981	20.204489	25.232143	27.758738	27.805351	28.074835	28.200634	22.577992	17.893991	22.949766	28.878560	8.205099	23.538972	27.243671	21.131643	23.041636	29.277133	26.797543	22.574989	8.309783	28.115777	13.380366	29.270533	21.653313	21.791642	20.157043	22.360930	26.217168	15.628711	0.000000	21.439575	21.719305	28.080267	18.987794	24.724779	28.697187	28.243299	26.029778	26.321571	14.975642	28.463546	17.736106	29.389511	28.227847	21.171469	29.047645	23.732959	29.241424	28.492937	27.427917	25.166563
29.176600	28.927118	25.408649	28.188517	27.848641	26.293269	27.472943	28.697916	27.165505	19.505438	21.934434	28.391106	27.503300	16.091756	17.608179	20.303579	14.784570	24.791360	26.657373	29.225559	24.840166	28.974899	28.365193	19.531658	28.192104	20.668171	13.162784	26.015502	28.662107	24.616495	25.303571	27.314840	26.049823	22.650903	14.238325	28.615663	27.960747	28.233867	28.278425	20.899713	28.372529	24.785196	28.782693	21.300510	28.743143	22.584645	27.149377	28.320322	25.086176	29.299840	20.805123	24.422574	28.042639	28.233338	17.363091	22.627250	10.865717	29.165585	16.109080	26.146809	26.402419	15.007871	27.955869	26.401082	27.489681	29.243600	28.464991	26.038983	27.730986	24.077761	27.259438	26.070511	28.993416	20.283403	29.349657	19.166805	24.333128	27.963394	24.788021	22.404117	26.733108	28.939239	23.975970	23.238978	29.053130	28.851968	21.326707	19.937825	28.232576	12.632391	16.350976	27.592255	26.413099	15.252451	28.168731	28.923870	28.374176	26.642852	22.976654	26.192248	27.068128	20.826873	28.549885	23.183137	28.618075	18.607926	21.264520	24.630839	26.999623	20.327720	11.468218	29.021766	26.329624	27.931330	28.770548	26.267629	28.730385	23.585968	27.737611	26.351689	28.822577	8.845005	13.573184	20.559596	15.048944	17.881649	22.749270	21.308967	8.257503	21.780364	24.619723	0.000000	14.087044	28.422164	28.893625	27.993622	27.327644	25.550483	12.334567	27.905134	28.641456	6.925486	28.052325	25.210155	18.701471	16.021563	26.054118	25.162757	16.788931	29.025727	29.209219	26.940312
20.908316	24.570420	26.263021	20.918664	28.847889	12.141833	29.382243	27.528705	26.954886	23.608510	27.653983	17.624984	15.339762	25.661525	29.164936	10.939628	20.183611	24.353767	27.670959	23.179821	26.824516	21.519083	28.656382	17.790456	26.621694	17.488411	25.684076	28.524770	9.138304	29.099368	19.669177	28.435109	29.074626	20.942375	15.439746	28.434261	28.029165	28.769232	22.078245	28.944102	27.014098	10.664252	27.923281	17.455482	26.883527	19.505092	19.311041	22.558999	19.290628	20.061468	17.769664	28.652265	27.377026	28.494904	27.285223	27.942090	26.302471	26.708165	24.815443	23.670814	27.438541	23.656111	20.328700	26.421728	28.865281	25.815093	21.453345	21.611674	22.398795	23.915624	28.276382	28.656156	19.702092	16.817214	17.753546	14.236165	22.648967	22.120508	25.635610	22.166071	18.746465	18.079257	28.288632	29.258480	27.976650	17.804039	11.850072	25.363077	23.411354	19.149613	11.356304	24.648274	19.197578	12.168517	27.079921	19.796210	29.370424	23.031421	25.205592	27.049911	25.644115	28.328277	15.493590	27.707171	24.012885	27.815332	27.260638	28.672065	27.151735	22.307647	23.100116	22.958267	11.445260	21.599347	20.876268	18.826375	19.646581	23.579842	28.725145	18.389638	26.974138	21.512743	16.015752	29.161150	15.529114	18.566631	26.858129	21.697819	28.623243	27.151777	24.897515	24.256749	0.000000	14.882329	26.971474	25.032477	28.669995	28.241293	19.935048	26.082007	20.580690	27.731071	20.484739	23.905120	27.186090	25.150485	25.254488	28.980726	18.898191	29.318083	18.155497	28.126252
22.181048	22.842614	26.932172	23.434535	10.305482	15.054219	22.958015	25.217084	21.513337	26.100406	17.199951	21.759646	20.087729	23.190579	22.165625	21.734122	18.797731	21.018364	15.183679	20.134577	21.862084	17.502532	21.412146	28.616428	24.547050	21.859452	19.710631	26.282179	24.743380	27.028543	25.388072	28.149755	24.449136	28.755144	29.352993	13.849119	23.110003	24.062946	22.485557	8.768246	25.107537	15.804473	17.188839	18.424514	19.637580	25.985386	14.083358	28.161196	23.615438	19.428979	25.289727	24.584341	18.101775	27.853481	25.372096	29.397659	26.387304	26.285101	24.965020	23.999232	9.184048	19.607475	28.735118	28.723084	28.338607	21.273955	14.553431	28.992979	24.996189	26.403633	24.111322	13.289961	29.164126	23.023539	23.110879	23.120190	11.166576	25.608853	27.549461	18.558778	27.361116	13.853267	23.798742	24.521359	22.826701	27.232635	22.419547	26.556661	24.706884	27.296262	28.285994	20.655955	19.124132	25.097989	13.666900	29.255371	25.811786	21.694331	29.254377	15.743394	25.176828	20.898765	28.779231	28.818640	21.371110	29.395788	28.747133	15.275119	19.008036	19.523179	25.122579	23.566555	29.074348	22.608487	21.156217	26.239176	27.788992	22.748879	29.381703	29.068877	18.758330	27.229863	23.030875	26.979598	27.141359	25.174574	29.070182	25.683010	21.724265	27.714829	23.760412	28.730259	20.872306	0.000000	18.148130	21.388183	26.461833	26.777729	20.262552	24.557826	25.213162	19.990401	26.106039	28.346018	26.209900	24.923315	8.454492	28.693202	25.150109	15.476149	25.102809	19.023556
16.591680	27.240899	22.473210	28.990341	26.461920	29.127726	28.386577	17.299919	28.761976	25.022866	16.836914	27.027350	12.734659	19.812558	26.950209	22.819794	25.391962	20.694291	24.539805	15.782680	26.942333	26.756341	23.363538	27.053779	19.226847	20.708855	15.911636	14.755307	26.864093	17.539858	20.123270	17.418777	21.114152	28.870943	21.906059	25.908845	28.293168	23.601368	22.479052	18.393270	24.905791	20.269717	20.647318	26.218492	23.572568	28.985607	24.306978	28.408727	27.446620	27.060613	20.608464	26.803016	27.014099	21.589623	28.482268	29.366497	27.558346	28.605533	20.601726	28.001089	18.767413	21.916137	18.024069	25.723652	28.414866	28.949325	24.996722	27.520138	29.078853	21.039434	28.819790	27.113732	19.976014	25.559652	26.510149	28.499875	28.961389	13.766134	23.882362	25.892582	21.110624	18.373359	19.305214	28.933825	13.592926	22.670970	25.414014	19.914028	12.383377	22.229992	26.337075	11.777338	19.859156	28.227785	22.791004	7.532833	26.501506	27.547405	28.881674	29.188418	22.414168	15.906659	22.564077	25.469847	24.070195	17.608287	15.140898	20.032020	20.713405	28.846394	21.785996	26.282808	23.371278	26.430643	28.293879	22.985811	21.443267	12.449452	25.078622	26.569626	16.906326	25.144552	27.601299	29.329504	26.268687	29.374095	25.606780	29.193691	12.174426	21.187961	21.539186	22.057173	27.812109	28.318585	0.000000	14.551480	8.632653	17.804799	26.039749	27.536425	29.009235	28.591611	29.129757	23.168955	27.716874	22.928167	24.616259	20.410195	19.414604	16.224688	28.985366	25.404973
21.058949	19.608429	28.649006	25.335912	25.940923	21.989031	26.556179	17.004112	27.978139	28.851399	20.963295	13.809363	26.139921	27.298307	27.332988	28.866679	28.016077	19.690293	28.082662	27.991015	23.945066	27.205750	19.290821	16.051137	28.875091	24.927845	27.188936	22.082824	20.368125	25.848514	28.542716	22.100994	28.081698	28.907468	26.475712	26.044038	14.979444	19.146009	10.446637	28.081256	13.509531	29.319673	18.789417	28.052894	20.647855	28.137843	21.941543	24.429597	19.072018	28.948921	20.396956	24.742490	21.079396	26.160822	29.112271	28.029794	28.526284	27.981878	27.172419	25.571565	20.144028	20.861161	19.593890	16.417166	28.653429	28.952993	27.824210	26.195387	28.230443	29.374866	13.788141	27.347993	26.764103	15.750122	25.337434	28.701281	26.203827	28.913921	16.766040	29.216188	23.469343	24.222068	27.141034	21.001470	19.278405	9.378891	20.135182	27.093834	26.921780	27.486874	21.999307	28.061344	23.270688	15.883560	23.631775	27.863064	28.593172	27.364371	29.255892	15.036168	17.479415	28.331927	25.999746	13.908757	24.670536	28.695363	22.596013	22.860902	27.230214	27.283971	25.763003	28.585786	24.719755	29.383122	22.978057	27.604410	28.946747	29.058883	29.139224	22.934681	17.377704	28.371660	29.154180	23.521884	9.976958	28.518953	22.822918	24.487443	12.769471	19.906430	28.813352	27.078257	17.258712	29.367708	27.471601	0.000000	27.202448	19.184149	23.031850	15.001183	25.468064	25.688386	23.024306	21.872625	24.399511	28.156991	24.254066	28.422263	26.635379	24.639287	14.035803	22.204155
16.492787	27.260694	27.840193	28.227508	20.815043	25.197809	28.902542	24.911099	24.508947	28.258358	15.550103	23.614547	26.852431	28.906293	28.000559	26.779573	21.666214	28.650357	23.452382	23.653494	27.314013	27.830390	26.805630	27.027998	24.099582	27.420208	23.999453	15.472958	19.474905	29.339300	23.750483	28.493242	27.584365	28.702496	17.560573	27.371967	20.377000	28.284058	29.129789	25.368345	26.530593	21.830528	22.960537	23.929793	21.530352	29.091604	29.301660	26.069221	26.949133	23.621460	17.439576	21.278023	28.313464	18.913507	28.258068	28.984822	27.755825	20.866486	27.477470	19.251683	24.048260	20.171220	29.126726	27.585071	29.127860	17.992769	25.121343	13.381480	27.746177	18.500609	23.654421	26.852641	28.551548	27.100453	24.569325	9.812342	26.055833	9.373195	10.277362	14.679096	21.264729	16.336068	20.069368	29.083388	20.149356	27.836161	17.524900	17.684563	21.133858	24.846727	25.091519	21.970642	26.610437	22.193039	29.261342	26.155684	26.434113	15.533081	28.092487	15.830525	22.895900	26.622767	22.910027	22.907405	29.342973	24.060665	28.617656	20.548017	26.917084	27.981102	18.308046	16.258668	12.076806	28.182779	28.207817	19.312080	28.038114	26.731921	25.096933	20.007982	29.273678	24.577395	29.036784	23.974903	22.437893	28.071406	27.931719	13.537406	17.896058	25.861112	26.490318	25.986795	26.733040	21.158813	24.933539	25.078205	0.000000	27.274893	25.645486	25.838103	22.323476	19.125938	13.076844	28.805444	24.202791	11.317635	23.430469	15.679768	29.231702	26.027089	15.436892	28.002418
29.326234	27.029924	21.077994	17.882477	22.328692	28.423006	27.000710	8.243292	28.936369	24.751841	14.054560	29.124685	26.425118	15.186948	20.587877	25.937513	18.126544	20.019207	22.036255	24.197728	13.657386	28.553048	10.564483	26.986542	27.176284	20.273388	25.780927	23.016715	28.788123	24.410441	24.451767	26.153373	27.960942	19.947538	29.337954	29.112408	26.004867	22.867644	24.147356	18.325082	20.520605	28.995012	27.986074	19.260822	15.914253	25.712174	20.869445	29.373889	26.331375	15.041344	28.909247	28.547638	28.721563	26.780669	19.182024	24.200484	29.374390	29.115091	23.597955	28.189148	28.543837	19.466421	24.598342	24.858421	25.209586	18.860622	29.050527	26.813852	20.594237	26.294592	16.923071	26.798520	28.902738	16.820894	24.691191	24.966174	25.138925	24.135773	12.397844	27.336627	28.503768	24.631425	14.864577	26.656030	25.354079	18.089889	28.886276	19.482715	23.408258	20.616891	23.936154	24.192735	19.771488	28.049317	18.503564	26.019646	28.091156	24.834200	24.894658	24.213982	10.822678	23.165800	28.940755	26.506178	28.212379	28.047952	26.867262	25.297724	17.825721	25.618956	15.187586	24.413405	27.566226	26.067750	24.670034	22.305805	27.326369	25.147010	12.562760	29.374430	16.567312	14.041072	26.974160	20.722951	26.661776	22.406168	27.447618	27.950788	27.868512	28.688038	27.521058	21.250013	18.178728	19.720988	29.187458	8.459786	28.047909	0.000000	29.263070	16.087211	20.320961	22.618640	16.784759	28.051812	24.485138	21.698530	25.440895	26.377798	23.207281	20.577170	27.049549	27.281007
20.778285	28.839452	13.713900	22.408760	27.909757	18.968847	15.034713	27.488794	29.182120	26.974780	28.374879	24.062279	29.297915	20.330186	17.327516	27.309415	27.398829	24.493876	19.082878	22.934216	26.243612	27.475382	21.239536	24.117402	17.414734	16.754453	25.627030	13.051863	14.613661	23.166035	26.334623	23.839869	21.313597	26.270915	28.578165	28.372986	25.310164	26.528397	21.392330	23.994647	19.261341	27.179830	18.425266	27.875728	28.989525	29.064167	19.596097	28.273789	10.779058	25.642321	23.016279	28.737716	23.479213	21.305117	29.014873	22.685190	17.920528	8.990370	15.977000	24.474485	13.316007	23.445295	29.027803	22.500654	11.986851	19.889122	21.269365	26.902594	24.796641	15.683645	25.984522	22.422199	23.066588	22.540556	23.267183	26.693796	22.843490	25.500701	29.158722	26.505182	23.785051	28.581256	27.634602	28.940350	19.960799	17.837596	25.188062	26.995960	25.866735	11.956006	14.773275	26.297465	25.894249	28.248060	23.013533	28.051763	26.813406	29.107065	19.105801	27.362999	17.811558	19.235149	22.878403	28.078693	22.766449	28.968646	27.315762	16.993372	26.012467	23.278327	22.494857	28.859788	18.120003	27.997826	27.516611	28.235006	22.943924	17.174175	19.082283	28.547224	18.096999	22.645207	19.924139	28.134088	26.777246	24.715962	26.046378	20.182772	24.964017	26.235362	26.376836	23.231402	23.966495	18.585440	14.270791	26.152760	24.347633	27.365569	0.000000	28.894315	23.403953	19.158882	28.922754	15.661522	17.255531	26.225155	23.940706	25.619495	25.393836	13.997671	26.808598	27.701519
24.997404	21.326162	29.199826	11.323785	19.405291	26.998118	23.432708	22.154611	29.067348	25.641151	29.074229	24.991826	20.532989	25.223810	27.337196	22.489901	26.787695	28.517925	26.516601	29.240019	22.195916	25.540031	23.199856	24.251886	27.228050	26.994810	28.753055	21.882907	15.071783	16.388134	21.736258	15.997100	13.738155	24.534841	24.795571	26.577827	24.516671	13.950056	29.224151	20.434987	16.901984	27.240757	28.602327	16.385901	22.527904	28.281438	21.498721	29.207231	28.591514	29.194850	11.561351	20.939086	22.555749	16.569159	14.273632	26.007494	24.530973	27.322428	28.894282	28.842186	26.549408	19.563508	25.902443	18.018852	21.935405	24.430467	28.243535	13.300330	16.815701	28.416832	23.446357	26.527810	28.807002	21.166065	25.233045	26.997163	16.906864	20.220729	21.739273	26.156935	26.573170	20.564006	11.045111	22.451733	21.959097	24.134011	28.941258	23.857922	23.086733	10.015189	9.559134	29.275826	28.162360	21.621874	29.069857	27.170700	15.742837	22.112731	26.941968	21.634624	11.623439	25.514915	26.649092	28.856479	28.160244	19.910489	27.863251	23.036005	13.780188	27.406767	28.437217	23.130534	19.522949	24.599281	16.584614	24.830362	22.906012	28.818479	19.866091	26.987353	25.223185	26.677761	25.516387	28.246175	22.559010	17.464238	24.415985	27.720751	6.989290	26.767895	11.426567	29.380054	23.387455	26.227592	15.649475	21.538627	27.651171	17.508990	17.766277	0.000000	23.652425	16.380808	15.901232	26.598318	27.137630	26.081853	23.970959	22.805288	22.821717	23.590692	15.231945	28.547373
27.430907	29.219537	28.193775	26.767650	18.421666	29.322956	26.969928	14.766235	17.266032	19.856329	28.112503	17.059479	23.790883	26.559393	29.155014	28.291604	16.013813	27.026882	19.210226	22.916667	28.686054	10.472654	18.295431	19.288014	25.948752	19.326198	20.625727	18.784849	28.985578	28.763052	27.821302	27.508104	22.659825	28.146729	19.310189	20.398520	29.282123	29.351621	28.733822	20.253864	26.233041	12.971041	11.138059	21.347677	25.249672	29.363244	27.937759	28.664265	16.971267	26.928704	22.738474	27.393076	27.713507	25.904359	28.074057	29.398498	9.384242	28.748475	29.309587	25.238633	25.850390	25.783488	28.667395	27.313260	27.206651	20.539997	17.078095	27.889917	22.055090	26.912035	24.550221	25.971558	26.001298	25.295417	25.770477	26.010511	12.116238	20.388408	19.882801	14.724143	17.957155	27.922575	22.528790	24.558336	10.463170	28.798287	17.653459	24.265936	24.854988	29.105891	28.882998	6.855761	28.224206	27.102771	22.591399	27.930509	27.600586	24.910329	27.780102	24.837154	28.114000	21.968546	25.905621	23.064862	27.441962	29.000766	10.940480	28.133961	25.709741	28.879281	27.040133	14.073088	18.226732	29.358694	28.297000	27.156172	27.448584	28.974657	26.749342	16.870596	20.405909	20.879497	19.607772	14.501842	11.408664	29.364149	28.847464	27.236910	25.867775	18.921466	26.209290	27.877042	29.240059	18.251067	27.400715	14.741044	26.729288	24.421389	21.137503	12.245606	0.000000	29.309760	25.326855	27.709037	25.424262	25.145709	29.163262	25.398420	22.341523	28.225585	23.780366	28.996563
16.159013	26.356596	26.226008	17.894315	29.116455	17.379411	19.180028	27.658254	29.307295	17.136526	24.131884	21.729643	20.230940	18.087930	24.596554	29.046255	10.895586	28.608927	23.188576	16.688739	13.094918	23.462137	29.229049	23.916708	27.480744	21.364737	28.270901	24.310656	21.952014	27.528945	22.503325	23.985318	20.928808	29.138010	27.259184	18.675573	25.838553	26.598953	29.035914	24.082197	28.490955	27.058885	29.334795	28.476427	27.138557	28.811822	26.010282	22.049699	15.596355	27.805253	23.477181	18.784629	25.471999	25.227638	22.937175	22.983965	29.327108	28.905472	15.006316	22.636829	24.859806	19.246507	23.111798	27.923940	28.892774	27.424616	19.711451	27.770402	28.786164	27.058812	14.231645	29.160187	20.644867	15.206031	22.737901	25.276805	28.408185	24.029292	15.559272	29.210923	17.118800	18.078395	28.685843	10.491816	16.666728	28.686719	19.588023	15.285626	15.350639	29.086875	28.630767	27.658342	19.847434	16.162894	26.860405	22.865452	25.590433	23.092207	21.413041	29.305844	27.930718	21.611860	15.834981	28.752401	28.389120	24.774798	16.355756	28.730548	26.266442	28.909193	18.596367	19.492372	25.280339	23.891916	22.623089	24.434236	26.075171	20.915567	25.001109	20.607931	11.926534	25.334859	28.145307	28.316093	28.563083	25.745799	27.620780	19.398717	25.708522	23.956365	28.758143	28.947148	12.052380	27.309822	22.438383	26.887194	16.764512	26.223236	15.703476	28.035927	28.697069	0.000000	28.595827	28.719705	26.632386	16.770941	14.259714	18.146201	21.873916	25.676529	27.325820	11.150671
29.324276	28.728024	9.887655	28.229892	26.552715	17.729863	27.206953	26.818476	28.719084	27.375896	28.994350	28.727182	28.829435	25.787970	26.665715	27.798717	28.366228	29.380675	28.589573	23.235268	27.713388	21.508022	25.704343	23.862976	21.081197	26.965632	15.271468	28.349701	28.217252	26.261089	27.845996	26.887583	25.645768	24.628790	28.037818	21.843416	28.449380	29.245000	21.208382	29.248832	29.205122	27.798792	13.170009	21.886061	29.113582	23.318115	18.290163	28.007750	29.169606	27.435876	28.510767	20.900518	29.303596	29.002841	28.681419	23.969285	21.980067	24.460301	19.938994	18.841797	26.526264	27.060731	19.682746	27.459376	28.819722	28.411397	9.508462	25.894125	9.172694	28.234671	12.609478	18.198006	26.859470	28.328822	10.055008	27.247884	14.163624	28.718230	10.288631	19.420460	28.539780	27.331097	29.093385	15.698399	28.604740	12.618481	25.946422	24.898711	28.480091	21.346657	19.988430	9.258915	26.904766	19.655270	25.841049	25.913558	20.971288	25.156257	24.626908	28.388413	15.519057	21.781752	16.981849	17.869751	26.083186	28.526748	28.489987	20.046215	24.378658	27.665734	28.285890	29.317589	27.389264	28.913576	26.840696	11.876984	13.133293	29.283631	29.334186	10.395333	21.506958	26.103540	24.195440	10.271818	25.786342	25.761933	27.379787	28.385438	21.800147	22.355459	22.968627	23.064982	24.330483	23.361546	27.834034	28.177304	28.310301	22.357672	28.403469	28.595785	25.622009	9.921571	0.000000	13.466041	24.419192	29.038674	28.507939	26.609211	23.287277	24.113404	28.910774	26.262350
13.361489	29.059517	29.003737	25.468542	29.019723	29.057148	19.286904	24.361563	28.561171	26.647969	24.566744	26.891748	28.760984	15.661277	13.648776	27.632811	21.518569	26.465791	16.714492	18.429790	28.545391	14.028521	19.455459	14.866969	20.954773	24.408146	29.297282	29.317805	28.739159	26.513471	27.661736	25.366786	29.155046	24.577490	20.263813	29.274882	27.863773	28.180498	24.287157	20.025154	28.912706	27.327495	28.801215	25.178247	25.570451	15.841833	28.654141	21.153728	27.382540	26.341544	25.581027	28.782875	14.707058	21.650565	15.851357	18.189615	22.594217	23.214998	25.100481	24.112307	27.480608	28.510940	28.990256	23.502915	27.312011	9.584890	22.283972	21.806896	26.070796	8.154954	28.075935	26.000954	28.022902	17.072918	25.997586	12.943319	20.912707	28.390496	21.148700	19.115783	24.144161	25.639811	17.515878	24.062397	26.467547	20.442962	25.953930	28.575418	28.818800	23.821825	14.758413	28.603353	29.093095	29.193686	22.776740	28.442788	24.700869	16.629886	24.700337	25.843863	20.207162	26.893440	24.900237	25.175714	25.656051	6.978673	23.190900	24.851208	28.908488	24.424129	27.767168	20.537983	26.350628	27.740533	29.079438	27.335910	21.342084	15.691585	20.691616	29.238015	29.095435	28.766028	24.068765	29.345817	20.409752	28.662637	27.304452	18.972090	21.303125	16.819042	27.685199	19.104513	21.119155	19.365824	23.220271	9.381147	29.261187	27.524828	25.624226	17.471810	28.637646	29.386899	28.552887	0.000000	21.127183	26.912165	16.220858	27.777534	25.806884	26.543795	23.670795	29.085053
26.143634	11.371679	26.906958	24.345743	23.060841	20.824137	21.661632	23.239894	28.517282	15.515225	26.429063	10.504064	28.978804	23.870887	28.375262	25.109133	28.940076	24.099738	20.859520	28.105421	28.702773	29.217326	28.529207	18.938018	15.476117	18.761389	28.108790	17.591635	24.056905	25.825938	28.879751	21.867791	26.925583	22.554184	19.282160	29.220205	29.176698	18.351782	27.424055	15.759233	21.620056	29.012079	25.388561	18.859851	16.960350	16.975297	11.190603	16.972897	27.663118	28.081733	27.167352	29.319727	24.782676	10.567797	24.544920	26.247564	25.881088	27.720965	23.286408	26.121473	17.128202	25.987111	19.094121	16.426163	27.057756	27.305772	20.496235	28.935156	10.471075	27.703739	22.978797	25.131231	19.178313	26.617275	27.852426	29.391850	28.416275	19.017872	28.014907	23.031646	26.877564	27.048672	26.877533	11.966447	26.593817	20.685563	27.213595	28.991366	14.929838	21.676168	29.229391	18.991797	18.569805	18.085812	26.856212	26.075418	10.991574	28.614345	22.320420	29.328498	26.166722	28.554748	28.033517	24.485720	27.133709	27.451826	21.679773	27.460542	23.102016	13.771366	29.067658	29.038108	28.316164	28.943861	25.949599	28.927866	26.351841	17.584002	29.012859	21.519495	25.138906	29.239437	29.061319	9.380144	28.036512	28.057089	29.143165	21.684704	28.928085	23.274333	22.722744	26.051701	27.041452	16.486087	13.123784	17.324612	25.440811	21.444992	28.060967	28.822175	22.459790	24.099717	25.810066	25.491144	0.000000	17.575690	22.662414	24.581880	15.284245	18.750732	15.574877	24.741918
20.905696	20.875737	16.041217	19.024185	26.283273	29.336049	25.570840	29.072136	14.719172	19.086161	26.327051	21.649369	29.000179	28.958823	17.675093	23.519862	21.097553	16.013425	25.695106	18.020485	29.145453	28.276853	26.628030	24.631301	25.576810	17.271962	25.988966	29.338172	22.063096	18.327388	24.528159	27.006551	24.424039	19.870930	21.899688	23.969209	27.068781	16.414287	29.236476	18.334935	28.386922	19.057654	25.835504	24.544902	28.650040	29.311411	25.047630	24.029782	8.623682	18.682779	29.130858	27.696219	26.602141	25.275627	28.905959	27.421437	25.498768	19.826702	28.599958	22.626452	27.230949	23.740644	24.730609	25.107957	27.604148	28.399461	24.404685	23.374845	28.178366	24.547975	29.162407	20.352425	15.250361	26.422562	14.066089	8.534660	27.649699	27.404549	14.582457	28.980455	28.744746	28.026126	15.940034	25.578018	22.785528	27.890932	24.292635	26.443734	24.827541	18.321477	28.070397	16.781314	26.228065	27.039184	28.835516	26.561987	29.383925	28.276989	24.454468	27.002464	24.184093	26.335995	16.522769	21.460749	22.278148	28.044221	24.676578	25.521533	27.148226	21.119790	9.362877	19.089739	22.031508	28.644188	13.841709	27.015988	28.452951	28.801077	23.295227	28.383894	25.150807	25.527824	20.700962	25.453422	28.901566	28.227758	27.089466	15.489795	25.609429	24.278474	27.615239	20.057672	8.865482	19.348411	23.799575	12.999827	23.692838	24.466234	28.609775	14.410191	28.553506	26.445351	26.995421	27.494272	28.369341	0.000000	19.692573	21.806720	14.670308	28.990049	8.735745	26.864448
28.847540	25.374496	14.642368	22.762532	22.727862	19.174678	21.390067	29.038857	29.383868	8.633185	22.739234	27.410287	16.133984	26.611976	27.739835	21.844364	26.435257	26.301178	22.643961	25.414367	19.319131	24.250523	17.407572	27.830227	27.402592	25.185289	24.353848	27.965432	28.461291	27.100111	22.955562	29.273689	25.108091	29.136127	8.062009	21.395066	20.560032	28.583393	13.699424	23.616716	26.061658	28.953624	27.877261	22.887961	26.668116	18.254704	28.248122	27.486536	29.372483	25.288235	25.357844	23.965955	23.183094	21.613640	25.216425	25.038529	20.955753	28.106907	18.834328	17.995575	27.339976	28.552416	16.699851	11.624973	15.956098	22.087354	13.974902	26.577253	28.483997	24.631269	28.935100	26.069540	27.773729	27.893594	27.379230	20.047213	28.100523	20.959593	29.046201	20.875973	28.307740	23.279653	26.217246	28.749685	16.143822	19.956927	21.415874	19.107421	13.744606	26.819270	17.757820	26.413105	23.908155	10.130137	10.077041	19.051847	15.795546	27.193370	21.200699	22.552837	28.325672	21.854165	24.806032	23.475431	23.319634	24.869149	26.702115	29.054707	25.195351	21.540160	28.061100	28.409998	22.373442	28.758770	27.391023	20.066292	13.668827	22.957841	27.226577	14.709371	17.820727	26.966028	24.759073	19.562415	20.216614	25.324981	17.424176	23.602282	22.290501	26.414308	23.080238	28.412031	24.740896	29.081598	28.799889	25.831937	22.641703	19.707921	28.611455	15.249589	23.623890	17.100011	19.339201	28.402227	13.037686	28.795680	0.000000	25.453552	24.216504	18.279535	27.208151	27.037856
20.882183	26.230053	28.235647	27.123352	26.601569	22.826234	10.344324	23.008167	23.187412	12.776662	26.118833	24.432918	28.271804	21.435669	27.750553	22.292274	28.697633	26.135210	13.784949	18.254488	29.148486	14.531960	18.505040	28.526504	24.431641	14.009126	17.329621	26.941303	28.992866	25.968945	28.880243	27.539622	17.142785	14.885804	20.569470	24.866332	27.606806	28.212233	23.660404	26.055386	20.503470	21.316754	29.307313	28.783596	18.077543	26.229987	18.313488	28.120362	19.194751	29.253028	27.940604	21.973102	28.852229	20.232054	28.342653	10.866143	25.862486	23.063810	28.564903	29.339285	24.492142	28.039374	28.542751	20.011750	20.512756	22.725685	24.496522	28.903398	28.189417	28.032308	15.199059	18.404807	8.724463	22.722136	29.029714	29.101858	22.182551	24.322233	25.117919	28.889195	25.754814	26.187776	26.724130	26.120033	17.523088	12.391301	24.260915	21.494386	14.699147	27.649874	27.323414	23.663392	25.747049	20.038710	28.799769	19.991413	10.468864	25.211520	26.888465	21.080907	20.956460	28.916893	20.139819	28.163789	25.246981	25.528519	20.950962	22.550870	19.477546	23.900504	18.013780	21.391132	28.650808	22.465437	25.690619	26.787228	25.606406	15.669341	18.271408	19.403677	20.481528	28.955378	15.048767	23.036768	28.667416	14.984084	12.541453	20.959478	27.894937	12.667369	28.204080	20.167000	17.185920	27.909430	26.563247	25.003891	24.488989	14.674675	14.335037	27.606903	21.815294	28.248573	25.193137	16.887352	28.629698	26.421730	27.706564	0.000000	9.064420	10.541965	21.778521	28.464731
27.228848	25.989316	23.438101	19.459713	27.448075	28.568224	25.351386	25.736817	24.070039	24.933970	19.359770	16.551876	24.819663	16.328090	27.832858	12.439918	26.667763	27.094814	28.287873	26.604246	11.239682	17.752147	22.751462	27.470162	23.154217	27.167517	24.845786	22.285418	18.837055	24.093123	29.292104	11.189993	29.101126	29.099198	27.966694	18.084081	29.222516	24.455024	12.191206	23.488569	20.757512	18.029565	28.540407	26.169327	26.474937	21.254945	19.564597	25.859706	21.637544	28.524692	26.710761	26.723842	28.975220	23.598463	28.260183	22.170323	27.583898	29.365704	29.358571	13.249978	28.600740	22.868041	26.443921	28.569841	9.904273	20.036522	26.365807	27.503014	28.299023	28.193953	29.381095	19.666892	16.464972	15.557881	17.509989	22.435934	26.369390	7.481542	24.348590	28.825306	23.155952	28.730596	27.745898	28.747587	15.077050	28.547346	17.637517	17.840268	19.720423	24.699031	18.427708	9.512166	26.869060	15.142907	25.070329	28.626816	23.600189	24.275097	29.126146	27.188344	17.864785	15.512298	27.065980	19.663126	28.339293	26.484519	23.621272	29.028873	22.321875	27.057010	21.127443	25.011279	16.843054	7.610601	14.634193	27.283841	27.858203	28.398907	24.427390	15.738579	28.202718	26.873182	26.286128	15.134032	29.193568	29.184460	29.050131	22.719270	21.373862	18.308065	27.762992	18.655799	28.728034	22.375265	26.956732	28.004900	22.183434	28.747776	23.189809	24.082285	20.478485	25.007348	17.742365	20.451301	24.956222	15.337347	21.574639	12.793574	0.000000	26.349957	26.830107	26.006679
12.461935	13.580366	28.762413	20.935885	22.852145	28.941420	26.740773	27.028767	27.449871	27.914255	23.153386	28.869177	26.192147	25.312218	26.649537	18.479881	18.495207	27.909307	16.827295	27.784672	7.759705	23.902705	27.288146	29.074422	27.493312	20.880137	28.684292	26.185056	29.156065	24.919545	27.321964	26.658894	24.981161	17.218828	29.043248	28.447897	27.740481	25.000567	18.694808	19.335552	17.019730	25.554666	13.337201	13.213728	28.058884	21.777277	21.549492	19.797853	26.871223	10.989646	29.095392	27.654367	15.945930	23.421283	26.172401	27.917939	29.191176	27.241736	20.257514	11.279766	26.446419	28.502820	27.780932	25.359112	23.607624	20.990869	26.347802	29.317502	25.198942	18.636801	28.827535	29.044029	11.029376	28.596754	27.788866	18.709211	21.089258	27.890580	29.399162	27.744260	29.093381	17.447287	16.376471	29.070993	22.779362	22.477776	24.172392	26.748583	22.207581	27.788387	27.415697	24.563108	27.501282	29.398690	25.902353	22.823496	28.227511	27.442487	18.064625	24.837500	24.943102	28.718682	10.940270	21.503488	15.442135	28.587857	14.319304	22.465901	28.240561	25.047350	14.969844	29.217967	8.822303	25.833367	24.387036	28.262047	10.379004	29.054885	26.252147	27.759191	15.473696	13.961704	25.972940	24.835202	29.000499	25.125518	14.010037	12.120532	20.216426	17.370968	29.355188	19.189991	20.315152	27.858053	26.834316	29.187655	24.845910	25.462781	15.212071	27.375016	27.123777	21.845430	28.122929	26.030438	22.550012	18.110262	28.386462	28.330801	29.381432	0.000000	10.730466	14.199312
23.906168	23.895263	28.913016	24.914247	28.793772	25.016306	25.282267	18.660368	26.999227	17.769587	25.557082	28.142912	20.225831	22.795603	26.151742	26.492369	26.872226	25.783758	29.228318	22.065422	28.531611	17.135415	28.532615	23.007538	29.059176	25.461481	27.052618	28.781781	15.154599	18.984669	26.965222	18.878271	29.361520	27.407605	25.035353	21.011296	26.792040	26.545584	26.028745	29.121224	22.805161	29.380016	15.773072	25.663815	13.542751	26.515716	16.611382	25.023913	28.675155	21.667872	15.231382	18.196226	21.960569	25.291670	28.924542	26.575677	18.955312	27.089828	29.053361	22.450967	28.147539	22.956339	27.670555	19.994643	28.519762	27.666574	24.736929	19.783224	18.660341	21.629808	25.941812	28.581888	28.948415	29.245202	25.584825	27.396111	28.580268	17.082316	26.527715	27.377746	28.330284	22.448590	13.771729	21.847557	15.903778	28.956783	29.110711	26.276975	29.292353	27.959744	22.002222	25.244230	29.217427	26.575372	23.377822	26.475036	20.130475	23.080452	25.850560	29.212171	29.284401	25.423051	20.684068	23.209315	29.317361	23.447452	23.679702	29.270660	27.185189	11.204292	27.671212	16.213167	27.546563	26.972352	26.628734	28.608475	26.282913	19.382942	23.453536	29.081607	20.983002	23.429971	28.041837	15.447601	22.074338	12.263374	27.903190	20.373869	28.992168	22.301500	24.117965	23.277175	11.505912	28.817779	28.057662	27.936990	25.594192	24.537148	24.909584	23.253321	26.488773	28.627491	18.355526	15.690900	29.000692	27.452050	21.447951	29.232562	22.469346	26.860803	0.000000	28.178337
21.985396	29.392375	20.772570	26.363639	24.406443	29.002367	25.996988	28.101540	28.306524	21.313633	27.769792	25.824777	9.386072	29.104856	16.869561	27.487754	22.573301	22.223306	22.627387	26.508704	29.116196	23.441811	29.340044	27.677522	20.904016	18.095558	17.396454	26.869949	22.924936	29.066819	25.319328	28.842456	27.985007	24.778874	22.217345	11.044240	29.283437	27.440564	23.201709	28.694204	28.618676	24.708504	24.185683	26.971190	29.225850	27.233374	29.292049	28.711118	24.351062	24.179669	26.485152	29.376543	28.400540	18.632406	17.540583	29.324849	12.463200	29.008773	24.128820	25.093456	25.119862	24.276754	27.729375	26.920095	26.296814	14.259477	25.406399	13.496656	22.477603	24.910982	28.702650	28.751809	27.968152	24.135754	26.812787	24.574648	29.217889	21.420370	22.743826	27.678450	26.496820	26.131570	25.350838	20.909857	26.520463	14.421124	28.630406	26.985274	26.863982	23.876244	28.833968	21.210589	19.511176	12.588470	28.512647	22.505142	19.525346	17.038657	28.248128	27.449012	28.097495	12.456473	24.391294	23.580617	29.091804	19.494966	23.761392	25.898499	13.051046	19.107400	23.340032	28.451925	18.244397	19.397378	21.247107	25.324231	29.370622	24.877751	26.102513	18.253890	27.929218	27.756052	24.770203	24.607048	29.334235	24.903039	23.252385	21.428982	27.084210	22.459917	21.224019	20.965528	24.408883	27.964656	24.244393	25.567579	28.306039	28.044835	28.163911	26.954379	24.598710	25.352183	23.230088	28.854481	29.350025	27.048139	27.973227	20.289724	21.786998	25.721063	21.668443	0.000000
