42.113862	18.935204	43.004731	41.079848	41.886177	44.022975	32.288057	38.358573	15.241481	22.959448	37.234460	40.004031	43.555478	26.912560	37.575757	40.751389	43.882153	30.440525	40.785690	39.517882	39.676600	43.497513	35.330253	31.848978	44.004767	33.555458	31.042658	35.820145	42.017904	26.607198	38.607554	37.813109	34.550180	23.293481	43.581881	43.029154	39.794953	34.554988	35.114354	18.810182	44.012652	43.397684	38.358023	42.411223	38.618407	35.532430	26.256174	43.558072	27.233861	29.251834	41.808653	42.580419	43.239193	36.236867	21.130906	17.468520	31.638224	37.930776	41.178592	39.474923	33.477418	32.438786	18.178491	37.330689	41.132306	34.993088	33.099916	41.205589	28.412819	33.894638	41.628824	42.706568	39.569824	41.637924	41.763046	38.241185	41.340977	43.785911	17.177632	34.642231	38.774974	22.177719	38.808464	36.444356	43.886869	44.050336	41.846047	17.999035	15.794052	43.649286	39.997092	38.530300	40.073405	43.953382	27.987005	42.928088	27.675604	43.222695	22.108559	43.545619	43.722692	31.145429
22.908004	24.065748	16.655229	24.590697	36.471075	17.774058	33.712066	39.753348	39.053616	25.866797	23.205353	40.555511	20.194643	42.724328	32.089197	18.875545	37.350186	38.236772	41.051756	38.478417	27.409693	33.232909	24.702000	41.600806	28.371751	37.558079	43.827414	31.442398	42.342441	29.395463	42.335259	42.547540	42.026621	44.012220	36.021138	40.632724	24.577166	42.643007	36.198075	31.782390	39.538143	43.695868	41.331188	43.870358	43.571487	27.458509	39.968074	37.804140	39.775892	31.409901	39.244800	41.449806	27.645915	41.737553	27.357857	37.356363	36.531001	22.183734	24.049806	12.380086	26.662496	41.390915	37.546950	34.380967	43.707805	21.778578	32.102191	43.256323	37.279650	33.465242	43.643782	21.338774	41.739064	40.338621	38.921351	35.095151	36.049124	27.325902	34.024907	39.381065	30.820838	43.247365	25.395210	41.776093	37.103463	22.973737	43.673836	43.239314	43.048092	41.912459	18.914416	33.342707	39.979861	43.319776	14.697561	42.652548	39.338746	42.432946	18.426592	40.184999	43.139558	41.893157
39.270785	13.391015	28.718797	37.847066	31.522725	37.677447	42.979760	36.283815	43.274510	43.334011	41.449469	19.137270	43.100225	38.763099	40.427697	42.532202	28.037740	42.220957	43.334013	32.259315	41.589274	18.377278	43.683158	31.963276	27.671344	35.102179	30.797445	39.696019	44.030455	43.458799	35.096699	43.929361	43.993749	43.909137	27.926128	39.714916	27.142860	29.607951	43.198432	23.662454	26.372178	31.085786	43.727246	28.412203	37.045271	20.333970	33.736358	43.891428	29.759451	34.397918	43.936156	42.329824	20.667303	12.700041	42.556099	33.245177	39.867355	23.906318	43.185242	38.667912	28.167943	31.293885	42.140090	40.609825	42.195504	43.514331	40.790957	14.664462	42.886056	31.557867	42.684643	22.764951	43.689251	38.774355	33.707881	37.575265	38.779752	21.783877	9.893507	23.708541	37.564950	19.766136	32.288078	11.222254	43.272356	42.307368	23.953655	43.967578	34.314186	33.829189	25.869793	29.543654	29.309441	24.196083	43.638402	23.237012	27.662366	22.719893	37.310608	31.215215	41.935006	40.221756
43.648160	29.091215	43.007327	24.250102	41.758497	37.498597	41.724534	43.988287	21.438715	41.744502	37.058811	43.733540	37.385695	42.017892	36.768483	23.860163	41.694895	33.407535	30.869623	43.603979	42.418161	36.415951	42.631797	39.831474	43.725292	29.637507	21.175803	31.191358	23.576154	25.994027	43.382289	38.323077	41.266212	21.663656	37.566474	41.280913	39.958261	29.104761	30.167174	15.577675	40.204353	39.420922	38.534988	28.401391	39.346685	31.475918	43.819150	38.141602	39.499897	21.408192	41.278791	29.486700	43.997513	43.563105	38.497765	35.152807	29.479815	31.341073	27.806911	37.934503	27.085590	37.925624	36.655783	37.668295	38.290226	25.457219	12.934173	20.608573	31.843587	42.730863	42.587180	43.618659	32.715764	42.064278	20.219205	31.464475	43.273586	37.535052	22.963036	43.942904	36.039907	16.931714	35.113727	42.622181	43.276674	40.987900	40.927057	43.421664	40.237480	36.707849	26.720248	42.079705	35.884777	42.815306	39.336131	39.544018	39.862263	35.139399	40.254197	43.986979	32.304465	43.638890
16.589544	40.742337	38.002383	25.860246	42.246663	43.581384	34.261328	25.673250	43.071831	33.574412	35.212335	35.829554	40.667234	28.923421	36.250731	38.011204	39.273244	39.832809	41.394531	28.749649	32.907405	34.600952	40.674896	34.752324	38.195024	34.450035	29.541835	13.732801	36.107088	38.273236	32.778947	43.749098	42.632876	26.259581	39.688954	29.212581	41.711195	39.380858	43.619475	43.992747	38.300108	26.528273	38.713239	33.054276	33.924899	25.109151	42.106609	43.831013	33.481911	42.870687	41.303786	36.241786	30.063073	30.856040	38.690334	16.711458	43.618592	36.138424	25.646091	35.409417	36.990319	43.304569	37.528828	42.862523	40.199180	37.207712	41.376110	25.882155	43.153739	43.179855	43.781307	43.016041	24.230112	40.579631	41.966834	34.443687	43.084914	27.154573	17.677097	24.810124	35.020267	38.645184	19.948306	18.517682	24.970963	24.615970	42.765988	36.518609	27.491916	37.014210	41.418584	39.267118	42.342006	43.111769	36.491642	31.741350	32.936832	28.840606	22.326569	34.448738	35.478779	37.829448
39.895508	42.838574	42.829852	33.741913	42.097094	38.738867	44.024058	38.883334	32.582138	32.344059	41.422423	39.373945	39.598290	22.955869	28.773612	43.045850	26.856340	40.081820	43.879859	36.979469	43.388439	32.458116	40.790518	40.247740	31.182347	41.562320	29.619386	37.525703	28.245146	13.366777	43.421072	19.826644	36.095246	43.356721	32.552066	21.348747	30.665838	38.443334	25.700018	35.437554	43.655171	41.790037	39.292313	42.163531	44.006179	28.559933	38.857713	43.151560	43.511991	34.498655	42.906510	24.581014	41.602070	35.689069	21.882717	28.247370	15.913005	44.041667	42.406186	29.701639	43.647917	22.674705	29.211028	35.611781	35.173752	36.988317	27.890102	36.686607	42.843097	42.211067	41.468170	33.153337	19.757984	39.745008	41.206681	26.779286	39.353099	36.164380	43.082364	42.172073	32.933866	41.177534	34.398781	38.868232	29.819021	30.574671	39.650679	33.002972	43.768263	43.390692	36.418301	43.767404	30.786627	36.372011	28.325992	38.760107	42.340952	41.605846	31.992616	42.705095	31.886785	42.704760
36.207158	32.885343	30.426721	26.846134	24.041621	17.107285	33.379186	14.274949	42.060389	29.015572	43.274375	38.189328	26.917240	42.277071	38.466586	24.302260	40.541393	40.949266	35.356678	33.982056	43.598836	43.202931	43.159244	43.908405	27.750577	28.536180	36.153106	18.803502	43.537598	23.131668	42.761039	43.833307	43.452684	39.265937	43.310200	41.570667	37.366802	34.475025	39.716560	39.020588	28.415752	42.355241	43.949992	43.872247	24.630181	40.905091	39.044865	38.520406	37.593132	22.680451	30.778592	37.627456	43.316838	39.322478	42.108367	44.030275	40.145010	41.168377	37.252387	37.348737	26.427400	21.224915	43.589430	39.388582	42.235743	41.301418	41.594788	20.772888	39.605228	41.912097	36.341097	18.596874	39.469003	37.075335	43.175452	43.307176	34.210546	39.305099	43.919193	25.711072	37.317243	41.610500	40.907802	43.833759	20.815555	35.908817	40.753318	42.744957	41.768624	43.509736	40.072914	31.131351	43.827604	43.946066	36.923501	18.963482	37.448008	26.105258	37.176316	39.680861	44.041199	21.826418
42.603565	43.047096	24.197637	16.603155	42.658138	43.081930	15.769234	42.983403	43.373063	34.514876	19.141379	23.793836	38.080196	36.389890	39.714588	15.190883	37.350043	38.769103	40.091941	35.739379	42.862238	29.185265	19.820834	40.126424	38.169891	19.902166	42.665200	35.369036	40.993739	42.165506	43.771390	28.211100	43.654538	36.180848	31.097681	31.968187	35.581810	43.969445	43.228639	33.645521	25.364479	39.909315	38.599870	39.778749	41.278686	42.990822	28.934921	30.866866	42.641373	41.603220	39.285997	43.343612	40.335778	38.455752	38.037379	27.810297	34.907297	22.917644	32.820845	38.162782	43.498031	41.616845	39.086261	41.196168	38.309958	25.865618	40.934132	36.695683	43.367472	23.424296	37.761651	44.059474	30.982044	27.911205	37.988772	34.142965	33.967512	38.108702	42.327265	31.398805	43.122185	24.720033	35.770945	35.569718	41.573609	42.781925	40.942719	33.649203	36.119956	33.437206	34.791023	34.640061	29.238131	37.430541	43.299464	42.521901	39.559381	40.193175	35.708887	33.186191	41.279318	43.633696
27.802094	39.379919	37.670767	30.504183	39.687413	40.065069	43.338352	21.453481	33.028775	40.797433	40.662321	29.687560	23.286276	39.615041	41.999985	35.398785	28.628152	43.612707	25.676026	28.284176	22.951593	43.850469	41.552214	32.872278	42.872880	40.955102	43.399244	43.229514	28.024547	14.962656	40.066005	33.607192	36.866231	39.827063	24.907384	26.678694	42.683877	22.457301	41.680456	37.769590	30.652883	36.670954	38.944117	37.015152	30.670958	17.013565	40.008945	36.940389	41.621414	41.949531	37.712591	31.283720	40.627973	43.428683	26.638303	40.028466	41.334872	38.740119	39.756689	42.804832	38.255275	39.212471	43.573001	41.593875	34.961657	39.185109	17.200250	35.662438	38.856269	43.894604	32.869764	18.160272	23.700157	26.042765	17.784353	19.328197	36.587974	35.028101	43.736584	33.561479	31.678946	19.262641	38.814521	35.598237	33.524170	42.109890	12.863702	42.864473	42.701384	43.075590	36.536809	27.912604	32.193234	39.722385	44.036892	40.401635	40.143028	33.180297	36.073811	32.382026	36.981500	33.628391
20.835856	42.599709	37.283745	43.505844	43.850846	43.588216	26.183516	19.926858	30.358025	38.882264	36.799063	43.270407	38.754597	43.663033	21.995231	44.043570	12.634482	12.133436	43.957578	43.947431	39.794946	43.730658	21.643330	36.030006	36.704956	37.740456	38.520785	34.267299	30.330299	43.313731	34.564660	20.203354	25.687766	34.595858	32.700412	26.277200	25.955510	30.467184	42.253401	20.063958	43.792593	42.778503	34.029289	25.286949	32.110502	38.487345	37.393047	41.478104	33.769761	22.285023	38.273973	36.682661	43.402049	37.055572	42.301758	37.931317	41.470302	15.492825	42.780383	43.613979	37.826300	36.621604	31.521873	41.304935	33.980410	39.460259	37.662465	34.186170	21.604263	29.252709	40.257578	38.627492	28.368017	42.857082	38.723214	43.743991	44.026078	31.751534	43.972795	38.282644	43.044876	33.235746	36.623613	37.234674	35.147140	38.378780	24.093582	34.209880	43.116183	39.205022	43.373927	28.336609	40.380821	38.245470	31.778246	42.926222	33.882597	43.504021	30.957559	43.963308	25.500770	33.704400
43.320590	39.018034	43.987215	39.532501	43.756657	42.540303	35.376892	18.551883	39.364921	41.924822	40.377233	25.298526	37.153757	41.583101	29.489952	29.998098	29.969310	31.424852	29.531372	23.812836	35.070365	21.900820	39.564701	37.605230	31.868989	43.194216	41.148448	42.480842	43.814220	43.625055	29.237174	35.601105	43.577483	43.099943	35.572874	22.868005	43.514643	37.691627	37.251289	41.570103	43.415363	41.145124	27.263108	31.478805	35.833713	43.722436	38.923733	40.427375	39.700665	34.459904	43.327510	38.788785	37.896863	43.116427	42.139300	39.110728	31.442555	30.468582	41.345792	33.188858	30.054876	39.350297	28.217484	44.006067	31.917574	32.759130	39.932785	26.985796	34.492207	39.759558	35.779310	17.158168	37.638794	43.854975	36.022770	41.926935	39.421556	43.689879	42.716421	39.938887	12.051682	26.692982	37.575528	33.579583	27.834661	31.938416	30.846164	34.536079	27.060959	39.289282	42.537618	35.347449	29.589249	34.211024	35.135655	30.521870	29.907796	39.976162	43.756234	43.750928	17.224304	35.062441
18.571083	42.724641	36.578518	20.692378	41.746273	37.534123	37.180286	39.337400	33.231142	41.730222	39.165091	34.225998	24.517869	34.820498	26.607595	43.458525	13.315669	41.587665	40.286842	32.707180	29.425513	43.691737	31.948193	37.533311	43.351071	38.133649	29.402115	23.680833	41.510725	22.313017	39.354697	39.704849	43.977216	30.822176	39.596103	34.916224	39.370681	19.820718	42.322728	43.135091	37.879948	32.321741	31.398328	38.044245	19.073409	18.848618	34.568854	43.202387	31.401282	41.817265	23.423696	30.338791	35.606822	42.173048	34.656856	43.432035	42.236434	41.969501	30.510967	43.713803	32.093250	41.481535	39.843573	33.021408	43.855728	37.287263	42.291240	41.417452	41.045946	29.992758	40.525044	37.112898	42.993114	39.476270	43.502724	44.051700	28.455246	33.032501	19.990609	39.865096	12.108953	36.296870	36.694750	38.203036	37.233297	36.578566	38.079807	42.072814	24.254171	24.054618	38.381624	41.009390	33.727421	33.090915	35.957273	37.096646	41.315897	36.801806	40.875999	42.335708	39.231026	39.684629
19.024866	40.780736	42.872245	43.265797	21.587995	38.907002	42.899522	40.488915	31.040798	39.037477	30.969691	36.979716	32.863408	39.828519	41.737495	41.372357	16.138942	38.148135	43.805326	24.983841	39.339477	30.465412	43.115557	43.549581	42.455491	42.844910	42.798246	41.510632	37.179056	29.151960	37.617852	29.310448	41.711187	42.990023	38.877712	42.294545	38.850680	35.525500	43.047529	28.391420	23.554131	42.056669	40.281447	28.357940	42.784037	40.415611	36.794537	41.201598	37.979160	35.506123	31.670644	33.723107	37.790010	43.577218	28.288627	39.990785	33.743960	35.921578	33.385133	35.059286	39.954626	22.785577	28.186851	43.622508	41.269608	30.623689	40.841476	19.907083	41.102193	30.377111	30.515801	21.758098	26.816155	18.978517	37.947805	41.713460	42.057920	28.696053	22.056970	42.269151	35.418102	43.858869	41.242362	21.856848	12.334336	43.123449	22.222147	44.010101	28.261703	40.938331	21.929515	41.999606	40.381143	23.887683	23.390481	32.826758	38.413033	34.541724	30.737908	30.174171	42.103816	30.083860
32.106585	31.087314	42.861474	42.433895	42.354368	38.020185	36.925876	19.594441	24.737063	38.746398	26.098084	19.796955	29.397270	39.714466	43.677038	36.696301	22.258530	38.641877	41.223408	43.094376	35.635977	39.779187	31.876821	38.169768	32.807836	37.502388	13.964985	43.229204	17.162047	36.218404	37.156461	23.848622	43.022263	22.742926	39.471602	40.856487	29.948045	41.496300	38.242542	28.769542	39.654000	41.648811	38.745702	37.063550	41.238681	40.126263	35.637608	38.260139	43.946711	43.625554	20.511424	33.108081	23.493350	27.955865	40.990952	27.357201	38.761956	36.223464	41.787308	43.636213	39.002382	40.758321	40.544894	33.195042	38.880054	43.328777	27.844702	19.720838	38.261169	40.539577	42.426076	35.636001	40.884182	41.139655	42.847700	41.515740	32.816655	35.590294	23.445636	28.180505	43.728999	42.054755	31.895823	23.456854	35.737123	43.164107	43.842580	39.540892	41.908573	32.291711	40.780631	37.522763	38.771155	35.909274	41.251420	31.425099	43.215396	39.551914	37.599467	44.043156	25.084444	36.582393
41.123405	43.351317	29.286068	23.706695	37.224029	43.577619	35.268180	41.398391	43.134615	36.251315	22.557213	43.598833	35.894630	43.695050	34.065031	34.735092	34.464762	33.465867	42.874544	22.622909	42.065887	27.263141	37.903014	30.852406	38.364185	42.784090	32.569605	40.298172	38.763538	39.453057	30.271925	42.726746	34.298823	43.868471	32.778548	23.673534	25.544257	42.013110	41.140156	41.705953	31.375833	38.445918	36.392908	42.672402	36.342146	15.370925	28.225375	32.416565	41.448129	34.864783	44.011930	28.444035	42.637442	40.559110	43.270244	40.189472	33.308523	29.746938	28.845833	41.287316	26.934577	43.497091	29.752389	35.237209	40.335120	37.449427	28.577432	35.462887	27.779153	34.781053	35.281674	30.803085	14.680253	40.743043	25.165113	35.219197	36.594219	21.213463	39.424853	43.747940	31.242891	28.456113	42.332416	42.489653	39.150604	42.532808	29.971859	28.088198	38.323543	22.969907	41.466257	17.281623	27.126296	40.114409	44.054038	22.876710	32.984743	31.968446	23.511970	29.118903	40.044909	36.866010
29.054626	34.272551	36.822784	37.353782	33.431049	43.913001	35.828623	34.416213	38.522396	26.227174	39.890328	35.941349	41.146848	34.820185	40.900531	29.857493	32.492027	41.048387	32.276005	36.877666	12.322748	40.193823	19.571723	38.824724	41.722308	40.680916	37.816567	37.921700	40.857958	36.675552	39.393831	41.972011	16.933589	37.895467	32.661416	37.701635	39.901694	39.514556	38.409968	40.407078	19.812522	17.224595	41.275221	11.541076	43.113375	37.214906	38.299249	36.540876	32.404804	41.090686	26.627557	37.457541	28.216630	38.995160	34.133051	29.970086	43.402629	41.739654	43.553857	42.762402	25.611043	25.357083	29.862040	32.519650	43.249750	43.963131	41.807702	43.937197	30.632321	28.840776	34.115687	42.446497	43.922165	30.103726	22.665902	14.012372	40.666827	41.110476	23.710910	42.852736	35.098179	43.944869	18.423577	43.504539	40.151155	38.194565	30.426495	43.217029	39.180518	40.921907	43.964037	32.313399	37.858170	40.143439	43.820495	23.097595	41.286463	35.046772	43.637480	43.906141	30.336795	42.520339
36.426157	40.756959	40.850044	39.213840	31.055272	28.313881	40.597009	37.868980	26.797793	26.852956	30.191630	40.949282	40.697654	36.872065	27.251397	41.525677	26.271652	37.418782	30.726918	32.788462	36.486358	33.081233	30.367560	37.139364	20.702567	42.196826	39.182485	41.264233	35.631491	22.133342	38.254537	35.672370	36.857174	27.952287	36.685406	28.793266	33.828371	34.662298	36.300164	31.521124	39.076968	44.025324	42.288280	40.982507	39.561564	36.508646	38.123824	43.520246	40.333038	43.902397	41.778061	27.759901	13.012177	29.856019	20.394778	35.586054	43.169732	41.749390	36.871646	38.804150	43.301142	42.686442	41.628623	40.796682	44.030051	37.055996	37.706123	34.229368	33.905016	21.733411	30.890619	20.932941	39.753871	34.996421	39.307745	37.443024	37.117284	42.906198	23.842454	38.664326	28.729654	26.892196	33.050027	32.052625	40.740358	24.693374	27.804964	43.944590	17.481756	23.750181	43.706274	20.133373	31.887483	34.682356	42.128164	43.646184	43.281164	42.096755	18.150791	18.288226	33.168655	37.101295
41.293406	24.487635	41.498416	29.585054	35.950276	29.678546	43.715180	33.617369	39.038861	43.845440	20.612152	33.996768	33.597131	35.226626	19.526727	39.469828	33.610512	38.945904	32.802275	35.113414	41.909894	39.177869	17.045909	40.794130	37.073875	32.448620	40.364951	42.200023	43.625841	33.108531	41.729222	39.959293	42.903336	19.686294	41.648136	38.305193	36.429262	39.152829	43.999424	35.549402	34.241446	26.966502	38.568985	43.735684	34.668967	38.235312	41.818430	37.190253	32.944341	22.120034	38.122718	32.609369	43.211952	40.220591	41.721279	33.954458	34.838970	39.703950	39.102821	30.307678	22.138235	41.834412	40.723037	33.738438	37.906567	42.157145	41.050295	42.683309	41.731350	41.308651	39.142346	39.294424	38.170308	37.719447	40.612403	29.279880	35.537377	42.689281	40.950449	37.573633	42.781518	36.266478	22.601962	25.356011	35.982347	40.263506	22.669917	37.253880	37.069637	41.724233	43.034576	18.246212	39.119733	32.102027	41.273749	34.147256	21.257756	23.552497	43.883911	35.208203	43.749552	36.377254
44.019674	44.040952	24.474485	35.593203	40.937168	32.944766	37.306325	14.173850	43.363774	20.249907	37.819005	40.468943	33.815191	31.105980	32.420831	36.878947	30.706321	41.407816	34.751965	24.108649	37.683309	32.703414	43.650968	39.285514	41.941243	38.119334	35.481734	18.431598	43.018859	40.712127	23.465456	26.857573	36.221446	37.573281	13.602000	41.034927	41.198505	23.965234	43.716303	39.589150	36.152671	34.837229	43.983929	43.945695	33.475995	36.724520	37.109625	35.834380	42.397026	43.648414	43.274919	34.875313	36.859098	43.753778	24.469639	32.753384	26.378300	32.792706	41.850972	42.202214	11.656843	23.046674	42.902377	27.980174	23.234823	35.962849	35.225269	41.738628	21.570120	43.749213	18.899838	29.041551	29.236579	37.612813	39.990864	29.412861	28.931091	41.208485	42.242803	28.359782	36.416175	26.127165	23.173932	40.008746	43.023120	37.064528	24.679309	32.296205	28.794542	43.727730	43.328601	31.831914	39.313144	23.958112	32.030378	37.081492	24.997614	39.999560	41.914258	37.738013	41.999036	43.610549
24.067843	30.005932	23.747402	42.030030	27.787278	42.648148	43.993218	30.770209	27.373384	43.690598	29.728309	40.464342	34.349743	34.163193	38.865492	43.313241	38.361709	35.877365	42.263595	43.109066	31.621527	38.788896	25.111612	43.977397	25.778322	42.275817	14.401565	27.898637	43.226975	30.841446	36.798418	26.484396	43.295044	42.569747	28.967162	23.852404	30.288139	39.627612	43.959499	35.838288	38.519192	40.706468	40.150062	42.412954	36.246874	42.507627	36.371111	38.024852	26.696030	42.024346	25.421090	41.167907	37.954690	33.749482	35.211222	43.608840	30.211174	29.177216	23.135667	42.939007	28.113776	40.553077	36.130798	27.013983	18.572965	27.867852	43.048479	40.684291	15.674288	27.223860	39.468432	16.529495	39.074957	39.589220	27.196936	41.801739	39.513592	11.090460	35.564710	36.629230	42.000022	42.908099	32.910201	41.609873	42.476952	43.264614	28.810783	34.994965	42.821197	42.786604	20.858135	41.753271	43.089954	18.190734	12.848903	41.188718	28.724908	36.542204	36.199254	24.512672	41.485395	39.725086
42.739131	41.038290	42.146329	36.646873	25.376952	37.183621	38.246564	30.742767	32.810584	39.900590	35.197941	36.882513	39.162951	41.811598	21.089276	27.535611	42.298232	43.485792	29.658231	42.783794	41.657883	36.269375	23.238960	39.546060	43.950054	39.688750	39.802170	40.445860	28.395284	41.120351	42.835514	34.376548	21.083937	38.730738	43.642850	31.873777	43.029822	34.711631	26.910055	42.705279	39.046637	26.196377	25.433777	39.070557	36.036509	37.190332	40.151920	40.765684	29.104178	33.032295	25.185795	44.045892	39.269517	26.531644	27.360938	42.281300	35.650336	37.848856	39.687867	39.891869	25.437032	43.640638	43.210514	36.449711	40.630024	43.978820	15.307607	43.210852	24.887088	31.495691	42.836875	35.039202	31.978236	40.984775	31.877590	30.461911	41.893688	37.393651	40.373926	38.160637	39.660714	27.466335	42.591556	43.798195	37.903683	18.925595	37.127599	32.507519	36.323367	42.790847	41.390201	29.440899	34.791471	26.153156	35.380603	30.188510	27.443641	32.695436	42.929112	40.078940	43.948685	38.422551
36.921575	41.363230	41.276671	24.496930	18.341280	43.777765	20.197781	39.623022	43.069892	37.939481	43.156955	43.561479	21.548240	38.562846	41.532498	39.841219	43.934196	43.086939	35.509146	42.413896	33.621881	42.468937	21.336936	40.984725	35.276719	40.121282	31.402477	32.934115	25.815302	37.729502	42.447028	18.882397	35.955089	42.985930	29.729114	19.654442	41.744053	43.452355	31.364391	42.705672	15.503378	40.520666	43.837784	18.792424	40.353985	32.984597	24.020471	34.795801	42.273300	40.735079	36.621850	42.061862	24.012298	41.394609	32.077342	43.843698	39.308425	37.101893	41.291115	43.643785	38.103214	35.466214	39.410255	25.184839	43.139186	26.569886	43.202918	34.173489	37.716604	38.769120	36.718975	43.932278	43.247590	17.502865	41.211263	43.233493	31.716748	42.111981	36.870896	42.295402	42.403593	42.779249	15.945713	34.531244	23.237844	31.402333	34.968654	37.335700	19.524395	29.025306	28.125256	20.359478	33.438701	30.323579	27.845658	33.957944	35.804356	42.296506	42.333822	16.362493	43.697365	42.610540
38.900466	32.940926	30.851256	20.989339	18.590876	34.654756	38.153789	31.835028	35.152660	43.035475	37.620576	43.352852	30.463755	39.157417	33.608368	34.232040	42.812501	36.001890	22.760111	40.228713	33.391226	20.373730	21.655835	38.623784	34.350856	37.731941	39.195237	41.087479	29.369460	14.564699	25.542703	43.662893	42.222470	41.422799	41.499982	43.991017	20.601233	40.076054	31.627592	34.574435	41.719297	11.023712	34.870855	37.412776	35.794792	41.032121	31.301261	41.641526	41.067917	24.837020	28.140368	34.504197	44.046618	21.032248	42.065926	24.658786	28.236814	34.369332	43.782519	41.430606	43.401155	41.352708	42.241963	33.995054	12.632166	38.742862	43.958800	33.459645	20.376336	43.464750	28.123801	32.445707	35.093470	41.732846	42.976109	33.294294	37.946407	28.344260	41.177961	29.868985	29.083527	43.846177	36.974318	24.187887	33.387741	30.421204	33.798616	31.842652	41.407708	24.931062	22.102566	33.105198	43.723078	40.534037	43.756036	28.171354	37.898766	42.980160	42.666969	41.532715	31.591063	30.458933
36.731165	39.102630	39.033271	35.332037	42.851344	41.912931	30.646927	37.188991	35.735290	28.664183	29.011641	40.948105	22.636433	31.518319	42.926822	42.506289	43.725581	41.796642	43.866215	37.836190	42.825655	33.078191	41.405098	42.612092	27.038426	43.476394	41.937609	42.909219	29.298199	43.318745	37.578528	42.979348	42.039874	34.190825	33.964835	43.835093	42.364730	43.811667	29.914676	28.635130	36.060846	19.859502	39.459946	25.289660	17.591665	41.717835	37.264526	38.824707	37.953672	43.395413	43.174622	36.278112	40.540885	37.177968	43.565346	43.945501	39.769437	25.044569	43.111459	24.361284	32.665460	38.542149	39.339566	38.132307	37.081326	15.063158	43.219643	39.645466	38.088872	40.135774	30.240617	36.281842	34.570194	30.013910	42.127654	25.809055	42.232666	37.528170	32.435755	36.240871	40.000400	38.894108	30.279894	27.703791	40.642699	34.122215	40.761595	43.096247	15.785077	42.445449	43.795187	30.384084	40.813571	16.698809	41.127386	43.701674	37.386569	39.316945	35.934603	43.765505	40.822138	41.312877
21.514718	40.818851	32.353173	38.322909	43.756792	35.020450	35.913325	30.001087	19.896999	34.520857	42.365446	33.767730	34.182947	34.893504	35.257402	43.298022	38.806557	35.863743	16.623256	35.497451	42.232090	41.801966	25.692458	38.785319	23.203611	42.008563	38.027695	42.419201	41.158238	12.949068	37.862136	43.728354	42.755930	34.848755	40.920260	38.667844	43.189914	35.773219	33.685633	34.164508	34.090182	37.838643	21.940239	36.436682	33.038744	37.062680	43.820192	27.725883	31.500343	43.893400	43.509907	40.126059	36.572939	40.316844	42.258198	43.820033	29.885388	37.282380	39.906587	38.650352	21.559838	42.392773	43.468692	43.036985	42.716572	43.947535	35.892164	36.492050	33.656504	36.002011	34.501137	39.623538	44.015943	37.001327	27.738964	40.649448	39.036003	30.218689	43.940846	34.970213	42.977420	37.233270	40.548077	42.318873	32.882941	43.440153	34.253579	41.864991	41.584355	31.858384	15.546438	21.016319	32.370616	29.700761	33.009389	44.022442	36.544848	31.985251	40.088782	43.806746	38.538690	33.919556
37.338134	40.891106	26.513987	18.393340	42.987091	25.171349	40.595663	41.331941	29.054510	33.048879	26.011393	27.468026	21.181696	41.511305	42.688247	37.962011	28.695402	35.112328	36.576842	39.727266	30.853522	16.476651	43.856655	43.400311	44.058532	40.299728	40.603203	41.005519	33.321836	32.740153	43.048328	20.481690	20.559388	41.810519	33.804637	31.249905	30.378119	39.889707	39.856159	39.363453	39.790772	40.173187	31.110201	31.428889	42.397470	40.339204	25.989048	29.661548	18.607134	22.530980	18.547878	25.943437	29.480750	31.290156	37.343406	36.491462	42.693311	43.280558	28.814140	21.916864	31.011437	40.889205	39.834301	34.617210	43.358429	27.526558	33.976757	38.438187	42.430199	18.028035	40.065583	32.816190	43.694650	20.060607	32.727610	43.428872	43.393534	37.854036	29.837757	21.924057	41.544989	38.864813	30.877429	42.880803	36.628062	39.909054	37.835593	29.243246	42.228700	43.848452	42.960280	42.933529	40.072664	24.620251	30.404614	27.653144	27.440911	40.482991	41.337833	37.575352	19.901796	27.805583
40.652327	40.364027	30.375789	40.570738	41.386402	43.891835	33.619806	41.199263	38.302615	42.263006	41.142734	38.742003	41.484955	40.987351	36.011270	34.251606	39.849675	29.010970	42.401215	39.582966	34.676146	35.132240	38.857510	25.327857	25.205622	22.261048	27.431978	29.446119	43.990661	30.451717	37.489342	34.297169	37.766047	36.701623	27.833432	42.386554	30.115265	40.833311	21.772983	25.747069	43.787110	36.609700	22.445256	42.819801	43.460456	28.713016	28.107837	41.881676	42.019750	42.617333	29.785853	38.619173	43.975125	42.610924	35.858695	42.567065	39.008288	43.160879	43.030204	34.394779	36.281239	41.613440	38.766849	43.878417	17.659307	32.510049	41.275912	35.072177	32.793678	34.843898	35.438374	28.270353	40.356776	41.295159	28.499328	15.345906	35.776622	40.698710	37.224970	33.949852	40.091008	37.968342	17.948392	40.824588	43.677270	38.658140	37.387945	38.693128	38.938997	39.221988	43.635917	24.871258	39.332535	43.609624	38.914081	39.687261	34.066385	30.110448	41.031395	31.821836	43.303892	43.485790
43.811456	39.556126	40.597980	29.553843	43.642724	30.108501	32.917524	41.945478	40.768010	40.574242	40.260539	26.189373	36.837157	27.126313	15.956038	16.423059	28.499689	35.519860	43.558161	42.697477	41.614437	41.059691	21.684431	40.985428	43.892255	41.861502	34.769111	43.729137	35.523849	21.080544	42.304550	27.611342	41.926873	29.166145	39.579941	35.621265	39.130485	28.985177	15.343232	42.908645	39.445358	30.405089	40.165710	42.345692	20.818433	42.532337	33.440243	39.404438	43.736282	30.792942	27.209385	34.682178	38.796485	38.138118	37.120371	37.852095	43.914199	17.554829	38.391658	38.186808	36.272380	28.285795	38.663916	40.747638	34.547557	26.393811	17.978090	40.677928	42.613441	31.004370	43.327095	40.592727	29.052120	32.948384	43.514751	38.772658	42.979575	28.508598	22.102931	40.158717	42.871184	38.974388	27.426102	41.387829	35.465957	39.278512	32.526960	43.202391	15.759334	43.945280	28.075639	41.966406	44.020701	14.786489	18.289237	34.444978	35.352545	32.407742	43.070517	30.093072	36.527585	39.830236
43.334697	38.596735	33.372118	32.902497	38.233248	43.142398	40.791754	43.881671	40.068353	26.250111	42.959189	23.819926	33.529225	43.842096	38.624380	38.768972	40.719887	27.670257	43.784502	43.776614	20.930006	34.826644	43.630784	42.640117	31.088808	31.275993	35.983388	32.655795	18.241301	34.237973	33.786571	41.972137	43.643041	33.477530	43.138011	41.971990	22.635662	22.461259	39.544743	42.017243	36.678455	16.821276	38.500078	40.045671	37.486739	41.938090	12.823827	39.444015	18.906932	30.572444	42.799649	40.069418	36.640028	36.522734	36.539532	42.814670	26.566658	38.570674	41.337984	43.564767	19.979351	43.452046	29.792442	40.637529	39.332916	40.754893	36.377600	44.037297	21.652223	38.568021	41.937730	34.122619	39.621403	42.299213	21.560286	29.779544	39.528468	42.931525	42.546324	27.090652	21.240812	26.099197	19.712220	42.239912	31.447043	28.879861	17.714404	42.922132	43.631457	33.736540	37.528576	18.328149	19.716112	41.818768	42.199593	42.667458	35.151779	43.124297	32.659909	36.548829	21.805746	39.168088
33.749085	43.321835	39.263484	42.605152	25.456218	20.082817	20.253677	44.019405	37.936600	27.870890	14.004788	43.779744	42.966495	38.011207	37.676093	40.740350	38.923239	29.971133	40.943101	32.618693	38.863381	42.395948	41.615604	32.928428	42.808928	17.222462	31.397272	24.340667	18.549103	22.391354	27.544933	43.420733	28.434746	34.108080	31.956303	18.487243	34.002571	36.737083	42.977070	39.331670	35.924353	39.324870	40.202227	43.134644	41.409269	33.004558	27.452559	35.107829	29.122211	39.115832	35.594399	42.035769	17.310631	39.191347	43.216572	39.782641	25.714479	35.938118	34.463655	30.492905	42.228939	35.784335	43.024364	33.439926	20.841133	37.652017	28.945536	26.446738	42.197136	17.040354	28.503016	42.266779	44.059467	33.491618	43.655287	30.952169	33.773282	27.228018	29.724534	43.545869	43.061594	37.304151	25.076425	43.702236	32.481188	43.771807	42.460366	25.460432	37.294130	24.036331	42.942300	20.997263	41.126892	31.635717	36.270022	34.904443	43.403481	36.226535	29.799115	41.953279	32.980693	23.601562
10.217303	40.036974	42.204544	42.356586	36.630415	42.475804	42.048540	26.040490	30.555418	35.710121	30.628218	26.843615	29.339566	28.432247	31.659880	41.637164	29.201150	28.221032	29.993115	28.047155	27.044498	18.283144	39.780291	14.683934	43.405323	38.486027	28.371174	28.957723	40.989325	37.381520	40.492537	39.578803	29.663255	40.486695	27.840824	19.608019	36.622685	43.483356	37.098941	39.608353	38.867944	34.450175	36.121064	43.793320	36.897431	37.001869	42.020818	43.775546	35.170058	34.313074	21.272706	40.004999	26.365391	39.106300	19.573332	39.963907	27.499944	43.128978	22.576850	41.223208	24.428020	43.157393	42.634003	40.222502	42.534761	40.429722	44.043172	38.048151	42.145505	26.933916	14.634769	44.019564	38.070011	26.036796	39.968831	43.877353	37.996719	39.437017	39.210176	40.790200	41.351264	42.098272	23.861602	36.426378	27.956198	24.692552	43.607448	40.553212	12.836000	42.642112	37.889167	26.446674	43.939470	11.356895	37.406543	33.138077	31.133270	38.892563	39.895668	43.251291	43.786690	38.326104
43.223879	42.413033	37.873281	42.832682	37.199031	26.744734	43.084078	43.151040	43.469908	43.981063	43.360947	30.795300	44.049983	36.573138	40.807935	18.337761	39.050240	34.672825	39.160970	43.045575	42.634421	25.544156	43.506512	37.075888	18.795807	34.409051	35.028136	34.656529	18.015485	43.972447	32.121437	36.029317	28.125266	43.775341	35.127174	26.416653	29.243755	37.893155	41.768563	40.090778	37.638484	20.502962	13.595166	38.083819	39.700057	31.705135	19.462119	23.989516	43.831483	37.563021	18.683419	41.866179	43.581246	24.455585	10.351100	43.639392	38.994487	29.281472	29.358331	38.285428	42.449657	42.860631	13.680754	36.558016	22.308664	33.346982	41.347311	36.056731	18.266190	33.264617	33.938607	22.066411	43.373014	41.274954	36.240419	40.379758	43.231300	43.944069	36.068652	24.554672	30.025846	37.872460	38.801012	26.948338	42.767533	36.982020	34.706414	42.731373	37.161074	32.939018	43.511892	20.463947	40.522484	43.113746	43.466242	40.008068	39.912119	35.787345	26.526878	32.711651	42.067590	32.249491
35.697355	37.363569	22.739310	43.711563	34.772130	42.214280	43.355959	32.234046	38.460009	11.869448	24.379338	37.251037	24.353999	39.736667	36.256378	32.723491	42.819628	40.456330	33.217723	31.630533	41.670240	34.442281	42.811105	39.186101	26.067032	34.030441	25.431746	36.683665	27.539307	42.318774	31.618109	36.609610	43.703196	43.468098	14.710925	36.390688	21.766620	43.649913	41.838532	35.905544	34.002586	22.620128	35.560855	36.555383	17.554892	40.071417	28.932554	39.086877	42.591724	37.920134	43.755679	39.798103	43.220288	40.059732	43.176321	43.910148	17.335245	34.159698	24.279869	43.787596	41.413416	31.957942	37.340284	43.662798	42.766426	34.985973	38.450464	24.319065	42.520389	38.910789	26.280651	38.672135	32.982045	32.459917	34.082126	40.478220	33.265385	44.011087	30.385059	33.295767	38.123057	43.168365	22.198458	42.713142	41.553457	30.108022	39.297974	40.567930	41.304492	37.576087	37.286208	39.740449	44.056257	31.961545	43.360834	20.406560	30.490766	41.074067	20.414094	37.200400	43.908157	44.048881
35.999603	41.552467	42.452792	40.636380	24.408115	30.064014	43.073164	36.938443	39.535448	35.101827	42.996492	21.480371	39.557596	43.115890	17.288043	40.576916	20.610157	35.595142	28.417110	42.007392	38.470185	30.621553	25.076945	34.202634	37.861987	29.597342	25.985124	43.346683	35.012154	21.544918	36.863986	43.269627	43.890020	43.920206	36.027758	43.845714	14.468029	41.030374	42.750266	32.504358	29.955490	29.795952	32.684711	35.796161	41.525746	38.215949	36.332790	41.018211	32.455074	41.831058	40.278273	22.835086	43.911628	40.421102	43.572874	15.767331	43.410192	35.332608	30.517310	34.025002	41.827474	42.029541	42.393689	42.101268	14.830148	34.323272	19.032125	38.427642	38.997712	39.379869	39.863258	42.973895	32.295339	41.928630	32.375922	43.968133	37.371830	34.852291	16.770898	41.527978	41.354302	43.177838	36.452186	35.754528	34.265966	32.833306	41.135427	38.567068	37.121314	25.535495	40.888421	40.948775	38.967559	13.660697	43.552974	42.319782	39.154731	43.098811	22.698628	42.316456	43.706800	43.571716
38.074059	39.026097	44.050063	36.664149	38.982067	28.707421	34.899901	43.259674	40.622320	27.314658	38.738176	34.976564	29.496427	33.153357	39.737177	37.785901	42.295404	41.471104	32.182132	29.452798	37.496518	42.782736	43.595503	13.955389	20.193174	42.016864	32.500428	40.164390	42.881209	26.740958	39.106431	21.689233	41.025667	43.241411	31.770286	43.161975	25.640219	28.026691	33.923830	43.181804	35.097939	38.641905	42.435701	20.578030	41.620167	26.013166	37.811693	26.637971	18.689292	43.904112	37.974303	39.356997	31.200749	25.300435	41.748430	43.487419	43.573250	36.698688	44.059153	36.894205	20.762110	42.399676	21.593385	24.760922	42.418422	35.679496	40.156452	35.760991	37.025883	29.043993	38.322940	42.932220	20.274594	40.000060	37.907301	27.339550	14.040650	19.743604	39.143104	34.897987	18.997014	39.720920	22.288986	34.170819	33.534681	25.678949	35.452790	36.898368	41.097785	42.444301	41.709573	28.957475	24.012190	43.561363	22.322903	37.525684	43.426757	32.521081	34.165119	38.999483	16.828202	31.390732
30.527054	27.108085	43.523461	35.645054	44.003401	37.313764	37.011205	41.473529	43.803375	42.073754	27.306873	43.744093	39.534960	38.343280	36.823648	20.803329	33.196609	39.909204	34.414111	29.961627	34.079998	43.595303	33.461195	40.804351	44.053132	24.248948	42.802760	34.826035	24.817581	43.628281	41.858187	30.850180	42.909249	40.346775	43.105840	27.705072	42.855635	37.852777	37.302343	34.674753	41.900006	43.586144	37.702922	42.117430	20.539561	42.720827	43.236666	38.866459	37.050521	32.970655	42.168864	30.983134	39.813769	42.066047	37.802888	25.782422	40.028946	42.609385	43.535863	41.333507	42.588325	38.987034	30.566480	34.356021	18.374232	38.360856	28.980326	40.386493	25.283760	28.838086	42.876869	30.469353	39.926191	43.188510	26.037835	35.358051	38.957305	41.268793	32.320425	25.384085	13.878497	25.778663	19.351502	43.290200	25.730663	37.142264	27.925974	33.347820	41.394054	41.941352	32.087335	39.629166	36.914386	31.518066	26.238264	23.595342	33.392992	21.298335	41.440415	35.546644	41.649222	41.768120
12.590257	39.346140	37.674583	41.484184	37.525144	42.316597	21.275519	35.658354	20.146309	39.766107	42.718980	31.170304	37.071035	42.162656	36.103985	43.974034	33.749887	19.155597	39.162285	38.926975	30.819170	36.762284	36.816965	18.218361	44.010319	36.675529	37.195096	37.499774	39.802878	26.388854	22.634249	38.690649	33.298134	38.197636	34.123616	25.335610	23.786281	23.588745	32.867660	21.046586	42.625298	43.917267	27.480423	17.272488	22.540002	40.205435	39.416622	31.028027	40.143279	34.710766	42.126211	29.248270	17.434037	32.406861	43.412942	14.647860	17.750430	44.029585	42.944427	39.920583	35.249917	10.887460	36.944081	43.293371	40.686804	33.847502	11.111105	39.966451	21.912706	43.835934	42.322586	37.649805	43.856458	32.772187	35.803840	43.197736	23.097155	25.782794	39.630057	25.908134	33.962508	42.814192	31.069604	42.028057	36.288384	41.319870	38.792216	44.043419	33.602056	40.095436	17.947783	34.107241	26.853380	40.947209	33.282321	42.886825	42.468462	32.260960	39.335955	42.652658	40.344897	24.539390
43.477995	42.234120	42.806426	37.806702	39.377478	34.067834	30.393153	25.733081	30.253566	35.324337	40.479043	38.774621	40.702947	26.089424	23.760318	25.467528	41.924387	33.518014	38.201028	41.330140	26.297698	43.027726	20.496812	26.833773	43.180028	28.965080	37.752563	43.385566	19.947758	41.638345	38.896404	10.668138	40.026223	27.490963	29.789477	41.286688	43.615858	42.021744	29.152246	43.336924	31.307796	39.615520	43.776428	11.693974	42.229445	25.606726	31.799610	22.308807	14.112068	37.108037	42.827972	42.753014	42.611996	40.195914	29.539549	42.024864	31.416647	42.750380	43.875896	31.147711	35.105308	28.939676	43.521722	14.689809	42.398203	25.437949	42.811895	31.124544	36.614190	41.335539	43.846370	37.518831	44.019747	42.973434	36.684063	40.918004	42.487384	43.288097	40.019478	41.665017	36.539270	26.715899	43.293315	33.666713	41.770197	38.958261	42.333609	41.846376	40.136704	41.459152	25.703872	39.678381	18.891261	33.801989	39.736758	24.021440	27.869276	43.513615	39.364762	17.071582	42.438035	37.821248
41.984954	36.659546	22.265460	31.694769	44.043446	29.300958	29.682743	36.500620	25.802744	41.704959	42.292374	40.476463	25.403973	44.017831	40.744323	35.756690	28.207125	21.416715	37.639909	39.672391	42.888820	38.159356	24.687682	34.685933	36.555257	33.054769	40.870021	40.144434	39.176251	43.717295	43.561883	42.155690	43.956262	25.300679	15.359552	42.927096	20.159509	43.704918	41.740159	26.778760	40.925124	33.028937	18.932584	41.871019	42.000066	41.778521	39.295701	39.581122	41.688996	24.410584	43.614468	35.532419	34.590049	23.441276	39.968397	42.055193	39.056346	43.654956	37.565844	39.938708	27.136209	41.990666	34.429695	18.959981	32.097227	43.522043	31.350666	16.398475	40.921879	39.448706	37.919371	43.000264	32.658966	36.935486	27.251069	40.225433	41.517814	39.584607	30.745438	22.044878	35.439175	41.086899	20.083848	41.848425	33.418029	43.817948	43.488181	21.321205	29.263478	41.322861	27.069171	43.699160	22.181487	29.343281	40.650015	41.045474	31.834452	40.851762	43.944484	39.730656	24.989016	29.795524
31.580051	43.017921	34.625162	25.894604	26.833432	41.665515	20.300293	42.606239	43.387589	32.244350	39.865500	27.305525	38.049679	44.014910	42.818886	36.892585	18.974281	42.696519	43.316956	23.222026	40.426284	39.718199	34.053177	31.543018	20.213617	34.285666	22.987515	43.087966	43.795109	41.695758	41.956215	15.936660	41.388060	24.583844	43.327778	31.026355	39.196969	33.985785	16.653423	41.320678	20.422848	32.259238	40.081983	38.972351	36.590725	31.253184	43.206929	35.393946	40.612758	43.476117	39.305685	26.710693	32.759462	40.980748	40.729244	35.568629	32.760065	15.253164	40.487518	31.987872	43.034761	44.051854	43.000238	38.867557	35.938845	18.454299	22.868629	26.809987	28.042230	31.335587	41.918634	43.255828	35.509442	38.975209	38.555714	36.547619	40.726427	39.067392	39.526697	40.298041	32.633149	40.476402	32.392986	36.233070	43.519862	34.236292	33.062035	41.104323	40.067539	40.897728	25.271726	38.346004	30.328099	20.706057	36.339284	40.016204	31.403315	10.917452	43.549048	43.185752	39.744515	25.202594
23.292307	39.461027	39.252565	19.815216	25.614689	41.770088	23.663653	21.393651	39.392522	31.299419	24.260326	43.865207	40.667678	40.574490	41.044334	35.723091	41.085800	38.887249	36.690185	42.719484	41.928320	41.185937	42.761648	29.463333	42.663158	13.476098	42.780737	40.875140	44.025209	37.290614	43.175544	42.335707	34.667557	37.327014	21.544255	42.942789	26.298497	36.874659	30.612109	16.209984	29.358828	32.517808	40.983817	38.283522	38.650039	29.261427	40.309165	35.248886	41.250448	40.469028	11.301675	23.481588	36.490268	37.069670	13.435314	39.838015	29.676365	29.789691	43.637706	39.838637	16.940059	41.381949	27.471989	44.003856	43.949509	33.736329	41.985966	42.697543	42.534470	39.522351	40.128024	21.874755	30.147466	42.639885	42.188843	31.075589	29.877018	30.397527	42.538460	42.525102	16.735643	31.934561	26.378814	37.026503	16.394888	18.621324	42.936540	41.665964	36.429801	42.838579	33.726293	37.979683	25.499283	20.881462	41.506246	31.884398	31.994929	21.692686	38.662298	38.735383	41.337284	41.666642
37.566700	43.814611	36.400560	35.277916	38.246791	22.856853	27.350496	20.375195	33.163198	25.927263	38.885969	39.466875	41.500271	38.499715	43.642269	29.605279	43.056803	26.199026	28.265390	39.722170	27.556450	34.258259	37.749540	29.765711	41.430657	43.529725	40.276856	29.802792	18.461298	40.303732	37.668049	35.799836	43.129431	43.851425	35.066395	43.273690	32.969498	43.060373	37.258731	17.087224	36.953164	37.153482	16.084798	41.395160	41.735603	42.777465	42.932551	32.785600	40.907744	36.623297	35.589019	34.096055	20.344429	42.363220	35.372244	32.648692	43.172852	39.947550	24.259191	40.947714	21.377049	40.597522	39.234446	25.676790	42.948635	43.140144	40.030300	40.180878	41.793340	39.552768	30.087724	30.611251	43.377415	44.030396	31.834274	37.847765	41.761829	42.214452	30.742367	39.051843	43.224510	39.078178	37.766171	31.620364	38.853405	38.641741	38.732103	41.036177	26.645836	30.507116	35.935530	35.107043	35.026229	41.895506	38.357273	41.209051	39.826632	36.180925	36.463728	35.998981	29.030846	40.403974
35.124342	15.287522	40.423519	26.535198	40.797206	41.124312	35.000661	44.008279	39.167298	42.937571	38.096355	24.232314	28.399798	29.312803	36.014988	24.259704	16.261435	38.341491	37.820122	22.557890	43.188253	40.896900	26.153146	43.095618	42.671234	43.998965	33.533771	38.528245	39.303714	34.253964	24.618656	43.984034	30.101557	31.984121	42.179581	43.389794	41.691349	31.791151	28.200874	12.808340	26.992241	40.018747	30.937289	29.864490	35.393106	21.029422	14.286627	23.860123	43.923856	19.718518	41.343934	40.083792	29.380983	43.125037	24.982118	29.824464	32.654986	41.860398	40.828413	39.470168	24.132495	35.259912	24.417016	18.993222	32.571830	24.900007	43.449370	32.309241	33.483727	38.090481	34.328017	29.174682	35.102642	39.987092	41.419819	22.421848	35.297992	28.369232	17.234888	37.037884	44.007628	23.579049	43.744919	17.417420	40.274414	39.415793	33.777700	43.982041	21.050803	41.637462	23.804239	28.425589	18.195277	31.685876	29.969757	43.550507	30.006103	26.453708	41.366715	43.939687	38.177981	38.203072
40.411436	37.988698	15.822752	39.206801	40.249987	41.479692	40.233833	33.509951	42.180147	30.734177	33.497759	33.265380	36.442737	43.703696	13.734830	28.500834	37.450764	35.453954	32.312471	13.731691	37.467830	27.884388	40.653715	28.389457	23.873609	39.756573	40.982392	34.660474	38.996830	42.336365	36.304882	38.664807	32.787329	43.204004	27.520990	22.976031	41.181364	12.769308	43.509878	35.035554	37.155129	26.910565	16.275411	31.612752	34.829614	38.335887	26.563755	38.343003	37.200261	9.866126	43.974079	41.668828	29.582791	31.088220	27.642316	17.323170	32.321428	34.686525	13.994455	43.456426	27.622398	42.572293	27.348767	33.798371	42.630451	40.976314	33.022291	38.978763	43.657263	43.251991	26.700821	43.534777	39.843923	41.376562	39.812780	42.652498	41.504669	33.904781	42.005228	42.922281	41.189567	21.840304	38.292853	42.672902	38.859506	30.360516	42.749029	34.164643	42.064076	41.182540	36.959461	14.685329	43.571578	38.826002	43.720396	41.134110	13.711135	31.261135	40.465876	22.355392	42.429329	32.923532
29.699220	41.694167	41.461716	26.844691	36.800918	43.291911	37.564298	39.788834	41.303889	32.014454	37.435457	17.393656	43.762002	30.765166	35.466283	40.127838	31.799762	43.033481	43.007796	30.198498	39.093789	43.842234	19.566224	18.545434	39.275324	34.428812	41.198918	42.449960	41.956119	40.838232	31.605314	43.735875	39.725046	43.020560	43.614957	27.396484	33.077350	39.805749	37.754312	43.786329	31.863271	41.708626	43.193658	26.856299	32.937259	37.018356	40.796903	26.153691	35.534826	42.774725	25.871577	30.006344	24.503085	43.265044	17.203799	30.935657	40.797485	40.137779	43.655067	43.945829	34.237707	43.571494	16.601340	39.929781	43.976519	42.493460	40.005759	41.012949	34.865760	40.839119	43.536081	25.832913	38.138070	40.014048	40.984103	40.628143	38.139722	34.619136	37.226239	39.104268	38.498583	21.777747	43.856209	32.314566	35.265793	43.070394	42.911774	26.776944	43.674784	41.158579	42.758508	40.335161	33.435473	26.981702	41.426170	43.226247	26.605913	39.378650	25.043103	38.445452	42.145761	29.813270
31.515464	31.566407	30.176428	28.252617	42.574686	39.592984	44.014766	37.045447	39.280241	42.092914	43.763613	39.429781	30.954476	43.646246	31.683607	22.527821	38.597721	39.453499	42.422472	28.601931	36.793629	24.191192	38.488371	40.954777	43.897609	39.543886	43.331001	23.730988	39.729646	43.199304	42.236693	33.514659	40.479958	28.014875	40.998209	28.780114	43.923134	27.593788	43.344488	40.700285	38.599646	26.395306	35.767760	38.831772	39.678114	31.032455	41.191902	17.230927	43.598456	38.691810	30.953411	37.068891	19.404055	42.335958	38.468138	33.480626	43.755245	42.804511	40.562331	42.351545	25.257068	18.307608	43.873170	23.861862	40.069568	44.010766	40.092000	43.632431	40.501489	32.983497	41.326364	36.042097	38.253469	43.523089	28.845924	35.699033	28.975054	36.755178	32.065304	19.950120	35.269466	41.425541	18.906474	37.853888	43.462620	42.835940	43.161519	38.893584	40.137828	38.250667	19.322593	39.453430	27.229414	43.056077	22.573766	27.699612	33.176263	31.807756	40.954056	21.152164	32.533318	42.771390
43.821500	16.324187	42.320859	37.235575	28.928523	32.330930	40.566814	34.306157	42.744644	30.123319	43.946735	41.098261	41.607171	24.861793	37.435178	40.244088	30.708986	43.541471	40.017070	43.524001	30.425249	43.381940	38.546386	29.270368	43.964399	30.311361	34.272709	39.094873	26.433008	36.979859	39.364403	43.478645	42.100521	15.430342	39.669454	38.177479	29.812022	41.023503	41.026967	36.221506	41.965423	43.499441	43.393205	38.593142	37.663982	42.886596	42.106836	43.310620	28.512078	41.777864	11.284930	35.620476	36.521341	23.771644	41.674493	43.041242	43.981689	40.063652	42.127848	35.573582	34.445584	31.930224	40.397147	37.710534	43.554398	12.681164	40.053572	40.904900	39.889454	35.910313	25.126893	42.168076	18.313487	13.968145	43.727022	20.870352	17.952065	35.702782	42.726316	37.132927	38.550516	37.212778	42.995581	21.942542	28.762808	35.023905	40.508876	43.683549	25.616512	37.660922	39.236171	22.500062	42.461005	41.645082	20.840980	36.647455	38.863083	33.692942	35.955632	40.131158	40.341367	43.575743
28.416547	38.076919	25.875418	43.081804	40.352175	38.325444	24.903144	38.089171	40.743160	33.275451	41.461163	30.855791	29.364827	21.123167	25.723803	38.399358	43.085835	36.937585	40.329966	43.749198	41.247061	21.948459	34.227487	43.447640	28.295483	35.113857	35.503672	20.022348	37.750524	27.143077	42.176651	17.342634	25.296028	42.528182	17.473973	40.825515	36.669455	40.815457	40.232610	35.003372	29.631185	21.085934	39.391363	27.129973	43.835721	43.875016	22.156743	42.898222	30.515204	28.886506	40.544392	31.686630	30.326001	31.789931	37.498041	42.793151	35.991768	41.561880	43.322613	21.037828	43.863314	25.410181	42.935551	11.570184	40.923867	37.148392	25.654814	30.900130	28.417987	42.590326	24.521537	42.223339	37.071961	33.754084	39.274267	42.927848	25.542838	25.446451	23.761653	25.715037	38.411163	44.006050	34.882882	18.786409	31.532113	26.422945	34.047605	33.684934	41.015365	43.391248	17.188741	43.877350	43.252276	10.721440	38.719696	43.075385	31.806266	29.132528	43.872402	38.697222	28.796587	32.846227
39.080509	42.057686	33.083952	39.087389	40.823761	43.739312	42.444651	36.355658	43.943635	43.826582	41.821324	25.989600	36.664697	42.593743	25.390910	25.400467	28.847853	42.170252	37.532309	17.553600	39.188239	16.252597	33.393756	24.523234	40.333003	28.309451	43.795987	39.135383	43.727476	38.922738	37.317746	18.740673	44.043187	30.253903	29.141302	39.885934	40.168461	40.920498	38.802932	37.213609	41.749720	27.023394	41.825396	19.734484	40.377568	33.515904	41.861676	43.496869	21.356639	30.392406	36.451812	32.943300	42.698857	39.570410	20.124476	27.783655	31.916333	43.760471	39.706618	29.279651	31.174431	19.095196	36.947789	41.656358	35.181795	33.548800	36.548205	41.083908	41.232565	36.296293	34.462500	42.404489	28.658892	42.721073	43.716741	13.966362	42.367485	41.011962	23.489372	35.768937	26.470005	39.560883	36.403737	32.055553	42.515225	38.289077	38.735047	28.699882	42.492376	23.392529	33.114664	28.681274	39.649803	37.420109	37.725399	22.933888	39.442448	39.309376	38.904141	42.897702	34.096737	43.226844
32.448673	15.594086	37.576869	32.216324	42.782898	43.874204	30.786085	41.975417	35.818433	24.680668	35.688623	43.158830	35.975536	25.817057	43.876752	42.063224	42.504613	17.868666	41.427955	32.216364	43.744541	42.243859	38.404582	43.193828	38.054812	41.846047	36.935091	37.394359	43.097056	25.321684	43.284200	34.218424	38.361990	35.118157	42.868266	34.380803	38.754277	41.071223	43.523107	39.453682	29.696628	18.631855	40.538960	42.947490	43.472144	40.335349	33.963730	42.586191	35.505036	39.366471	23.646124	42.036920	22.975332	43.344977	12.362143	43.882338	22.313396	40.452826	42.218369	36.915235	26.592212	40.946404	43.340154	42.519122	24.636961	32.951746	42.010219	30.819815	38.878843	42.663618	40.982607	39.918549	41.770167	41.337786	40.600532	37.775829	41.045275	34.118989	33.952702	38.638604	42.639698	39.992468	39.365687	31.291492	41.236799	38.966959	43.745023	35.146870	31.030034	41.137043	41.015699	43.063841	18.685368	37.134077	15.082074	43.257699	29.986147	36.656245	25.815409	18.925467	18.977934	38.422681
42.675353	40.843245	31.680031	40.974182	23.939970	37.097510	43.859978	35.983533	39.280320	41.185591	26.721997	33.835176	41.613918	34.104773	43.046748	42.484558	36.797814	31.562767	27.298147	43.791110	38.596317	40.680168	36.963233	43.551917	35.159388	29.889477	39.181852	37.362071	26.131845	43.448732	30.332339	43.598413	31.301780	35.716658	42.841339	37.186468	26.545682	34.329965	42.823522	41.246564	12.547977	36.998855	37.965206	26.590916	15.609865	22.804567	29.005476	40.308374	18.376188	32.195885	41.066329	40.626281	38.490063	43.258658	36.093629	31.660083	38.275939	37.294009	35.771447	41.280783	42.669321	43.878625	37.417698	24.299167	43.943459	19.570355	43.646904	41.608273	29.005481	39.388130	43.635135	42.972339	38.432270	43.314984	38.578994	39.900670	43.808937	43.709033	16.183810	41.675372	40.867953	34.265979	18.058287	43.462322	20.490784	42.145226	18.054196	33.563588	14.043804	35.524775	43.053006	28.189416	27.437528	40.169946	24.906115	24.589417	44.007816	43.098694	40.645775	43.286740	41.329255	31.903079
43.226502	25.528120	41.382581	41.579165	42.771449	35.931022	38.534754	30.638814	38.051134	34.028027	29.039209	42.390955	44.010383	36.093633	33.557029	37.594885	24.152087	31.079546	42.159185	30.404701	21.296356	36.937195	43.514481	43.953276	44.048279	37.142833	24.924039	41.415709	41.264467	29.101628	43.801994	29.565511	42.187722	24.739331	39.812664	30.902710	42.362785	29.448236	34.306690	32.654390	31.366674	41.640276	28.077655	43.372030	42.452244	40.694335	43.341137	33.948388	33.224326	18.141772	41.968042	30.898144	39.800271	34.200377	30.158667	43.058750	31.124598	25.903544	40.865666	43.814845	14.927297	32.038749	22.421914	41.664807	22.552720	34.347144	42.786369	43.719598	26.495817	29.848318	26.568780	43.516857	41.064111	34.773271	29.522986	34.389894	42.885315	37.210213	33.223813	37.422815	40.581201	43.185477	29.713251	29.997661	39.542030	41.588068	39.547057	40.285966	39.632334	31.079181	25.632728	41.203209	35.441487	41.068878	42.677619	43.307604	38.564467	43.885361	16.079236	43.824049	41.043412	43.906931
34.233977	21.639981	31.600289	17.309531	35.749708	24.600817	37.923434	43.110636	43.026610	38.370286	32.456443	29.181456	41.715582	32.002424	42.579155	40.165323	30.026945	35.093361	40.714985	26.132691	43.777336	42.507644	36.949539	37.254761	38.723549	18.004813	36.227858	43.514569	28.279054	41.294871	29.991111	39.718173	30.787674	37.641715	18.414862	43.116602	33.473959	16.026752	43.949076	31.944442	43.235633	32.873252	32.637286	42.610460	26.911488	24.665207	41.724722	32.335383	43.351758	41.160324	34.471286	28.622807	26.964335	21.897903	27.944220	42.373987	43.857740	18.376903	42.703261	32.523685	40.039998	40.319000	41.426987	41.107472	35.961887	20.276504	25.567197	40.801113	38.620174	30.231808	39.678294	41.607619	33.374390	16.573303	39.546889	37.503544	31.474331	41.279997	40.133113	41.325336	38.130840	22.784597	27.518123	41.545989	37.247980	21.111135	24.149769	40.897430	38.518353	41.474161	22.365647	41.584658	38.392276	42.281812	22.419967	26.886291	41.352389	43.712003	40.850767	34.832300	28.377521	40.078436
29.860676	42.856207	21.749703	38.150189	43.697580	41.408367	41.298235	27.018683	40.763424	40.620327	35.653638	36.215306	31.607964	43.992794	42.058374	33.733642	43.589685	34.829215	42.558714	41.525524	39.609469	39.307195	32.846521	23.844188	42.601261	23.791958	40.398581	36.782473	24.689126	27.297012	29.695233	32.108128	35.766106	32.678735	17.416883	20.685096	35.592347	44.037645	40.414792	42.304586	22.200802	36.895629	36.409531	39.517223	32.590539	41.237923	41.014903	39.449353	40.600167	23.776175	32.089546	36.139164	35.953302	43.896450	18.230553	31.850722	43.896879	39.730250	43.479339	41.876250	31.164764	32.219909	42.237622	43.935022	40.342592	29.199062	43.778146	42.142737	28.272504	43.947574	37.709370	36.202511	40.466362	35.702392	42.759723	29.822563	25.505828	37.170794	38.127090	36.862347	43.916316	42.513463	43.822148	43.011673	30.480712	31.740649	31.122941	39.344712	40.898237	35.792664	42.077998	25.562941	33.771886	27.042079	30.978081	35.018820	40.295178	19.621080	38.930331	16.556710	35.669906	25.627088
15.003028	42.891896	22.914782	41.327146	35.697484	36.063866	35.473478	43.624342	19.843603	43.100118	36.143850	34.127344	32.804578	41.943113	37.584486	33.723300	42.242705	44.000924	31.403448	29.098238	36.071487	23.677628	22.502633	43.894233	40.779954	41.393939	26.680575	41.135127	34.533943	43.638487	19.564077	35.015587	37.621564	36.126729	28.687796	22.118078	44.045046	31.638450	35.799419	44.003345	35.561948	21.097775	37.819352	30.521677	27.431275	36.548703	33.307945	43.975199	42.693807	43.789987	42.973943	12.027055	37.221177	42.355266	41.285248	41.164775	25.218172	20.410567	41.027829	28.595603	34.012798	29.185029	43.603222	34.482643	29.601835	42.418045	36.153811	37.428374	43.786660	43.300626	41.777601	31.931667	22.066382	34.448780	31.440893	31.433007	41.082463	42.645005	41.859456	42.929550	30.931469	43.564890	43.944771	35.086457	42.433483	26.987059	38.701243	36.868888	40.166918	24.396110	36.791268	42.766561	25.587289	35.137113	41.504288	41.143878	34.773031	43.635001	38.886305	38.102555	32.629991	39.280137
41.854264	13.504573	17.625289	42.306099	43.038056	39.670603	38.188186	25.222083	37.154612	43.882174	33.778636	26.334552	43.865152	41.757583	34.998357	24.793494	42.674744	42.332406	42.994768	40.303734	43.272381	39.195596	33.790505	38.185071	21.327790	36.801168	24.716618	41.853568	36.337027	34.476381	43.373214	43.061258	18.498465	39.273230	22.847023	42.710212	42.720674	17.639974	39.559646	42.256279	18.898874	31.154504	25.351176	43.165242	28.417224	43.911597	42.047304	26.940859	36.845625	20.954001	38.378173	31.874450	43.656677	42.907352	16.504697	36.290968	30.011747	37.363218	38.475729	34.431196	41.137766	30.203670	42.292564	42.398776	40.280117	17.164797	42.324217	41.238447	43.332043	33.904156	36.856307	30.361070	43.462128	40.144342	29.286031	41.301455	40.179146	39.043139	12.965348	40.661221	36.241906	40.993587	33.688020	44.005110	43.707277	26.412535	33.011220	28.971030	39.218385	31.874072	41.577177	22.803232	42.649578	22.744307	41.690535	40.763147	28.233603	35.968332	25.393490	39.232122	30.385244	33.574544
43.317496	43.173134	39.965115	43.445888	29.281249	32.226867	31.618794	16.828422	36.019292	33.919894	40.825185	43.325137	43.199522	19.121822	19.852585	36.058877	43.680372	39.016910	39.360137	32.609817	36.204246	41.330760	39.459387	30.080127	38.289338	35.762044	32.098941	41.830433	25.810176	35.857073	40.923661	43.554051	43.925217	39.562455	37.956732	33.967030	43.057957	25.614222	31.861827	42.829140	33.894075	28.972934	39.983634	30.202895	42.812750	40.101309	32.269993	43.787087	35.985422	42.594373	29.736075	44.036373	37.203568	33.062980	27.971569	28.917223	36.167322	28.684545	19.416585	34.728259	39.032876	42.159741	30.441840	44.033123	24.638602	30.869395	43.486395	28.047985	41.394896	33.933230	43.230453	33.366332	19.160251	41.965742	39.244901	41.203887	35.995180	28.085275	43.435322	40.115022	42.311290	29.787420	27.137814	31.590245	41.913082	29.194342	35.138730	32.776361	40.137107	38.935338	35.356298	40.386818	34.833696	40.085066	24.127324	39.588596	25.850398	41.091679	39.613029	30.368763	40.885972	42.964190
43.461033	37.800313	41.367737	41.560167	38.105920	21.344180	37.722052	34.616185	44.033796	38.080141	38.940941	24.756772	27.138347	40.795246	40.860965	23.641924	39.001297	31.201399	26.145972	20.584724	43.475896	29.278807	41.913064	31.807684	33.765600	40.028804	33.219288	10.904493	39.882650	41.014549	25.174281	31.151542	36.192853	24.518028	16.313716	39.841241	42.852497	34.960343	24.967871	31.166369	44.018230	31.780311	34.368717	31.577341	27.004405	35.215213	19.174354	40.396808	41.971831	41.436466	34.948258	18.162153	25.481651	25.375653	43.945608	41.881789	42.151524	38.534452	39.419556	16.569195	43.754885	36.927220	22.714800	26.962304	40.274304	36.705552	36.983372	43.175926	40.666297	43.822750	23.215034	36.682422	21.481446	32.857974	29.290034	44.046256	38.515438	42.858033	43.961024	42.967599	28.700967	42.552988	41.237065	42.494544	36.085089	29.170890	42.125886	30.005178	43.877497	17.021824	36.963990	42.744128	22.560820	37.924181	11.674089	30.706458	31.347857	43.942486	40.931604	42.157575	42.804063	28.564271
24.831904	33.892515	40.165339	30.676159	43.471715	39.118211	44.027179	39.725852	16.806784	19.665538	42.440059	40.469578	31.148282	32.174112	32.315078	43.448813	37.015183	34.519731	25.659697	42.535295	28.596722	20.626212	41.753675	27.710610	24.896945	36.929509	39.809268	21.469069	35.935525	40.920668	41.642163	40.996506	33.081662	43.664552	38.184531	29.264433	43.410650	40.731167	42.779429	31.287975	27.447640	43.327823	42.323413	24.118236	23.274858	40.346576	35.340141	28.891208	41.524839	29.186250	30.350676	41.347170	40.645453	43.237325	42.463619	42.686689	36.394322	37.496656	34.956045	39.115648	43.992376	30.953296	43.434018	25.099826	43.594795	39.212655	40.354457	24.994133	36.837465	42.178264	41.949559	43.861970	22.579672	43.984512	34.373786	16.517131	37.536612	43.903281	43.815830	33.198240	39.038142	31.493988	39.782539	34.297936	39.321738	36.515212	29.257891	32.234578	31.689309	43.651262	23.468999	32.532350	38.864748	30.389806	42.955165	44.056914	39.970041	37.598148	37.290194	39.611534	44.018637	31.713823
26.022745	33.334306	43.650553	43.554925	24.292614	38.957992	39.326221	14.746093	39.540810	42.656751	32.599184	43.700540	43.534203	22.527050	23.392785	39.826545	32.322160	36.397856	26.119167	36.550224	25.743600	42.652269	43.911447	23.426536	39.889375	40.381967	43.251991	40.414739	40.213026	42.753237	39.792077	20.588323	18.917835	43.834753	39.667667	43.689938	42.725403	38.516786	42.769278	43.766890	33.736311	33.305466	30.826087	37.226199	42.734175	38.020485	43.112035	38.812503	42.310065	26.113525	33.763770	41.911726	43.188418	34.206324	43.003214	37.576872	26.623060	31.348402	38.132399	41.076449	42.122935	44.031522	44.050997	24.657314	42.947508	41.719017	44.022231	30.853649	43.912128	36.696298	38.733841	40.174309	37.365150	36.215119	36.052961	40.852595	23.567801	37.798155	39.463688	32.772345	37.251117	41.871272	43.940402	39.174669	12.631424	16.165371	36.648529	42.607493	31.420031	43.111187	38.660487	32.456011	28.045776	43.430223	43.004359	43.927685	31.681674	40.728738	43.052323	40.626821	40.214249	41.407097
36.887033	41.116054	37.180572	41.277001	34.352844	15.737344	25.797588	32.945578	40.051711	35.309012	41.968611	20.237736	43.393911	39.554080	36.026291	38.250834	39.442201	34.200692	18.754665	43.325128	39.811864	39.737137	39.911980	26.885228	43.158042	35.776695	20.409682	41.595749	37.853005	36.945753	40.566899	28.240556	30.583696	42.616649	34.362954	26.059469	35.176635	15.582568	41.072101	34.708028	26.901629	29.671655	41.928162	35.880945	37.917277	41.793174	33.581068	36.399843	39.701923	40.814253	37.128504	43.301433	22.889200	25.899247	22.921548	38.246016	43.434379	40.895618	42.106252	42.183544	22.988203	43.248240	32.235550	43.035432	36.160233	38.881061	41.124392	29.296649	43.652432	37.805147	41.243854	42.725432	41.100837	24.483883	42.846218	34.680292	41.689209	40.404034	13.765713	37.204389	27.631424	20.500109	32.632898	36.329025	40.727490	38.105874	43.706047	34.619734	38.029907	39.360458	43.155045	32.309645	36.570476	41.371714	41.003159	25.220544	28.712319	43.783803	28.669668	42.315089	39.848868	43.158382
33.413606	36.780890	40.185805	17.047683	41.120641	43.325959	26.600880	42.531101	18.152057	39.718104	40.790031	28.908353	36.629730	38.359289	32.154044	43.689998	29.704785	41.925344	35.639299	36.476973	41.764729	39.603066	38.757738	28.326498	31.844407	42.332154	43.233429	28.901969	18.667443	33.780448	31.278581	24.885158	38.786566	38.208292	41.331416	26.293878	42.266782	33.303536	26.138771	33.033723	42.949910	38.016679	43.287374	25.281224	41.064287	43.721766	43.211525	29.545879	44.023285	19.823175	26.457708	41.543654	40.303159	38.104449	37.736104	40.688932	30.815856	30.609775	43.094773	25.676486	44.003707	33.408344	22.226676	43.206018	38.794038	31.863390	39.091938	41.250589	24.322558	30.631945	41.323611	43.809754	38.548603	29.286363	43.436713	16.317369	29.625484	43.449773	11.267751	39.821008	34.342754	42.858791	25.850668	33.280354	37.074442	42.387435	17.563060	38.897569	40.273136	43.090282	38.764802	40.906512	25.995825	39.515457	43.278450	33.649555	42.388499	42.793832	42.256716	42.416807	34.729221	21.366389
33.018985	42.703975	27.343456	39.366683	40.574346	40.294115	30.351088	36.652686	39.833190	38.778575	38.912866	32.538842	40.378525	19.113767	39.007883	20.039336	32.003873	37.247070	39.787426	43.437564	39.659460	42.130543	40.229159	32.345026	39.572031	40.262327	16.539405	23.291247	39.328194	43.192118	40.379835	30.045752	38.896145	39.046713	37.231502	24.114914	22.922602	38.987057	23.165489	42.019402	14.634779	30.258111	36.323844	13.693972	43.121893	38.449553	35.628912	43.364109	29.538009	33.740159	41.150609	31.892490	25.798868	33.551653	26.289983	43.181575	17.138472	31.073639	32.940775	29.505084	44.054915	33.566663	19.192532	37.825877	43.634652	30.373939	30.052097	37.789432	16.754651	30.613088	28.418926	41.670953	39.313136	41.467662	43.442062	41.857694	18.029713	29.438483	32.142452	38.595097	21.530233	40.154918	41.801927	42.626252	30.279633	38.734611	27.455371	31.789371	28.574531	27.438997	36.875255	43.953377	38.081005	33.081562	43.787695	40.271204	36.698347	36.819140	36.241200	36.227727	26.546398	36.793124
38.641455	31.523863	33.697427	21.131634	43.848846	36.642810	26.959927	43.797859	42.181704	35.462823	23.208408	43.350055	28.162439	41.559787	20.122363	42.799205	37.861877	34.799256	41.081234	42.746230	43.113379	19.095709	43.823834	43.744836	28.450187	41.912343	41.892359	43.722684	22.291365	35.681984	15.633479	43.197306	41.746222	38.916946	27.359906	37.328463	41.325342	37.176843	34.828392	32.399159	35.776918	38.369528	40.977964	38.248947	39.467568	42.587383	36.492657	34.195294	32.425933	23.100207	21.215880	41.468577	39.908332	32.527025	40.349878	42.819731	19.102422	30.328640	29.375855	35.533602	37.634125	41.850703	43.395767	38.340451	43.773143	34.442386	37.481215	42.461229	26.027342	42.003972	11.342101	40.910384	37.983392	35.000316	40.337595	43.692031	20.594014	26.048174	40.921828	25.332455	31.253720	42.815882	25.688927	31.950209	32.162536	36.537100	35.262799	38.758983	23.398954	42.268462	43.110928	42.838991	13.751150	41.732738	37.760448	34.520183	31.371079	35.086668	27.770586	37.857294	32.530663	23.630365
17.072431	32.401320	42.357338	34.560557	33.610151	31.851164	42.395266	29.492657	43.779787	43.801135	29.534372	32.588106	28.103488	30.545162	40.447848	42.028696	43.232902	43.581968	43.281104	41.435545	42.163325	43.554769	23.998663	23.673824	16.706726	42.449785	43.828008	42.046342	33.955618	15.540519	27.232069	22.632546	34.059473	22.965561	43.632322	39.234097	41.701660	35.354906	43.413998	29.397321	41.048715	20.874255	42.620509	23.333772	36.098040	35.516473	39.147307	36.034852	42.673489	30.780788	39.772501	38.101825	26.833331	42.861530	25.072933	43.623598	32.218385	39.385766	40.006971	22.224532	38.136537	43.251384	30.686707	42.422810	43.503134	34.297776	41.761282	40.627245	17.428154	38.168242	40.985339	42.638032	31.128371	31.265372	21.823207	28.296645	43.639249	15.287233	21.862516	41.687746	24.978936	39.525933	37.144400	39.419239	42.117150	40.350898	43.684731	31.232507	29.666276	22.874121	30.994527	40.008012	42.123490	22.022907	42.155019	41.258031	27.438762	42.537137	41.938105	43.347618	39.834394	41.025786
43.708787	24.171544	38.876289	42.292040	33.501664	16.978042	23.399645	24.769207	41.951271	43.007809	37.724943	37.986217	26.522849	40.998869	36.132219	43.268119	32.487795	37.056061	40.170478	43.129104	37.928279	21.754623	30.564327	38.770799	34.862179	23.876664	37.611175	39.674851	43.265977	39.681362	43.588138	18.713879	40.973656	22.180986	23.416787	28.640351	27.257558	32.139381	43.301381	40.623872	19.046798	34.763508	38.899230	31.691755	37.246811	36.910965	32.179044	33.342932	40.469021	37.389421	39.415878	26.923234	36.033889	38.668566	39.494138	42.416179	42.556501	31.849469	31.731570	24.220803	41.934638	42.956296	38.202871	14.793167	20.138946	41.718110	42.711967	34.851338	43.980386	43.186241	38.020311	43.748433	23.196278	40.375875	12.365211	43.303043	24.444035	36.765863	43.251592	29.245342	42.118527	20.943568	28.030965	40.326813	16.240312	37.445569	34.579176	42.349067	35.539307	29.281644	41.062401	37.152815	38.059468	41.027172	14.793724	41.079072	37.517829	43.342956	39.870659	38.696009	17.310266	35.065123
39.814649	25.932411	39.387332	34.174968	38.702310	37.658694	24.042858	43.684645	33.400225	40.409683	43.549474	33.362443	30.294547	38.569263	39.448564	43.575923	40.361216	43.715296	43.989204	19.769420	38.947874	39.191073	38.253960	39.076494	44.027135	28.291705	29.526818	39.980152	16.662773	33.853110	38.727509	10.562409	43.563692	41.985021	33.062379	34.913316	26.232855	37.461058	20.209190	42.594583	35.160800	43.445638	41.378659	41.409678	21.664441	30.148242	28.080128	22.490910	43.869415	42.703920	41.809111	35.565412	34.714462	43.992209	33.360861	32.748663	19.741676	37.669245	26.754734	31.726110	36.126160	43.911523	27.458607	41.304118	43.375986	43.654123	36.907654	38.329781	39.732088	42.898211	44.054941	41.179125	44.058846	34.257847	43.389132	10.467955	32.748598	44.046527	34.346309	30.755981	39.319217	43.944890	35.015626	37.053034	13.419360	30.879513	42.553141	40.586445	34.260029	41.216970	44.026532	26.989570	32.614117	31.778504	40.141572	38.943168	42.003936	41.069834	39.691565	43.743362	42.616556	12.987152
36.382512	17.131288	37.595821	42.845953	29.149893	39.918186	22.115552	40.428169	32.587764	13.260632	43.456596	36.858876	36.512103	31.235956	28.586207	34.068372	32.771425	38.453951	34.559928	43.471203	41.627778	37.021156	43.292070	32.406510	40.991823	38.691554	34.350153	40.724593	26.646428	41.950176	42.529888	33.746743	34.496881	39.545522	40.795181	28.511080	38.054229	43.488506	14.417523	40.540304	39.444145	10.223075	33.331613	35.755436	42.096253	26.252481	25.359333	38.474250	33.733338	39.964715	16.939625	35.139384	38.167654	37.257537	40.574179	34.117554	35.150048	32.395814	42.462498	38.907529	13.447152	24.980722	36.776515	27.244575	43.917179	38.633369	11.885057	17.086267	20.108530	27.524195	26.507996	42.360538	43.299452	34.960913	29.248389	42.438641	36.419528	40.165712	37.501275	36.283473	42.204217	31.275624	22.668001	13.077074	35.502113	32.524744	39.326616	40.670504	39.738816	31.596800	29.967259	28.870838	21.550572	41.010960	38.058386	39.927750	42.654419	36.404732	43.294725	34.623480	19.749758	34.575191
28.987013	42.534491	37.179584	41.906237	33.043156	42.616210	39.547435	27.013023	43.670217	41.809950	28.772971	33.706509	14.633864	40.111730	22.697039	42.668491	25.009784	32.750047	41.939197	27.497209	17.708507	38.773983	43.656017	42.989371	30.284398	27.272727	29.298937	26.884574	43.858043	39.829093	37.855349	37.288880	28.595844	21.621089	42.951059	25.033605	38.231211	18.938981	40.947057	42.650058	39.658916	35.987389	42.845823	33.244044	38.244833	23.896986	30.138830	19.267589	32.136132	22.277706	28.844896	42.193556	36.790711	25.726996	39.575513	22.421419	40.698516	17.951891	17.148710	29.564881	30.011079	43.899737	33.910473	43.484129	20.191504	36.985810	40.066519	40.830702	40.700477	34.209591	43.043624	42.504992	40.893363	42.442047	43.531752	26.709705	43.638627	38.736675	38.849728	17.166173	24.702943	32.858689	39.834877	37.553904	36.379596	42.578115	33.046019	35.726973	35.618184	28.749039	23.691183	39.561163	37.369999	43.988049	39.455653	33.081920	38.769474	13.813955	32.076311	28.713400	39.929844	26.735838
43.407709	33.496725	38.701050	20.449155	43.252250	31.413990	10.776813	10.189320	39.091929	34.495905	39.227635	31.860788	42.226646	42.676155	40.760612	43.369917	35.010789	43.948164	35.660757	42.736939	41.866799	41.929773	36.000137	24.659308	37.276591	36.920654	41.485717	44.032179	43.570531	38.794080	28.835151	39.540437	34.983432	14.501094	40.139175	39.092641	22.711542	30.662334	42.055050	32.485295	30.135176	39.730180	31.061084	27.770231	43.429977	43.138060	41.498758	43.161756	16.553182	43.185430	43.612995	44.028313	29.552776	43.547963	44.000015	29.314918	43.248217	42.248264	35.530340	26.480079	39.446818	32.121303	42.277385	41.478302	35.710504	38.230660	27.032919	42.608726	36.715687	43.044235	29.801752	40.314696	40.230840	42.174878	40.038208	35.920824	39.211865	31.616239	16.573929	37.630762	20.634712	41.424622	43.643332	39.889367	39.606263	27.496100	31.320442	34.879146	40.937200	22.595567	37.959652	43.556089	41.007613	41.874158	37.651678	42.541843	30.494206	35.630718	37.970718	35.095017	40.873068	33.610106
38.959965	43.193546	34.448306	35.976191	36.551657	43.522466	40.037238	38.960424	35.486444	39.953891	40.474646	37.026816	38.208675	42.002057	34.979021	43.991531	39.307916	43.831246	38.268707	22.742645	32.028273	41.094903	39.456160	42.629988	37.036924	28.981605	29.490384	43.924461	24.503670	24.835447	36.933283	40.366782	42.935964	41.095610	43.911160	33.670578	26.574139	40.161738	42.014413	31.628440	29.963064	32.548744	24.627481	43.776008	39.982336	31.156950	22.009167	42.245163	30.315766	37.480623	44.015395	43.098805	37.986307	21.586421	40.930804	34.516774	44.030524	34.068964	34.047862	34.175091	34.198773	28.920378	42.926449	32.309415	34.674538	39.970803	39.611309	29.639677	28.950759	38.008957	30.740402	38.115176	27.761969	36.027576	41.472955	23.542745	41.101673	40.612435	36.149662	42.837443	36.274238	43.889236	31.465364	34.272962	31.544513	32.710043	43.892004	40.482749	38.970361	43.004507	35.011335	40.640224	37.868296	41.829691	22.521944	33.709766	40.686742	29.714733	42.792757	41.266961	24.796769	42.291471
38.539096	40.990665	26.783869	33.262948	39.955076	43.913117	33.625158	43.927628	41.221883	17.718615	41.772673	33.895149	36.066275	43.229133	35.033008	36.878740	41.621305	37.738420	42.494163	42.774259	44.030635	41.838984	22.318056	29.524427	31.775654	43.268856	43.572364	34.272572	31.246369	36.225674	38.830292	30.275246	42.028572	20.662723	38.873180	28.286207	29.364563	32.214819	37.487005	43.953964	26.392000	42.801226	36.370145	23.168189	40.705351	31.968567	39.813192	20.041533	43.922419	32.766383	31.040140	32.930236	34.044358	32.245105	27.448199	41.261429	35.763053	32.337546	27.545187	42.521861	27.502187	42.575975	32.946740	24.431091	39.736094	35.603073	31.710439	38.019786	44.031111	31.895368	42.179813	41.967791	14.330919	39.113648	25.185650	26.419087	43.643139	42.870946	22.104673	19.192401	38.893016	43.059095	43.333734	35.638574	34.873637	34.904314	40.363677	42.351551	38.877111	40.547746	20.180719	43.801313	40.103331	24.409569	34.895236	39.198461	41.662662	36.308872	34.524315	41.862386	42.440606	40.065417
37.848186	38.659042	41.954982	43.943313	38.540872	35.773852	41.054665	41.113071	43.568235	32.270464	33.510948	40.384832	36.557705	22.758663	26.842949	38.396797	20.031581	31.861835	36.187533	35.197969	37.987239	31.817167	37.641007	19.116639	36.113846	33.234978	36.153908	18.078748	39.231391	40.066848	25.916613	43.754714	41.710348	30.736768	31.308926	34.362850	15.592115	33.123056	22.289264	15.292922	40.305140	12.098142	32.369195	14.939035	37.131045	35.460236	15.802828	27.330501	31.364866	41.558707	40.513679	40.411873	40.817344	22.044959	41.760023	19.044381	31.487789	32.061867	39.748061	37.161952	36.150501	18.849918	36.699853	30.387796	44.028827	23.119500	34.444456	28.039639	35.630252	42.609135	25.508462	34.229116	30.071620	40.677545	43.703397	17.647213	41.661206	39.824094	29.084558	40.952542	24.885381	34.099882	20.451649	37.844476	29.631519	40.937342	39.000317	36.792308	28.264579	28.335560	42.048079	43.473978	24.229347	39.460206	18.632381	17.014551	33.841804	43.824870	42.796948	37.350732	31.703692	12.834095
25.002146	42.863193	25.353497	15.456668	42.390730	35.784840	36.809266	14.871012	44.001137	20.038435	43.418031	26.853799	37.302541	42.833405	41.837624	33.359557	43.869599	34.874233	27.536196	42.961497	36.633772	28.213670	41.781201	40.211473	27.767538	43.969712	36.677843	32.509529	23.951246	34.746410	36.403290	41.606785	17.199881	40.540958	38.652612	40.781512	39.459607	43.368498	42.946010	26.770975	20.564764	34.224868	41.570515	39.806970	38.556380	43.248537	43.471953	36.929204	37.895221	36.889209	33.730108	26.711092	37.831804	24.175012	41.712307	43.146228	42.642375	36.101027	21.943835	41.491867	39.046631	38.742097	43.918887	43.596854	40.662127	34.440011	44.018680	37.875893	32.990389	20.860082	36.021557	27.670732	41.355449	27.908000	43.272917	40.722316	24.753335	33.586142	38.235368	27.709668	21.786309	42.665391	36.653940	38.136238	37.579090	28.517512	24.963626	41.651936	21.528067	38.975077	37.408880	39.384585	35.123479	43.403752	38.977127	37.463318	22.728405	41.223336	30.707568	35.252095	38.279815	43.103648
40.320520	32.389966	43.935508	38.458282	29.261582	38.148617	28.738891	40.127898	43.080493	40.973695	39.579078	43.701259	42.074478	30.096251	28.206488	42.266004	40.050940	41.477706	41.837362	34.440740	31.740870	41.208900	41.845050	36.172453	29.440111	28.575337	42.307020	26.125528	36.617542	18.574670	38.260058	42.989849	43.388333	42.596739	43.762053	36.135335	27.715441	41.286864	41.834754	31.935854	43.786409	37.063242	31.110837	21.624060	25.571275	43.797992	42.638701	31.193656	32.487093	27.410198	31.083966	28.819694	41.181849	40.561934	39.958527	41.085496	33.639423	42.896980	43.695432	35.389791	40.689252	30.295677	28.979530	42.622615	29.847061	43.309392	41.876409	43.344028	36.616806	26.921762	43.011222	40.058913	39.984419	40.382717	44.054616	29.666149	43.572406	16.544281	33.523399	32.134569	33.165377	19.845896	20.548126	42.279229	39.181469	42.880648	27.163540	34.646180	37.694136	37.374383	30.264255	30.373382	22.672895	39.314662	37.582062	24.812176	28.239770	37.411931	43.212282	20.735855	21.310741	36.412955
32.868895	19.562932	42.500472	40.780620	40.513121	26.179461	44.004532	29.190538	31.314084	33.374233	30.976321	38.879813	20.226225	36.335423	41.942042	22.396930	43.791647	40.978474	28.364804	28.088743	39.222064	38.099860	35.119277	44.034773	41.114327	35.246624	36.269879	37.498573	32.424910	36.335409	43.009801	14.908995	40.521749	17.193942	35.966005	23.369300	32.366483	34.336936	34.397257	38.805554	42.945723	36.970398	15.183935	39.491297	22.792043	43.979074	38.562900	39.799807	22.866402	40.300324	43.921851	43.686160	36.966101	41.087187	39.370334	43.748505	40.685574	42.669054	40.796477	40.975690	23.844089	39.410148	39.244762	34.522880	43.660048	34.041187	43.035955	37.922401	39.683168	26.155643	34.358462	31.197283	38.296393	28.818268	30.195508	24.731177	43.072890	43.495202	38.912671	43.442749	27.157844	11.576914	38.191033	43.901782	40.172989	22.673396	19.344592	28.524241	38.653356	38.730642	36.075704	42.648019	43.111464	41.909297	40.059287	42.463411	39.751159	42.209938	43.434320	38.890742	23.330887	21.824072
34.569881	42.640679	42.451590	39.649775	34.898450	43.139472	43.768397	41.107442	42.216799	43.092758	43.828222	16.025249	17.052551	41.793782	27.047383	42.661357	21.581007	32.208502	38.753515	33.977595	44.058136	40.687886	33.404404	34.690805	35.872363	42.757303	35.201450	44.034045	32.728423	41.668718	43.795031	36.180801	40.219667	39.573655	36.109654	37.191250	40.483780	26.589130	40.857617	29.390197	15.926546	42.474522	40.210530	33.062413	41.334710	41.699547	37.921698	39.993761	31.437063	34.575089	40.464416	38.932662	24.935313	39.800635	35.964576	35.596039	15.204834	24.485186	38.911890	13.630286	43.766046	38.998936	40.576736	25.891559	26.475880	15.660102	41.111276	33.133656	34.059905	30.773317	39.693930	43.742558	42.353031	40.128238	27.092747	42.641991	40.332812	37.923925	41.697488	39.593676	43.668063	36.615298	26.635255	20.320224	43.789521	38.121070	19.576819	36.908003	31.866307	39.506365	43.133623	34.425423	32.732920	32.526878	35.329814	42.844517	34.869417	38.238197	35.259467	39.316290	37.701327	40.569969
43.557871	44.033950	42.567915	41.202532	32.416160	27.762583	42.660784	41.676642	39.859673	41.376012	24.404713	41.910115	41.604913	43.686322	29.618524	27.330837	37.050994	39.543120	28.737194	29.779741	34.638896	43.698619	24.845438	41.325448	40.660907	36.915207	39.184702	32.105498	27.736857	36.498983	27.044648	36.760736	43.131482	43.637966	20.177717	28.597493	13.978512	24.586090	33.542421	40.752858	42.172262	30.996786	38.465623	31.404356	39.863804	43.620270	42.194934	37.259196	42.754241	24.078277	42.274773	42.365402	34.126343	28.224823	39.413450	38.811496	34.315159	43.125962	41.469910	31.731010	26.712763	31.072254	41.958339	41.604692	39.097539	30.963603	41.987757	26.593609	43.488323	37.684655	42.431694	25.731192	37.661433	34.275312	39.568561	30.809134	33.085532	39.195347	43.918249	39.015331	28.306766	41.587000	38.082178	40.792643	43.481325	34.099943	25.350387	37.170379	34.550969	43.949536	32.310021	43.567220	10.958409	44.001332	43.863124	35.578783	43.794905	15.237006	40.388771	43.792156	43.124517	39.677691
39.730980	24.216987	36.680140	37.088503	44.038245	36.698184	42.779066	35.520997	40.413631	34.789492	15.514614	29.407068	39.709713	33.120187	24.745161	40.156971	34.455934	35.245905	31.653199	30.255924	44.000344	30.173728	41.714481	18.743895	29.672234	17.457430	28.974425	28.525367	43.042906	43.506017	28.503092	41.145646	40.111044	38.229494	30.133645	39.213175	42.408083	43.799354	38.291382	19.125573	41.405879	41.432179	36.283972	33.511282	35.510972	44.052509	43.763483	31.639884	28.906673	40.077413	30.366906	32.017034	43.177852	34.378699	24.144180	42.506549	31.106557	43.439744	41.392624	42.920671	35.900408	39.288796	40.289914	42.732846	39.034699	42.498056	43.658084	37.561927	41.901103	38.562185	30.481047	32.402269	43.085072	42.756757	42.822185	43.930956	43.300384	43.510699	42.950607	33.504937	22.411029	38.112947	28.642489	35.603059	32.926647	32.933922	43.589753	37.131300	35.973465	39.146616	24.299081	36.313048	14.042498	43.381549	42.496957	40.854891	38.930817	32.218557	38.925193	42.515849	37.927334	43.789910
37.087766	41.338386	41.956847	33.678804	41.361681	33.289272	16.475148	21.770086	41.595779	32.241752	28.841062	39.069652	43.528586	40.412214	43.815585	41.957707	38.638332	32.794225	16.327353	30.736650	41.116412	21.565262	37.131976	40.163150	35.375439	30.247733	43.495333	43.694305	42.095396	39.421482	26.082428	43.119074	31.582956	35.706834	35.467596	39.744580	32.692801	28.665114	41.147479	27.301248	43.574221	43.640344	42.620780	33.853098	18.247328	42.394914	40.662460	40.300832	42.725189	27.887627	27.559259	27.991353	40.856703	19.010495	19.059831	38.282917	42.592787	35.774524	43.389247	18.746914	43.768190	39.636982	31.091669	37.206576	37.586965	30.026170	43.971346	41.323125	38.378104	14.276972	43.935604	43.036805	19.299151	39.246631	36.550036	37.864870	15.384971	28.366469	41.385591	41.321551	42.428638	35.607442	32.632372	39.996109	35.423696	44.017465	42.207165	40.471759	37.418375	21.178141	36.856858	41.034889	42.674031	40.321486	34.450730	15.865453	42.806552	37.650758	25.319253	18.113155	42.067086	40.926948
22.669779	42.666214	33.549584	42.044728	42.639880	41.231520	18.704558	40.054757	31.230535	31.041678	44.054321	30.545664	25.788697	26.384757	33.463227	32.024353	40.678179	30.670127	21.220907	34.516661	32.977213	43.078292	25.187201	40.016120	42.929508	43.529172	28.505165	43.469221	42.405835	34.455024	36.282045	37.794234	22.645776	43.987730	34.493094	31.784835	43.411621	35.231702	38.922726	38.181045	23.738588	43.688427	40.596388	43.969170	26.886776	35.877604	35.176035	37.159057	24.441559	41.483993	25.247599	41.294418	22.645518	28.942698	42.103891	24.268448	30.917862	41.184737	33.527591	29.735389	41.918590	33.334416	41.873723	38.912263	40.598155	43.639794	39.642527	39.370299	29.815000	9.205593	17.062885	33.210292	41.299406	25.324558	35.306806	31.093838	43.270698	40.696903	29.720716	43.524815	33.717243	35.316053	27.668949	30.383157	41.568455	38.274457	40.295551	40.475151	34.694619	25.684846	43.663977	35.184954	42.645665	26.759729	31.448337	41.079919	33.018804	40.874926	37.188131	27.432161	25.373599	40.446868
42.870620	41.628783	43.544081	43.565933	34.134947	26.471948	36.192494	38.473085	31.102843	43.777323	35.284559	29.268591	15.464871	34.407118	32.891522	31.252953	38.422971	42.492736	29.407090	40.733434	43.767095	34.716275	42.122922	24.089226	23.154050	41.092536	33.766616	13.234996	29.700996	43.425785	43.098988	39.664151	27.337108	38.700473	40.537287	41.750364	43.188151	22.710023	41.128112	43.383538	42.776069	37.742967	31.642114	22.902303	27.677296	42.970860	43.546352	40.494436	40.431100	43.775138	25.621949	43.701093	42.621632	42.777142	43.346115	41.609307	22.373245	34.205069	32.952438	40.624840	33.871570	27.552152	25.842984	42.455831	41.579885	43.693475	37.215851	40.133832	33.756880	42.592596	36.609496	43.711940	27.973337	43.940970	42.592725	20.461709	40.448030	41.913189	35.686635	33.503818	41.176715	28.483286	30.556067	17.026476	43.637774	37.937650	14.699228	18.680338	34.956453	14.081133	34.725967	37.305504	30.090279	30.624027	20.819751	22.476865	36.344129	40.765902	43.994080	35.612030	39.337044	43.654617
37.201894	43.277817	37.712947	34.339888	40.915334	40.704840	25.314382	31.978455	35.201000	43.720371	43.378975	32.702955	37.016013	43.522527	34.573474	41.944608	14.240228	41.567750	43.816206	42.269711	42.330151	36.844107	43.792953	21.016209	39.655388	43.975049	38.774891	43.693798	42.189960	35.821512	40.297288	36.754078	35.846018	41.920628	35.122770	37.653348	36.243325	31.153767	16.486010	40.299366	25.360675	37.937089	43.913346	18.868545	38.343584	42.350062	28.809149	23.281249	34.279931	41.142627	37.143846	43.563158	13.036080	40.234382	43.198618	37.764352	19.599781	40.958188	41.417210	26.459900	41.516923	37.934181	41.639399	37.109896	32.265364	27.988330	25.179963	36.969378	44.026741	30.120164	17.894561	42.218123	37.673115	40.656408	13.904747	40.151830	41.104449	40.613764	24.079236	39.606333	22.362666	29.838481	27.866651	21.828315	43.835309	43.602581	41.723785	40.648556	36.092471	29.540284	42.933307	41.206382	22.292021	34.786970	43.716313	28.796850	43.794527	34.581235	23.669203	42.400648	29.619206	38.511093
42.845732	42.847446	28.331461	41.139318	23.322673	37.966339	34.833002	35.240758	35.058781	43.761841	43.337124	42.990009	38.122373	43.703511	24.084197	30.990099	35.063593	24.080614	36.615000	42.656989	13.668111	42.118191	38.087991	41.243577	29.226602	43.411400	43.924135	35.621358	37.108426	21.909121	31.077858	42.638664	35.045404	24.649670	37.194234	34.498262	42.311215	42.916994	42.807994	42.764172	40.216518	34.833637	41.044486	35.183462	43.405777	39.971384	33.881685	33.480881	32.136936	24.370765	42.974829	38.415444	29.143157	26.497004	39.860194	33.249902	43.359960	32.499734	36.337494	38.824477	39.920338	41.951903	41.965683	41.062843	37.553281	15.513879	40.140339	43.816584	30.469548	38.411574	34.859409	42.050786	43.109038	41.561562	40.595598	28.095519	38.634559	43.921141	31.858036	43.695606	39.754726	16.833154	37.960298	42.582044	42.489886	37.791017	33.918603	39.935593	33.612121	39.109933	18.300675	34.289225	36.477289	37.717601	27.699681	35.297578	37.974758	43.509250	22.418833	29.552617	31.871492	37.915348
21.793727	34.204153	33.003006	15.828932	31.298342	37.691226	30.697934	40.193051	36.109842	40.231543	40.220773	43.122900	40.186532	40.980311	33.451893	15.359727	32.143994	43.809459	28.808616	23.369859	27.392521	41.007776	40.133855	41.579014	42.650238	43.619142	37.681291	43.363709	26.772081	41.264735	38.204090	33.473116	28.915279	43.855616	39.073358	35.198327	38.393613	43.603868	41.278806	37.701969	38.697294	38.539041	38.701457	37.166970	35.203761	38.211584	37.237493	39.289245	30.171209	43.315274	40.947445	40.932608	34.694008	42.521922	13.600784	28.485726	41.895214	37.990882	33.115169	17.728679	25.962624	43.753668	41.725728	43.333323	37.030316	29.958148	40.866190	40.821323	34.192906	41.072311	38.952497	42.483050	38.018172	42.480922	33.849072	43.497105	40.349620	42.636998	40.033181	39.769116	42.668326	43.994733	20.389915	36.522284	32.878929	42.319723	43.027268	24.773858	40.646415	33.051933	42.597813	38.056975	39.375258	32.513123	16.356207	44.043496	35.026538	40.407260	25.310123	42.961306	43.814193	37.180870
32.180029	43.862669	33.338402	41.981853	41.680281	29.243952	30.395087	21.406217	37.619279	40.958953	33.316022	39.883675	22.392685	41.385484	39.316964	42.450144	34.087969	29.934450	43.929303	34.509138	43.039986	21.634279	24.266237	42.234103	38.918328	31.576985	36.448641	24.927693	43.904430	39.109962	34.079973	39.617245	32.545902	42.303826	39.145120	23.054071	41.909571	35.865414	13.478989	21.152788	26.060547	27.065835	42.411286	43.089876	28.976055	43.358836	42.360910	43.994123	22.368303	43.458626	26.632822	42.380167	31.633974	27.080781	34.215582	38.269880	30.304479	39.891424	41.121407	41.350054	35.244308	26.718154	25.865721	39.711755	43.346516	35.167737	30.229987	30.089377	40.923202	40.685592	23.857232	37.898739	32.414510	23.476166	21.754361	40.589805	42.083990	42.385557	36.517469	34.786072	26.073971	30.359072	25.979671	42.187457	35.992084	28.802292	40.969888	38.077598	41.472747	43.356176	35.585554	38.584227	34.895310	40.907745	39.777542	40.916438	32.403808	29.484770	21.939776	40.628560	23.896088	43.951096
27.568785	21.565274	32.588096	32.584914	29.988802	42.136151	21.157188	14.065110	16.307817	44.019393	32.649276	40.618710	17.868880	26.820915	25.284409	25.049300	40.321648	36.311045	40.846919	44.048393	15.865879	35.567497	34.839144	25.388795	32.934816	32.945410	36.556053	31.813350	38.716787	41.680168	26.513606	41.024150	27.849508	31.856806	41.510668	22.032646	31.842280	37.749468	43.269497	42.385528	36.490414	36.722590	36.409888	34.515398	36.329606	41.949180	32.660997	31.714522	19.965411	38.954058	22.879270	16.537433	28.228012	40.539631	39.503751	41.772985	40.018784	25.752184	41.018575	34.523053	35.152091	40.509706	38.390117	26.634737	34.095579	24.059612	40.371693	23.135007	36.504776	43.170723	43.871457	34.697621	38.825146	37.293539	12.319559	41.566355	43.507938	43.850433	40.249238	29.887885	36.707150	38.453916	38.496422	31.318084	43.666980	41.903293	41.689386	41.992355	43.619395	34.749946	40.839698	40.473701	42.621030	37.443184	27.020120	18.657708	44.027042	33.137059	10.408591	43.398765	32.094936	30.810605
35.828790	18.818582	43.456445	33.123572	38.563264	20.342469	39.090271	37.884798	42.764803	25.786770	26.266212	37.471298	36.617696	39.122859	21.768074	33.908641	30.369981	42.044756	32.191433	42.325245	37.071497	20.596125	39.142857	36.202883	19.659897	43.917909	34.776444	31.276324	42.358244	25.737141	35.021426	36.229521	30.735042	42.118294	31.417404	37.490701	38.728609	41.569936	26.945647	26.460203	33.312686	35.256836	34.876211	43.575866	38.348026	40.158403	43.464228	42.680265	26.688049	39.230200	34.335822	40.731780	42.396510	43.652238	26.747372	43.907587	31.713237	20.200644	36.557844	38.705605	37.193859	39.093314	43.223580	43.993497	31.628804	41.809161	37.641298	39.968272	43.882722	37.996798	30.044227	20.105468	27.982560	39.846989	43.073137	38.524602	43.853178	37.398281	28.871272	43.432006	20.678630	34.434953	13.880031	29.580719	33.905196	40.461876	38.765519	29.116307	36.224324	43.556159	31.205974	25.304865	42.026215	15.105432	43.911472	36.111841	38.590324	36.701432	40.937856	14.257208	42.261177	26.346610
41.094426	43.707387	42.892954	38.822451	41.158176	35.072589	34.261971	35.274876	37.012396	43.709142	14.068568	34.755012	42.968206	16.910131	43.280049	17.568705	40.365823	42.533266	34.302786	42.449836	39.330756	27.865980	29.976187	36.430256	41.363484	40.979277	24.484852	13.028664	42.743514	40.624996	44.058337	43.786078	36.307998	20.594211	22.077516	25.785343	36.803734	35.552019	44.054153	43.349540	40.310807	42.723516	42.813601	41.724339	24.292317	19.764860	39.142398	36.107669	35.420050	36.731820	15.058579	41.598891	42.474473	42.328002	30.816648	34.702112	28.349765	30.880681	37.015807	42.832955	26.656331	43.361093	24.879456	25.831927	30.150714	44.022427	37.814067	26.168427	35.604873	24.742872	43.770308	18.109418	16.600895	27.187411	42.003328	24.195593	42.158875	37.937541	41.737538	39.253696	27.511108	33.110035	25.924847	43.390348	39.201423	43.809074	37.510882	29.026440	38.210516	30.296861	40.143861	43.979986	43.226670	42.182674	27.933730	27.270494	40.039993	42.694553	34.064858	43.068346	28.675974	30.849109
33.150067	36.848805	43.745829	37.333362	43.882088	30.125048	43.210104	26.414269	38.106036	20.136984	41.958320	38.071455	35.979659	37.664780	40.050855	27.124512	43.803742	40.040653	29.032558	43.720840	38.422342	43.992059	43.395320	14.673107	40.998534	24.529006	36.341171	34.886596	32.920202	32.140658	35.715245	35.746553	43.805318	36.741441	30.332998	43.570221	31.720395	33.117549	40.590650	41.225965	28.000963	25.294727	42.092684	43.928109	40.052301	39.052721	43.764718	19.412009	39.864288	31.475327	20.769077	42.485897	30.717914	40.029629	34.056574	41.913091	37.329614	40.810489	31.711927	40.096360	25.375434	20.272968	28.632485	38.653558	26.486617	25.393308	31.167971	34.711824	27.204934	37.404107	26.853196	32.782699	36.571870	35.536710	39.123458	27.618048	42.867901	43.583207	28.556765	42.295972	42.706401	43.607603	44.016111	37.418488	25.312103	31.721304	42.692036	20.988128	42.479032	34.018874	31.341420	42.281668	15.907988	40.735771	35.689099	32.432421	43.178110	37.750288	42.611775	39.193129	44.046128	39.776816
33.269125	28.317714	43.944714	34.905036	42.005610	43.049138	29.083983	40.913557	33.557473	42.453043	14.928936	42.214535	41.204938	36.463125	34.565662	41.250432	20.766710	43.808246	26.977811	26.030769	27.765870	38.424471	39.321630	37.215494	43.986966	23.232270	35.455881	38.308763	35.692642	28.387130	40.384944	43.813344	40.401811	32.215929	39.115446	30.817331	37.873527	43.307136	31.495497	37.508574	32.017936	35.621522	40.574114	30.125290	28.864952	43.125337	31.023660	39.687006	43.515305	40.004190	34.996545	29.317559	31.369191	41.862122	30.233325	17.332762	38.774107	39.002355	30.897090	16.423901	40.199352	42.075423	38.946789	43.694952	42.641486	24.314950	21.731018	37.005713	37.794282	26.373874	37.769993	32.010475	40.151990	42.274884	33.990654	20.677671	40.910063	30.356327	34.114783	42.221409	43.760870	43.235499	16.171911	37.911687	42.211829	34.539161	40.951291	39.418988	35.794356	39.552047	41.573597	36.814296	25.041365	38.414838	42.742872	37.247403	38.062600	38.352759	38.340512	26.972508	32.117071	32.207148
37.057272	39.395961	35.192355	24.979671	34.588761	18.640890	11.874268	39.046821	31.314742	41.269471	35.242070	34.572571	32.987108	16.909754	43.093006	22.132449	35.629067	33.646251	35.615155	29.356327	30.421139	42.774289	23.080380	41.924552	43.796084	25.564119	44.041292	41.920716	31.135757	30.960245	38.735655	12.087910	41.904238	12.757745	35.791457	40.263398	25.608158	42.739574	40.569276	39.051683	33.157346	40.455507	34.945861	43.936307	41.818028	37.874625	40.718064	22.955507	30.479965	31.188449	31.970406	31.931274	41.990449	41.299988	33.780269	32.011984	42.045939	26.949886	16.539873	10.959828	28.430117	37.890596	36.095957	43.775536	14.234387	12.377325	29.517810	44.028047	43.154199	43.775911	37.409532	26.331865	32.267097	22.829981	43.488975	23.606245	43.991988	39.793886	41.639980	39.972249	37.935013	41.998313	44.057597	43.389886	31.582678	29.525563	43.557007	33.138195	16.263348	38.070759	42.161796	37.662181	14.262126	20.336895	39.875638	44.015651	39.408720	39.915945	39.411760	17.404306	31.033372	31.471307
20.217323	36.099389	41.288691	41.605178	35.971089	43.284330	36.810999	42.332516	40.588719	43.797126	18.802657	33.379356	42.675064	37.962721	34.127893	43.919323	34.542405	43.013607	30.686290	36.356664	39.760687	39.961468	41.526333	31.617845	31.243306	43.484536	39.131755	28.790346	40.455974	38.076949	41.891208	32.960527	39.206999	36.964080	31.321983	43.345522	42.909073	23.327128	15.737274	43.800848	29.586529	30.455708	25.834383	38.092499	33.905767	30.872826	36.161024	34.380910	39.642830	43.766515	43.226152	42.817890	43.170144	34.208248	43.461146	22.464790	42.949370	40.164238	43.994970	19.607312	42.359291	43.651010	43.320781	20.235664	29.117017	24.919475	42.351331	43.976264	28.032290	42.950833	25.906420	26.547973	36.123505	42.889086	28.020285	36.496350	30.492565	33.606571	42.269300	28.376192	23.003300	12.240124	33.740268	26.112550	41.446013	35.220389	31.457333	19.812246	28.292753	23.836120	43.754582	44.027089	36.265619	39.378477	40.795881	34.372120	37.096116	34.356257	42.021829	34.468006	43.524188	40.356140
43.152237	22.759017	43.978837	38.154457	20.151191	35.689866	30.588327	29.082969	11.328763	42.803976	36.115876	29.507973	43.295579	33.276993	13.760028	27.881873	32.175596	42.756269	42.044983	31.533164	31.884604	33.203766	37.157796	34.847961	16.330070	32.888043	44.049323	41.398709	44.043560	42.253853	33.228332	36.603857	37.250438	36.810349	33.985921	30.590387	36.283297	18.587639	41.170043	39.127261	42.250553	40.803336	33.020571	43.413259	39.510460	35.706124	36.603195	40.777161	34.980741	21.847020	39.230411	32.109530	27.366573	26.259547	43.605629	43.991330	41.006445	43.481377	40.624467	29.823483	36.244671	41.718801	40.954270	37.278423	31.201586	41.706804	26.669005	23.302832	31.747174	23.803905	42.076603	36.197566	12.690973	37.252099	27.198170	40.074800	44.045078	17.980280	33.031344	19.245777	39.349405	34.575629	41.762733	41.842513	17.915355	37.090714	40.643783	31.639772	41.047447	43.009501	44.029558	40.881087	23.459125	14.861640	39.103643	29.065129	43.214746	36.413207	35.159834	34.938309	34.399680	44.059390
43.326498	26.416166	42.149717	44.007183	42.290095	30.829311	43.945005	39.900000	41.896803	39.564627	18.427465	26.219964	35.057427	39.971339	43.185212	24.278061	37.922908	43.556941	38.696980	39.676107	40.441719	40.416744	26.326619	41.976629	42.715476	42.556279	33.350749	43.120450	39.130068	43.559838	44.058181	15.482146	32.303448	24.996873	23.217873	23.896985	42.384210	38.709149	42.693047	35.435016	43.100863	41.839552	40.201134	28.857446	43.478398	17.026998	37.675444	35.660648	38.628694	34.111142	33.219140	42.702067	30.591627	35.911244	32.780333	30.778862	40.366436	24.435919	28.060942	36.874372	41.364580	33.623601	36.604779	38.895340	37.960638	33.860166	27.472426	38.459807	32.584089	43.618333	34.870507	40.055871	43.385062	39.300875	41.053420	43.892746	40.220064	35.876931	41.990154	43.991746	42.669524	40.140773	42.788265	43.039679	37.813364	35.288137	35.332095	39.895057	24.332382	27.298403	39.231033	15.293537	37.957260	42.086459	22.607755	41.767221	41.754882	22.885533	38.030122	44.017447	37.076882	31.604775
28.592634	29.489430	34.045702	41.863078	43.964979	43.504385	34.927614	42.845270	34.135674	24.401374	40.528915	32.006161	35.989128	37.773136	44.010201	43.636267	34.770445	43.994236	40.351088	41.575122	33.410295	34.027201	26.267244	41.130737	22.645680	41.850820	37.641130	29.296564	33.841068	43.720258	25.558182	23.126762	29.840238	11.267211	39.602907	43.200613	36.934502	17.296954	26.363334	31.173968	43.999276	39.473998	34.650016	34.767295	42.516316	34.033656	37.230390	37.614556	42.891500	38.123129	38.172144	42.448237	39.508173	40.363396	31.038537	28.812219	31.597317	38.479833	27.734620	22.252405	43.769673	41.852208	43.500500	43.253997	38.132916	36.701278	17.194825	34.465698	43.399293	31.304004	34.826037	43.366746	37.669171	23.795555	34.035407	24.223277	16.933505	43.931471	42.951314	29.247669	39.490747	32.602765	43.835673	37.340837	43.972672	36.391758	40.794511	35.197835	20.905920	22.267990	42.680551	26.170145	42.193139	43.309065	34.600348	19.743833	31.770679	32.611198	37.349639	32.158434	42.305125	43.528598
22.421176	42.696288	42.177832	24.439378	34.149956	43.615093	43.698291	40.752654	13.961117	43.024607	31.931639	27.134337	39.019202	43.718273	30.378076	41.123569	30.301317	43.472714	42.389215	17.864676	39.469297	40.965698	25.258742	34.000423	21.810449	28.387084	33.674470	35.772389	39.964312	20.602565	39.631113	21.939125	22.622313	28.031089	36.158732	41.086218	43.962557	40.094917	40.563046	44.016307	35.996565	39.340326	28.213159	43.710763	37.746635	43.758023	43.515784	38.418601	43.639729	30.604609	34.387129	29.806535	43.998567	42.657084	33.189903	34.130073	38.329195	38.323091	37.983511	37.947360	34.204144	32.313009	36.511162	43.356954	22.700060	37.959632	43.841109	34.198283	28.972714	42.247835	42.688282	34.556370	26.143594	36.420416	43.991918	19.854244	42.961400	40.611106	43.813129	24.709343	42.135670	42.415343	40.646924	42.683005	21.111514	38.827192	43.767038	43.883723	22.744843	43.509839	42.332570	43.621712	33.965869	29.546288	36.579860	40.600911	42.319425	28.381448	35.298682	42.548432	32.866513	43.989502
42.626332	40.080542	27.877484	23.727582	27.879850	42.152355	32.124208	39.954763	38.095964	35.233019	42.683809	41.998713	43.181530	34.592381	27.123028	27.357213	42.181500	40.775036	32.328849	34.676440	43.606249	34.947503	25.078938	31.995250	39.378261	43.558479	31.253723	42.434488	28.565287	43.838221	34.931716	43.641832	33.558484	20.343775	43.880972	30.736617	39.449061	34.182386	34.289374	14.502970	39.116369	34.660999	42.973290	22.703445	39.939741	43.825121	40.103116	42.398271	37.067144	42.185116	43.880390	40.192911	41.208421	42.990267	15.549159	33.758404	22.884869	40.439841	42.049201	33.158847	30.663626	39.579364	43.087754	41.913998	31.487206	41.890240	42.852110	43.689059	32.242584	43.277555	20.726978	43.924263	34.833403	30.953667	42.718883	38.126698	29.254953	42.485785	21.001680	30.164845	23.464300	35.454028	40.045285	43.630905	14.983065	30.085077	18.876455	33.806220	40.713216	28.018310	41.030971	19.447632	39.351481	37.050840	36.078684	43.647319	42.017615	33.323521	42.462778	26.451501	43.527353	37.536024
36.472328	42.321081	40.093087	26.246091	35.187581	38.126754	34.190427	33.939168	41.028921	42.563899	43.598063	11.124356	41.160415	43.563834	42.389661	43.701710	41.222493	43.464282	35.480181	38.122698	34.627408	40.584631	43.073119	43.809554	25.929046	40.413904	19.665237	27.161700	39.660962	18.083918	38.103793	40.167968	43.611050	29.783949	25.079778	36.765308	39.948445	43.084000	39.626096	43.542750	39.665215	43.482216	20.880644	39.918303	25.332635	43.293214	37.542032	29.411881	38.675066	23.038092	36.000725	41.489232	37.052911	36.856159	38.580105	40.250252	37.725511	37.644451	36.446425	25.208375	42.066805	43.471252	43.956003	31.541582	23.940624	28.443041	42.675851	42.110542	39.816051	25.613234	38.824615	32.680442	37.002066	20.362858	26.749369	42.484231	27.891637	33.827946	36.428722	39.331442	43.714413	43.488652	32.701612	38.195026	24.805071	30.330700	40.973914	41.954222	26.252304	34.418269	36.142532	19.155747	34.940258	29.376861	37.751309	33.060934	28.998168	28.561029	39.569154	41.268450	36.883928	43.367399
40.963184	41.868810	25.306497	43.604858	23.937935	24.204322	35.320491	14.803673	38.961598	35.218742	38.535688	31.625823	41.510987	38.299742	39.163174	39.268393	37.991894	35.198228	20.580256	41.592101	35.692654	40.732718	28.342799	34.421356	42.254216	41.777167	37.791914	31.083976	30.416761	43.509035	43.340528	37.633659	43.591373	39.918184	39.692254	36.028813	34.566942	34.121794	30.916217	41.657338	37.267616	43.943316	15.010385	35.759787	41.500966	17.776609	34.978105	31.275192	25.868641	43.828501	40.613851	42.494351	33.509887	41.474254	43.134914	38.993930	22.008489	33.980162	39.847951	42.650488	35.758868	43.677845	28.269218	37.912796	41.576577	39.750590	39.518271	41.650536	31.788501	35.954090	29.805476	42.081572	16.801698	42.149542	32.761375	31.296996	37.169353	35.807454	42.040894	30.169336	43.699964	43.814230	33.458791	43.537863	43.922347	31.507289	37.106932	39.108734	43.316355	36.309367	39.888787	42.025936	19.965143	38.389226	22.286653	41.115905	12.373909	37.162609	30.547026	35.833623	28.408353	10.484959
43.684885	37.703345	43.049043	32.305413	39.899960	41.978793	39.861934	41.225416	35.106324	33.409243	31.400908	41.742378	43.183656	33.263752	25.406748	38.233957	36.579258	28.461377	13.637691	43.602849	40.491342	43.420834	37.529891	40.273310	22.581471	42.942569	39.002402	40.083118	42.849646	29.142475	36.338625	43.499492	38.319356	31.523941	25.737905	30.434945	37.440181	37.939806	43.701014	34.613966	43.244160	28.920046	44.048271	40.038823	43.978695	41.857276	33.887806	40.897923	42.625799	42.330667	36.352628	21.587944	36.233964	42.265064	38.714115	37.310851	43.023148	32.250307	33.687790	33.557567	32.809118	42.239690	42.907568	35.871403	40.218015	40.157657	32.892240	41.816440	40.745568	42.998853	42.919692	43.328973	35.847626	36.046816	26.182620	43.686310	42.460834	29.323304	41.658927	38.649108	43.172228	41.616439	11.512057	23.761720	11.899022	29.778314	37.857101	28.185364	39.232694	43.273202	43.249226	42.738661	32.765693	43.013365	43.443082	36.392241	44.002178	42.022209	37.385110	20.766540	34.297656	33.005188
31.380423	43.779937	23.530308	38.532595	26.342602	29.608458	42.480831	19.760623	38.903128	20.044941	22.525885	42.613729	25.553040	27.767406	42.089809	22.574416	27.143111	41.821006	39.570734	36.834764	30.585171	38.329712	42.775204	39.385379	42.568609	35.727766	42.155939	36.734914	38.096968	42.734303	40.503685	32.847996	36.757865	42.563292	29.696512	42.324945	39.239926	43.334983	33.592135	42.780385	42.924572	34.590402	37.832726	38.302439	24.925415	35.809110	31.965996	43.642372	27.521943	35.021944	32.686714	38.822466	42.656990	21.025645	23.980961	29.503934	18.506164	31.941548	27.863402	40.514027	43.893037	33.327619	39.062498	20.010150	40.334790	33.000997	33.741318	40.503766	27.224443	43.888637	33.825700	37.116078	38.911150	37.740866	40.717237	39.106909	23.828171	41.969088	34.908032	22.730172	41.587375	40.388032	41.851785	36.360746	40.600779	40.467343	38.603448	20.809284	43.361848	34.221607	35.718281	16.287870	35.423709	40.256268	21.982272	33.926976	28.922015	38.805474	32.521971	35.376804	35.686049	32.280671
