17.363244	20.719317	20.919634	13.419028	19.799390	20.666850	19.635245	20.217425	19.138709	17.372274	16.294765	19.572374	18.101552	18.276996	17.080060	19.234735	17.343492	18.261735	21.042021	19.485660	13.689185	18.269083	14.121483	19.219398	12.326561	18.576178	20.339641	15.297475	14.620740	17.689295	20.310419	12.993524	20.889869	19.441000	19.892499	17.018877	20.653648	7.806407	17.305067	19.426157	20.081016	13.701838	18.364853	20.240104	17.366591	6.079375	14.166720	17.746190	14.646340	11.060526	17.919282	13.007251	20.673210	16.978392	20.362903	20.872784	8.905821	8.097431	5.238339	16.937415	19.403814	20.002770	15.772764	18.986370	13.058762	17.924587	16.734751	19.776002	13.093883	11.849804	18.358098	19.605656	18.746073	13.672023	12.827564	20.278651	21.036687	18.622920	18.463114	9.483910	13.389991	12.253662	16.146363	19.152623	18.738910	14.007249	19.300034	20.924234	19.836460	17.828812	16.902311	19.132608	21.013550	18.068186	14.274355	19.022617	17.342370	20.315295	19.392802	20.870979	17.799786	20.125888	15.649519	9.171989	17.405898	17.693569	8.997299	13.351684	17.079453	19.731779	9.572914	20.720629	18.893623	20.837068	19.609855	18.935809	21.018102	18.503156	19.652349	21.085604	11.762242	19.808317	14.571394	17.450647	15.461473	15.935866	20.839546	20.424009	18.188237	14.232711	18.965066	12.002453	20.833982	17.428253	20.235048	18.153729	15.250387	19.532935	20.987726	15.788800	17.139821	14.595045	20.249507	16.841662	19.639823	17.327474	17.187262	20.547098	14.622174	13.319113	16.242767	14.768594
20.205397	18.074976	20.120241	16.669112	12.244562	17.028131	20.600729	17.490000	17.044904	14.574417	15.219523	19.990635	11.718161	15.478737	20.822543	19.931782	18.471155	20.881159	10.955944	19.258326	20.369962	14.426882	18.652721	19.692706	20.582144	15.572264	16.978730	19.253535	17.647098	10.608447	20.495972	20.830758	16.127714	19.372413	8.382419	20.600211	16.456612	20.961683	20.397120	20.226719	17.322970	16.987012	11.206722	20.451091	20.432542	18.449803	20.560302	19.926322	15.514076	12.153753	10.888417	17.732915	20.409060	14.475903	17.874238	17.218812	17.956275	16.302887	15.141582	8.087730	13.155122	16.983223	19.261618	19.390525	11.227731	18.222656	20.389547	20.692816	20.942017	18.082580	6.941758	18.430527	21.137585	14.306471	16.351154	17.297723	18.296340	7.698367	21.127852	14.170861	9.855033	17.620400	17.532926	18.404352	13.364067	19.247940	21.045710	18.045044	9.706336	9.194759	11.803924	17.377425	19.854235	20.408380	15.978517	13.376986	17.651179	12.593118	19.185812	12.526280	20.852350	16.357507	20.578285	19.507537	17.857719	20.654504	17.823132	16.305863	9.478339	20.933662	4.716353	20.978612	20.659440	12.482910	20.510511	20.851109	18.548076	9.837009	16.152215	17.444259	21.031654	14.289391	21.107659	19.074418	16.868722	20.334030	12.143110	15.091733	16.083201	20.845239	17.095692	20.640747	16.543768	13.117144	13.507674	19.266286	20.779034	18.598305	12.495104	8.952357	18.766996	9.594829	17.575892	14.634400	16.103809	15.031603	17.909712	18.374860	19.262298	20.413837	18.569638	12.621698
17.702502	20.451982	19.204335	16.061001	19.243629	10.712131	18.788973	21.151167	19.247163	18.069482	16.023176	8.849944	20.938232	18.705780	16.127012	15.728655	20.347315	20.451096	18.920893	16.807744	18.901137	20.197568	20.529619	18.712639	17.164781	5.836428	17.366169	13.524901	14.556326	19.536617	12.483903	16.987827	17.716521	13.589826	20.020647	21.097758	19.052795	20.454219	20.888473	20.204375	11.638867	10.742517	18.556827	12.912891	20.009764	15.228474	8.934918	12.783071	19.123330	14.722645	20.676857	10.089932	18.151040	20.147012	15.539415	13.396735	20.285606	19.735317	11.787683	19.619298	19.657704	14.805003	16.805733	20.391316	20.660517	14.381980	20.847514	9.564312	12.989100	13.507428	19.423868	15.557527	20.927896	20.182171	20.005388	19.591179	19.456999	19.104961	16.951779	20.365067	20.053715	15.484262	19.135940	19.601221	18.931807	20.074347	12.614914	17.798551	19.205481	17.794884	20.247674	16.817722	7.188851	17.368722	17.501624	20.903432	18.267123	14.928689	8.003019	17.398969	21.064801	19.339885	15.200040	20.866871	18.989668	15.191598	19.198817	18.027144	16.879581	21.098338	20.918946	19.171705	20.571620	14.159368	10.394473	9.732274	17.267638	20.252426	13.591786	19.867144	8.341151	20.287325	12.461599	14.982167	19.456866	18.063862	20.291797	13.501089	16.913218	14.592811	13.153246	21.033897	19.388450	21.122795	21.096644	19.734685	19.635144	13.333561	15.268210	18.626133	21.028647	20.423245	8.123224	18.696551	17.845985	17.080699	19.348381	13.594990	21.114695	17.271477	7.963576	13.782790
16.463112	20.704378	19.793573	17.072969	20.271809	12.165678	13.895206	18.890873	17.250893	10.787244	8.606351	10.952528	21.136163	20.553129	20.631179	12.289161	11.211841	16.160726	14.675635	11.907309	21.068064	20.108542	19.254440	20.896749	20.934940	20.819069	20.186636	18.805055	11.653815	13.479524	12.317690	19.476104	19.177098	17.615301	18.825019	17.205223	19.977656	8.553879	19.741098	20.876374	17.326820	16.434821	14.529040	18.815370	21.038101	17.656693	17.298846	19.268432	20.365017	20.617962	16.053088	21.132619	20.901730	12.114539	8.304040	18.954535	14.532126	15.006290	12.373879	20.845645	16.225690	14.759697	19.958099	17.486597	18.483650	20.717244	16.501169	8.551854	12.086940	13.626145	11.782028	20.646741	19.228019	20.087382	20.379265	21.128708	11.209608	19.360203	11.623371	20.047801	19.577401	14.304240	17.281891	20.941380	16.223520	19.594943	14.495081	17.939588	15.760626	19.918022	18.199104	14.917461	16.348105	20.301741	17.216415	19.813952	20.594328	10.152372	10.159878	16.734143	18.676516	20.782621	12.597753	16.764102	19.802559	16.600064	18.061950	14.345259	19.977355	19.772879	17.764020	21.030589	10.128060	6.199608	16.700620	20.077575	17.357652	14.525932	19.778351	14.328997	21.020237	17.727487	20.674039	21.065749	20.876978	10.907976	19.541261	14.173902	6.198636	20.840840	20.627130	21.101979	21.022018	20.660763	21.106718	9.889524	16.513203	20.494858	13.600949	13.277449	19.726052	20.815185	21.090953	9.949264	17.915746	18.365744	13.279046	7.711074	20.064397	19.791205	13.532402	11.248748
19.424294	9.837618	19.891164	10.499621	13.544548	13.597072	15.030372	20.977028	20.873290	12.396468	18.978845	18.922963	20.438069	20.928951	21.049264	15.634464	16.552818	10.887288	16.108500	10.654087	13.549455	16.507556	19.897644	18.742109	11.946592	20.987639	19.077242	16.539571	17.276793	18.546844	19.654516	21.153804	15.372452	20.203036	15.479381	7.614162	13.928459	19.754478	20.274987	19.099142	19.355947	9.500276	16.706320	20.614255	19.309536	21.084061	20.405249	12.203615	18.290606	17.406037	18.408835	20.285991	16.873005	19.945351	21.030255	15.364845	19.131674	15.846813	19.553461	18.636442	16.969577	12.893437	13.889327	20.487869	16.123893	19.215804	10.882111	19.646102	11.244093	20.168762	20.556924	16.456892	13.901021	14.906107	14.817120	19.949780	17.302774	17.161480	21.079810	7.134357	21.020342	17.358526	20.899140	13.435543	19.751457	16.956244	19.228669	19.312380	19.842591	19.947785	21.062638	19.427597	20.214351	20.396559	19.321068	14.110287	20.126850	14.962715	20.558259	19.338839	18.783350	18.117778	19.985643	18.626373	10.135289	18.470596	15.259885	19.119116	11.706771	18.639266	21.026228	17.260598	15.683813	10.856331	5.863948	19.840703	18.050101	15.914010	20.697052	15.025393	21.143721	19.635520	21.055880	10.937036	19.616050	17.017260	13.414819	7.454627	13.387392	11.135704	17.428106	14.642125	19.505266	19.242008	18.571432	19.285145	19.988183	14.455915	21.070644	16.873492	9.549395	6.587366	20.473167	15.993396	17.322175	11.598479	18.231122	21.143411	20.845153	18.212202	7.254937	6.357792
20.866424	16.968651	18.289233	15.293090	16.149668	17.888338	19.633995	12.312803	13.567906	11.300300	18.795005	17.339410	20.323566	14.088144	15.961505	17.524780	19.768388	15.613007	14.251324	14.929759	16.528005	19.244526	12.973966	6.714565	17.228217	17.057458	18.717857	20.530583	17.949756	9.081684	11.131811	19.864652	6.090331	16.032519	16.678955	20.543979	20.529820	7.452538	18.286525	19.470448	19.839007	20.850979	18.972645	19.347698	20.959660	20.000832	19.406655	18.179182	20.280298	9.984113	20.965956	19.899312	8.287197	18.900856	17.482933	20.599064	20.303026	7.747287	14.725366	19.274063	12.527035	21.093344	11.871378	13.571913	16.013209	21.124639	16.234405	11.453131	15.373876	10.452182	17.127664	17.363198	12.655063	16.185627	15.467469	18.266666	20.660172	9.022422	7.222738	10.884819	7.280087	20.609025	19.608069	16.476461	16.776248	21.121092	11.228549	15.444248	13.761442	15.216034	13.957625	18.964664	17.151379	21.121321	13.017243	19.871972	20.699542	20.209644	20.063748	12.314629	20.690994	20.575416	8.079264	6.852312	17.084338	15.464493	20.913420	19.886861	17.094951	15.437069	19.210919	16.223055	19.332471	12.930154	16.130152	16.849546	18.413793	15.778528	21.048858	16.426862	11.161967	16.721194	17.199296	9.238843	19.286200	20.902727	13.875295	20.789139	18.867222	16.472730	16.435668	19.860258	10.566924	15.915904	6.829414	21.040296	9.574376	17.195347	21.104302	19.736284	19.570848	14.641274	19.061265	12.729333	17.205010	18.699674	17.567862	15.581834	13.590333	20.320051	17.146056	7.472200
20.293211	15.826094	16.869590	19.816691	10.187314	18.731628	9.728800	18.835238	17.422728	20.811197	17.259155	20.731572	21.055627	17.650094	17.503116	21.050154	17.457491	20.083579	17.094051	15.377252	16.695862	19.931246	15.790259	15.476604	19.514396	15.999335	12.647231	15.384556	21.086922	9.276317	15.640233	19.460821	11.610195	12.336250	18.125660	20.335457	6.343986	17.728218	20.993178	19.719088	20.792864	17.302659	11.064083	12.362366	14.289834	18.727750	7.552278	10.551019	12.499183	18.277213	11.793093	19.366932	11.871846	20.004560	15.103454	20.695670	13.590227	17.334310	6.674517	14.927898	18.320887	17.073781	15.412166	20.719822	20.757548	16.568519	13.770588	20.777765	18.818671	20.132493	16.609796	19.484150	20.407589	8.882619	10.408164	20.315943	14.382925	20.172278	18.013050	18.961161	12.158485	19.477082	5.092165	20.593390	20.413766	19.210635	19.213957	16.600028	19.832670	20.812314	20.846813	13.449128	14.455332	20.999524	20.435022	10.242560	11.515212	20.460914	14.397516	16.681935	17.684740	19.142443	20.837576	16.805796	16.593517	18.709814	16.947535	13.953833	20.337206	16.676407	13.749945	20.726796	20.479664	19.356506	16.902500	21.148033	17.154640	19.676393	20.444506	20.283523	8.972921	14.483915	16.585392	20.784753	10.034941	19.532629	18.108071	21.043351	17.068896	15.596425	9.154091	19.105890	21.036578	16.590091	20.927826	18.380192	14.542674	19.783238	20.878104	20.383776	19.738392	16.985328	13.687390	17.776390	15.166953	9.848714	19.595419	16.721817	10.378110	20.381141	18.570735	19.277087
14.865634	20.907672	20.685419	14.959960	17.659714	17.611041	20.798237	17.137691	11.374434	13.449032	10.176067	21.151474	21.131584	13.412331	19.445338	19.090305	15.327710	18.790073	20.789703	15.743898	13.056521	17.565132	20.583002	13.360372	20.265886	14.627088	17.873599	21.093413	15.433737	17.535951	9.944569	21.097884	20.949418	15.676868	11.100052	16.611225	19.420847	17.444370	20.137686	16.268996	16.195220	21.099874	18.824048	19.539675	9.457950	19.872197	13.558524	15.798852	10.137015	12.197248	14.205147	19.537616	19.037362	17.984195	18.268528	16.197008	20.838263	18.078145	20.307877	17.243722	17.789091	18.316511	19.910072	20.026108	16.054388	17.258598	16.273883	17.568133	17.246565	20.594379	20.177411	17.664399	16.926754	20.260646	20.551636	13.702077	6.648900	19.757817	13.930231	11.686034	19.220103	17.900713	21.045119	17.290781	19.120871	11.467426	15.737137	10.522669	18.531065	16.556536	19.888177	13.411938	16.180322	20.919447	18.237732	19.611583	7.394001	14.319596	13.454256	16.967701	20.586922	21.040640	19.747890	15.705773	19.824049	16.087054	18.334039	20.548050	15.578517	13.243438	13.367678	16.310291	20.202101	14.209173	14.889428	14.776652	20.705688	19.685647	11.501958	16.100659	20.803665	12.708275	7.487398	17.738824	18.903892	20.882139	19.442804	12.752678	20.483364	19.255250	16.427705	18.843873	17.404733	20.296292	9.571962	13.840284	21.135261	15.093886	20.336156	16.885142	19.676602	18.907058	18.002603	20.360846	20.903970	20.933280	10.888219	14.379180	19.809766	19.376762	20.625877	18.546508
12.666640	17.125459	17.438372	17.959932	14.214393	20.716356	13.113167	18.675128	20.640936	19.420748	16.347410	20.808967	11.301248	20.546115	17.903488	15.453726	11.819008	19.072461	15.187568	17.574563	14.064459	8.076978	17.926228	14.767349	13.849722	18.596557	15.639969	20.678313	16.604663	18.046770	11.521023	20.174782	14.841166	11.885514	8.887035	19.337060	20.394675	12.172471	16.526513	19.421652	19.754782	16.421360	20.125601	20.535488	18.734831	20.561594	20.969907	20.536499	18.899593	17.944082	19.545048	12.871596	21.023971	18.985088	15.170460	12.773798	20.670691	19.797539	20.517797	20.831367	16.851658	14.144133	17.648405	20.062988	16.843020	18.700778	20.860735	16.441924	18.283294	18.799275	18.724162	16.857724	15.941696	10.160359	19.658309	8.895371	17.960814	15.952867	10.631882	15.842195	19.534792	17.341919	17.315300	19.506086	20.795403	20.505487	20.037814	18.728034	16.233900	16.285142	18.778838	11.510732	20.969569	15.183743	19.880578	8.763862	13.323766	6.527749	20.602267	15.518165	16.236330	20.693408	18.875599	11.982461	20.016455	9.114517	16.425310	17.815168	20.912827	18.487936	13.049936	20.388798	14.895494	19.764867	18.997590	6.679782	15.780219	21.016156	20.869180	11.228984	19.169487	15.752556	17.536628	20.775061	18.756724	16.209628	15.488777	13.320141	19.574257	16.754649	15.910387	20.406812	14.614348	13.221923	17.696521	11.212491	10.434010	12.485242	21.128236	17.066494	20.262135	20.895004	13.974877	15.383071	17.523912	18.944778	20.987439	17.213035	12.945989	20.231407	12.171702	20.847012
15.834715	11.150800	19.049368	20.727875	15.948488	20.716572	18.484592	20.958963	19.378079	20.528735	14.187731	19.609191	19.974243	18.327114	19.959869	18.938648	20.104108	13.574264	15.394811	20.032094	8.398267	17.879631	20.991019	16.947143	19.869771	20.708422	18.065331	18.696300	9.705113	19.439065	18.561638	20.660134	20.542157	12.117710	15.523537	16.153634	19.943311	12.287477	18.895861	10.233144	9.389827	20.516458	15.544345	16.164825	14.227126	21.009311	20.836248	15.651395	7.947397	18.034628	20.760346	14.951762	17.359741	17.253638	18.839074	16.759351	19.526062	16.460096	20.119146	11.562968	16.647078	19.669116	18.324884	12.117411	18.744803	18.950568	16.449124	15.030325	15.251863	17.040783	15.884230	19.950332	18.844362	6.129536	20.632714	18.056979	11.648517	19.803014	20.202599	20.492063	21.130822	16.128764	20.782833	9.512455	14.926959	19.297370	10.376190	19.197262	19.871395	20.108455	5.823001	18.680834	19.232917	19.202302	19.705995	20.459542	17.854035	19.675410	9.144317	13.928560	11.493490	19.665742	20.328554	19.492742	19.651655	13.992685	9.328942	9.353421	18.129727	13.829457	19.778811	11.868629	20.609141	14.089781	14.991050	20.981615	8.904415	19.661988	18.888650	20.590907	9.586382	20.274763	15.111905	13.697395	14.454845	14.603641	14.127072	14.252032	20.611111	19.054081	19.295882	16.502300	10.231653	19.181349	18.446372	16.463109	19.375963	16.712317	17.171068	20.367577	17.662820	17.849025	16.707437	12.772338	20.790052	16.598965	19.183020	17.333930	17.761526	20.073481	20.443783	7.005535
13.068040	18.885585	19.702059	17.696465	20.871642	13.328650	12.952662	21.151802	19.223610	21.158542	17.004095	21.154239	15.310824	18.604079	16.919858	20.803788	19.970979	20.993952	19.290747	17.469067	20.353083	19.782506	20.713384	14.692351	12.062414	20.098516	21.047873	21.158480	20.643442	11.921763	17.030062	20.203740	18.317605	15.391243	17.349466	18.099796	20.489772	16.096230	8.470529	18.916304	17.565063	18.783908	10.092821	15.065439	20.261900	20.423163	17.639977	14.112854	17.298408	15.343664	20.270813	15.536248	21.055309	18.307520	18.379034	16.200297	21.129330	13.722660	18.899932	13.777174	19.774345	20.723748	20.668798	20.963057	16.466616	17.024623	19.151060	12.836821	13.240687	18.485102	12.920865	18.480037	9.774715	11.014438	18.500462	20.692799	13.671152	16.220537	19.699692	17.522167	8.512599	13.964239	19.429717	20.264259	19.012266	20.749410	17.808229	15.647566	21.016279	20.171008	18.115775	15.158011	18.321402	19.055748	16.485517	17.667744	18.162516	10.097741	13.150235	19.834379	10.294995	18.590267	14.627747	18.739914	19.290080	16.671999	19.379064	18.716819	19.741786	20.515237	14.234989	10.757614	7.749367	19.587999	15.466008	20.855559	12.957653	20.294572	19.451704	19.402698	20.183852	14.085986	10.814746	20.036771	16.915221	14.016278	10.920938	16.033960	19.246444	14.325747	16.159687	18.819872	10.078766	17.989709	20.228924	14.776376	15.737359	20.551729	19.637262	20.854147	20.854892	5.991827	21.070456	20.803662	20.991364	15.709059	20.274589	18.366034	8.130924	18.333867	19.545688	7.609725
14.092617	15.477418	20.881263	18.154134	11.645966	16.847714	19.396538	14.926239	16.964402	18.618253	15.800944	14.333112	9.496326	18.161690	14.654540	20.330931	20.220645	13.389193	12.793363	16.532531	9.850407	17.824045	20.093293	12.002832	20.211865	13.798039	15.872551	5.862392	17.934385	13.597074	21.010834	18.742014	19.178534	20.703807	12.709216	18.781091	8.505461	9.860422	15.660291	16.886808	20.565255	9.372856	20.116612	20.197476	20.761386	18.304144	17.588374	20.849629	17.483184	20.941398	18.291599	11.225889	15.143600	18.893423	20.051453	19.774777	17.053765	14.549457	19.575071	14.403886	20.148152	11.869594	17.738160	20.480303	10.483567	20.495127	20.483387	20.826442	18.190833	20.511456	6.368886	20.214522	19.211759	19.956219	12.975573	19.089906	18.508599	14.206638	20.753296	16.416350	9.835565	18.725787	19.647316	15.931334	14.795821	16.299042	20.379593	20.124859	18.469770	11.850838	16.356025	10.152515	15.584497	21.122508	13.452401	19.905179	15.279642	18.510740	15.319445	12.793733	10.446055	20.945319	14.429308	15.246854	16.566985	19.258478	16.483910	14.278617	10.900900	14.672934	18.453643	17.907027	15.811775	11.231080	17.600755	18.928361	20.882308	18.158983	19.648569	13.060898	17.302329	20.825769	21.104189	14.497339	7.585203	15.940177	19.141168	20.214087	6.470254	20.382896	14.218808	20.081691	18.822790	20.657425	12.658117	17.388841	20.251994	19.164571	20.728472	19.594161	20.462109	18.977981	18.501380	20.923871	7.814151	21.072516	18.109719	16.475793	15.992362	14.286313	18.204496	19.256047
15.053268	19.513752	10.943821	20.897887	13.729565	10.639268	19.347358	19.604066	15.375692	9.149844	12.559813	19.029821	20.180926	20.476184	13.938578	20.364159	10.751992	13.090763	20.967996	16.841154	12.214856	15.807981	20.948413	20.813516	14.429186	20.203686	20.628955	16.278597	20.964191	13.003255	18.846782	21.017864	18.115046	16.328398	18.052747	21.056847	17.606187	16.452109	21.074059	15.013320	9.767588	18.773245	19.808639	15.151521	10.298105	20.106819	14.990760	17.905748	13.633857	18.726202	17.338219	6.847563	13.543374	16.738174	20.574128	20.418070	19.896467	12.453003	17.800670	21.072564	19.494334	17.727912	18.061117	11.421815	17.868886	15.839034	9.594808	19.311556	19.143140	20.384046	14.026107	20.408181	17.610898	6.472082	19.792662	21.137123	15.083626	21.156622	6.604280	20.043933	12.948993	18.971330	14.337860	20.926190	20.563843	21.134637	18.886096	20.792283	19.222446	12.131380	18.876206	16.693124	18.782838	10.928501	18.560692	19.983519	7.967963	20.815863	7.845653	20.435707	14.599421	20.889132	13.620162	19.416397	18.945503	19.999629	21.030455	16.198573	8.014855	20.768963	20.515117	12.764329	14.926369	9.693217	20.110119	19.240167	14.226119	11.866014	8.827542	20.973911	17.821969	18.078394	17.883004	17.726902	14.173930	18.096908	19.765965	17.480382	16.644243	19.239975	13.061645	7.605643	16.868821	15.015459	18.600846	21.084299	19.167074	18.752032	14.565636	19.665956	18.373786	18.226075	20.939826	19.676195	12.912786	12.102763	13.947635	11.497001	15.449642	17.028261	20.889860	20.412583
20.528764	20.794927	19.352630	11.133777	20.917835	17.143883	20.626650	20.748471	18.855097	19.086090	20.170531	9.379297	17.249037	18.078274	20.756160	10.653048	20.994512	19.731494	18.372613	19.262670	17.835054	14.239359	19.862260	20.356366	18.613397	19.170291	19.370075	13.945472	20.002608	18.368180	20.948784	19.486965	17.974972	20.659535	21.043031	12.842496	20.010044	20.554624	20.437389	21.042600	19.618344	20.517188	12.209138	20.438320	17.818619	8.032862	18.184439	20.258462	13.340781	20.057734	14.195807	12.905461	17.821511	21.064348	19.035059	17.906984	16.912917	21.055284	20.711111	18.182315	18.846844	9.636081	17.629617	18.912597	21.068096	20.291545	15.887217	16.785192	19.362747	15.972986	18.682442	14.474654	9.759226	20.726315	18.603624	20.376749	16.236236	15.765002	14.825645	16.855488	17.377457	17.118718	21.063201	19.547362	11.358592	10.792090	19.465851	18.127011	10.877910	18.147737	18.473459	16.052809	9.966779	6.271510	16.456995	20.002277	20.962705	20.794260	16.776977	19.367088	17.043952	18.257419	13.199319	15.939467	20.130134	19.250763	17.514863	17.695434	17.166721	16.642081	19.453364	18.407425	17.052083	13.096078	18.018057	21.143977	19.786130	16.191266	17.471465	13.228432	20.181184	18.601494	16.120480	13.916621	14.215333	12.853084	19.752336	10.455055	20.835070	16.263173	19.717849	20.988366	9.123506	19.266598	16.363942	12.381170	16.638731	7.351307	12.059403	14.834011	18.529162	19.129907	19.775686	16.337695	18.208293	17.674751	11.493423	13.870916	18.987539	17.665083	15.757357	11.199464
16.919154	14.939201	17.962056	20.177457	20.873792	17.021386	19.098217	14.133756	17.101894	18.801140	19.869436	20.552252	8.668468	20.585332	20.491014	20.207949	21.095935	13.503845	20.185618	15.526783	18.279552	15.388380	17.459159	20.821641	18.573584	19.421875	15.641204	20.645653	18.011620	18.974830	11.189601	10.469095	12.820449	9.248356	20.302557	14.318988	18.228801	16.728930	21.080601	9.325869	20.700136	20.410419	16.982611	17.252830	20.824767	14.620228	20.346369	19.946543	19.988368	17.019927	15.252637	17.944754	13.513766	8.289333	20.952553	12.990621	15.650515	18.840007	13.565327	16.769770	8.783119	16.311235	12.326173	11.572481	7.442482	15.760677	16.592175	17.845114	14.429129	16.830399	20.006225	9.149493	17.689893	16.010540	9.427935	19.518704	19.938299	15.190838	17.151783	20.658715	20.073131	13.018692	15.198951	20.390938	20.824574	19.817931	20.499230	16.943936	10.923464	16.813438	12.639431	19.265567	21.088260	8.845576	12.572347	12.993596	15.010810	12.420678	13.792325	20.576813	20.767611	9.299511	10.219948	19.111385	20.148815	15.344550	15.742567	8.345718	10.057388	20.823646	12.673728	8.680270	20.187738	17.592346	20.074616	15.069367	20.418561	18.748348	12.789060	19.050532	13.197473	19.456268	18.673752	20.163290	12.105685	19.213358	14.142190	19.786305	15.611124	16.254365	11.417200	10.809373	17.499115	20.508815	20.385618	20.588312	21.057810	13.321215	18.365452	13.465336	19.677399	15.362678	19.761706	20.618478	19.251947	20.765901	18.541197	15.823101	17.315542	20.325631	17.302164	7.038286
16.252583	16.643074	13.424365	13.553267	16.990985	5.449916	20.206815	15.116488	20.255465	20.941001	16.397438	20.714028	20.642530	19.855499	19.875175	11.247536	19.773109	19.740841	19.447090	14.609445	18.154207	12.674143	19.878848	19.225838	18.839876	18.027685	20.284396	19.538694	18.495387	17.541166	20.474147	8.954367	8.719122	12.627753	20.626611	20.849070	9.041145	19.040426	20.094460	18.653484	20.817621	15.231511	17.371220	17.649388	15.248155	16.141499	19.745823	8.156580	14.877219	17.925271	17.028447	12.873623	21.010123	20.901313	18.727966	19.555892	17.178045	20.644981	9.104238	11.951665	19.971766	14.132129	15.812844	13.055196	20.328685	19.750440	16.833261	20.399683	9.953225	18.615546	14.378639	13.177199	17.193283	21.049173	16.762489	19.200552	13.798189	20.644518	12.508842	8.177674	20.394723	21.118831	20.401287	15.916732	15.236630	20.916953	19.497917	20.003598	20.372461	13.578616	13.819875	8.141309	13.187935	16.767810	11.053695	16.084326	13.169446	18.459081	20.909448	12.472432	10.965103	20.152586	20.470521	20.962776	21.094783	18.121740	20.908852	12.633551	17.534268	18.419766	19.657483	21.020401	20.788172	17.739872	19.766916	17.159701	17.036472	17.521206	14.000477	20.983108	20.016034	20.558987	14.816919	18.655838	18.034958	14.194936	18.255986	13.122469	19.944524	19.090089	16.354836	20.425610	20.827446	20.216647	20.938525	18.523421	20.981647	7.388347	15.651363	15.792678	19.562239	19.452901	8.945072	17.752005	7.820491	15.443656	20.847135	11.876710	19.432005	16.668810	17.845694	17.291724
18.584188	20.999270	13.918622	15.167802	9.725932	20.518495	20.217774	16.965267	20.790896	9.064588	17.515181	19.408740	18.136238	18.978279	15.947189	12.117982	12.770148	18.839934	20.439667	20.540315	17.148850	11.045402	21.117615	19.854492	11.174358	20.727631	15.996353	14.007345	18.960578	17.825477	18.196831	20.643858	19.219165	18.142823	21.085705	19.713825	19.703653	16.985771	14.931630	11.945591	21.144510	14.403100	18.691567	19.561130	19.912281	17.720272	18.905956	19.604363	19.891322	17.967430	18.261074	12.349091	21.030639	20.881800	18.043622	21.115719	19.496255	11.382515	15.581012	20.150013	17.047232	19.507781	20.528495	12.547446	17.938467	20.188348	19.562637	14.606618	17.328259	20.076231	10.253453	20.566117	14.127732	17.179985	17.517279	16.617432	13.503834	18.795885	20.291942	15.183196	18.370253	20.144489	17.316121	12.023734	13.609085	15.832491	18.099650	12.970667	14.266719	15.405108	15.365909	20.497301	14.917962	21.000824	21.077271	21.056146	17.246076	19.421155	17.402502	14.691709	19.472597	18.835937	16.246635	18.237318	20.225875	20.582965	13.760376	14.762615	12.202858	20.629673	15.093071	19.446960	16.954020	6.410410	15.424152	19.283241	16.570486	14.214278	7.863645	15.857673	7.006613	20.957766	17.918031	19.225426	13.853473	14.238787	17.648104	19.977403	17.828305	17.768265	15.590891	21.081756	20.809498	19.670098	16.195246	19.171702	19.340703	15.779524	9.803837	19.050443	12.776460	19.781512	11.670571	21.100197	16.116662	19.760305	19.242978	19.636031	11.252084	11.954148	18.594190	19.476616
9.535775	21.093081	18.598510	18.511458	17.806240	20.810847	15.659110	15.833384	20.991738	20.381349	15.251150	14.841209	19.923278	18.622019	17.505942	18.094398	19.982142	16.967624	20.594577	19.453183	19.836800	20.731107	15.586708	19.597857	18.943039	18.129415	18.355563	21.115248	17.193292	8.443525	12.937999	19.595525	20.198730	13.138049	21.070709	20.559540	11.724525	17.650921	20.192426	17.098362	17.137133	19.032639	20.402593	20.692604	5.625902	15.533024	17.636149	20.102138	20.408784	16.890438	20.163535	16.168750	13.674530	15.025294	11.580689	19.658177	17.872572	8.259801	8.219268	12.781746	20.644749	18.364266	20.273865	13.069128	9.632487	19.484219	10.575549	19.207352	18.503962	11.223686	20.079471	19.260318	19.906224	14.612836	10.758279	18.022871	10.622379	17.313659	11.308016	18.946527	8.606546	11.811448	18.859850	20.568612	19.797392	11.396900	19.589089	11.660285	8.346081	20.288022	18.460452	20.947610	21.119838	18.796343	12.850369	20.363629	18.752191	19.959746	5.800771	20.561327	20.194440	20.019227	18.985147	20.183128	20.548706	19.155153	17.998199	16.400446	17.990151	16.012347	14.936651	21.143569	20.008249	16.531927	16.301156	21.158190	8.243750	20.496946	6.513070	12.551374	13.334632	20.350402	14.805232	16.138059	18.756837	19.166122	19.931818	13.435450	19.876685	17.268244	21.120990	8.316159	18.652979	12.953200	20.375040	20.214851	8.884510	17.234901	16.799663	11.382360	19.957816	17.920073	19.871826	17.374732	20.212388	19.856108	16.676333	17.987155	16.466125	19.944700	15.754384	19.332428
6.937667	20.948985	14.033371	17.198925	15.571344	19.099426	14.800435	13.925744	10.305645	21.134465	13.397837	19.977776	20.980259	19.273523	17.647530	10.026748	20.329584	17.546057	18.884786	19.450351	14.650554	16.544630	19.695885	18.750719	20.044622	17.889789	12.453751	19.565506	14.009701	13.422161	20.869375	18.282576	15.964058	12.250514	16.187455	21.051559	18.392020	20.531806	14.431681	21.091453	20.661317	15.368186	19.908252	18.581162	19.708543	12.580578	18.923145	16.468212	20.134395	9.721749	19.600749	20.924152	21.087931	19.477555	20.959546	18.471330	18.767158	19.949286	19.644389	20.218508	18.892098	11.969964	20.593288	19.110249	9.733688	16.770057	13.408461	18.514688	13.979972	11.746269	20.256688	19.612990	18.753889	21.014082	17.704028	21.134036	15.777960	20.959724	20.817098	21.154826	15.611557	15.710934	14.620064	20.132845	19.231995	18.756967	17.087701	19.304327	20.747297	17.981365	19.285096	19.348540	18.654412	20.341230	14.643694	18.111588	20.844998	14.841687	13.546679	21.002817	14.959521	9.469949	20.629860	18.133660	19.777625	12.746133	20.928476	12.267917	10.367983	16.331535	7.725076	15.929387	18.957372	21.021830	18.530445	7.518398	15.392987	16.168554	15.915323	20.378283	19.809668	20.747280	20.954444	20.740656	20.483661	20.759493	18.440575	21.159079	20.716121	19.721556	20.414587	20.557115	20.965092	19.674166	17.443318	20.655523	15.023262	18.788164	13.351630	16.827082	18.715764	18.590511	21.086046	15.187277	16.049328	12.028164	19.816821	6.098892	14.244198	16.956766	12.629323	19.439641
17.847840	14.108529	17.571389	6.134712	21.041134	18.630967	20.322412	17.867151	19.401948	21.123561	19.209710	16.574733	6.458812	21.010389	13.694018	17.232340	16.531445	19.682638	19.928831	20.305001	9.870501	19.445284	20.082242	20.424858	11.861007	20.661887	19.952125	16.029599	20.342797	9.137478	13.041127	14.040671	14.834611	18.833668	20.848498	19.509777	11.427407	18.367176	14.448359	17.848343	14.462144	19.445128	18.741799	16.980411	17.024574	15.849864	19.387844	12.195850	20.456233	15.536599	18.540799	18.352661	11.464650	16.236625	15.359828	14.665223	21.025368	15.594520	19.255888	14.883033	13.633407	12.685914	20.037327	21.078572	15.688016	14.750116	16.038430	12.516782	20.237054	18.417611	15.071144	8.980294	19.368426	20.215214	20.115122	13.026470	11.487965	19.253633	11.811324	16.398295	17.763714	8.493323	11.381054	9.610420	11.865268	17.251893	18.180065	14.286857	15.895355	21.101410	16.753469	15.615927	15.887277	8.500708	21.047926	17.577705	19.806067	9.037068	9.087229	13.281580	20.810975	20.645183	16.971153	18.890997	7.328462	12.606750	21.027819	21.131903	18.937477	12.279481	11.578126	20.115241	21.011015	20.508838	18.691386	21.013299	14.768230	16.418801	21.011625	20.392898	20.879403	9.692461	10.185700	10.046596	15.894058	13.204911	17.324168	14.745797	8.656884	19.212620	20.080333	20.798220	18.300758	11.684461	18.619676	20.108109	18.631701	15.559247	20.698464	21.119440	16.828257	10.174929	13.562846	20.111626	13.479964	19.310359	17.117411	11.063906	20.809780	20.727775	19.594450	7.407593
15.309989	19.200762	18.053804	10.764669	20.709264	15.015346	12.128413	19.759937	16.267369	11.253370	8.474433	12.996586	15.322115	19.511334	15.823034	17.551067	19.869948	16.697362	18.280503	17.718264	18.842585	19.384523	16.295769	20.592070	20.217435	14.193374	17.959808	21.126717	18.821340	21.017817	16.127892	15.309123	20.973435	19.339296	19.267249	19.198924	21.065548	10.092187	14.122482	8.956692	16.008266	13.115803	17.872228	6.676190	15.203122	16.910396	21.100807	17.788759	20.788944	20.898654	21.115646	20.877331	12.986390	18.016894	9.189079	10.196799	18.081778	19.898724	15.768967	20.525664	15.489934	18.369939	20.944539	8.438526	18.093383	9.748201	20.205650	21.053071	14.207756	8.018430	20.377317	18.102671	16.180057	20.773936	14.485628	17.852582	13.107978	18.342596	21.095359	16.150584	10.453478	7.984593	19.809399	16.898886	20.407240	21.014337	13.211493	16.945142	20.185327	15.010799	12.173842	13.673814	20.715386	13.648523	18.814006	19.624920	16.767080	17.640944	20.973324	14.977781	16.205662	19.266674	20.235136	18.518946	19.841793	8.344209	19.385830	19.721968	20.804561	18.629461	20.445419	18.595666	16.489226	6.173227	15.654396	21.123481	14.590234	8.887008	14.257423	16.633392	15.805576	20.479786	21.075059	14.557794	14.854614	19.877688	18.680324	18.246490	20.564598	20.947582	14.465311	9.121047	21.140842	13.543989	19.065332	18.642667	18.181074	20.403978	20.377297	20.457758	17.938980	17.699423	19.721882	13.528149	21.002197	6.831108	12.470913	10.194875	20.927915	15.304903	18.985073	20.132019
15.613848	19.554809	19.499826	17.463722	17.735118	20.015893	14.989084	19.765704	18.362564	8.091646	18.865752	9.965401	20.349636	20.661138	21.016836	9.170453	19.147640	14.527707	8.299045	20.723727	5.935213	13.182721	19.622987	21.149175	13.941911	10.185265	18.026131	19.300053	8.702587	15.880240	19.292912	10.557207	10.443300	10.515389	12.488564	18.439714	21.127353	16.635896	7.450279	6.724455	17.185310	12.856170	20.192590	20.003628	20.002629	11.090287	21.137480	20.186430	10.054684	19.964501	14.743439	11.109381	15.664297	12.833839	18.280362	14.207659	20.136694	21.155759	19.588896	8.484563	16.120484	9.772029	16.198252	8.416787	19.286969	15.716064	12.131632	20.686773	13.420918	10.544039	21.019404	16.786943	21.083298	20.561921	15.209644	12.453676	19.601165	17.399192	18.831472	12.415234	20.808638	21.125797	20.325886	20.574317	10.566711	18.810978	20.067010	20.578295	17.217313	12.182232	18.209321	18.292221	19.276040	8.148855	18.408683	18.380731	16.477277	10.782781	12.753195	11.241442	20.565457	19.823174	18.095065	11.225815	21.029359	13.580376	12.849302	18.757867	12.929658	20.901365	10.985625	20.997581	16.129112	13.698765	6.264659	18.527166	20.183157	18.032736	20.553953	20.950054	18.871208	19.860015	20.344662	12.464960	20.888398	14.418497	13.808683	17.859795	20.155860	20.133486	21.134035	20.700783	18.997754	8.577636	19.700582	14.633174	12.231824	17.455559	20.935430	18.135382	15.163672	19.287870	19.812168	18.333210	21.036629	18.230240	20.709608	16.835442	18.481341	12.643702	20.005186	18.973212
18.548617	17.368208	7.418543	11.471658	17.610082	12.885825	20.803763	16.550902	20.376587	19.863846	16.960410	13.894180	13.824389	6.865057	21.071837	19.504838	12.554677	21.092852	15.520102	19.993787	6.995804	18.909276	7.938911	18.673596	15.845606	18.780677	19.378344	10.611996	5.956744	8.571304	18.507978	19.473484	10.365094	14.572836	18.327203	21.082910	6.171698	6.373546	21.154575	11.388229	20.027868	14.222125	12.557510	19.181433	9.000995	14.255696	11.666304	11.550025	15.374054	7.560596	20.343902	16.621545	19.044120	8.296858	20.891272	18.396535	17.841541	20.847731	21.122974	19.969269	7.704240	18.111629	8.495076	19.312472	19.384761	9.269188	19.946269	16.835496	15.669658	20.247574	14.062750	9.496012	21.127045	13.419075	19.783272	17.131552	17.264476	20.894882	12.241256	20.073805	19.891855	12.838000	20.051916	18.596555	20.266198	20.461283	17.674070	19.085523	17.300920	8.907948	20.318230	21.136832	19.760622	20.750790	20.947663	15.016354	16.909814	18.641781	11.549997	13.883022	12.984866	15.716253	21.028973	20.416930	20.858011	18.495119	19.171268	19.565225	18.921523	10.623993	16.522621	18.476294	15.472959	18.545664	16.824716	14.025387	19.877294	13.261169	20.623369	19.167006	13.095049	20.871844	20.883509	20.984822	9.785204	9.104700	21.030875	18.175152	19.874762	17.251887	21.128609	18.248300	18.335128	17.886379	14.644295	16.422151	14.885490	15.005403	20.826739	16.612507	8.198868	17.754911	13.047443	17.161669	17.824230	19.773851	18.969861	19.119246	20.312076	21.156958	19.402763	21.027278
20.448832	20.150139	16.428859	9.518606	20.727805	19.939591	16.842253	20.267063	21.140865	15.141238	14.840604	16.533598	14.303759	14.991413	11.412997	19.486045	16.931171	18.862210	14.321826	20.007030	14.537689	20.250627	19.791051	13.001685	17.755142	14.402280	12.892130	19.239910	17.944171	20.596807	10.629557	20.915694	7.946581	14.656008	8.003634	19.513596	11.516297	16.905077	18.159712	19.946640	19.988410	7.998088	20.081198	13.195941	15.047867	14.877340	15.554377	20.858169	16.257714	19.900093	20.605390	16.387153	19.775476	16.803431	14.767785	19.032327	15.799900	10.136554	20.646096	19.603646	19.187904	15.090717	17.861001	14.835051	20.529866	18.395602	20.908749	16.586506	14.000166	15.052358	19.286206	18.537021	19.562798	14.985821	20.184434	20.807707	20.767962	19.045633	7.248744	19.125298	17.088954	7.499295	19.563439	19.338633	16.716189	20.269394	18.462238	19.227628	14.030666	12.186532	14.712776	12.551048	21.152616	18.405092	20.444446	17.281234	18.902233	11.240304	20.731990	10.211236	21.133017	20.455583	20.587782	17.874239	11.500165	12.710413	21.102873	16.865007	10.984423	20.315462	19.193060	19.166033	10.879112	14.983644	20.570628	8.405948	8.700904	13.999713	20.015039	18.143421	19.669999	21.096761	13.766702	13.139940	15.763648	18.053942	13.042148	12.537661	17.226025	18.458312	8.479328	15.727944	17.632433	20.538570	19.126530	15.805686	17.328257	16.866583	20.752586	20.747036	20.502170	20.947034	16.494297	10.467969	19.281896	21.108865	17.429825	19.127193	10.727908	20.609848	19.945483	17.238721
16.239947	21.089790	6.080937	20.947881	15.708163	16.672007	17.629843	21.046703	20.741435	19.491522	19.137686	19.990799	20.613737	6.700631	9.127860	20.705401	13.032679	20.062766	6.545922	20.793869	20.534411	20.025566	16.246550	18.303478	19.570819	21.095595	19.385429	18.856407	19.441939	20.667803	14.847412	20.988528	19.893426	16.778287	20.409556	15.329891	18.191591	16.499054	12.918340	20.889487	17.793389	18.302722	20.989191	20.550582	17.455250	19.252883	11.262832	20.571395	19.863344	16.603555	18.081783	21.065885	18.846067	18.200583	20.823751	9.258013	18.943443	20.327454	16.051598	21.013958	13.889868	21.002296	10.590847	21.007032	20.499620	17.110488	20.572561	18.993539	20.369358	7.767388	19.885634	14.034792	17.186421	19.615355	16.902080	19.749444	19.603108	19.375859	20.948724	16.434094	18.911292	19.780210	20.246086	16.026818	19.210588	20.720803	11.495359	12.735951	20.580165	20.726742	18.970241	15.198864	13.679721	17.238564	11.390379	11.886871	18.513063	18.337352	18.532711	16.296315	13.671078	15.428022	17.411084	20.010765	17.870015	20.863407	19.243679	11.147902	20.578670	15.799651	17.366324	17.677761	12.174612	9.207818	17.657524	18.587552	15.089981	17.679886	20.828061	13.169182	19.251536	20.972463	17.946182	20.367675	12.531190	16.126394	8.403481	20.381105	18.438165	20.087312	18.675032	19.997349	13.308778	21.131668	21.135637	9.194166	16.016651	14.254219	20.461545	17.284655	18.236037	17.434523	9.623765	7.038083	18.561891	19.230864	20.509914	8.542702	20.434804	18.587661	15.860283	20.807167
20.747924	8.685786	16.760942	13.716006	20.708325	13.562792	10.207519	19.123931	19.047073	15.721859	20.443508	20.485988	19.640298	20.995638	17.865727	15.134502	18.728481	18.002590	19.027848	19.263581	18.555649	14.579219	17.763444	21.074854	20.713831	16.622193	20.424697	21.048569	20.555263	15.265899	12.201199	15.502293	20.344501	19.880878	19.808632	18.890694	19.844727	20.734914	16.361878	19.941866	10.927063	21.118540	18.776751	16.940598	17.965015	20.680681	20.425955	19.141476	9.197907	8.700040	20.186352	20.371099	20.031646	20.039563	8.654051	13.404045	12.894213	17.084052	17.715043	19.218875	13.121727	11.638534	16.178425	16.231487	20.213536	17.589434	19.255713	19.362948	16.430543	13.211913	21.114062	16.383495	20.775975	20.198141	12.554921	19.806431	8.946082	19.901475	17.910799	19.604652	19.959468	19.551946	20.789123	20.984858	21.141466	18.427919	17.351989	21.150444	18.561558	13.198795	17.719249	17.091665	12.427243	18.031548	19.139463	21.042000	9.367680	20.591783	18.847281	18.052746	14.497386	7.658907	19.236652	10.620124	20.473414	17.937808	13.657520	19.745156	8.338176	17.834588	21.031336	10.996040	15.313300	21.138363	13.937494	20.025595	16.015044	13.789736	20.737902	18.117808	19.817555	20.437226	18.845298	20.313113	17.887467	18.356390	20.865033	20.056193	16.460355	16.516951	8.125491	18.002332	20.783576	19.074651	20.709307	15.106262	13.520998	19.915798	12.296965	15.685671	19.093502	15.245494	17.379855	13.275270	14.326324	4.833496	15.960482	15.361515	19.516864	21.157490	16.131520	19.382450
14.349413	11.826603	18.125352	13.685267	11.227149	15.691577	17.493003	17.134936	12.703004	15.339683	8.892749	17.241133	13.651525	8.626415	16.667837	18.991694	17.752607	21.124572	12.675414	14.563805	21.121814	16.580749	20.844090	16.635817	18.203561	19.906921	17.665798	19.859952	13.619665	4.565210	5.602540	17.836245	20.338474	13.377910	16.926998	19.168772	18.927678	20.923561	19.419473	15.993465	20.286081	11.935810	16.670896	18.181756	16.354941	20.065082	17.555665	13.600265	11.236523	20.374000	20.231502	21.148279	20.011225	18.192024	14.302964	14.920977	20.634241	19.694790	20.990304	20.931191	21.079355	21.105944	18.904669	20.260780	20.154050	20.679914	7.069126	18.159313	12.823643	19.559405	20.092242	20.380560	16.610742	19.322601	20.571709	18.767761	17.061051	20.056013	19.826562	17.996643	19.055196	21.126031	20.336918	20.667158	12.955890	13.511758	15.702021	20.998241	13.826816	16.210525	20.372869	21.059983	18.155530	20.310553	14.727768	19.490076	16.546463	20.754744	15.443844	14.489233	18.809609	6.526960	19.362715	19.128466	20.807758	20.635244	19.741442	19.561515	21.044876	7.195010	19.911156	20.835533	19.202824	16.173896	20.246281	20.584477	20.595118	10.837254	21.140610	20.012731	19.598854	15.938632	11.183062	19.619592	16.343150	15.156928	19.823355	19.096385	20.192219	20.278581	20.680820	17.886560	19.490101	8.776245	20.717008	18.861126	10.658596	18.930591	20.218877	11.076069	15.455222	16.043345	18.001422	14.430196	15.336925	11.453749	18.505944	19.986187	20.590555	20.072960	18.006119	19.472776
19.895571	20.994800	16.937285	18.555427	17.161813	20.091715	20.707193	20.284556	19.841873	14.378888	15.510243	17.097925	13.346782	18.122311	20.826899	18.219754	9.328428	16.180276	15.073195	6.407805	10.335131	7.294525	15.746445	17.932602	19.327975	16.218703	19.587342	19.066050	15.484286	18.679043	20.279118	20.870620	18.046554	18.971131	20.441545	19.274446	14.175669	20.946769	7.731440	19.506644	20.823821	7.051079	20.685811	18.596454	15.845899	7.346978	20.954949	20.452251	13.870650	16.828399	20.484027	12.482498	11.630470	17.058296	5.017382	16.304227	8.401334	17.663166	11.435794	16.278616	18.122322	17.655499	19.527162	15.748892	11.884166	14.402033	13.961814	20.487445	17.825073	17.140971	19.329897	11.546590	20.731212	16.502633	14.813921	18.938162	15.961973	15.274985	19.021030	18.325638	19.018303	20.864153	19.392698	21.112804	14.649967	17.425461	11.826349	12.484195	17.980927	5.589305	13.886378	19.922576	4.867027	19.456863	19.835223	20.932764	16.935110	20.734203	15.826485	13.197528	7.848769	20.255563	20.896130	20.898694	13.599310	20.456726	18.416235	20.512466	19.314407	14.772359	9.609787	19.777231	18.364074	17.523556	15.897767	19.505115	14.285506	21.068309	16.847059	11.573068	15.405845	16.315126	7.581447	21.107080	20.943308	13.914316	14.474566	7.809787	19.599563	20.951303	15.108113	18.905577	21.135302	18.652247	9.890046	14.564133	19.285060	17.291782	21.130409	20.433354	20.407735	14.608761	17.040516	18.769468	17.697317	14.666307	20.105863	20.036928	15.069811	15.434606	15.395595	13.925137
17.712167	18.732694	11.288663	18.301745	12.297321	18.028585	19.900395	17.744461	16.517974	13.660001	7.022837	20.335166	20.342022	20.412370	12.226146	15.430773	18.152211	15.093169	17.245277	20.019676	11.686162	19.257649	9.995786	21.158467	18.381454	16.163682	19.591234	20.141747	19.225111	20.634314	19.122340	19.493816	20.632395	18.611586	19.919053	20.932903	8.603180	9.957186	15.786748	20.921894	13.485252	16.831598	16.763338	20.948754	19.707248	18.862723	20.754916	20.828826	19.212315	18.910565	13.088497	15.373928	19.174394	13.122581	21.142158	21.066342	19.245752	20.086962	16.565608	20.196761	18.127606	19.936791	21.132232	14.877167	18.874560	12.432424	11.781512	16.640501	16.521087	20.099736	21.130151	20.482634	20.631708	13.867805	15.026256	16.688898	13.928492	7.441927	18.877658	15.725435	14.026209	16.309791	19.073125	7.879187	17.560987	18.034828	16.385629	19.040063	11.342785	20.305926	16.244085	18.089569	20.688286	18.081885	18.656183	17.123805	20.729458	16.692596	15.922751	16.976731	20.995474	20.840035	20.286098	9.268689	16.395112	18.735841	18.977530	19.182994	18.396483	19.394740	20.665000	15.997200	15.854430	16.751578	16.712991	20.155950	15.670971	15.903027	15.721437	20.616504	21.028285	9.826065	19.991119	19.050842	17.609199	12.713365	20.422949	13.098041	18.204635	19.912012	20.537153	16.933002	13.193269	16.107613	15.156732	20.512484	18.915461	17.160643	17.961319	20.049053	20.350061	11.842038	19.531212	19.545351	18.325356	19.491459	11.227805	11.568949	8.360131	16.703189	20.505797	21.049275
12.122579	19.082251	18.805607	20.731946	17.099032	18.071891	19.793095	18.609190	20.113767	21.029073	16.818567	19.006846	13.307947	6.967607	19.784967	11.554946	14.754639	8.169215	20.016214	20.226544	14.670397	18.611194	19.230467	12.271110	14.822896	12.695360	15.935142	18.178006	16.639438	17.144161	19.795516	20.998319	20.190784	14.351853	20.559773	13.863739	17.313393	14.341046	13.824235	19.683317	21.048894	18.497660	15.812022	21.152059	14.151996	18.174514	20.884502	14.665155	19.445730	19.848891	21.128909	21.156016	18.886871	13.032533	20.123954	19.245091	21.147465	18.137051	14.635087	17.007915	14.607339	20.523117	10.626867	16.227938	20.459685	20.255762	16.816530	13.558969	18.620687	11.566568	18.865671	12.878012	20.253672	7.118773	19.022353	14.962984	21.090735	16.686937	6.225313	17.404040	19.696152	12.494972	16.360326	20.729904	10.246514	20.136029	21.116767	8.083414	21.028416	15.175671	12.817920	17.624981	9.921972	12.888090	8.732473	9.359059	18.967507	16.008251	15.851063	12.208331	20.632213	10.762417	20.548813	17.837974	20.313667	19.466904	15.123388	20.980750	18.666673	17.295519	20.907729	17.083875	17.661313	10.296599	18.172491	14.259058	17.883172	10.293096	20.971363	20.832863	20.980529	20.222177	18.536358	18.136898	18.763090	17.223124	19.369196	18.115571	20.443395	16.162984	17.268054	16.287446	17.584824	11.124833	10.169287	13.789871	13.110328	5.815639	20.375944	12.909861	19.141806	11.457073	20.293018	20.596572	19.120455	19.209472	19.787090	20.956445	16.138684	19.654232	21.138339	9.478739
17.508904	10.352373	18.311738	18.576597	19.906879	16.920019	11.032186	19.074431	20.607187	20.933686	18.451449	16.746596	15.765262	17.417980	14.889717	21.010069	21.049499	18.055825	9.086742	21.138925	19.636277	19.888607	19.065627	21.140408	16.455052	20.603112	5.805668	14.716619	14.090453	14.251245	20.851119	9.119715	18.511701	15.950603	18.392321	13.389920	18.921874	20.509140	19.328878	17.007465	11.143625	15.935439	18.676154	16.969261	19.580515	20.381245	19.013109	21.150516	15.284600	12.917728	18.126184	20.036518	20.798324	11.545760	18.782808	21.127691	13.791401	13.076077	13.677348	15.231011	20.397959	18.590216	18.517053	15.111350	15.935557	19.064597	17.637401	13.799318	17.256507	9.300974	12.088253	20.492864	15.868446	19.061898	13.232474	14.130019	17.251959	16.517514	17.950267	18.742564	12.464071	12.952303	20.539493	18.774110	19.171975	19.692219	19.782222	16.017596	20.210945	15.174881	16.623643	18.939528	10.985658	16.753573	19.539340	20.697419	16.578361	18.751049	9.218543	14.707279	20.940173	16.957803	15.063305	16.004956	19.935621	10.298791	8.029223	11.708036	17.154275	14.207067	17.155877	20.362291	19.917063	20.802389	19.657618	17.243267	17.107514	20.978848	16.411417	18.953157	15.094369	12.916067	20.870590	18.105303	12.427908	18.232100	19.722199	21.123040	21.037185	19.659235	12.454207	9.056915	17.141943	18.696035	19.052720	16.707898	13.747157	13.464380	20.192909	21.079398	19.093078	16.538936	12.627439	10.198177	17.162792	16.012646	9.887566	16.421183	14.580582	18.094016	21.135029	20.997428
21.041745	16.084826	13.711533	19.986246	19.676209	19.154790	15.984278	12.043195	11.643557	20.400811	17.734192	20.029495	13.378647	16.551227	20.989761	18.392877	20.669347	10.979926	20.681146	17.495628	8.815483	19.183950	9.917700	17.202927	16.778172	10.555669	11.729815	12.999875	20.355010	15.828351	8.155017	15.342521	14.223098	18.820410	15.065566	9.712744	19.099374	20.356491	18.179964	10.275823	18.478465	21.108422	13.187625	18.207993	18.158019	12.785040	11.565006	20.295037	20.958548	19.516116	18.719578	20.683224	20.507676	21.148950	15.306623	12.133554	19.702402	17.117095	20.295623	20.975225	20.662044	20.138052	14.208235	20.720484	20.902363	13.943508	15.396305	19.575684	13.397104	16.509432	17.698373	18.258669	17.018796	19.304965	14.129948	15.134019	19.968138	13.799545	14.575475	17.417153	20.200054	18.545731	20.942636	20.635104	17.568516	14.292849	20.527887	20.373375	15.958810	15.120934	21.155430	14.007816	20.842311	12.380418	10.279454	21.037441	7.956497	19.032491	19.509402	9.050545	16.994565	19.562553	19.784716	20.568893	15.457557	21.094628	14.066990	20.572026	13.662653	18.069302	17.319854	20.456459	18.955272	20.161975	15.993949	18.176247	11.872112	18.834497	15.320540	20.728737	19.306612	12.263026	8.229554	12.545659	19.898858	9.275785	14.535070	13.541788	20.244087	16.094151	20.997178	20.348852	16.855836	15.554293	12.602876	8.281023	17.996965	20.478854	18.588668	12.787636	20.265284	20.370232	20.972386	12.571721	9.034658	20.163313	18.472077	19.416091	12.644987	21.136186	20.622710	19.596948
12.480139	13.670344	12.499079	17.658814	18.422204	13.750758	11.993411	8.416931	20.824884	20.499016	7.669504	21.029696	16.007031	17.757926	21.000297	13.471526	18.585617	15.105861	20.262454	19.683849	20.697971	16.737991	16.015829	17.183133	20.815246	15.269813	20.479859	20.086884	20.902632	16.472683	20.511237	19.515639	20.543983	21.146796	15.144718	8.774920	14.495340	20.499999	18.615605	15.344914	18.532321	17.337943	16.111800	11.872972	17.580165	20.735709	20.086877	20.568319	21.046024	21.116672	8.842185	20.083130	20.256305	15.241941	7.056387	19.876441	15.924675	20.444179	14.032163	20.679902	16.503057	17.638734	18.365963	20.766088	14.249261	17.413903	21.023256	20.283087	21.090380	12.509590	12.954381	19.179007	8.711390	9.943949	12.413774	18.702607	19.811760	12.592336	13.442821	17.771215	11.124468	15.697507	21.133997	15.697351	9.881741	16.674216	19.713159	18.448742	14.488112	17.065801	14.110693	18.915598	15.634090	19.311085	20.793519	13.949100	15.266151	19.511655	20.200894	20.592207	18.486483	15.454919	19.942198	15.643475	17.091431	14.524409	11.449201	19.262764	12.623367	19.955973	16.306678	12.814659	10.974050	17.606370	17.077119	17.118866	19.928557	15.269208	19.680173	19.720036	8.388295	14.286391	20.489717	19.609528	19.133358	9.783805	20.865491	20.517416	19.214922	19.700507	8.029620	20.587607	19.685639	11.544949	15.942569	14.054054	19.848564	16.220585	17.889730	12.058304	15.664729	20.718799	19.201616	17.326440	19.510329	17.617234	8.368675	20.638846	11.775120	20.774177	19.014297	15.546335
21.158747	18.440045	17.664402	18.564556	19.622789	20.915218	17.500940	20.106274	11.404438	12.047436	15.594718	19.137904	20.005846	11.039746	14.867802	20.479508	20.194373	13.617114	20.380685	14.269161	21.130393	20.818164	14.024993	20.629769	17.701695	11.735629	19.923275	14.123299	8.282474	18.947860	17.290624	13.936477	20.110329	9.003041	21.121094	21.001386	21.159738	19.884034	14.141102	18.984413	20.443924	11.158168	16.485897	17.229287	13.636748	20.669830	14.564239	18.494519	19.965558	16.902345	17.301678	19.215150	20.037103	20.408013	18.981454	12.019388	18.938744	18.870117	5.561393	10.843219	13.678024	20.625972	19.735954	14.386198	19.915795	21.159952	20.060538	20.587569	12.148845	19.630406	19.034913	19.619610	19.896313	20.855383	19.799313	21.029801	20.537716	14.823470	12.172781	7.965440	16.859528	17.681821	17.525046	15.109464	19.743276	19.594706	15.574510	14.881177	18.032156	21.124836	19.765546	20.357161	18.620263	17.282885	21.143010	17.004766	20.796212	18.767969	21.124699	16.158695	17.962659	20.434413	11.405394	17.785652	19.900167	21.063181	12.068221	15.864725	18.145450	19.303168	18.207355	18.103998	20.918051	15.962638	19.450766	15.427610	18.402319	18.774672	20.615417	20.569437	12.568798	17.746462	17.242555	13.604052	19.641005	20.446263	16.858243	20.389840	20.456568	14.039060	11.655415	16.949677	20.788316	13.365018	18.878900	20.863699	19.733290	19.618745	14.758317	20.839202	9.447396	16.464616	14.776896	20.335247	20.337143	18.107822	17.836287	10.480318	14.910554	11.283162	6.926882	18.370416
18.017160	20.835381	18.904283	17.769359	13.133349	18.459818	16.108020	13.430966	7.505224	10.421576	19.889690	21.146073	18.696745	5.644450	14.506010	16.480596	12.273008	20.132591	12.450242	12.486384	17.672331	13.446342	11.056129	18.244612	14.082259	19.666703	17.232494	20.979547	11.949528	11.915740	18.733480	21.063191	20.988790	17.492986	18.016596	14.052012	16.889912	19.861329	15.107095	14.155100	17.452270	15.797079	11.438066	14.333329	20.903638	20.664667	15.528303	18.914750	16.289227	20.984453	18.130188	21.066421	17.488469	16.452531	12.182767	19.826408	19.564861	19.029454	20.081007	20.828342	14.296930	17.387310	19.747220	20.374348	21.076551	21.137124	17.628877	13.878944	11.909661	19.428472	21.115408	13.728362	14.828823	14.111949	14.993953	18.638733	15.424076	20.306346	20.832240	16.568476	15.562049	18.420652	16.929395	9.242059	12.210680	21.123222	20.977335	16.103178	21.023780	20.197811	13.607769	16.981048	13.239497	20.134007	12.660512	20.708340	9.879727	17.420091	12.258365	18.483237	21.150813	20.267705	12.749080	18.326271	17.533874	12.167730	19.154033	13.305721	18.769366	20.134520	19.632668	13.498797	9.758731	20.378500	12.733795	19.282666	19.450432	11.480399	14.003343	18.031658	18.360465	19.854783	20.829804	16.015371	19.761157	20.973853	19.380890	16.350546	13.887173	18.052915	20.841202	20.419902	14.756133	21.118003	12.450835	20.816927	20.887363	20.038053	20.686889	17.455867	19.713199	16.238537	12.124289	20.353944	14.998768	14.050649	10.285346	14.139945	12.430455	21.049068	9.964417	18.540688
14.420403	16.020584	20.159223	18.911975	18.501807	9.076801	19.165084	16.568904	16.726491	13.969628	13.281917	18.298256	20.556846	17.018116	13.536802	17.401840	20.688267	20.297038	20.232134	19.943780	15.014439	10.175642	15.804070	19.415330	17.979538	13.608164	18.592837	13.108169	12.556527	15.710956	19.176283	20.773155	20.502465	20.407112	15.233347	13.784704	15.180683	19.662453	15.100110	19.575889	16.501313	19.211433	19.398055	20.758728	17.426765	13.356041	17.182934	13.901249	5.162189	11.427624	18.528118	10.323193	20.099593	19.859325	21.069414	17.241986	20.533022	20.525582	20.664280	18.947626	12.708218	20.598818	13.802317	12.782585	20.815752	17.759951	20.458886	11.533397	19.500339	15.823755	20.058722	20.644234	11.097381	19.759891	16.309216	18.082375	20.871366	20.407582	9.810389	20.893380	20.589535	19.607436	18.930028	20.301494	16.859085	18.455828	12.774026	20.571633	16.502139	19.493271	17.893289	7.806081	13.653897	20.482462	21.120569	18.617907	19.178162	11.526189	18.476402	17.387030	15.201971	15.128195	11.565246	19.634457	13.798202	16.304789	17.827964	10.758939	20.950223	20.873666	11.101585	13.734848	12.372802	20.277498	18.355720	18.828191	20.489963	16.536452	17.646010	19.347101	18.981327	19.370654	16.829039	14.122898	19.342921	10.604387	19.941513	7.909867	14.977602	14.148918	20.118059	20.723722	20.666448	8.486511	14.897867	21.079834	19.779001	7.374259	19.920995	7.929940	15.826419	15.240793	8.875154	11.339417	18.205655	12.761600	11.360643	20.014759	19.029455	19.439489	19.663484	11.369947
17.795791	21.122937	18.970099	17.757675	21.045952	12.237033	18.874436	19.344110	12.137848	20.886245	16.434109	17.042603	13.561930	17.639919	20.468096	18.676709	8.431005	20.716440	16.077144	13.063280	15.712497	14.315687	16.868245	13.993356	19.662968	17.583573	18.154471	11.807715	17.865116	18.534635	18.298789	19.164060	20.683381	18.672476	14.193246	9.977386	18.662641	20.801587	17.982297	14.973942	20.149476	20.239205	7.719449	12.934791	15.879832	15.736261	20.907668	15.411319	6.885095	7.503365	17.715524	19.017610	21.111553	15.012103	19.088930	13.901415	9.279561	19.721084	17.231785	20.178821	20.940645	11.304326	20.567194	8.992136	19.087432	19.318561	20.291748	20.626242	20.924544	18.123312	17.738936	19.013236	18.871698	20.417961	17.636232	17.838816	15.142800	18.350335	18.445156	21.090041	8.112764	18.362814	15.968094	17.457332	19.731201	20.880511	20.771397	20.875009	18.578399	21.150234	6.324581	20.127734	19.150951	17.104136	18.977850	20.199951	20.568594	19.167209	18.873879	19.096671	10.413154	19.974281	20.066596	21.035281	10.803284	16.442463	19.274454	13.473364	15.320905	12.718278	20.580634	20.151099	14.458295	19.969212	11.574625	16.320628	14.007873	18.497100	18.795324	15.383034	18.217955	20.792734	20.961864	14.438900	16.468875	20.412190	19.265329	20.308764	15.210814	8.529196	14.214801	20.973975	20.108021	12.814819	21.144338	20.654601	13.646993	17.328782	19.298333	20.890335	16.233611	17.340283	8.266513	17.098585	18.331102	20.073686	19.618223	20.947597	20.217694	17.390846	16.737859	13.488996
19.664053	18.743192	19.287338	19.086625	18.648527	12.245464	15.374048	17.769305	19.033728	17.524469	21.053401	21.086018	19.186538	12.201426	14.504871	20.757479	10.986691	16.523604	18.923336	20.033406	19.479752	19.049120	19.554054	17.850439	12.725761	13.839207	16.847639	15.162777	16.047253	18.623267	19.301972	20.732606	20.761894	19.883520	20.429920	19.584142	8.673325	17.631844	19.318617	16.617292	20.307213	20.646950	11.059598	13.081509	11.693709	20.768851	18.360905	17.520726	16.792205	19.514025	12.891681	13.580213	9.935316	19.817367	11.942622	21.132940	11.629343	20.234547	12.870776	16.459989	20.084461	19.492729	19.558193	17.380730	20.681935	19.308275	21.043689	19.852993	18.523000	10.488185	19.986686	16.241970	17.839290	18.563246	12.598610	15.868896	14.032710	20.716136	15.024004	19.519297	13.482049	20.361874	20.756408	12.321340	18.945165	20.491662	20.189943	18.228164	18.593211	13.788773	8.631902	21.079798	16.966967	15.587540	20.488277	14.287802	18.791911	19.389290	19.650074	20.739464	12.716501	18.102116	20.907955	14.024491	15.006659	20.539740	16.941761	16.016366	13.118272	12.928980	13.015526	20.191862	11.059835	13.089715	18.028722	12.173797	18.913485	15.315238	16.738834	15.476286	16.110075	20.533672	17.241365	17.345888	21.088323	20.409174	20.823262	7.276794	21.040665	17.978714	20.715187	18.611603	17.339870	15.633480	8.144953	16.479256	18.073723	21.031758	5.425568	19.808836	17.419089	21.025066	16.783091	18.840224	13.796561	12.588848	16.629209	10.301417	20.641114	12.510730	19.615304	11.909591
14.142051	16.265983	12.080554	17.013092	21.128862	11.587569	19.050374	6.992309	11.186069	19.677283	19.055780	20.568096	18.919592	19.073818	18.702123	14.862633	19.714245	20.890854	17.252178	18.736058	17.588756	5.729760	20.633297	14.751905	18.808148	18.097334	19.342538	21.129487	14.637696	8.815564	18.060746	20.002458	11.847411	19.633180	20.503482	18.807869	11.895049	18.275493	18.009199	4.721771	17.799270	10.580156	17.789232	18.008585	16.371610	17.593318	19.419969	8.650229	17.608004	20.121407	19.178168	11.285611	20.882286	14.128552	14.718494	7.836242	20.964612	20.907831	17.680986	15.509235	16.649595	21.068313	20.473396	11.901497	15.174721	14.359387	16.623663	19.390949	18.172740	16.023552	19.674721	16.324275	19.024272	17.584594	12.172139	19.979612	16.048520	20.990904	13.461126	19.165988	14.606002	19.937194	20.635398	18.645787	6.494328	9.994351	17.872742	17.364073	19.886383	14.947683	11.371227	10.051573	19.455900	18.858380	20.913189	20.784252	19.420919	10.165847	20.231604	13.961617	11.399373	18.272228	16.678699	17.876684	18.205360	5.420517	17.033492	15.420637	17.361202	20.217995	19.931276	20.731739	19.349980	17.278350	16.947449	16.440137	15.503438	5.203164	10.593036	20.903530	19.337716	13.081760	9.306944	12.751116	18.364744	17.251869	13.530473	13.614170	20.020920	19.848818	19.830445	20.181686	14.437020	9.720251	14.572606	9.488094	9.497430	19.592372	16.606216	19.036508	21.090350	15.131995	19.194092	14.259093	18.949812	7.704746	15.455872	20.586819	20.951402	20.848641	12.947989	13.633725
10.977210	15.097025	21.037379	20.396722	17.279560	12.207355	21.044531	14.157850	13.173180	11.530029	18.452639	18.449185	14.329380	19.222449	20.982799	19.898717	20.489383	10.685809	20.333802	18.171416	18.796810	20.030248	17.314556	13.781437	17.309276	19.916889	6.757931	20.683447	18.947975	13.008357	20.199029	9.780185	17.463599	20.367574	20.632481	17.585875	20.425007	20.729167	18.292239	18.852172	18.721255	9.856491	19.966979	20.192949	17.977226	17.501802	19.479707	9.513819	20.132349	11.346637	15.365167	19.691491	19.370195	13.768595	10.421890	11.838342	20.868729	20.395147	18.042018	19.837333	16.028331	18.133833	20.433678	21.119662	20.400235	20.794233	19.970799	11.475890	15.175213	15.466616	13.264018	13.770465	16.382489	9.792408	15.105203	20.464316	18.162823	12.180171	14.206669	10.657114	14.251999	11.853404	20.192545	18.338368	20.711665	18.775216	18.277880	19.119768	20.401556	17.030710	9.539129	19.604281	20.631293	19.217815	21.121787	9.184652	20.032208	17.578552	21.030443	17.177510	19.120356	17.706591	15.622319	17.061584	10.240979	12.995068	19.864986	18.250976	17.410619	16.585623	8.519896	10.951846	18.333519	17.966478	17.504719	19.506906	18.578406	13.743438	17.817107	20.323679	19.779853	14.116323	16.203138	10.935982	12.311343	14.944792	19.984507	9.363975	9.180863	10.109084	20.437042	7.856638	13.752740	15.760335	13.242444	18.549731	7.963031	19.899955	18.926305	19.193113	20.097627	21.141625	21.014694	16.044259	12.418118	11.305712	14.115955	15.839786	18.279078	18.484484	10.817801	20.158323
21.128591	15.796064	8.338657	15.996779	19.950964	20.472480	12.886788	19.719106	20.904543	20.981115	12.415806	11.714641	21.052201	10.536207	21.027509	20.828584	20.949311	19.553106	11.878458	18.243926	18.523189	20.182578	14.560220	20.924178	21.069770	20.075400	18.472344	15.919606	11.508117	18.889922	20.704271	20.175291	16.940709	20.084650	18.772387	19.233576	20.579698	17.884676	20.757952	20.946821	18.050460	19.115271	18.734584	19.189624	20.156095	17.023047	20.364125	15.356288	19.925786	16.830962	17.387233	20.887621	8.649718	16.220466	20.943993	20.021478	17.562894	20.497649	6.919235	17.144840	17.534188	16.798375	20.914095	20.944119	10.695333	15.955371	12.368575	16.520117	19.487494	13.022321	18.555899	8.784201	17.539258	17.966775	8.146019	12.917095	16.392680	20.705335	16.032301	4.692255	18.644216	20.310597	13.310072	10.380333	17.274798	19.177838	16.875569	12.983143	10.963794	11.381927	21.106585	20.062951	6.407929	11.836614	13.357643	14.524467	11.139544	18.218605	17.111754	12.579629	13.731763	20.323632	18.691889	21.121551	20.336241	18.917169	16.570478	7.941253	13.056219	20.048474	15.756558	6.384195	17.241684	15.647750	12.935720	13.910512	20.460765	21.105753	11.530993	18.918390	18.810261	13.448466	13.992117	18.346503	21.087599	10.718658	17.326535	16.897316	11.943273	19.969654	16.277824	5.697408	17.037381	19.885956	21.087952	15.274756	18.763937	20.461661	10.584097	8.450204	20.878345	16.869924	17.288667	15.794861	20.041919	14.846659	20.757825	12.199598	19.266471	17.839124	20.151769	18.720069
18.514534	14.498290	7.340671	20.987242	19.238265	21.014740	16.867384	18.434457	16.311480	14.414471	10.437745	20.894845	10.461333	18.710041	16.439942	17.008019	12.274751	20.155886	20.188944	19.228878	19.294954	18.078961	17.757932	11.236218	20.295140	21.159938	13.763893	18.786941	17.425219	18.702289	12.158272	19.902680	9.672131	20.808389	19.557321	20.974908	17.959958	13.967900	11.544990	18.054532	19.597305	11.834476	12.017815	19.157766	15.857735	20.951084	15.820005	12.998896	19.594086	12.743912	19.050679	10.224152	15.894717	20.383492	20.778396	21.140263	14.332362	18.672529	19.679681	20.578129	17.126428	17.788912	18.365026	17.256370	16.603069	16.451831	20.200875	20.861222	13.053525	9.711457	19.933666	21.033693	6.472855	20.817899	13.469534	10.842327	20.864938	18.664711	16.332807	19.433553	20.680766	19.213745	20.291050	10.136766	21.112763	18.271717	17.101775	12.294019	13.179654	17.689304	19.877496	10.091074	18.145762	19.380688	12.901945	15.535794	20.901604	17.195793	13.540211	16.369780	18.195885	19.501680	20.875291	10.924369	18.795379	15.975317	19.232020	20.342143	15.938387	18.671992	20.981645	21.146860	12.342307	10.104441	20.921022	20.724792	10.447511	20.362270	17.231821	20.681123	12.781094	19.858301	20.196777	12.386254	9.545017	19.489259	18.911926	20.930273	16.674700	19.250314	18.101487	20.580001	17.988888	9.656647	19.645369	12.447540	20.072781	11.835770	17.907710	9.891104	16.564205	20.884316	17.643474	20.053243	17.847294	19.220819	11.548564	19.308020	20.531466	17.120148	16.333872	15.183640
14.833758	14.944169	7.688723	15.299683	16.618872	19.549969	20.684377	11.796078	12.807557	10.962755	15.692440	14.845354	20.185300	21.114668	18.945653	19.967160	18.307810	19.761809	19.110910	20.238291	11.658904	20.520175	19.226580	19.722477	11.028039	20.449006	18.557959	8.579116	14.449148	19.108186	18.553955	19.448760	18.476957	9.547381	12.762312	20.617700	15.982757	16.805814	16.375433	17.980875	14.201369	19.309180	10.813060	15.698652	20.224421	17.464185	21.000157	12.578348	6.439972	17.600309	9.140367	17.655912	19.188029	16.553446	16.676076	18.361621	12.024275	16.915936	20.987832	21.012656	16.581679	7.506908	16.773447	18.970142	21.142664	18.424289	17.254131	17.578102	17.564093	18.845048	19.884394	19.282051	18.477575	16.444786	11.699107	21.142067	13.922640	20.356712	18.769081	20.178631	15.312824	21.032046	21.104796	9.488074	16.496429	21.088210	19.603824	20.621089	19.265407	16.213811	20.928215	13.519703	20.649178	20.603425	21.106128	12.606047	16.377274	20.938806	15.839161	17.510468	17.818281	19.805247	19.612748	17.471597	21.131901	14.431224	21.145413	16.582989	21.117737	20.332477	16.890557	20.542578	16.195410	20.209937	16.493741	17.506265	20.546094	16.664098	15.802738	16.175935	18.480737	18.286353	13.443653	7.392939	9.838750	20.726667	21.108946	21.079215	18.711951	19.969613	13.832959	18.787144	20.824430	12.937492	17.295668	20.693154	20.604373	19.182305	17.977007	19.186975	21.093847	14.288395	21.149662	9.486747	18.807880	20.474482	17.614962	19.830913	20.060782	20.187482	20.272261	13.607700
10.120311	18.985405	21.005651	18.236552	18.183263	17.957465	17.125698	13.451859	21.138320	16.529675	20.839622	14.544223	13.920124	8.497447	18.694466	17.821572	21.018062	20.993674	13.893152	9.828736	20.447884	20.387535	20.971432	15.456201	8.329475	14.257262	14.957324	20.961628	16.549762	19.758429	21.154375	21.022504	10.218162	18.634864	20.732690	10.885321	16.270068	18.926529	19.372925	14.762596	15.836274	16.535020	20.441921	20.091790	19.419170	15.409748	14.719861	17.391756	16.541724	20.566151	19.711414	17.955874	20.594532	17.253244	19.207985	20.788081	20.832329	18.852562	20.933730	20.173722	10.041864	5.920731	9.078102	17.506116	18.900919	14.994928	20.821965	18.437466	20.847519	14.086663	21.124799	16.559136	21.148025	20.799757	16.934041	21.065979	16.233888	20.652303	20.527321	19.892791	20.094162	17.441003	20.037205	12.134942	17.328067	10.046696	21.072534	20.070787	19.132057	12.899007	17.228957	21.155332	17.038304	20.350875	15.275305	19.007579	19.734385	20.211862	21.014891	17.650557	10.242833	16.729268	20.377041	20.517940	5.030034	20.462518	18.726122	20.041922	11.522398	21.118299	19.820387	20.870103	21.030293	20.765394	19.808652	18.216451	18.406018	12.929307	17.130678	18.143070	14.416918	10.860153	20.209550	19.890272	21.049385	17.384259	17.126585	15.490024	21.099436	11.846682	20.394258	9.214496	19.679720	10.009808	15.384224	8.241874	16.356294	12.668829	10.685267	17.124754	14.454146	18.763159	20.682931	19.719918	17.573502	19.514059	11.336827	19.723574	9.764611	17.869915	13.690659	10.633649
20.716723	20.483526	16.000645	18.054811	14.656751	20.823754	19.824780	19.923131	16.351847	20.461493	14.172252	12.907312	18.610561	21.149584	16.726394	19.008614	20.418219	13.911484	10.110358	21.052446	14.835170	16.977890	19.728727	12.287419	21.147290	15.245462	18.356496	14.359931	6.613782	19.099584	11.575573	13.624942	16.838861	14.568789	13.509806	14.214640	16.402076	20.758628	20.937812	13.943447	20.052803	19.563683	16.694565	18.892405	19.341626	18.239848	15.719386	20.772799	20.891960	19.480964	15.057343	11.507815	18.714278	16.809594	20.995683	18.147234	19.233477	13.811912	20.683809	9.424372	21.089020	14.912001	18.524133	18.477779	9.096186	15.890812	19.024995	16.626064	12.112693	20.210805	14.728030	20.683946	17.657192	20.828681	15.931535	19.734731	19.717277	17.143266	9.347416	17.034029	15.328318	6.262477	10.132117	17.612787	15.187681	12.515128	15.379634	17.462217	20.996903	19.347425	17.336584	20.284143	20.478909	18.628679	17.543433	20.788747	20.817348	15.930576	20.065974	12.083113	16.686079	21.040466	15.053289	10.021717	10.811641	17.041169	19.917737	18.402538	19.799839	18.947640	20.925437	18.652109	20.311497	21.149240	19.459392	20.597492	16.634717	19.677122	10.335239	15.623583	11.538113	21.080909	17.434293	13.591983	18.832117	20.132578	8.912862	20.671182	18.123954	17.963337	20.516990	10.437340	15.337795	8.582705	20.902863	16.901299	13.825104	5.901916	13.442688	15.766734	19.445136	21.007492	13.400450	19.050634	7.664291	17.731758	21.056647	15.965402	14.823993	10.836279	19.677754	20.680732
20.443422	20.806183	21.155401	17.301372	15.290513	6.798342	17.746021	20.910862	18.902392	19.692247	18.186213	21.151322	14.385731	10.603991	16.073005	20.884635	19.208433	19.291650	19.354338	15.334841	20.497876	20.705621	20.738606	19.352918	15.212065	14.457467	12.113041	13.288573	20.384134	20.581048	16.677002	19.269929	16.491557	20.186767	14.770945	16.366545	20.392328	20.310493	19.715563	12.650218	17.367000	15.769899	12.982738	13.882424	16.403298	17.180098	12.126450	20.351113	15.936761	20.771418	17.313192	19.503544	19.697311	21.038639	20.778884	20.450175	16.065824	18.791529	18.083006	19.651995	20.679500	14.014042	19.410881	14.754007	20.915259	16.884585	8.747924	12.872538	18.397991	20.758561	20.130223	9.868626	18.761463	20.047100	17.994837	20.924018	20.236056	14.927779	20.262119	12.271272	14.855092	17.369426	20.820492	15.164836	10.506812	13.578331	18.501628	20.317660	19.751469	20.066164	21.101712	15.383365	20.481299	18.650331	17.695026	20.273385	13.310281	8.300093	20.992335	15.464584	19.894608	20.904966	11.301460	10.502001	18.621829	19.183544	19.011253	19.449458	20.582489	20.744369	17.004479	18.823221	18.237568	16.526149	15.278421	17.193121	20.919577	21.109216	19.067834	17.652856	12.819988	14.432821	14.496202	16.693663	16.284193	19.339093	20.217394	20.729017	13.307724	20.156306	12.617238	13.426224	15.260726	19.808193	16.351379	13.645763	20.402281	19.325240	15.943664	13.227142	14.520278	10.759170	17.778339	19.341874	20.252590	19.650560	13.151663	18.355396	20.791458	20.895986	19.551454	7.909627
16.807504	17.585983	14.989528	10.800762	14.127024	19.797817	16.330335	17.135852	20.081624	19.800752	7.292919	16.254313	18.549360	12.594642	20.885193	17.474225	20.296137	9.752390	17.811600	20.566257	16.201808	20.720511	20.852667	16.355966	20.563741	20.105368	17.440105	19.320809	5.897075	15.819105	14.316896	16.273446	9.987610	15.898334	14.537818	15.232555	20.014759	18.678774	17.142630	20.384128	20.439340	20.041514	20.192389	7.245433	9.012839	17.663495	19.973838	20.294023	10.691850	19.501080	17.210879	12.505472	15.701365	16.932753	19.065297	20.899157	5.829414	10.347978	16.661014	20.885545	18.695806	18.353281	17.613910	20.162130	20.469714	19.445209	20.547856	17.955878	20.084006	18.563874	16.866644	16.262052	18.974562	7.691805	20.398359	14.942414	9.913871	16.958803	6.461489	19.803308	14.922136	13.357346	20.555332	19.658086	16.429458	18.635950	11.045956	15.328294	14.713149	7.619300	21.018914	18.679804	20.012951	18.077423	21.155903	19.751221	18.113190	8.802609	19.871573	14.540791	19.864908	6.740751	20.912605	16.402625	13.822358	13.135660	19.997733	15.405950	17.545727	12.672135	15.833226	20.333560	18.387528	18.855854	16.273442	18.322192	9.860427	17.098810	14.580216	20.956006	20.929381	20.152857	16.620160	20.485095	19.913073	9.024878	16.681146	20.667447	19.960543	18.430016	10.884892	17.629389	19.446827	19.834118	9.423248	21.088396	19.868555	17.629951	13.710670	19.636510	16.650293	11.684284	19.492862	11.673598	18.659854	19.154425	18.616149	17.849190	14.813393	17.112164	16.667639	20.438085
20.118336	19.250017	18.401342	17.167805	17.622519	16.340754	16.687302	19.589887	10.468357	14.054001	15.161655	18.703503	18.603787	13.481228	19.749697	19.109645	19.741315	17.081017	18.722616	17.443471	8.508085	9.325696	20.815436	16.966117	20.768872	17.697956	15.638268	18.192267	20.804068	16.955399	20.797618	15.936693	20.656778	18.898364	17.926620	15.581607	17.754370	19.507001	20.665268	20.716366	18.080269	19.479836	16.436505	18.786663	17.455654	8.798901	14.224479	9.918395	19.372356	7.775083	19.586916	6.492592	6.711659	21.046672	17.199220	19.667522	15.017350	15.193194	21.020295	17.202780	12.296394	20.666204	19.814036	19.595691	20.295254	13.749903	19.608185	20.372858	20.481291	20.389906	15.545117	18.255740	13.787198	17.921121	20.141779	19.906656	11.268715	13.402727	15.000545	11.106231	8.988482	18.631407	18.968135	18.158137	20.894757	20.568618	15.748881	13.692822	20.273983	21.117288	19.916836	20.009164	13.824690	16.210964	16.460116	21.152919	18.748466	21.067863	14.120770	17.266054	18.930893	10.456868	10.695834	19.115180	17.022887	12.209115	17.151900	19.430493	11.852732	16.844284	7.262364	20.069980	14.877406	19.629156	15.193664	16.907439	7.873559	19.124931	18.393671	16.400337	18.730478	17.704379	13.120649	20.581004	17.249961	16.516089	17.348325	19.798562	7.313332	15.318485	18.444109	12.905065	7.020689	9.252426	13.064396	19.435891	18.792039	19.888553	19.861588	19.304399	16.225352	14.460104	20.682553	19.383292	19.253640	16.519459	20.128050	16.392833	18.858722	20.506561	11.000546	17.377073
20.849467	10.567253	16.432702	20.927623	17.033845	19.668634	5.711283	21.026369	13.748482	11.984846	21.145464	19.816335	18.742230	18.943105	20.221739	12.681909	9.023979	15.182859	4.965975	14.898685	19.758048	20.755345	16.450813	17.346874	13.610342	19.382031	20.946493	9.864174	12.600416	19.002463	19.913640	15.370015	10.784105	15.796752	16.107575	13.159886	12.940481	18.307336	5.217615	20.372525	20.951727	12.265254	12.309227	17.094895	18.183822	21.041200	15.248492	18.446808	20.040229	20.310531	18.992812	20.258566	5.982668	14.438534	15.887794	8.272529	15.388560	17.737087	14.758801	7.680209	16.094777	20.425797	15.201539	10.662740	20.758117	14.735084	19.872965	15.380531	20.362036	20.777204	20.902712	20.925049	9.796030	13.781903	19.744254	15.394236	12.395717	18.797935	19.569863	6.785241	19.604629	15.066508	11.731713	15.441026	17.862544	9.444425	20.955865	20.409196	5.137095	20.868940	10.810402	19.921317	17.248283	14.154988	16.431159	15.646767	17.682286	21.128908	16.754872	18.074841	20.958423	19.269246	20.891450	14.954432	19.175284	20.929925	18.013123	20.309325	20.515285	16.135576	12.975261	7.924327	13.255465	11.264902	13.860586	16.074697	17.928215	18.997529	20.112071	21.141224	17.423948	20.453295	20.836692	20.815082	11.606390	20.049585	19.980560	19.080023	11.399032	20.830322	14.011889	12.410901	18.255330	14.210165	20.983498	19.816388	19.572712	19.168294	20.332516	15.107530	5.468933	20.863564	19.338381	20.626107	20.837234	12.367538	15.727753	18.022985	6.055900	17.779185	20.852112	14.789047
17.339599	12.279685	16.632216	14.069723	20.052796	20.856996	19.456000	19.942960	13.366417	6.722488	19.965365	19.287559	17.461236	19.509431	17.937566	14.485671	17.694549	16.630808	16.648357	14.814246	20.729145	20.785224	20.940944	16.868384	16.658349	19.895014	21.068907	20.641153	20.572871	15.891624	18.278398	11.523901	17.944665	12.672747	18.700766	18.925442	19.123576	15.180722	19.038891	17.327927	9.850939	21.037200	21.055074	20.494589	19.923422	20.736694	9.886814	20.954845	20.123608	12.954907	17.011105	16.553078	16.072289	20.593599	20.998509	15.349408	14.812752	17.134629	20.240651	20.657186	14.456363	17.439190	19.139662	11.492853	12.685087	19.417671	21.038202	18.135472	20.030556	17.156841	17.587321	20.989470	18.111011	20.682360	18.842805	18.939523	20.213577	16.835516	20.438822	15.029679	19.029117	20.008330	15.691400	18.391893	20.881535	9.380339	13.097462	16.251352	12.688305	19.226886	19.900663	15.808670	18.947040	15.960137	20.918916	8.607581	20.563574	20.989207	20.874417	9.648371	16.419861	14.384444	18.399511	19.517537	20.090806	19.457227	13.502582	11.828701	17.775457	14.395197	20.910978	17.832240	14.302454	18.701078	7.204961	16.667424	18.205937	19.476308	20.204470	8.445307	16.066165	18.843991	16.311154	16.703344	20.753170	20.855551	15.991933	21.146161	13.058394	11.319370	19.794856	17.113282	15.041371	6.435822	13.041441	18.614531	15.559400	20.962664	17.674051	20.173744	12.263771	18.903533	8.973150	21.057283	17.277397	19.691680	9.176685	16.909337	19.357250	16.737552	15.923176	16.017861
19.212940	13.213716	14.219547	12.023378	16.891967	20.721831	18.287330	20.518025	20.751870	19.110982	21.125873	10.474209	21.144543	8.483234	20.830720	19.636403	14.160548	21.060243	14.472491	18.385096	20.204677	20.909290	17.048098	12.293458	13.988099	20.706628	20.773054	18.278779	11.514151	21.083454	20.270313	16.768968	20.045298	19.612192	9.568088	17.817086	20.894990	18.785685	19.842456	8.399249	15.543084	14.442093	20.124688	21.151423	19.345156	20.689014	20.416187	15.671253	17.300196	16.893095	16.778524	10.693863	20.886390	20.733486	20.735715	17.258525	16.555693	14.386674	8.612494	11.775660	10.218295	16.008614	17.598769	17.583725	17.756358	16.269831	18.590016	21.041650	15.348873	15.754071	20.966280	14.938155	16.475588	18.625002	20.322289	19.115396	19.392237	19.583710	19.954286	8.051987	21.154007	9.918021	16.977226	7.753142	20.130468	17.573451	18.695824	11.618675	17.780967	19.644532	20.187507	20.386233	16.754042	21.153408	20.763874	12.123491	16.721743	20.163396	13.794232	20.468642	20.624231	15.926155	21.103086	18.010591	20.211019	13.775947	20.416638	20.771525	19.015797	15.962337	21.045491	11.314054	13.648560	15.105069	12.815406	20.176525	13.337344	20.334179	14.576909	16.341889	17.750314	16.279386	18.664119	20.812010	18.792529	20.920225	10.924477	20.267051	16.288050	13.040496	15.618135	17.833268	19.437035	17.320494	15.974558	21.143168	20.352795	17.962397	20.471926	20.936014	19.680039	5.910198	18.645102	18.679996	17.554366	18.737570	18.517142	18.466281	15.483788	18.581657	18.658735	18.506518
20.310513	18.681926	15.806205	12.000008	12.035186	16.020665	21.109061	9.817509	17.646950	19.895860	20.007543	13.679340	19.983050	14.668193	15.741610	20.788587	17.699496	18.521420	20.635586	20.822969	9.837551	10.596833	14.384063	19.329791	19.095002	7.584426	19.543362	9.282153	20.265962	12.803023	14.798016	20.937392	18.468436	19.816780	12.541520	14.374543	9.433473	20.540343	10.543263	17.747940	17.672282	16.094683	20.403511	17.322105	16.065367	15.195587	20.053729	18.659115	16.784323	20.284456	16.564548	20.845579	18.479328	20.912961	19.711854	20.208652	12.048444	13.114970	7.350784	16.068297	20.155489	17.435112	20.239718	18.304125	19.153243	18.534215	17.753446	18.271084	19.169672	19.163573	20.854005	16.627927	18.217574	20.576284	11.203041	11.431273	18.928215	17.555989	18.694684	19.907333	17.654664	19.613442	15.169597	16.491105	20.075749	13.925718	19.868032	10.225296	14.760763	20.970585	16.657643	8.789233	7.208925	10.220267	12.402283	17.579718	20.216923	8.049382	21.030742	20.162463	21.155162	15.498746	18.079330	20.230719	15.096027	18.636597	17.478729	19.060210	20.734324	18.422624	19.017678	19.741201	17.337050	15.393064	19.330114	20.616132	18.116820	19.463819	18.253365	13.638702	20.441817	16.368987	21.105466	5.474352	19.594614	20.646055	19.708812	16.079934	18.668746	12.627783	16.346596	18.102933	16.213307	20.242790	13.901425	11.825914	12.660114	18.075504	20.481927	21.053279	13.441769	20.969773	16.442236	20.560289	20.611493	20.908459	18.392699	20.240358	8.255757	20.838859	15.589778	21.078098
9.611828	18.357545	20.907085	10.360152	20.051104	18.592796	17.061711	7.462710	18.503925	17.081680	12.440525	12.736756	19.287641	15.888945	18.417249	18.966113	17.618013	20.490279	19.429304	18.992077	19.437329	21.002867	20.877408	18.904534	18.611827	19.533967	17.059253	20.021959	11.535193	20.993682	17.780274	20.709550	19.781450	14.621263	11.546848	16.928848	16.232047	19.870002	18.737974	15.300334	19.764028	9.446061	16.499515	20.161155	19.272811	10.126186	12.902696	15.346488	19.872061	19.719695	18.582330	21.149347	21.052079	13.710835	21.128416	17.169879	12.527729	17.337942	15.721017	15.546710	20.850680	16.647584	20.701422	13.953175	18.803337	21.020220	7.565221	14.865027	21.036027	12.241306	19.262474	20.751079	8.751326	19.777162	20.353967	20.704055	18.963559	16.985252	20.476403	8.393094	17.146243	20.875380	20.756847	20.583298	8.920975	18.344783	16.580535	20.441494	19.941225	12.997947	18.255757	16.490946	13.265616	18.393950	18.354073	18.614088	13.947942	16.879411	14.094576	6.261510	17.546950	20.414895	20.135524	15.876585	18.025230	20.136913	16.755543	14.543404	18.057129	18.464926	17.630982	20.534677	20.883933	20.109946	21.053603	19.026982	18.683301	18.330740	13.156070	20.588271	18.385623	14.146403	17.849216	19.025970	20.145398	14.949127	17.785298	15.233440	13.792302	16.520292	11.758739	15.985774	15.751466	19.506459	18.804845	20.802862	20.487685	16.967582	14.030537	7.254093	7.988840	19.793992	18.628892	15.688430	19.032562	21.137770	20.728964	20.065949	19.319915	16.377087	9.061337	13.084424
20.698634	13.491534	15.343417	19.850618	16.681185	17.403958	13.912342	17.533296	20.659898	16.774150	20.044144	15.139159	16.776926	8.987506	20.942430	20.392972	7.443510	18.485964	12.025823	17.220182	17.789092	16.998896	19.861884	20.600545	16.967714	18.806385	19.833434	20.079095	17.667172	18.147400	13.694795	18.407294	16.198661	15.556455	18.831163	17.514392	14.025606	20.954504	9.428347	20.267474	7.722771	19.811177	17.994283	13.633120	20.918229	20.892155	21.051293	20.059679	18.246666	14.141822	15.813934	14.150332	14.658703	21.139618	17.793666	13.816011	13.022121	15.761069	20.503681	16.925110	12.617601	13.183505	20.706692	18.104997	19.679121	16.174494	20.276292	20.763790	19.640449	20.904521	14.945513	12.895431	15.497435	8.579397	10.780523	17.446901	21.078381	16.700533	21.095327	18.854430	21.138826	12.838441	9.595036	17.552381	13.728891	19.065799	17.855408	10.910911	9.410309	21.074929	14.970092	19.330347	19.471763	17.321321	16.979450	17.868583	8.471812	19.341660	13.034524	14.315309	15.243375	19.997960	16.963781	14.892594	15.493605	20.334125	17.420150	20.896343	11.116408	15.156604	19.853785	21.049010	20.589455	18.674401	20.757548	19.158467	14.697368	17.129978	20.864632	19.750960	21.114886	19.049518	10.354343	20.433059	18.994197	21.024273	15.776105	18.606702	17.319526	16.877830	15.759535	20.343018	15.019297	14.822495	12.469761	19.557857	19.723766	19.649390	7.027006	21.157600	19.608197	18.194752	17.105710	16.334019	20.958362	16.626549	15.683236	13.419542	19.427540	12.819614	16.369055	18.632485
19.086036	17.482876	10.778362	10.415865	10.655022	21.066245	10.768312	11.623785	10.757666	18.268775	15.463684	20.732964	10.856139	15.573015	17.584165	17.986808	5.264913	19.255037	20.111680	20.784660	15.359729	6.561466	13.405871	10.599470	10.829009	19.009151	19.667314	19.739201	16.977780	15.903815	17.172063	11.679205	8.561429	20.057225	20.955355	14.219375	14.518641	19.454184	19.375234	19.374404	21.143181	11.663788	17.655414	18.278172	12.266482	20.908388	6.371801	19.612225	18.417172	16.603713	15.866423	14.868647	16.719712	17.433815	19.079743	20.769992	10.117252	20.792370	13.975555	20.676799	15.742902	17.587375	20.067503	10.728753	16.924660	19.962434	10.939904	20.144039	19.835877	11.779019	21.020911	18.829997	20.468641	20.546875	15.312397	16.839728	19.285601	19.278894	14.690586	12.001716	19.180208	20.894593	17.978504	15.737475	6.400139	20.833172	18.550611	20.034029	20.810191	16.249577	19.019212	16.515514	20.758765	20.099146	12.420355	8.285146	10.824608	18.953960	20.164593	16.595403	19.906235	20.744904	11.280348	12.369208	17.061154	16.476284	16.602126	19.957432	14.043466	19.297323	19.984380	20.941669	18.901010	17.103780	16.620315	11.367943	19.661870	20.927028	14.701011	19.821998	19.673988	10.088407	12.472781	20.174544	19.046047	20.616495	14.485577	13.475979	20.464259	16.565537	18.464968	13.893290	19.325912	9.845103	17.144336	13.136964	18.483538	18.256719	14.884062	21.023626	14.344058	16.336693	19.855924	16.994564	17.215516	18.189827	7.666389	21.109493	18.728546	17.097263	21.016529	19.547499
19.618608	20.681296	18.219514	19.525840	18.116900	20.785423	19.091513	15.420383	17.337796	13.123703	6.254393	8.574065	21.140418	21.104322	16.939100	19.329621	19.434926	11.895941	19.640078	13.237670	16.541777	10.790140	16.228685	15.902066	13.797769	17.198468	18.841123	12.802518	20.992385	20.175811	12.596010	20.904340	15.233999	18.957668	18.647621	17.033886	17.310009	17.033911	14.251237	10.105706	12.824708	18.731782	20.924547	20.589545	18.073960	17.232165	20.676490	20.905676	19.925125	20.868633	13.619255	20.985871	21.102766	17.007341	15.483209	19.570947	14.746129	20.942058	19.070146	20.231385	19.546575	15.573804	19.769123	16.330430	20.626527	8.531916	20.410783	18.529948	17.105589	17.549456	16.886737	18.049694	14.288808	12.126343	19.509863	20.290836	18.689744	10.929333	20.906857	20.964204	6.980421	21.152014	20.261511	18.734008	13.849706	20.775980	13.128346	13.579461	20.262114	16.661480	20.670568	20.137813	17.989433	11.941962	15.761031	15.244041	17.852274	20.066175	19.311636	21.154722	17.492993	20.610772	19.271365	19.864226	16.067025	20.822128	19.472426	13.920455	21.081529	20.924732	19.150758	13.198624	9.648869	15.150710	16.188508	18.433323	21.031963	16.651380	8.823768	15.381932	9.333765	19.651808	20.971483	13.479338	20.937171	20.658763	11.381514	20.785860	18.225481	19.127438	20.493317	13.841916	20.796575	20.438767	17.210818	19.291626	9.461963	20.986998	20.770898	15.398205	15.920845	13.313829	16.091749	9.994407	12.944901	10.568784	20.369244	18.432884	20.896544	12.132101	20.035227	20.928186
20.216915	20.784852	17.346421	18.601268	20.224875	19.158334	14.442273	16.376667	17.234044	18.009001	18.737004	19.896502	12.976705	11.619710	18.554404	19.442080	17.497218	11.137402	20.405005	17.697652	14.893571	18.698969	17.973523	19.009902	19.283092	17.800582	10.880377	19.490625	13.153889	15.207480	10.021342	10.715501	20.146858	11.977617	7.903510	17.247580	20.998444	19.274172	17.166797	20.927386	21.100475	20.000633	5.225734	14.624594	15.228034	15.511169	20.555421	19.123123	9.516805	10.453527	16.180349	14.282970	20.416959	15.594047	17.301862	15.452817	19.323547	20.400135	15.777490	15.213095	20.504609	18.812698	20.972537	18.864709	18.671104	19.063224	12.285345	18.254316	16.963040	21.053419	13.108060	16.524306	18.883004	11.906565	18.572374	8.917411	20.114424	21.081710	13.539011	10.957130	20.732476	17.142015	18.084292	15.358775	20.198584	16.554162	19.773737	11.946290	13.583802	16.340923	20.529243	20.641503	17.725544	19.354723	17.224822	7.434269	20.113209	12.528540	6.552009	18.210194	12.869646	19.255172	16.200275	16.618040	18.354271	14.374715	14.671593	19.714639	12.835692	17.631214	14.619605	20.041640	12.916439	19.442599	10.434018	8.704902	12.609969	20.321263	15.338482	20.426164	17.015934	18.946279	18.857007	19.252061	15.937831	20.804411	20.266738	20.906857	20.188212	20.449136	5.967385	21.025569	20.889731	13.256124	20.695087	13.081114	18.083942	5.140528	17.783153	13.422053	20.655120	19.738534	12.321678	18.161099	18.891597	17.651226	19.916602	20.461188	8.664943	10.508848	20.384726	10.338656
18.850073	14.225064	21.100871	16.798664	10.009221	17.861664	20.692675	18.599317	18.186125	19.953156	19.802955	9.309443	19.485453	16.987838	13.735558	9.279134	17.003778	6.976875	15.793240	21.127159	20.800021	14.547398	19.172454	18.784697	12.782625	12.145028	18.102402	21.079646	19.535150	7.224174	15.340775	20.597227	19.350438	19.850834	9.925689	18.416713	20.953079	18.618772	18.608520	17.963668	15.838814	11.724089	20.491918	6.095237	14.080480	20.489737	15.536581	18.480875	20.742314	18.508005	19.313990	17.443161	15.910780	20.367667	8.897258	13.012172	19.821085	20.733567	17.519911	20.957623	18.261034	20.540648	19.833738	10.514484	19.597490	17.695608	11.041098	18.475122	19.322197	13.084590	15.289297	16.810630	20.931395	20.314622	19.751515	20.656393	20.148143	21.141083	17.541899	18.542057	12.208852	15.546144	17.468864	13.205369	20.347135	18.565410	4.948320	20.768508	20.579518	5.829584	10.505777	14.020114	20.224038	15.575195	19.380817	18.624175	17.118097	18.012702	17.392875	20.928267	20.271046	12.903234	20.360052	20.157113	15.041726	19.268324	7.983184	11.609358	19.003804	20.397656	20.158659	13.085822	18.866780	18.056603	18.757948	17.927856	8.903137	13.862825	20.674473	18.673853	13.509298	16.620354	19.892942	20.248071	20.397343	16.342085	19.983133	14.143901	17.193275	17.204043	18.286329	11.036925	14.218158	16.355014	15.507780	14.873063	12.706453	17.669421	19.231933	19.024761	20.365545	19.523759	17.301887	20.077322	19.942283	15.420116	18.325948	18.116065	20.444837	19.262318	19.601585	20.977936
19.356582	18.049004	20.196069	17.241098	7.101659	20.935852	13.095320	15.028444	12.391752	20.577862	13.972029	19.127626	20.925644	21.095642	20.500386	10.878232	13.663939	16.490613	20.906507	21.039120	19.665539	20.335446	5.802909	20.003871	15.654464	21.071702	20.161469	18.517467	14.160843	20.946008	21.088638	20.235898	20.435061	18.303806	18.173603	15.402633	20.803959	9.155994	20.780389	8.139141	20.979010	20.692424	17.602746	18.164153	19.020934	20.988019	12.186227	19.476717	18.883556	18.328374	20.033388	19.422120	17.557164	18.283092	21.037618	13.121811	20.052180	17.197771	18.870312	18.725343	20.011897	17.072812	20.651440	13.294317	18.725107	20.762668	19.873051	16.574555	21.070564	5.749854	10.557557	7.576392	15.528136	20.404637	17.984295	19.245559	17.157722	20.524587	20.914254	20.035411	12.287201	18.500942	9.187172	20.865387	21.134135	21.095379	10.797588	19.036586	17.928727	20.618442	17.735861	16.373551	18.593654	19.174721	19.120399	14.976869	11.185100	18.141639	12.940374	20.071721	14.261043	9.048902	21.109781	13.543144	12.734210	20.617939	15.891232	14.961539	20.893203	14.091409	21.062923	16.883906	19.169635	14.034672	20.584218	11.804527	20.008324	10.914337	18.427498	18.837876	15.300978	18.545198	12.272183	7.202741	7.707820	20.818137	17.995183	21.159365	12.300130	20.826614	21.062226	14.700221	19.215221	18.196293	18.767572	10.917602	13.066803	20.823181	13.164926	19.824680	19.382256	15.773630	18.940857	19.665050	18.272911	20.448651	14.739130	20.303116	21.098850	20.181041	12.230885	13.821195
20.747768	20.763577	18.128855	15.643306	18.689106	15.705612	18.300411	18.159720	12.278491	19.834185	15.493800	17.891283	16.531673	18.949424	17.977196	7.198023	19.258924	19.686162	20.093897	21.085620	21.082302	14.177700	19.985266	21.114497	16.118804	20.522770	16.001270	18.157750	19.844263	17.263171	18.467436	7.069697	19.767104	14.912212	20.959034	13.751441	20.559627	14.206245	20.359203	18.606056	20.895747	17.934046	20.744977	20.831692	19.965835	19.097695	18.381487	11.347562	17.852812	17.831585	15.851977	15.735920	20.703668	16.290117	16.446951	18.423770	19.742786	20.161173	15.346611	18.731475	14.474011	21.086228	11.553058	8.344750	21.158858	21.032023	16.019579	19.286569	15.857684	14.627611	21.029398	18.628851	14.131319	20.170597	12.279579	14.169305	20.324558	19.992952	16.015697	14.090907	18.051972	15.340623	21.129509	19.257774	20.602714	20.811021	13.395484	15.846926	15.968329	16.898804	20.738974	11.869491	16.555692	19.572300	8.510477	20.840898	20.829462	20.268901	20.895424	18.733664	17.491261	18.986498	14.746224	10.023255	20.450845	18.443116	20.825971	13.831369	16.464364	17.887818	19.345372	21.143596	13.567140	8.635209	20.478069	14.899762	16.330346	6.979095	10.045961	18.441602	19.778598	18.609409	18.311105	21.150026	20.813509	20.183869	18.956572	20.679776	14.209466	18.342408	21.124964	20.721028	18.763947	15.780689	17.179617	18.451109	14.567675	20.323780	21.150968	18.110620	21.094645	10.955440	15.904497	21.153876	16.885403	20.221852	18.416505	12.253302	20.809207	18.980756	21.055928	19.840103
19.113422	15.332389	16.117504	20.653708	15.919354	11.424647	15.251023	20.815306	18.980205	19.711529	12.381158	20.558546	17.619794	21.023979	19.835106	20.331315	21.112754	21.158479	20.144337	18.921744	19.113090	21.009939	19.524212	18.980510	19.832772	13.457534	17.729792	18.563412	16.590312	14.362915	12.303358	20.456041	18.319366	19.595099	20.423151	21.088650	20.282380	16.312475	21.037099	12.469862	18.156950	18.260355	19.930758	19.250085	16.273543	20.503388	15.985836	17.543146	18.954480	10.351361	9.099920	19.294279	17.955332	15.631211	14.923640	14.883230	15.654629	14.881448	10.741306	17.224939	12.730978	15.080781	13.527853	18.303290	18.063705	10.234410	18.887637	13.204218	19.914287	20.636449	19.886361	16.125899	20.173228	19.124245	19.832828	9.927481	21.141446	16.041587	16.333633	20.294514	8.909319	19.314176	21.061516	20.694477	17.947421	17.513630	14.568073	8.340729	20.052521	20.007603	21.067139	15.969194	16.367451	13.827876	17.496040	17.213867	20.961693	20.445951	20.634956	11.779754	14.765432	15.033857	14.392947	12.952418	20.551615	9.451890	17.598984	20.790651	18.481053	17.137882	16.570429	15.787823	21.081399	15.677884	10.700902	10.079399	19.619083	15.644500	17.145576	18.533679	16.017663	20.266208	19.417122	13.043878	12.473399	11.172541	15.826789	15.995952	12.737032	20.500476	14.803956	12.562699	10.353352	13.062376	20.752094	17.968344	18.820096	16.989561	17.425283	13.963573	20.689635	13.737644	16.838721	9.353444	19.002163	17.566137	17.890843	10.933104	17.509697	17.519829	20.357786	18.756885
12.645777	10.573548	20.647618	10.123165	20.869016	11.578705	19.911817	18.515828	13.609378	19.123286	19.623734	21.153001	17.412946	19.957249	18.349056	14.941896	20.706893	18.824191	15.908100	18.631510	19.432318	14.899979	12.319487	17.201062	11.457415	15.781293	20.549747	20.650240	20.297299	16.013404	17.783475	8.504500	21.098359	10.596773	8.449306	19.997802	19.738199	12.450103	20.769844	20.904797	20.328226	21.083713	5.997017	12.584044	20.289103	9.574723	9.296876	20.596746	20.677154	20.890723	17.318825	16.863762	15.675305	15.060301	18.648494	12.652788	20.636087	13.516024	16.886744	17.255189	12.859364	21.062480	19.652364	17.761214	20.384472	16.062857	18.113298	20.195826	20.182401	14.741713	16.822059	13.906459	16.797714	19.150830	14.554922	9.584827	20.452673	20.666990	14.512346	20.898128	17.110450	17.187505	6.865263	7.776718	9.816465	11.481077	19.123006	18.289039	16.637473	20.005924	19.233028	13.285362	12.312675	13.461433	10.030604	18.847130	13.514100	18.661406	7.263851	7.552202	13.818140	17.202113	15.394817	20.475202	13.295412	21.142672	8.834467	19.530487	18.772884	15.406753	20.653928	19.184632	11.883680	11.914671	18.866976	11.360482	10.340971	20.117519	12.728757	10.623784	11.235135	20.140529	15.198980	20.128074	19.588093	16.697467	17.680670	20.130667	16.681668	20.500622	16.490377	10.756652	18.386327	14.427461	8.302808	19.146223	20.211405	18.720187	20.706320	21.050325	12.813704	16.764734	18.743706	13.377187	20.924111	13.908380	12.033725	12.335883	14.515700	21.046785	14.837973	20.783651
15.978804	15.933405	20.728277	19.329312	17.367592	16.542633	15.215886	13.081925	17.515943	20.993657	20.828261	16.953756	19.627350	18.673358	13.687776	19.350798	18.177607	5.658323	18.198449	20.459859	20.109695	20.291269	21.075109	18.901018	15.453786	19.511750	19.180742	20.033944	15.496682	14.330808	18.171274	16.438920	13.092839	20.314574	18.590952	19.138856	19.223020	19.181566	19.762917	12.163005	12.053545	18.911724	20.631850	15.794563	18.017596	8.657703	15.267164	12.436061	11.696509	13.412303	21.156769	20.262065	14.046142	16.377124	21.157869	14.215125	9.748192	20.562974	15.442828	14.671493	18.600420	21.140841	19.022410	18.361305	12.093520	20.637041	8.623305	18.112581	21.021786	21.112392	12.988177	13.893430	18.445998	12.627008	19.214729	15.603202	18.669571	20.428410	19.994205	20.619762	16.494806	12.576655	13.502896	14.213258	18.587708	14.802952	18.823123	14.966821	13.068312	11.722957	16.969882	20.210557	19.584727	19.000280	18.319076	19.913451	17.222566	20.076280	20.053176	18.101490	19.583245	6.514429	14.991275	8.754850	18.987743	7.063869	18.073908	20.675855	10.194744	17.869574	20.937540	19.362182	12.659800	8.614165	19.770162	18.841659	17.314633	20.876200	15.639374	20.290273	19.188175	13.370663	20.034992	20.810043	15.045369	17.978239	10.339258	8.757807	20.157906	13.434662	19.721589	20.547118	19.199294	20.466106	19.104228	11.517150	14.260132	7.068480	5.101155	18.230374	20.915069	17.521737	10.604689	17.418597	17.844687	20.969221	20.945805	19.543256	17.603181	13.974024	20.897360	14.277319
13.019843	17.486261	12.687254	17.777707	18.100561	17.081631	21.081863	20.150432	18.376262	19.854224	20.692280	14.975795	20.376417	14.302381	20.267692	14.433377	19.453024	20.621697	20.717365	14.804811	20.717049	14.147660	20.911291	16.912071	20.028571	12.740406	9.967970	20.478495	21.006977	19.635695	19.260136	18.300474	20.929743	15.035043	20.718073	18.411237	19.044351	13.810762	21.035597	20.732492	21.026535	12.856612	15.200223	15.394597	19.681943	19.996996	20.295863	20.730407	10.154889	20.275899	18.828743	20.781490	19.080556	13.841405	17.637253	15.420560	17.316822	17.377848	15.203820	14.163448	14.094849	20.880594	18.837060	20.910578	17.127711	19.302573	15.821229	7.893244	21.129348	19.420221	14.594372	14.889084	17.619960	16.254818	20.279421	14.173724	17.989658	16.493812	7.834799	18.424019	14.231761	14.478642	20.835226	18.562490	20.255652	21.075812	15.239867	12.597406	20.427967	21.008171	18.315936	20.225356	20.875568	6.977115	15.781261	20.756659	17.624731	18.769081	20.005487	20.754392	10.693109	6.645847	16.563993	9.516623	21.018493	17.527005	13.445500	13.222489	18.844492	20.083808	9.813115	15.793725	19.792437	9.694259	18.840556	15.061493	20.882942	13.290307	19.450505	19.229693	14.187609	16.931196	18.169808	13.354863	20.956386	7.485273	14.978164	16.339673	21.122988	11.822228	17.527865	18.225442	18.385454	20.373625	21.014538	7.529980	12.496490	20.828685	17.067889	16.736787	20.851878	15.860914	20.553606	16.730036	13.039311	21.005240	19.926658	15.501835	17.314508	20.084717	18.953180	20.787973
18.743136	12.326999	19.157679	13.351978	15.467517	15.038070	19.696777	11.756591	19.620900	19.292188	12.812921	14.370256	15.616429	20.728415	17.074435	14.479384	16.260236	13.497437	19.705910	14.930670	17.246965	11.514470	20.976163	20.354213	20.708476	16.414610	17.864736	21.151792	11.602985	18.885377	14.286962	15.968080	19.145616	11.037290	19.118767	18.469079	19.519506	18.437169	15.066439	12.020670	16.282414	12.058966	19.628288	14.718219	17.435551	10.466164	19.349585	17.638405	9.658777	20.918273	20.821908	14.951159	10.775958	20.564244	15.943451	21.123668	18.733351	20.463439	20.080894	13.467737	20.236145	19.464615	20.953241	13.667403	19.954427	16.138465	19.010421	14.383627	15.076066	15.121121	20.633450	20.939852	16.739182	21.156829	15.494118	18.509049	17.816641	21.072066	19.561215	14.186771	12.356061	18.041582	19.513040	12.292236	16.239260	20.767143	20.176934	17.669818	19.384925	18.035467	8.419958	18.100072	18.107173	14.942302	13.024772	14.495691	19.763479	15.767102	21.020293	19.320454	18.261709	13.818547	6.798914	14.459676	19.527808	16.969219	18.259320	19.951259	17.785090	13.367841	13.757279	20.277626	13.328657	12.743803	19.398684	19.963000	17.715099	7.555812	20.963048	12.499539	17.482920	11.117664	15.843286	20.029539	16.625683	17.915343	20.637458	20.451445	15.501711	19.114258	10.271367	8.866884	19.189453	19.584542	20.891434	7.733551	19.925681	19.541606	17.378479	18.983011	20.608243	19.074715	19.153410	21.148034	15.621090	20.575235	19.837907	13.704107	20.940801	5.456091	10.161864	20.146993
18.976207	14.956437	14.722569	20.235387	18.936918	7.694058	8.891060	20.960451	18.462195	19.272200	20.692230	17.404388	18.526101	15.461509	17.324275	6.511572	17.609192	20.065967	18.148458	12.608234	19.668001	17.827044	14.829698	19.819632	20.476406	19.612375	13.315372	20.462815	10.176441	19.796687	17.947387	16.081100	14.360153	19.047495	19.323213	12.367767	18.874887	8.935951	17.589629	17.162836	9.292630	11.393051	17.217714	15.999932	20.049073	18.109597	13.419617	20.522587	19.199660	19.859179	21.125266	20.837876	13.653588	10.006775	14.838180	10.904973	11.361765	19.485297	14.997303	9.084399	14.098625	18.372329	16.518133	13.692284	12.946765	18.037889	17.087148	20.855085	20.296677	19.287047	19.798509	21.094131	20.377319	17.523453	15.470735	7.982304	8.340327	16.179457	21.023902	14.142936	18.438253	13.892363	12.563357	14.404942	18.118111	15.429584	21.154445	13.066409	16.895727	14.962749	18.968897	19.390528	19.282119	21.147747	18.632319	19.948990	20.932498	20.265291	17.055788	16.114670	17.763586	7.410179	12.144702	17.506198	12.834381	10.735672	18.403178	20.073571	15.212123	12.647907	18.741482	13.604625	19.640428	11.502697	20.308646	20.875740	7.660506	19.884946	13.272261	20.640020	15.864734	15.096362	11.231536	12.221004	21.154914	19.742815	19.589291	16.355841	18.164457	15.434660	18.576158	21.029312	12.631101	18.812534	20.713491	15.185492	20.166853	15.010144	12.067975	9.660188	19.445644	5.945538	15.123375	20.421813	16.394874	20.463188	17.470378	10.237024	21.090713	16.400164	9.405216	20.929054
19.130637	8.659485	18.052513	16.653622	14.619082	20.947264	9.939946	15.260731	10.628183	7.209006	21.002188	18.291022	20.670551	16.230450	19.780744	13.982483	9.164849	19.384558	16.074514	18.983401	21.152418	13.845541	18.621889	19.330119	15.189415	13.665606	18.451863	18.769313	15.421907	19.157906	17.905162	11.150338	14.267919	20.923886	20.784113	20.074896	20.865320	16.373264	16.853719	20.149659	17.274389	17.092598	20.310884	6.785031	8.774057	16.232505	16.619304	20.436476	6.606284	17.790390	14.246878	17.411491	6.713584	21.047900	15.444856	10.181693	21.119424	19.543734	19.921332	21.119500	12.075752	21.156751	12.749305	21.040603	7.613662	19.375708	15.302405	9.502828	17.885332	9.942537	15.265213	19.479035	14.478368	19.729577	20.284204	16.022971	20.116348	18.811510	18.479824	7.026176	19.328087	20.629339	19.467026	10.016336	16.230221	18.247523	19.686725	17.432500	15.060299	18.789142	17.412157	20.824779	11.938243	19.686883	9.665633	12.061229	20.746739	20.004260	17.136073	17.747764	13.655011	9.650777	12.899076	20.176318	16.087662	16.632535	20.036279	12.999792	18.175708	18.260700	20.459877	18.366499	18.693357	17.706421	14.825784	16.221663	8.602243	16.736403	19.318276	20.261649	17.563236	17.405265	14.824109	13.977733	18.675276	17.205881	10.653034	19.691274	13.235368	18.466079	11.906960	17.937491	20.393000	20.717759	14.749450	19.442446	19.132724	13.242831	19.824166	19.837192	15.025021	11.668008	8.821797	20.038185	20.957721	15.907317	9.352108	18.676896	18.179549	13.144460	20.404142	11.253266
21.104034	11.641823	13.835317	19.383146	17.649654	16.920036	13.037594	11.254970	10.432191	8.525299	18.658119	20.888148	18.178807	21.149899	14.363508	10.587481	6.174651	16.727597	20.306368	20.703600	19.261014	17.394846	14.011116	20.335823	19.862874	15.266918	10.791715	17.280256	16.141044	18.659895	10.128434	15.259187	14.991040	18.931851	19.378790	11.313073	13.964161	16.787702	21.150819	14.081898	19.128505	15.579433	12.903420	16.984871	17.969906	15.365927	17.058118	20.240245	16.831275	11.395654	8.004349	9.171394	20.934112	7.085565	18.402590	6.156930	6.645684	18.948306	18.507278	20.159873	21.142311	11.133787	11.837710	18.695612	12.475300	21.140452	14.333148	18.096892	14.197826	11.291830	16.447756	17.669309	16.963333	17.197838	17.616431	19.096648	15.830144	20.577065	11.239576	10.284957	21.094470	15.596732	20.440786	18.587209	10.883923	20.456477	19.595487	8.869274	14.445945	19.304367	18.287552	14.591964	18.277437	16.633655	20.929896	12.381058	15.134177	20.880665	18.895040	12.716471	20.986601	15.688134	16.228983	17.221770	16.921817	18.538839	18.942950	14.286086	20.691152	18.942494	21.026293	12.420957	15.409407	18.047343	18.592560	18.745977	16.028728	20.825176	20.422539	18.557367	18.895442	14.599788	21.053160	20.991997	9.173802	21.076076	18.279641	18.639960	11.369833	20.878488	19.976534	19.965763	18.383926	20.296491	21.025904	19.955678	17.432905	15.712099	10.805604	16.740561	20.264062	20.436196	21.015421	15.303694	7.180747	17.483267	7.151982	12.459927	14.645696	20.653108	16.526844	20.826003
19.831915	16.895072	12.346592	19.756629	19.439008	18.473619	18.655236	16.127596	20.057476	18.460085	14.071949	20.245411	17.909315	9.542619	19.742330	16.289452	19.042136	20.592634	16.996092	16.793094	20.285693	19.033624	19.462450	16.548330	19.203538	17.533764	9.887636	20.975455	20.438023	14.912219	19.160697	18.756588	16.805353	19.341159	8.746393	12.314772	19.393046	14.238365	14.722933	18.890482	19.081053	19.807389	18.519404	7.682566	13.002694	18.519728	17.514681	20.455710	10.140601	20.561931	20.089987	16.625457	21.052230	21.061158	17.524505	19.433907	18.761896	19.268985	16.772409	18.201665	17.760818	17.907014	20.882313	20.768062	19.363492	12.485744	15.925306	19.298731	7.630648	19.822450	12.599878	17.278895	21.058429	17.988460	20.686388	20.789655	10.911636	19.606465	12.393384	15.470042	13.130531	18.039168	19.990758	6.397893	18.542354	19.960100	11.113138	20.059375	10.572963	12.766609	20.615460	16.036820	18.788753	18.651675	18.491862	13.527515	19.201394	18.385040	14.207581	20.293672	15.146110	10.662257	16.744157	20.349573	17.503849	19.264745	15.108725	12.698636	14.716337	18.712469	19.463019	16.372968	20.487941	8.241628	20.603110	20.399658	19.293389	15.906711	15.974796	19.830816	20.714654	15.961214	16.950478	18.727787	19.733060	20.902053	18.796297	19.908728	20.531797	17.923288	18.897443	12.831566	18.884439	9.523312	20.008284	14.433006	21.156479	18.729122	20.482225	20.787281	17.452669	14.995896	19.934110	19.477603	17.957171	18.901655	18.075453	20.344568	16.270656	20.811865	12.433401	19.098648
13.766165	20.150691	12.470854	13.906970	19.184115	20.939347	9.700347	10.988660	21.157209	20.597914	17.978471	12.725679	15.827281	19.723903	20.045231	14.478745	20.505212	18.870945	19.029730	16.030303	15.050283	10.122992	20.456703	15.894533	15.420486	19.584692	20.825634	13.921573	18.672267	15.234080	21.113629	18.463632	15.787251	18.201670	20.496095	18.335468	14.912594	20.254074	19.998495	14.374818	21.049551	20.372280	21.157186	20.521043	20.722264	14.984040	19.507218	13.508763	20.934923	8.569952	19.880141	16.413244	10.831182	13.408492	19.688548	19.442790	7.519141	19.700258	17.320046	10.723415	14.859508	13.738394	19.993657	14.376551	14.702154	21.041323	20.707629	19.557641	15.737115	19.559585	19.817835	17.660738	19.549568	9.573343	12.117572	11.991258	15.611853	19.951684	20.500257	20.386654	20.718964	20.742175	9.058185	18.549007	20.475000	21.006387	10.709504	21.145896	17.461883	12.286289	16.381327	21.063792	20.349800	14.998669	17.619950	20.099932	17.404124	8.646556	19.251500	18.322434	20.920405	17.478595	15.078671	20.538457	20.356071	19.308379	20.907797	20.773156	20.820509	20.499176	16.434875	15.464473	19.240864	12.837243	20.339339	20.186618	17.703841	14.607818	19.965089	20.461598	14.246055	20.047757	18.685021	10.977050	20.972527	19.856578	18.274665	19.380625	18.234736	21.045269	16.822528	19.344917	19.190262	19.059362	12.948753	7.495800	7.636939	19.905327	20.910668	18.249010	20.896785	20.898549	20.196270	19.747916	13.230738	16.968029	19.655764	19.222238	20.534063	14.275040	13.736819	14.722705
13.350781	19.987378	13.690211	20.881916	17.117204	14.415582	14.809142	18.512155	20.498073	19.207225	16.178566	18.290180	15.929919	15.056491	19.268991	19.717308	20.157885	20.212671	18.633699	19.571352	20.449048	19.401188	14.333800	13.895329	20.029684	19.150265	18.293418	16.679114	15.491487	16.717999	20.865998	19.946010	18.697249	6.615317	20.189954	19.758032	20.962064	20.074082	16.395429	18.712882	12.553406	20.303383	20.565403	18.303768	17.894097	17.721285	17.802650	17.872813	9.957374	17.520739	19.239054	16.437935	11.854347	16.051585	13.813210	20.431800	15.801925	20.963451	17.580377	16.818174	10.897858	20.518909	13.042613	12.780338	20.406980	17.275827	20.372972	18.165576	19.719097	9.846774	17.324291	12.229032	18.250223	20.651618	21.132845	17.868202	7.331805	17.643170	20.310256	13.590773	19.936923	11.146286	18.861929	20.155701	20.362446	20.292412	18.800044	21.110070	17.729080	16.612070	14.750510	14.487337	13.734225	19.223556	11.559658	10.390791	17.476576	20.185257	4.408623	10.260318	17.377002	19.298763	15.985507	13.030291	8.015036	16.736776	20.845288	18.628615	19.670318	19.891784	20.329623	9.947668	17.014577	20.862873	20.893613	19.555004	17.588959	19.945932	15.879737	19.244074	15.983627	14.920271	10.476907	17.695684	21.149493	20.460355	14.523356	16.712730	13.290496	19.110125	11.699235	19.277157	9.345824	11.888259	13.225247	15.254489	19.179740	19.467773	20.612272	21.026952	9.898338	18.750205	15.596837	18.850303	20.980025	18.992705	19.332155	20.570755	18.404687	17.789280	10.781566	18.285761
16.296604	12.381700	18.918683	19.849044	19.616315	17.288678	20.207823	19.195942	20.534854	19.003037	16.372414	13.966705	8.906574	18.922726	17.188117	15.230765	18.456612	18.651569	20.029955	11.226311	19.836539	21.092676	14.869418	13.059124	17.578755	12.341438	21.157042	20.120301	20.367257	15.184392	17.988855	9.493801	19.211152	18.532109	19.370132	20.081679	9.255452	6.134219	15.946319	18.061680	20.736699	19.888348	17.610752	19.539139	20.427944	19.159586	20.158920	13.486325	17.189070	19.931453	16.919361	7.945480	12.780187	9.844440	9.343768	9.342733	20.820358	13.420852	21.119359	18.907927	19.337066	15.801931	11.775289	19.917292	14.568214	20.673814	18.233301	13.189996	17.138276	20.797891	20.732127	20.680518	16.809824	19.893027	10.237253	19.014283	16.524645	11.548906	18.920142	15.303950	18.880105	10.921544	20.597350	12.537916	13.229565	16.922787	19.329680	13.650684	17.222643	9.008844	19.985610	15.754432	21.091648	14.553650	20.475437	14.227550	10.722187	21.158346	14.643962	14.714605	10.900508	19.840984	13.507654	16.881761	21.130036	20.921394	18.007794	12.679981	20.278752	15.057378	19.062498	15.296787	19.942533	17.156371	20.562175	19.669771	16.192420	16.314776	13.604102	20.971797	21.085848	20.498234	15.196682	18.582165	18.892414	16.961973	13.086412	20.719726	14.593507	9.380030	10.930439	14.981035	21.154849	15.677888	21.006460	8.141865	19.563013	21.152435	10.469169	15.426209	20.701393	18.475705	20.978313	20.714234	20.251462	8.976894	18.421241	20.900793	9.660453	20.847481	13.524680	15.415093
21.106936	5.860323	18.861674	19.118047	15.575582	18.735532	17.568129	20.560582	20.743175	20.807861	19.141318	10.947195	13.253705	16.996546	20.374067	18.911895	13.744803	11.177597	19.524122	17.496040	13.122582	16.964837	18.585947	19.823883	14.675688	19.013317	12.719346	15.409931	16.771434	19.248729	16.573653	17.424822	20.604514	13.273210	10.833878	18.457004	19.000708	19.436704	11.704200	13.739601	18.404823	20.428509	20.135245	20.409098	20.010537	17.359453	19.948096	16.880219	20.356121	15.810348	20.342681	20.408775	17.477156	18.286375	19.357465	19.496210	20.889708	14.092264	17.126216	21.099009	20.223655	17.811031	9.372644	20.467924	19.739934	12.716061	15.753313	11.338294	12.306758	18.607874	18.612089	10.653697	19.928438	11.261368	9.766303	7.325420	16.040807	14.935942	20.864352	17.174818	16.323530	20.215519	16.340747	16.781527	19.960405	20.579600	18.637408	19.520675	11.316429	9.231665	16.622780	15.841325	16.693868	15.959687	19.098955	19.812168	20.835621	17.540750	14.670315	17.485950	16.800466	14.799600	20.327591	8.978516	19.883951	20.886069	19.015315	15.420406	14.892322	12.069673	17.244003	17.055507	15.762617	19.971107	9.964833	20.652521	8.654962	20.488935	20.089157	20.869630	12.381187	14.701555	20.434455	19.388752	20.779353	18.734328	20.565069	21.110999	20.552316	17.460455	20.283638	16.888507	20.517846	12.572498	8.429078	12.207439	20.491855	20.837248	21.053022	19.758866	21.100284	13.407087	7.626184	11.089852	15.250856	17.906071	13.655313	21.150140	17.255233	19.401666	21.008081	16.252129
17.645741	20.947311	4.626480	13.213318	18.238104	16.563500	19.312499	17.627066	16.682408	13.204171	15.764383	19.312270	16.252081	16.602006	19.563189	17.230276	20.931237	15.506583	15.026796	19.846485	16.537803	20.689062	21.042226	16.818492	17.660579	12.615557	19.761063	18.857118	21.076691	18.725985	8.044984	10.290817	20.092386	14.769304	19.829344	17.229367	19.034744	20.193539	20.980626	13.587783	20.623380	20.484692	15.990417	18.667792	20.024063	17.507783	17.002921	17.147270	20.368702	10.458356	5.618613	20.411839	20.436268	18.457214	20.854166	19.150098	17.659436	6.483071	12.467394	18.694024	12.925027	8.824569	18.291443	15.552335	19.687924	10.643098	19.137066	12.328697	20.029916	20.929997	17.273994	11.718634	13.527864	19.875121	19.412454	18.984672	20.982497	16.422119	18.951828	18.925590	20.879168	20.558187	19.138957	19.343189	18.895275	19.042334	15.460152	17.025682	21.019172	17.445059	14.810518	12.248742	20.994088	17.586365	20.701278	18.908146	20.934386	18.397402	10.818187	20.833425	20.666157	8.953141	19.450173	14.843470	20.911312	19.380895	15.268997	10.333808	17.239620	20.435336	20.890756	20.987317	7.941420	18.553447	14.792453	20.403149	11.227391	17.609906	20.691110	17.385305	17.619423	16.054402	20.845000	14.933384	13.578360	17.002808	21.073026	20.652201	20.765405	18.886029	17.102616	16.699630	20.862179	7.268212	19.538767	19.468862	18.848309	19.950221	13.163535	15.856821	20.357028	6.703473	18.560847	18.931923	20.468261	14.661683	16.898361	9.334709	18.869343	19.663854	20.935625	20.743819
11.780368	17.396447	11.954807	19.698462	9.888584	15.708343	20.568891	16.339272	19.536138	20.725280	14.118224	16.658631	16.210455	19.278210	16.189340	18.564514	20.364784	8.917070	18.451234	19.495190	12.393617	17.308618	17.885472	20.078691	9.651827	16.127073	20.994913	14.576257	18.060054	14.054735	18.163454	19.219883	13.927733	5.544845	10.280283	19.147494	9.402067	9.434063	20.675299	20.987696	20.163240	17.388000	9.731700	18.894318	20.925030	19.689778	18.437494	20.767648	14.666572	17.601083	15.862575	14.191412	19.003391	19.989790	8.863607	15.112567	20.514502	14.961729	20.101512	20.306276	17.662820	18.954482	11.372329	17.571186	19.490838	20.767718	9.443450	17.373514	13.638584	17.742685	16.673444	11.799929	18.016599	11.434165	19.833473	13.183782	20.497601	11.499900	18.293673	16.001486	20.780896	20.260812	18.399730	19.556576	17.650337	18.604857	20.577292	20.248978	21.090238	21.054332	20.749909	13.173072	20.040581	15.598395	14.565464	20.193062	9.685596	20.321914	14.189311	12.620244	19.951718	19.726978	16.194828	19.036220	17.419087	12.520154	15.097719	19.276088	18.803338	20.788354	14.153535	18.833563	11.023255	14.686429	18.090644	17.153956	19.470213	19.812580	10.967976	19.732410	20.291171	19.368248	20.821100	19.746028	12.964474	16.095398	12.302711	7.608873	20.331848	14.567037	19.422567	21.073741	21.060057	17.848711	8.128212	14.892428	17.533599	15.867590	19.522510	20.993148	8.242279	5.957298	20.889735	17.825457	20.067044	15.944998	10.977619	17.227580	14.558211	19.053719	17.715285	20.609121
19.969206	10.740155	13.235683	19.166888	20.506499	20.555223	17.522582	20.897244	20.430647	12.491110	19.711977	12.186370	16.503400	20.900386	13.742975	17.677121	21.028250	20.685486	19.172116	18.671577	14.819327	17.301509	16.558341	12.687249	19.019963	20.886972	18.434985	19.271450	20.873865	13.372583	18.615080	20.375036	20.564320	19.151882	15.640646	13.200913	20.645165	20.352319	15.784131	20.703420	16.328119	17.504666	12.460055	14.585893	18.847104	19.775411	17.536086	13.495151	10.273282	20.712458	20.040136	21.047104	18.449560	20.220774	20.895500	17.625969	20.677213	17.490483	14.744350	18.929736	18.585735	17.093632	19.822472	20.985439	20.403622	20.582933	12.198708	18.429915	17.687356	17.603109	15.475132	18.967655	17.652760	20.753043	17.643354	16.824594	20.668501	18.256098	18.090049	17.460428	13.095958	18.837765	15.682215	20.988748	20.524247	20.508756	9.272222	20.089225	12.981107	20.497749	10.965209	19.756770	17.721335	16.643159	10.392557	20.816020	15.684940	14.817746	19.393769	18.455999	18.161502	14.755163	18.320044	19.395278	19.962285	17.091461	14.912761	20.945732	20.723540	17.890517	19.565529	20.058365	20.260390	20.635833	17.020793	15.435261	16.691162	20.058324	19.805626	20.071350	14.761831	17.747677	13.734954	20.231331	20.348964	21.083165	14.804290	20.755655	19.612846	17.748920	13.588298	6.687022	17.101012	11.287749	14.890122	20.638603	11.080206	12.444530	14.271397	13.355649	20.867972	15.885372	18.508624	17.680493	17.717055	19.136164	18.728271	20.963224	13.438091	16.642457	20.673673	20.620750
10.493839	10.724616	13.413675	18.121684	15.869254	15.670412	20.719344	13.912457	20.185665	12.332489	18.894889	12.019802	12.705479	13.793191	18.162357	20.132402	19.698168	19.067432	10.478779	18.793757	16.268788	20.213572	20.951040	16.581517	21.056438	16.387776	19.150843	18.794357	18.233718	20.326802	18.355371	20.182529	18.248666	20.287231	20.212360	11.383758	20.186160	16.546750	16.541200	18.157916	19.736395	20.717785	20.619774	18.627393	21.101175	16.744364	17.415750	18.882416	12.006010	20.312781	14.799424	14.839791	17.186128	14.215306	13.773074	16.736569	11.707996	19.300957	15.423288	14.085955	20.678346	12.240674	17.474343	13.288519	20.885467	18.251190	20.613134	18.746062	9.131705	15.427293	12.225212	6.938912	10.844539	15.969801	18.972360	18.910755	11.952105	20.005224	18.206458	14.141916	14.795259	20.165074	13.135730	19.969351	17.447971	19.796914	14.389358	20.906853	15.766322	16.224117	21.073551	13.545520	19.608226	14.824553	19.502132	15.680758	17.934229	19.913836	19.164688	21.072744	16.637021	21.027844	18.261955	12.688492	15.937412	16.315752	20.236979	6.739906	19.319411	20.910135	13.163089	19.984353	20.782004	18.925546	20.690598	10.781607	14.146201	18.660052	20.754492	20.512937	16.398970	20.555188	19.753795	19.269171	20.544144	18.487541	7.670392	17.790231	18.893463	13.809768	17.120386	15.952786	19.374636	20.057262	21.050044	16.200194	14.900265	18.207495	19.251384	16.548762	16.973073	20.348110	19.609914	20.165630	20.799213	19.673473	20.965691	16.360949	18.254387	20.231781	10.282928	20.591748
12.385608	19.395784	21.136233	15.269264	15.768476	5.438848	19.661482	19.926508	14.457776	19.818508	8.765008	19.431184	15.211910	20.484313	20.491705	20.681113	19.632544	19.321567	18.946272	11.525591	19.708327	20.860821	20.520417	15.869295	16.372085	13.394905	10.152401	18.261718	12.445622	14.421932	17.319484	21.066057	8.314533	15.742299	17.861120	20.472385	21.094311	17.544470	12.940447	16.635886	14.880793	6.030535	15.018600	19.582683	19.401977	19.328087	17.076852	16.709066	20.428165	16.664816	20.571581	18.677480	20.540806	18.418200	18.214149	11.074000	19.088398	15.457362	20.631143	16.419270	10.231457	10.191275	19.995660	10.792157	21.053587	20.997569	17.701007	16.151428	16.008299	6.783256	21.003981	14.796905	20.173859	8.390862	12.433020	16.303256	20.692949	20.009575	20.625903	20.257926	14.069759	10.924089	19.334842	10.355644	17.020244	18.550211	12.001650	14.550512	12.455372	18.064843	19.851968	18.676401	18.215033	18.875817	20.534071	14.778176	18.234934	19.672954	13.809146	13.635997	8.814987	19.225743	17.449115	10.596235	14.101434	19.492509	20.257050	18.894637	10.435599	15.236668	20.270376	13.661820	20.541437	8.888901	17.072536	11.229246	19.418045	15.239906	16.530397	14.256281	19.095298	16.350734	15.303225	18.896155	10.806125	17.722166	13.288529	12.714085	14.897635	17.591183	8.997843	12.855389	11.642987	19.038713	17.502793	21.090630	14.379314	15.785954	11.146746	14.851491	19.801270	20.831406	9.546644	15.251902	17.908351	18.550998	20.309329	19.463923	18.762842	6.453481	11.388792	19.078232
18.651329	20.050994	7.599257	20.230633	16.085407	21.008932	6.659814	21.146196	19.691457	16.787173	20.200251	10.400290	20.578468	7.462218	12.879510	16.423245	9.530601	11.140414	19.900364	19.589016	19.609468	13.620651	20.836948	17.960880	12.079596	9.557260	17.874237	10.178639	18.689897	20.639650	20.146370	16.303494	16.413674	21.031861	17.290138	20.888483	13.733584	19.590884	19.234826	20.302805	15.353932	11.788430	20.685221	20.801047	13.049453	13.137605	18.336352	13.875673	18.778968	20.531396	12.689340	12.267894	13.130392	13.119462	17.311666	20.514281	14.929551	15.534088	18.738003	11.989286	16.822472	12.726794	19.178681	19.908178	6.819488	14.505538	19.506307	18.259382	15.906996	20.454166	11.956740	20.910685	20.629827	19.123074	20.170556	20.815382	20.786540	19.603814	19.672147	21.095927	17.615654	18.932089	14.319268	20.059461	15.833361	14.902057	12.776497	16.642101	21.041075	16.330479	20.031043	16.574564	12.274612	20.939434	14.761705	10.787709	13.256390	20.587997	11.505424	7.658443	19.090027	20.579121	18.659608	11.529412	15.317746	20.217701	19.460137	20.958094	18.917581	20.359847	18.950320	19.383547	14.420255	12.930550	20.874652	19.496746	20.746150	15.951922	15.137352	16.477676	19.457997	20.532206	21.084366	19.079091	18.018763	18.980538	20.317650	15.909577	19.901740	19.160531	18.098729	20.912621	19.235814	15.686609	19.834241	16.761454	11.296706	20.379703	13.725954	10.788523	6.629835	7.895984	21.103888	20.267419	15.169961	19.384832	15.900365	18.615875	16.238463	20.753543	19.116198	19.579767
20.768001	19.168056	20.463466	10.533362	19.295825	10.834174	18.112026	10.816923	19.657718	20.422965	20.128627	18.374443	16.235718	18.451966	21.115863	17.023906	17.893520	9.374266	14.754892	19.194375	16.938373	20.926176	19.819280	17.616705	9.231953	12.539117	20.217054	10.603411	19.122068	19.977500	17.886516	11.945762	9.301411	15.076264	20.792805	18.407264	16.795327	8.697706	19.861421	13.378747	19.986865	19.453153	20.152231	16.481490	8.495388	19.162488	19.783934	11.780446	16.055267	15.546632	14.935378	20.898085	20.959232	18.465115	10.254183	18.390467	19.296973	12.613042	19.780200	21.122223	21.005721	11.988027	19.782078	14.088588	16.658293	12.598177	18.540384	19.932096	19.240085	12.357443	8.344632	16.457382	19.052419	18.623834	18.602409	21.038663	16.901502	15.527942	20.998004	20.158720	19.517093	19.566773	19.688318	18.013947	11.300956	20.861450	11.027333	13.773184	17.885915	21.132125	18.842038	17.623274	16.950982	20.933053	19.633313	13.814218	16.005558	19.282016	20.169462	20.673370	18.591693	18.395225	16.057623	19.681221	19.255783	20.684657	15.744292	19.749847	13.563838	10.191881	20.081266	17.612348	14.358636	14.073451	19.372198	19.658583	15.298730	20.212060	20.823118	18.172980	17.720289	20.326680	20.225519	20.948267	19.711179	17.005132	13.880758	9.987977	19.814664	10.574040	20.848746	20.449721	14.884626	20.999109	20.832502	11.067775	10.757221	15.937528	17.090672	20.031062	20.722921	19.177583	16.286341	11.704341	20.709364	16.890460	19.408745	14.597085	18.298254	20.769141	18.328881	19.072265
20.127556	12.423345	12.078619	20.810666	19.554383	14.991039	12.342492	8.065596	20.961261	19.132722	17.369760	10.739954	19.401325	11.892715	19.516904	17.452142	16.963699	20.268420	7.499748	17.981162	17.824271	21.026486	13.834976	15.691247	14.775049	14.337772	17.940867	17.773977	16.749631	19.097872	21.109437	20.992265	10.506120	11.738474	16.884898	14.210009	12.439664	21.153926	20.563029	14.539820	13.066334	15.389266	16.555631	9.021575	8.074228	5.366456	14.679100	12.269597	20.471212	17.178041	15.681411	18.531486	17.106787	17.908856	15.668501	20.370276	21.133974	8.110002	14.825684	11.561469	18.473083	13.305129	20.959529	18.415968	20.896312	20.660022	21.148551	11.707537	11.949314	5.194936	17.899379	20.922105	18.267671	7.801657	20.891449	20.055186	10.317309	19.931811	20.837234	19.158661	18.827988	19.226890	14.514344	7.589506	20.785769	11.115792	16.218116	20.536837	19.848222	12.379173	19.674508	12.424625	16.014942	12.148435	19.765559	20.742603	18.956575	21.133290	20.590800	18.832953	20.648667	18.969123	18.240818	16.291655	11.970341	18.958823	21.060360	9.305240	20.276213	19.312921	20.148834	19.017619	15.981227	20.754010	15.258489	18.834442	19.171328	19.434813	19.174549	12.437436	19.899083	10.241993	15.037564	16.488129	10.505723	20.765286	20.963457	20.331642	18.019308	14.949835	8.855685	15.905461	20.801200	20.594609	7.524247	20.155266	17.685671	16.406047	17.912080	10.684911	16.890279	8.989398	13.286100	9.685293	16.788950	20.341506	19.823442	10.349605	18.160452	15.064202	20.051903	16.255004
16.436120	20.717267	17.643853	17.642532	19.539529	18.845629	18.835569	18.845338	20.999283	15.242935	21.122702	14.820810	14.852078	21.147781	19.524493	18.006810	18.827526	15.568902	20.297123	7.186174	7.100651	14.847733	14.329691	17.550049	20.086511	6.628269	20.839238	12.537229	20.005694	15.439335	12.599253	21.049063	16.382021	20.671336	21.136841	20.399985	17.740188	19.823848	12.693460	20.327775	19.586862	20.358885	17.316326	11.083020	17.769734	18.646525	13.180399	13.370191	20.831653	20.632568	20.892474	8.584112	19.000582	11.933463	18.568398	15.285093	20.465678	19.467911	18.501292	17.491770	15.447676	19.420764	9.104333	20.573421	19.080736	19.384613	19.900768	18.112286	19.733722	20.497362	20.745811	20.413126	16.534041	13.624106	17.990508	18.618888	21.010685	15.757182	19.931405	19.796238	20.113091	20.495834	7.959779	15.804986	20.988842	16.093463	16.506043	20.049377	16.530496	21.086694	12.564802	18.603003	20.211749	15.008795	20.669819	12.111777	6.481026	20.643695	19.608693	20.545107	11.551425	7.515165	11.563797	16.151981	8.019603	18.707431	19.892280	19.743125	10.037033	8.713120	17.842882	19.171836	18.726802	6.916490	19.182533	8.079646	21.108776	18.251438	13.341112	18.799739	19.290090	13.744979	19.028088	20.457418	21.042629	15.157855	20.322878	16.390014	19.819438	12.120716	16.352376	11.271017	20.486871	16.912081	20.950545	20.858639	15.091896	19.791849	15.026278	20.939577	20.910294	20.150339	16.649280	20.448642	8.293728	15.435133	19.619034	20.516136	15.671607	20.955684	17.499085	9.426655
18.527021	14.622662	11.231761	19.673557	17.929863	20.518385	10.220985	18.559224	17.598688	19.701524	20.160867	14.425855	12.067261	19.527678	18.584719	17.805053	19.772210	11.580962	14.184976	9.663335	18.844147	14.949265	20.635406	20.856649	16.943590	12.518482	19.945731	12.264380	4.382864	20.656708	17.127843	16.305065	19.658939	10.392575	17.107239	7.990257	16.467259	16.387291	20.875272	18.950077	20.965331	17.378457	17.271800	5.553850	20.680892	19.580081	19.658552	12.484981	11.895619	21.083546	14.711216	19.331114	19.215403	12.644786	17.193907	14.485072	21.108850	21.152196	11.654498	17.591307	10.606425	20.606486	12.710690	18.751002	17.111304	19.810227	17.027491	20.389988	19.454310	13.528929	18.333533	18.829424	14.319190	20.655894	19.429819	20.773859	16.922671	15.862326	19.065381	20.493448	20.773122	20.527240	14.166396	16.458451	8.172746	20.587076	20.773959	10.561478	21.025193	20.595189	16.048104	20.476867	12.440254	21.103064	14.066523	18.432453	20.173423	19.092903	15.063538	14.375852	17.185834	19.836400	20.986093	14.495790	19.937313	21.158903	17.458062	20.962375	15.753333	11.548319	10.219001	16.877825	19.838388	21.096584	12.744978	18.787163	11.482947	15.473518	14.514879	15.656158	16.164660	20.979369	17.971667	19.731556	7.889063	18.752628	15.311774	19.629305	17.148643	17.477219	17.299016	20.983516	14.238702	13.899391	20.264033	20.090099	20.214584	13.601147	13.703636	16.805710	10.481059	20.617839	14.712678	19.792556	17.696781	17.487115	17.166188	9.643368	21.035038	19.176840	13.834110	18.963480
18.771709	12.078950	11.356532	16.979101	19.231539	13.302315	17.251076	19.291920	14.570629	16.976953	13.056495	20.698423	8.952268	19.757537	13.437555	18.010000	18.853580	13.371771	20.487623	17.796359	13.081885	20.196352	13.625562	20.085331	7.309876	19.254479	19.867616	19.652289	17.653680	14.519269	14.708092	17.623267	16.722222	18.777791	21.157575	20.127567	19.260007	16.555298	19.294085	19.927603	20.470602	21.155600	21.104915	18.292556	20.035441	17.311686	6.098427	14.879107	18.050225	11.206437	12.094143	18.858465	21.093668	20.869031	10.100360	18.785754	20.983317	11.869686	20.776763	15.749794	19.972105	20.443233	18.617541	10.019535	17.727959	18.188357	19.584171	14.791960	19.990244	7.436284	19.280060	17.702981	16.969163	20.275195	20.455604	11.276701	14.893527	16.403958	18.220065	18.085692	17.950926	19.769870	20.688859	20.867107	19.344759	18.048171	19.300272	19.531436	20.584120	19.889435	11.050754	19.350419	15.665908	19.360329	13.427636	11.936341	16.774543	16.793204	20.419371	20.461704	13.736647	12.585549	15.261396	19.749344	17.143039	18.980446	11.831094	16.927544	17.425422	18.695502	16.468961	21.135280	21.059453	19.770729	19.381347	20.372964	16.980678	14.843151	7.179378	21.042907	11.038054	13.344023	19.765044	19.442059	14.519229	19.536558	10.841892	18.254706	14.766096	15.853332	18.449431	20.288749	19.531220	17.597674	16.407308	17.203902	20.822686	21.123473	16.873198	19.504056	16.007496	15.925892	14.759575	9.301248	18.406575	18.646060	20.879544	17.079894	20.532753	12.726692	21.074895	18.595829
19.330392	20.344891	20.245267	15.727348	16.621015	15.006624	17.606995	6.115290	8.710285	20.754027	12.004720	9.665354	8.569120	13.961385	13.986022	11.243770	15.894056	13.200022	7.359163	15.970428	19.974412	11.176803	14.000977	20.204767	21.057294	7.930689	13.506642	18.363313	19.790473	21.136565	18.836512	18.966888	19.899285	20.536454	17.509708	16.020785	19.109649	20.437605	18.753482	20.107339	14.570886	19.744127	21.073267	21.122190	12.232240	20.907618	15.958025	16.162442	17.576966	12.588170	18.775012	14.463229	19.241632	16.752202	17.361590	17.860061	13.028513	16.494510	20.537471	18.542905	9.868150	19.725388	8.240635	20.850349	20.128732	20.244509	16.297174	19.494637	11.134032	12.241979	18.651297	19.266073	18.735976	16.691506	21.158337	13.923876	13.793520	19.902814	6.764691	18.291790	20.295736	11.355316	19.584639	16.237038	21.011760	17.242210	20.747376	19.432856	20.309191	8.785315	18.576822	18.663874	20.097249	14.401610	20.300019	19.101451	21.136115	20.158936	21.096288	10.477652	15.246726	19.695737	10.716301	14.993491	20.453677	13.920596	20.848141	20.694037	20.736345	16.611298	5.633420	19.553172	20.595909	14.904308	17.343858	14.414349	19.748274	15.928631	18.840289	17.392678	21.136596	19.939215	18.915152	18.692661	20.985582	20.740497	19.735031	11.324157	20.180556	21.102159	20.441065	18.958604	15.828762	13.871543	18.541103	17.337897	5.026724	16.435201	7.666764	19.399364	19.720028	19.609409	21.136424	11.077074	15.678910	16.701308	12.030627	16.042284	13.626175	19.586832	17.069125	20.981114
19.420631	18.528952	21.023760	19.397742	20.662089	17.572526	5.004103	12.646810	19.058632	20.872754	12.892467	19.857730	19.514252	13.012584	13.273838	18.697326	16.941518	20.209187	20.018647	5.609253	17.204420	9.752309	8.386755	18.689939	18.967157	20.493286	20.687882	20.852354	17.230130	18.118789	19.118458	20.797308	17.535658	20.979554	20.083920	17.797164	11.996581	11.941379	20.959928	6.960901	20.453436	14.165964	7.745718	15.122807	13.161495	19.937566	20.238417	21.157374	17.035249	13.937351	19.297477	20.825893	19.512763	19.533105	17.243311	20.872427	20.338095	20.661117	18.331964	19.641253	6.954218	20.260952	14.505679	20.530886	16.200701	18.218719	20.809261	21.151775	15.056061	18.074322	14.986304	20.696466	19.789545	21.137455	17.889233	16.244305	11.225339	19.218597	19.114744	21.155849	11.378503	16.071607	13.380594	20.779511	19.227542	20.050337	20.743874	20.625330	14.928551	16.263289	20.858854	15.393752	15.281569	11.683254	15.715680	14.801077	11.127020	20.024908	12.422544	14.719510	14.917296	19.860576	14.358610	10.021637	9.189212	17.295721	20.155007	19.325560	21.133728	19.568011	15.424272	6.555522	20.429260	7.266969	19.472760	19.767813	17.176599	16.720328	11.142684	20.985960	20.552632	20.140109	12.132602	15.345976	19.678353	18.640268	11.981586	16.216360	20.874858	15.837211	20.509647	19.027972	12.091253	19.537701	20.241998	18.696483	20.995674	18.686858	14.863370	16.582599	19.354894	20.632305	20.889712	11.475250	18.823483	14.936995	20.651401	16.905377	14.045380	14.219154	14.673271	19.952087
17.361137	19.351000	15.655563	11.982778	20.235911	18.309081	17.104849	19.173656	17.971535	12.122356	20.443376	14.573370	12.504410	10.021080	13.877029	10.834868	21.147119	19.250416	12.994077	14.123092	20.139268	18.873373	18.679716	12.228363	18.409796	16.931231	18.141107	21.019657	11.944343	10.721393	5.411218	14.129976	12.464839	12.834385	16.838778	20.255453	13.220107	20.448023	18.616098	17.140553	12.807109	10.160824	20.832011	18.106481	16.735951	14.996088	15.359264	17.557707	20.011893	15.989583	16.201353	20.943974	18.384744	17.573792	19.082749	20.476903	15.655779	11.553154	18.169548	19.722600	17.671102	17.516357	12.478377	19.660753	15.465379	13.490365	18.656534	20.130309	18.745602	15.683892	20.835369	15.592539	19.606184	20.912759	20.312101	17.475867	20.424969	18.950358	11.485225	20.113418	18.269449	20.397672	19.351760	16.117694	16.869645	18.606732	20.820195	15.357669	21.127018	20.883379	18.923972	12.639463	19.991359	10.008984	18.722774	20.236600	14.430960	12.062430	11.611608	20.497902	18.957751	13.853988	20.765620	19.302824	14.904324	21.146083	20.370068	20.469407	19.135130	14.306218	17.149026	20.388835	10.920140	20.723462	16.082848	20.620546	20.623571	18.186882	6.660263	18.932972	21.006154	17.431375	20.423877	20.571799	11.559645	11.956906	18.625461	19.327046	18.856682	17.744357	18.728402	5.127760	9.043073	16.854065	10.462924	15.933659	18.038628	19.379252	20.030501	17.383872	13.384469	20.301747	7.774691	16.202469	19.474262	20.036291	18.561069	12.513553	20.223399	19.656966	17.328432	17.312631
20.979234	17.484186	20.190596	13.595537	20.676510	21.057967	16.426377	21.145230	20.955782	13.081794	19.993936	18.216176	19.682591	7.739312	8.726160	13.662200	18.859562	14.830094	21.068287	18.301532	14.749283	13.767038	19.076445	19.257658	12.347361	20.299883	14.314819	20.818753	20.415383	11.688722	19.970108	16.605978	20.958566	16.798679	12.588630	18.976170	15.760877	20.043865	20.513329	18.832141	16.564587	13.732066	17.752008	16.965082	16.888947	21.044828	20.523804	12.171774	17.246046	20.349144	18.211010	21.054899	21.068618	19.399251	15.871491	10.423641	14.523271	20.698723	14.749531	11.763620	13.083392	19.494513	17.125596	10.836374	9.313263	19.804405	18.098122	9.101959	15.242232	16.181750	12.912319	18.118211	12.349542	9.232266	14.188667	20.269130	21.009813	16.247021	5.512598	18.204126	19.626041	15.588747	11.671729	20.652502	14.781669	19.449541	8.547703	16.989521	20.398363	7.977014	21.071405	17.450353	20.767284	20.790348	15.820760	16.100088	20.694585	19.523114	6.910803	16.194166	12.705148	18.818078	15.691049	19.030122	19.958147	20.253845	18.489825	21.065805	19.711799	15.208778	20.159240	21.116523	20.659493	11.164713	12.172338	15.124395	20.050961	18.948317	17.209413	20.785841	18.412102	20.345321	19.736397	20.946964	9.593162	14.052870	20.321474	19.551328	8.173551	17.907327	17.654955	19.207839	21.151581	20.421099	14.517100	20.400629	21.144345	14.071995	12.296674	20.781233	19.076884	12.822338	19.622042	14.563675	7.162325	9.859090	13.229707	20.755691	18.980833	18.701408	6.518857	14.459681
15.973697	19.670956	10.502013	16.262161	19.404508	13.886506	17.503433	17.969606	20.530755	18.995135	20.207526	11.171119	15.938841	20.809986	20.662314	9.106397	19.308230	18.807348	11.769023	15.709876	17.046778	13.091187	19.801720	19.780713	19.206711	16.572053	12.977805	19.514998	16.558302	19.940027	12.781541	11.579830	16.070404	13.925944	21.141316	10.305432	13.328301	6.157633	13.869243	18.687512	20.811610	15.780229	19.923215	17.091257	17.204841	12.622514	15.472186	16.099581	16.694523	19.987751	13.819155	18.273109	18.078291	19.116106	20.915179	17.024551	20.177978	20.664765	20.167338	20.921607	18.257252	21.105444	20.838952	19.774058	19.160277	19.990498	20.297523	18.762969	19.383788	17.542551	7.810237	19.522028	21.080797	12.296907	7.066812	20.811574	13.623172	17.618362	18.402910	14.071028	20.783118	18.027155	18.026242	15.955026	10.707317	16.022819	11.678870	19.666883	21.039281	11.389223	17.114999	20.878943	15.881112	10.403391	21.010017	11.145521	15.613897	20.233932	18.772193	19.507134	8.756905	19.985631	19.514077	19.116124	18.513994	17.423272	18.447869	6.070052	17.411149	18.532615	16.656953	19.636811	12.547173	14.513775	19.909306	20.022860	20.364896	19.961890	19.542867	14.294737	19.515497	12.362392	14.867577	21.058779	20.266738	18.209303	7.449959	11.477266	19.028691	8.832085	15.814838	20.918376	13.045876	17.603102	18.804552	19.315675	12.012704	20.379628	20.548765	18.168039	19.330397	20.961975	16.640884	11.485236	14.861066	16.771963	19.001578	9.870486	9.264670	21.122069	17.605505	16.363161
20.456715	10.769737	20.440284	12.859487	19.765410	16.026419	19.553765	21.148353	13.300548	18.828945	20.715817	21.030061	14.697230	20.470464	19.802891	16.996417	18.600249	19.195768	19.714892	20.491993	12.782001	21.027738	19.384606	9.118596	20.271710	17.372168	20.187728	19.878442	15.128872	19.031948	8.660196	18.234478	16.224569	20.503311	21.032264	14.247351	21.159992	10.294620	20.489472	14.640850	18.995145	18.870778	17.131576	19.485167	11.567806	20.771810	14.971860	16.988701	21.084543	19.308875	14.801541	19.064878	19.147565	13.649905	12.213743	16.831998	13.821550	20.428848	20.949690	11.663607	20.166803	19.136110	19.629477	7.877564	10.549644	14.418048	18.747831	18.664598	16.639950	20.489923	14.246857	11.817522	20.891926	17.881463	18.129989	21.030351	21.039861	20.416634	19.621843	15.670506	18.666678	13.834681	21.146481	15.719540	16.793558	18.869464	19.213116	16.787213	15.881571	18.617090	13.516900	7.065883	19.503235	17.795578	18.488827	19.954172	13.057417	19.939418	10.165803	17.602063	18.779047	12.278863	8.108902	19.989465	11.557142	17.939199	6.652175	17.858826	19.124759	20.855792	20.124280	20.732800	20.944704	15.567108	18.700630	5.869903	17.027069	13.198414	12.032244	15.512943	15.903008	20.616785	12.347888	20.227247	20.654590	16.399032	14.599738	19.193020	11.478272	18.072651	16.431368	15.639731	6.713936	18.524008	19.850107	8.667479	20.536215	13.641957	15.144782	20.999735	10.729791	19.174038	18.297025	18.641526	14.431993	16.715600	10.288041	19.814537	20.420745	19.133980	20.816202	18.710956
13.356673	10.346349	18.474099	19.368244	20.866763	11.934738	20.326802	11.418373	20.930264	18.558308	19.890326	21.043397	19.338958	19.711995	16.147419	17.764058	7.996100	17.412232	19.159726	16.711566	12.608510	15.924071	16.092180	17.709275	21.002153	7.445091	11.899420	19.359921	20.533859	13.295194	16.070535	19.411403	20.104479	12.640115	19.626731	20.568672	20.799757	15.422599	13.279602	17.159609	15.141622	13.669364	14.443936	11.982713	16.554249	16.511205	20.820463	14.685612	17.196468	11.742567	7.983438	11.690674	15.121146	19.664246	14.081059	17.477285	10.883922	14.354384	20.085509	16.383566	20.886587	17.593714	18.425408	20.650283	9.623444	17.030085	17.254152	16.451112	17.354741	20.630526	10.492886	19.194289	21.157935	18.766345	14.871662	11.293275	20.174798	16.911586	13.724952	20.491812	20.245875	10.970885	18.225754	5.135463	19.781111	20.112417	8.868549	13.159028	16.272351	20.805051	11.235768	21.076957	20.498051	18.710350	10.667416	18.505335	21.018655	20.255571	19.136895	17.813618	15.573361	16.282237	20.907994	18.511580	9.023132	13.513990	18.553525	13.668248	21.086795	21.121369	20.952544	14.630527	20.001021	6.987871	14.739202	18.042285	19.763217	19.614311	13.299939	20.732727	12.405605	16.165019	14.917370	18.540774	19.303768	17.535408	18.833421	18.799601	16.306146	9.633150	11.341609	11.284378	21.157063	19.058915	20.531298	21.072350	18.211096	14.084372	19.375301	15.199071	20.161990	15.795409	20.070951	19.379970	15.548287	21.131058	13.624275	17.235133	18.005828	13.333708	9.443436	16.466115
16.876126	19.583867	12.153222	12.261630	20.985449	18.392597	20.554633	20.868071	18.118169	18.494242	16.072332	19.191956	16.603760	16.156550	16.527083	18.058575	20.687062	18.344213	19.683980	19.842908	12.598675	20.738894	21.153843	20.403211	20.524846	19.377748	20.639069	17.920485	21.119540	20.932579	14.611645	19.412949	9.944127	15.594291	12.308562	20.442213	18.626368	14.341768	12.349131	16.018267	13.840548	9.374267	7.446096	11.333056	8.371056	11.615479	16.660408	15.027246	7.474472	13.026345	6.678074	19.765602	20.630992	11.530306	16.170299	16.836349	8.157392	17.616263	21.084517	15.451957	21.045588	15.863821	20.669320	21.157337	19.535568	20.770843	20.761836	17.900320	19.946655	17.528684	12.915191	7.857287	16.767309	17.195188	9.497238	20.239445	19.745707	18.896283	20.441203	15.414196	14.016638	21.110590	18.301788	19.251652	7.917935	20.427228	11.364533	20.103781	18.772176	20.237530	20.417264	18.705278	18.757078	20.889223	20.320213	20.766369	18.128231	20.704901	11.078437	15.758714	16.525780	13.557828	14.454242	15.120724	18.674538	21.064679	7.699767	19.666111	18.130866	21.159009	20.986583	12.198781	15.018825	8.287559	20.945783	19.501542	19.044104	20.773362	19.958510	19.247067	8.156798	16.763567	17.193692	13.859355	17.880590	14.901167	10.935148	10.301446	14.657304	19.147212	20.996472	18.347867	20.706409	19.898313	10.534481	14.665624	14.579387	15.785498	18.315290	20.282623	19.546487	12.005875	13.453452	18.629372	16.418294	20.801990	11.844420	21.147211	11.581996	12.274372	16.154009	19.865046
10.541420	14.671280	18.172403	11.185579	18.773708	21.091784	18.738950	18.173094	20.646003	18.612943	16.701947	20.855021	13.827797	17.310050	17.888781	17.711794	16.165660	17.533778	14.211241	18.815440	17.996001	17.834744	13.397974	6.791543	18.945160	20.473476	18.334266	20.674099	20.399403	19.449495	18.689348	18.529742	15.013773	9.119091	5.195450	19.073871	20.061745	19.699619	4.754708	21.063522	18.934542	12.103431	14.632025	14.897079	10.694624	16.062463	13.593921	16.237907	21.037937	19.310358	12.737161	19.788095	20.123676	21.111321	16.113510	20.633460	18.561030	18.992722	20.406073	20.624364	13.547815	18.503226	17.053094	21.121980	21.021273	19.080270	20.921084	20.473713	20.550896	16.709680	20.747892	18.934884	19.318186	20.825739	21.147056	18.636291	9.480718	20.842746	14.365533	16.352549	12.241348	15.622337	12.617452	17.395199	17.775098	12.810894	14.522753	20.429607	20.762963	11.801702	14.915410	12.799850	17.713633	19.200296	20.638011	9.107284	5.672176	12.657711	20.616587	20.325021	20.690399	11.248465	13.698947	9.283327	19.039852	13.156347	17.395485	8.710619	20.180761	18.869181	20.958860	15.934476	18.029037	19.375318	20.819089	19.847756	12.631491	17.035626	19.829329	18.539245	14.316833	16.758529	20.777242	20.555599	18.974461	17.996013	20.783587	18.459973	13.818029	18.737034	14.603688	21.046024	12.166614	12.010439	7.429693	17.719119	16.035771	20.473698	18.667985	17.569884	6.853104	18.791115	12.062359	19.142633	12.666175	19.756758	15.720442	18.258772	12.163010	15.698029	20.551227	19.351196
15.744711	5.677888	11.684652	17.106248	20.318876	17.031470	7.649561	19.627603	17.078415	20.594782	20.915379	20.355050	7.671908	20.837940	20.470004	18.666092	13.039205	18.020661	13.106356	17.873654	7.841019	17.341341	11.280675	10.074661	20.471818	20.800763	18.044909	18.111891	20.614802	12.708281	21.137608	21.159842	12.541469	10.459981	17.797151	15.141478	21.149553	8.489373	18.188557	12.115770	18.424622	21.158833	13.999781	15.824018	20.523491	18.458888	7.078726	15.555362	10.357344	18.132411	15.584202	19.676938	15.814501	16.219802	14.087675	20.417041	17.062742	20.459605	15.191279	19.347682	19.287716	12.902368	14.431589	20.832873	20.873217	8.281943	16.633112	19.565446	17.238068	20.139110	18.499680	5.903509	18.435895	19.960378	18.758221	14.525435	19.885309	18.348578	16.737068	18.002362	16.813408	20.993787	13.876100	14.806932	18.751385	11.231463	17.469878	15.127456	5.282073	17.263039	18.689840	17.817271	15.285845	16.537244	11.659699	16.854463	17.690572	17.792250	16.345627	19.944034	19.685426	17.260436	20.134915	13.851659	11.157402	5.982449	18.659026	20.925260	9.831456	17.767477	16.912754	16.524930	9.639717	18.034575	16.233173	19.215020	7.132274	19.256541	19.996141	17.930740	10.502789	6.521417	18.218200	9.783500	20.991098	20.239361	10.668734	17.386452	11.956514	15.530619	20.007732	16.340549	10.105159	21.093123	20.416369	18.189011	20.754103	7.048259	13.642150	15.550943	18.790154	17.835287	21.152476	13.443022	16.766346	12.259563	18.085911	13.756103	16.679711	9.345867	11.231772	17.963143
20.940527	17.870243	15.725825	17.552705	18.030586	17.494121	16.692129	19.913287	19.842205	12.506620	6.045907	21.146239	6.083664	16.020327	20.074337	20.974483	16.232440	18.684434	20.326973	12.959720	18.301466	10.201833	20.905600	16.817327	21.043562	18.157702	11.425027	14.735127	18.126292	10.747603	19.177948	18.736266	11.725330	12.397759	5.990400	18.319186	18.466528	20.853762	11.145940	16.914870	18.769501	7.836776	18.530915	11.313268	13.984929	15.129916	21.088248	19.393973	13.678557	19.464278	5.728398	16.521582	12.491613	11.115771	20.365521	19.943266	13.964948	17.089244	13.767482	20.684868	6.683665	11.250540	14.095449	13.385472	15.362446	16.450359	18.293710	19.098194	16.989735	14.914512	20.160543	20.959543	11.862758	15.277572	20.386325	20.178319	20.213539	12.793279	20.895963	19.457441	20.314349	13.417133	19.313954	19.385335	20.889435	16.204505	19.553929	21.124987	17.889350	16.278457	21.094733	19.599013	16.042163	17.937149	21.081267	12.991000	8.048395	19.513949	19.159661	20.516057	18.624797	21.095932	14.968793	16.929192	18.156907	11.045283	13.852168	10.165803	19.131258	8.712755	14.297289	10.951818	14.975174	13.374657	21.133170	5.944859	19.325331	5.684932	18.967229	18.335068	20.516953	20.496996	18.596430	11.115353	20.781607	18.109433	13.294685	20.638102	18.806380	13.403852	17.488510	17.019089	19.822937	18.866124	18.841964	20.859585	19.670163	16.561066	12.423604	15.189131	16.866732	20.349379	18.202234	21.068693	9.521143	20.114333	10.422618	20.906690	20.619159	19.523935	19.471426	20.240785
18.893752	15.829398	20.071772	17.824153	17.103889	19.864477	18.172053	20.474142	19.260598	17.620039	18.567389	9.332515	20.104186	19.865008	14.822240	20.525710	20.951402	18.090115	18.664811	9.695230	15.433430	15.489985	17.276143	19.902795	18.682076	6.688518	17.709877	8.129852	21.117153	19.473274	19.608217	17.252875	18.814000	19.227246	19.892842	18.815299	20.386568	9.301656	20.968079	16.504824	17.291161	20.570310	19.392114	5.634789	19.944093	21.117963	15.106042	20.743362	19.170130	19.972922	7.256988	15.336937	16.000518	21.058195	16.297640	11.748762	15.105504	17.962698	19.919735	21.010393	19.656499	20.532343	15.113257	20.591807	11.205638	18.537538	12.797255	16.704829	14.951660	17.509283	12.583364	17.672506	17.790827	18.743521	20.592082	18.436211	21.145168	10.713070	13.334933	16.690937	19.965793	13.287251	15.859553	15.249936	13.722415	16.760835	17.434135	18.240067	20.713115	15.732668	21.015755	15.466873	17.984489	20.646209	16.681390	11.001177	14.502061	21.054189	19.340482	20.138540	12.104432	15.575975	21.023649	21.071246	13.207545	11.518136	15.410198	20.729054	20.996504	18.840911	18.466611	18.016146	8.518152	17.822162	13.834987	14.817140	20.771367	17.534118	20.232572	20.206725	20.555481	13.625621	17.615887	19.242495	19.195080	17.612423	17.325493	14.017245	16.592757	10.042352	20.848344	20.709911	14.405317	19.745741	20.506937	21.033817	20.581818	21.055220	10.247298	11.395096	12.480139	12.507636	18.844233	21.142083	18.614716	20.700075	12.479792	18.947146	11.146820	18.776395	12.473741	20.849708
20.736328	20.859240	14.279185	19.940288	18.442234	14.900654	8.930395	16.097815	8.482003	16.691663	18.807334	15.608391	14.255897	14.207391	20.354455	17.224581	20.919350	17.926453	16.941490	19.843622	12.231076	15.756710	19.522961	21.077333	20.534478	13.889426	20.115531	11.509571	14.080831	15.986460	19.267003	14.558996	12.251597	15.735225	6.578524	20.547730	20.605104	16.350696	17.906413	13.590760	18.738822	19.618071	18.529583	15.110497	18.515938	12.571801	21.084976	21.149813	18.378515	16.067368	11.153023	20.904589	20.517849	17.613739	16.054615	20.355083	15.719778	20.343052	19.266058	10.035842	17.921081	20.459652	18.889352	16.301251	16.522854	19.649851	20.781712	9.482743	20.563309	17.282041	19.647280	20.591537	20.775594	17.709864	14.923356	20.575802	17.375704	19.188515	20.888511	20.334243	19.399248	20.301648	12.512718	20.720496	15.410183	20.634821	19.181018	15.039195	18.383826	9.107973	17.840899	19.819311	7.244673	18.420011	19.119469	15.726242	19.767014	16.659290	12.432347	11.967310	17.247148	21.095328	12.082639	18.644623	19.976698	6.622412	20.972128	21.124039	18.348506	19.005862	17.070196	20.857190	14.797153	10.813522	20.718705	19.136649	20.989071	20.564774	21.105744	20.268870	15.561630	16.077619	6.051828	11.029187	20.508521	11.574956	20.962354	13.701433	16.626068	19.061927	19.332201	12.332146	20.890329	20.751003	10.651003	20.451770	20.066190	8.892553	20.971812	16.097620	20.707175	21.047980	11.519137	13.951063	18.985789	19.103941	11.580961	21.114061	19.298498	20.912632	18.969320	10.240776
10.694572	20.599042	17.787251	19.101425	19.033354	19.726741	9.517261	17.722217	6.656608	20.258119	19.284664	14.885247	19.041540	19.692212	14.536456	16.932804	5.423698	19.215746	19.959596	19.464378	18.694653	8.228564	15.618602	14.995718	17.502366	20.681496	20.677654	13.809296	19.402475	20.173636	18.394151	20.869769	11.209415	20.951777	17.127794	21.091749	13.596506	19.784465	19.481290	16.514174	19.146845	13.346607	19.093394	20.568513	19.881211	19.927373	19.968118	16.745163	17.771023	17.736359	17.616408	16.718085	21.068289	18.563742	19.942141	20.124614	20.695275	18.480402	13.789371	19.363461	15.633708	19.509856	13.892891	20.688547	18.425399	19.874542	10.653888	8.142707	17.521409	17.465825	20.462391	6.994323	19.545931	12.314809	13.048841	19.202586	13.887814	18.523594	9.234401	20.720460	20.117852	7.237129	7.940449	19.468216	17.974619	18.616127	20.244136	16.940911	16.045114	19.580365	16.451737	20.728793	18.124494	16.074612	20.085009	14.418432	19.301766	19.445569	21.124262	16.185511	21.053220	16.202945	16.520979	16.242982	20.866833	16.451356	13.301827	12.709707	17.974770	20.078252	17.966066	20.592285	18.632177	20.058486	18.278759	17.150573	19.775123	20.568230	9.891027	14.026446	7.013417	17.403134	17.988397	16.670640	16.623175	20.041395	20.639023	18.291575	14.195913	10.192673	16.850668	19.738735	18.910672	12.637926	19.614235	20.307568	20.103712	18.200809	10.430049	19.490365	17.652074	11.032456	15.547147	20.370541	20.705268	18.059005	19.091298	16.405597	20.976021	17.418971	21.142656	11.119856
19.883631	14.472803	20.004097	13.523492	20.359345	18.068999	14.826081	16.463677	18.123239	19.867033	14.648897	17.949761	20.579635	9.769463	20.930449	21.115164	21.144691	18.127716	20.059150	7.623338	19.232853	18.326127	18.917541	18.592469	13.688402	20.280398	10.331265	16.536176	20.694701	20.666527	14.866690	14.098593	18.388716	20.609469	21.010346	20.617844	8.945005	16.114901	19.994526	18.423406	14.728752	13.061877	20.869292	10.515055	12.497501	21.159848	18.921090	17.274827	19.144257	18.851641	20.292284	19.347578	7.767700	16.113636	20.222439	6.186379	20.243605	18.342339	13.204817	20.933347	20.810839	17.356193	19.790227	20.427604	20.831724	14.095316	20.039167	18.679690	19.851530	8.546455	20.598352	19.366597	18.755179	19.128976	21.125612	19.946366	18.507921	20.802053	13.254126	20.529687	13.801958	20.766751	15.645950	15.607183	14.334924	19.543894	14.790962	18.120170	10.203206	14.767929	20.106448	19.569244	19.845632	17.627149	20.875152	17.819497	18.345753	11.384390	21.067093	19.828785	20.407341	19.626754	5.636637	20.150008	15.884165	19.550467	11.950106	14.392270	21.062157	19.748028	19.484031	20.142334	14.156996	17.973041	16.206881	14.339395	13.148962	17.095540	19.944095	17.438254	15.886756	17.491849	19.167880	16.144061	19.984960	20.396048	20.638613	20.895939	12.305546	19.429232	19.030407	7.226712	20.811160	19.896562	19.126285	18.151834	18.124642	19.144691	19.535953	19.708389	20.972330	18.788876	11.014909	7.883076	20.005474	11.538086	14.031575	11.984902	11.748618	19.861312	20.734453	16.909954
21.005594	20.343412	16.707368	21.024790	8.583763	18.035381	19.243816	18.256409	19.686301	20.708384	19.960977	16.549346	16.340821	21.064680	18.435330	17.834159	16.075839	12.343909	21.143097	19.567253	20.683334	19.629158	15.040707	9.865394	16.226447	12.799887	20.661831	16.621191	16.086420	21.150232	20.724986	14.188473	18.846944	18.185315	16.653380	15.260956	19.882624	5.485606	18.392670	19.920887	20.207690	11.755531	14.568860	16.426135	20.977994	19.006617	18.720039	13.693125	15.206822	19.720063	19.099648	16.569220	11.468637	12.192118	11.044789	20.456316	12.350070	6.955238	11.810840	20.011008	18.925282	15.452477	10.352109	12.672917	20.480521	11.830158	11.376464	18.705884	6.948355	15.890884	12.735646	11.498665	17.738418	18.420821	14.233682	19.417114	18.777638	13.714078	17.805536	18.213854	14.502130	19.423473	20.711319	20.450597	20.299776	20.719319	16.669478	19.999235	19.954310	18.730709	18.143112	15.663035	17.237043	16.957875	17.175252	9.964255	20.765170	17.110659	21.103527	20.129660	14.908997	18.807752	12.180045	17.091397	17.503071	20.939433	15.696784	12.152653	19.570801	10.783281	20.675686	20.254024	20.734080	19.023843	10.950625	20.527369	16.581131	19.307578	10.881527	8.147246	15.211391	16.561130	18.178499	18.919374	17.000021	10.111498	21.096245	10.496883	21.067035	17.801173	20.012790	9.402426	9.100424	20.349194	19.445678	14.398297	15.951168	18.558502	21.104751	13.241862	19.755320	15.096883	19.922582	5.291033	17.312131	11.101754	14.617478	19.431420	9.992811	17.474385	20.362723	20.969848
16.566102	17.624867	9.142097	14.847392	20.105309	17.543019	13.353901	16.472929	21.104439	19.418270	19.794930	17.147757	19.265485	17.841069	19.992082	12.166974	18.694825	19.808136	20.602778	19.409066	20.019585	18.419890	17.640505	14.276819	19.896475	20.464862	16.873183	21.025612	19.988558	6.737446	19.537512	14.289306	19.366342	19.027852	18.369721	19.785061	16.371592	12.030762	21.112059	18.697397	13.820244	16.097185	17.191416	20.972057	10.999033	20.778809	20.889434	15.341147	13.921389	16.581734	16.246365	20.522193	16.008519	10.208799	20.892229	14.132361	19.437988	19.076778	14.606820	21.104576	10.589309	18.268609	18.374169	20.081765	9.584731	15.132933	15.426633	21.145942	16.485756	15.278601	17.252947	13.269174	17.438561	12.731455	17.354191	12.584126	15.698857	18.359405	14.887378	16.144912	21.094089	16.410603	18.940552	18.572578	17.244596	17.715759	14.937213	17.971161	18.450852	21.117794	20.778889	20.802749	18.470968	17.083619	13.524429	18.014268	15.006279	12.701609	18.757880	17.079971	20.534401	20.706112	12.610707	20.435713	14.229463	11.663720	20.672404	17.046947	17.372690	9.005850	19.831138	13.753907	15.565347	12.478816	20.122749	20.395885	14.998223	19.005685	20.104182	11.744371	21.063042	14.772747	20.468061	13.291923	16.728577	13.197600	20.990514	11.648171	18.918916	16.996739	20.517567	16.083045	20.172939	19.101681	16.658045	20.919708	20.013327	8.500918	18.917074	20.772149	18.347837	16.189337	20.747615	11.187547	13.882909	21.101429	10.899215	19.375979	17.605988	17.399150	16.995770	20.886108
20.832898	19.530911	20.135521	14.491020	17.446946	20.603587	20.930452	20.397600	20.345262	16.008659	19.930596	11.914749	11.543798	15.697166	16.241461	18.778490	21.075564	14.387562	15.934496	17.782545	20.207354	10.184035	17.394137	21.147657	18.961058	15.574954	19.353816	10.760816	19.605819	8.224807	9.538437	18.520957	16.198435	12.700478	15.577398	11.136943	13.461206	12.744581	18.002553	11.034684	16.558034	18.895176	20.296492	20.996970	20.655207	15.892590	17.311984	14.190720	19.513722	6.839601	13.444721	17.981388	20.892231	20.135341	15.715871	19.985846	20.320415	18.990284	18.214446	14.943423	20.171421	20.973611	13.845573	15.380590	16.573690	19.799232	21.049173	20.287185	18.662810	14.447772	18.776225	19.733383	13.575327	14.506170	20.458573	18.560235	20.799457	19.557553	11.752269	13.469733	9.709192	20.878976	17.128438	19.226830	10.056726	17.149252	16.594919	20.915309	10.476274	8.292495	20.402955	18.482365	13.293870	18.627260	19.173607	8.451775	18.887559	18.988899	9.029856	19.054541	16.118767	16.203948	20.976650	13.619839	13.259014	12.105889	16.028364	19.801975	19.494637	20.201228	18.744068	20.401079	13.158119	16.443781	19.271949	20.992845	11.406901	11.697621	17.995970	13.582215	20.946237	20.612089	20.298566	14.466290	18.619416	16.524946	17.606779	13.530897	20.067178	16.430778	8.352781	16.821240	8.657912	15.227877	8.255403	10.140172	14.110492	12.754776	18.903610	20.868894	20.070652	19.840301	18.631342	20.169743	14.870778	17.931210	16.855908	19.499141	20.551875	20.610018	11.127739	19.344035
14.431720	19.310707	13.017682	14.658243	6.884493	16.051141	16.534305	17.982547	6.351923	16.907854	20.175425	20.373657	18.555962	18.208044	10.059582	18.853348	13.808712	19.310401	20.656689	18.595914	20.957459	17.287735	13.733305	7.951578	17.626286	16.987901	15.306617	20.663106	19.154847	20.936979	15.697238	15.998828	16.685467	18.999050	18.699660	19.302403	10.670064	14.557143	16.839447	14.774814	13.488721	14.811605	17.477939	18.045118	18.820945	20.278777	14.676624	21.030715	11.746401	16.654457	20.610190	21.145055	7.523226	18.660169	15.211561	17.441063	11.128687	17.620472	14.545709	13.235993	18.691010	17.828511	20.999491	19.618196	14.842078	18.473151	20.540533	15.914625	16.987638	19.906204	17.158600	13.956013	18.525088	12.246083	12.236499	17.965054	21.148866	20.449004	18.533465	20.874689	15.776090	19.795032	17.805946	7.659165	12.465107	16.551173	17.374430	15.399000	19.488588	11.798559	18.314840	20.881558	16.823980	20.168689	12.461728	17.644490	17.559281	20.528478	14.303874	21.051422	13.853769	9.321208	17.649469	10.914878	20.535279	20.891105	14.501158	18.077136	15.369562	14.777757	20.948796	20.371197	15.272790	17.837516	13.036308	15.306508	13.100842	18.655331	19.631047	17.458867	11.660734	17.342367	20.035130	8.951442	9.737045	20.702425	13.689808	18.418271	19.114311	8.780109	12.937517	17.022819	20.967741	13.444366	19.538459	8.784969	18.519753	13.496222	15.936099	20.928294	20.078273	19.201775	20.163497	13.732759	19.440576	20.785342	19.648976	20.631130	12.162028	15.070272	20.856117	21.159108
15.510903	20.284797	19.259234	12.143294	20.978957	16.587003	20.952493	17.598338	19.688369	9.986202	16.835088	21.150635	20.574221	15.093939	20.639729	11.106759	17.165824	15.783141	17.901140	20.751227	17.845051	14.030761	13.184002	19.851282	19.367063	16.241943	15.861193	10.559625	15.069166	15.948839	12.935044	16.113813	13.823145	19.052804	16.394849	19.646110	20.705715	18.893355	14.532963	15.427225	20.257412	20.596268	20.130453	18.779068	13.596118	18.877906	13.446182	16.264958	12.684578	17.726691	18.900355	15.531833	17.268362	14.885756	20.476433	20.924292	19.379183	19.236106	16.743298	17.630895	20.653712	12.564873	10.665217	17.718495	19.474414	6.871063	19.895006	18.198859	11.224529	17.704657	16.233244	16.896819	21.037968	16.513715	20.245800	20.728817	20.296057	19.306188	19.256919	20.990306	21.046816	14.294421	20.871026	20.620188	20.584048	13.372405	7.815880	18.046396	10.384932	20.400682	17.740802	14.876047	21.077275	18.101012	18.214212	18.008009	20.897561	21.112329	20.587741	20.447114	20.041397	7.801940	20.717482	20.474073	9.261236	19.637637	13.628093	11.510771	18.152638	20.084373	17.942471	19.099229	14.870963	17.600131	19.848437	17.182912	15.024963	17.040288	16.538161	20.802350	20.868200	14.656464	19.050894	19.539223	19.454172	17.170608	18.537846	10.610417	18.648918	19.999479	20.862751	12.768364	20.119496	15.727878	19.368638	17.452218	20.695363	21.125663	18.726240	20.614835	11.710738	19.273913	20.497432	15.165616	16.768520	16.767512	20.457388	15.300399	11.424049	17.396460	18.889367	19.527613
15.413365	19.434490	20.685338	15.908654	9.574809	18.050738	14.833701	16.855501	14.157669	20.448486	14.687757	20.230926	20.746613	20.550494	14.114495	17.851538	19.619147	20.212092	19.052549	19.867744	11.144881	10.986812	18.563500	13.609990	20.902744	20.345721	16.879870	16.374426	20.264321	19.245814	21.007246	14.123349	14.988345	18.037141	20.041318	17.731238	17.247209	17.334791	11.696372	20.958607	19.574338	16.150078	15.510665	11.739029	10.988846	21.039474	19.179079	15.770721	10.464071	17.703316	20.472787	21.124913	15.596021	20.420208	18.842783	20.080074	20.850073	20.123658	19.850051	16.632336	20.007680	20.367425	20.055166	16.710171	13.920284	19.914095	19.246171	21.129681	14.692602	19.658410	21.076703	14.350860	18.818241	12.822637	20.256730	20.463775	12.778885	7.895223	11.629279	13.156561	21.094531	19.761915	20.567702	11.415257	13.017444	15.648843	18.837970	16.522235	18.198305	7.389584	21.006715	11.423322	9.254107	19.606484	12.176150	16.871915	18.862773	7.633928	13.104270	18.000537	17.940566	16.307587	14.700445	20.990495	19.000098	16.526460	18.658068	19.829120	8.030988	21.072664	21.012778	19.319313	19.476093	20.400116	20.875271	16.713112	19.525388	18.811783	20.964832	6.570360	21.031333	17.318547	17.834869	19.383325	8.010871	20.776033	13.533462	21.101253	18.950042	20.133443	20.286063	17.168881	21.069386	21.116838	17.444596	15.744398	19.891747	20.246109	20.080274	20.986977	11.128887	20.524233	8.830404	12.399846	11.123234	19.078052	14.131670	20.991495	13.044629	10.496161	20.695136	18.524774
18.795627	20.578212	11.615606	14.447106	20.484020	16.842187	11.319129	20.441365	19.324891	17.918994	18.070003	10.255664	17.503359	10.349158	14.137253	20.567661	18.554078	7.515675	20.449921	20.928029	16.650674	20.515096	13.694205	19.705236	19.673612	12.880293	17.387847	14.217300	20.627469	18.404265	13.292414	19.786667	20.094957	20.344126	17.965719	20.405748	14.609030	20.576856	6.325876	15.468337	20.224956	18.732944	20.115065	12.018788	19.783561	20.081467	13.751529	17.899110	17.271800	11.244583	19.471740	20.743685	12.377015	16.466010	20.859671	11.178721	18.375464	19.428982	19.049381	14.050573	15.170441	20.955768	17.081126	20.049085	14.070666	20.800237	14.874577	17.464620	17.644371	18.467043	16.664618	16.001494	20.628763	17.734461	18.087066	13.587121	19.589125	13.990555	18.787536	19.292585	20.034083	19.903383	11.144669	17.200606	20.152132	20.961359	14.254224	15.038306	20.777983	20.669532	14.182804	17.706579	20.481735	21.138459	18.345222	16.483014	18.894186	10.984640	19.200460	17.066720	19.169697	11.232626	17.508459	8.021087	20.835250	16.888656	20.665206	15.519239	13.523576	19.825687	18.721139	21.046716	12.278798	17.226624	20.883537	16.767763	17.272125	13.265800	18.599467	14.947792	17.182704	20.793853	20.014976	17.137205	18.255215	18.073601	19.403417	14.478282	17.098715	17.740011	20.229906	16.434874	19.512197	17.201649	13.792301	17.191098	20.749063	17.487174	18.633241	15.287637	16.104455	20.995612	11.430704	14.076033	21.152001	20.393804	18.940645	18.825683	16.124781	20.250047	21.159570	20.157736
14.503068	19.621945	18.988115	13.279679	17.190020	20.877740	19.198218	20.929224	10.842381	13.301915	16.620074	20.347381	12.797347	20.656352	21.093256	20.951569	7.196254	15.140330	20.731635	15.491628	14.409231	18.127302	19.434687	11.304536	14.576901	16.854429	17.964923	11.771182	11.250256	20.948261	15.474714	11.370357	14.158009	18.521798	17.961827	9.935116	20.570901	21.155556	10.302071	15.265259	20.918344	19.674734	15.245867	18.010246	15.213865	21.051576	11.590434	9.347477	17.346883	17.284011	12.935716	18.004607	18.550646	20.723358	20.932848	19.296737	20.213598	16.585502	20.378350	11.902031	16.441944	17.479949	18.167728	20.523791	19.678840	12.920109	16.509612	15.245447	20.405387	17.726884	17.626489	19.974644	19.769467	15.861865	20.500935	16.842081	20.909036	11.415101	20.836562	13.020766	17.915070	10.667590	17.313633	19.988336	17.133169	20.951459	20.246731	18.911406	21.005237	19.914489	20.423600	20.355411	20.177298	21.090285	12.375254	14.705094	8.074300	21.044301	17.416901	17.280997	13.617126	11.939443	11.942840	18.815592	14.691156	8.610771	18.924569	11.271813	20.190444	16.340521	11.553765	18.204608	20.902338	16.931491	18.662833	21.041414	11.289813	18.414710	20.304837	13.999811	17.468048	16.864725	11.404393	14.605607	20.835802	14.712395	12.718061	17.249168	13.702813	9.225207	18.805178	20.570173	10.158938	19.468989	8.246659	11.687697	12.265758	18.919945	17.620657	20.690865	20.823520	18.508707	19.202706	20.758694	17.110687	10.637790	18.196945	18.933336	18.744506	13.840632	19.708931	19.812701
20.797462	17.811461	17.578305	15.142012	11.413396	18.504403	19.915574	18.844508	16.829470	18.114921	18.269035	20.549212	13.938101	19.289111	14.554553	18.596828	12.080310	20.949145	17.272011	19.363711	20.925034	16.336852	19.673294	19.434451	18.410837	14.012661	15.939672	11.423459	16.805551	19.516613	17.490015	17.897170	13.564581	18.439152	19.389062	16.430489	19.532701	13.863590	14.497242	17.567545	13.560070	21.039284	19.268546	14.010018	20.142514	19.432215	19.414641	20.106566	13.776652	8.330827	18.220412	13.549260	6.996441	13.975569	21.035393	19.239576	19.913480	12.668771	11.227253	20.399948	21.067978	21.023520	20.987916	14.147864	7.157761	20.016471	16.606406	18.971341	12.743521	18.443227	19.613197	10.296211	13.295901	21.098787	20.606730	17.832467	17.090015	19.334053	15.071881	14.773157	15.072857	14.565509	20.691821	13.414271	21.119521	16.488711	20.582228	10.286841	20.781275	17.425440	16.486263	15.946253	19.560707	17.748187	18.068871	19.178458	21.158175	21.112293	10.780217	18.527990	16.048335	21.072722	17.284813	13.346760	15.277081	17.076408	20.133219	15.436025	20.722819	14.482338	16.118444	21.134418	17.677980	19.434756	15.037564	11.873870	18.739530	14.764272	11.740572	11.905773	20.621545	16.076183	21.123518	13.092548	18.823986	20.560517	17.773983	14.665448	19.608482	16.120782	16.829404	20.887208	7.813521	21.153161	17.595357	19.835026	20.319697	20.799391	18.387189	17.550313	16.375347	20.078009	12.126248	15.395124	19.455922	16.738261	12.714236	19.732924	20.166264	21.076650	11.063106	20.292437
19.922478	16.925762	17.686935	14.114035	21.073351	14.397441	21.117997	19.839612	20.484444	19.778988	20.801542	20.467599	18.525662	17.562423	20.764316	13.977786	12.377629	20.571114	15.875693	14.325302	20.987079	18.845986	17.620190	12.738156	11.858510	12.243118	20.792878	17.476215	16.226582	12.324245	18.397147	17.431890	20.915374	7.797784	16.383071	16.826297	20.169566	6.720521	17.685365	20.534285	20.500139	19.369468	20.288634	12.918522	20.533472	17.861579	15.820564	19.564299	9.627417	8.421768	15.335336	15.070476	11.745633	9.543705	17.262710	15.411604	11.530513	17.768274	17.618241	19.083246	15.949369	19.421473	19.318406	18.389700	21.145912	18.665967	11.400382	15.587484	9.192233	19.743012	11.128476	18.845580	15.904312	14.657634	20.706955	16.044547	19.218030	14.959988	21.141735	20.098615	20.884239	10.960968	13.458899	19.424376	11.066862	17.574203	16.751507	17.539658	20.961773	20.132603	20.714814	7.023274	13.665482	18.249896	18.548073	15.257004	12.618264	14.083974	16.246622	7.220811	12.207942	19.994918	16.160563	18.785387	19.883171	19.781839	20.388641	19.302409	11.821002	16.979463	15.748550	9.289100	12.152007	19.877848	21.157402	19.919386	21.147760	17.697311	13.758094	11.619610	18.101902	20.993942	20.626788	20.966752	15.744243	14.974415	18.974116	17.987572	15.075863	20.493141	19.118405	7.977406	13.700808	9.943832	13.764745	18.479336	18.516203	18.534296	18.965536	15.773184	20.298369	17.897124	12.693268	15.936893	14.515266	21.028566	20.787687	19.252875	17.071431	20.749733	20.145220	14.319603
19.283487	12.417460	17.706918	20.545339	19.811984	9.867527	21.074678	15.324996	18.149637	19.054711	20.963387	17.152509	13.444399	5.662578	9.722373	18.128620	14.994846	12.911929	21.006813	16.257405	14.491825	18.249680	13.836190	16.005159	11.801157	16.510344	15.668149	19.809664	15.617987	20.424171	19.181552	18.740350	13.279204	20.253001	15.096795	17.931463	15.549646	20.984640	20.503618	19.159543	18.783866	11.297873	12.607042	20.619242	19.841935	17.357934	20.155984	14.890012	20.527997	11.983201	17.817900	17.220439	20.273938	18.120259	20.884909	21.032521	17.501132	17.170455	19.170524	15.684957	20.581914	20.765575	14.884728	20.532053	20.106664	18.952795	20.338851	11.733119	17.302144	11.727113	12.443373	20.742225	17.240270	10.450929	15.393593	21.129339	20.968440	19.234115	11.770000	13.743386	17.669372	13.516007	12.547310	12.889875	12.779431	11.776000	14.608134	16.945551	13.896506	8.982552	10.354737	16.518394	6.399472	16.501148	14.611033	15.192267	18.292007	17.380891	19.636267	16.646284	18.934145	19.518446	10.114778	19.807296	11.485240	17.402313	18.811252	16.805086	10.566103	15.827936	16.067774	18.929244	20.415368	13.556757	11.975108	15.516383	20.982444	11.771868	16.441797	20.749130	16.858835	13.743726	18.973679	20.680667	18.357925	19.776964	19.037843	14.378531	17.944940	10.590071	18.858573	19.433938	20.564500	20.909255	8.163471	19.227084	18.560921	17.209455	20.937324	17.888635	9.923985	8.468100	20.419426	16.063193	8.084069	13.413550	19.226599	18.473927	20.230814	12.590399	18.535618	19.698394
11.089820	18.479805	18.008114	11.227534	21.157741	20.056100	12.686071	19.756825	14.710574	13.564821	15.498048	19.308395	18.301641	18.462327	16.993437	8.602517	13.691071	19.725354	18.855537	18.098697	21.092941	17.615456	18.421428	21.036320	14.619075	20.668342	20.972526	20.273350	19.855782	19.014650	10.953378	15.842803	15.952008	20.009457	18.584958	19.799280	17.159912	18.622410	16.596900	19.717859	14.969583	18.142192	19.753705	19.078633	14.689108	14.470256	19.388631	16.136549	15.110107	12.339624	17.393267	21.142753	20.397011	16.361032	20.301887	11.890640	19.584831	11.152584	19.286000	15.879564	20.721296	17.835676	20.047493	5.763583	19.186965	20.628542	20.540258	14.740483	21.008491	15.808501	18.804686	20.866963	20.609045	18.979201	13.299751	15.379530	15.956669	19.902811	12.581357	19.724625	20.291845	14.925991	20.338408	9.029395	20.006171	14.339755	13.515619	19.654346	16.042994	19.704457	12.667566	16.228268	19.425377	18.340014	20.529845	20.396586	17.060880	6.191874	17.319191	20.258811	19.518606	20.651884	20.714733	13.257636	9.440092	20.923510	11.085933	19.490242	16.328736	18.109381	15.029873	18.019108	18.093331	20.628353	18.871832	17.761524	15.953540	19.976520	10.810497	19.248789	18.095500	19.819804	20.938927	20.275627	17.732175	19.556467	16.965687	17.476433	20.190164	20.976160	19.386708	19.705245	18.343842	20.470163	17.279040	19.447026	10.789427	15.396283	19.194018	17.884544	14.181694	11.254597	20.330203	20.342827	7.330922	21.108539	11.722548	9.491376	20.801271	17.251040	16.686752	16.666468
20.438246	14.304034	20.912166	15.473163	20.114432	19.451564	12.784605	18.326316	10.514754	17.862456	12.958164	18.114701	11.715253	20.237637	18.729694	10.113903	17.012061	13.828595	14.968570	10.352368	18.354882	19.821929	19.965833	12.283098	21.038581	13.469757	16.084748	20.077780	19.457371	20.613965	18.785333	20.178317	11.070465	20.590172	17.471049	16.406484	13.305510	11.447022	18.336615	14.212153	20.286689	20.987393	15.168558	21.073136	20.483805	7.160967	13.970460	12.988992	19.769302	16.022327	17.819096	14.497733	18.691245	12.650600	18.894761	15.816912	16.268566	7.881858	20.556437	19.188358	21.120583	17.651450	16.347265	17.314157	16.926441	10.869140	18.905734	15.975363	14.966928	11.405951	20.449043	9.808416	19.689304	11.005012	19.515244	15.936568	20.636961	11.998341	13.178575	9.730818	17.423337	17.993166	10.580949	16.291396	5.312150	15.707957	10.873283	18.607140	16.177749	16.916244	6.478511	19.505542	19.527327	19.520580	20.297485	15.772371	15.573481	17.142763	18.573612	20.182994	17.492363	19.891329	19.638642	19.038592	19.729042	11.633700	17.959354	20.483055	21.081133	19.603825	17.441411	18.011924	16.075539	13.258990	18.904553	9.555512	20.592885	21.027935	11.967253	16.975713	12.006470	20.584348	18.407208	15.017398	13.032723	17.239655	20.971711	20.318080	9.502040	19.978954	9.877475	14.496427	19.323841	19.297648	11.911465	9.323071	12.161423	15.295650	20.558924	15.718383	13.557429	20.307394	18.577773	19.988133	19.843802	21.141263	17.236742	8.090184	18.422483	20.820282	18.478164	21.039529
20.760626	20.206232	15.853962	20.771795	20.132647	16.931431	8.434385	17.467574	16.761694	17.387020	13.025424	21.117483	18.073896	19.819197	13.667799	17.170536	17.985501	9.290725	19.807787	18.374154	19.799899	19.490378	20.457834	19.766213	20.307921	19.330483	20.490711	9.950896	14.905634	10.735042	5.121736	12.708913	14.081889	8.792042	17.109903	18.572300	20.998263	18.303716	17.777963	12.690922	9.647127	19.496430	18.930690	19.931751	15.600131	14.913725	21.095384	19.450399	16.128678	16.001253	20.959708	18.416103	17.370481	20.281951	21.111286	19.063739	18.277376	18.375864	20.160919	20.088027	8.993584	19.412949	13.656043	20.410314	16.375568	20.866474	18.779394	14.501773	12.287968	20.679189	16.253274	16.450411	19.381894	19.636025	15.365982	10.275505	11.383152	18.248247	18.469728	18.625087	21.073421	20.583596	16.244412	20.325182	20.807410	21.146412	14.286703	14.051052	19.089709	10.636619	21.070611	16.351482	17.657164	17.785581	16.802511	16.980969	19.503172	19.820623	20.981317	19.421229	19.664528	6.431120	17.693099	20.033109	18.526171	20.509669	17.074813	19.727060	14.322364	19.857535	21.047493	20.516221	17.642312	12.008595	20.006301	13.254430	20.755813	18.036047	13.207889	16.304681	20.598540	20.910964	14.706055	19.883904	19.176146	20.696750	20.296473	17.662713	18.147604	17.169824	17.427705	10.454013	21.058700	11.701590	19.552057	13.029044	18.581336	20.461197	8.278261	17.976876	20.992723	17.244666	19.824901	18.361576	11.540771	19.801545	15.055956	8.667226	7.409812	18.058950	12.822350	5.563086
20.482255	12.730720	6.091143	15.828829	17.033659	16.087446	20.506209	13.830436	20.473578	15.104316	17.246352	17.698123	13.912250	16.299432	18.790931	17.842302	19.591778	8.466893	18.932890	19.704200	18.418903	17.162860	9.509461	14.289138	18.974003	15.505897	19.818921	20.849348	20.860920	18.115531	20.298784	18.085596	19.130862	17.128412	19.021638	20.343721	20.974201	6.443543	7.539266	8.529200	17.026877	20.193569	20.334871	20.344689	20.555862	19.645502	20.310126	19.172028	13.992495	15.862884	17.588043	20.893031	18.043129	14.434701	15.868946	16.646050	20.066071	19.075202	21.121808	15.803099	19.120412	20.350743	16.354311	17.725860	14.377446	11.788053	16.339980	16.543009	12.269897	19.645463	20.855086	12.228800	12.883221	7.582360	11.199092	20.594450	14.679670	20.456833	21.013713	8.095270	20.284218	20.920047	9.949873	19.586051	11.779603	5.964985	12.473629	17.338779	20.133487	20.249508	20.795065	20.862560	20.379435	10.764547	8.898344	18.834089	20.908157	18.233043	16.667559	15.712465	19.982241	16.776511	21.080239	19.507901	16.716659	20.003969	18.062377	18.512678	17.421904	16.379000	15.641567	20.774292	14.291435	17.484460	20.428911	18.439432	12.612598	20.081685	21.152083	20.249138	20.415509	16.796706	20.656566	20.018500	18.803699	17.313154	19.065475	10.969377	20.961144	18.466632	17.873887	13.787557	16.818024	15.829712	16.788858	19.006155	10.372153	19.877452	17.972494	20.008004	19.944458	21.060840	11.455462	12.132487	13.153912	15.329304	14.424794	15.949281	11.727450	21.150353	12.297290	14.911348
17.772296	9.297416	19.956772	16.010405	14.684972	18.171419	18.949847	7.448148	21.082496	19.653703	13.427877	19.820571	13.547146	19.620736	16.918648	19.051460	12.896878	19.154921	18.278544	17.383650	21.097774	7.218291	20.823568	20.538538	10.772153	20.280933	18.395040	18.407250	20.850091	16.109902	19.118430	20.396396	13.906811	20.932146	21.049835	17.016636	15.727286	20.881191	13.561654	15.207248	10.553088	16.714579	18.793970	19.898084	21.078310	21.079723	20.973272	19.148742	17.589720	15.851244	15.582504	13.139282	16.070853	20.435350	18.538280	20.946875	20.927426	18.668922	17.436982	13.639000	17.944566	20.909063	18.279235	20.744588	16.154604	17.448734	14.387503	18.586090	15.713043	13.847212	21.007007	15.448165	9.956712	11.449540	17.367400	21.063070	21.050473	19.504024	17.100669	20.234316	14.375435	17.496141	18.326267	9.813591	17.803426	12.478385	12.106808	17.103389	20.144051	21.150351	16.816646	20.021041	13.044694	15.706775	20.124139	17.738104	18.210261	11.578555	17.367917	10.909913	11.489957	19.209436	13.506545	21.000347	17.031932	18.994482	19.947709	8.774173	16.843504	16.158994	19.698196	20.832251	14.236171	18.456386	17.106431	12.369157	14.828494	16.364699	19.051061	16.837391	20.250966	16.153435	15.602134	14.908758	7.583811	11.702061	11.678012	16.779886	21.148077	21.060333	19.350287	21.069826	19.196784	21.056923	17.569784	20.170017	17.912585	20.503378	12.207831	18.049041	19.925253	20.243553	17.186861	19.952365	18.897708	19.626561	18.188386	14.079163	19.604258	20.669592	20.819261	20.650271
16.870547	20.559625	12.773560	14.951557	15.376397	20.394219	13.699985	14.839058	7.506459	7.684357	21.150128	14.584311	9.179013	20.163506	21.039272	16.928162	14.982493	20.719115	18.255092	16.606024	17.264999	20.133916	20.884611	20.461662	19.006150	14.878037	15.710241	16.401051	9.755323	19.452461	14.692005	11.547706	17.464512	10.625757	18.850920	17.714299	16.925790	18.852958	18.958807	18.021730	20.043086	17.622916	18.078045	10.486855	20.892779	6.284589	16.058997	19.136939	18.112898	20.649539	19.176603	20.310241	10.851616	14.009124	19.055632	18.731880	17.921396	19.712554	19.051225	14.614297	19.908803	21.035784	20.144583	20.636103	20.638994	10.097777	20.083233	18.291666	20.314438	8.722813	20.363983	20.965194	8.443633	20.253627	16.911197	19.927469	18.053226	20.467466	10.431647	17.886172	20.194713	13.440425	13.240750	20.090111	15.725139	20.726576	9.602671	16.908304	17.324586	15.646257	19.830491	18.670723	14.926627	21.002372	18.886768	16.974576	19.909904	11.999084	18.065765	8.304344	19.861946	19.972021	20.058099	12.017996	17.968060	6.713156	19.948401	15.955168	20.542967	19.643081	6.559038	10.713392	8.449258	17.015857	9.649843	14.931883	20.089520	17.376032	18.816569	14.908450	16.311045	10.749737	20.655941	18.420573	19.709412	20.621902	19.693273	18.388827	13.200110	7.199843	16.341064	7.839753	13.528838	20.948495	11.100518	7.152398	20.401767	12.139459	19.201765	18.529018	9.484688	14.118727	19.908737	20.600483	17.089354	18.927293	20.409455	20.564106	18.878383	10.349817	17.032732	21.092948
20.771430	10.286050	19.709515	12.639220	20.158257	21.128730	20.511938	17.683423	7.341503	19.666134	13.604508	20.912736	19.615750	20.563619	20.825503	6.054430	20.426989	19.927789	19.559694	7.968706	20.476732	18.823104	19.450886	20.314876	20.580624	19.378787	19.970228	18.785349	21.154713	13.724235	12.643515	15.947672	20.974809	20.162890	13.533089	17.845037	19.754996	13.709767	19.386314	15.658198	8.617244	7.614701	19.505913	18.719076	19.446803	18.006973	18.256112	18.069543	17.902075	21.014924	20.052225	10.798780	11.576194	16.017662	20.883976	12.393543	20.616285	19.866442	18.305318	19.810571	19.421416	20.958042	15.734297	9.299273	16.470924	18.662679	19.226067	16.218384	19.321483	16.120168	10.893901	20.404100	17.094992	16.367228	15.665103	20.531037	19.315865	15.618890	20.837199	18.487646	15.751567	13.540549	19.292146	8.791794	18.327173	11.118304	19.815212	19.982168	12.102526	20.345157	16.641696	12.796284	18.088241	21.033871	19.810657	21.150873	13.130579	11.274871	16.404288	20.030209	20.980984	17.316167	16.698761	19.384161	14.255546	12.835289	12.769768	20.892719	21.096601	13.674681	7.966165	15.513232	21.140419	13.465342	19.916783	17.206679	17.712418	15.364023	18.720811	18.932727	10.182060	15.747964	20.784768	19.950096	20.902604	18.532651	18.791251	16.538191	20.950619	15.415166	21.045706	18.346239	20.138591	14.023831	11.679710	20.095313	14.169690	19.729184	19.772156	21.035756	19.575493	20.313171	18.161062	17.357969	19.954288	15.689722	14.920507	15.234290	20.670857	20.464832	20.293804	10.811098
10.538494	21.122143	14.165837	16.418086	8.853954	8.879391	16.525704	20.336172	17.964666	20.096335	19.715686	17.422193	18.820943	8.318271	14.172618	20.302181	19.588296	20.868161	14.326845	17.056403	12.473433	19.055775	19.425839	14.780252	14.563870	15.364408	17.032904	20.510632	20.874039	13.753379	18.914619	20.910353	18.027184	20.082332	20.882364	19.888019	17.128900	13.620978	19.064632	20.062582	16.205164	12.937906	21.091685	20.883532	15.828789	18.518743	17.041606	20.737894	20.800153	14.880838	18.778022	15.059351	20.820033	20.871809	16.774375	20.643354	20.320350	20.436215	17.693424	19.527021	15.172548	19.268108	12.407044	8.052104	12.294508	11.958807	10.062633	17.490452	16.522830	9.087706	20.971097	18.722420	21.085101	20.437322	20.583664	20.385306	21.008571	13.808316	11.090150	10.530551	12.778585	7.257431	21.098772	8.196828	17.114924	19.408196	19.210014	8.379134	19.403531	20.600331	15.125388	20.866420	19.329970	20.307492	19.575277	10.662678	17.700030	20.611299	20.009679	15.164607	11.813212	17.872597	20.295661	8.405288	14.530129	18.771103	13.452252	13.776509	16.606798	13.397657	20.045461	6.019734	11.286331	9.176163	20.299563	15.906621	18.612231	19.796808	9.868580	20.643356	7.481830	6.423940	20.433144	20.547534	20.906629	16.661953	15.362501	14.591541	20.427863	20.237362	21.064871	15.073417	10.070633	11.187442	15.963874	16.230506	16.661714	20.577987	18.529965	18.280299	20.342229	20.938829	19.529259	10.580056	18.318180	21.045515	12.981976	16.344245	20.090423	18.613853	17.221127	17.602693
20.466171	20.330225	20.571920	17.918661	21.148797	19.452617	19.263383	19.451351	19.843689	18.887131	17.869443	20.652761	12.658324	20.655403	20.732202	9.371382	20.395621	13.741570	16.674492	16.990652	14.402358	19.152672	20.991610	7.231995	15.903659	10.550262	21.143535	17.714880	6.549236	20.943863	19.589212	8.137867	20.904063	18.338750	8.704827	17.360879	19.395908	14.272912	9.230901	16.244013	18.183717	19.552403	19.260212	14.946620	20.609117	20.011601	14.149418	19.169635	18.818213	7.180669	18.541531	15.173724	7.420812	12.517779	20.579685	19.259836	16.282384	18.505320	18.826318	20.235070	18.010390	21.068396	13.422508	21.021528	21.118237	20.912742	15.884189	20.923784	19.781897	19.208023	17.852282	19.199459	18.104299	20.520627	14.477128	16.049517	18.621644	20.477198	21.118677	19.720395	16.719941	19.432535	19.765210	18.240235	19.660672	21.082254	18.547453	20.954374	12.677294	17.874285	6.960824	20.671453	10.843034	21.051727	15.057052	18.824305	13.414176	12.782532	19.076684	20.871798	16.788730	16.183970	16.951492	15.846858	20.963603	20.918956	12.530199	18.180746	18.837674	11.782545	18.259862	20.673563	14.725795	14.445642	16.526477	14.897540	10.821967	20.005622	19.566566	13.677941	19.742832	13.948782	19.273697	19.885027	20.103229	17.995875	11.415263	15.494874	16.816452	20.317180	15.711436	10.463002	15.699281	20.181885	20.564935	19.624015	13.131515	20.878108	16.111284	16.085173	16.126502	18.803578	14.841727	13.508399	18.260411	20.871188	17.169363	19.648036	17.057264	17.926631	15.331958	20.740225
20.577042	18.095403	10.214728	14.447147	20.127466	19.425217	21.017816	20.811314	19.297116	20.708050	17.284022	18.030942	11.313399	19.240840	12.734929	21.016641	15.804823	17.110069	14.759135	15.950396	19.811354	16.406501	17.740061	16.208079	19.296637	20.978193	16.106523	20.412309	20.448190	20.032570	17.359584	20.083510	18.405186	17.829115	12.260938	17.196641	18.021159	12.483697	12.709769	16.868730	9.537659	15.700314	17.432876	20.280691	19.017434	17.609101	21.051351	8.087501	14.759765	20.208510	12.256586	20.018457	12.917885	20.694387	15.035752	20.103229	20.804461	19.702190	12.663462	13.133470	21.116804	20.423208	14.493623	17.229964	19.677268	18.843343	9.419190	17.487628	21.135764	20.348597	10.897409	14.576497	19.878676	17.259754	18.469217	19.887470	18.150186	13.047169	17.132676	18.709678	20.620600	17.555254	20.600840	6.395331	20.624162	15.886773	11.999842	19.333028	13.496515	7.099411	10.343778	20.289178	15.145903	17.971129	15.984545	18.090033	17.068555	20.527111	19.902686	18.366790	12.468629	14.576994	20.669956	6.044677	19.792889	9.407839	16.002984	15.957733	16.182687	17.145738	20.336478	20.465224	18.987190	14.951728	20.892733	14.817289	20.192247	20.983706	13.674270	18.746915	20.903686	18.925564	20.093479	12.631446	20.331304	20.321056	16.163243	13.495747	8.470491	21.047702	7.656628	20.969362	16.943329	19.776851	17.188264	17.935382	18.684474	18.494652	20.907078	7.786131	20.796684	18.854288	21.156158	14.933561	18.157992	13.523225	20.697645	17.041190	15.455037	13.771069	20.867290	20.410587
13.856374	9.234192	19.382045	18.494490	20.383305	20.308398	10.479074	20.797868	18.106018	19.600411	9.997638	21.133710	17.927830	19.538776	20.139916	19.220979	21.137123	20.022542	17.359259	14.441089	19.193411	16.455395	19.598403	14.923994	19.832175	21.022852	15.410801	19.597421	21.122684	21.068343	21.150565	21.129693	20.515099	18.847263	15.579704	21.077668	13.448287	14.051289	17.862450	20.105300	6.344523	18.319225	18.068037	18.033070	16.082933	17.971002	18.690692	14.979187	19.148429	16.579377	16.723010	12.509769	17.217366	7.473068	19.024957	13.326098	15.167738	15.683208	20.616971	18.916164	10.161692	16.638543	19.414835	16.431517	17.747761	20.358399	17.830390	19.072195	10.101915	17.424026	18.418120	18.413773	18.134197	18.782417	5.666436	16.824415	19.980455	4.792625	20.703284	19.150183	9.069810	20.336428	20.918985	20.924444	18.862333	13.374928	16.421047	19.289821	12.482942	14.231598	20.640042	18.123080	7.524054	20.489649	20.385274	20.672991	16.167782	19.345345	12.020846	17.911721	20.982040	13.760190	13.303942	20.673173	20.662531	15.170262	20.469807	15.166602	19.266590	20.732706	11.565999	21.064741	20.970879	19.286413	20.893789	20.545626	14.412685	6.264370	21.008049	21.066637	18.271758	19.367230	12.771263	20.737613	16.696936	16.813724	21.005495	19.014566	17.149029	18.516567	20.771071	19.868088	14.598558	18.140176	20.809959	18.623174	19.373619	12.498707	16.917427	16.418296	6.578688	20.516792	19.242198	17.732057	17.946740	14.801973	19.193754	11.525807	19.683591	20.021755	21.134038	16.142862
9.359552	17.165546	20.591874	12.125578	19.976465	14.064442	19.223351	16.752983	17.487115	5.479215	17.678413	14.280741	9.848682	15.608857	13.948178	21.155979	12.797602	18.713670	18.880074	19.216881	16.906291	18.298066	20.994951	21.152674	10.071283	18.256863	21.122145	20.778302	18.448484	14.376389	20.042814	16.792323	20.671852	20.908189	16.717612	18.561877	18.856943	20.451098	7.219121	20.856172	15.148768	9.946206	17.248661	18.936831	6.943008	17.457273	19.327305	18.102071	20.044311	7.532218	11.203017	18.093611	17.336358	15.620482	14.217982	21.105912	17.121644	15.557572	17.545646	17.168168	16.053129	20.488058	20.804582	19.054485	20.981457	16.478872	20.148949	17.943043	20.768057	20.933229	20.864897	20.749130	20.358282	11.788405	8.660989	17.973665	21.148217	14.698085	20.247286	18.150564	17.874247	20.235360	19.319397	20.660734	19.734008	14.053782	14.140900	18.400988	19.766573	20.042881	17.477532	17.742290	20.534285	17.580730	15.317528	18.711786	5.984694	20.445735	16.975294	19.630999	13.782054	17.040145	20.016503	18.441044	19.490940	20.856852	18.503905	14.714037	20.267386	18.604965	21.038630	19.513242	14.860841	13.344003	16.046917	21.036957	20.485107	19.566709	18.519021	8.560790	16.053055	17.279864	19.255604	19.922114	20.795616	16.766022	11.339349	17.459571	20.039483	17.957976	20.235578	19.315601	15.330968	15.978757	20.641927	19.747017	10.740393	20.074579	15.239336	20.973007	16.955169	20.977454	20.509107	19.299914	21.146356	13.057582	18.614916	16.902775	19.267000	18.170659	19.341358	19.793630
12.656269	17.921729	13.124206	15.273000	19.332685	18.265146	7.997967	20.096516	20.770031	8.239037	14.083663	9.589989	17.286933	13.545963	18.377726	21.098208	20.225246	20.055390	19.526031	19.511042	18.384865	11.321109	14.955119	13.145436	17.126712	18.722348	18.399532	14.521015	18.033101	16.305688	17.152471	16.214318	21.152544	13.725639	9.809084	18.111799	13.524667	18.962808	15.119201	20.702043	20.052247	20.906633	19.858346	21.145447	16.805874	19.356893	10.991517	17.691170	20.419366	6.543833	19.536251	14.973332	15.551764	12.661318	17.313136	12.451628	10.739903	15.039567	13.804662	13.085531	15.825901	21.155996	18.598839	16.267658	10.484710	20.030388	19.241145	20.884804	20.161415	20.973197	18.656178	8.887686	20.335581	18.024365	16.572456	19.611097	12.574910	20.083119	13.851632	20.036265	16.707501	19.893060	18.392129	11.622452	18.948571	7.548394	15.047590	13.114535	9.502492	18.081669	4.743505	6.104042	18.038641	14.129634	10.412297	20.350313	20.824385	18.697369	19.856858	20.867074	15.650993	20.446144	15.079670	11.840671	13.012321	15.879084	17.844506	15.987928	12.773541	15.453941	12.976627	16.788047	16.835235	20.599341	8.224748	19.168698	17.182599	14.107444	10.314551	13.277518	18.585441	20.053805	19.723271	17.528842	16.300934	18.813733	16.921109	18.051352	15.719337	8.473715	17.944245	13.072060	12.987534	8.906251	10.650641	12.664599	14.549563	15.481340	14.129421	17.465433	18.275846	5.899823	21.131100	8.932673	15.734455	20.169988	19.249750	19.266947	17.264212	17.951179	9.489855	15.284853
19.805868	19.930542	19.580749	20.105114	20.718533	21.138160	19.986156	11.237912	15.585095	21.080470	19.752957	9.960359	13.116197	19.102341	18.507008	16.906466	17.107866	18.242245	20.514592	12.592096	19.733408	10.437235	15.142516	21.096103	16.525540	9.125152	20.140070	17.514344	18.300648	20.933576	11.041366	15.716076	20.599347	12.475082	20.805513	11.423267	18.773935	16.485454	13.646611	20.539622	20.835208	11.918779	20.314692	17.696504	19.906998	8.145189	17.150541	18.689722	10.822440	12.267740	21.026447	14.927228	20.407148	8.821116	21.025307	19.760813	9.705566	16.686082	18.936378	12.277491	13.353661	7.240650	20.799149	20.194051	15.866881	21.115301	13.596702	21.096511	18.645099	14.958435	15.999653	18.402388	20.255893	18.090361	18.490335	8.640531	18.791900	20.368343	20.350836	11.684882	18.297423	10.197099	14.367694	13.137068	21.080127	18.566389	19.488961	14.994887	20.936496	11.215748	20.855341	9.520583	12.122916	16.640155	16.469234	20.104991	19.325446	20.228870	18.963291	19.869805	9.306398	19.862121	20.502248	19.768339	12.408268	18.212840	14.126067	10.641068	14.688414	16.567838	19.103719	15.736497	14.143900	15.604306	18.860696	18.504657	15.816053	20.341411	21.018000	19.681780	14.080583	11.889391	10.828913	6.744392	19.593626	13.757366	20.450228	15.236680	16.312579	15.894726	20.575744	17.997041	20.108016	21.027684	19.277344	19.188111	19.969559	18.839695	21.091252	17.419966	19.519906	18.836436	20.943686	16.556056	17.570090	17.352331	19.595684	18.372898	20.887985	13.524523	10.847015	20.815273
12.779926	15.041315	20.276659	20.892037	13.933854	18.325736	14.751855	14.569237	16.327467	20.217220	16.784429	19.970444	20.244628	15.321314	19.406439	18.758988	13.292255	19.873433	16.271964	18.640078	17.195869	16.167024	17.288040	16.550789	21.090987	17.010188	12.041355	16.615438	13.724711	15.301582	9.389289	7.287662	21.149821	15.918167	21.146464	15.941958	15.354405	12.667519	17.568847	20.853774	20.432883	19.269309	18.019341	20.954304	20.032230	16.613481	21.134400	19.676845	20.670025	18.773803	14.037425	17.389087	14.414658	20.314339	20.765264	19.868844	20.682753	19.748220	16.030826	18.646427	20.178497	20.988981	20.213429	18.547156	13.475356	16.527193	19.339328	17.815442	19.207105	19.412963	19.905224	19.360784	20.193074	20.767943	13.014201	7.553751	18.720047	20.948639	17.885580	17.777680	15.984239	18.613075	18.988151	10.444976	15.854471	16.071141	20.684424	15.782190	19.565905	19.145380	12.182542	18.341882	18.140365	19.645111	19.027905	19.922037	14.070268	17.015188	15.393631	19.018113	14.313181	9.644563	19.352663	17.256663	13.399376	11.439472	19.174336	17.058230	15.582388	21.066473	19.942810	15.130113	20.356204	20.583628	19.119401	18.885231	15.269242	20.931441	13.259060	10.153467	19.888244	12.780565	9.047848	19.993770	19.661941	14.280501	20.762699	16.729375	19.044964	20.157680	17.197968	18.429238	15.387113	13.149038	20.762511	14.331428	4.816281	6.368546	16.012959	18.878229	19.911039	14.859292	19.802607	16.105950	13.561548	17.645663	15.189519	12.559139	14.909465	17.091865	16.751215	15.533112
18.968816	15.565750	20.073421	15.715873	11.202247	19.655481	12.553750	20.041137	20.410362	14.155666	7.275910	14.992527	13.216771	19.105107	20.570815	10.097552	18.907107	19.238874	18.657125	14.884943	20.525844	18.805585	20.964999	17.274299	20.294760	19.242761	18.157579	21.017065	21.009896	18.466916	13.689475	20.788656	18.160356	19.704617	16.507656	15.689104	14.163761	10.659677	19.956236	10.959018	13.330109	21.159848	20.207183	21.140153	13.522642	21.156913	6.770860	14.084011	20.509207	20.305607	19.311567	14.172475	21.111100	21.138477	20.139872	14.725892	18.094179	14.835045	18.737192	21.119693	18.319972	12.012413	16.490991	13.068893	8.178718	11.733961	14.866946	16.914157	16.171647	18.912505	11.794247	13.070216	20.187437	20.877919	10.060481	20.777998	17.902553	20.320387	20.278282	9.312385	19.372012	16.803611	15.652050	17.485001	19.783901	7.061510	18.565430	19.747409	21.135693	18.423064	20.956661	21.127788	19.791681	15.321223	21.095345	16.771212	17.505859	14.894540	19.886081	16.646532	7.696057	16.328715	18.864912	16.463458	20.989898	10.469913	15.630121	9.318877	18.700402	21.087025	15.744080	17.088125	12.874605	16.864046	20.986445	13.736338	14.741445	19.411696	19.572944	18.158923	21.126821	20.224686	20.410594	19.882714	17.938305	13.391596	14.999727	11.489237	14.964963	9.872070	19.697260	12.707900	17.895092	10.165838	18.989533	19.531522	18.364272	17.716400	16.533144	20.621080	20.622676	15.142894	18.721564	20.090221	19.528516	18.780427	20.964210	17.055749	14.209474	19.748263	14.573520	14.757906
18.458078	20.664457	19.728220	19.461051	12.219522	17.490653	21.124652	18.544112	16.352123	20.987912	20.201416	21.119362	15.165240	16.087518	20.298092	19.557615	18.824979	15.842509	13.286657	19.506826	6.082222	17.199431	20.634124	16.912043	19.748997	17.543641	11.442818	20.502125	8.366675	20.525806	20.241605	13.701678	21.134116	20.467164	15.877717	13.663641	19.784941	20.424101	12.481707	20.905268	14.920085	20.689779	18.395472	20.600322	19.072051	20.915040	7.579247	20.429015	12.880484	18.411544	17.988469	19.907772	20.640063	19.820684	19.527926	21.142925	17.406389	20.409391	12.492144	14.797728	20.423605	13.478432	14.009263	12.045833	21.140818	14.892354	11.382194	15.432639	18.730285	17.109061	19.956112	18.220444	5.692911	11.771048	20.247800	15.107021	20.532271	20.997887	19.559857	18.021196	12.619080	17.952166	18.947765	17.009873	21.008993	17.408516	20.303656	17.577678	19.170975	16.406571	14.712255	15.627994	21.120697	18.192719	10.796554	15.371719	19.133671	14.390856	17.597566	20.212324	17.634900	18.032486	20.185179	19.532031	11.601573	14.495628	17.815112	17.730917	14.096788	13.510821	19.905213	11.702985	9.515990	14.355834	15.691140	20.652300	18.725395	16.581022	17.589150	20.994284	14.596106	20.971642	20.343610	19.698760	21.047938	17.551775	20.404991	14.601886	16.771048	12.782012	20.861414	19.353140	20.388301	18.209702	18.734727	15.604845	13.813660	19.965507	18.824953	14.468889	20.484979	20.534125	19.631699	8.559179	17.190865	16.643324	10.155013	17.349626	20.668867	11.977637	19.473220	9.010894
16.208942	12.523159	20.245452	20.271289	17.562949	20.374622	19.855011	16.170015	16.652718	17.250447	19.118819	20.799578	20.499949	20.270291	18.924529	18.205030	17.517812	18.263981	20.513131	18.700681	15.580957	20.298716	17.304947	5.822120	17.759084	21.024849	11.444638	12.033435	18.754343	17.876932	17.765811	21.033774	20.836691	11.350055	18.906752	19.462720	19.946013	20.870883	19.772515	14.159742	9.233573	12.413003	16.806583	9.668092	20.021809	15.841202	8.110680	17.013839	18.744692	20.520558	21.073907	13.954937	6.920928	19.980497	21.123328	10.035949	20.855057	15.917702	19.873028	21.052288	19.337808	20.724776	10.590584	9.221655	17.211760	18.477716	16.119960	20.992923	17.514131	12.277686	16.445180	20.650951	15.537626	19.374484	16.813218	12.295765	7.943417	19.731035	12.528520	20.899033	18.656732	18.571902	20.430670	8.026309	14.830163	19.119243	19.790550	17.316915	21.061308	16.804297	20.972358	16.459877	17.293427	14.461848	14.999322	17.734198	16.703452	15.927361	16.480062	20.360267	12.078874	19.104355	16.742589	20.622206	13.508845	11.029300	19.359703	20.024618	12.756854	13.947740	12.716353	9.633254	14.436096	16.097395	9.812998	19.600460	18.064845	7.189581	18.935728	14.228017	20.791873	12.494635	20.678772	20.553918	12.009859	21.014536	19.773019	16.426729	19.376191	11.037724	20.752492	19.240085	21.101255	15.931771	14.427368	13.345233	9.457006	19.835101	19.806582	19.475840	18.387014	20.258695	19.548159	21.112786	20.784899	20.518806	9.687816	17.433023	14.857830	19.367740	20.252750	14.487038
11.637771	20.831463	14.515161	20.842955	10.773027	9.709292	16.427160	19.544903	20.641060	18.517811	17.205218	20.164325	21.109574	18.780173	14.297358	17.837698	15.413205	20.433339	19.511179	11.045345	20.638032	20.462613	20.008394	14.961750	20.424068	20.727882	8.193989	17.413517	17.773643	14.427878	16.928967	7.565739	18.722649	19.796736	20.021372	21.059144	18.489678	21.051868	4.919676	10.819815	19.892990	19.262785	19.848447	12.134290	17.461429	19.588902	10.916990	13.959221	19.959674	15.186572	20.902988	17.492211	20.180999	13.324855	21.007429	13.459217	17.903799	14.398966	18.809452	20.673431	18.681244	15.210810	15.715540	20.645662	16.623191	12.353934	17.178959	20.660694	18.480413	19.134749	15.832817	14.678916	19.693934	5.374981	20.778543	20.360984	20.286388	20.963643	19.716891	13.692256	18.337940	16.943451	20.206409	20.103575	10.203453	17.903081	15.202881	16.863780	12.257174	20.693350	20.432871	20.710288	13.648794	14.304305	13.027454	12.109804	19.907451	17.918731	13.414524	20.009831	17.829270	20.981136	11.476571	17.510284	18.806385	12.260300	21.011137	17.855385	9.639043	19.505210	11.174792	10.192642	14.359988	20.150307	15.768043	9.841680	20.330077	15.059335	8.610318	18.501763	16.281830	17.073799	15.519614	13.918485	14.215871	13.492324	19.234474	21.032522	17.101409	20.872439	17.752992	16.701819	15.584615	9.528494	17.748168	6.826422	14.782750	20.665293	20.227898	20.004637	9.423363	13.821194	20.442859	18.241259	19.223243	17.274552	14.073617	21.077026	19.009772	20.817523	18.394360	11.042745
20.963752	20.130995	11.568161	14.467721	20.536386	12.432021	14.000325	19.036231	21.067892	7.837703	21.138467	21.070596	18.448574	11.649768	21.030686	7.216260	20.675661	16.513574	15.910383	15.605355	18.072734	17.433487	17.987512	20.338760	14.772396	13.668345	15.910605	13.660601	18.548656	21.013382	17.059724	19.572412	17.480068	12.190084	11.029890	6.880188	16.539682	14.747637	18.011779	21.051581	19.323408	16.806446	18.624480	20.953712	20.180890	12.522091	14.677291	20.682765	9.235641	20.137291	14.393303	20.913049	20.922350	15.066339	6.813230	13.130236	19.679603	13.737927	11.898941	12.731658	19.416348	19.446319	18.338935	15.895153	11.085682	19.643708	20.955863	20.873672	21.139606	16.372919	15.462491	19.538886	15.555655	18.820176	12.755412	19.539705	15.882258	15.825627	15.813855	21.007857	21.059682	13.552831	20.906618	19.514200	20.628309	15.560228	18.021890	19.531092	20.181926	19.559354	18.768736	18.476028	15.690426	18.220493	19.616655	16.107183	20.995945	9.799472	18.140994	12.075329	19.525194	8.675739	21.134453	19.180206	14.804961	16.886584	19.188025	20.093824	6.910184	20.828678	15.859020	20.430137	15.924309	9.980056	14.396633	14.779508	20.308443	19.631932	20.899839	16.081422	5.506653	19.174021	13.939568	19.420090	21.015535	9.049865	19.918981	18.795231	18.858224	17.602311	15.807389	19.833582	15.439682	7.632957	19.196700	20.567445	19.253520	19.153734	17.969977	14.049272	18.495078	18.837770	12.508083	18.706898	13.326913	20.677002	9.285995	20.197583	20.514777	18.725197	20.454431	13.567579
18.584151	9.427620	20.041108	10.218728	12.026921	12.591359	20.275795	20.775955	21.097992	9.485681	17.748346	19.200386	15.711051	10.880448	9.696752	11.732024	17.431049	9.384732	17.585677	9.111448	16.576370	19.293266	20.455614	11.700100	17.077477	19.560277	17.907741	13.258700	10.683777	15.826744	17.423090	20.918892	13.308440	17.434956	18.686990	18.112416	16.606605	20.501128	18.668952	15.505941	19.318470	18.582345	18.294944	21.076758	13.690034	20.251958	16.823556	10.991573	20.485720	20.657542	20.368856	21.038782	12.388406	16.844016	10.475512	18.287892	20.172743	8.308138	19.133971	19.050479	19.333330	21.105246	10.082416	12.772790	19.786083	17.616003	20.655547	15.723143	20.836632	19.396128	20.481963	7.126797	20.993432	19.823985	20.754953	15.021270	21.049314	14.384756	20.744228	20.271864	17.062136	19.569857	10.976661	9.036057	20.218176	12.934143	20.788571	9.810639	19.948111	15.654629	13.125646	20.438012	16.039988	18.081320	19.612498	17.067500	17.777277	18.779197	20.472279	19.650187	20.711457	18.809077	14.540953	18.159923	19.978599	20.012151	20.206129	20.296681	16.249430	12.877826	16.517038	20.784661	5.903636	16.941156	19.607846	15.208330	16.583167	21.071559	19.286718	16.247269	5.978989	20.235600	9.628861	21.066808	15.583835	15.683406	14.506800	16.093186	18.868956	11.247248	8.023122	15.429983	15.631336	20.210039	13.665159	17.794715	20.654106	20.327392	18.734071	18.944107	10.777160	20.485928	12.764179	21.152450	20.316269	15.236997	20.906370	17.080791	21.045855	20.507084	19.740469	18.112718
20.999194	20.819613	18.286974	20.287959	20.043312	18.923735	19.772880	20.654631	19.551581	14.037766	15.786189	20.433785	19.794731	11.580554	12.672095	14.612278	10.639625	17.842641	19.185822	21.034435	17.877773	20.854007	20.415132	14.056640	20.290541	14.874717	9.472242	18.723794	20.628855	17.716771	18.211337	19.659075	18.748499	16.301913	10.246431	20.595424	20.124007	20.320602	20.352676	15.041383	20.420413	17.838204	20.715654	15.329882	20.687186	16.254219	19.539973	20.382834	18.054854	21.087904	14.973297	17.577184	20.182954	20.320221	12.495677	16.284887	7.818784	20.991265	11.593024	18.818311	19.002303	10.800359	20.120496	19.001340	19.784928	21.047421	20.486969	18.740696	19.958622	17.328983	19.619196	18.763391	20.867335	14.597755	21.123762	13.794014	17.512800	20.125912	17.840238	16.124273	19.240337	20.828338	17.255713	16.725217	20.910318	20.765519	15.348739	14.349004	20.319673	9.090459	11.767144	19.858762	19.009990	10.976411	20.273717	20.817275	20.421599	19.175369	16.536393	18.851019	19.481488	14.988952	20.548076	16.685022	20.597160	13.391726	15.303976	17.727096	19.432177	14.629655	8.252472	20.887743	18.949904	20.102833	20.706912	18.905279	20.678002	16.974985	19.963391	18.965786	20.744363	6.364249	9.767653	14.796563	10.829925	12.868942	16.372718	15.335970	5.941357	15.675288	17.719095	20.987437	10.137536	20.456141	20.795504	20.147671	19.668291	18.389068	8.876081	20.083976	20.613990	4.982554	20.189926	18.144096	13.459060	11.530028	18.751591	18.109978	12.082390	20.890594	21.022673	19.389485
15.047576	17.683606	18.901962	15.055024	20.762584	8.737348	21.147218	19.813018	19.399975	16.991210	19.903195	12.684191	11.039259	18.468997	20.990798	7.871985	14.525924	17.527656	19.915414	16.682635	19.306133	15.487214	20.624734	12.803300	19.160139	12.585885	18.485230	20.529998	6.575370	20.943601	14.155628	20.465459	20.925791	15.072092	11.111228	20.464849	20.173255	20.705965	15.889706	20.831839	19.442597	7.673766	20.097038	12.562182	19.348610	14.037517	13.897837	16.235759	13.883144	14.438004	12.788334	20.621771	19.703837	20.508500	19.637756	20.110577	18.930358	19.222382	17.859977	17.036058	19.748117	17.025475	14.630361	19.016201	20.775102	18.579538	15.439895	15.553862	16.120442	17.212275	20.351205	20.624571	14.179320	12.102748	12.776732	10.244876	16.300519	15.920128	18.450343	15.952925	13.491448	13.011183	20.360023	21.058132	20.135454	12.813077	8.527335	18.254170	16.849295	13.781639	8.171914	17.739646	13.816164	8.756556	19.489977	14.247068	21.138711	16.575814	18.140811	19.468375	18.456466	20.388560	11.149986	19.941480	17.282285	20.019336	19.620060	20.636023	19.541670	16.054833	16.625262	16.523157	8.235946	15.544989	15.024508	13.548968	14.139363	16.970575	20.674231	13.234599	19.413833	15.482650	11.525845	20.988072	11.175557	13.362001	19.330328	15.615871	20.600880	19.541700	17.919053	17.457821	19.160823	10.709993	19.411916	18.016200	20.634533	20.325948	14.347005	18.771666	14.811747	19.958683	14.742680	17.204714	19.566399	18.101144	18.176007	20.858201	13.600662	21.101035	13.066061	20.243140
15.963705	16.439909	19.383626	16.865981	7.415519	10.833721	16.522976	18.149083	15.483078	18.784909	12.378247	15.660374	14.456907	16.690378	15.952603	15.642002	13.528349	15.126790	10.926908	14.490629	15.734111	12.596049	15.410239	20.595975	17.666784	15.732216	14.185467	18.915752	17.808105	19.452995	18.272162	20.260058	17.596304	20.695825	21.126164	9.966275	16.632379	17.318320	16.182894	6.308997	18.070230	11.373764	12.370248	13.259703	14.132884	18.702117	10.134883	20.268293	16.996198	13.982730	18.201373	17.693626	13.027392	20.046796	18.260663	21.158315	18.991423	18.917855	17.967644	17.272457	6.608297	14.111214	20.681409	20.672747	20.395996	15.310768	10.473247	20.867021	17.990080	19.003176	17.353141	9.563786	20.990215	16.570141	16.633009	16.639712	8.035346	18.431083	19.827958	13.356349	19.692385	9.969260	17.128142	17.648291	16.428455	19.599903	16.135380	19.113328	17.781834	19.645702	20.358124	14.865923	13.763297	18.063357	9.835111	21.055894	18.577157	15.613360	21.055179	11.329798	18.120106	15.040701	20.713162	20.741530	15.380701	21.156968	20.690058	10.992728	13.679730	14.050536	18.081057	16.961011	20.925591	16.271381	15.226019	18.884798	20.000376	16.372437	21.146829	20.921653	13.499989	19.597907	16.575422	19.417763	19.534201	18.118484	20.922592	18.484462	15.634907	19.946992	17.100552	20.677912	15.021656	8.900474	13.060759	15.392991	19.045069	19.272455	14.582747	17.674541	18.146260	14.386849	18.788964	20.401330	18.863725	17.937624	6.083153	20.651238	18.100874	11.137432	18.066827	13.690901
11.940406	19.605851	16.174007	20.865122	19.045132	20.964014	20.430525	12.450205	20.700742	18.009283	12.116928	19.452136	9.164072	14.258835	19.396609	16.423482	18.274962	14.893518	17.661569	11.358077	19.390939	19.257060	16.814877	19.471160	13.837233	14.904002	11.450901	10.618561	19.334621	12.622916	14.482490	12.535761	15.195739	20.779178	15.765765	18.647021	20.363288	16.986069	16.178212	13.237214	17.925011	14.587904	14.859706	18.869910	16.965339	20.861715	17.493977	20.446469	19.753932	19.476079	14.831739	19.290658	19.442597	15.537989	20.499405	21.135884	19.834354	20.588132	14.826889	20.153046	13.506527	15.773019	12.971458	18.513717	20.450888	20.835598	17.990464	19.806851	20.928834	15.141957	20.742357	19.514315	14.376493	18.395668	19.079848	20.512078	20.844282	9.906541	17.188333	18.635315	15.193200	13.222881	13.893642	20.824441	9.781864	16.316357	18.290835	14.331875	8.911215	15.998935	18.955267	8.474980	14.292377	20.316225	16.402759	5.419730	19.073626	19.826478	20.786902	21.007701	16.131508	11.447319	16.239414	18.331025	17.323537	12.672173	10.896114	14.416807	14.907277	20.761507	15.679342	18.916205	16.820448	19.022618	20.363800	16.542984	15.432641	8.958777	18.049416	19.122660	12.166892	18.096873	19.865272	21.109256	18.906040	21.141354	18.429591	21.011496	8.760809	15.248869	15.501684	15.874538	20.017015	20.381583	17.831426	10.471843	6.211395	12.813625	18.741248	19.818574	20.878723	20.578111	20.965475	16.674814	19.948464	16.501491	17.716601	14.689022	13.972383	11.676240	20.861541	18.284328
15.156004	14.111900	20.619425	18.234617	18.670112	15.825489	19.112981	12.237280	20.136526	20.765110	15.087151	9.937658	18.813353	19.647174	19.672138	20.776108	20.163835	14.170827	20.211763	20.145795	17.233468	19.580550	13.883282	11.551316	20.782163	17.940885	19.568448	15.893002	14.658740	18.603595	20.542916	15.906081	20.211069	20.805469	19.055059	18.744335	10.779898	13.779044	7.517124	20.210751	9.721835	21.102180	13.522365	20.190336	14.860093	20.251483	15.791306	17.582240	13.725785	20.835307	14.679493	17.807464	15.170722	18.828398	20.952889	20.173708	20.531088	20.139217	19.556558	18.404243	14.497432	15.013633	14.101435	11.814788	20.622608	20.838239	20.025726	18.853278	20.318138	21.141908	9.922382	19.682939	19.262647	11.334641	18.235712	20.657053	18.859353	20.810114	12.065912	21.027690	16.891036	17.432858	19.533967	15.114630	13.874345	6.748547	14.491064	19.499992	19.376145	19.782907	15.832885	20.196418	16.748042	11.430692	17.007957	20.053693	20.579235	19.694728	21.056269	10.820728	12.579409	20.391187	18.712453	10.009203	17.755671	20.652793	16.262402	16.453072	19.598160	19.636855	18.542042	20.573918	17.791099	21.147851	16.537403	19.867511	20.833743	20.914460	20.972290	16.506180	12.506196	20.419788	20.983056	16.928856	7.179044	20.525811	16.425731	17.623878	9.189130	14.326406	20.737723	19.488780	12.420544	21.136756	19.771913	20.840984	19.578173	13.806498	16.576123	10.795546	18.329742	18.488332	16.570693	15.741698	17.560583	20.265266	17.455890	20.456212	19.169990	17.733177	10.100653	15.980337
11.869221	19.620100	20.037231	20.316025	14.980437	18.135209	20.801923	17.928831	17.639357	20.338231	11.190665	16.995556	19.326227	20.804624	20.152664	19.273782	15.593121	20.620397	16.878828	17.023591	19.658480	20.030174	19.292539	19.452602	17.344691	19.734920	17.272616	11.135135	14.015789	21.116307	17.093405	20.507304	19.853083	20.657928	12.637827	19.700196	14.665128	20.356730	20.965499	18.257962	19.094564	15.711396	16.524791	17.222474	15.495326	20.938013	21.089214	18.762462	19.395835	17.000532	12.550732	15.313696	20.377898	13.611687	20.338023	20.861149	19.976502	15.017466	19.776138	13.855110	17.307748	14.517005	20.963294	19.853591	20.964110	12.948928	18.080168	9.629662	19.969557	13.314477	17.024258	19.326378	20.549274	19.504756	17.682818	7.060551	18.752825	6.744447	7.395278	10.563703	15.304127	11.756413	14.443691	20.932099	14.501267	20.034328	12.612150	12.727077	15.209924	17.882495	18.058699	15.812252	19.152036	15.972336	21.060192	18.824700	19.025116	11.178412	20.218835	11.392517	16.478265	19.160911	16.488433	16.486547	21.118951	17.316677	20.596859	14.788229	19.372765	20.138659	13.175868	11.700700	8.690541	20.283828	20.301851	13.898585	20.179697	19.239482	18.062597	14.399504	21.069071	17.688627	20.898552	17.254945	16.148586	20.203661	20.103113	9.741900	12.879314	18.612663	19.065573	18.703131	19.240288	15.227887	17.944984	18.049116	14.973849	19.630321	18.457452	18.596101	16.066227	13.764597	9.410381	20.732031	17.418982	8.144080	16.863055	11.284000	21.038857	18.732135	11.109174	20.154003
21.106902	19.453988	15.169713	12.869538	16.069981	20.456747	19.432960	5.931128	20.826272	17.814195	10.114154	20.961825	19.018642	10.929262	14.816920	18.667657	13.045220	14.407584	15.859481	17.415338	9.828263	20.550353	7.601952	19.422762	19.559340	14.590547	18.554944	16.565229	20.719563	17.568451	17.598198	18.823036	20.124148	14.355996	21.115338	20.952988	18.716139	16.457926	17.379079	13.188131	14.768497	20.868485	20.142238	13.861689	11.452785	18.505455	15.019596	21.141205	18.951164	10.824454	20.806750	20.546459	20.671652	19.274572	13.804969	17.417321	21.141565	20.954919	16.983613	20.288413	20.543723	14.009682	17.703704	17.890913	18.143686	13.573620	20.908445	19.298457	14.821498	18.924687	12.178945	19.287421	20.802064	12.105397	17.770538	17.968475	18.092823	17.370741	8.921628	19.674758	20.514881	17.727518	10.697215	19.184855	18.247694	13.018836	20.790215	14.021410	16.847067	14.837805	17.227053	17.411743	14.229273	20.187761	13.316604	18.726778	20.217877	17.873478	17.916997	17.427037	7.787803	16.672542	20.829430	19.076990	20.305135	20.186778	19.336902	18.207129	12.828685	18.438355	10.929720	17.570584	19.840026	18.761403	17.755309	16.053507	19.667374	18.098643	9.040337	21.141594	11.922865	10.104445	19.413849	14.914148	19.188991	16.125749	19.754650	20.116838	20.057615	20.647521	19.807513	15.293534	13.082783	14.192922	21.007009	6.086963	20.186747	21.066212	21.061436	11.577283	14.624790	16.278690	12.079387	20.189557	17.622219	15.616382	18.310185	18.984580	16.702401	14.809213	19.468115	19.634721
14.953978	20.756510	9.868943	16.127615	20.087304	13.651521	10.819681	19.784289	21.003167	19.414295	20.422105	17.317839	21.086518	14.631431	12.470070	19.655170	19.719532	17.628509	13.733602	16.505845	18.887991	19.774635	15.285992	17.357518	12.532850	12.057572	18.444167	9.392400	10.516602	16.672711	18.953502	17.157746	15.339302	18.907644	20.568432	20.420742	18.216083	19.092983	15.395976	17.269157	13.862063	19.561893	13.260245	20.062809	20.864534	20.918263	14.103024	20.349339	7.756405	18.455174	16.564915	20.683280	16.898141	15.333199	20.882780	16.326593	12.896927	6.468884	11.497951	17.614551	9.582534	16.873726	20.892088	16.193762	8.625791	14.313947	15.307464	19.362335	17.846443	11.286790	18.701495	16.137288	16.601128	16.222484	16.745519	19.212040	16.440539	18.353234	20.986325	19.076273	17.118287	20.570657	19.889244	20.829138	14.365541	12.837232	18.128193	19.429541	18.616710	8.603588	10.631494	18.926755	18.636515	20.330819	16.562939	20.189522	19.298136	20.949141	13.750103	19.693741	12.818490	13.843209	16.465670	20.208906	16.385084	20.849505	19.659739	12.229549	18.721610	16.753541	16.189589	20.771148	13.040513	20.150697	19.804312	20.321422	16.512833	12.359693	13.733174	20.546161	13.023954	16.297813	14.339153	20.248780	19.272108	17.788369	18.746019	14.525320	17.966922	18.882053	18.983887	16.719764	17.248893	13.375540	10.269800	18.822594	17.523241	19.695591	17.570390	20.796001	16.843968	13.788311	20.816472	11.270866	12.418255	18.874705	17.230330	18.438744	18.276312	10.073204	19.294675	19.937412
17.990954	15.348347	21.015912	8.148507	13.965680	19.431095	16.864666	15.944676	20.920553	18.454332	20.925506	17.986939	14.777411	18.153925	19.675167	16.186021	19.279629	20.525071	19.084492	21.044843	15.974407	18.381545	16.697056	17.454321	19.596602	19.428713	20.694321	15.749100	10.846364	11.793891	15.643540	11.512419	9.886402	17.657996	17.845672	19.128564	17.644917	10.038931	21.033422	14.706868	12.163766	19.605749	20.585825	11.792283	16.213377	20.354845	15.472557	21.021242	20.578041	21.012330	8.319510	15.069725	16.233420	11.924195	10.271845	18.718030	17.655211	19.664537	20.795978	20.758478	19.108107	14.079566	18.642413	12.967702	15.786888	17.582866	20.327561	9.571249	12.101659	20.452303	16.874491	19.092560	20.733153	15.233107	18.160572	19.430407	12.167279	14.552642	15.645710	18.825600	19.125211	14.799738	7.947913	16.158548	15.803942	17.369473	20.829792	17.170740	16.615629	7.206563	6.878288	21.070618	20.269130	15.561204	20.922359	19.555321	11.329398	15.914530	19.390677	15.570382	8.364202	18.363466	19.179861	20.768766	20.267608	14.329327	20.053828	16.579114	9.916658	19.725245	20.466976	16.647158	14.050371	17.704381	11.935320	17.870715	16.485543	20.741414	14.297369	19.423346	18.153475	19.200497	18.364525	20.329461	16.235767	12.568485	17.572441	19.951255	5.028481	19.265377	8.222491	21.145643	16.832092	18.876459	11.262194	15.501282	19.901170	12.600697	12.785896	18.269534	17.022821	11.788617	11.443412	19.143313	19.531517	18.771555	17.252106	16.413041	16.424867	16.978385	10.961651	20.546268
19.742622	21.030100	20.291743	19.265201	13.257653	21.104542	19.410803	10.626427	12.425813	14.290342	20.233243	12.277134	17.122485	19.115294	20.983656	20.362162	11.524450	19.451799	13.825269	16.493213	20.646092	7.535852	13.166788	13.881262	18.675747	13.908747	14.844165	13.519077	20.861694	20.701517	20.023633	19.798189	16.308335	20.257879	13.897224	14.680618	21.075150	21.125176	20.680476	14.576493	18.880382	9.334223	8.014819	15.363834	18.172540	21.133543	20.107460	20.630409	12.213637	19.381129	16.364947	19.715390	19.946041	18.643792	20.205569	21.158919	6.752399	20.691024	21.094920	18.164594	18.604945	18.556788	20.632661	19.657937	19.581199	14.782456	12.290534	20.073023	15.873039	19.369131	17.669067	18.692163	18.713570	18.205468	18.547422	18.720202	8.718925	14.673340	14.309397	10.596129	12.923293	20.096531	16.214014	17.674908	7.529025	20.726879	12.704688	17.464435	17.888442	20.948297	20.787855	4.932366	20.313649	19.506425	16.259081	20.102242	19.864759	17.928277	19.993976	17.875604	20.234320	15.810743	18.644701	16.599886	19.750579	20.872626	7.872599	20.248689	18.503704	20.785180	19.461337	10.127491	13.117337	21.130267	20.366046	19.544864	19.755346	20.853832	19.252022	12.141173	14.685937	15.026832	14.111428	10.436113	8.209604	21.134194	20.762277	19.602980	18.617459	13.617416	18.863286	20.063755	21.044872	13.134854	19.720889	10.608294	19.237587	17.576331	15.212548	8.812045	8.372440	21.095044	18.228097	19.942823	18.298212	18.097706	20.989593	18.279611	16.079217	20.314641	17.114915	20.869601
11.628967	18.969318	18.875320	12.878059	20.955901	12.507425	13.803532	19.906269	21.093270	12.332593	17.367942	15.638778	14.559992	13.017426	17.702417	20.905370	7.840283	20.590575	16.688937	12.010270	9.423391	16.885850	21.036948	17.213055	19.778495	15.376114	20.347260	17.496624	15.798844	19.813190	16.195685	17.262442	15.062327	20.971416	19.619013	13.440419	18.596425	19.143770	20.897926	17.332177	20.505658	19.474835	21.113064	20.495200	19.532184	20.736622	18.720038	15.869158	11.223958	20.012080	16.896678	13.518918	18.332574	18.156680	16.507975	16.541655	21.107532	20.804032	10.799240	16.291782	17.891910	13.851385	16.633671	20.097513	20.794892	19.738093	14.186057	19.986994	20.718153	19.474782	10.241622	20.987380	14.857942	10.942997	16.364535	18.192071	20.446079	17.294095	11.197265	21.023900	12.319834	13.010563	20.645940	7.549645	11.994426	20.646571	14.097212	11.000291	11.047089	20.934608	20.606296	19.906332	14.283940	11.631760	19.331967	16.456348	18.417824	16.619569	15.410884	21.092225	20.102392	15.553996	11.395724	20.693850	20.432355	17.830720	11.770585	20.678120	18.904424	20.806711	13.383406	14.028362	18.194615	17.195210	16.281892	17.585579	18.766745	15.052795	17.993622	14.831355	8.582374	18.233859	20.256856	20.379790	20.557576	18.529659	19.879294	13.960947	18.502826	17.241601	20.697983	20.834031	8.672959	19.655463	16.148938	19.351250	12.064812	18.873324	11.301065	20.178123	20.654021	16.222776	20.581146	20.670315	19.167836	12.069440	10.261826	13.059370	15.742627	18.479798	19.666978	8.023897
21.105493	20.676303	7.114762	20.317741	19.110487	12.759684	19.581417	19.301786	20.669868	19.703024	20.868008	20.675697	20.749300	18.560014	19.191826	20.007376	20.415878	21.146090	20.576644	16.722546	19.945955	15.479252	18.499818	17.174378	15.172018	19.407710	10.990100	20.403982	20.308643	18.900571	20.041408	19.351530	18.457655	17.725621	20.179484	15.720673	20.475732	21.048429	15.263568	21.051187	21.019724	20.007430	9.477443	15.751369	20.953832	16.782180	13.162996	20.157841	20.994159	19.746198	20.519919	15.041963	21.090607	20.874120	20.642756	17.250901	15.819036	17.604341	14.349845	13.560069	19.091448	19.476164	14.165395	19.763114	20.742309	20.448391	6.841814	18.636426	6.600124	20.321181	9.073965	13.096660	19.331294	20.388952	7.235225	19.610879	10.192660	20.669253	7.403390	13.976598	20.540803	19.670777	20.939294	11.297411	20.587561	9.080446	18.674070	17.919914	20.497837	15.363100	14.385430	6.662187	19.363898	14.145617	18.598221	18.650414	15.092904	18.105299	17.724267	20.431847	11.168318	15.676287	12.221254	12.860378	18.772514	20.531422	20.504961	14.427025	17.545573	19.911653	20.358049	21.100680	19.712646	20.809866	19.317780	8.546707	9.451014	21.076236	21.112626	7.480195	15.478487	18.787166	17.413690	7.391287	18.558842	18.541272	19.705825	20.429705	15.689528	16.089248	16.530615	16.599972	17.510896	16.813443	20.032798	20.279888	20.375621	16.090841	20.442684	20.581116	18.440554	7.139175	17.907835	9.690531	17.574750	20.899913	20.517883	19.151154	16.759983	17.354640	20.807848	18.901479
9.615272	20.914916	20.874765	18.330086	20.886272	20.913211	13.880463	17.533268	20.556200	19.179052	17.680960	19.354528	20.700028	11.270689	9.822065	19.887955	15.486844	19.047918	12.028807	13.263501	20.544842	10.095411	14.001791	10.698936	15.081016	17.566799	21.086062	21.100835	20.684318	19.082239	19.908775	18.256840	20.983679	17.688695	14.583655	21.069938	20.054204	20.282187	17.479710	14.411865	20.809240	19.668184	20.728987	18.121127	18.403441	11.400656	20.623121	15.224227	19.707806	18.958484	18.411054	20.715786	10.583830	15.581857	11.407512	13.090620	16.261109	16.707956	18.065150	17.353851	19.778397	20.520043	20.865061	16.915202	19.657038	6.896827	16.037791	15.694385	18.763596	5.867541	20.206921	18.713323	20.168747	12.286807	18.710898	9.314268	15.050737	20.433346	15.220608	13.757287	17.376779	18.453368	12.605656	17.317925	19.049182	14.712609	18.679474	20.566455	20.741645	17.144758	10.620796	20.586563	20.939086	21.011492	16.392492	20.470986	17.777505	11.967907	17.777122	18.600247	14.542876	19.355746	17.921012	18.119305	18.465057	5.020839	16.690609	17.885721	20.806204	17.578303	19.984666	14.781006	18.965023	19.965494	20.929256	19.674241	15.359808	11.292505	14.891593	21.043401	20.940770	20.703659	17.322508	21.120998	14.688703	20.629237	19.651598	13.653856	15.331765	12.104063	19.925664	13.749175	15.199341	13.937271	16.711751	6.750171	21.060081	19.810227	18.442149	12.573935	20.611248	21.150570	20.550237	20.819527	15.205119	19.369224	11.673483	19.992128	18.573629	19.104066	17.036044	20.933297
18.816026	8.182982	19.365476	17.521881	16.596991	14.986983	15.589823	16.725876	20.524608	11.165560	19.021481	7.558461	20.856818	17.180073	20.422380	18.071379	20.828941	17.344803	15.012452	20.228146	20.658127	21.028509	20.533192	13.629330	11.137409	13.502190	20.230570	12.660187	17.313971	18.587344	20.785518	15.738219	19.378883	16.232293	13.877048	21.030582	20.999264	13.207350	19.737689	11.341199	15.559896	20.880770	18.272514	13.573064	12.205779	12.216538	8.052641	12.214811	19.909770	20.211095	19.552911	21.102218	17.836390	7.604337	17.665251	18.890836	18.627042	19.951409	16.759357	18.800074	12.326601	18.703358	13.741695	11.821265	19.474023	19.652547	14.750955	20.825399	7.534715	19.939009	16.537935	18.087285	13.802298	19.156958	20.046036	21.154134	20.451902	13.686810	20.162992	16.575977	19.344318	19.467484	19.344296	8.611103	19.140073	14.887236	19.586197	20.865860	10.744191	15.600286	21.037193	13.668041	13.364286	13.015902	19.328949	18.766923	7.909377	20.594476	16.064027	21.108532	18.832645	20.551576	20.176388	17.622638	19.528694	19.757679	15.602881	19.763953	16.626630	9.910307	20.920776	20.899506	20.379841	20.831665	18.676357	20.820152	18.965896	12.654692	20.881331	15.487511	18.092809	21.044425	20.916213	6.749449	20.178543	20.193355	20.975127	15.606430	20.820310	16.750665	16.353625	18.749851	19.462287	11.864399	9.444170	12.467980	18.310125	15.433882	20.196147	20.744074	16.164347	17.344788	18.575919	18.346355	20.513883	12.648709	16.310199	17.691855	10.999297	13.494519	11.208498	17.807052
15.045690	15.024125	11.544175	13.691354	18.916540	21.113967	18.403721	20.923999	10.592551	13.735966	18.948051	15.580996	20.872203	20.842435	12.720260	16.927401	15.183791	11.524170	18.493170	12.968878	20.976774	20.351545	19.164701	17.727429	18.408019	12.430081	18.704694	21.115496	15.878802	13.189791	17.653186	19.437165	17.578239	14.300853	15.761179	17.250847	19.481959	11.812716	21.042294	13.195223	20.430773	13.715446	18.594229	17.665238	20.620169	21.096232	18.027108	17.294448	6.204938	13.445605	20.966268	19.933596	19.146065	18.191223	20.804383	19.735805	18.351843	14.269017	20.584120	16.284312	19.598689	17.086323	17.798912	18.070532	19.867322	20.439799	17.564308	16.823015	20.280652	17.667450	20.988977	14.647438	10.974907	19.016801	10.122453	6.140859	19.900111	19.723649	10.494141	20.858006	20.688340	20.171068	11.471342	18.408888	16.398818	20.073753	17.483652	19.032041	17.868685	13.185536	20.202935	12.076906	18.876800	19.460654	20.753677	19.117161	21.148429	20.351642	17.600142	19.434222	17.405523	18.954489	11.890803	15.445225	16.033599	20.184092	17.760020	18.368229	19.539144	15.199797	6.737020	13.738541	15.856064	20.615957	9.960941	19.443957	20.478302	20.728887	16.765706	20.428594	18.101376	18.372757	14.898320	18.319202	20.801221	20.316205	19.496848	11.147255	18.431498	17.473459	19.875306	14.435272	6.378989	13.924736	17.128742	9.354943	17.051911	17.608611	20.591186	10.370141	20.550683	19.033206	19.429153	19.788232	20.418119	11.737032	14.172468	15.694259	10.557378	20.864912	6.285602	19.334877
20.762332	18.262390	10.537266	16.382265	16.357309	13.799681	15.394347	20.900044	21.148388	6.211778	16.365494	19.727779	11.610950	19.153144	19.964992	15.721356	19.025940	18.929428	16.296916	18.291090	13.903660	17.453340	12.527695	20.030057	19.722240	18.126197	17.527715	20.127379	20.484305	19.504510	16.521210	21.069080	18.070629	20.970061	5.800638	15.397945	14.796877	20.572196	9.858523	16.997117	18.757018	20.838693	20.063913	16.472550	19.193554	13.137472	20.330863	19.782664	21.140193	18.200298	18.250404	17.248504	16.684991	15.555277	18.148609	18.020557	15.081722	20.229215	13.554693	12.950948	19.677168	20.549898	12.018268	8.365306	11.482906	15.896263	10.056815	19.128150	20.500649	17.727406	20.825359	18.762692	19.989389	20.075669	19.705424	14.427743	20.224619	15.084486	20.905331	15.024295	20.373777	16.754495	18.869012	20.691895	11.618031	14.362754	15.412923	13.751269	9.891045	19.302357	12.779808	19.009994	17.206899	7.289304	7.251084	13.711266	11.367339	19.571640	15.258037	16.231323	20.386685	15.728411	17.853202	16.895418	16.783274	17.898635	19.218028	20.911454	18.133439	15.502385	20.196243	20.447384	16.102193	20.698434	19.713913	14.441476	9.836499	16.522851	19.595542	10.585495	12.825090	19.407996	17.819401	14.078779	14.549680	18.226749	12.539647	16.986728	16.042491	19.010860	16.610954	20.448847	17.806317	20.930810	20.728032	18.591662	16.295290	14.183516	20.592395	10.974351	17.002282	12.306309	13.918107	20.441790	9.382195	20.725003	19.671775	18.319296	17.428852	13.155345	19.582279	19.459698
15.028766	18.878231	20.321884	19.521239	19.145653	16.428118	7.443478	16.559076	16.688099	9.194307	18.798173	17.584630	20.347910	15.427172	19.972706	16.043767	20.654427	18.809962	9.920085	13.137317	20.978957	10.457792	13.317667	20.531246	17.583711	10.081450	12.471585	19.390198	20.866939	18.690283	20.785872	19.820876	12.337098	10.712494	14.803671	17.896607	19.869236	20.305030	17.028565	18.752503	14.756163	15.341575	21.093283	20.716304	13.009949	18.878184	13.179785	20.238900	13.814130	21.054208	20.109508	15.814023	20.765708	14.560794	20.398908	7.819090	18.613652	16.599128	20.558887	21.116296	17.627261	20.180604	20.542941	14.402216	14.762847	16.355742	17.630413	20.802540	20.288607	20.175517	10.937979	13.245518	6.277481	16.353187	20.893464	20.945393	15.964787	17.504958	18.077702	20.792316	18.536148	18.847799	19.233874	18.799037	12.610845	8.916919	17.460820	15.469437	10.578136	19.900237	19.665247	17.030716	18.530559	14.421623	20.727946	14.387578	7.533124	18.145078	19.352165	15.171809	15.082231	20.812253	14.494402	20.270160	18.170603	18.373258	15.078273	16.229907	14.017689	17.201392	12.964052	15.395113	20.620722	16.168412	18.489939	19.279293	18.429322	11.276494	13.149496	13.964517	14.740368	20.839955	10.829797	16.579664	20.632677	10.783237	9.025000	15.084403	20.076636	9.115636	20.299162	14.513967	12.368148	20.087068	19.118068	17.995624	17.624991	10.560521	10.316045	19.869306	15.700431	20.331188	18.131845	12.153234	20.605526	19.016203	19.941043	19.539679	6.522187	7.585743	15.673961	20.486782
19.597177	18.704945	16.868548	14.004853	19.754979	20.561277	18.245755	18.523194	17.323425	17.945294	13.932912	11.911754	17.863014	11.750671	20.031951	8.951914	19.193300	19.500697	20.359477	19.147580	8.087969	12.775725	16.374296	19.770877	16.664205	19.553030	17.881818	16.038832	13.556655	17.340041	21.082335	8.052201	20.944867	20.943479	20.128288	13.014655	21.032245	17.600543	8.772888	16.904875	14.939026	12.975414	20.541254	18.834520	19.054502	15.297084	14.080350	18.611651	15.572484	20.529942	19.224251	19.233667	20.854238	16.983979	20.339545	15.955985	19.852746	21.135313	21.130179	9.535005	20.584682	16.458211	19.032176	20.562441	7.126724	14.420047	18.975949	19.794525	20.367502	20.291871	21.146392	14.153983	11.849199	11.196264	12.601417	16.147175	18.978527	5.382811	17.523930	20.746328	16.665453	20.678154	19.969356	20.690385	10.850156	20.546249	12.693213	12.839156	14.192515	17.776181	13.262002	6.844480	19.338197	10.897560	18.043447	20.603452	16.985221	17.471028	20.962876	19.568021	12.856803	11.163453	19.479942	14.151272	20.396490	19.061399	17.000397	20.892858	16.065074	19.473485	15.205307	18.000942	12.121348	5.475709	10.531381	19.636761	20.050194	20.439400	17.580651	11.326332	20.298181	19.341164	18.918595	10.891172	21.011407	21.004851	20.908159	16.351124	15.382682	13.175882	19.981661	13.426185	20.676310	16.103505	19.401304	20.155789	15.965423	20.690521	16.689824	17.332240	14.738178	17.998112	12.768684	14.718610	17.961311	11.037520	15.527204	9.206480	16.113052	18.964540	19.310158	18.717444
8.967762	9.772823	20.701056	15.067421	16.446769	20.829908	19.245854	19.453156	19.756272	20.090542	16.663606	20.777907	18.850946	18.217562	19.180181	13.299557	13.310589	20.086980	12.110005	19.997266	5.583036	17.202976	19.639860	20.925645	19.787541	15.027292	20.644824	18.845842	20.984413	17.934910	19.664203	19.186916	17.979263	12.391835	20.903206	20.474664	19.965457	17.993231	13.454265	13.915481	12.248522	18.392079	9.597789	9.508912	20.194647	15.673065	15.509103	14.248250	19.339754	7.907989	20.940739	19.903471	11.475586	16.856442	18.836733	20.093193	21.009686	19.606454	14.579120	8.116822	19.033974	20.514198	19.994574	18.251317	16.990573	15.106999	18.962988	21.100617	18.136024	13.412510	20.747933	20.903767	7.936587	20.581813	20.000285	13.464632	15.177821	20.073500	21.159397	19.968177	20.939292	12.556282	11.785496	20.923176	16.394379	16.177293	17.397100	19.251476	15.982804	19.999940	19.731673	17.678343	19.793278	21.159057	18.642348	16.426148	20.316028	19.750957	13.000651	17.875853	17.951867	20.669579	7.872448	15.475989	11.112948	20.575409	10.304720	16.168746	20.325421	18.026906	10.772987	21.028970	6.347908	18.592692	17.551604	20.340887	7.468441	20.911581	18.894135	19.978925	11.135667	10.047315	18.693158	17.874199	20.872434	18.083173	10.082106	8.722016	14.549545	12.501347	21.127743	13.810703	14.620609	20.050087	19.313187	21.007151	17.881907	18.325939	10.947345	19.702391	19.521545	15.722123	20.240748	18.734546	16.229290	13.033501	20.430442	20.390377	21.146635	20.531055	7.721428	10.218348
17.205469	17.197619	20.809463	17.931097	20.723629	18.004561	18.196002	13.429474	19.431892	12.788278	18.393818	20.255132	14.556314	16.406070	18.821862	19.067049	19.340476	18.556982	21.036421	15.880476	20.534922	12.331793	20.535645	16.558623	20.914671	18.325003	19.470324	20.714998	10.905976	13.662910	19.407415	13.586323	21.132301	19.725849	18.018271	15.121702	19.282757	19.105354	18.733327	20.959333	16.412949	21.145615	11.351161	18.470646	9.745747	19.083855	11.954588	18.010036	20.638247	15.594314	10.961246	13.095378	15.805002	18.202771	20.817759	19.127015	13.641779	19.497109	20.910485	16.157996	20.258462	16.521770	19.915123	14.389902	20.526393	19.912258	17.803461	14.237721	13.429455	15.566915	18.670752	20.571113	20.834943	21.048575	18.413787	19.717575	20.569946	12.293572	19.092492	19.704355	20.390005	16.156285	9.910568	15.723654	11.445245	20.840966	20.951766	18.912006	21.082515	20.123285	15.834984	18.168623	21.028582	19.126797	16.825158	19.054573	14.487676	16.611108	18.605067	21.024799	21.076791	18.297341	14.886159	16.703865	21.100515	16.875279	17.042455	21.066899	19.565750	8.062494	19.915596	11.667947	19.825872	19.412548	19.165207	20.590250	18.916281	13.949592	16.879659	20.930817	15.101336	16.862696	20.182377	11.116883	15.886894	8.824835	20.082577	14.662874	20.866437	16.050408	17.357923	16.752711	8.279604	20.740909	20.193768	20.106906	18.420531	17.659656	17.927740	16.735541	19.064462	20.603938	13.210045	11.292013	20.872573	19.757840	15.436012	21.039476	16.171226	19.332253	20.660318	20.280631
15.822872	21.154511	14.949865	18.974388	17.565573	20.873778	18.710468	20.225351	20.372902	15.339329	19.986555	18.586508	6.753716	20.947552	12.140428	19.783541	16.246054	15.994123	16.284986	19.078808	20.955714	16.871219	21.116843	19.920138	15.044481	13.022917	12.519692	19.338837	16.499165	20.920172	18.222680	20.758673	20.141470	17.833654	15.989832	7.947287	21.076097	19.749573	16.698390	20.651959	20.597593	17.783000	17.406667	19.411711	21.034644	19.600434	21.082295	20.664134	17.525709	17.402339	19.061854	21.143115	20.440576	13.409347	12.623439	21.105905	8.968672	20.878390	17.365736	18.060094	18.079102	17.472221	19.957463	19.374932	18.926287	10.261656	18.285354	9.712568	16.177169	17.928747	20.658038	20.693423	20.129337	17.370728	19.297691	17.686649	21.028914	15.416159	16.368800	19.920806	19.070254	18.807342	18.245361	15.048685	19.087272	10.378011	20.606036	19.421849	19.334541	17.183929	20.752563	15.265156	14.041897	9.058844	20.521272	16.196992	14.052096	12.262146	20.330868	19.755653	20.222440	8.963830	17.554669	16.971133	20.938156	14.030229	17.101257	18.639574	9.391811	13.751253	16.797957	20.477563	13.130052	13.959983	15.291443	18.226209	21.138853	17.904827	18.786426	13.136886	20.101312	19.976665	17.827412	17.709971	21.112662	17.923029	16.734867	15.422358	19.493064	16.164439	15.274823	15.088758	17.567330	20.126821	17.448928	18.401374	20.372553	20.184535	20.270247	19.399610	17.703969	18.246329	16.718818	20.767328	21.124027	19.467100	20.132990	14.602306	15.680063	18.511854	15.594725	21.124797
