38.598197	13.541986	20.050094	16.797128	41.683964	37.411300	21.243491	34.970086	10.049302	20.149814	21.488892	36.736507	43.028862	25.944988	17.493234	30.929260	43.626294	26.659748	29.046090	38.075097	38.947469	35.596017	34.048232	13.121709	43.481780	18.011525	20.584032	31.543624	38.565935	15.866503	27.263806	18.724377	33.539998	12.405094	37.715044	35.534868	38.918612	29.421285	34.847459	14.906905	43.363090	33.704282	34.795808	40.171489	38.045103	13.210517	16.134214	42.112746	23.885388	27.437019	33.612485	39.091306	40.570818	35.585090	12.304279	14.184672	25.699071	33.385342	38.644562	39.177124	13.949826	22.446629	12.586945	29.073721	25.339103	19.343605	23.141934	39.473656	25.857431	11.469371	37.717228	40.396848	37.021395	9.786890	28.645397	23.937452	39.314137	43.268673	16.579955	32.107516	18.293245	10.911718	28.835623	26.299125	43.339438	43.947141	41.589764	9.502123	9.894305	37.988558	39.932836	19.138264	25.961138	43.943197	14.344287	42.922511	15.620000	40.321411	17.013010	42.678389	35.351150	20.422871
21.645835	9.893943	11.257846	14.322171	31.305631	15.082220	19.404130	37.831584	33.746182	25.066544	22.559045	32.402735	11.315157	42.300826	28.878378	16.125782	27.326073	36.667604	31.870352	37.302216	27.277518	27.457241	17.072745	38.870214	26.963931	11.920485	34.505396	10.837746	40.429620	19.341725	12.179850	26.670463	25.950470	35.639328	26.889371	40.370512	20.951882	33.596021	27.461834	20.142907	17.134162	41.884671	30.083937	31.295364	35.153446	24.044412	37.503313	26.993482	15.997421	29.001971	29.249703	36.497929	27.506961	19.308814	14.164454	37.305502	15.576503	20.415915	19.070347	11.442044	15.102335	38.830203	28.826124	31.803186	42.644079	21.308210	28.723469	39.005774	35.698693	27.909038	41.743279	14.139385	22.056585	38.435169	37.784044	16.003974	21.888714	12.524913	21.563056	25.612562	13.899367	43.181737	11.199478	40.104917	34.585335	19.911159	43.140473	43.201996	35.974815	25.131561	15.075729	12.718342	31.963496	43.132704	10.083468	23.748488	39.242936	35.320948	9.641240	36.352021	40.403307	32.938989
29.434293	12.925171	19.639298	31.439598	22.059591	26.857963	21.744118	13.776327	26.017558	42.553076	35.879319	17.679307	42.419605	27.438607	35.803940	42.516000	20.560213	22.102000	14.476574	20.266440	41.506784	11.754075	43.386391	9.109591	21.937203	12.428890	22.387804	38.047331	38.866569	41.783408	20.808437	34.183043	38.939784	42.489631	24.908652	31.384795	25.081521	12.027216	42.546050	13.643643	15.475863	12.114314	42.577456	25.402995	31.767238	11.904123	31.666474	34.983024	18.018099	26.765921	42.944225	37.451885	13.584243	8.975785	40.444762	13.095295	19.809644	15.184341	42.075242	35.885721	26.050814	20.736561	16.925038	38.360680	11.294340	40.639774	20.875562	13.579001	42.746118	31.488216	25.920193	22.478448	41.669395	23.284574	20.694786	15.483257	33.999118	16.225575	8.917539	18.558327	32.611895	17.818066	18.810503	11.013113	30.414238	12.237259	16.785118	34.024086	22.788693	31.837328	19.790641	27.576693	22.913774	10.054134	41.064260	10.481691	9.160973	19.322793	22.259033	27.828825	35.767747	37.648024
42.717281	20.316988	42.721605	11.850236	29.442605	23.345336	19.697609	36.812229	20.740703	9.730216	35.721227	43.222324	36.145616	28.737494	12.916446	23.155874	27.624812	30.040628	25.974001	24.931460	29.828752	11.887337	25.106039	39.439257	13.424188	26.457955	14.818982	10.498680	15.939873	17.278601	43.103800	36.481748	40.889302	16.258264	32.701688	35.605830	27.983271	23.541689	28.076735	11.919242	37.226215	36.183422	36.357080	24.874829	30.865308	9.668736	39.348724	9.256376	25.706097	17.789865	24.667710	20.901297	38.560668	40.872390	28.874389	13.955282	21.704544	17.170032	11.195032	36.230574	13.652457	22.699246	11.539370	32.535488	22.248952	23.837570	10.979239	12.070595	28.955144	41.504270	35.082433	43.476308	32.235790	8.998409	18.978021	10.241035	42.430348	16.312320	14.938209	41.069760	16.906883	14.462286	16.329605	41.622957	35.605918	32.105927	18.019360	42.071564	26.228448	35.688757	25.033766	29.727593	34.852139	39.922707	34.136646	37.646733	30.327951	23.297216	39.846892	33.140973	31.943237	32.730071
9.175173	35.916271	30.324363	11.562122	11.578499	14.448448	29.598376	23.094993	42.253760	28.344201	23.541815	35.392374	34.232166	11.772180	8.966734	23.784244	22.417089	39.495912	40.369413	27.729041	20.834349	29.621072	33.786240	33.250609	33.509131	29.162474	29.493614	11.040217	26.449887	33.441996	28.288364	42.164972	22.651287	8.988488	22.134384	23.178397	41.692284	15.845882	43.011042	43.685438	22.137697	12.731166	9.051442	32.371556	31.977272	18.810265	35.183096	10.785223	31.424959	36.426206	37.376685	30.023783	26.125666	27.829489	36.403057	12.180898	41.788345	13.825457	15.242439	29.120414	23.702741	28.165474	35.392618	41.656561	33.191582	36.433608	23.311469	15.997919	41.809019	42.744804	43.299762	40.736299	20.485416	30.428546	37.611351	21.801416	42.663834	17.913890	16.199259	24.062073	12.217542	36.784612	19.383492	13.270475	11.682768	14.024387	40.930577	35.613012	23.401849	33.849295	28.565469	38.266813	29.380529	18.221578	14.427323	28.774867	14.966430	11.129740	21.542501	33.815323	25.975778	33.928203
26.965190	38.694284	36.059389	26.222420	39.349711	10.352169	40.453726	17.764114	30.078947	30.956964	29.340705	38.126766	32.770716	21.421485	26.196169	28.407855	25.676906	20.429492	37.862574	23.355200	16.938429	22.183373	39.533653	28.930991	28.832333	10.952679	23.453162	26.063337	28.111211	11.469973	42.522884	11.231721	28.904464	42.643126	32.279822	12.146410	25.650151	13.333138	23.885956	29.457671	43.607624	38.839042	22.521767	40.503382	43.989551	25.028336	38.534642	42.971361	20.190879	25.767420	42.874309	19.411266	25.274585	35.054140	19.204663	25.136425	11.756328	44.033527	29.049993	19.205902	43.534963	10.807435	24.945042	33.290708	29.893064	35.987832	11.172344	15.407403	15.938278	19.705047	40.263964	23.413345	18.533489	34.923457	13.925085	21.761475	12.121701	35.888887	42.299928	23.691853	28.129577	34.765421	21.892872	34.941604	21.588557	20.367729	29.766035	28.515081	35.335023	41.631646	33.438736	41.411607	24.398504	33.838074	17.063049	34.851581	37.052006	31.527229	16.967110	17.417463	28.795755	25.729761
33.366206	10.550011	19.317630	23.707771	12.007736	9.559808	25.707286	9.462105	37.520807	20.800216	42.599251	33.772901	19.298417	21.438552	32.259411	17.869547	40.394179	39.501902	27.498315	33.530500	42.973929	38.297793	41.144565	24.894581	16.453309	12.177056	16.870797	16.698192	37.857477	11.840943	40.241229	41.621720	36.600848	25.269098	17.941928	33.394698	34.331038	29.712625	22.484802	38.901830	27.037104	27.302880	42.638460	43.612110	16.169055	21.627636	27.017328	36.453153	34.232850	13.173604	20.929308	25.492357	43.089479	11.751261	36.452642	42.535604	30.226278	28.669560	30.954092	25.481316	15.570751	13.552759	33.931659	38.800473	42.231066	32.856221	40.564477	17.786831	32.824552	41.363891	24.150004	16.600735	25.036217	29.823134	17.191861	40.268365	27.820363	32.756298	42.170918	24.152319	33.081372	41.481694	35.029132	17.331316	13.627406	33.565111	39.603378	37.048902	24.355061	37.427290	14.752970	30.112630	43.615170	38.295510	18.397167	17.380380	37.193841	25.086008	21.904127	39.047586	42.996243	17.951088
15.574791	37.482061	17.235243	15.745431	9.649625	41.489879	13.162991	16.339658	26.907620	28.711287	16.553418	17.737383	18.592972	11.233546	32.333381	14.024736	18.499902	22.352541	35.633799	11.507816	42.834629	27.944187	16.362128	8.843484	20.784069	15.564175	41.459774	25.016533	38.312709	37.653057	43.428834	23.179162	39.324564	25.548465	11.967189	31.388736	35.145047	43.256932	41.224320	13.430370	24.994626	38.491062	29.325405	25.756135	29.600620	39.200125	28.274607	21.280487	42.370782	38.169985	31.459621	34.738864	20.998987	30.287804	19.815579	12.953331	31.717587	10.711787	27.916595	36.822898	38.597951	15.307871	38.395200	39.972330	33.669003	24.185982	37.245137	9.207960	37.665819	22.544328	16.302864	10.083195	27.913686	14.065300	30.446361	26.304267	32.085820	34.676585	31.854850	21.036992	18.492070	21.424579	32.687122	13.414873	29.393258	42.720761	40.924731	26.333843	30.726314	32.418791	29.086308	25.254355	26.747492	21.116971	39.516884	34.433099	34.063407	35.103902	21.830387	32.222421	39.984993	40.851618
10.928023	31.625026	35.849280	20.708462	38.251025	15.025566	39.473804	17.510110	17.671178	37.729643	36.587877	16.158524	18.356812	35.804546	26.662734	24.962509	11.538170	37.551861	23.285843	21.852698	11.344617	42.589675	18.660064	32.839067	42.317987	36.137167	38.623891	43.102498	19.705496	14.915956	11.396780	19.894301	25.777612	38.175892	14.537636	10.352593	21.133667	17.058355	34.955497	17.165072	22.655605	34.229417	28.914819	26.890846	18.641209	9.102458	35.647369	12.130801	38.121043	40.564581	34.898283	20.269673	29.782193	18.593238	16.288885	15.993317	40.099518	30.617926	38.501497	40.006384	31.562366	23.644268	28.597371	39.984475	30.428857	36.251076	16.382700	25.106080	38.344154	39.105341	25.924589	9.388125	18.436747	9.801355	11.647470	14.866521	33.405786	28.298232	19.337346	17.690325	20.352893	12.975606	33.723139	21.436546	30.314991	28.214068	10.323223	24.843637	37.642790	25.966958	35.776672	21.544662	29.192815	20.711498	40.915583	32.930371	35.026897	10.929724	19.052488	24.894303	36.765262	32.225339
17.532272	26.125408	13.948714	22.094695	10.964716	41.730885	23.936156	12.852251	14.853610	33.945155	23.787841	36.453302	36.642626	37.063572	13.221094	14.121998	11.364528	10.819442	39.020491	42.507438	32.978959	43.491722	15.492452	33.332811	36.246461	35.461766	34.569709	9.059745	15.180804	39.479856	17.735809	19.042189	22.801468	14.962273	27.924920	13.943122	23.977856	16.553466	14.373217	18.345851	32.057217	41.388589	33.571186	10.630458	21.106986	28.141873	16.904257	38.235450	26.425003	18.889309	37.344182	15.500294	9.883537	14.267530	35.879058	23.376203	33.617031	10.323616	18.058488	14.130651	11.839233	11.973364	21.160712	11.308254	22.803697	20.990235	16.724994	32.037896	16.222415	26.571944	29.167525	28.078537	18.569333	42.504655	36.469078	42.805976	40.498055	12.711014	43.849665	35.872799	41.793545	11.163201	32.102435	17.534808	29.451487	29.590087	23.966268	21.210764	31.194760	31.450581	17.221729	21.159460	15.165502	30.999808	28.264383	30.563697	10.624385	41.688312	27.628844	12.561223	11.758577	30.137433
43.269778	24.292288	43.979887	35.247957	43.474992	33.112277	32.540010	18.184382	37.922777	23.145573	13.511881	11.173295	22.830038	34.813371	17.009411	13.305395	18.292172	31.272723	22.964372	17.772222	19.552399	18.757517	32.907445	31.861425	24.810567	36.515975	9.521491	33.204865	42.393426	33.867526	22.741835	14.823306	40.684774	41.346217	34.623329	15.454533	41.959695	31.859850	18.667111	36.998027	14.515856	32.470599	14.743379	30.264766	35.062934	26.639289	35.807437	36.416718	37.670782	25.683438	32.107346	38.592500	28.111408	40.926515	38.524736	19.942557	15.260915	19.125043	20.708990	29.968244	12.853691	33.017669	22.648363	16.841045	18.605800	24.924766	19.123426	21.084265	11.185955	35.065727	17.876204	13.282947	36.568868	40.366083	32.004907	32.037565	39.140933	30.139390	33.894351	37.536124	9.753595	9.695403	21.042492	22.493730	23.938578	26.592814	17.628726	33.519715	21.262355	34.836030	11.597252	10.958990	19.878898	29.197214	18.016276	24.182385	24.969577	27.493984	43.572156	43.613258	10.185941	23.959141
17.799995	34.648239	18.273190	15.810895	39.545003	28.099359	33.280638	31.997390	21.029564	38.799584	31.823435	12.914622	24.362679	28.179170	26.001154	18.259274	12.775152	16.118932	39.584497	21.467320	24.460697	31.336728	19.392069	24.644425	28.239143	23.906117	19.990389	20.832171	33.522192	10.230023	16.231868	27.598903	43.956563	10.169069	37.710451	20.698691	31.094731	9.411379	28.227865	33.147302	37.364003	22.381189	15.692419	17.198264	18.713587	16.742139	16.120742	43.095797	17.674617	40.690743	20.870336	23.013504	33.744097	39.068424	20.484120	13.638221	41.864023	35.290238	12.870598	39.377491	26.984127	18.952040	29.073483	16.349387	43.788686	11.800852	20.418159	41.321750	30.601670	29.640431	28.300520	13.596030	37.573327	21.599335	42.352180	25.227369	9.180100	15.671094	8.861233	36.351613	10.318743	10.767837	13.367896	28.271422	32.251763	24.669007	23.335343	10.323687	22.953789	21.701898	34.316780	35.254230	23.898709	11.645402	35.648760	33.991369	40.354876	19.406161	36.425270	40.680936	38.005889	32.621464
13.114184	28.072853	40.460500	28.582934	10.964008	18.019673	19.759936	17.525675	12.600488	14.306842	15.246271	34.476137	24.409628	39.689958	39.607066	36.207471	11.512798	12.898706	43.018954	12.487921	16.423349	16.953998	39.374725	39.090410	22.592496	36.706711	31.864948	37.429962	36.151854	28.292027	17.261268	26.701531	40.401464	13.370666	28.578747	31.467968	24.148792	29.507831	34.014928	17.272117	16.768195	27.126394	36.543658	28.350847	34.964914	28.771747	30.144219	40.117249	26.715333	32.732808	9.274554	31.736664	28.573615	41.077419	11.695533	25.530018	20.934450	35.576698	30.648638	15.197372	30.049414	13.322153	25.515154	14.773304	18.258017	19.019021	26.932687	14.826253	24.227274	15.764804	19.950842	20.383316	25.429091	9.640351	11.894672	31.288926	32.830689	22.152511	21.619986	41.140112	29.767060	20.238451	33.006170	10.022710	10.820596	42.144917	16.013179	39.424267	17.008984	20.625786	9.724058	33.372476	32.419375	10.164203	20.278678	26.225611	32.550592	23.318981	12.300508	16.098943	38.043078	25.461822
18.774106	10.140229	32.229528	37.633153	21.714549	14.623107	11.977603	18.813667	22.795873	37.196540	21.656471	18.926109	25.730834	35.679674	42.463833	33.464730	15.845314	21.949163	38.032271	41.693825	23.241795	18.024230	23.219576	28.193684	26.933389	32.017495	10.414286	42.920448	14.449756	10.888250	11.350345	22.341780	33.829192	14.013328	31.477402	40.765892	20.433977	37.751635	35.390756	23.493947	11.599311	39.353021	32.229150	36.335936	17.953555	9.640203	20.501324	35.876345	43.798432	13.196072	10.361386	15.805279	21.831490	20.129282	36.626444	16.977093	14.033829	34.713935	40.278683	27.391117	30.612031	20.439055	26.340043	29.421128	25.193158	41.449013	27.327193	17.442360	36.542998	19.983663	33.881491	14.293263	39.766285	40.483010	42.387874	20.267603	27.994865	32.170035	15.438223	27.356181	25.584677	25.351724	29.958510	22.899552	33.292642	37.058138	35.391305	37.768723	39.232385	32.021042	34.775241	11.490582	38.378739	18.576029	38.540013	29.638040	38.770747	31.524774	28.690237	43.869021	18.481447	17.369835
15.235301	10.847630	28.008948	22.324217	33.689690	33.915297	31.071269	26.880215	39.933024	35.712235	22.529965	11.238929	29.513309	33.165833	12.038741	22.219815	32.384646	10.518203	40.445162	9.340262	32.811948	24.495560	26.837808	15.282477	27.526406	41.418816	31.042364	23.909338	24.937982	28.648848	18.377329	34.532906	27.039024	43.851871	26.580528	20.981588	23.539826	12.816950	21.112361	37.304162	9.422329	19.996497	28.819323	36.621319	31.816518	9.472195	22.119989	10.772183	22.921466	25.926170	32.327926	25.220262	31.572197	33.251433	43.171554	39.222990	12.786466	24.416293	19.393256	23.262218	24.574552	42.394374	16.573076	22.699792	20.193471	31.261031	16.703909	33.664870	24.905715	33.871547	13.970666	21.802765	11.130764	22.821296	10.077037	21.478474	9.334516	9.889505	33.586074	30.186499	14.272066	26.109370	17.273695	38.737607	8.951350	38.463936	10.248038	21.245598	26.540024	8.829706	10.940500	9.789649	26.579583	9.967028	43.710141	21.776542	14.788165	22.263486	15.566597	26.604056	38.834314	34.832863
25.141613	26.149564	32.726985	31.319994	15.083598	40.956320	23.696147	20.435644	34.508829	22.673963	39.888385	31.960101	20.286685	27.017740	40.645838	16.843579	30.263421	40.987339	20.971957	36.250688	10.098559	18.138443	13.733374	23.649311	19.821206	27.240953	34.942634	34.929456	36.266715	34.902661	35.938387	36.774882	12.233871	23.037376	29.940326	34.407981	31.467884	12.214562	38.322565	28.620624	19.141866	14.651692	23.082495	9.602667	23.092387	25.992137	34.523865	10.845833	28.406671	35.888803	10.307546	34.161444	23.406821	31.073010	14.886628	10.318092	35.404061	23.474206	24.930440	38.492066	11.200427	13.980611	26.051633	31.763358	43.026290	38.478834	34.102510	22.118721	10.850247	24.718931	32.319815	20.266016	36.924103	24.758646	17.614794	13.994444	30.542362	40.216424	14.453053	36.541984	12.537622	43.408403	18.327242	43.124547	37.815229	37.395651	24.241194	17.973750	35.807344	35.215137	42.101066	16.163522	33.551858	34.431807	43.310158	11.885661	34.207300	34.290520	31.909826	43.555537	14.775303	23.304738
28.343945	35.275922	34.251871	33.284194	23.001204	21.440726	37.828832	15.112345	21.652671	24.366553	29.925193	29.966268	40.634395	9.578837	13.276551	38.285763	24.240457	19.100456	28.271710	24.667422	30.876582	18.614851	26.151166	11.522106	9.540507	35.757073	36.522976	38.829682	12.876286	16.435163	27.979296	29.308282	32.111654	15.925011	23.028870	26.158887	27.672722	26.211023	23.267626	22.960253	38.368160	30.254217	40.654533	18.520655	30.454352	15.226867	35.435676	42.580698	38.599017	43.470538	21.776174	22.313549	12.604973	24.353617	11.683562	33.723040	39.871790	19.607985	14.019495	38.453840	36.810858	41.559064	37.858734	36.566000	44.013895	14.811656	13.608226	19.017216	17.705978	11.068730	30.362361	13.890930	36.983207	23.154954	23.132832	36.616826	34.528919	41.797759	19.997650	32.877009	17.991966	17.246254	28.710961	19.158968	38.236848	22.876941	26.230016	43.615108	15.917361	23.391105	42.228652	13.698919	21.643322	34.065916	41.671481	41.617819	28.566317	15.697539	14.325313	11.878432	31.795301	32.609305
41.105107	18.825619	40.118266	22.443852	22.827955	22.594191	39.404095	19.154053	21.328903	43.525421	12.774381	25.413834	18.020942	31.722402	15.802961	24.875959	10.030059	27.962166	27.140703	11.901726	41.474984	30.534542	11.138765	39.743224	13.122641	28.010600	28.089187	33.040248	43.531895	32.704876	32.208785	25.181161	18.515249	14.250822	37.783363	16.652323	31.919060	15.611070	37.857272	17.957322	29.811800	10.926702	16.612192	42.854854	28.914641	20.034941	32.784449	35.244952	23.977388	14.954158	34.253035	28.693356	29.290084	20.599989	33.422128	30.620136	29.326080	32.017572	26.625437	9.140152	10.162824	31.410809	28.856573	30.036395	33.475918	39.058811	35.476595	30.094143	38.781006	18.335874	22.508882	34.840339	30.355939	22.228981	32.198193	20.432700	34.089371	16.623776	24.124885	37.535596	34.753490	33.220058	21.219491	13.298866	19.402130	37.165001	13.657633	26.242778	34.628198	40.823726	28.455203	10.961096	33.199525	28.779586	39.173742	25.923503	10.404586	13.893390	43.597387	28.250280	29.584592	29.061448
44.011867	43.858150	10.895241	22.703739	38.227630	16.895837	36.625238	11.944737	8.917352	18.194648	30.368784	38.166121	22.642282	10.666533	25.745023	35.032964	19.546206	32.976712	32.847296	17.705777	32.897519	29.940247	30.292995	39.263350	32.317093	32.454120	33.834130	13.954130	35.813035	28.204404	14.140095	9.919753	30.094768	24.815526	9.181973	27.710592	40.994528	19.415832	43.648581	38.741565	33.151833	26.158787	34.488544	41.277543	28.498725	34.715298	18.221071	22.771183	41.817851	41.656708	42.193571	11.195203	18.613755	41.187463	17.245964	25.107291	24.573506	31.532380	37.200243	13.823468	10.223919	17.125746	21.774842	25.706882	16.921874	34.164076	32.114216	32.158975	15.136363	37.291985	15.154833	26.988291	22.528372	34.675816	39.630908	9.019896	21.161810	31.471464	22.670800	26.106281	17.893064	21.778350	9.639196	22.185482	41.972525	30.390923	19.700039	25.252542	10.023726	23.558990	40.430684	18.602505	35.229992	19.829993	26.858188	17.517080	24.040274	37.846843	40.277623	18.556148	16.135303	43.066119
15.458060	18.432332	21.336711	27.537400	16.381371	25.413810	28.882536	25.559587	9.211579	35.802934	17.629052	35.001757	34.012246	23.357156	38.013045	37.489042	34.728993	22.798187	41.412372	40.587491	14.436499	29.635888	15.964862	39.318060	16.414206	21.328239	13.060210	15.952298	41.868901	29.221424	34.692438	18.351537	18.133851	33.101720	25.287342	14.959419	25.926327	30.140800	12.025671	34.706406	16.026089	33.868874	20.883442	39.898924	33.246504	10.659956	35.359630	11.199846	9.421166	35.593022	19.357017	38.488256	34.692188	17.504670	34.485884	34.897269	12.687810	20.571029	14.341727	42.806327	10.926138	33.955181	24.711693	16.173133	18.055401	26.233767	42.222674	23.512573	8.973625	20.836180	30.874306	11.209960	29.805284	35.654881	11.235177	22.863309	35.522819	10.888550	29.931966	30.441383	40.413788	42.818691	11.102058	36.131464	41.540630	22.595648	16.428603	32.794297	42.025886	24.022150	14.963578	24.513905	42.932850	14.367369	10.403445	31.543041	15.691442	35.964354	34.368035	13.520524	40.655483	10.972186
32.490334	30.402207	33.914346	36.539044	22.312556	16.905447	31.882347	25.119542	21.773054	39.881416	10.199226	29.890598	29.006170	41.208002	10.986822	20.142074	41.096286	19.281693	24.652732	24.390123	32.894192	25.394827	12.819621	29.541718	42.614484	25.997770	33.429022	24.896969	18.410758	22.539969	42.685226	21.776119	18.558568	11.838911	42.532176	16.580999	38.099629	18.423058	19.774455	19.950890	31.804942	21.767439	16.890301	28.259600	27.459905	30.026150	35.120547	30.777870	28.497865	31.339089	13.205185	43.815769	20.100834	18.127450	26.041279	35.820846	33.107430	36.959413	34.603892	35.514924	9.254232	25.048610	37.169483	29.744445	10.993396	40.127024	10.373852	41.132925	20.694049	12.411460	42.360011	29.380818	14.512561	27.813625	16.786980	9.490588	28.280743	27.667815	38.333512	32.751131	37.228055	9.861356	20.244398	43.360384	10.452901	18.103695	9.814007	28.752238	34.743381	25.959581	10.751837	11.068429	13.291863	8.824063	19.072939	29.036742	22.184159	14.714068	41.582387	11.115613	39.813177	36.607631
25.544016	36.878379	20.360036	16.927581	16.061904	12.603043	12.454126	35.026826	39.302847	23.805685	43.074801	30.899582	13.788533	34.975299	9.442425	34.760408	25.107436	38.975672	35.251355	38.714389	22.904032	20.319699	14.375751	24.357717	21.873996	23.442689	22.332830	29.853299	24.388179	17.938965	38.929249	13.824186	33.391106	36.508214	15.958452	15.424114	25.752256	36.715125	29.508707	40.997922	10.088979	37.566361	42.949207	17.996935	31.285227	13.298773	10.816977	28.891763	14.974437	23.322675	33.412962	31.362943	22.108073	38.589562	23.582129	42.815295	34.013115	22.175709	29.160218	41.686868	23.416338	28.345370	38.024911	20.079773	22.437896	12.286039	43.169858	25.308321	37.716202	16.523492	21.959648	39.627391	10.663964	9.121148	39.051165	31.684217	30.148371	23.158936	30.727124	33.029563	24.408907	20.152756	13.740135	27.581321	18.246056	9.728668	28.044644	27.828605	16.430115	23.953669	24.111255	20.008113	16.826246	28.272686	9.254157	27.599784	30.485025	36.394366	34.029285	11.550339	15.635658	40.657506
29.090258	18.360311	24.640503	17.075544	9.175901	16.095521	23.220192	12.684748	20.908966	19.663722	12.664435	35.635973	17.429987	38.648347	10.925631	30.892829	40.620455	22.787973	14.879498	25.947407	31.715584	8.908291	21.368368	34.551833	19.056125	12.539980	31.853444	39.664282	23.686379	12.920585	24.639683	26.691968	38.496894	30.431030	36.407558	43.200361	15.425865	36.847425	11.907988	10.935737	38.213087	9.869628	17.064825	13.850138	28.379219	35.627291	10.253226	41.202147	23.028375	20.313536	19.113180	9.901844	43.962452	11.133145	22.941617	10.772672	13.391714	31.245108	28.801411	29.502378	33.062797	39.710277	23.291410	25.315853	10.343765	25.363181	27.126324	27.760913	16.760300	41.037794	26.430588	16.785906	31.752705	38.076041	14.488757	29.829861	23.280713	16.667795	40.659006	22.859522	28.007803	23.351058	35.278049	15.224472	15.753931	9.225399	33.772506	14.006155	39.414378	24.285911	21.761401	20.581329	42.031983	22.594154	40.331385	25.541832	30.307869	12.987079	33.755222	33.891702	16.940495	13.931320
25.923386	34.595987	35.282332	33.546818	41.553821	39.653743	20.189776	27.173841	32.529926	28.578995	12.787393	35.925876	16.621906	15.487975	23.330408	40.327846	15.529108	39.782450	36.468366	31.106396	42.436747	25.422457	31.579578	34.723286	21.323074	42.235204	32.468743	15.595712	28.256093	30.983146	16.120427	34.077672	22.330074	12.685948	32.347307	42.179079	19.481065	43.020972	11.445390	19.237041	17.909370	19.835933	33.577167	19.220264	16.881461	33.089561	18.962067	19.729532	31.714116	40.909076	30.670203	21.429400	27.640781	35.187052	39.116203	43.670315	37.896929	21.750413	25.526759	12.653888	25.637147	33.253346	35.104238	21.165087	35.012899	11.240518	38.231725	18.208363	37.013845	32.194058	18.238199	15.775345	28.020711	25.755129	38.624177	20.379528	35.071431	20.453658	28.514939	32.236170	30.250548	16.473045	30.078110	20.714141	32.017747	20.335657	39.687640	41.912978	13.486928	10.856539	42.573092	16.199985	34.603313	9.356071	22.500471	37.547183	18.289935	37.476490	31.735862	43.633022	38.953148	33.240608
14.317094	8.854743	18.705676	26.416053	41.559640	31.259644	26.709225	24.386033	17.460532	14.371438	34.663163	30.389241	31.616661	32.189260	18.715846	38.326791	28.645043	33.559834	13.222277	10.718171	39.859972	11.308013	20.635980	24.572512	21.970855	39.933656	18.213641	40.915586	37.754748	11.904718	35.581745	38.028800	24.215118	32.044457	37.616839	28.074004	42.984959	29.293861	19.144003	19.065464	32.428860	12.455042	19.120138	34.388713	21.531080	35.901900	43.708743	21.220027	22.823671	37.461802	42.533649	36.204692	30.835825	9.368913	39.015386	43.682825	13.383200	16.586786	34.583354	29.895758	14.264347	30.941333	42.121262	40.987711	38.588890	39.008431	35.660328	32.615473	30.218274	24.866962	17.789738	25.794069	43.931625	31.186225	10.199083	39.649915	38.453489	12.673379	43.375640	15.484238	24.815942	34.274680	28.976656	37.250424	29.978888	42.681824	16.080313	41.107205	29.261149	31.002041	10.540009	17.783560	30.392025	19.732368	17.006663	43.941379	23.523344	26.255236	34.343023	28.179168	33.990766	8.820042
23.427311	21.951212	22.499178	10.121553	32.213462	19.818697	37.459264	38.273516	16.522255	31.048115	20.205100	20.181198	17.320814	40.760323	31.441084	26.680938	8.947216	24.378513	19.974772	28.101328	24.790349	13.752982	43.680731	37.062374	36.074298	36.621221	36.623461	32.457958	10.090710	13.342764	38.996092	19.926584	14.320593	32.677553	10.370213	28.131111	23.633194	18.980742	25.109192	15.688593	15.614869	28.860907	30.970261	27.461831	34.669733	38.558334	10.851891	28.386474	18.344671	19.350359	10.915120	21.968545	26.390437	30.448229	15.191060	35.288217	24.240450	42.751747	11.752662	20.907954	23.423327	28.220287	29.554327	30.596466	29.638521	14.447689	29.242553	38.162073	37.198045	15.493561	23.820552	26.478087	35.856305	11.897616	18.236384	33.454863	38.384233	14.581815	12.292495	11.494694	37.892448	24.896963	17.785273	38.400161	28.952019	30.406382	35.044687	23.281355	13.206309	43.145459	31.860722	39.658033	31.111533	16.176427	15.686262	24.166321	25.516919	32.422443	24.373126	36.082445	16.411394	13.066713
38.646677	15.351192	24.392259	34.200393	31.308658	35.153011	19.739630	9.510491	31.677634	40.925971	29.261807	25.297365	38.968464	39.958777	25.208544	11.969860	26.906500	19.972538	38.110928	38.190957	34.318940	27.779904	25.014130	19.745828	17.692183	12.755375	13.167691	17.233646	43.884739	20.418020	37.332683	9.318447	26.016467	16.626576	17.945439	25.287224	20.672195	39.437653	16.439314	25.661865	41.019459	10.961783	20.871365	41.856590	40.667455	21.987965	26.208451	40.644693	41.699219	40.778671	22.935032	26.705688	24.378796	39.092745	16.745541	39.466095	38.254911	39.934212	42.452755	31.687172	28.742826	24.614378	36.533237	43.676911	11.295976	9.213312	38.319643	32.349498	23.737393	33.668072	34.467451	22.092338	32.343841	37.601428	20.648390	13.467155	31.804453	35.988869	29.199608	25.209594	9.417792	28.793441	15.241070	32.881362	23.355552	12.189460	33.655324	28.342693	34.790439	27.841770	39.462634	20.254264	36.719746	39.710843	11.902164	12.521051	27.257480	23.988437	32.095142	25.491228	42.879125	39.068861
43.557391	24.040927	18.856502	27.241999	43.130506	15.148188	18.853941	38.198197	40.018256	37.593523	38.398898	23.902884	36.725151	16.276903	12.616202	16.083604	19.565510	24.000058	31.192986	11.344235	39.639238	40.245156	18.382247	26.787808	43.221155	11.311290	31.869211	34.772791	14.961017	20.512413	14.862901	25.097007	27.224524	19.340869	37.848226	32.240420	37.885763	16.901668	14.712182	36.354448	27.931533	15.546999	17.359593	34.197460	20.753527	27.827730	27.050663	15.340479	24.099250	27.977669	22.324063	16.227461	33.335704	33.148808	34.238216	37.622993	42.266305	11.578584	35.469188	36.972631	35.011878	15.211343	24.996897	39.079212	31.455771	20.614576	10.896263	40.355626	24.140878	27.292828	9.518418	28.067623	26.934606	19.758689	43.031556	20.297853	25.215251	16.223684	11.689660	38.979728	33.639442	36.645178	19.978802	24.522753	31.118007	35.520770	28.202667	39.028466	9.934793	43.613798	23.622610	24.244953	38.571348	13.253654	16.170741	34.417832	31.103635	12.273787	36.849736	28.266324	27.784816	30.988549
43.107873	35.385944	19.984606	9.865373	37.038066	33.509133	39.693185	29.209767	28.996957	15.323020	32.635953	19.436890	33.503440	43.328874	37.649541	9.366264	23.106079	27.428543	42.831680	42.885358	20.113332	27.394590	40.177018	41.052213	26.548966	23.936514	26.089612	15.882656	12.739096	26.565955	28.787536	40.226696	38.071155	15.152081	31.435795	38.604381	19.334989	8.914004	19.629423	41.557273	14.854314	13.502311	27.802430	36.421626	12.819110	34.453698	11.732761	23.819533	16.630100	30.279402	21.266064	17.871889	29.633670	25.146446	14.735570	31.387132	10.924205	27.208222	39.540065	19.477951	14.134503	18.098511	12.384735	40.235800	32.410647	29.591397	12.196611	44.017257	12.292860	18.980395	39.169095	31.321143	21.285950	38.564881	15.108343	14.861056	30.264283	42.689934	41.193743	21.009907	18.044464	23.537225	13.078786	36.688458	14.244605	19.801065	12.482042	40.148930	41.574829	33.284730	8.841053	12.734131	11.015339	24.529551	41.578655	11.670629	11.391710	42.179941	32.049968	34.685660	20.105710	11.517978
31.499272	25.583871	30.074388	42.317589	23.748006	18.214689	12.168117	36.824572	33.326398	21.052534	13.732161	36.791552	38.602215	17.617341	32.951404	40.478502	35.857234	26.589400	14.394207	30.463055	36.326992	37.220803	32.221988	11.147268	39.395978	12.489864	31.345194	11.970351	10.627917	19.285665	27.449357	42.784702	25.158719	29.033299	28.095566	16.643540	16.614827	15.486364	29.599315	38.720934	10.380758	28.299311	23.406709	12.372881	15.400189	22.497467	16.566451	21.689912	24.886698	19.941535	18.676218	41.567079	15.146233	22.228723	24.590175	28.886625	15.300754	22.961135	31.106193	10.936978	28.307424	25.465288	42.498312	30.746684	9.809766	32.683376	28.278099	19.275222	14.757483	11.691691	24.561226	29.896743	44.021439	23.162556	28.542126	21.103987	30.912201	16.570799	10.428599	42.957025	39.606169	33.313824	11.431852	43.612882	30.457239	42.039641	40.297578	15.491320	21.396721	21.391124	12.063122	15.732204	14.251964	31.007559	21.249683	34.802229	41.455489	31.378800	21.669046	37.516032	19.765380	19.967010
9.595448	18.962366	22.794873	36.578343	28.321702	22.598709	34.678577	15.146719	26.406566	19.854144	21.625352	12.407867	23.919234	20.629349	17.370554	25.053650	17.202817	12.527597	28.252616	20.765121	13.209995	12.124641	30.129074	13.739280	35.465388	30.843085	19.252808	28.304442	30.720120	36.772055	38.376556	36.805046	25.287982	36.741191	26.003424	18.603443	32.597184	42.595644	32.712919	22.157926	16.430541	10.600805	29.942143	43.727900	22.478364	34.477361	41.717572	12.157209	25.167013	27.140631	18.210382	31.600066	25.524328	34.153417	12.655416	37.289881	18.513358	15.355839	22.045491	38.484124	20.678215	15.659390	34.595663	19.961272	41.058526	19.364270	44.026956	35.372281	28.106800	22.306073	14.499858	44.011128	30.649235	24.992043	29.415020	26.616627	32.073027	33.018240	21.954284	37.192244	19.610448	39.875155	15.237348	20.196188	25.111395	24.567216	39.126261	32.043816	9.998061	34.284462	20.809922	14.048401	42.709580	10.415955	28.869609	28.622504	29.768969	33.799440	26.880372	15.737270	36.628736	14.814659
24.036966	42.281748	19.543101	28.862331	28.396083	24.018661	38.394124	32.191918	24.104134	42.815720	40.140834	25.883369	28.685737	23.347764	31.954837	17.733906	38.272706	26.587169	37.869136	42.968557	33.879013	20.786578	42.510275	23.559584	11.669135	27.585100	34.138615	29.931370	12.990810	24.762243	29.918747	33.774156	27.776601	41.279827	34.080648	25.412872	12.714036	32.068144	35.825272	22.681588	37.306634	19.150312	13.005960	31.264115	22.987880	16.434588	19.117944	15.189545	21.594425	27.798606	15.098530	40.311748	9.561775	13.119992	9.503211	42.700372	30.217037	21.620132	9.950600	36.756989	42.024898	20.383413	12.093136	15.959377	17.773661	17.667516	39.618763	30.180973	18.237245	29.464067	23.471979	16.014426	39.106815	40.943160	22.664121	14.336420	34.322412	43.875626	29.814231	24.292349	18.983947	24.655381	34.456521	20.526551	33.929256	23.756751	17.597795	41.592410	36.196464	30.925539	36.697240	13.335504	13.985501	22.701389	30.836167	26.798751	35.598554	11.710733	25.800394	26.132537	31.181469	15.387081
30.749339	31.632449	21.377699	38.572091	23.641994	18.972144	37.673900	9.049101	19.301519	11.041623	14.259331	37.058058	14.504537	32.631319	30.766231	27.213385	42.533526	12.696171	26.504239	28.502511	34.398560	17.999729	42.251709	38.933437	24.467715	28.794947	11.120574	10.849464	23.844906	40.744279	18.465253	18.335773	33.351579	40.590977	11.072253	12.439188	10.007608	31.481136	29.941954	9.835851	32.401093	15.414406	10.498895	17.954063	10.128193	26.594838	14.271050	27.618950	31.701639	23.841902	34.742283	39.081978	36.473283	26.022521	42.345585	17.935892	13.912123	32.886904	13.823507	43.735767	41.316760	10.190482	33.253465	9.181966	41.697456	24.078375	11.821406	21.889751	41.480227	35.006862	25.963938	37.122830	22.413771	15.070403	33.866700	17.429417	25.196547	43.885418	23.857890	21.527948	17.687854	24.045375	20.627113	40.451533	12.745921	26.316301	35.257075	28.171800	38.426706	25.110374	15.324547	13.276407	44.050024	28.115026	40.695864	11.990795	28.003416	37.587329	14.407180	36.179606	36.145074	44.029007
18.599231	33.892363	27.648697	37.724389	18.691514	23.040680	40.839165	23.688552	32.835115	25.345867	31.557171	12.359697	22.072869	38.728667	11.594356	34.187192	18.489355	22.841368	12.744837	37.338449	28.836519	11.122558	15.603585	31.495166	29.284651	19.001531	14.076270	34.947956	32.373507	17.178163	10.205060	41.792441	41.319511	11.810666	34.266193	43.831618	14.451042	34.165689	41.535715	23.488784	27.012594	12.145912	31.583169	14.715471	12.521063	31.648779	20.017190	28.907290	30.612742	38.168442	13.924730	10.023720	43.411508	14.822230	42.814993	13.170811	43.049303	22.018975	24.957876	18.773121	38.370224	9.564103	38.871139	22.982569	13.026012	28.616783	18.194840	20.677168	26.837949	36.593511	22.054491	42.899347	21.234112	28.136084	21.598441	42.959173	29.628193	22.057810	15.306657	26.994775	29.127853	13.193161	20.004812	31.649840	26.193158	23.316444	26.598620	30.130357	36.678782	10.391674	39.491095	31.317661	37.156566	13.618912	34.569400	40.776382	33.444803	42.015662	11.576741	22.660499	39.012011	39.088260
37.801521	38.132534	43.725234	30.265294	32.266800	14.538877	27.398450	42.889466	33.636189	10.501815	27.947277	15.306987	21.320000	13.379153	11.994067	33.571863	35.247886	36.722996	30.878407	23.237816	31.761269	22.164036	43.534417	13.602010	15.431669	33.791234	17.233172	30.052597	11.530299	10.002657	34.541639	15.703044	28.169116	43.196688	29.263252	37.112025	14.419648	14.021468	9.973402	22.882838	31.557457	35.973274	38.700382	14.311698	24.959806	23.199723	24.742667	18.102171	18.233394	43.753097	22.572878	9.892539	19.582637	19.355546	36.315204	43.230604	43.234211	28.275863	44.031004	31.308812	11.338734	37.608467	11.166421	24.487051	19.804100	11.253757	19.570691	21.279428	33.844950	8.899022	27.298990	39.593384	13.515639	28.720669	29.847310	12.053467	13.571375	19.057914	9.907730	19.022104	8.910720	37.678315	20.971908	33.707240	30.043940	24.788390	15.659549	24.994190	21.053444	33.931870	19.954725	23.078728	21.813605	38.450129	22.232867	31.660351	43.413957	31.466596	24.123615	15.442231	9.077667	26.941258
16.629473	16.506633	37.275065	24.413869	43.929590	27.875460	25.779014	18.631071	42.985805	28.290935	20.380877	37.713820	19.148496	37.871072	34.972711	9.099905	12.333388	32.975003	22.736948	25.925714	26.181867	28.864796	27.934904	40.257720	43.989511	15.493227	35.476608	33.785534	20.810412	41.384706	40.906117	20.646288	30.652006	9.166252	42.483393	26.415519	42.739242	32.201710	22.047386	27.395022	18.134282	43.229364	20.803287	40.455331	20.364454	34.187633	35.983656	38.498935	15.931642	31.739762	39.947822	14.130077	34.318280	38.857385	34.910392	22.179459	32.089241	32.225459	16.832952	38.538858	21.035709	35.397505	29.847536	33.836078	16.021313	21.296492	19.228485	35.175268	11.003158	18.831494	15.361897	23.066737	11.417485	29.040510	23.321706	22.828009	35.111046	30.016070	12.128180	24.061493	13.327131	16.891054	18.413897	31.384699	24.500297	12.799350	23.260204	23.300842	41.380943	41.885574	14.016558	33.560760	26.281633	20.685239	25.199929	18.275194	29.615859	10.147705	31.444855	9.735772	35.708219	39.223343
10.809352	17.266862	17.016822	30.688514	34.121086	19.725588	12.553887	29.785972	17.796618	36.125904	34.285864	23.881994	9.727836	38.108107	30.418474	43.411468	30.275013	9.309909	34.926348	14.682700	20.641059	35.021564	16.767964	12.262237	40.998568	36.191234	21.205364	24.914104	37.414637	21.088753	15.400158	30.607356	32.485852	33.922408	12.129077	15.012096	22.925782	10.948141	32.733288	14.916029	29.392967	43.480011	11.850643	16.157342	18.610796	26.623411	29.189778	28.786565	30.661415	28.980798	42.062953	22.288127	15.852544	25.501746	15.139391	13.703207	17.597977	43.277421	40.938130	36.629345	34.394272	9.657679	30.171150	37.488472	37.901395	21.896092	9.436905	15.176374	12.678194	42.942173	10.784773	33.208721	42.960215	21.868449	19.331452	34.091260	13.099407	20.512625	29.814415	10.462037	12.975411	42.079350	16.220586	28.803736	18.740287	35.582914	10.406882	43.899242	30.234635	25.381021	12.585414	31.492911	15.934910	34.199963	14.951249	16.475264	42.229228	25.972974	14.696849	37.961550	37.687801	21.666480
34.382120	30.640569	42.188176	18.934821	30.687293	14.949186	28.216074	20.821702	29.792937	15.100747	10.170323	32.917698	36.659736	15.551576	16.347982	22.572479	34.127001	25.591321	29.999215	16.204540	9.502653	39.647010	10.083931	25.816039	11.179432	25.386829	26.690845	28.505585	11.620861	40.613759	23.195327	8.965229	26.097559	17.192781	9.944644	14.559802	39.432073	38.502709	27.467083	36.993256	15.597250	34.488328	37.278333	10.497790	10.131913	10.469917	12.154655	20.295616	11.675123	9.584603	35.591958	18.963001	21.061337	34.428167	24.123908	34.429891	25.592814	41.946006	18.862630	27.010682	31.632045	25.367172	27.323147	10.859494	21.930802	13.976452	42.384695	15.142145	27.846740	20.107767	39.209541	34.736494	43.845895	38.584597	18.225571	27.979750	42.252092	33.444985	34.695399	38.572779	13.998918	26.018264	42.717880	28.503367	41.135908	10.561200	29.597711	40.281237	39.742113	15.500358	13.572363	36.925514	11.527020	21.371952	39.701793	14.598322	13.920556	40.734667	32.728041	16.218153	41.575201	23.645772
12.920149	29.364106	20.673836	27.955544	41.711928	24.484808	9.287328	30.434029	19.391893	36.161287	39.443382	35.842964	17.539431	39.253184	40.431327	21.333759	17.594529	13.512269	23.673995	30.775802	23.433459	36.415775	21.057014	28.183325	16.667288	21.799644	34.047934	26.488540	30.095721	43.580357	35.890225	42.080661	20.076507	12.856191	14.317340	30.600860	18.222054	37.332506	40.083363	25.750555	27.862367	29.386379	17.173930	38.922612	41.566041	37.431226	37.043519	34.545656	40.371950	16.150456	38.296377	11.724668	29.245437	15.129217	37.105987	36.480604	28.723220	24.437071	31.321133	35.664399	10.789260	40.799524	34.228385	10.310308	23.862187	42.027861	28.124016	11.172314	40.354055	11.397979	21.255245	8.991825	26.302249	35.854546	13.385166	37.001762	30.065144	34.729825	14.780745	16.329001	8.966520	12.817499	11.020876	27.851897	18.373692	43.610706	43.021270	10.781544	26.407039	26.764252	13.192950	32.110824	12.058629	18.386557	40.149677	16.323702	19.083988	26.581420	43.908746	28.358905	23.175264	29.158888
18.931649	39.497793	16.791286	20.998566	24.522591	38.332787	11.459779	42.497979	40.602224	15.432345	21.069296	18.732250	11.811698	44.012839	37.118206	30.465358	18.894980	42.032544	37.853956	12.487334	38.186934	39.324931	10.424806	24.759204	9.361304	30.397246	12.352627	39.463703	20.712498	19.731428	40.571703	13.823918	31.409907	12.316085	41.652121	29.286689	38.926905	12.245993	9.982778	40.346319	10.352352	27.742110	39.254217	38.797801	24.965375	19.884591	36.952882	26.510013	27.299294	41.843950	35.564331	26.553972	29.441591	23.678484	24.891760	14.473443	32.287950	14.255544	39.049789	23.789230	17.846418	43.981723	25.707721	31.682403	26.451632	9.244734	22.722161	9.919598	19.534394	24.999357	40.007436	43.186255	11.971064	36.629993	13.903019	34.205113	27.860899	32.191918	10.794488	19.593508	24.442432	38.429633	29.555742	35.407858	28.017085	30.861271	22.947569	29.906676	34.584141	32.483477	17.261770	36.258477	13.185072	14.618645	20.676643	12.642805	30.427930	10.109990	43.353508	42.378895	39.251402	15.394411
15.632076	13.206661	36.386749	10.295316	23.704397	19.906289	10.078823	14.097558	12.450950	10.573298	16.263308	39.920466	31.550657	39.922649	39.744762	12.539874	40.551651	35.915473	28.377111	39.000066	40.446800	33.994310	32.831800	21.136950	37.330034	10.986524	38.005578	25.153617	43.642974	34.091180	15.748440	34.496009	14.621191	31.163966	18.239324	41.371765	25.748239	34.178196	26.109551	13.760217	24.003295	30.964848	39.542581	16.890782	27.698428	18.782856	30.248841	17.385619	39.590694	36.259547	10.009265	19.573680	18.558985	24.136157	9.137488	38.976051	13.769493	15.418348	25.596270	30.121874	14.866510	22.158925	16.747040	39.569309	43.457861	29.985766	39.656133	28.004486	41.821464	36.090964	9.580422	20.075690	28.336491	34.335866	28.941943	21.561573	26.153012	13.765015	14.146588	22.001128	12.231036	17.129073	11.287666	14.474185	10.331936	16.493083	40.915622	40.942250	25.309156	41.863126	29.545447	37.771814	15.003279	10.789084	28.402484	11.742713	21.913670	14.816438	27.296072	14.318138	33.563872	39.357167
36.099300	40.672909	35.652037	9.519747	38.143157	9.556684	21.076878	13.925584	18.745839	18.395173	33.137187	30.592143	37.247860	26.112224	9.550786	19.630302	41.828177	23.088998	20.025406	37.439301	22.236120	32.721345	35.341325	12.429250	40.830808	29.844349	12.638015	20.878239	14.673231	37.816714	29.258191	22.833928	20.422793	33.184054	31.661357	41.236631	32.567110	42.668544	35.158524	12.942285	33.330318	36.238353	15.514469	35.319515	39.279258	28.663610	35.609033	15.872746	27.185114	36.021618	34.833704	30.116597	13.524027	31.462862	22.070382	31.710082	42.712628	12.553531	12.867327	40.209032	11.001086	40.394262	38.918449	23.961926	42.940589	19.478929	30.200972	32.323656	9.470547	38.259502	29.693730	30.009523	31.384695	29.550960	31.337175	37.483784	39.362957	38.619068	18.006193	33.735898	42.063151	18.595550	13.755238	24.454583	33.889314	21.741059	18.275021	25.216781	25.019070	11.130500	35.917700	14.302128	19.340975	38.755663	22.014559	33.340675	36.515346	15.931228	29.872885	29.782929	17.276859	12.879116
13.923415	13.341852	30.889193	24.617873	28.771364	39.333909	31.956917	42.157493	15.623509	41.791709	37.426600	21.489323	26.731769	20.796039	22.875222	20.320082	12.093444	20.536616	24.034741	14.266505	34.660059	39.404932	21.947362	30.316970	41.252809	39.484546	15.345865	18.746494	38.387066	24.988048	12.435209	41.601009	19.500204	24.954326	36.234509	37.226530	36.691368	11.935125	15.992641	10.239627	26.510466	20.666226	29.970142	13.510707	34.979675	13.342106	10.547476	21.007168	40.214287	19.320030	36.453674	34.536752	17.343013	41.077068	16.523373	21.697963	22.438317	20.283926	21.293414	23.302039	14.970515	35.165522	19.869572	11.967959	32.220682	12.783212	42.039817	14.762169	32.178622	36.515691	31.260452	25.695007	24.913848	38.816550	36.249356	9.046925	20.038564	10.179686	9.713152	36.290468	32.470149	17.400188	43.554700	14.624579	39.352083	36.533037	30.334200	27.864425	12.575440	30.705205	19.478467	17.825859	15.201084	27.291352	15.729835	41.723809	9.774572	22.557399	25.467694	36.507762	32.766825	35.456517
37.556558	33.732117	13.830157	36.425193	18.937620	39.839963	23.946603	33.144765	25.877364	11.255144	30.975218	29.973238	27.755789	19.337217	12.829340	27.828716	33.063384	27.858640	12.669040	11.085448	20.718281	24.092530	38.812061	23.491212	19.572494	33.692474	24.888039	16.090173	36.293100	42.136657	23.700808	29.423645	23.338868	27.503347	10.627137	20.962844	14.690361	12.229315	41.886851	25.198961	36.694438	26.356818	14.458272	16.633697	31.336732	38.297041	12.880614	8.847105	16.841309	9.141964	43.735845	39.166446	27.306680	9.824069	25.701516	15.408456	26.234096	33.565362	13.103647	40.362311	27.336177	29.329104	24.637663	30.153084	42.482092	14.066068	19.293598	24.092915	38.063938	28.381915	25.595481	34.731133	39.578962	33.036566	35.260540	40.769484	34.864630	27.492315	31.403100	31.483664	24.135814	21.193461	36.158804	36.025108	27.698562	25.656986	33.694671	15.072981	29.076345	22.565346	13.923574	10.636112	41.812332	38.236057	43.271674	40.123399	8.916440	30.546953	20.832950	20.933018	20.687700	20.760909
22.447481	35.463262	36.235604	21.190562	34.855143	17.498864	25.606956	24.286825	40.531243	19.306747	35.179903	12.200489	43.329755	30.541961	21.430812	9.734433	29.286915	26.004186	41.692342	26.977776	36.442967	13.270780	14.737873	16.814538	29.548380	23.687612	24.435910	16.699115	28.168575	34.566495	23.212653	27.709485	38.517833	24.459513	34.233144	27.218833	10.148121	26.334036	23.053071	43.637658	22.270891	16.920608	41.979345	15.174591	12.502763	15.586352	32.961287	20.858124	28.903449	42.741345	11.381768	16.871060	14.516013	36.960072	16.639484	24.790863	35.051214	14.427511	26.684333	34.113409	23.560467	18.525105	11.253087	35.926473	43.662570	42.106400	38.704622	12.442088	16.756058	38.982415	32.978274	24.872007	12.152687	21.068968	39.355269	16.125839	15.889187	10.545396	22.792645	33.105308	37.963410	20.520326	42.219494	25.146082	30.425098	21.765195	41.200405	22.230882	39.219091	21.124525	42.019144	31.898363	32.371408	24.727591	31.725436	38.716344	12.759493	13.117386	16.576135	30.267503	33.533562	29.359766
15.149491	25.603011	20.178848	22.741380	41.968573	13.021460	43.723086	31.442504	32.674786	38.095871	43.578998	34.444015	28.373881	18.819993	24.876444	8.896013	35.720975	33.685604	40.835451	21.626974	19.448865	16.499173	25.104592	33.924447	43.151384	11.305640	39.112200	23.247347	34.931445	29.069236	40.366859	26.778455	33.729059	27.704482	40.226422	13.640600	26.894783	19.033078	32.389007	18.404231	20.639041	14.804578	19.724653	36.032705	33.144693	25.133404	38.229295	11.612840	41.474195	21.663073	20.296390	29.056817	12.432644	33.979397	28.520922	33.052878	41.469237	13.780984	19.477835	37.799718	19.424593	15.689509	43.011964	16.605865	32.801699	30.706850	38.403742	43.075560	30.039391	18.985721	38.150967	20.451879	15.125350	41.679840	17.565726	28.695215	28.872033	18.227303	27.685569	11.743470	25.169386	19.333707	18.206734	33.956840	39.388202	41.674686	18.573007	31.613238	14.634729	38.180995	11.872178	35.431025	11.766068	42.792867	22.295076	17.166513	32.126855	18.165044	18.639358	18.462882	13.150537	41.598548
43.677631	15.103364	24.668252	10.275955	25.410209	29.168763	39.421638	18.806373	42.635265	15.542874	43.943820	23.991246	37.152784	20.629783	34.970103	39.166351	29.566860	37.951215	36.958669	17.958414	26.207580	41.314895	13.642844	21.819138	43.962428	18.497393	24.657217	15.815620	20.827400	24.437121	28.754578	42.879620	32.936675	9.706420	37.082429	26.554541	9.370898	39.211236	37.834555	29.279907	29.678529	39.323608	42.511718	37.257631	27.517644	34.972871	33.153465	32.088046	24.335991	20.834852	9.639948	20.825414	33.322089	20.793082	24.528783	27.765485	41.001102	39.162055	38.861522	30.303833	33.698631	30.060635	12.542948	30.699254	37.620267	10.776567	39.378205	32.099467	39.772356	9.177205	11.189813	41.850788	9.826907	11.140389	41.317163	16.594762	9.897584	11.795177	42.507315	31.151395	32.742082	30.605350	39.037908	13.378797	10.327550	12.344191	37.854904	42.077885	25.580317	35.128419	36.824025	19.633490	36.375838	38.107117	19.497448	16.101982	20.580243	18.918525	32.206925	18.443767	17.125407	41.967997
22.293722	21.857051	15.105074	30.373802	29.134262	16.095134	24.319249	18.243692	39.950776	25.185208	38.765721	18.320351	28.630653	20.421045	24.632011	34.087495	42.533250	26.818197	20.671973	9.051825	39.580602	19.962362	33.058161	42.780635	18.027532	17.889943	34.467577	13.217779	11.425764	13.299811	39.988584	11.792651	25.251722	29.011018	12.415009	36.854412	35.591732	39.505551	36.135112	31.071037	14.185935	20.343509	9.644675	25.897342	34.219522	14.391296	17.378360	40.215392	20.371303	22.821064	36.558514	26.987462	29.015560	23.917429	23.177811	31.347921	16.285607	34.824673	41.678072	17.318147	43.189131	18.986177	36.050807	11.243801	40.206578	10.983719	21.273216	29.185294	15.024111	11.060108	14.277914	35.210432	36.534634	18.752547	27.350996	39.721733	9.386246	25.141056	15.364209	19.443299	33.697595	43.967431	33.397969	12.275597	24.293174	23.431148	26.663349	18.172378	34.257146	32.668687	12.446567	31.657579	10.990767	8.893224	19.944651	42.451822	27.986897	20.225710	42.794059	31.490435	22.466304	9.896263
30.023955	38.063198	30.165562	29.861211	18.954353	36.103457	41.778789	34.285577	32.972550	43.673715	36.922739	12.527812	34.765760	23.449635	24.922926	22.904651	25.786568	37.385199	36.621971	14.422676	36.818454	9.893873	18.800720	9.440856	28.646548	22.334470	41.714827	36.109164	19.425414	25.396229	30.575280	13.129298	40.936865	28.242352	19.720870	33.272303	33.311161	17.416646	34.604508	36.167484	37.888949	25.693585	35.311740	16.953922	10.615896	31.562993	11.073951	14.311544	9.225082	13.570957	29.947257	16.072878	34.645322	11.451115	9.117594	13.657827	30.250805	43.498662	25.523953	19.981246	30.398525	16.351761	11.773513	41.163611	33.905424	16.918419	33.461918	37.602654	22.636810	14.154331	31.743767	42.133696	28.241080	37.266692	40.785639	12.405808	33.277976	9.585836	17.742264	24.762983	26.048304	26.324878	22.869799	14.058302	25.918052	26.929021	14.609551	26.911357	27.807613	13.816396	18.847681	27.352881	8.881585	19.035173	29.489616	12.707674	27.632249	24.345514	38.615356	34.245422	14.192281	34.809509
14.203487	9.653836	37.551553	23.873528	41.189745	42.261800	15.586453	37.931786	34.426736	9.069888	15.037851	42.281047	19.382456	14.157377	43.418328	39.448159	42.128166	13.550630	38.446466	28.051141	35.440525	41.655185	33.182221	38.991862	32.949095	37.503306	23.479058	20.827782	42.196967	23.175153	28.679957	34.115023	34.547469	14.054681	26.160033	16.252789	23.712264	35.120439	41.894613	16.793006	22.693748	12.418845	18.126978	29.281680	43.179548	12.752872	12.358282	42.366850	18.464214	18.194982	13.441156	41.819082	22.260582	34.447016	9.720247	42.562619	10.587623	32.835078	41.950921	12.334095	21.573046	35.864374	39.674540	14.006017	22.335347	30.041290	40.803170	19.422156	32.709593	42.205000	39.448187	38.326403	14.113620	16.461020	35.810126	33.973211	31.076800	20.545882	22.378096	19.606620	35.521658	38.060930	20.211801	9.348516	40.169011	38.399852	43.282282	20.403487	13.467557	33.271087	9.397784	16.393127	13.464480	31.804641	13.126808	42.274157	29.247957	36.372568	22.760753	11.926777	13.146052	26.555411
41.549991	40.696789	28.770847	11.723754	9.085383	35.360958	42.980204	24.470638	35.772287	31.849997	18.540572	24.958120	35.088989	21.148204	40.854855	40.344521	30.529335	14.644889	14.633282	43.671961	37.603675	37.698949	23.852151	40.691388	33.054434	26.262742	32.643961	17.832496	23.971791	43.442496	20.400837	40.658414	13.599735	28.972829	19.592015	25.552761	15.988199	30.719120	37.016574	18.027193	12.419557	33.092058	29.194342	21.614239	13.858263	13.052416	9.260202	39.983421	12.816787	20.099163	38.835953	39.769421	28.156398	38.205490	18.951659	20.107734	26.810536	22.963897	16.228682	38.309794	41.803714	43.788305	33.480699	23.483177	43.655963	11.951480	37.652142	34.829384	9.445548	17.563010	24.051802	42.504954	29.039165	42.862570	12.882615	38.957312	26.769724	43.315037	15.880336	38.209817	27.793430	10.010778	13.540615	38.187755	14.180092	37.700516	13.031238	32.015891	13.930814	34.753233	27.252717	27.389898	13.710927	31.931817	24.602964	17.155528	29.827788	42.914841	38.746366	43.134760	21.619008	22.174902
38.041653	18.543116	34.566051	41.454237	34.432411	23.405770	26.220625	28.003493	15.397952	30.832127	21.646232	30.701893	44.000820	33.670232	20.005450	35.304147	19.747737	13.275199	40.766732	27.723602	12.266294	26.842763	30.265704	43.642449	43.197724	30.944604	24.076939	33.477253	39.412979	23.213741	41.622352	16.533663	28.392227	17.662330	15.209546	18.557182	42.129350	25.906214	33.685433	32.563538	13.290138	36.736003	28.008483	41.784297	12.344392	30.005775	29.385569	22.655817	26.096116	11.207469	30.519873	28.083760	32.891376	26.966238	22.652258	36.632725	9.567045	20.912939	37.612066	37.917617	11.060863	23.915593	21.254433	23.092967	21.930180	24.131804	18.794686	34.570988	15.219667	29.786178	22.215296	42.987037	16.694029	12.096798	19.329193	20.291528	40.772916	33.800735	23.902308	35.360361	34.268653	38.916916	21.592665	28.210544	39.117306	14.428813	14.208772	37.736992	39.564704	22.637506	15.146372	38.543855	30.790005	40.454430	37.805545	37.568978	29.336511	26.870539	10.166093	38.311078	30.923866	42.709332
18.251802	12.838146	13.617249	16.744008	34.895124	17.940667	11.951396	10.996786	34.147652	31.953572	25.904964	28.804753	21.170609	30.628238	27.679827	21.680378	28.858989	34.891816	17.528353	23.178853	28.281216	36.321916	30.409694	9.047829	17.494513	14.550296	26.228343	39.798464	14.833102	31.987340	16.446226	23.029361	18.742012	27.669851	12.547795	36.772767	14.998642	13.177961	40.062609	29.187202	29.386548	24.733427	24.692650	26.165422	25.711981	16.943716	33.366664	23.162364	42.396977	40.744264	30.980164	11.630282	23.741050	9.792202	22.998169	37.927989	37.309798	9.440380	42.113842	25.210157	39.141677	37.215868	9.924476	41.066348	25.351605	13.561991	18.998219	40.377364	12.421402	12.032246	27.007146	32.724882	24.142956	14.014034	24.211346	32.397326	15.967993	22.933626	17.325381	11.067618	20.320113	11.656586	9.942960	29.630029	28.909273	10.928965	19.586555	23.492560	38.058396	27.247841	18.484560	40.274951	30.782166	24.947113	21.964830	10.053549	34.465872	42.946121	23.696081	31.485292	21.141091	37.347170
9.742015	27.084537	13.904451	29.675648	37.982071	11.965340	37.576343	22.502964	39.337897	32.245296	29.367429	24.665631	20.634550	43.962968	20.721335	28.831521	19.797156	13.504555	22.815172	40.651497	38.305499	39.181728	15.108257	19.920382	40.754634	19.564603	28.941141	27.633799	11.801157	24.357458	29.101798	29.040949	14.973760	17.032136	16.677218	20.384335	27.729343	42.615395	28.999498	41.736467	15.743522	16.587445	34.630493	38.554620	12.007459	40.889363	40.408524	14.794984	11.850085	20.193656	19.955370	22.740866	29.914667	22.771110	14.569821	31.355732	37.065037	39.527940	18.343452	38.395043	18.697848	11.979219	33.038572	43.925278	29.594979	17.654122	43.085919	41.997791	11.912504	16.090089	25.875771	29.834619	29.006784	21.782560	41.263038	10.610367	13.443327	33.099664	28.253447	16.664782	43.770935	30.510594	42.573191	41.405572	28.724341	19.646944	17.620442	36.059360	38.584391	22.209955	27.268619	11.810281	18.455927	22.245680	11.278502	33.534746	39.148109	17.039010	25.174139	15.140235	35.060854	16.395317
9.945561	20.490838	19.380654	21.061424	16.428790	26.303539	23.999720	13.222482	16.312723	40.156467	31.511387	28.506143	19.102354	40.316556	13.168237	25.643128	38.629084	40.752135	23.628940	12.202668	28.940329	9.834894	21.112501	30.044656	36.350078	36.070530	16.917796	33.079929	10.592014	43.479278	19.308572	25.788053	35.915721	22.472446	26.167509	21.098437	42.101282	25.711278	11.542134	43.811917	26.294171	17.938479	36.986179	28.284193	15.365805	20.478726	20.808144	43.957751	39.720040	34.279320	41.157048	11.116421	35.715757	18.452612	29.779531	29.381934	18.121845	20.393823	35.179919	25.075191	18.609489	13.929810	31.045197	11.540324	13.301263	41.418155	21.002942	26.061810	41.434838	41.443319	27.383706	16.270752	15.566350	32.546081	12.409302	26.292664	32.068292	33.534488	13.261219	10.820701	11.025438	32.853644	23.609964	11.976595	31.047429	22.015636	29.186856	10.918496	23.462385	11.651828	27.276722	39.592588	19.748649	30.431252	38.490640	24.851818	33.005094	24.345731	11.769582	37.165860	30.470630	21.098345
34.424364	13.074932	13.164558	41.425428	34.280253	34.711850	24.263670	17.549972	16.182672	43.479722	27.883081	23.032417	38.675043	40.266190	18.983198	9.559141	40.332194	42.206436	38.253288	36.766992	12.491902	21.934446	12.292061	13.590474	14.858609	36.135922	17.251196	31.149741	11.855557	33.936658	42.306353	40.743841	14.776396	15.977471	9.781831	34.096991	41.632015	13.480644	33.835887	19.972967	13.366067	20.880427	22.317121	39.799824	20.863045	15.779449	41.840742	21.582506	36.582746	12.574472	31.211057	28.183587	26.048629	19.453556	13.697041	11.336882	11.297201	28.813527	38.310418	18.847169	29.506217	26.873478	14.348287	41.827638	39.435480	10.624424	41.040581	14.067363	12.253993	30.078949	34.556450	27.777559	39.652798	12.027223	17.619359	18.635958	17.166007	28.951068	10.693075	39.253578	26.726455	24.700233	26.280081	43.297248	9.373621	9.297750	30.623303	12.347790	37.869069	17.816974	38.599891	20.858356	42.102141	11.888823	15.113821	9.343334	27.593089	19.612575	14.254237	25.316118	15.206564	13.436167
42.851768	40.719151	11.294168	40.323797	27.034641	13.389742	28.780086	13.707029	23.994330	26.681533	10.886172	42.211101	17.884652	12.106979	19.227595	30.186461	37.795640	14.300893	31.123195	21.129981	30.114643	36.964037	21.007685	17.959652	28.153278	34.982748	11.548754	37.523154	23.997553	33.622871	39.867607	35.764409	43.883195	37.496845	33.385969	22.553458	42.702850	11.811793	12.122785	23.545414	23.629794	14.034464	34.285969	29.168872	14.380803	13.460573	31.975961	43.672320	34.635903	39.740768	28.093610	28.223221	31.840337	8.978964	20.366056	13.643705	24.132847	28.221941	19.339064	28.373854	28.524089	39.027139	23.484682	43.961386	24.324439	27.165022	27.589702	23.161262	9.679787	15.498348	26.016910	33.214987	16.444842	37.581451	39.165350	33.636632	30.592113	19.358611	27.128060	25.797879	11.695772	19.861672	12.804091	13.895399	37.166373	14.608857	30.727333	26.716679	39.825004	37.453177	32.044406	32.433339	23.026364	38.244998	12.751206	39.215023	17.763953	21.524217	33.362321	18.347873	15.574495	37.818575
40.719956	35.794219	39.561899	26.036075	31.948030	14.756000	19.994262	30.134088	43.776880	19.475349	29.964524	22.446453	11.381397	38.741486	24.247678	15.187907	29.975184	9.159816	17.472142	10.690167	42.982588	21.972997	40.393226	29.909251	20.428835	38.143108	29.003317	10.589698	14.053776	31.326924	24.591028	18.949006	17.489707	14.152633	10.574884	18.769830	38.614956	31.165821	22.206107	11.589011	36.902904	23.400065	22.051016	12.660941	23.170350	22.002705	17.428476	15.756831	34.876320	38.388980	21.927022	17.090943	22.679280	12.999931	42.910983	40.341393	39.799653	20.028545	38.055278	14.419993	43.745942	19.927149	17.918353	18.675796	39.393821	29.608552	20.941024	42.846252	40.231168	38.346772	17.289398	31.485494	19.008235	26.741977	25.993847	40.059183	38.217694	33.572640	25.534836	33.661027	13.934657	14.411825	38.817602	35.362775	28.133728	22.200454	41.128719	26.502567	43.845131	14.704743	9.153626	38.458067	22.000198	27.675801	10.477443	27.357682	13.494515	40.364024	39.742017	38.946969	40.356470	24.050121
21.933126	19.361823	28.675922	14.558800	41.064533	37.479470	41.985702	32.583679	11.451068	10.576572	41.734858	38.975042	26.360372	28.330517	11.691831	23.840946	17.888377	14.523417	20.730426	38.764093	27.993538	12.228278	31.839379	27.282340	19.616257	29.298619	39.110084	16.896485	34.872265	11.723338	35.412307	15.481658	28.485949	41.981418	36.813078	18.544762	20.247583	36.393114	36.275035	27.965286	26.332104	40.348458	38.674526	22.890198	13.069060	11.149853	10.313513	24.967056	40.975889	27.585919	10.880328	34.702648	40.163094	29.140326	42.351642	41.833109	31.411257	32.361706	31.804277	35.930723	37.425753	13.290291	41.689258	22.951389	43.191816	38.998728	20.172180	21.528993	30.941134	28.816462	23.366416	27.722593	17.178672	43.560335	28.261133	11.218948	35.898516	42.560005	43.759934	27.054438	24.765051	21.266941	39.300209	33.220838	24.418529	29.601415	20.710653	24.268858	26.769076	43.171814	15.594057	25.911816	14.107040	29.404236	14.680866	29.807368	11.452307	18.944384	23.206997	38.443675	43.134099	15.650465
10.662593	27.473890	37.341322	9.476575	11.875926	9.894883	18.079019	11.009237	14.824258	42.261585	24.423137	35.808293	42.953899	19.607866	11.140039	21.225400	13.205407	33.284232	18.646624	29.610624	10.828206	34.385932	43.782223	22.840531	15.674203	37.825077	43.209933	27.956408	38.980746	37.803354	35.840126	18.992286	16.478871	9.274670	27.812154	43.082008	42.102810	35.729778	36.476537	43.646718	21.733127	27.315127	9.618059	31.631054	38.044844	26.712627	26.247205	30.146764	40.337039	19.876643	14.491451	32.101878	41.173219	20.776160	41.845316	24.725147	24.513816	18.894635	16.141565	30.945845	41.926042	43.797122	12.978005	10.150111	34.627199	39.773355	42.964962	12.916472	43.068406	34.830534	33.388396	21.567766	36.689600	30.044388	27.820638	22.707140	20.273439	28.359405	36.050533	29.591105	18.518821	33.348941	43.752691	27.661150	11.046801	14.029111	24.278158	39.273519	15.738517	41.269945	33.677916	25.888875	14.535659	21.584491	34.763879	26.317861	30.451745	30.025736	36.062971	38.026583	38.767996	34.989285
16.919041	36.957996	33.328903	38.075545	28.527231	15.125477	20.613304	30.510346	26.666656	27.763519	40.135317	19.480136	26.493586	34.644999	31.371291	35.480519	30.349566	24.860178	17.661557	43.237781	29.648817	29.495217	37.997288	14.998558	41.718710	13.745727	20.051606	26.439672	34.824194	32.719012	9.713807	27.178898	25.780449	36.394868	28.399509	20.474494	27.923621	15.462503	36.246177	27.383639	20.753054	21.292939	26.751750	33.461438	24.315385	40.020717	31.393433	33.217554	38.490990	16.336205	23.976258	38.568275	17.296839	21.320021	12.654339	30.869959	40.580184	27.698611	19.069420	40.404249	18.514385	43.223144	27.036367	33.685215	26.990209	37.750534	23.859093	15.108129	42.974967	20.807337	36.809200	39.379255	26.136075	13.156825	22.766901	19.820992	27.338653	19.635635	12.647205	30.088576	16.381153	13.726396	16.382293	32.914641	18.672956	33.500343	31.091921	28.462209	12.267235	18.408372	35.236101	11.509466	11.632200	29.916856	30.256632	20.748902	22.112108	42.852465	21.773703	26.193805	12.052931	33.523404
23.000800	33.304504	39.880079	16.275777	37.517502	43.303879	20.719060	28.774806	9.665498	22.152008	24.516691	23.341657	35.539029	30.548360	22.026172	42.030832	24.509703	37.185516	31.393903	22.811624	40.253314	23.291756	20.359908	17.775015	15.588838	31.501458	42.521717	28.320145	17.994518	21.358783	26.586602	17.063753	37.876370	13.187283	32.860973	26.212087	36.738239	20.482489	21.516563	27.106392	41.013198	11.153083	41.474165	20.801730	34.210315	20.504856	28.786362	28.046266	43.211723	18.583158	10.218596	24.131379	39.227307	32.202078	27.250952	18.178521	30.430990	18.997462	42.794564	9.418265	43.263481	31.996141	16.447720	38.754365	13.383855	30.068275	18.110383	34.515576	14.488098	11.617034	35.150637	25.586156	38.193171	26.462252	42.990275	14.828084	24.055104	38.955443	11.223894	29.893673	33.144622	37.427956	22.200824	32.478689	30.214403	41.441367	13.534721	12.991872	27.673182	41.226344	32.835914	38.848229	14.262325	14.860537	43.057255	29.273754	18.847839	40.372171	39.803883	14.867812	25.890744	16.487558
14.208819	40.959141	25.521276	30.499268	27.157457	26.061972	27.345693	30.623176	33.765382	36.808164	17.809859	22.293497	38.417011	12.620626	20.613757	17.428426	30.293779	13.161230	20.865999	24.004512	28.177458	37.551323	28.492702	15.804388	11.858593	37.169374	13.052061	21.602836	37.078484	34.537474	37.540456	16.907418	31.174263	23.956710	32.556746	14.205675	14.578851	14.337624	17.198533	23.393159	13.698934	25.709294	27.974862	8.991757	25.395956	31.635430	19.497313	27.210506	17.630404	30.498945	38.968712	18.607785	23.917493	12.074845	9.813386	40.549864	16.972548	29.245240	26.861989	26.982475	44.052448	33.437505	9.534800	30.455712	43.504492	23.095505	19.100047	37.309412	12.798303	24.719238	14.584469	36.469445	31.117036	35.393384	39.665125	19.585638	15.508702	24.538413	22.329737	38.269993	19.443260	24.632109	39.130110	34.992326	26.643799	15.504784	23.429636	27.628143	11.606636	16.626535	21.449418	36.363183	27.376386	22.935879	43.732816	20.970740	18.201216	34.763407	18.586172	12.629146	12.593906	25.933593
17.873667	25.256774	31.258054	20.518521	36.874833	31.755387	24.476160	43.385755	36.234291	32.080643	20.708485	38.203564	11.688343	38.812824	16.306483	39.805638	34.679954	34.652305	36.549887	41.552628	10.746567	19.084100	43.605649	43.613325	26.991650	41.088482	20.458954	21.703973	11.526921	11.852547	13.067841	33.321547	41.460505	29.481472	10.169391	16.033846	35.553601	26.292103	34.377651	30.229946	22.238701	12.180233	33.955369	13.568087	26.861265	28.432923	18.931852	10.842110	14.512652	10.533717	10.704676	20.057497	34.201256	15.239554	10.245072	42.443905	13.673783	12.462864	18.555450	20.868957	28.368126	37.331449	26.765689	9.874764	30.519416	24.926575	29.603610	40.750800	25.650059	9.371668	9.587960	35.225413	15.525401	31.741344	30.601571	35.952935	17.951116	12.867299	22.785123	23.040056	20.698454	41.958685	19.315600	14.088180	27.727639	33.326636	30.477244	33.314781	10.223665	33.945093	42.505680	12.133380	10.166800	37.820251	19.700623	10.737495	22.345453	11.039674	20.681673	32.528483	20.339870	16.105683
11.288053	31.553767	41.711599	19.778947	30.011365	28.480636	29.436276	22.005721	38.333746	25.821730	19.288242	12.064010	25.262720	13.578442	12.037500	37.950176	27.468634	39.761082	38.371258	39.080127	41.725076	37.370296	20.117144	16.667717	11.035249	38.034922	40.850490	38.037858	20.231614	12.243932	19.441690	11.603233	29.526849	22.626907	40.775071	30.951808	29.227434	17.608401	34.182095	26.451079	35.501549	18.722132	36.597689	20.661549	22.754465	21.327920	21.801779	33.065550	40.011447	10.416217	37.990610	35.322397	15.760136	42.346007	23.395226	39.967183	31.668570	36.773910	32.236584	20.414156	27.399631	19.881910	21.665471	32.814827	33.871757	27.302237	41.655540	36.422495	16.382274	36.275133	25.097637	40.202949	27.890897	28.192052	10.972998	21.580778	42.055174	9.524556	9.319600	28.967778	11.966480	16.514145	37.040783	36.399942	17.795389	40.141330	36.964027	11.532402	25.230302	17.284218	16.411233	17.383907	33.074424	18.596111	23.834670	33.071956	18.335693	38.272745	39.555292	34.164452	36.752618	29.293499
40.564348	22.962542	38.753068	26.145207	21.973019	12.778278	13.805297	17.611413	41.467162	30.555955	36.746416	37.917468	24.509034	40.653865	15.419533	21.524872	22.658275	36.055678	16.797089	30.830969	15.151841	20.190418	16.851472	35.045102	21.411061	10.067125	36.744814	30.784009	40.557544	38.943368	43.225595	15.893158	21.956858	22.013209	17.179521	26.767485	14.404983	17.280432	36.060114	38.948140	11.090077	21.478665	8.897452	15.584758	23.460250	36.312420	15.814035	24.283329	35.319546	32.335871	15.663711	24.632466	26.027511	37.190862	38.852401	26.446046	29.892736	22.574203	27.201738	16.700334	20.149537	24.636680	25.308690	14.330030	10.373583	19.923431	25.127042	15.146623	43.917421	41.548901	19.521858	37.860817	16.759391	30.298396	11.074689	10.115106	17.964416	11.265290	28.216609	21.925485	40.645633	13.251357	19.213918	39.020692	15.078903	24.796339	34.567020	36.094032	27.431556	27.913122	40.193452	23.758871	37.110653	39.997826	12.317888	35.774149	33.880844	22.728955	37.734550	35.022506	13.802184	9.997727
38.218953	16.242080	36.615880	32.742113	35.048027	33.256339	18.347233	42.297043	24.809544	40.039633	36.171681	28.171504	25.491082	33.033343	18.310432	34.942331	35.468481	41.783282	35.420394	16.199687	19.273239	37.888126	26.458575	18.288259	43.951640	15.040429	20.072871	35.547928	9.242912	25.727293	24.662874	9.142015	39.837989	37.639455	31.830713	30.316527	24.954071	37.429069	13.516759	40.842110	29.461029	30.524156	10.652341	14.806202	17.929058	23.017602	22.280523	13.598687	43.706382	42.658130	41.288643	26.621587	30.494702	30.983868	14.336539	23.431900	13.756209	35.914548	24.761104	24.837966	34.722673	40.264793	26.554412	38.130525	28.938853	25.848120	19.571696	18.189678	9.533466	40.880029	42.815513	34.066811	43.972630	23.821094	32.591529	10.248445	19.426945	43.908947	19.348266	10.591751	30.310095	43.563934	20.422808	33.587185	9.884340	21.470678	41.522513	11.033821	9.040557	34.416286	43.873595	17.390956	30.412952	25.340242	38.269736	33.417631	18.195833	34.550221	39.024924	36.877265	22.510548	10.232004
29.672693	12.726751	32.567678	38.490177	22.711871	24.087158	20.576546	37.969328	26.532712	11.265236	39.704214	27.419469	21.243986	13.368130	25.896640	32.776911	17.542511	22.266062	14.955335	29.928833	16.702468	27.705525	31.399539	10.450203	14.615329	11.197636	32.477321	40.490039	24.385762	34.657637	34.883952	10.326050	29.392835	15.335066	16.341924	25.932118	36.888454	39.373603	13.408618	37.782074	37.936112	8.813914	29.297568	31.497181	41.657383	22.446197	14.149142	26.478109	11.722143	12.617604	15.202692	29.793265	29.881073	20.310551	23.269597	12.820402	23.108848	30.044865	40.755928	37.904494	9.674451	16.766933	18.444897	27.197872	43.434821	36.597068	10.440866	13.612854	14.710654	24.714709	17.605922	41.937801	20.835062	25.195598	9.121983	41.964482	28.660371	34.886019	26.434585	22.623299	41.908417	16.244119	10.799263	12.250910	20.259606	26.259913	38.083557	38.073152	23.031202	19.701505	18.206489	10.458033	15.003027	28.025212	16.262979	21.400728	41.768157	26.672178	30.854601	17.848161	16.048730	11.043772
28.829904	30.837426	35.883924	38.842534	32.135911	42.293276	38.215367	19.586492	43.195857	12.200382	17.098300	20.022676	14.349530	20.801428	21.535994	15.895749	11.717697	32.636337	29.940094	21.726241	16.293322	30.022742	42.032597	40.983637	22.631057	27.099755	21.591358	21.483278	14.831424	38.225483	27.182079	11.156084	24.507282	19.410080	9.269356	20.774485	38.176028	10.439448	39.924370	33.301898	24.786693	19.844180	42.010236	12.040997	29.495500	19.549903	27.279880	10.507289	18.158567	14.042630	18.640849	30.246138	34.630211	14.491829	17.146264	14.704412	37.841808	16.420669	14.368402	11.381269	22.008312	43.559448	11.581358	39.779156	11.802272	35.885196	38.209565	28.359627	25.529426	21.162832	32.941443	22.074127	20.837913	39.645959	41.609841	21.490105	42.083694	36.246292	27.495071	10.658802	13.924146	18.374208	27.751644	20.923672	23.177798	34.029723	31.225407	17.444691	8.822417	14.858810	8.889069	38.121296	29.096911	40.816459	28.157131	17.547684	12.142790	12.257733	25.829604	25.432130	23.129435	21.735206
42.888580	27.932243	38.571559	18.258779	39.547061	26.395345	8.944792	9.325881	32.657827	25.606137	33.343388	29.723167	13.552239	36.817353	30.959597	42.941118	27.404533	43.945028	17.691893	38.252446	40.476028	21.229204	21.234103	13.920548	35.051648	35.643195	13.925075	43.989017	37.183251	13.801629	27.906912	31.576526	12.193445	12.229151	20.230956	35.094382	9.483082	29.066214	37.451545	26.808828	21.936523	24.263259	14.102004	16.367529	40.489175	22.868703	34.911980	42.814418	9.479583	38.618941	38.094788	43.828687	27.580686	20.426908	43.887883	19.506161	28.357656	36.372242	28.831064	18.215126	21.594231	10.803097	23.389155	26.088456	28.772242	29.958629	26.594989	40.732226	36.124971	38.811738	23.934567	37.549217	37.898931	40.179828	11.793803	27.164671	17.445835	17.222173	10.707777	37.051725	19.256087	39.573220	24.359636	39.251510	38.638164	15.680755	26.238076	21.699162	36.237895	21.480313	14.793172	41.618063	39.350949	41.527099	28.355628	42.257455	12.426048	27.779913	37.192072	24.790525	30.490422	29.078389
30.670989	24.168292	14.867138	20.321081	18.920978	42.782828	39.336085	30.393479	29.311017	25.842016	39.645796	30.390359	31.286646	30.135657	30.866965	43.345264	27.335677	17.604892	23.220977	11.023811	30.821558	13.405780	35.977584	16.890851	36.606791	16.917721	23.045197	36.297257	23.106172	10.340271	32.433122	10.234711	39.708020	31.977158	22.558712	33.101143	19.509858	37.681653	18.183392	31.577056	22.430830	9.959082	13.537929	43.730851	35.705904	23.631011	12.076466	41.679584	23.981565	19.979610	42.944023	41.315365	26.477371	18.522488	31.182907	33.416995	44.011987	21.222475	21.543229	16.832994	17.008158	25.500029	36.533968	25.811520	31.322449	16.574429	23.851921	10.444265	16.580804	30.715140	13.231351	11.144838	25.957243	33.748495	14.119676	9.580452	38.910346	30.669724	34.240237	33.558049	28.287228	43.683156	24.096429	26.036823	28.607871	19.922638	42.357057	20.894368	36.906596	40.562958	26.609504	27.354472	17.146000	39.256574	22.021797	14.642675	34.355809	29.604048	28.183890	41.202543	22.628621	38.015743
21.459106	40.649933	14.084674	20.772837	14.979013	43.334481	27.903176	36.574604	15.412016	11.470100	30.184840	32.657392	33.388071	38.303319	28.883796	32.514937	40.987016	27.452638	28.844618	40.557690	34.860982	17.028345	13.177977	19.229616	28.013172	31.559119	28.525807	12.408734	10.713292	33.789466	10.923580	13.677052	35.294415	19.341748	37.665262	10.506718	14.724375	27.268969	28.971990	43.602111	13.785763	32.314171	17.389823	10.991522	24.719938	16.607634	18.519548	14.880544	29.540799	23.861440	19.294462	10.998533	31.655910	14.333409	10.343719	18.720461	26.336071	31.994913	26.856185	41.169261	16.640251	41.085374	30.089815	24.063651	31.769794	11.171342	22.410209	13.028142	44.024140	19.998696	15.452899	36.190846	10.237750	32.996239	11.276386	24.574173	42.257986	27.829113	13.036770	17.942759	16.729832	41.645097	42.890951	34.524450	27.632486	10.000427	21.741276	36.720522	21.763678	19.468106	18.427183	31.075699	35.846176	9.236429	32.524527	36.928095	41.031620	20.590304	25.001089	37.438884	41.922264	27.559741
21.758648	29.637645	40.342132	14.112834	38.026921	31.632911	34.904187	33.284948	39.388993	15.159207	15.007257	24.345690	31.335630	21.091520	18.517748	25.500859	17.568517	15.471919	30.913321	32.817814	23.493075	9.656340	20.267828	17.897642	35.106554	16.782300	14.674009	9.699513	36.514601	26.531756	19.276089	12.170877	15.309712	30.609574	20.882197	33.386638	12.690999	19.686319	15.780839	13.414429	38.629005	9.496149	27.125170	14.168911	35.112742	29.149663	12.308580	16.367092	25.747010	36.759295	19.213705	36.618587	36.526102	21.431465	33.627718	18.285710	25.081364	10.936593	33.584398	35.173609	25.783608	16.160351	34.396218	29.311312	43.597669	16.066723	32.356434	10.801939	28.477520	41.458050	9.365451	20.361621	11.929728	40.601562	43.339994	17.093375	27.519575	37.207022	14.938011	38.496483	18.104272	15.994174	17.456394	16.310532	22.698333	32.016976	37.629492	12.859714	21.979566	21.121543	36.557278	38.900734	23.181828	9.190677	15.182638	9.389488	32.449183	43.446475	37.825679	30.533961	25.338253	9.918340
12.489680	28.813694	24.235389	9.009558	39.228292	10.710707	22.283888	11.594526	37.905777	18.752730	22.199638	16.840350	14.425110	41.986832	9.001430	15.179206	29.981987	26.060322	16.041248	13.353960	28.887137	11.547785	41.220972	29.633129	14.234404	41.279691	27.167830	24.884766	14.371824	32.702732	33.108639	28.223350	12.385157	27.696601	29.101066	24.212029	9.139164	42.449001	31.880441	17.909738	13.241431	30.951825	35.449243	36.047051	31.627839	20.793174	40.447063	18.216324	29.246148	28.409529	24.364433	15.869112	11.699184	17.144764	41.444740	42.103170	41.481108	27.430873	15.699017	39.263625	37.074399	28.347503	34.474383	40.476127	18.200585	26.525386	41.241117	16.463942	19.009307	15.211830	17.256476	24.166079	35.999207	19.795986	43.162100	10.353897	24.056512	16.784930	32.464081	26.914274	20.047558	32.620731	30.513327	30.619424	19.554457	14.084041	16.290658	36.638670	16.130910	37.890361	14.958364	9.244045	32.500116	42.496096	37.785171	31.333617	10.219346	38.614750	12.449347	22.269603	31.879872	39.593372
27.905893	30.392778	43.135261	12.014054	25.703503	37.294502	21.919736	33.142749	37.457367	36.393666	20.482885	42.818362	15.875717	18.042957	17.962163	28.822431	38.620978	39.038593	31.770569	26.908282	20.586732	37.291584	35.812525	24.692958	18.901669	27.926735	41.747316	23.037709	34.343348	17.502945	34.794238	38.809259	20.384005	34.728588	43.003859	19.109287	26.747068	39.084548	18.729727	23.398294	38.682311	26.889427	18.542689	13.337085	18.352877	43.730980	30.900680	30.764449	13.875121	24.310068	29.990519	21.375912	33.376328	17.802219	33.699645	26.807854	31.082724	40.691581	42.380153	17.174609	37.041189	20.355342	11.054336	40.809582	19.335651	37.396790	37.335177	39.576365	34.498163	15.169669	42.591383	31.442516	17.549118	38.565365	27.410868	28.492194	41.513588	16.205071	14.810881	25.673470	22.926224	18.972612	17.509416	41.673513	38.075526	29.407389	9.468192	13.410203	23.948144	28.270906	15.360477	24.177897	21.560244	36.201615	37.450380	24.627068	10.188199	36.285371	13.683776	9.299463	8.816448	30.855487
17.252769	19.107457	37.249195	37.906498	40.425110	25.856129	34.965266	21.663148	19.896634	17.189739	29.637046	19.338864	9.585883	21.449911	37.191032	10.235092	43.332217	40.230580	24.220476	22.723247	37.182133	29.601235	17.292925	43.951646	18.651520	34.207997	15.545500	35.437556	15.135142	16.667289	37.863087	10.216901	29.056784	12.530419	15.018394	11.557623	29.942774	24.852898	21.882345	10.858393	21.132097	35.971353	14.893842	28.698256	21.893555	17.298549	32.107715	17.985806	21.819843	39.214390	43.886796	12.212152	29.594090	24.469060	21.528108	41.809670	38.140119	33.666180	34.390990	39.368243	15.525624	34.680475	29.227467	28.158921	42.610188	18.560345	41.651750	19.139685	37.548158	10.637779	32.105524	16.401307	19.745782	9.085518	19.883126	21.869793	39.518347	34.537101	31.167026	35.744896	20.960887	10.687331	29.026631	13.655822	30.422514	18.309395	18.530463	17.979828	28.547654	34.530446	32.542564	37.417763	42.553649	38.236019	39.465895	39.384128	34.506529	34.929741	31.442228	28.180190	19.409153	20.332452
26.112620	32.562913	42.215375	39.185183	32.242199	43.082564	39.115455	40.518673	17.168378	41.712279	43.692853	13.858203	12.075913	40.770317	21.089691	21.260231	13.070631	31.706488	33.996692	23.613101	42.011242	40.609879	32.769643	34.004271	22.430793	42.134438	23.671585	44.014476	30.784149	27.251388	13.650133	19.746026	38.572137	37.254820	24.859202	25.424989	15.814722	26.526922	28.916513	13.564716	15.889877	31.464291	30.366894	27.744671	9.116130	18.916469	29.769667	30.663208	29.342504	24.007805	38.709443	38.685502	16.405148	23.750581	26.645937	28.506794	12.248666	21.965310	30.992181	10.753682	43.190077	37.426711	38.224699	22.792572	14.453368	15.017757	38.507710	28.484579	11.355175	25.824990	32.269386	43.726596	41.562228	25.423671	26.736493	20.241782	39.709029	33.114027	28.922983	9.065640	42.912840	17.709749	14.718724	11.616990	20.015005	26.538759	17.867903	21.691847	18.222307	25.973974	42.825757	14.019988	29.804601	19.356770	31.616443	38.939668	31.931007	28.112835	16.635555	22.842578	9.201573	37.921010
43.397206	35.556562	22.905363	38.104652	28.506481	24.404381	30.262589	31.553133	21.887896	38.480590	18.291410	29.854739	30.153275	43.113729	21.503880	15.965010	36.138496	28.695693	9.285700	13.999246	21.617238	41.485552	17.978076	39.290996	19.809711	10.712682	12.821187	11.787746	22.679217	32.706620	17.015483	12.784249	42.052386	40.359027	15.209013	16.938998	13.495684	14.865816	21.737411	27.852875	19.287092	16.210594	16.446294	23.097531	29.456536	39.008595	42.101804	34.862980	39.980754	9.846673	34.866756	13.891159	30.283525	25.440445	11.249539	26.206238	17.607643	37.740104	31.983125	11.450232	19.204310	19.790198	37.835644	41.504637	36.930379	10.249568	40.033387	10.190051	43.403550	16.864589	38.979786	22.941897	36.540703	15.656265	19.940048	26.825765	24.414766	38.497573	39.197208	28.285200	15.087090	11.081207	34.958297	24.396071	9.513691	28.850990	23.977483	24.685970	32.002635	43.755277	27.473448	35.025720	9.150360	16.851473	41.317976	25.197440	42.652289	12.485101	39.715018	10.956793	40.676747	38.696266
29.644902	20.624151	35.321403	36.364312	43.928586	31.427785	34.180618	14.556098	39.514046	26.536991	11.688028	27.931230	16.985401	17.767060	9.011504	36.010728	24.386203	29.693361	22.327099	15.144293	43.468132	23.699705	40.748629	16.022674	16.557265	16.376427	14.379736	18.497076	39.259405	42.731607	27.935760	22.597978	27.322847	29.252303	27.301938	20.407666	22.566003	26.715452	27.955604	16.034321	13.143872	28.066699	20.211633	31.246802	23.869083	44.038296	25.580231	24.828042	18.822744	39.373464	27.740826	30.392622	38.539494	22.024548	19.839670	22.622450	12.663010	15.266140	40.541966	29.060779	35.693099	13.963403	24.491181	24.065816	38.553947	42.260481	18.041014	31.026106	27.790467	18.245440	17.094799	14.503969	35.631211	42.620748	41.742141	42.636458	33.955780	23.242700	24.181688	9.503080	11.029054	34.162727	18.624455	27.141893	26.887042	14.565436	41.675850	11.920430	34.352485	22.379697	18.555365	18.161319	13.491719	39.634214	34.466117	31.341661	9.777941	29.366956	24.600922	9.403212	37.013369	32.730420
15.828368	36.564250	41.057416	26.550629	24.467274	19.570903	12.452022	19.591645	41.356870	30.927080	9.025817	38.346941	41.985695	37.608398	30.002740	34.929346	31.149295	26.496687	8.919995	17.953533	29.871964	18.668639	24.519302	38.398051	35.172093	22.815123	41.941823	32.689094	19.933767	17.751693	21.009612	40.855506	28.606895	16.558206	13.024491	39.011349	22.640713	21.206003	36.834962	18.280161	39.911823	18.214333	42.457414	26.710612	11.527621	42.270348	37.009871	21.136409	24.117041	25.494421	25.840325	25.921904	22.269364	10.036224	17.413290	31.897433	40.747128	26.526983	40.547297	15.062639	41.252377	36.875577	23.508099	31.454560	13.950929	22.538275	21.467311	37.981501	21.999716	11.666016	42.528995	22.523589	13.715751	37.070997	34.362826	29.999848	10.099015	11.133879	33.311626	39.126938	36.314105	21.984040	28.229133	12.781115	15.384285	43.867142	33.077423	26.663158	21.612441	20.896383	36.162472	18.273625	39.358292	35.934019	33.178457	13.348431	40.589047	13.094507	20.847291	12.414736	41.911736	31.904364
18.399205	37.076394	31.926894	25.437103	40.625609	39.296470	10.068757	18.319991	17.245056	25.788226	43.960851	18.836143	21.188006	14.880893	27.848663	22.480023	36.612040	15.011750	9.307020	29.622327	32.042837	35.478916	21.368412	13.437571	35.042798	26.461370	19.022572	43.439192	31.419183	13.023999	33.060575	27.298911	11.302591	37.999162	28.221738	27.970967	24.656094	22.909918	24.553843	29.546009	10.439079	40.002508	38.399671	32.167845	19.544169	34.146713	28.176621	29.854700	21.703143	31.526275	17.675047	36.505742	9.501904	16.263159	39.683208	11.359161	20.520929	40.889112	12.163718	15.708680	39.305145	29.944120	41.801514	36.092738	39.627997	43.141691	28.662971	8.840541	19.350059	8.852847	15.440769	18.144107	40.814063	18.950842	14.264461	30.705540	41.957952	33.989982	18.599287	41.171700	33.172384	16.362339	9.458928	25.863680	37.297806	32.071373	13.469787	35.881108	25.702071	16.207625	43.206183	21.437433	38.073020	22.280991	12.047789	19.517488	32.216817	37.859263	33.458895	17.775652	24.431119	37.633865
40.401475	11.660398	18.085331	42.247396	16.040747	12.368580	35.911995	25.269557	12.250341	31.104961	29.840255	24.003887	9.312591	15.135706	26.176669	12.112913	29.903490	28.228073	26.469592	30.905026	16.297163	15.682464	41.395437	22.495533	9.921275	37.150144	23.433892	10.279714	10.019555	42.086579	42.196005	13.943789	20.495380	34.655325	25.165584	10.459234	39.279571	13.624082	36.693712	38.572728	31.348553	19.882849	11.952058	21.331650	19.478832	41.116061	41.340439	29.291453	38.666921	43.371655	18.558170	39.968122	10.693091	31.419963	39.148824	33.287961	21.009386	29.623876	19.263377	38.469580	23.806997	23.505742	8.968638	25.992565	29.075163	27.208473	36.862766	32.661062	13.866433	41.251363	29.178518	40.889399	20.083405	41.898628	18.748254	13.740325	36.076211	38.489367	16.207212	23.138139	41.112306	23.383250	9.868178	13.143154	39.787962	35.875692	14.291986	15.852459	30.570530	12.461038	28.776554	12.514131	27.609393	23.106040	19.167752	14.030104	33.181898	33.447419	40.506254	19.856665	24.675064	20.208043
23.358305	27.950382	28.315878	29.983900	24.995387	24.884741	20.564962	26.884753	20.524444	35.421331	30.015490	31.338608	13.963243	42.215169	27.327346	26.203216	12.166812	36.210864	24.167768	40.474297	42.032680	18.632374	42.724395	20.355295	33.301935	43.964162	26.670298	43.314773	37.734538	19.773052	11.079650	35.775312	31.323510	26.623026	32.373599	36.269428	18.380416	26.234779	10.665160	12.241106	21.413536	28.109220	25.345522	9.986001	35.747653	37.474005	15.810401	13.836954	27.910894	38.318195	29.359953	43.012028	11.513528	37.136239	42.660780	36.842118	18.808424	38.104950	18.062658	17.405107	39.767554	32.210420	23.010459	34.318966	21.362936	19.841850	18.767579	31.644964	43.804852	26.541027	16.349088	36.034715	28.037742	33.257245	10.256570	10.327489	30.156641	30.562647	19.164667	35.359605	11.718983	9.777155	21.376577	15.665835	30.290864	41.651626	34.083630	37.476562	31.509555	17.812815	9.600816	10.200924	18.967221	29.147690	43.664063	14.397370	43.482883	10.030076	11.747730	40.134687	21.621406	19.888582
20.252438	40.548746	12.454074	31.471830	8.946798	17.797186	27.436047	23.366472	14.169661	43.665136	41.458846	42.876117	35.339674	32.339161	15.435449	15.787507	34.683478	14.044101	36.149836	10.712365	9.287932	36.140304	30.091069	40.281448	12.107247	20.501125	36.617207	28.367092	11.338595	20.055046	30.457873	23.274177	32.457092	11.906895	34.077967	32.925559	12.936539	39.378792	40.285370	41.594390	15.978159	25.723187	40.540839	35.003562	34.933897	35.551953	31.113093	31.435296	21.543655	20.494630	41.269546	28.461092	15.849405	22.515080	38.922715	10.331135	38.490146	22.929256	27.464049	38.221655	17.877533	11.101851	41.014590	17.818048	34.240140	9.871067	19.804637	43.245467	18.273382	22.014765	29.556388	37.978793	42.964550	9.338687	36.156181	11.451119	18.675004	43.785197	10.307897	38.237718	39.650893	9.774670	32.466075	40.764642	34.149084	35.159552	9.067348	38.947720	18.594534	19.879447	17.024731	33.613306	26.865061	24.239493	20.441182	21.177468	18.693302	40.117615	15.493017	27.832802	30.665471	23.154705
11.548702	28.620393	24.651435	13.907077	14.486202	34.829747	17.060896	39.568585	19.739935	38.290262	24.187898	19.148548	39.908157	36.409658	32.030555	9.090432	27.945853	35.555410	12.493665	21.932984	22.045790	22.895356	31.959490	41.491805	40.433762	35.827627	34.492516	23.065574	21.260396	26.012035	30.799136	18.152785	24.692135	43.820716	37.936257	19.658229	25.447664	26.137597	40.584008	33.928909	29.154666	25.355661	31.629477	36.518561	19.391309	31.262534	28.255533	12.076428	25.798583	39.753670	39.236857	34.424771	33.004203	39.774834	10.026637	17.705277	9.016228	37.612463	10.868149	17.372873	12.888116	43.453992	41.546143	29.935456	28.896081	19.908975	40.029087	21.979123	16.496523	15.752584	28.319421	39.656524	38.004176	35.016205	9.916698	13.575768	30.574681	32.613287	35.905747	27.961001	42.285099	36.337623	9.470645	18.583429	22.315947	40.369297	38.730598	18.203203	39.975434	13.532830	37.202107	36.211928	25.380195	23.170062	9.333979	44.008689	16.825343	22.068683	23.076149	37.700807	31.405954	13.476705
13.973992	37.015397	13.200761	11.645468	35.947349	16.684305	27.943522	10.911998	35.173615	40.013826	27.735581	33.183478	9.272545	27.895085	35.514333	34.098064	33.488374	10.839300	43.577040	19.818481	40.650487	18.682080	23.719281	32.162742	22.503765	26.171484	24.533338	19.478384	40.914610	35.492129	32.965390	22.227625	28.640458	37.572285	35.757194	20.565175	23.135389	34.206624	11.215560	15.481504	10.770942	19.723726	10.125248	41.733922	22.528854	29.788575	14.864193	36.829513	18.859977	39.740925	9.643903	39.889599	11.607188	9.868008	17.493338	36.440200	25.562951	29.796195	40.509356	26.621348	26.693718	13.091260	16.014948	25.535455	42.751086	28.160837	24.877152	29.880490	37.232248	26.076164	22.296542	13.093450	31.957132	22.317737	20.378202	33.941470	16.251044	35.234904	12.578502	32.243417	16.431273	29.190580	19.852278	39.424067	10.060802	9.514841	40.752470	22.000271	27.072227	16.448989	30.876990	35.553263	17.918729	40.230371	34.636170	36.121076	22.124382	13.206570	11.898940	30.779068	17.340206	35.453756
16.969765	13.705577	9.118603	24.792178	15.935890	30.809024	9.446385	13.289504	16.170848	44.003189	9.603919	34.010300	14.758266	18.418651	22.366971	19.090403	37.353137	20.840058	10.276639	43.478869	10.587791	23.940654	23.852738	16.097232	22.323029	24.133249	25.992127	15.541594	22.886897	40.654157	16.672620	28.463171	12.153707	30.475667	40.360261	20.120966	24.554826	34.698317	37.841122	38.856734	30.726778	26.404782	16.261272	24.674790	34.828099	41.221021	29.240981	8.977419	13.752912	38.104953	17.789370	16.008525	18.751643	30.779809	22.613510	41.213307	19.997735	14.193493	22.036050	27.721556	30.244020	19.416242	22.959485	11.293406	34.060167	18.357826	20.377852	21.416523	32.272850	32.413084	32.894316	32.913084	27.150470	32.192166	11.344140	15.152430	42.401548	43.230824	28.992672	29.233606	32.650032	16.253477	36.814096	10.260015	43.505926	17.984282	36.084810	34.068860	40.295593	28.823015	30.341763	28.612161	32.534153	31.617995	19.846068	13.396789	43.216071	10.311506	9.666463	24.608391	23.528414	28.374555
32.636668	12.623856	36.018425	24.451593	33.077662	13.022049	22.818959	25.751787	14.878376	15.960128	19.039932	15.881790	28.102482	35.672863	16.206397	33.482715	21.417615	36.783285	28.876207	39.191997	26.082966	16.391077	32.234934	20.129312	17.700728	41.459177	34.684555	27.757169	27.132172	18.418230	19.491329	23.142757	12.014058	29.349769	27.930658	31.593934	37.363271	27.138684	15.163985	15.751858	16.488694	25.405062	28.263227	37.452710	17.751370	13.473185	19.539068	39.061652	16.185565	9.091749	18.684402	37.257715	30.273263	22.712215	23.828230	41.450158	24.506566	9.084376	35.451505	19.214594	35.912947	31.938775	43.071397	34.649182	11.849050	37.720153	28.058673	29.124620	15.975731	12.575369	25.458065	16.324636	19.537897	38.453432	41.187226	18.854080	35.600790	28.730373	23.021784	37.799081	16.892551	28.555753	13.499676	13.136348	13.724535	25.343238	14.042013	15.870567	17.401991	17.225161	27.422139	21.581889	41.620287	10.849239	40.191845	33.552692	36.956908	23.979976	12.395708	12.732575	20.906798	15.021289
13.815769	39.225374	38.454851	27.780866	32.222559	23.360651	24.593937	29.751305	28.670888	25.886127	13.819985	11.731808	18.601350	12.942137	32.754984	10.576528	28.133423	26.373837	17.698309	33.782040	18.251706	25.989452	26.379478	25.132888	23.492798	10.222132	19.970048	12.056538	36.442943	36.916114	34.281178	31.260374	34.178537	18.254743	18.480435	16.515404	33.476706	29.623503	33.355316	39.683867	39.075299	25.797291	42.811261	39.958292	23.748839	14.515396	23.715035	29.143437	34.209866	34.533918	8.819604	41.323131	42.387791	31.292129	27.248134	30.969602	27.302916	24.548006	33.973293	41.662913	22.994832	35.644781	20.752707	14.218777	13.583511	40.771854	13.746946	21.537146	33.136543	14.612469	42.626893	17.769372	8.845816	22.108299	15.453816	9.091489	34.624120	31.129854	36.203188	8.833692	19.538505	23.596458	15.777291	36.555243	35.986654	41.061814	23.112690	13.122912	26.208307	27.758019	39.676136	39.366594	18.331421	41.301316	25.305076	20.401131	28.333208	28.758301	19.187060	20.895856	23.331896	26.814556
18.201647	15.654233	35.938021	29.931750	27.377304	23.409337	15.178912	22.133492	19.922930	11.797529	38.921019	32.925044	16.687914	24.615592	18.771542	19.127331	20.605030	39.581119	15.672826	13.187233	33.083074	24.404593	43.280444	12.761143	37.094016	12.270142	18.121242	26.144522	10.124849	25.957498	35.661034	34.022707	40.863898	36.113349	16.651127	37.096887	11.782513	31.823652	28.593805	24.611835	18.179584	21.851569	17.646027	41.207255	39.882609	15.665995	27.774569	15.801829	29.379871	21.089275	19.922645	31.785659	14.992159	35.595935	23.118962	39.553638	36.688770	40.159737	23.494213	30.067395	14.621113	13.101248	27.872533	38.653207	17.650102	18.226310	24.553278	31.018227	26.719607	28.707625	24.869433	31.785095	30.426934	20.361528	36.299859	24.608405	16.999179	39.604018	19.789066	41.108130	35.832945	28.734610	43.724932	30.858233	8.931849	29.416646	29.655325	15.103686	39.325168	32.113920	10.721317	25.102773	9.926073	39.679218	33.625208	22.913596	40.698251	36.445543	38.044766	39.033948	44.000192	36.115772
11.159614	20.643164	43.755311	31.594489	35.792739	41.399078	11.520283	37.064680	32.626661	32.896510	14.839254	41.770699	19.450083	35.340734	12.001110	27.306706	9.837063	42.704168	21.057897	14.464870	25.161731	33.495202	38.423334	34.466208	40.426434	20.192727	32.110738	20.654352	9.644095	26.853465	12.938405	43.014901	20.232414	20.113735	33.149242	28.757346	29.410396	41.008890	30.854233	29.663687	20.234727	31.858529	15.167018	11.847206	23.684744	26.883069	23.945477	14.694464	42.550411	24.640113	16.592719	25.536907	9.062650	15.839715	10.562287	17.066865	24.382092	26.555219	30.556360	15.578677	24.560731	11.789041	20.191108	39.433198	41.759725	23.153876	16.583348	16.148471	25.068186	11.286898	36.183107	26.888382	22.745021	32.560650	31.241034	16.845826	40.024335	23.548602	12.347472	35.852857	37.145648	25.897097	9.128519	35.717934	18.398182	10.446323	39.902037	28.904466	23.255061	28.070267	37.790687	33.362586	21.838784	36.073531	11.802161	15.152020	29.176718	37.612646	32.317892	14.601085	17.729766	12.570486
27.593016	23.589343	31.886961	18.405585	19.158712	12.216731	9.616803	29.579941	19.159908	31.268899	19.695897	24.911909	31.791273	14.311065	36.036058	9.659539	17.847008	15.463346	15.919160	12.617128	30.152072	39.792481	10.613540	39.039087	41.724663	24.365618	44.021800	37.350585	24.200058	23.498511	33.424976	9.133768	40.829177	11.645013	34.320736	26.524532	11.590485	37.814391	13.206347	32.017802	29.322135	39.722404	16.194034	39.549247	41.564883	35.925584	16.191151	13.091937	11.123102	18.232898	26.166925	12.216034	21.059725	13.902889	16.359033	29.044232	34.763760	18.915992	12.503267	10.829661	17.907367	34.254468	34.223249	10.024129	10.233941	10.024151	23.607533	39.573290	32.175076	28.535870	28.925591	21.235014	18.317144	9.113897	42.775520	18.274090	43.575586	28.966032	33.403619	34.369402	10.613984	41.046915	43.809612	26.314363	26.257671	8.912875	34.382282	28.857171	12.634505	30.848623	11.731292	20.199643	12.219153	16.166185	37.623960	36.876385	20.119559	12.561469	24.803082	10.209809	16.705528	25.939861
14.790201	35.890027	32.457186	30.130778	20.143629	33.502575	25.658114	42.209237	15.317838	30.721211	10.287469	13.885018	30.187717	29.512429	26.434247	42.884672	14.105356	24.012428	28.226527	17.679777	35.475780	38.270861	35.404501	13.838866	30.430472	25.413761	38.354856	13.625180	36.774138	34.347058	41.556523	9.730664	38.930285	26.712122	20.536189	43.309087	34.458918	15.829363	12.463377	43.767271	28.362236	13.544161	21.044197	24.853434	24.649356	24.352279	23.167973	28.664837	39.443464	42.827621	41.821235	39.963642	39.427889	32.233824	39.727090	11.643233	31.204027	22.876411	43.920004	19.150423	35.312852	43.491017	42.324046	9.043794	26.771541	22.371555	41.311167	28.531611	12.856626	32.955749	9.233521	24.601175	35.104817	20.098986	17.942778	24.524876	21.017336	33.210133	11.167197	26.313343	15.440212	9.645907	29.506562	14.436814	39.765482	9.519112	15.496682	17.368081	14.206685	23.354310	23.452356	36.033825	24.584560	35.321691	27.508369	11.254481	13.561307	33.870343	33.310919	31.575329	37.393096	19.227697
29.093163	12.683570	33.256235	13.357258	14.287479	21.287421	26.643448	11.065085	10.005703	16.860211	32.190616	24.678729	41.178699	13.905257	11.366362	14.136314	31.076415	39.731904	35.307693	22.712947	27.406301	22.582372	14.291001	26.190782	12.391371	30.748465	43.943116	30.950222	43.781312	40.641649	29.337998	30.476378	29.393858	26.195570	29.914075	28.058181	31.343801	15.854315	38.724723	25.616421	25.052310	11.332156	15.725922	43.058679	33.233495	30.181695	33.432784	25.971409	10.226282	10.706905	33.921124	20.563930	11.487096	18.842958	37.197882	13.985795	39.717936	35.819445	31.590645	23.032369	33.659606	41.642810	39.332875	25.287948	18.242626	32.059630	19.132304	16.532986	25.599209	23.667762	12.786480	22.146477	11.026877	25.127333	26.409717	15.003930	44.042677	15.022404	10.226443	17.169610	34.046602	26.445601	23.335350	36.498118	16.412051	27.767535	39.922302	30.979559	31.345021	39.690282	25.932388	37.905348	21.855784	11.196868	37.416116	10.793433	12.440524	32.215717	30.354510	34.876858	33.684757	44.044685
30.324832	21.959499	38.845476	24.074984	36.889528	24.715126	43.729464	29.693971	40.954964	34.690134	10.791670	9.337437	17.789560	34.605281	27.659730	12.278042	24.591609	39.205217	25.063673	35.448035	36.325458	35.478236	26.167525	31.188198	42.229134	27.645125	14.871309	19.151896	38.077503	39.136091	33.126114	9.112169	30.170702	18.689534	19.009712	12.597638	31.630366	37.690574	42.242284	11.919532	35.079691	35.440101	25.257093	24.950331	35.120209	16.792456	23.164490	29.105418	37.150907	19.371260	23.478144	14.112698	20.253064	35.908732	16.556402	10.705031	25.789678	9.814004	25.292209	28.604253	32.955013	12.993905	31.016338	35.418608	17.623663	27.255718	20.830709	27.123119	31.063939	43.560248	32.128579	36.362585	43.287204	39.095914	39.484634	34.123879	35.231059	11.862242	35.556965	43.981155	39.097478	24.059428	39.263416	38.017987	36.089867	14.457693	35.238338	33.484170	19.769772	16.275875	30.452418	9.726179	33.940631	22.931111	20.098744	11.189611	22.603951	11.054018	33.610274	44.000283	36.730444	23.297793
15.974922	20.682978	15.899537	15.384934	39.215787	13.018790	33.008509	26.119007	30.583252	21.364651	19.809980	26.876684	31.490094	36.747529	42.102426	34.651568	13.375502	31.211594	18.079281	19.505536	25.065339	18.726139	25.657453	38.117072	12.590112	31.185281	18.248249	24.909902	24.138102	42.141350	16.989567	22.703153	21.223449	10.301922	39.459272	25.255161	26.064257	12.852213	10.189759	16.821941	22.844896	12.546825	28.929769	19.743702	37.882017	13.745294	32.550323	31.449548	15.449018	20.806661	38.068863	30.636525	38.790249	31.698221	22.497272	21.204168	15.452408	17.568716	25.410893	15.440445	40.017983	12.067685	30.288633	30.512557	12.427223	18.085007	9.690581	31.954601	37.151774	13.935985	30.873167	42.244032	20.257332	19.677787	22.085408	17.935190	9.931783	42.473421	21.852051	11.081303	35.522319	32.465197	43.253824	34.281827	28.925378	13.579616	15.416953	32.510734	10.099527	15.689351	37.549359	17.759328	37.417150	12.066252	29.196715	17.971460	27.404972	23.123514	29.134386	31.400417	33.559538	41.756852
14.081477	31.613563	26.075051	18.064959	20.860334	42.059844	43.297542	38.186522	9.920524	36.859384	8.973803	17.421389	35.398665	41.844373	21.705522	22.562767	21.287448	38.654296	31.642144	10.372378	37.582531	21.980455	23.180267	28.136007	12.959695	23.825242	20.209531	28.255494	34.393343	13.935803	23.471075	16.537274	10.373464	17.682131	27.237264	39.014584	43.783734	31.719351	34.128042	40.511368	31.819185	37.650123	17.147710	35.464515	31.720913	40.936772	26.459728	37.419973	42.106567	28.771173	32.573116	28.350336	33.968811	30.115273	31.966439	13.187170	34.967868	31.162024	16.053289	36.367902	22.750146	29.076800	25.773094	42.796155	11.201070	26.302624	41.570041	30.919201	14.343579	20.921511	27.412148	31.269202	12.906171	28.213178	19.415125	17.625411	41.517644	30.012615	42.649299	18.005893	40.245664	42.368010	10.847355	42.490708	18.523150	28.084066	43.628202	42.561064	20.628641	10.870432	24.898420	43.516258	30.581660	16.615982	20.948385	29.735661	39.266850	26.059040	13.540902	30.655164	10.569564	39.375855
33.430389	35.468955	10.345604	17.915522	17.467251	34.373110	19.255456	28.821667	28.971971	8.857006	41.366079	30.388458	41.781943	26.539631	22.906123	24.164485	24.165528	39.005996	28.629477	29.802419	27.521169	20.473720	22.987887	28.164405	32.142279	42.739048	18.458209	42.318975	21.568557	41.828209	29.337985	37.236486	25.513450	16.191384	37.534231	29.657579	25.336618	33.354047	23.427617	8.901950	29.565402	34.233201	41.757806	22.085748	36.903872	42.135609	28.941422	38.862183	31.648838	36.172120	40.264162	10.995026	15.454899	24.400242	15.383529	32.961805	10.752181	29.317030	41.466246	28.407997	24.695716	32.183619	33.708160	39.513428	11.217644	35.204448	23.148894	42.375912	18.939698	34.571244	11.568322	16.199321	34.782096	11.923775	39.892711	36.310926	28.162265	38.825668	15.694684	21.878212	21.238588	20.927488	14.580066	32.875795	14.976820	29.432637	12.904288	22.917500	31.734107	19.101862	26.745292	17.169155	11.723040	33.190056	33.615585	24.555732	41.934818	9.346480	16.483993	26.287346	43.407968	28.411174
29.507310	38.105728	33.468580	9.793780	30.726639	9.148764	22.321141	21.894352	29.030879	30.739539	36.742774	10.736894	14.473349	41.458382	35.162222	25.811462	25.120680	35.925606	32.340705	19.559352	29.053899	37.428000	30.989897	43.744859	15.829582	36.784120	15.008694	9.962356	39.363311	15.364862	32.124776	14.447679	32.698230	29.272585	17.604261	14.131701	31.202654	9.934781	28.909769	39.684267	20.767299	28.233183	13.324079	37.282181	21.178235	42.150298	22.589184	17.254386	14.095272	15.173980	34.210621	33.768990	32.230728	10.918886	35.865613	34.328086	34.638768	14.664553	23.698876	23.798993	36.218251	25.361442	38.250155	22.007051	21.308809	21.437500	40.034858	11.020608	23.622653	15.321392	38.391920	20.545873	29.003798	19.043179	23.301971	14.610350	14.569141	29.773332	36.168159	34.756981	18.309911	38.584568	25.864908	29.430598	24.568940	22.625286	36.885151	40.364664	13.665688	32.727233	15.582118	12.087557	34.325306	24.881328	19.520006	33.057071	25.096295	23.636788	19.339600	9.603416	17.881257	43.346116
35.117344	41.352601	15.765623	38.407992	12.148448	10.971752	34.010516	9.090420	34.869811	30.492872	31.106349	31.106217	25.509209	37.974928	14.700096	33.260207	28.314720	35.076176	11.238530	35.247004	15.042246	38.166272	11.002757	17.117494	14.626415	37.523345	33.998225	14.610152	25.057000	21.396197	43.257321	36.693104	43.159866	30.832561	38.362314	35.180003	12.492939	30.485723	20.700989	16.512813	16.397949	42.793145	11.932463	30.890447	24.317849	15.537345	9.569801	13.811365	21.219173	43.681172	26.592208	41.733624	12.550351	40.862266	29.486048	26.234988	10.382835	24.697000	37.217760	37.571238	34.147741	42.172912	13.483360	34.419683	25.984986	19.464241	22.927689	30.736707	28.694765	33.389252	20.914371	37.568017	16.304525	38.435068	27.262522	24.040824	27.516108	24.265812	26.311746	24.304523	43.205665	43.016892	31.345447	42.129046	35.047602	20.247784	35.356052	22.839587	27.768401	31.368735	27.946342	41.932742	9.620033	29.967921	21.325072	27.716363	10.528105	9.242615	24.070363	9.235699	20.556819	8.877277
38.358180	15.065707	24.243565	16.234590	38.972728	36.960271	33.788256	9.192684	14.856608	33.149174	30.923811	33.063496	33.071542	13.846085	24.895565	26.865302	26.708405	16.042016	12.775001	42.881229	12.693731	43.404892	15.771034	32.305273	10.691278	38.914825	33.983767	15.879629	30.496827	23.519110	23.903723	38.234286	25.718953	29.087314	24.754025	30.119496	13.403743	31.049828	42.216822	23.137515	42.956500	24.724223	44.010715	18.210054	42.601797	29.737978	22.132665	35.767590	42.206044	31.920217	21.153454	11.100586	9.634230	29.265041	38.585856	28.705208	23.700809	28.482244	23.445493	10.481860	11.232186	35.271957	30.286421	27.483757	22.930009	38.965716	27.969781	41.605008	17.334570	41.682220	41.504818	40.234207	30.807012	25.332921	12.754845	38.524675	21.523296	22.815347	24.039690	32.290022	41.755762	38.002853	9.443520	11.654724	9.002825	28.647901	37.678502	25.028481	14.875847	42.025295	34.743507	31.495847	31.634863	42.872395	39.847473	35.515785	43.931722	18.199117	22.882867	14.985968	28.362120	32.656645
30.820236	39.293176	20.208913	16.383506	12.270580	11.726188	27.064580	16.860117	26.521778	10.175761	14.429897	41.028150	20.594680	26.629188	36.245341	22.050559	10.524904	37.857125	28.237629	21.302243	25.704964	10.703214	39.089432	33.004441	41.335793	35.474123	40.392475	27.451315	37.090160	41.061220	31.483699	31.835589	23.932349	39.347233	15.074213	38.628530	27.317144	25.699142	30.747254	41.475633	42.090845	10.399111	35.490282	35.788317	23.619464	28.138308	25.733088	17.456490	25.849888	33.099136	22.845214	34.233516	42.603866	20.444150	17.406435	10.228912	15.543517	15.986605	15.983503	33.970641	40.172548	10.605747	31.292672	13.999698	33.727420	22.676398	33.561774	31.682175	14.468082	43.542105	27.229747	35.345702	30.198397	32.360195	22.219105	38.569023	11.647734	40.827473	22.172591	11.720231	30.384175	36.997740	29.466259	31.169440	30.417199	33.190551	37.274907	16.557519	41.478258	29.029697	9.744087	9.698686	27.144700	29.203836	17.647069	26.922796	16.065926	31.608109	20.553368	33.057927	9.456466	29.271269
