8.662650	28.097559	24.505615	16.888627	29.669175	29.501805	29.238635	33.064284	16.716641	14.962766	23.770619	12.963193	9.987063	28.234978	27.647492	33.622637	25.096251	27.924960	36.373462	34.739840	12.291793	29.785336	24.634722	26.933349	19.528034	20.157847	25.235306	25.067176	25.460489	30.048247	34.926429	20.920009	31.992792	28.571302	28.935187	29.176504	27.717328	8.540855	30.621151	15.999341	18.723460	16.305209	10.868545	35.797935	16.973757	9.952807	17.438912	24.166262	17.546347	15.178670	31.080147	21.208912	32.252649	11.031945	35.490293	31.067662	7.709780	8.664703	7.899037	27.202614	33.103410	35.429537	24.167401	31.946134	11.221139	15.118920	29.821581	7.650507	17.326971	15.755516	31.014922	29.309360	24.213647	12.824496	22.502257	14.161710	27.483990	18.731750	25.699871	10.987556	9.745941	17.999250	18.894589	29.062515	26.892503	18.860641	24.534548	35.365523	24.310253	8.414020	13.594533	32.521990	19.652359	15.230332	19.843302	30.868107	29.040100	32.481067	22.662050	35.381086	16.569564	26.165468	19.798181	10.396379	23.572610	29.130563	11.071173	20.680003	11.294839	35.092575	8.825189	25.094218	25.155979	27.221857	33.475438	32.430728	37.387579	24.332119	17.058527	37.501215	14.298820	32.308214	23.967373	29.952407	13.209121	26.289208	35.848317	31.811924	23.389987	8.126880	26.004487	13.719506	37.007844	28.734435	24.884098	32.276750	20.396922	34.794850	21.317516	8.661256	29.785168	15.461815	13.643126	29.226400	33.994008	19.805792	22.526099	36.023341	23.330826	8.578263	10.583288	14.595528
32.227887	20.485926	17.272461	16.939300	21.006471	19.829708	21.880559	11.436213	26.400469	24.287629	25.502778	25.394729	19.912068	14.335277	26.149378	34.713817	11.013834	23.401373	9.670424	30.038966	32.253831	18.349652	14.443247	20.721942	36.241589	18.678251	30.211043	20.546960	12.039719	18.108053	29.475852	37.116277	25.453233	34.294648	13.039504	16.528340	18.666542	19.546408	29.198996	11.415905	15.864269	16.554822	8.644400	36.332502	18.725005	7.814305	32.908859	34.255592	16.552674	16.445499	9.427251	12.306208	28.080017	22.027613	30.557650	19.141846	26.762938	26.812866	22.110041	12.697572	13.691405	27.661178	34.166000	31.858370	17.159336	25.600857	28.354887	21.506339	37.367997	24.094148	8.011642	30.032562	32.178052	25.304584	12.247851	30.844374	26.785631	11.527955	36.401158	17.201479	10.920530	17.339053	20.536081	27.318512	23.879610	26.758370	37.428640	28.208973	13.970242	10.296120	20.126368	7.744393	34.497574	19.660093	19.641570	9.600301	29.099355	21.512703	25.827604	8.270921	10.157723	20.682946	22.402821	26.940103	25.473675	32.354211	25.495588	20.010608	9.304787	31.782344	7.923091	35.712686	22.486133	15.132656	36.060556	37.167022	25.975825	12.434577	19.889140	17.582823	36.227124	12.843253	37.635604	33.756324	28.706841	35.346826	20.000460	9.869821	23.886034	36.801672	28.288581	22.788361	19.873165	16.552426	19.432378	30.927444	36.208813	29.271543	15.326924	14.451552	28.866557	14.908000	18.899347	17.863320	21.751838	20.231922	18.556118	30.277192	31.050153	21.222513	24.349897	14.448910
21.844240	29.740233	28.810621	22.235427	31.205590	12.802057	14.895984	37.728679	29.241438	19.111539	23.955480	10.051592	37.209547	29.409343	25.253258	27.166178	26.954798	34.651057	11.868095	20.551211	28.237354	32.621142	36.298875	26.563646	28.612080	9.836410	21.659567	8.584787	25.118741	34.561992	13.614524	26.491056	24.130541	16.496263	34.682855	34.759114	30.889704	36.195038	35.562314	26.020874	18.054518	7.890003	20.705767	12.715588	21.723038	15.610371	10.028515	13.877893	30.164797	18.540448	35.879502	14.551801	31.908257	15.006451	12.010316	22.260014	28.744882	34.513536	19.465373	34.751481	34.966668	19.440338	23.163925	32.009817	28.464550	8.772208	21.138213	11.299388	21.914828	18.166379	31.046979	8.544959	30.992371	32.253215	13.198026	11.879451	23.102311	19.345877	25.042033	19.221420	33.634504	15.767096	28.289412	25.942196	15.580515	16.643159	17.476841	31.036036	30.494749	27.344651	19.293377	27.172392	12.086218	26.519196	28.833939	31.856791	28.337379	24.190993	12.700434	28.449717	37.132713	28.034310	25.790934	36.704208	27.951092	23.185424	25.889149	18.841306	11.660708	31.119020	29.885512	14.880401	28.442816	9.928235	13.374217	15.127430	11.470418	25.049257	8.297018	31.936250	14.518950	29.780190	9.462652	16.629071	30.818713	19.118493	25.544397	12.847268	26.338778	25.191843	10.571027	23.933092	27.682688	26.238617	33.491309	31.802097	31.208126	19.406899	25.994454	30.754311	37.448161	33.102707	13.521595	17.601850	26.626970	21.258072	8.013835	20.127784	11.834621	19.856335	13.136044	17.045781
29.311520	35.644693	11.348082	10.644608	32.661086	13.594909	10.494559	21.700987	20.535952	14.426583	10.843564	8.279405	37.535854	35.939173	35.317065	11.955666	18.044869	11.390327	23.165534	7.906373	33.182547	23.835661	33.281915	36.750306	26.219168	17.113319	27.424438	32.251154	13.345293	21.587551	13.000992	34.484242	28.024746	31.398582	18.858738	25.385355	35.566189	12.719221	29.192366	33.646993	29.947232	22.795284	13.228758	29.938946	35.580986	26.535837	13.337369	31.022526	30.023034	30.372800	23.017393	37.247957	34.778922	10.522885	14.039005	23.255427	16.975534	16.611815	15.321360	28.907091	9.981751	23.972171	31.741771	22.533770	11.493164	28.089898	18.047935	10.246130	15.159176	17.598339	13.095370	35.283275	29.243633	14.168209	33.817016	37.670591	8.510974	28.899309	16.096057	15.540075	21.858687	14.395088	19.419752	18.467138	21.927570	16.226611	25.363776	28.477154	21.141523	19.831258	31.940729	8.420143	15.946873	32.500862	18.494386	32.765620	15.646317	13.199540	17.453382	28.069623	32.695985	35.833860	20.221859	23.693789	33.401651	9.444706	25.704308	13.634483	32.200748	30.125094	16.061030	37.345082	17.899573	8.063376	19.006242	24.252187	17.881234	19.630259	12.529757	24.536296	36.575365	24.052403	36.673684	32.969742	22.095533	14.051823	15.730095	10.244003	7.581537	17.552205	34.770019	36.721006	37.100018	34.385994	35.984669	13.157474	13.802554	16.929224	19.615093	13.300403	11.581430	33.535034	37.633928	15.738418	7.855438	16.668142	11.074228	10.709862	35.253303	31.475203	23.719754	14.958123
31.300630	9.940629	29.570152	15.014656	20.063393	23.060688	20.730883	37.207565	21.541523	19.395641	13.710940	32.183306	23.965462	28.880180	15.067921	10.772784	8.246380	8.002687	28.423165	12.079086	12.731330	10.041395	31.754769	27.337641	20.214823	31.971003	25.700706	20.534809	29.504122	27.763695	15.279796	37.792584	15.901735	30.364392	17.594550	7.669824	20.160723	31.776899	33.948125	33.104807	31.272007	16.175972	27.203238	36.740001	32.494036	37.456830	34.471527	21.749507	28.921336	20.513763	15.055155	23.555631	28.712574	28.907682	25.337406	15.894364	34.098543	22.610305	30.539532	19.900700	16.609473	9.339062	16.352630	32.222753	21.082637	31.464630	19.274712	34.304027	14.914881	35.369909	9.006266	28.167036	21.275856	20.701688	21.457154	24.999252	22.563587	29.742401	29.291334	11.618578	37.505534	19.658031	19.699055	16.224564	12.045539	25.031449	28.046892	33.518543	34.757899	12.110332	26.483299	33.871628	27.224251	33.143468	26.865620	15.093114	31.781093	11.948482	28.925365	29.728815	33.292955	25.378152	22.482498	28.061959	16.230117	7.716679	17.163562	20.600139	15.627239	9.152367	37.469628	26.280633	26.696618	12.458734	8.639176	29.266069	29.515057	27.374918	22.465318	21.833489	37.768155	17.186252	37.496217	9.293191	22.147258	9.800843	15.351657	12.931110	15.093029	19.066926	17.745120	25.142662	33.597106	29.800110	22.884536	27.749426	35.607338	24.206078	34.360336	21.567750	13.136851	9.844733	36.377779	10.972954	29.730320	19.309250	26.298003	34.894901	26.005042	28.369234	10.565426	8.602501
36.860986	27.714720	23.239154	24.342226	15.242597	24.267103	34.255003	14.192403	18.500156	20.039335	22.812946	9.801154	8.874972	22.259063	18.852233	27.596669	20.287903	11.616913	7.957422	23.879686	16.737687	28.494019	14.069739	10.752461	17.906690	27.183532	12.573357	35.952028	30.311000	12.875007	10.732486	9.331508	9.190174	14.902679	20.699501	31.763023	33.657812	10.621935	23.226338	34.380635	26.506061	32.329238	18.683571	14.077885	37.252724	35.104844	28.479874	27.312474	23.595992	11.332714	7.715762	25.857779	8.802706	31.682197	28.737847	13.097885	30.808852	12.358729	11.933906	13.406364	20.986412	37.674576	18.637407	19.751764	8.910501	37.737709	17.616100	14.808950	12.021052	12.114527	21.921699	13.562124	18.367356	16.219002	21.522455	24.799420	15.598222	10.626332	12.154227	15.553426	8.832433	33.818540	20.375505	17.016445	22.553329	9.413708	13.193464	27.360922	16.835614	26.292920	10.662469	32.263808	23.488846	30.843082	11.496112	27.512766	34.716047	21.913623	35.511018	10.906383	24.545459	34.569218	9.360835	9.589929	19.899196	12.902007	37.060504	35.489432	28.362279	8.315011	32.128819	28.068631	34.201544	12.832546	11.938499	19.767636	16.994501	27.204639	37.381914	19.152361	10.799200	21.237698	27.011339	7.574758	24.354002	20.697644	18.594211	15.793549	33.645346	21.296724	9.747329	18.455116	18.230354	22.081600	8.242632	33.943787	16.845809	25.008352	34.792114	16.938631	31.426418	19.913291	32.044178	21.235551	28.135315	15.692713	18.930581	20.696151	18.346440	21.764533	13.383138	8.047317
34.131176	26.127613	23.191762	34.453255	11.425745	22.444696	10.692869	11.707841	25.269370	36.781353	16.056565	32.349653	26.385964	22.189600	23.741868	31.855853	25.987609	34.474082	29.676430	13.248782	29.611569	31.896415	27.362140	17.588781	18.201575	15.512461	22.553695	24.696998	37.263804	10.006147	25.969888	21.444988	8.570737	13.112746	26.175469	28.064218	9.975514	29.627644	35.922696	33.494983	34.024470	30.266898	16.393616	19.839776	16.776731	30.679126	9.107890	9.411197	17.964305	30.812290	16.171029	27.881549	10.487435	21.970644	21.252443	32.306992	15.290482	27.559167	10.097774	17.657271	29.223276	27.838695	27.377767	36.825562	33.991595	27.741442	22.180676	31.991877	33.093204	34.470666	18.596448	34.097354	28.947919	12.623795	14.123595	22.682193	11.814153	33.083734	24.093227	27.334075	15.444755	25.900579	8.580422	34.393211	35.502616	12.851837	33.035595	28.612327	32.188426	36.499214	26.874573	10.301770	17.471525	36.313620	34.429362	10.387191	16.050374	19.352580	16.876437	10.850285	30.400790	27.418674	36.352324	28.597829	22.004729	30.255736	16.424028	22.223712	23.621675	20.911556	23.312539	27.476110	27.039269	29.376743	17.519170	18.988354	28.933845	21.551284	35.995951	28.938674	12.454820	8.226151	29.445725	32.238147	17.427434	24.757353	31.507227	35.826220	14.886139	21.406439	16.152244	26.613121	37.330556	21.000105	34.977279	19.491109	14.582170	20.840624	35.628688	33.816887	23.279917	20.271580	14.507564	30.029613	19.815715	11.817918	29.689479	28.133326	16.513487	35.273640	13.563349	33.681565
21.595913	36.560524	34.843760	20.685503	22.899756	27.324876	16.480174	29.063699	10.476379	20.723382	10.940463	37.790444	37.403956	18.701928	23.067053	33.527773	15.095562	23.858974	36.177536	8.902257	18.891897	28.032339	36.551348	15.059470	31.805187	8.133545	10.824977	16.563118	15.577348	10.657012	12.305160	37.671599	36.197632	27.883938	15.204823	24.242205	29.771074	30.874413	7.722054	20.982845	10.085896	37.288798	27.571337	17.622033	10.055454	35.162253	10.752610	21.573370	14.720806	11.736370	21.324645	33.434069	30.706999	17.633546	27.380845	28.107068	36.980570	22.837811	28.602097	22.631702	15.178062	18.354446	34.930248	35.382146	26.124543	16.627163	28.278886	29.628486	28.390587	35.909278	8.948092	10.274203	23.129067	17.205043	36.563385	23.501856	11.099143	25.871192	8.668350	19.829731	20.591641	22.108438	15.696536	20.848418	8.477321	18.544067	23.362644	7.654651	32.800139	21.932871	9.617893	20.385318	23.521321	35.360436	8.961020	13.067381	11.227745	11.422332	21.638976	18.006118	10.050715	8.287369	30.151773	21.053385	16.324143	14.605954	27.742652	28.798485	22.794817	21.996226	7.758465	19.811652	35.269743	19.016707	23.071452	13.235110	31.184385	25.289267	16.549340	11.157076	33.362571	21.198285	10.713502	29.136541	29.906422	27.372310	34.179686	22.732209	27.126087	31.076743	9.200532	10.297435	29.872225	17.492401	8.064314	10.342796	37.740020	25.808088	34.431965	26.502909	32.649389	21.614996	24.327464	33.476463	32.458981	31.049248	13.551336	15.778219	34.545506	32.512777	35.880623	16.421249
17.189243	30.377705	21.736417	31.287086	21.701558	36.072080	21.407188	27.710022	29.551845	28.735669	23.809831	29.892282	10.884167	29.307091	29.706483	17.262221	7.632645	28.563596	23.079630	25.429902	13.478031	11.010578	31.397900	22.679020	23.387580	29.878428	10.228809	20.866511	18.133420	20.458501	18.009433	35.961219	12.448460	19.721323	15.303884	18.057309	27.252702	9.735144	29.104071	20.151729	34.088089	26.882441	35.191952	31.658247	13.992218	30.872542	33.468778	29.096605	19.660585	29.253392	23.329475	20.201564	15.827319	33.387589	13.155924	19.061603	36.504611	18.462629	35.799075	26.872222	23.678794	18.930036	19.678013	34.969540	11.250227	19.189134	29.743550	27.490785	24.899120	32.418689	30.162071	18.542240	23.568994	16.326984	35.034107	12.260205	25.657501	27.382165	12.432646	16.331145	23.568617	11.728418	27.633507	10.622858	35.856261	11.659211	23.125935	9.563680	8.810111	25.166770	16.433201	19.449410	36.261886	16.237933	34.823389	9.858627	14.027653	10.915061	36.440395	27.266999	21.093980	19.153027	8.441597	7.966632	35.365276	7.590611	9.245953	22.801119	35.477043	13.618160	15.660747	20.723575	24.052970	14.848208	25.319837	9.734293	16.551759	30.489917	29.364003	14.358117	31.041316	14.693635	29.547062	36.833237	31.990502	12.684861	23.764569	21.449781	22.354364	26.657415	25.946688	16.413157	23.044208	7.926196	22.407186	17.516938	13.628089	13.670122	33.038724	28.597555	32.190022	23.215940	8.060197	21.928791	29.518918	14.120551	25.294434	18.795397	18.168897	33.150165	15.367357	35.344550
27.658125	13.098531	19.014929	29.656548	26.656847	30.240654	30.123860	35.900462	31.032534	9.387852	15.914465	33.470806	32.688707	14.344892	18.160215	29.446905	28.811266	22.259632	18.454008	9.328225	9.381823	17.006500	36.441960	22.066718	15.032799	36.509357	31.334744	10.541087	16.095569	30.366230	20.145633	35.308491	31.270805	19.127168	27.233504	13.496447	25.397172	16.628545	32.287734	13.129849	11.585373	27.884672	26.885214	22.491629	15.426271	13.156817	34.063531	23.466766	8.914874	31.066664	36.279064	11.004370	24.453786	29.382049	32.497647	9.878340	22.981809	24.601081	32.779188	14.187845	25.479551	25.239335	22.584227	9.869455	24.649064	32.405246	26.101102	24.503266	16.067696	29.200924	21.987164	35.217379	28.687601	8.847203	35.386047	23.340793	8.576098	34.711618	26.475512	36.498778	31.052380	11.714718	36.253496	14.557889	12.633747	31.513881	9.992581	33.403496	30.779503	34.157101	9.733243	31.558722	18.970074	33.764577	30.072581	29.059887	14.536952	10.526379	14.604047	10.086975	8.670977	30.068833	12.383194	26.501663	31.796000	8.051412	16.585029	14.903490	26.965381	11.033115	23.541718	18.340989	19.457233	21.941125	10.098220	33.698863	10.780500	24.234885	28.925646	34.750815	9.678584	22.650695	25.300122	20.491310	9.993952	23.107799	20.230399	8.446753	28.485086	18.992758	31.807928	14.696620	11.604610	13.765129	31.861898	17.336679	31.660544	10.267136	15.523016	35.483292	23.870005	20.950277	27.354928	18.061381	32.892121	18.774697	31.930744	29.361275	29.410977	31.391070	35.982983	10.577816
20.480357	26.355557	35.017045	24.278068	33.550032	23.795585	18.672210	37.729785	34.088823	37.446150	15.583362	37.653291	13.908443	17.135384	28.732880	26.591727	21.518187	35.434473	27.945431	28.899018	32.411804	34.787547	17.743467	23.843862	14.521910	16.698856	21.014024	37.796241	30.198313	11.193301	19.051185	11.165955	29.065578	16.635377	26.645347	15.271943	36.100301	27.821099	15.026509	14.614969	8.467634	32.930157	12.881643	13.199162	29.174366	19.682666	28.444995	22.873290	11.287701	21.471128	27.931713	23.615714	20.424041	13.425532	30.381172	9.089313	12.060659	17.125374	7.928910	13.985597	30.105434	24.793165	35.614066	35.381879	26.110899	20.396305	22.402842	22.807218	15.491565	28.429161	13.609698	25.839678	7.607770	12.464955	21.102184	27.031531	20.665246	21.728781	11.978605	21.352850	11.244285	22.642415	29.513378	34.393512	23.212515	33.768814	15.737303	19.171007	36.916038	28.814487	25.556726	15.744350	25.744530	30.857261	24.796201	14.808930	19.257151	15.177467	23.360333	22.308884	15.069850	31.133150	8.427600	27.530138	31.656198	29.518704	33.403135	33.072764	9.765435	34.723492	17.669335	13.561794	13.434794	29.980338	20.141390	8.139997	22.855778	34.480225	34.311402	33.380936	33.738696	14.459328	10.720300	21.785586	14.045809	17.505431	11.619218	21.825124	33.959696	13.254321	19.944368	31.707784	16.316062	20.637352	35.819664	24.993437	23.564864	36.639381	33.347685	37.241763	8.394569	8.736802	33.990124	19.671410	37.248449	21.941716	34.176170	29.396791	13.158580	32.162700	21.235917	8.913431
23.488845	14.791029	36.100019	27.411977	20.539025	14.267911	21.066170	17.348728	10.889745	30.022773	24.399924	15.377917	13.930171	20.433349	9.507565	31.765983	13.338880	9.832356	20.514500	22.709188	16.767816	16.199222	30.148903	13.872303	25.411548	24.425678	26.188937	8.408501	30.226401	19.354203	23.577913	24.608241	34.213610	25.730093	8.853145	33.086540	9.517810	12.205503	18.508537	28.548799	20.078628	14.049521	14.100958	34.357295	37.031655	28.014873	27.926868	36.942575	30.387619	37.130619	13.742743	14.606176	18.328188	24.741544	18.924192	24.840692	10.943603	23.548768	33.008181	24.393094	35.605505	7.945512	20.448115	32.653439	17.584109	25.471132	32.899465	20.578491	31.870975	17.246956	9.681466	8.389624	26.214060	12.631366	12.601305	10.706765	13.341114	21.717039	29.785569	24.036420	13.542601	14.241773	14.654511	11.402712	19.264224	8.510346	36.271123	35.917418	22.315692	12.434543	13.319628	11.151000	18.326079	22.883729	21.796961	21.222851	26.390013	32.626533	11.540315	12.078707	18.075555	34.268859	24.833415	15.429014	29.254696	28.885324	24.278785	12.197475	14.916456	7.879111	29.574083	25.208165	27.817124	14.419943	31.111962	32.718954	35.790972	22.632380	21.973463	19.609232	30.556581	36.998615	36.962476	24.643099	8.283453	11.894300	12.148517	31.398515	9.102200	31.859072	23.182979	32.437535	28.334606	17.063081	12.350200	24.431513	8.510059	26.168104	33.613891	22.514286	35.243418	30.736614	31.026238	37.009350	9.980880	25.357626	16.803808	21.366828	22.616913	25.270224	12.292177	31.612217
11.497353	8.082622	9.783881	33.722648	11.420479	12.623546	32.949013	32.269602	16.498158	14.012603	14.960235	21.333311	34.365052	27.562990	7.655738	33.918415	17.461302	11.358928	31.672482	27.079322	16.467394	12.014826	36.102258	17.856067	23.724085	35.218800	36.377506	14.577462	34.225636	20.264573	29.481727	28.538849	30.248612	8.835408	13.612904	37.400360	12.892987	28.681258	37.634831	22.616156	10.301737	32.771140	33.298484	13.870920	9.010644	7.885432	26.732613	27.247038	19.565987	30.311452	26.510628	8.450030	18.326158	8.490515	35.855636	18.465739	24.141975	10.899840	13.257939	22.976574	28.565812	26.595357	20.734963	16.127324	28.207471	25.591827	9.130981	31.617350	23.417258	34.593087	13.572184	18.676849	26.747862	8.700013	30.049374	37.719590	13.846162	34.949180	9.373448	31.615392	20.489868	27.648205	22.052233	27.777444	33.260827	36.631537	8.164778	29.734157	32.573813	14.397868	30.123925	24.244244	12.149866	16.130365	23.801618	24.117971	9.383687	9.617541	11.750126	9.562734	25.342363	21.230309	16.264145	32.250351	27.684685	24.791641	37.274805	22.380800	14.068703	29.802850	34.035818	14.442813	9.687129	13.612647	26.059121	9.602905	25.050506	18.805450	10.977447	30.467667	31.322934	30.902676	25.710362	19.731881	13.910215	23.799686	34.801646	22.110901	27.814821	20.978854	21.957503	11.350300	27.001411	23.556543	19.397380	27.953285	28.385067	14.478125	18.974063	13.593351	31.426357	31.812629	36.493566	26.432617	11.738094	14.219751	17.041179	19.034137	20.205179	9.272286	34.900226	28.352248
18.210787	26.852532	24.385173	11.308376	34.456125	28.785989	35.143199	35.490738	11.830969	29.554184	22.138494	9.779363	24.921157	28.455458	31.530136	18.708116	33.427547	34.018861	32.668824	34.311736	30.135713	21.252804	27.776641	22.668968	30.881904	29.035653	20.845772	23.791013	35.666984	25.927449	14.760447	19.586405	29.400787	35.048384	37.470915	10.997103	32.231762	36.655672	16.636662	35.511260	8.131754	35.819870	16.944417	28.670045	30.835297	13.648895	22.478498	21.919916	13.021535	34.762455	19.675328	15.521675	28.337980	35.429055	25.636328	31.176105	20.047488	37.308875	28.567699	28.357911	19.576039	8.933756	28.818751	8.297771	31.871907	15.826556	13.099813	24.678425	28.560446	24.022404	32.750592	7.774430	10.363277	30.484269	28.084745	34.564395	28.745911	22.547253	12.831862	15.978035	14.014772	16.175352	37.135866	15.776593	17.188357	13.127703	19.213938	12.630158	10.237777	28.190837	32.525500	20.191667	13.155318	9.967347	16.204716	34.918164	34.913828	30.662821	29.875447	18.424907	26.479759	20.209161	19.002654	21.544890	30.224818	18.066897	8.714312	28.543969	26.005141	20.419740	26.477250	27.170958	30.254022	23.056270	24.521358	37.581312	11.498336	25.159897	25.862902	16.683766	35.369676	32.606414	22.359802	12.162107	19.398766	13.262936	32.249478	17.753286	21.366989	14.229790	35.092270	34.044651	10.522288	21.323448	24.995506	15.351711	29.450491	7.598102	7.592818	9.016671	17.899613	31.911603	17.098196	20.621180	22.761471	29.494755	13.183758	21.344348	14.477908	21.792157	10.218323	15.154367
25.851489	21.812761	31.507660	35.784136	37.213086	20.594331	28.212062	23.746292	11.424470	16.870918	20.055030	17.798197	10.479569	33.264410	31.361161	11.241637	18.898752	19.888547	19.073527	21.269590	32.244852	26.228689	22.404998	33.245962	18.364207	34.398905	15.032901	35.274848	21.572398	28.144907	10.961988	17.833113	10.505921	15.436755	30.283169	21.791631	27.610080	22.779245	32.597756	11.734797	34.247250	33.907781	29.343095	27.902231	29.923384	14.198255	18.436157	34.921291	17.217036	10.823399	23.063091	30.010857	17.023077	11.584697	30.491295	19.689063	17.213195	31.927088	20.098761	25.539069	7.793941	22.073746	10.129717	11.027232	12.851307	20.199002	25.622353	29.088715	15.071903	29.051618	20.549584	14.032553	26.964860	24.338059	9.728747	27.938693	33.493760	9.823042	25.525717	33.749166	23.867318	18.854659	25.607371	33.903725	23.005417	16.201698	14.314361	9.869418	9.492688	24.087618	22.522082	29.272403	37.580556	12.170436	21.267009	17.657615	18.667335	19.648682	18.599819	32.775408	24.225955	12.359078	8.965859	23.387767	32.680724	11.264734	23.266260	14.130859	11.829100	18.686129	18.445082	11.767941	30.529781	24.274448	34.658508	21.717041	13.607732	19.845587	18.584250	30.358166	15.580771	33.620218	13.102079	34.573310	14.581520	14.017303	15.388823	7.675408	18.488877	16.162188	20.360192	13.817876	27.935575	36.362373	13.250621	20.339497	36.976797	15.762420	29.156373	22.689327	17.534618	9.635170	28.877769	14.127453	18.622998	32.271185	16.120642	27.026412	29.357447	32.321120	29.904281	9.739233
12.574683	16.480977	12.272028	20.954446	28.755582	9.504654	35.892665	11.371207	8.587980	36.253092	21.948658	24.201323	36.715048	29.441895	17.489155	13.561181	10.610297	21.809122	32.854938	14.857659	17.451725	10.577142	15.133708	27.537386	26.287753	31.861808	28.425183	22.971176	29.008819	19.722462	35.192496	12.025916	12.831236	9.971737	36.816775	34.372050	11.758341	22.885442	35.882825	24.367967	37.032192	19.016365	21.438829	28.860137	15.853982	22.095570	19.728073	9.620453	8.876252	23.008870	19.248585	20.039465	36.130604	34.347201	28.535257	23.680784	22.277964	31.412959	12.367844	17.742333	30.134802	20.507511	20.015903	20.065960	27.911056	28.639587	14.059954	14.321013	14.680490	17.073695	21.413990	21.413432	25.701051	37.580770	11.336728	22.711255	20.963151	11.524689	12.160237	9.234220	25.080306	37.672202	22.753907	11.693400	9.158422	20.777854	29.487590	8.950989	36.319800	19.231511	10.122383	9.181186	20.511951	26.605630	18.385375	27.977288	12.059836	29.305548	9.153314	19.268914	10.513892	35.374328	30.120625	37.065246	23.700461	18.580982	16.538147	14.453747	24.601973	31.296851	15.839781	26.410536	27.852098	31.388734	24.185269	16.880484	17.814150	29.148426	23.352836	29.831168	32.512408	29.855368	26.028405	31.580941	31.916885	23.015260	21.658002	9.526693	18.771495	9.809700	20.670093	10.609928	35.753602	29.091683	35.235427	9.745864	13.611632	12.412206	22.779526	25.008743	16.444971	24.617817	9.181838	31.504477	13.923558	23.355930	29.828365	13.498810	21.065189	25.567110	17.493490	21.988903
28.905669	37.381591	20.900296	8.292008	13.783115	36.383882	26.466581	21.067086	36.170654	13.567181	31.113143	24.070726	9.064670	23.397101	12.650508	18.924682	12.959488	32.759614	35.722675	16.199753	22.628318	19.659167	8.144978	35.101897	13.158592	36.799546	15.067408	7.778990	32.114786	21.703517	31.731438	35.390662	34.279711	11.977415	27.378289	11.921842	28.662431	28.101384	9.403836	16.878702	37.110959	19.066101	32.554929	33.611622	29.268906	20.545357	28.473420	25.761941	33.803074	30.266193	29.585338	11.427819	37.041586	37.142716	14.740223	17.702033	28.366003	20.292844	13.351158	25.451363	29.271662	20.994500	20.233168	21.426484	29.271312	12.706758	15.390957	14.228498	22.501960	30.883610	12.287052	26.073979	17.216755	25.109454	28.429892	13.215431	9.445092	31.707227	36.095269	11.713220	24.663137	25.912235	16.504165	9.801480	17.203915	17.845719	22.974400	15.161525	17.038732	7.754619	15.544659	33.096115	23.031738	37.137011	37.398950	33.525001	21.501870	31.697695	11.394438	12.808731	15.975982	28.493550	23.828859	32.540882	26.581926	36.352682	19.408728	12.832364	17.556146	27.674975	23.501364	34.128475	27.409124	7.844882	8.876884	28.249018	9.304631	24.562909	12.230627	24.818902	11.426974	36.461725	12.403894	32.592747	14.655571	25.250847	30.415776	33.829874	27.620363	25.643116	25.821669	27.472092	21.579286	13.841170	20.298023	26.284599	27.188940	8.984959	16.675593	20.690796	8.205667	21.217573	8.486485	14.640370	20.361603	27.307756	11.155265	18.073852	8.544729	18.017516	11.097016	34.229552
11.628210	37.497823	23.841114	19.087490	14.885251	36.004489	18.042720	26.492306	20.172648	16.469367	27.108476	14.423345	13.212814	25.414119	12.806032	27.479857	32.688836	13.405395	20.901204	26.810375	28.150824	8.148142	22.627322	33.013875	23.224998	19.117938	28.425237	37.377447	18.412574	9.519704	21.581171	30.066591	32.732093	22.136566	37.492547	14.599422	13.435925	10.209510	35.488843	11.551051	27.402664	29.068788	25.468255	32.215164	8.159429	10.058668	9.819330	33.478913	34.069880	16.394157	9.941495	28.836935	10.180572	10.024346	9.637757	14.543958	31.672412	14.733706	14.503313	7.967597	25.657860	17.084718	35.897189	11.693799	10.272092	26.326991	15.562376	13.808351	30.102706	12.533613	31.277861	33.148123	29.239614	9.078758	12.938395	25.017828	18.338342	27.049763	17.863661	24.281890	8.899039	19.268237	18.879776	10.202074	12.305298	12.049275	10.572841	19.519607	12.542556	11.283445	25.322841	17.167078	37.230749	33.461893	16.551999	19.160575	11.459653	34.055446	8.913221	31.415866	26.015094	11.189054	23.605367	35.953185	22.847204	22.617019	14.136513	28.914138	8.636098	22.496775	24.069182	30.066924	35.676629	25.338112	27.753801	33.963680	13.487783	35.755775	11.081037	20.471198	23.517032	35.017940	22.977259	26.135889	9.525251	33.470039	27.972950	10.047415	24.372444	20.617690	37.362366	13.856407	32.026516	14.602615	10.995153	34.208550	11.284592	29.703517	22.406587	9.388598	23.034381	30.589996	29.645150	26.406336	31.793580	34.807859	24.296393	31.941598	29.012100	15.925573	15.600786	11.517349
11.616828	34.890727	8.382692	22.546875	18.934860	28.589958	16.503682	12.812524	12.292113	37.735463	23.068146	23.972186	7.976594	33.361349	17.232850	17.306138	30.539371	23.092673	26.211785	32.572777	25.314602	22.713548	28.858611	30.586599	34.086498	25.819063	20.753249	26.336602	20.733893	12.820121	31.987477	30.285288	20.968304	20.703698	27.119397	29.681797	27.770168	27.840133	22.903261	36.619989	35.852930	21.387168	34.400261	15.198903	34.999724	18.206523	25.344239	9.537495	34.625255	14.219413	33.979196	34.039349	37.590698	33.981331	34.517546	25.328342	21.573476	30.417877	34.662040	12.759056	28.363873	9.168099	17.795885	21.193986	7.881741	29.052932	13.352112	28.160763	20.785713	12.316320	26.649515	29.409255	28.530218	29.202118	18.537682	32.262507	7.879662	15.537290	35.231950	37.548657	27.402251	27.398315	19.999842	31.342120	26.201728	18.752662	26.252067	18.591694	19.981298	27.160458	27.613056	28.885614	23.269941	35.665366	11.926980	20.289238	36.573400	24.232002	19.824089	33.783140	24.724989	13.248199	35.621845	24.173566	33.453787	9.077348	36.747269	18.357202	13.573701	20.331928	12.753995	28.230774	32.131862	8.568098	21.229374	10.664090	7.694763	27.454285	12.287402	36.367108	17.528343	35.307040	35.604594	13.746399	18.013624	34.733025	21.243182	26.921011	32.747904	10.305253	11.395129	22.454908	35.600692	25.136654	25.156202	36.672269	23.393786	25.972802	7.901286	22.184371	31.429477	22.306479	37.125785	13.154245	25.811105	12.663951	11.045167	10.882293	19.785710	27.140151	19.310489	18.376994
24.342256	11.609187	18.015267	10.693092	36.506661	31.580140	32.351945	26.223395	22.315228	31.238847	33.037170	23.800668	9.376131	29.255423	9.860302	9.311731	22.276912	28.763352	34.609564	28.867765	14.699149	34.163842	35.007492	26.073348	8.389601	36.264567	33.374346	25.262836	36.296778	11.188435	18.060744	22.810297	13.653089	19.540642	33.401411	29.563481	10.271271	32.665973	21.124067	25.632160	11.663120	26.683073	31.260640	26.866398	22.993838	27.876324	27.419475	20.689482	34.767533	26.103754	27.375334	25.762682	14.799867	18.181094	26.385179	17.174075	37.486448	12.266532	18.195506	25.101087	21.692725	19.729421	35.088172	26.425387	24.081083	23.470976	19.026970	20.613831	18.536459	26.382275	21.051699	11.185703	32.104332	35.692707	24.253933	17.593903	12.546620	26.236108	9.401689	18.159516	27.959141	10.757318	11.609595	12.641181	21.026981	21.721823	27.441133	23.732261	16.063334	8.632401	16.741163	15.903064	27.997021	7.882852	36.897721	25.960151	32.418436	13.285537	9.994544	19.456291	35.877571	24.966261	28.351806	15.557370	12.391621	12.504586	9.874767	21.759059	21.443691	20.028404	11.188806	33.203256	37.165502	22.367471	18.729538	22.652448	25.038034	8.994492	36.579911	32.252177	20.517755	14.346211	7.567396	11.808940	20.806645	17.516928	18.144978	22.393107	14.024279	33.820930	31.060012	34.794658	18.738734	10.393503	14.973447	35.832811	32.534283	19.080904	25.268797	37.526413	12.947339	7.735943	23.210128	32.292098	15.508136	33.148853	26.892000	19.047586	36.420417	20.345263	34.096513	11.526317
16.105592	27.043946	27.084183	18.549351	14.143451	26.115260	16.352904	7.656994	17.763804	13.652657	12.049686	11.374118	7.872006	15.451459	26.200178	23.276338	32.992208	19.105148	16.041826	21.445844	31.929090	32.037317	27.299850	21.006742	15.652550	23.427721	23.191486	29.853632	13.603145	17.333386	26.174885	21.389559	31.003692	34.065368	32.459416	26.287385	30.051761	17.638704	16.573789	9.030208	13.204145	9.618513	31.331087	11.871611	21.695955	9.039738	37.299347	31.580511	36.007993	24.099888	34.502820	8.942943	12.105386	23.271767	11.885589	11.310601	19.478695	27.357416	18.406652	35.101116	16.437375	16.922521	37.364980	10.489367	30.748422	11.025154	25.006401	31.860975	7.916225	8.220708	31.509807	24.254628	17.043287	22.871661	22.070222	16.730100	7.593009	26.852757	35.385276	24.307984	13.297070	13.763795	28.286880	22.265813	36.232558	19.667410	16.795640	16.370442	22.563587	10.549659	9.680954	20.886594	35.190934	18.118003	30.521790	32.198904	29.438624	25.548179	37.337355	23.865196	28.687623	30.459163	24.366296	17.492496	35.021481	11.782930	22.913679	33.693443	27.395813	31.174586	24.903520	23.282876	28.359489	9.652953	17.991423	37.555660	10.985979	11.253941	12.260970	18.932463	20.536579	24.591030	29.258547	11.024221	8.565776	31.057811	31.801315	32.238416	21.992875	33.521759	24.496961	10.309689	37.246070	18.585211	28.233573	29.714914	12.834447	9.577588	23.849732	36.178074	29.680020	30.502055	21.500860	19.462610	37.448694	11.088458	14.753501	8.312758	36.516612	11.959744	30.570331	35.922857
23.790887	20.637424	18.858376	17.010691	25.447574	33.603983	20.954527	29.752031	30.412049	7.619279	16.298552	8.303534	11.263744	36.684173	35.923019	12.078166	13.217717	18.790121	13.491114	35.825913	9.944909	15.518199	34.104373	32.596167	23.419485	8.468272	30.942248	30.401115	13.825040	23.024038	31.522629	18.202656	9.411324	10.800520	11.994085	29.272838	37.164346	23.230862	9.667895	11.788635	30.632006	15.628967	9.123125	31.796995	32.124840	16.231920	37.767043	32.204138	17.183665	33.625278	24.888438	9.810387	19.662997	14.152621	11.787271	24.664965	32.503391	36.294050	31.910939	10.419615	23.855175	15.337274	10.712639	14.245528	34.094190	11.070621	15.359486	35.860358	18.812160	13.618205	36.070347	26.844808	37.484238	28.100543	16.590242	15.590329	34.425640	9.035035	8.008264	14.786422	29.365718	35.691045	21.322854	33.924507	10.597168	26.530744	16.183577	32.594311	30.357631	20.044301	27.304126	24.849534	30.297968	7.975526	14.393820	29.534263	22.338740	17.155857	17.958630	16.669749	12.864220	29.726704	8.773417	9.536273	15.510938	22.171874	17.646840	31.992391	20.565520	32.331179	19.599155	30.789746	14.237240	13.534500	10.358187	30.254388	34.725480	19.321205	26.850482	37.415494	19.987071	34.255563	20.453418	16.612110	36.826693	24.980131	23.936504	30.540204	35.969630	12.908486	36.029946	22.805688	29.061970	12.135186	34.256184	10.677530	11.891623	22.374364	21.339632	24.817498	22.087374	32.983922	11.608776	13.579038	37.145120	30.247399	36.331228	10.533360	13.931030	10.063467	31.738323	13.712799
30.521247	7.672360	11.022822	15.763666	19.999786	21.683860	33.409127	28.662382	36.065621	25.953880	22.453151	24.250528	12.134705	10.958979	29.605644	31.469178	15.179060	27.340551	24.073281	28.984848	12.163263	23.804475	10.218126	32.552222	23.207999	33.251345	34.351892	12.596748	8.699420	12.678295	20.373064	17.597152	15.802638	23.093293	10.481751	32.315989	9.286824	9.959660	35.790017	14.772972	19.452259	24.673760	13.469523	22.332127	10.287109	24.927860	16.853566	8.738584	22.209482	10.037170	26.158310	21.841735	16.246005	14.034745	28.917428	29.209405	29.217814	25.538544	37.505266	18.770372	13.209742	31.073374	10.898120	8.614784	26.964834	8.714780	29.990636	17.299315	18.669440	35.088905	23.398916	7.670712	36.644653	20.594372	23.853216	11.813759	28.114312	36.306608	15.785895	33.043721	31.071593	12.983629	34.437184	30.540171	33.857818	36.250968	20.544860	26.339073	28.952886	13.761461	35.155020	36.623279	29.852547	32.515849	34.267036	24.253060	22.201444	9.068436	18.945468	23.498824	8.719845	19.036726	34.293740	29.222795	36.304502	32.745858	10.978229	30.933809	33.714716	9.350816	15.858984	25.101818	27.078115	27.990791	13.973086	15.465875	30.211182	23.008414	26.910227	13.433525	10.938969	29.192907	35.804888	37.431089	9.796011	8.956886	31.942186	22.089809	34.393862	29.675202	35.964988	11.710588	28.271087	23.707417	12.904202	12.209070	22.913565	18.984675	35.568066	19.341501	12.515677	31.167090	14.626948	28.264031	23.402433	28.240130	24.856402	33.516819	36.108331	37.721889	14.067555	36.535020
35.810979	35.225011	25.811196	13.220414	18.022479	34.138232	28.048228	11.947108	37.320154	23.433273	26.052789	14.241367	22.042667	16.462493	8.355555	28.087985	14.674824	15.539497	24.200251	12.059414	11.173315	33.897107	22.057788	20.546961	30.974991	22.020692	9.984850	32.717912	13.181791	30.239890	16.220294	26.881833	11.143123	16.288512	13.813330	33.633050	8.620045	26.239620	8.822755	30.199555	15.183434	8.167336	21.687734	14.965476	25.225466	12.348919	14.615948	19.399235	25.245969	33.262963	22.528194	23.874634	22.696906	23.983798	25.455039	28.306110	19.491534	9.575682	25.907868	34.460663	32.818594	16.267607	25.647490	21.931089	36.609321	27.313826	35.536109	10.868134	19.494623	14.616533	31.307590	19.571461	29.770991	12.244162	23.118352	29.999538	35.172253	16.084177	9.091254	26.743441	17.088125	12.017373	27.879078	28.227048	19.208779	30.506559	27.091087	32.734990	12.554587	9.527439	14.635951	11.370230	35.490387	18.890010	27.760833	30.565296	28.684029	19.361772	25.248364	13.617152	18.022945	33.984468	17.881542	26.204728	14.394621	18.025356	37.420431	29.210894	18.727412	22.152575	14.792711	23.230873	8.182029	12.148467	25.586048	13.220808	9.531793	22.152878	21.942804	7.799109	31.165071	24.574635	12.059230	22.859948	19.482698	31.231235	8.876431	15.731008	18.156338	18.047081	13.082455	17.901725	23.258863	27.648991	32.786777	19.410674	29.065911	28.806892	33.071438	25.645031	32.167674	32.938010	29.375331	9.285437	18.988986	34.638129	26.333546	9.722777	12.570207	34.269480	35.159358	29.445082
14.665795	37.152552	7.984611	35.344752	27.776451	14.975868	19.303297	37.605361	20.604160	34.202452	24.929880	24.241571	35.661986	11.747868	14.195369	18.355417	14.941591	25.479278	7.849786	37.091046	27.354246	27.523768	28.218580	16.413973	30.520218	37.467258	27.152663	23.758908	32.143840	36.098324	25.456097	15.771636	34.742294	20.167674	34.452803	23.687611	17.545422	28.475842	17.984542	37.106732	26.019198	31.442214	37.374334	22.155892	24.147476	20.231645	15.120391	18.121695	33.314431	14.192330	29.854623	23.203115	30.339819	11.965885	36.946376	8.549303	33.052589	29.825973	11.134070	29.155895	23.238732	35.985999	14.379582	27.702577	16.840922	22.586027	34.108389	17.252261	12.677403	13.577341	32.753706	21.489465	12.503296	33.083837	12.234983	28.684926	13.949088	34.502806	36.865073	23.381915	16.851350	33.973534	35.126078	14.774797	29.598457	30.729605	14.925384	15.621419	36.629888	32.636856	23.444868	20.736864	19.795338	14.322772	13.544813	20.969386	32.603099	30.072089	10.301118	20.511408	21.697577	24.300799	13.409889	33.550538	30.114713	31.364968	28.663925	9.813489	28.108326	20.676132	9.777996	15.487785	10.601195	8.477311	19.416935	27.993660	8.852819	26.567704	31.858625	22.782739	22.911046	36.367749	29.189832	34.394788	17.847040	28.597867	12.461096	9.613017	31.206123	29.752033	31.481737	34.764595	18.306698	35.309160	37.711038	14.062393	19.278001	18.167632	35.223723	24.077425	29.582512	25.681695	10.410243	9.916433	25.193890	21.874495	33.504396	7.633186	36.036923	33.180986	14.470063	32.463937
11.955231	13.179315	22.167789	23.838153	35.862586	11.183298	9.990741	32.365248	33.445515	25.145998	19.481671	36.140180	24.995170	29.827059	19.512951	21.176419	8.285026	30.160316	25.073933	34.410324	30.957168	22.433021	28.452243	30.481414	33.691004	16.596076	34.853495	37.322006	36.664117	18.357650	8.908383	8.823665	34.700729	33.150390	10.716004	16.189376	34.619230	36.331224	9.960518	30.660315	14.971692	37.274851	31.726402	21.656823	30.651087	35.293514	36.251384	31.189390	8.979513	15.419528	35.825383	29.366792	30.857803	9.079752	11.438242	22.130853	9.538842	21.525154	20.758200	23.164475	11.179977	8.491575	12.868170	20.697713	35.084362	28.882386	21.172485	30.996978	26.531025	8.288167	34.071745	24.392586	34.098793	35.554638	17.692574	16.268907	12.468262	30.823052	26.314941	21.585135	16.059786	32.224403	26.725244	35.759997	37.099114	18.662513	7.611353	37.750100	28.328517	13.846160	18.071730	14.232786	9.592949	26.262131	33.809065	36.708569	10.569794	36.204354	23.836346	29.463585	20.156705	8.763931	32.687072	17.419491	30.497293	29.510498	15.961674	32.867578	14.379255	24.634007	29.004021	8.066140	9.202019	19.698141	15.828670	28.356016	10.925469	7.887140	29.856789	20.142582	35.323879	33.188916	31.316032	26.720005	11.197921	27.745466	29.819691	32.416802	9.442084	15.437793	10.056156	29.398154	35.895075	33.803868	31.888087	21.031772	16.117607	23.749981	10.209023	21.471064	33.538400	23.213256	25.900024	7.644605	17.678708	8.186530	14.666633	20.075000	25.598219	37.736913	26.057767	31.714678
22.126093	16.655641	25.460232	13.430771	8.293968	20.512100	26.472769	30.123411	17.473913	14.854562	11.678846	23.389027	24.292659	13.585809	8.555088	17.673463	11.830164	37.267600	12.964624	20.145985	33.913716	22.708157	30.172008	17.822221	26.680017	30.013965	28.529364	25.951147	20.123515	8.014268	9.141580	30.376248	35.686498	15.063335	18.685334	24.965594	24.721216	35.304856	29.536011	14.802193	14.165353	13.370999	26.223974	11.908817	16.525415	24.064207	26.322393	12.295413	15.360951	11.853627	13.928611	37.764281	33.520909	17.822877	9.198886	25.270147	32.021127	29.124649	30.973253	36.951206	33.605209	37.574652	26.442075	30.510501	32.931240	34.455317	11.314604	31.973019	16.636630	13.329424	29.418890	21.185300	23.551743	29.169066	19.152871	33.284782	26.743597	35.696815	12.827698	20.981918	27.076055	37.748344	35.533975	28.273408	11.645870	13.974678	20.775744	31.970811	21.052354	22.518489	25.023367	37.533452	15.797170	36.078533	17.374344	27.553931	18.350023	35.442833	25.139123	8.102399	29.357272	10.004021	15.815277	33.968826	23.879615	23.205977	32.993421	33.311433	9.476241	11.443328	23.115395	35.131348	31.293387	9.145676	16.710072	33.436412	33.219322	17.582776	37.075190	22.824031	13.154894	12.615117	10.350302	28.141894	16.212719	25.226135	19.118480	18.009112	22.113032	31.093969	35.325931	23.245439	12.238381	9.363531	35.775128	33.689951	14.734725	13.076858	30.906308	11.213727	13.125582	27.292094	31.318741	21.894164	10.372056	16.990799	12.864271	28.303805	32.235801	18.506756	13.003229	13.193402
32.720238	37.314423	16.486391	12.149900	27.579715	32.241140	34.196079	11.330419	19.525348	24.620412	26.038855	26.914104	7.946831	32.309081	29.555536	24.801656	14.516447	23.013926	14.677916	10.411056	16.040582	9.410645	27.265700	23.004076	31.379144	25.916689	26.130344	30.523751	17.891000	30.473335	24.923471	34.384215	19.482284	27.277946	14.085303	19.495175	14.549298	32.603688	10.802532	29.998546	13.670592	11.541591	35.361936	15.473067	22.679201	7.966634	37.363385	27.084495	19.801968	27.492486	16.385346	15.344647	20.655347	12.180971	7.665328	27.006778	14.472323	27.896097	13.563084	8.653054	20.222990	31.232441	34.274372	10.666565	10.197658	18.765793	11.599884	34.811641	30.414281	12.662598	18.282468	12.628647	25.814788	26.197052	25.105146	31.926430	14.107379	26.254093	17.117252	32.327193	30.572469	17.172362	21.832507	33.832687	22.565793	29.340499	18.068689	20.026045	21.045741	9.079713	12.601475	33.734884	7.588181	26.477642	27.911101	31.758049	13.344271	35.946078	8.415966	13.089958	11.318117	35.891591	35.939929	30.939148	14.130403	28.819657	24.087661	36.292361	32.877086	19.434002	15.272441	32.473697	30.465174	24.607053	15.023346	34.176190	22.666517	37.278793	23.095200	14.104317	26.765881	25.908550	12.595952	30.817050	11.700547	16.306395	25.431898	12.672696	34.390809	35.170636	23.933749	32.717153	37.009063	20.625061	9.982755	21.381333	11.718658	24.742902	36.910623	8.135830	35.626013	12.661874	10.976229	11.646554	10.839068	25.303187	9.931239	34.864806	11.422898	23.815592	23.181274	18.168962
22.377817	16.570888	19.594903	29.554949	21.314577	16.951122	35.274259	15.246451	14.713432	13.484821	8.145990	35.358172	35.739711	26.961405	21.215773	26.253400	29.346512	18.290817	11.245140	29.745661	13.939240	29.621678	17.117901	37.772944	29.765524	28.337660	31.629494	35.035162	29.515328	14.674533	29.503481	17.205944	32.558980	29.623166	15.429244	33.813365	8.621135	12.653118	18.948339	32.873889	22.200173	23.245130	28.930586	37.092189	12.773656	12.665452	17.321888	35.900354	30.093727	15.972262	12.834466	8.244591	10.978192	21.859811	30.897870	37.536822	15.515877	20.426788	21.981784	35.869620	10.474661	32.834168	30.496294	26.433426	22.178703	8.280734	19.371856	27.311912	17.582024	22.580773	21.449413	28.501222	12.994868	22.331500	14.662003	29.486919	15.294552	13.073793	32.414963	13.612958	15.759282	16.934844	33.917335	11.727795	29.629294	29.366994	23.289364	27.058336	19.168735	27.955379	26.972343	25.472136	36.964798	16.619845	26.653372	14.456354	30.229163	20.578181	8.127765	16.055119	27.462997	26.576211	30.309465	16.544675	8.600679	24.782746	32.697602	22.972353	32.527174	10.946914	35.296803	15.843289	20.004869	29.147628	16.298369	16.403215	11.121684	13.191521	14.780622	33.641812	37.394179	14.075416	33.390164	13.862593	28.000177	21.457425	35.400179	19.342846	15.934501	33.885278	34.772714	8.947213	20.154938	20.222095	23.394717	36.123785	27.742820	28.309799	27.915797	21.695625	36.353010	16.078299	28.161132	29.255401	16.431522	34.125002	8.010167	14.301997	12.960408	18.298567	29.164298	35.345673
19.834958	32.201193	31.501623	36.588792	23.613839	26.677577	34.513204	31.500091	29.451391	37.313352	22.536554	28.157763	13.135773	8.126081	34.513233	19.302844	21.386557	13.109048	30.818722	21.259568	24.641823	27.473799	20.565872	11.022261	20.189141	21.266070	26.928659	29.633959	12.822092	13.713066	12.063189	36.231779	21.315379	18.548397	34.375119	9.943095	22.740872	24.187243	22.597868	34.702226	34.643308	23.807170	8.546132	34.273688	21.940157	27.627957	37.185294	21.918762	23.186754	28.419347	21.964067	18.193399	23.548312	9.239764	27.116190	26.631929	37.573575	29.160543	17.907063	8.470031	22.513290	30.355862	16.182203	9.898130	32.895364	19.970802	21.621536	8.259340	30.375604	8.690806	27.967941	7.650279	33.873190	8.934825	11.752809	21.134021	37.450662	28.800149	10.355589	24.021746	25.009824	19.593146	15.937986	36.915853	8.574654	30.846952	36.910654	13.668420	34.813105	19.383878	14.465080	31.002459	8.825418	22.718433	11.774193	9.250784	24.914451	20.757330	22.251380	15.400278	13.077931	9.691608	35.202033	26.083738	26.607724	29.456562	16.553681	36.195644	30.263643	28.737259	24.299397	18.019663	12.696171	14.852791	21.797523	10.809808	29.768386	8.663890	34.776935	33.574497	36.122920	31.861181	32.815842	14.042327	25.628291	29.497361	33.471288	17.743521	32.722096	9.489396	30.340588	12.096086	30.586576	13.226494	15.553277	14.413276	13.348153	7.901216	31.211245	20.512526	13.226571	19.526644	15.316370	33.893560	32.691242	13.329001	27.836757	19.091358	27.529167	19.835643	37.740716	16.871514
21.149104	14.019439	28.381128	11.912036	23.183835	10.372797	15.348106	17.361987	9.431415	35.251312	25.385209	28.961478	20.321135	10.967480	17.553379	37.198749	35.260291	10.318237	9.017142	36.390724	31.419984	31.604095	27.559517	37.680055	19.561320	35.145721	7.952495	10.559081	20.917775	22.516405	25.287818	10.687001	20.917201	24.698932	30.643578	16.529566	30.093256	31.429376	18.476079	23.990344	19.248837	21.879602	31.842743	27.860414	19.547709	36.087115	29.627021	29.870091	20.474725	13.510155	31.464524	34.381787	31.293753	17.347534	20.943778	34.990493	17.900921	22.554993	13.987141	25.310219	21.450779	31.475806	23.744518	14.451104	20.688175	32.093067	24.865256	8.637557	22.313507	9.781609	21.320625	30.744234	8.153652	21.719826	22.720931	15.472456	8.733652	29.397739	12.066078	33.038752	17.529850	11.507191	35.442568	12.385644	26.147836	20.532888	31.587776	21.102698	31.998699	26.957637	19.067533	21.661574	16.175753	22.547975	19.267083	26.744818	17.503982	30.041775	15.055684	18.215400	32.385970	24.653694	26.466391	26.762683	17.573465	9.790803	8.101361	14.278208	23.721670	20.813138	20.501505	36.090627	27.147189	29.490769	32.048052	25.934779	21.963404	36.501750	15.196932	16.725779	17.790726	11.082717	36.838072	29.164468	10.248353	28.282095	21.405700	37.664168	28.767538	24.906816	8.368924	8.681252	29.183836	15.346301	8.806677	12.332196	18.637668	23.846214	33.689683	36.253354	30.191368	16.595954	15.560316	16.281509	29.943708	13.379586	8.755230	26.092666	21.228385	28.645949	37.738312	36.428553
33.748001	28.605733	18.935613	20.403951	10.288499	15.835906	11.407710	18.099528	9.551277	25.319246	25.700522	19.680963	19.827905	23.178799	15.382958	27.676156	30.730555	17.878516	30.739915	26.736374	10.882863	10.079131	8.376807	8.637288	17.083222	13.673481	18.403386	11.006844	32.141583	26.078394	8.538022	12.423262	22.378223	33.121099	17.786402	12.720700	14.527787	31.102395	24.532043	9.185910	32.736004	37.496940	16.322384	29.199758	17.315324	18.609760	16.063920	10.309856	26.654715	34.443003	16.887419	26.880433	31.862890	37.779133	23.571342	20.380880	30.835990	26.192540	29.517561	36.611053	34.937883	14.918406	24.948986	37.022065	35.176975	21.460889	13.842676	33.705019	11.508422	20.881544	26.159672	9.594794	20.485412	29.889271	17.921959	11.278389	21.321497	15.365634	10.991612	28.462216	35.062635	8.259348	36.690944	30.008586	29.942462	8.510325	12.560748	14.935401	23.010573	17.973846	28.558459	19.932337	29.160328	18.515752	12.252620	36.852822	14.078674	32.424953	24.674283	11.861847	15.018110	9.795836	34.839859	36.749892	14.530576	34.104059	12.684276	36.313367	10.640072	32.074175	29.220984	35.796435	20.129012	27.908185	11.912142	20.986663	12.544001	33.489452	8.359249	15.594189	31.805250	19.644147	10.951899	22.302336	31.276465	15.859201	14.236965	23.945060	34.393143	12.428639	36.908848	14.224874	18.787776	26.140973	11.082071	12.566138	12.422743	20.582881	30.971009	16.488099	19.207647	18.599751	7.584576	10.658598	11.799040	32.389618	11.995436	33.992769	13.018043	37.506384	31.026246	24.282778
21.807168	21.921878	20.430551	23.181502	27.169292	14.091284	20.847681	8.077258	30.712702	8.647656	12.592223	36.118080	15.588040	14.035175	10.274940	20.094562	20.405368	22.367127	34.812448	17.173430	30.461345	24.795310	17.813235	16.464162	14.514706	15.634067	34.834389	30.431304	22.986925	8.351120	35.082842	8.972496	26.185233	36.647402	26.501067	10.770144	13.767203	33.423832	25.407789	13.670499	12.421642	28.937070	15.728382	20.272246	16.424599	36.815165	20.303799	24.489660	37.154200	37.695017	14.121626	35.382788	33.705154	23.807293	9.401404	28.562614	25.559767	18.022970	18.153873	30.040165	15.357004	25.548921	16.875858	31.238556	19.722489	26.642397	27.608516	13.608679	37.619865	13.979469	10.350320	33.208788	13.548664	15.362193	17.865096	20.167257	30.857583	14.578619	22.307128	31.432062	14.966821	8.948793	24.504212	9.694482	14.381234	13.341944	23.883655	25.170549	12.972688	15.691953	16.376241	29.513138	21.207040	13.796229	35.789688	17.242290	21.214998	14.125306	35.490648	30.014034	27.648951	8.929357	30.651289	11.355161	29.046189	25.129967	15.009138	27.310181	22.327223	18.176179	12.724031	15.456470	13.651401	21.274463	8.505602	26.947279	13.250722	21.715810	34.540904	9.679028	11.954281	25.189107	35.744466	31.696016	33.326482	10.949441	36.840552	26.013299	24.458608	34.111084	10.549841	21.604177	31.444583	19.745813	11.887536	17.080019	8.566490	26.059673	30.258185	21.244384	26.895554	36.850172	33.824955	22.165713	20.610217	29.965845	11.321775	35.500213	15.127000	30.841062	9.347557	18.520904
37.658029	32.572800	24.697912	19.424809	9.139031	36.247963	28.258444	33.869544	10.438612	20.253714	20.495260	16.896022	34.703798	12.590784	8.779638	34.965902	24.800573	15.178590	30.558768	17.351743	30.696567	37.069387	22.737941	36.194797	12.516777	8.566288	26.415068	19.878283	12.866644	30.786798	19.772317	14.541621	34.974734	14.370611	26.201602	37.476268	37.677607	10.737032	8.072573	33.802866	34.241778	8.438110	29.296012	27.954154	21.313443	28.966544	16.096648	19.435196	12.032638	16.554886	11.071065	12.136606	35.016130	25.311357	13.194535	8.783512	18.738201	10.967134	8.379945	18.699286	17.231145	36.537022	29.215584	17.474959	33.767937	37.808943	26.905876	35.852720	8.993373	31.328209	29.112053	25.953608	22.506263	22.847634	34.509112	23.413233	31.103421	23.064238	11.532785	11.686623	28.725238	23.757228	17.272083	15.141558	33.181920	34.026908	23.450158	21.484127	26.099818	35.257470	33.661363	30.341811	28.631002	26.503114	37.314304	28.280308	34.947418	9.498824	37.196857	18.995366	31.031799	20.296890	19.855463	11.954065	33.801111	37.458050	20.773087	20.294814	31.703532	34.092620	8.315251	14.496938	33.083821	11.595141	34.515354	11.200203	23.489946	31.965473	36.086020	34.125598	19.199799	11.189289	9.640351	22.270345	30.340572	35.681468	26.833680	35.734354	34.051654	17.176164	12.233874	21.701802	14.272116	23.013677	22.588583	36.730032	25.355665	31.388969	25.780267	35.891627	8.462013	10.450607	22.561140	30.969668	27.796760	32.170857	30.516890	8.852448	12.804224	13.293596	10.332105	31.159229
32.193422	34.792082	32.066317	30.738805	14.537344	18.350457	25.490626	18.859335	9.733772	17.782092	19.138869	24.062717	23.607816	9.608980	9.409964	16.185252	14.915935	35.929521	10.612721	17.251416	9.488423	19.758523	12.808330	31.882608	10.597467	8.153096	9.723214	34.012658	21.126999	18.495812	20.161965	35.345870	14.469963	12.150226	19.365371	18.577571	16.153563	21.833793	9.325657	15.110543	25.489210	9.552192	16.233504	7.726415	32.831460	11.866979	21.701086	10.430271	28.461891	34.566803	13.318027	37.586777	29.000705	22.215610	19.804825	32.579880	31.986558	19.844645	34.041301	35.569131	23.904610	20.002518	32.523253	36.223319	23.965712	37.723421	10.984636	20.337298	11.261946	28.993921	37.187910	13.068962	26.278119	16.467438	25.733798	15.528617	27.157719	19.871832	36.957204	9.542685	21.515133	28.889495	28.812682	9.100934	13.701276	37.238339	36.805220	17.806058	24.550249	31.672525	21.169389	8.148407	21.891370	29.707030	18.141574	35.477588	13.325828	20.866730	10.184904	32.977701	37.191146	20.211308	20.428561	21.221662	26.688237	9.668972	30.615869	10.110771	12.792598	35.717819	33.700490	7.959759	8.275029	35.370485	18.866409	27.177003	16.327619	18.210500	8.417254	15.346370	14.665909	34.897400	14.805125	10.454143	33.691496	36.699662	20.895643	13.262137	14.131568	10.680342	33.854362	32.517345	19.994521	37.322371	18.436463	19.644262	10.543858	26.072292	27.661980	28.546867	19.466984	22.485068	16.625470	34.295668	16.122733	14.884440	9.571110	8.424164	13.021973	36.260692	16.346249	31.077205
11.574822	7.694146	27.339161	18.721024	30.052015	14.066520	34.210917	19.502687	13.985256	12.215041	14.529164	19.466876	20.680596	30.279039	20.430403	25.767016	11.505913	15.846850	25.261010	34.975979	11.708124	13.270338	15.436261	30.735994	24.859329	18.883495	13.839803	14.887250	13.580663	24.548153	8.304501	22.321987	36.484398	35.620669	22.111958	9.415969	19.929719	29.192972	16.968093	33.660531	27.654264	27.739146	34.065649	31.710489	30.003849	23.386306	25.089711	9.832267	8.499473	15.441937	20.282012	16.719628	33.547042	21.507111	13.098264	17.885014	35.066825	33.247567	33.845695	31.653757	18.708225	22.719729	21.033887	22.748955	31.782912	27.442018	33.387170	16.776231	19.664479	16.022246	30.331224	25.634460	14.884246	21.263837	18.741933	30.237402	36.208100	18.415566	13.037692	26.225389	36.752716	19.064549	32.960177	29.702124	27.446609	28.095398	11.289015	29.540493	20.675382	25.343829	20.750136	9.529120	19.229381	35.798929	37.655639	9.554343	28.941921	18.794163	29.755000	14.148075	10.529869	12.702949	16.740044	22.964223	21.635116	22.202675	22.604762	13.309813	37.251969	21.405463	18.816801	11.246429	16.204744	26.112438	27.733829	7.578140	35.858303	27.547431	28.389178	20.487122	33.076011	13.339981	14.843564	14.499185	30.607848	16.738583	25.934283	9.043238	25.139880	16.326790	16.714544	31.063863	20.856596	11.001977	16.716673	37.509443	16.368408	10.257433	28.763105	10.042283	28.144989	14.217797	8.713712	13.050302	8.119255	17.348096	18.041240	33.829525	19.217447	22.379667	33.167654	17.012438
18.024519	37.218119	8.840668	23.272208	37.574216	20.476949	21.709693	19.561175	17.439090	34.239097	23.540408	25.118578	14.158664	13.540278	29.965285	20.766779	10.006511	30.548582	9.133790	22.498839	23.419826	18.263162	15.440779	11.717314	27.971603	20.742072	14.911396	9.712405	18.715395	14.956737	29.199918	28.788232	34.745610	28.586888	19.789430	16.859224	29.688009	34.888319	31.545088	22.343746	27.715689	25.452521	8.076934	11.964863	22.718981	25.423569	36.893037	27.473248	11.225668	10.845176	26.053603	33.870761	37.628772	14.865297	22.485701	22.545584	7.780878	29.460041	26.952438	34.409762	36.286167	8.903420	36.441842	13.305444	23.982398	14.506165	27.902376	35.500140	37.300172	15.718817	27.691146	32.125859	16.908776	22.635814	17.555442	14.062479	16.533092	18.332572	23.736478	35.024841	10.175624	16.204965	17.577039	12.646721	28.073161	36.622395	21.493607	25.834847	24.571310	23.648459	10.004749	33.362027	31.893013	22.588084	33.119943	34.641403	18.746269	12.431151	27.944985	29.667686	14.197973	26.009902	7.648803	37.078382	13.128511	29.144097	34.360695	13.428161	21.168933	18.016007	36.772652	21.278090	25.158431	28.358931	19.799107	22.448227	23.289070	28.256773	31.805839	22.635712	12.188912	16.860645	37.441208	24.026133	28.680322	22.312294	32.373130	34.560284	26.783030	8.262922	24.658080	34.970810	35.559251	12.180463	37.632836	36.770945	19.974194	26.581421	33.783455	12.921473	10.919585	15.730019	12.930134	16.427148	31.900286	33.617879	28.990479	37.153099	12.603313	8.978353	28.312365	11.505457
31.348516	29.293953	27.707489	30.538274	20.501563	21.159745	18.779664	29.762274	29.856767	29.816182	32.398842	11.430515	31.746637	7.775750	21.117826	36.208679	10.725690	15.449283	33.342275	35.288526	26.022812	31.963917	14.840018	19.420579	20.035603	15.831067	23.472830	22.144735	7.980353	28.750982	33.917532	32.208298	36.861071	27.037663	35.929755	29.515372	10.747269	28.403387	31.352157	15.394038	33.744318	34.825269	8.252722	17.970452	12.319404	37.089547	31.378940	15.798940	14.527034	11.978585	17.537634	15.029497	15.529101	32.829528	11.835176	37.662835	16.527991	27.604109	12.704162	25.813470	16.142177	30.811489	33.624304	26.156806	36.063221	33.788022	35.393473	16.898353	27.369614	13.810787	12.577462	28.499308	26.976704	25.977580	20.028867	15.468091	16.992231	33.974821	22.082160	10.454801	17.380902	22.199657	29.356347	20.416560	16.760272	10.847545	34.742791	30.579409	16.515078	8.205708	9.593458	11.535145	19.778886	17.373887	35.719835	17.162554	8.683985	31.633355	34.614440	32.547633	11.285633	25.377415	35.734960	21.175812	23.214230	19.112819	9.141842	14.331472	16.377705	21.122725	13.796630	33.192719	12.993714	21.437754	28.681771	19.354917	14.943858	24.210638	19.094622	26.764201	15.211427	32.830529	29.006407	23.012208	31.245977	35.181500	35.355042	8.585070	35.440613	27.902969	34.653915	13.907954	18.565422	11.430786	9.308251	10.815863	30.616115	33.860491	9.588365	31.906252	29.779475	37.564670	20.421098	27.742306	23.494036	21.360740	22.661855	13.883267	36.775973	17.740659	33.999524	16.874672
17.459204	26.498118	11.594602	12.216328	36.926711	16.542593	29.266065	9.931746	10.204340	17.032502	28.490461	24.386841	32.656577	21.313798	32.403656	19.813425	25.125403	36.538459	14.682542	25.819227	23.710688	8.988819	36.820014	17.803410	25.388787	29.960016	15.017345	25.323219	24.426699	8.303060	32.177308	10.639174	9.322550	34.654582	30.755579	16.591250	10.514871	31.452476	18.330486	7.793732	13.224936	11.838189	30.552288	26.718889	27.497156	12.474671	32.746061	8.332498	22.621371	35.529935	33.576543	15.742861	9.044842	24.153596	13.310617	10.019100	37.360700	29.930565	27.836820	27.000410	26.846908	37.350747	20.328343	9.202684	19.823289	10.966144	12.908377	30.814620	14.710171	14.093380	18.979781	19.654765	33.597707	28.841006	20.469481	34.036621	21.302333	37.233687	8.029084	30.878582	9.368722	9.547394	12.500917	17.820089	10.558626	10.287744	30.308560	27.429486	8.790733	18.467732	13.534363	17.629532	9.811908	32.833238	14.705765	33.871450	14.573193	9.203948	33.793873	24.248287	10.837600	12.582122	17.162356	31.816190	28.586349	9.671678	30.260206	19.632010	25.797714	15.803600	33.689084	36.900149	34.188209	30.562919	25.363112	16.896853	25.891560	7.776658	17.670484	15.258209	25.953159	17.062428	15.184446	11.586865	25.168665	30.152468	11.395172	13.212488	33.257957	35.345575	32.937277	22.877963	23.829468	9.665113	11.770609	9.691986	12.208502	30.003223	22.936093	33.197893	37.140771	19.499734	34.080625	8.135643	8.548929	9.210302	27.153421	31.273595	12.078024	36.702782	10.902115	18.414266
18.209659	20.319261	36.931655	10.023709	25.868268	12.061145	37.279050	19.654507	10.516506	20.038421	31.132108	17.506935	24.673578	31.566812	29.866372	33.181897	28.083096	9.974752	34.220536	30.228046	28.078960	35.660373	18.953227	20.987470	30.716305	30.729282	10.250099	33.019371	33.800347	19.339149	34.801300	15.002321	22.564101	20.964867	36.818256	21.349399	35.406434	34.971926	30.242914	30.936421	15.992748	17.588701	8.209781	29.586152	13.686132	26.623087	15.973014	16.310817	31.937056	16.249601	20.930779	25.930726	34.049773	9.040177	15.174459	15.783591	32.889912	32.630133	32.238381	32.435815	21.748097	29.729613	36.485672	37.497109	8.512589	34.930040	33.810291	18.117715	25.434376	7.709753	10.405283	18.637571	20.367816	14.729479	21.565257	34.329863	18.818837	17.684750	18.047232	13.778659	12.423522	9.126146	27.334300	18.775562	35.532869	20.465733	25.916623	29.452677	22.190148	22.346293	11.524844	14.728357	20.310716	19.404516	37.635828	10.516625	22.302723	14.971285	37.320092	25.355675	31.949655	25.251014	25.428209	26.077120	10.740488	21.691646	12.240095	16.398501	25.530858	17.786246	8.658428	8.401914	15.636977	19.263545	30.123889	32.741374	12.054717	13.859373	23.303891	20.034376	35.259862	21.975439	18.770201	16.013663	9.997240	20.637271	17.087843	11.088486	13.485687	7.848512	22.808437	11.478813	8.078884	27.302724	23.468413	30.584027	12.581400	23.173525	30.094062	30.531210	21.983724	7.682106	29.614793	19.361282	21.017369	15.967211	20.665044	14.766850	30.479485	19.340381	17.471117	30.592823
37.542199	17.441606	11.253662	19.852355	30.927817	35.478269	7.907007	34.266664	8.078764	34.528941	14.071388	16.888283	37.350641	9.228168	30.578173	36.996292	37.158834	17.126672	9.468652	20.410568	13.609014	35.052777	23.330950	36.169755	31.765676	20.990860	32.566128	17.291475	17.672495	28.396266	29.054010	21.547233	19.694816	15.466877	31.553514	32.005275	36.345606	12.749705	17.284168	17.071439	22.944547	18.892627	25.870414	32.657604	33.945984	11.301403	31.251119	22.914144	25.632188	8.237560	27.500173	36.606009	14.477450	27.594040	36.283972	14.404556	27.099166	33.279392	10.830299	10.865352	22.424194	16.024372	34.579235	35.663063	11.590849	15.017399	15.655221	10.709322	34.371246	20.006757	28.762892	11.379067	12.610518	24.371562	8.784414	12.330927	20.075934	35.503635	20.987403	8.029579	8.642694	29.904541	17.092047	13.437232	29.331694	18.758576	27.255850	23.196834	11.924154	8.210334	11.836333	25.930022	8.751899	8.600572	13.263080	15.230941	18.054614	28.584010	21.888724	21.998303	21.393015	35.852663	23.165901	33.026838	33.406583	13.230289	27.018248	13.616024	17.979303	9.315076	20.033921	9.399910	27.217865	25.854967	11.578325	9.754962	31.966859	37.579382	13.137137	23.025204	17.908568	21.755837	23.506395	25.768862	24.614845	18.525130	26.239595	9.676710	8.136561	34.958844	19.522105	9.667168	24.082283	33.430323	34.192013	16.555746	13.715996	36.010835	10.559028	14.113238	35.184668	7.692203	8.900121	22.946687	32.035436	17.171371	22.898448	15.693058	30.941054	9.553652	26.287781	8.368886
17.728895	19.858129	9.576247	36.020262	22.326538	36.516292	18.676895	13.127057	11.178434	23.953536	9.871107	36.467515	15.222737	21.871743	11.844821	29.266117	13.706963	21.838437	27.868098	15.756718	33.121010	27.943735	13.927718	11.816598	20.991288	37.809275	23.755852	23.118290	28.187893	31.091659	16.157102	29.814591	16.991496	10.693446	16.481552	34.150522	29.774102	22.804409	14.037495	15.322945	29.306391	16.257785	16.767327	17.707831	12.589505	37.303793	12.997058	23.052683	32.299535	12.722864	33.022825	13.057626	22.699433	35.527439	9.731966	37.450068	22.159355	23.464021	34.608807	36.672551	25.367068	21.301870	24.692506	7.758730	27.978166	19.850072	32.979859	34.048755	9.606716	15.724252	32.281474	37.462536	9.841622	31.685687	14.681923	16.402095	36.979179	19.840062	21.857545	32.133897	20.463772	31.156559	29.024815	10.618511	36.872680	32.200698	9.543213	12.206507	20.481438	14.370829	17.325247	11.647169	19.988443	32.463798	17.914739	18.114613	31.982404	12.059380	20.739772	19.844115	28.527436	32.974483	36.972646	15.916169	29.942513	21.346428	26.168096	35.016860	23.648913	31.379981	30.670110	37.664962	20.681053	9.865631	36.776165	23.395524	17.623589	32.943778	13.593368	28.350486	22.301126	16.572689	31.742392	14.152225	9.502775	33.769642	16.488245	37.324643	14.853202	9.923359	12.605937	34.844389	9.809880	8.979928	14.830778	10.203210	33.681804	12.938080	12.924121	14.046063	23.283919	36.081202	29.404895	14.316429	31.864594	33.058434	16.563693	25.360542	29.683254	26.564049	17.721262	17.353144
8.193982	16.360812	11.770105	27.195220	20.892039	12.709653	35.324940	18.033313	16.959960	16.550142	19.574170	12.499598	27.060950	13.801025	30.630988	18.307749	26.761963	20.876751	24.437050	15.838208	14.968713	11.568605	16.201714	17.675639	12.230269	31.505218	31.058923	14.311990	15.555362	32.418062	32.879372	10.874688	31.251453	13.242360	17.229323	36.017903	27.535910	17.785376	13.502876	15.158935	16.853839	17.920579	18.815472	27.576805	24.497064	26.741560	34.338640	18.923964	10.618963	20.267895	15.768550	21.790034	22.124018	10.545602	14.749786	30.250099	19.155738	11.260582	20.874834	12.504014	10.333742	12.030717	27.261594	29.720501	37.260311	30.578418	21.578392	20.998128	22.248249	19.297224	33.560545	24.969862	24.631513	29.009555	16.463872	20.507652	10.649073	28.800325	29.533700	32.110179	25.949440	35.593045	37.143910	12.188707	20.439192	37.583184	14.516782	32.593681	34.243785	26.203286	36.526554	19.698857	32.727468	19.645546	36.101940	10.327984	26.961518	29.403302	14.443110	26.226824	26.351186	12.386611	26.170628	12.116721	37.484096	9.976165	37.749300	20.637515	34.888941	28.811684	27.011568	34.741480	8.708069	34.606254	15.085870	10.240245	36.360721	16.123009	24.273235	28.584473	32.118516	17.941686	10.980644	12.966455	9.980942	36.929853	30.325851	36.498260	29.520940	16.942857	12.788931	31.792695	36.798008	20.970070	19.221029	32.850693	26.284818	30.252754	29.051703	25.268312	31.362299	22.713198	37.791486	15.150897	29.069921	34.116758	23.561810	9.064572	15.056024	29.638561	30.982159	24.267037
8.823381	30.578441	34.259968	19.722828	28.531082	26.879578	25.155084	20.928735	37.569848	24.542413	33.568253	16.801829	22.693641	12.427362	30.761956	26.279541	26.041272	25.159127	22.956162	13.073260	35.894437	33.547880	27.130075	7.747886	9.389142	22.024959	19.851211	24.371498	20.451259	25.661869	31.241882	34.904112	9.796596	32.999834	33.893990	17.855787	28.549369	31.902461	31.888712	20.566743	24.668103	28.907808	7.740287	31.207481	32.033157	27.532373	9.398743	18.826256	29.357802	36.556125	28.796404	13.798634	33.280339	26.097378	10.803465	21.173597	30.266622	27.535968	34.431926	32.046723	14.483528	9.835474	10.459646	22.930138	22.639175	13.805266	35.037528	31.692423	31.020640	23.160264	31.009095	24.542846	36.893000	33.174520	27.252447	36.307125	7.961994	36.157428	29.039465	24.008592	32.818236	14.632853	34.023204	10.491699	29.799811	12.915646	37.517193	33.255044	30.871212	21.639474	15.904330	29.743396	30.339328	30.694285	7.850189	18.625522	25.263832	23.395944	19.879969	22.475616	12.374888	10.440007	33.896565	32.203615	7.712659	34.088695	20.017999	34.915566	16.021528	37.681792	35.106548	34.075224	35.394557	33.471599	28.662116	17.520565	31.649266	14.384520	10.423245	15.388813	12.004899	17.975353	9.012336	34.695009	23.440269	15.254427	12.452472	18.996990	9.958987	19.576022	29.005302	11.117211	31.273391	8.417822	27.040264	11.880867	20.414309	13.642636	17.503587	22.604507	11.523833	23.173779	25.891728	10.945039	22.896419	16.937599	12.248524	32.999259	16.132714	7.974507	8.739685	12.888463
34.795923	8.888935	8.451851	23.604650	14.790101	34.569004	35.218567	35.338857	28.791894	36.555972	12.999023	8.025291	8.685354	33.300151	10.829047	18.478011	14.691120	23.794042	12.157218	21.761666	8.874928	7.738604	30.769434	15.865695	37.475403	24.373922	18.696895	15.492039	11.463939	32.505027	18.401094	14.545102	20.476478	20.873446	21.366469	19.160395	21.356475	29.070742	34.637116	22.550834	30.144552	9.175078	9.512220	33.153795	27.857751	21.070213	27.829407	33.311832	33.978631	33.851642	24.577209	17.113865	33.160086	28.497727	19.868882	23.852004	22.998610	21.810171	31.100124	14.864785	36.899221	26.458964	31.353610	26.756327	12.569530	9.738847	33.739653	27.897594	16.339699	19.183980	19.275588	36.737505	30.921994	23.295504	27.049095	26.484709	30.287386	16.321696	12.424509	15.122643	15.902682	9.391981	10.037246	30.564315	18.193764	19.144410	10.096836	28.632446	28.135341	13.497406	26.367064	25.435524	30.932344	12.824514	23.443323	37.135326	32.700661	14.917099	22.165250	15.201780	29.532836	35.710677	22.677762	15.743664	15.809728	8.463565	34.366777	17.254247	34.961404	31.684383	36.833620	31.811999	34.842778	35.539526	32.832706	30.724387	29.539600	31.996662	14.053623	23.974764	13.871300	37.541933	17.004182	10.488839	22.196761	35.186124	11.385141	14.897122	25.532488	31.833294	35.250314	17.377351	25.273477	13.016626	34.858066	23.091289	21.292089	10.474378	22.508684	24.204980	9.837350	31.190517	8.810989	32.542269	12.148201	14.894610	37.435377	26.452967	23.661912	8.191409	32.335780	11.279024
35.949860	28.066462	7.852566	27.960158	17.207758	9.117326	12.382337	36.879984	18.708803	33.108700	19.579931	34.850585	16.535882	11.681031	13.737711	37.145307	30.539345	32.511007	31.426905	12.799896	23.601864	19.994560	19.871704	28.582350	25.704124	17.989145	19.742141	21.406574	35.434823	34.934522	28.599147	32.323288	28.230688	27.132598	15.292693	11.590606	35.398773	32.775781	19.142831	18.745733	28.164867	12.678793	13.178296	10.710376	14.954262	26.311014	21.267452	35.611531	27.737509	27.349815	24.772724	22.002792	25.415351	36.646510	33.454425	30.938573	18.921725	33.369242	22.927432	20.424591	12.172841	7.647150	20.807111	8.991774	23.724129	13.320748	10.797928	17.359475	30.629901	36.245955	23.847937	15.720742	20.291990	18.626520	30.385018	15.815388	24.276293	9.722459	34.209854	16.871247	22.544634	30.782748	18.034344	18.104740	17.553138	10.402614	25.237709	19.755083	29.222122	32.287785	30.697854	16.070693	20.131927	28.255806	14.653730	32.737682	20.462433	9.695716	37.177998	25.719420	33.588825	34.582823	20.144054	10.828806	25.234669	34.057374	29.730975	23.548782	35.449596	27.837709	21.920059	30.834609	20.898247	20.759446	18.727844	29.122470	21.003589	37.099662	29.922656	29.308291	22.703119	16.886993	12.278626	26.376909	25.499740	15.309988	30.821365	28.112902	9.746064	16.404748	18.784891	21.810497	9.129511	29.811803	22.310737	16.875946	18.123735	34.109805	28.157335	12.418979	14.339052	10.935210	18.652260	30.369950	19.801756	33.850875	20.086361	7.684835	37.079668	29.619978	29.893242	9.221968
28.919473	30.838043	18.981418	19.230304	16.502690	21.841002	11.086282	8.262161	30.603513	29.399065	10.517228	11.199464	26.822529	13.963255	13.187887	25.420726	31.537039	10.475566	20.563354	12.498066	28.496348	35.638742	29.752046	15.984391	11.436324	22.731389	12.261718	34.159568	9.793694	22.413309	20.164953	19.965890	9.649760	26.657663	15.026755	11.058026	30.390466	18.925475	20.271359	34.227532	36.032669	14.289521	32.569656	8.105624	8.122590	18.978094	8.704860	32.152928	16.610721	29.804152	9.558299	21.722482	27.166289	29.274901	32.320637	36.416383	8.381338	17.481179	24.737766	36.679175	18.205258	9.016656	20.955445	7.772160	36.433481	23.214452	14.425635	23.933130	34.958714	23.449923	16.867651	29.014500	24.774040	11.660140	36.066955	24.424689	14.620895	29.830798	10.949270	31.777292	10.837487	10.561997	24.494772	32.664121	26.043387	23.542815	19.635176	24.462502	19.028819	10.153735	34.418832	17.798684	29.625282	30.760566	34.037544	34.380131	27.269705	9.001052	34.297574	23.016094	28.004553	8.850852	36.244561	21.767308	22.267520	23.391575	26.996887	19.075568	22.421086	14.577244	19.942675	33.757402	30.524576	19.959469	24.508230	25.668572	8.655148	22.437512	23.930533	37.438877	25.683811	25.530065	27.912027	34.467373	34.302307	13.526262	23.607054	25.634149	28.514961	31.863331	18.186717	31.359471	9.761189	33.026521	14.126795	11.225973	35.314483	28.101419	19.170233	25.463189	23.978454	18.776625	33.580776	14.820704	32.294200	23.793373	32.767327	28.252144	8.794183	26.341767	8.790341	24.482525
32.355145	31.806688	25.830121	20.558545	12.040889	17.943201	19.285698	16.354624	17.133755	22.380148	19.189430	23.493876	32.798477	23.810199	34.563462	16.670426	20.266883	25.197946	22.194147	22.197647	8.226754	13.732043	37.025045	9.312971	34.641917	15.643097	15.096407	14.331049	32.005737	13.345283	35.973169	22.907204	35.819007	16.219553	29.855881	17.085842	13.234627	34.668394	33.499673	36.709101	22.419061	28.707488	28.624546	24.099597	24.747524	9.936558	23.543597	16.782288	21.709493	7.971333	26.229426	9.192270	9.264388	37.442426	18.861824	32.352867	16.646966	27.074841	36.947011	28.097332	16.347932	36.744897	23.868898	20.845254	27.811061	11.535719	22.413156	32.185299	35.127112	27.720478	25.267200	20.367528	17.081777	14.632618	13.614040	27.755862	12.365743	21.470968	10.452163	17.827126	9.823542	32.705722	16.532632	31.102027	35.243169	18.090880	15.112849	17.633718	33.468710	28.994817	35.513314	8.562891	23.284500	22.131667	21.612731	37.322119	22.289313	34.414309	11.382965	14.652132	12.281099	12.083706	16.156509	17.146894	26.280216	16.827435	26.482500	32.731805	15.733430	20.258239	8.476659	21.545914	9.635474	25.488992	19.742419	11.345264	12.723941	31.302937	24.673219	11.621282	30.994033	29.073670	10.597179	36.655227	29.473305	26.694057	29.644675	34.821699	12.511242	20.013533	27.304629	13.562925	11.902580	13.966568	22.140871	33.819556	33.251687	35.519220	31.533631	12.935218	26.161890	22.830665	33.762302	15.305869	8.384944	24.782180	31.565049	16.728673	31.068165	32.717535	9.719638	30.740457
36.612682	9.017011	27.179327	35.089041	18.002029	32.389394	8.976592	37.487469	21.920300	19.587331	36.611020	28.809395	20.122807	33.101153	35.864878	17.685760	15.040345	9.425323	8.797227	9.130737	28.386154	35.239547	9.851720	18.979912	19.534153	31.746563	37.123108	11.887186	17.205748	23.508563	35.342408	18.576943	17.900700	25.563999	14.923623	19.088924	13.745201	19.275461	9.042830	16.516512	36.579429	8.860597	11.410605	22.890559	20.233400	23.787676	20.756151	32.630528	29.763349	17.206641	23.711425	31.019474	8.411709	24.217384	8.929043	9.100123	19.402169	27.712352	25.174774	13.402469	27.907468	35.748040	10.486329	9.316987	11.167322	12.628033	26.071570	17.463039	19.592004	36.926020	34.672125	10.772650	16.849588	11.575997	31.766540	20.021272	21.812485	26.124105	32.447397	7.597557	30.767502	16.124674	20.088477	8.100955	10.271581	14.930611	36.953212	14.751123	9.167016	34.391894	16.515389	33.023059	29.725419	13.031636	13.819264	12.212643	26.933879	37.090628	22.405606	18.830648	37.360650	25.302945	18.347424	25.947613	19.160206	33.360150	20.665104	13.949187	34.192733	19.930910	15.953951	13.596933	19.236593	17.841201	7.978884	17.151584	29.869523	30.349101	33.786343	36.096428	26.263770	9.113073	13.219648	30.825761	18.635323	34.998021	34.562961	33.019088	9.644731	36.488879	9.161569	20.304491	17.033671	16.178227	35.644619	33.432995	32.114250	24.528369	35.250334	12.591274	8.973915	34.466491	27.115941	18.331123	36.382721	8.826281	10.827440	31.644019	10.122609	13.966890	30.575964	21.872085
12.662292	20.501413	16.466939	20.841889	31.839004	36.418586	29.968924	27.230943	22.806280	11.824854	27.141759	26.308651	29.315616	17.842661	8.788513	14.463290	22.921717	21.116537	10.541113	25.781727	31.579955	36.483229	36.002578	26.698763	8.934527	18.722993	35.137001	27.351453	11.438570	9.088979	31.951742	13.676085	18.221434	17.475950	12.089299	30.680873	25.496954	22.782032	32.782994	12.947839	9.539912	33.738269	36.992653	14.135999	32.843939	25.517737	8.946906	35.263105	35.315575	9.614533	22.614115	10.551769	13.544036	25.989323	32.250698	26.759339	23.868058	13.189855	31.384582	17.670402	20.779155	28.257189	21.772810	10.925537	13.818230	27.905532	24.908563	26.495932	27.562894	26.597219	11.205729	37.290413	11.124026	31.264271	18.856940	21.965156	33.811839	28.618259	22.386015	18.751736	20.885548	10.148471	8.728279	30.911560	15.911624	7.921238	15.920653	21.213468	8.307176	26.950033	8.366959	10.228126	22.310819	17.492137	9.852315	14.562312	26.966017	26.122230	37.069470	16.299615	20.488059	22.666068	31.719367	30.291878	32.647368	32.404918	13.713893	17.986352	29.626281	10.671646	34.886067	27.875675	12.805430	16.655500	10.707173	27.866396	17.662104	33.663553	35.607035	11.465541	19.920823	30.236540	28.066555	22.057439	22.144575	36.682333	27.512876	35.125114	10.498113	18.059095	31.259228	26.300509	10.492205	7.914067	22.818526	28.116029	19.714317	35.959539	22.265843	34.657835	12.519907	32.534474	15.991584	37.017851	11.185712	30.336309	11.500104	24.601218	30.742530	22.098735	22.469017	9.963690
29.514163	21.667408	22.017415	12.464513	23.566754	30.665376	31.278759	19.184058	24.228945	32.402863	35.016167	9.083907	37.700007	12.253976	33.518541	28.417559	15.600396	36.692064	20.889008	14.452852	23.637003	36.112648	29.631979	10.270867	19.572291	36.882733	10.578934	22.463625	12.723825	37.641082	26.553423	24.601487	20.130599	24.527481	13.174684	21.874220	29.230986	21.927729	33.750299	13.740674	23.527363	12.211901	13.971224	24.986273	19.356342	34.423307	36.359125	27.172095	29.285592	29.031136	27.167133	13.135996	32.764756	25.801587	31.686872	26.714639	17.555005	7.796514	10.760074	16.090838	10.749564	25.418608	27.043175	30.371417	29.282735	24.521146	21.521495	37.354661	13.520372	17.536546	37.149505	10.567585	26.674937	32.171599	13.251686	31.799250	33.241614	10.322232	27.200254	8.819966	37.749479	11.565634	29.511599	9.679104	35.650864	23.509867	32.881993	9.963317	23.333390	27.402644	33.611066	36.180326	24.175643	37.787739	18.209775	19.006543	17.186936	28.193728	16.795518	26.867869	34.370836	16.913355	37.506089	31.245171	35.247133	20.052173	30.412976	19.942534	26.434645	15.122946	35.683083	11.463184	16.324467	24.529890	20.648129	33.486539	10.263092	12.284309	16.480758	22.026673	24.479711	25.411730	12.175413	36.277258	10.351296	36.951129	17.722980	35.698525	20.899874	15.855489	21.481881	27.546243	33.347744	11.985692	13.645478	37.395387	30.486775	27.568984	9.761238	25.032871	8.955372	8.520357	30.224697	27.880936	21.370566	29.503653	27.318348	28.373431	14.222738	18.205541	26.733917	15.664581
30.925976	11.811798	15.706139	16.925713	18.006547	11.764783	35.659575	16.090663	14.196562	14.141119	12.561395	16.998254	24.364194	13.824891	24.346040	36.547727	23.130216	29.958138	15.695567	34.566388	15.269996	17.875719	8.991997	33.977606	32.833514	7.780935	13.279940	12.202108	21.668116	13.819950	25.499726	32.749058	23.272047	25.820420	12.032416	17.447817	12.034484	23.461591	11.881720	10.567086	28.755926	16.535653	33.486126	28.503200	22.319246	14.294140	32.623011	29.873552	19.048335	34.602391	25.539025	36.634436	18.544896	37.216368	31.103055	32.281421	20.246229	17.832998	12.764747	22.427072	31.512054	29.414452	31.434512	26.260966	16.605943	16.378657	30.027397	25.803433	13.542350	31.277942	10.608246	22.962520	11.916311	34.853454	11.864663	13.397830	33.400471	8.552693	9.750167	19.467989	28.926920	32.604657	19.958225	26.875358	33.828297	18.085156	8.813274	18.083394	22.651518	19.589275	15.004952	11.255449	12.363869	12.022599	17.365130	16.470865	8.399546	13.901947	30.191501	22.215464	37.696472	24.164601	32.091550	34.839238	24.103153	32.433870	22.480169	25.724145	36.944540	32.437544	16.246966	28.411060	14.197426	8.963285	27.456248	35.833530	26.712529	32.643158	15.314669	23.529275	35.500641	22.759897	10.463790	9.644667	20.431974	22.019551	28.371920	20.405386	24.549177	14.066269	11.770976	31.549164	18.196807	35.051367	11.799586	20.030879	12.664120	24.888453	11.698524	26.012226	13.526376	30.368738	22.806484	11.334339	24.247082	35.704875	14.748934	12.325421	14.056564	26.866440	26.949822	37.632513
14.808369	17.224633	37.188308	16.800540	14.885895	24.652334	29.997328	11.298124	27.344095	23.012562	20.572382	20.600526	29.477821	27.066144	24.901667	25.470073	30.835699	29.142504	30.095937	28.044178	28.138340	33.010497	15.288602	24.969379	23.769282	30.625346	24.723048	32.252036	16.294756	37.171767	16.806032	23.426597	27.613591	26.014278	19.837868	15.452689	18.283703	11.601325	28.821938	9.744762	29.722017	9.092367	18.385715	14.724673	33.337339	12.151143	15.776227	23.413874	30.705962	27.334674	30.638533	25.074993	37.284569	14.098517	37.727800	19.068020	14.593842	14.210535	12.484415	26.993849	25.937726	11.904736	36.097060	24.926321	8.735014	27.281682	8.203442	24.143882	37.558862	14.630371	26.193618	36.824228	13.325203	21.285626	28.295503	31.019027	27.608002	23.803052	26.783289	10.610774	22.876092	13.346382	11.511310	9.938693	12.039290	28.706671	8.364925	13.720319	29.002193	12.777293	13.942656	29.024633	9.246058	30.957369	25.862145	24.807584	14.428478	23.667190	24.544389	10.396066	20.129576	35.448673	35.289507	27.320166	31.738898	30.532880	27.958206	8.027239	29.483638	28.892509	28.928719	16.773094	33.179507	32.373533	37.380217	24.367591	25.971101	31.172304	22.655668	11.000685	29.049418	24.004725	18.268307	22.595369	31.069667	19.027209	17.527864	16.114601	10.741673	25.863992	13.332185	19.282452	10.212403	14.617319	21.132144	36.895206	24.635011	16.134189	10.711952	10.412739	10.907544	33.000813	21.957911	27.808291	32.233451	33.587423	19.745359	25.403233	30.120412	28.783836	12.477828	14.154007
17.100701	12.728425	24.951519	19.788785	8.529051	18.176618	7.679862	27.375021	36.548473	14.347492	10.339173	14.998853	7.746021	10.698396	34.382564	32.912721	7.729655	27.773107	15.725569	11.818249	31.198818	24.478468	29.150028	30.201283	26.559764	8.659790	35.311582	28.985038	17.416119	16.454416	7.566525	31.814844	18.381065	25.894675	31.526869	8.119964	14.889540	27.411887	15.889408	35.537786	12.600068	35.359229	29.483830	22.751175	21.863915	28.990275	37.527625	33.566425	28.670816	8.966529	8.797612	22.550615	21.833339	37.517964	22.840967	10.955095	19.771772	25.038303	23.267621	20.348885	12.613041	9.270262	26.572913	21.211030	15.518520	20.361485	35.808238	30.258377	28.165692	36.545041	22.659636	17.299418	11.292822	8.829286	12.697016	30.544156	25.413247	19.850278	26.947146	33.447930	37.725664	17.756924	14.891034	23.446520	20.732039	29.503919	29.882973	13.922478	15.395352	33.696330	16.582308	32.111389	23.495217	20.527279	30.083824	20.766000	7.606653	29.199468	17.016704	19.417986	26.826116	35.353123	16.707042	25.983577	10.836333	26.513664	30.518093	36.783660	13.365350	19.794546	34.783499	36.954244	34.203869	28.219152	31.795986	33.365987	26.161486	25.645294	16.943010	22.286602	37.330544	26.637864	11.308062	15.905842	30.378012	26.478769	21.347211	30.868377	29.229410	29.811462	16.106590	35.396161	17.419908	21.448851	20.577686	32.878739	32.627595	20.299741	9.773131	37.795988	28.515982	29.171756	11.968400	26.110578	36.460803	27.468798	16.365420	8.740644	21.593298	16.814067	16.287433	27.544254
29.300852	13.869172	14.598180	15.131872	19.032887	36.969240	13.989416	11.523460	14.298136	28.183729	17.035030	29.765152	17.764401	26.105875	14.040958	29.634431	9.322428	19.892077	31.065274	16.432648	27.166071	9.326191	19.366671	8.384038	12.995810	15.683789	32.959724	10.637024	28.358273	9.138138	17.449081	16.435306	14.376449	34.228850	37.397640	23.587034	15.216365	25.503195	31.582378	12.518936	37.603732	20.432766	24.959530	29.836588	15.611642	30.409211	8.437485	21.434200	24.382141	16.387875	8.239376	23.707814	29.570953	11.074489	30.464595	34.644313	17.260691	35.707763	11.536914	31.442982	27.151247	29.438228	32.522262	10.760015	23.728569	29.706430	10.129834	24.065181	35.172600	14.664843	36.825844	26.977674	28.644364	34.470688	14.654942	23.361748	31.617883	16.365957	14.435800	9.586520	21.658504	9.171224	23.343167	26.536576	8.537573	35.727270	19.854462	23.327276	28.396581	25.012058	25.458398	25.881760	36.976375	34.217677	14.050808	7.999903	17.812826	16.934600	23.943377	29.481008	21.040803	34.653323	12.213813	16.109489	28.839947	15.627744	24.434841	32.281700	23.309670	28.524855	9.993973	17.393970	14.578317	20.359404	7.730957	14.205510	28.906991	31.861952	17.084577	17.377814	22.657535	8.448033	18.897873	18.249722	33.579786	24.191554	24.886643	16.928555	8.242481	27.401854	14.814437	21.118256	28.890482	9.222386	30.397443	21.042832	24.024615	29.531369	20.606305	37.172614	8.827529	19.840014	35.474487	22.796944	26.861483	23.977659	8.859205	13.350297	21.819925	29.469121	36.703599	32.371287
34.390753	36.063210	12.554981	33.136847	31.167573	35.571905	31.683828	10.309267	22.116205	10.441306	9.988607	12.992194	37.579420	37.668183	22.165908	32.497155	28.042646	8.701683	31.788995	9.296201	29.396495	16.181027	22.758132	9.094980	19.378897	13.882759	22.955080	16.135376	31.700300	13.702842	12.877469	10.694615	17.370812	31.837924	15.286565	24.989018	14.768030	16.981746	22.313364	16.025743	15.158397	29.304835	30.472283	32.579587	14.060835	12.905566	30.675867	36.525874	21.042919	33.522580	16.037837	21.146496	26.909566	27.509425	17.736399	31.730766	15.213658	19.028340	19.011784	13.266332	31.387922	27.324853	11.023429	19.356344	36.507645	13.308968	13.118987	28.541860	7.660549	30.588814	24.557918	11.642716	12.636782	17.586780	31.818795	19.474208	30.491265	17.559890	36.961131	35.709292	9.712980	32.283615	30.242968	26.575272	8.572840	36.629886	21.062150	20.125900	35.589997	26.694913	36.861162	9.932880	19.441541	12.311770	11.514158	23.452075	20.840933	19.257060	33.623886	37.695717	16.008034	35.482446	31.002854	11.478066	9.836743	29.613334	24.279623	9.158734	31.257400	36.887798	26.215257	22.229728	16.475395	26.292069	11.875216	18.371571	17.226527	27.590973	10.945118	11.812210	12.001118	31.019568	34.608705	21.803530	32.957999	35.099855	10.312415	35.143921	24.105715	17.853528	31.631086	19.323894	22.533074	32.678329	19.388562	28.313659	13.018460	10.644518	29.796439	16.466871	20.306949	9.379411	19.265873	10.262399	23.072538	18.743298	34.734016	14.530002	37.165410	9.030091	15.346766	37.292477
19.974833	36.957296	9.852207	13.716912	33.837783	32.244843	22.951485	26.204728	20.500098	17.690541	29.783371	10.794750	19.998208	9.661182	26.579646	31.491910	25.099118	9.822851	33.321062	26.769253	23.841891	21.706216	28.138824	29.692693	24.366271	20.500307	13.510194	32.629499	9.976882	18.235850	9.510422	9.773597	34.583365	9.291972	12.660658	12.440992	32.932677	13.162134	19.290888	35.856854	32.592143	14.017074	8.298243	13.128959	12.617660	7.653916	12.414968	12.774983	11.112623	16.648936	25.354159	15.369875	35.461180	20.980557	26.314253	21.147343	31.408448	21.063241	11.876137	16.380450	23.933587	30.776034	27.359202	32.696636	33.193243	31.493293	16.730592	12.235142	18.180667	33.878315	10.280869	20.847358	27.662584	9.576500	17.669792	13.057986	32.271307	27.774016	15.966553	17.989969	33.258705	11.886957	31.194748	11.373769	7.785918	8.109191	33.505451	19.511300	8.898917	28.308363	15.398659	34.805860	19.021132	32.879190	25.624295	10.323706	31.147979	9.723146	10.327692	26.078250	15.776074	22.902966	24.973006	23.707552	22.081729	16.793223	23.836252	12.472044	17.175051	24.735485	23.497864	30.587253	14.873303	28.795065	7.980439	10.027744	18.833813	13.458150	18.366991	35.433932	23.497043	20.802247	23.083965	34.279979	15.750900	34.187717	34.643124	36.512089	16.606261	28.904255	10.051525	36.123232	33.190194	14.355725	36.976059	18.734533	22.385575	8.603675	26.124293	19.902283	32.416830	10.266869	17.244524	30.816878	29.017836	23.814865	30.068201	36.422195	15.457919	10.479811	32.352682	10.345768
33.135764	18.319183	37.686180	28.123750	13.236882	9.308948	13.371147	28.064049	30.573318	32.461795	33.202429	9.413164	31.753843	30.202209	9.388776	13.541316	23.037620	7.725457	26.452512	35.385299	15.264138	9.072322	33.105451	26.299619	11.135055	13.374089	15.665220	35.807498	8.822584	10.269965	19.553043	23.368404	34.372410	35.249033	16.813247	29.979857	35.237987	9.227946	27.028478	10.103771	17.333313	13.157364	31.620085	8.806400	23.214825	23.599958	18.709159	31.206148	30.780487	16.328105	33.848838	30.702474	15.627061	18.201412	10.449778	9.987142	29.317643	24.598687	21.638607	37.294973	21.775780	29.917877	20.577846	18.264675	25.258097	30.666049	10.501934	30.596180	28.966785	20.093017	18.017123	27.181084	37.366557	30.861044	15.934720	25.876019	25.003606	27.497783	18.802682	14.607488	16.195240	19.763585	27.131648	8.930723	35.068722	28.137217	7.682046	30.895528	35.074321	8.280132	16.735451	21.414880	9.901040	20.022118	33.596727	28.937204	25.981735	21.042584	11.323988	36.501217	35.932100	8.097939	19.179405	27.827924	17.723376	22.800932	9.552248	15.679426	27.390573	31.887364	34.814913	18.387080	30.064419	10.340724	22.969518	27.623241	14.050979	18.427489	35.628252	10.571606	13.337864	11.616449	31.195228	35.238863	35.682964	28.135256	25.414437	23.577367	29.950553	13.002053	10.911930	12.868173	22.103896	24.080961	26.121325	12.980773	15.310821	31.030296	29.465774	17.928600	35.797702	27.088159	29.015906	22.476772	32.680954	27.468821	24.688919	27.265863	17.384428	29.831353	33.582049	33.753713
33.819370	11.466104	11.209566	17.503964	9.522894	36.999620	22.436835	21.810563	19.845472	24.521672	14.517727	22.689719	36.793138	35.938858	33.262019	16.217317	20.219336	16.873100	36.522469	30.902947	32.087152	15.303588	8.308879	21.637422	26.001121	35.423525	33.219125	21.024512	15.416742	34.601062	36.872621	29.421719	33.534330	13.502654	15.968969	7.970624	36.300607	11.722266	36.892432	12.450465	37.084554	19.277141	28.413999	31.885786	31.359722	34.767606	16.463911	34.754003	32.470499	30.932305	21.298349	12.666839	16.004826	15.329419	36.968168	9.316920	30.236512	29.335655	25.554072	30.796723	29.849379	12.944425	19.569441	8.655822	30.149957	21.659496	34.466540	18.140708	37.354452	7.582464	8.946248	9.660864	10.559739	25.404492	19.488075	30.933522	30.420386	36.564952	25.326382	16.274231	11.344693	29.347840	8.458012	37.190449	36.381891	30.501560	15.652649	32.998922	27.667488	25.063451	21.494510	26.330551	26.241850	33.210010	33.342316	9.848672	10.467142	18.389244	10.011410	30.126765	16.116072	9.941748	37.497863	9.693447	21.418192	33.739289	26.543485	21.186310	35.901899	15.091441	35.119200	26.555985	21.674786	15.488033	32.402447	18.227458	22.771251	8.626602	28.715060	29.547454	24.578711	26.066900	20.514692	10.049485	7.948387	18.836427	26.017361	37.475360	9.465569	20.177066	37.532172	19.305780	32.842957	12.047684	17.624429	18.687524	21.176406	18.717600	19.514812	26.911950	29.473531	25.898308	23.790244	20.992502	31.152190	36.455143	11.895010	34.195963	37.315058	35.047750	20.660422	15.012038
34.446237	33.430949	28.626441	22.082841	11.369398	27.356390	14.495514	30.519838	10.221018	33.466546	21.397682	30.046879	27.606598	28.563987	8.017644	8.732346	20.263637	28.548967	20.033300	37.179651	37.309407	19.460527	35.111492	26.061072	8.634793	36.322572	20.937375	27.986973	33.508867	14.551885	21.140925	11.911289	35.237888	13.737540	28.184130	19.374907	12.724045	22.748646	35.916728	22.233027	20.461160	8.962467	26.343671	37.010658	30.988852	28.859070	29.106687	17.341358	8.141337	22.990878	26.671052	27.761317	34.350978	26.320920	14.899794	13.047813	29.126564	31.591107	25.558058	27.321462	7.758971	32.693031	12.638942	12.764278	37.772333	15.350520	20.687647	32.531511	8.294381	9.364974	8.592489	15.072627	18.754348	34.389845	16.517784	17.176721	24.960244	19.482285	10.577863	13.981517	11.137649	20.218021	35.954183	34.026700	24.329466	20.246286	16.357258	7.855952	18.476818	24.921112	20.708620	18.860341	23.804024	27.142151	9.606389	34.028197	35.760319	30.376199	37.089330	31.361819	9.684271	32.260193	25.163189	8.014709	32.514571	10.337226	36.074085	17.600032	27.643450	27.715327	28.523110	33.207814	9.792745	12.968975	33.481692	19.734263	23.982222	8.385249	10.052015	24.148968	21.083595	17.905243	7.612315	33.928423	33.852486	28.156035	22.938041	35.308371	23.130053	31.090757	28.976892	25.279054	7.911187	8.103898	27.516359	19.296734	16.690962	36.212656	37.546330	32.053477	16.130391	13.658552	9.457706	37.529534	7.776632	29.413523	18.555544	9.318525	36.929070	11.917904	36.462438	35.324205
33.326607	25.933442	20.751081	36.268932	18.599934	12.918812	14.280874	16.673259	29.395140	28.942003	21.986906	30.545133	31.045420	36.739076	30.098195	23.516940	33.617722	37.327158	32.938004	19.584504	28.709060	37.098752	30.569709	20.053469	26.294616	20.440012	11.911746	23.587679	22.136657	10.351912	15.702946	31.059812	15.605443	22.498633	35.547543	18.504758	24.042653	25.115518	26.211603	19.124300	26.907866	7.942468	19.145292	32.649543	28.334940	36.027154	24.010142	23.756211	32.409296	9.391883	10.615158	32.875032	14.806323	25.426487	11.817980	25.412351	17.058538	11.061905	17.463087	27.483278	21.645849	26.075352	10.016962	16.290399	9.514638	15.355882	23.175380	9.627105	9.707164	27.849250	29.211746	19.630501	32.600949	11.469318	22.878753	8.476833	37.756070	26.097785	17.589006	24.955743	14.028293	30.114192	21.590872	21.153163	17.367059	18.207145	14.047963	11.021475	18.421203	35.698277	36.768214	23.381236	22.224099	22.600738	16.765842	11.519269	30.562067	8.414279	34.149465	18.809548	23.814270	26.474213	16.605537	16.997848	36.140998	15.096312	30.853484	28.148326	18.773472	22.758673	21.041587	17.584242	35.521372	18.906943	17.347248	8.204898	17.960969	12.336395	29.860195	32.203916	9.172546	35.824441	30.668593	14.025571	22.228114	8.106053	25.494646	28.243306	14.655604	25.540627	24.635111	15.011491	14.755116	19.085439	36.795025	22.202694	31.266636	27.985240	29.958394	9.578127	34.035575	16.609101	25.714606	14.952096	29.225336	24.210054	20.008163	12.230013	15.869263	30.901967	32.729448	13.373119
16.715615	18.714672	22.313606	15.517083	33.508161	12.423583	30.447668	12.721467	15.327383	32.933746	22.653973	34.606082	29.801686	33.659863	31.278481	15.318502	17.115414	19.363643	25.297752	30.288704	33.145306	22.436566	21.542632	17.939464	17.207983	27.202858	21.163638	27.600382	36.075641	21.817391	20.358113	8.141969	37.076966	15.058437	8.396240	32.970543	30.202571	20.944781	20.175343	35.608550	31.043282	36.858214	9.752829	11.463855	35.555106	15.494218	15.095246	31.911119	34.743609	36.667100	15.671378	23.177079	9.560982	23.652580	28.758701	9.470848	9.053081	23.949238	11.728731	23.788830	22.410200	36.041262	27.691155	20.193086	34.153786	12.045487	9.240339	31.374130	14.126430	19.718027	26.696817	18.902665	22.675174	29.179016	13.638446	16.948669	27.806395	35.735073	24.707228	31.248012	29.348097	23.436583	8.240110	12.757269	13.799185	10.888908	32.634126	14.748765	19.444256	19.667821	32.771452	13.311865	10.655633	20.475330	15.848461	20.128799	15.175932	15.981576	11.115277	8.286338	14.552538	25.824012	9.329552	29.888910	13.011649	37.638081	13.641303	28.221294	30.677148	9.789113	20.495448	28.114400	13.424626	17.814599	21.818274	10.372831	13.011316	17.921281	12.751351	17.060002	17.051538	9.230416	18.007638	27.134344	11.123336	20.830764	26.587394	31.942610	22.627818	35.040757	25.071840	12.978235	29.489761	22.156821	12.976806	26.047380	33.840371	26.700855	17.067183	18.398207	10.018680	17.489142	33.359203	15.950757	36.871506	22.773330	18.766606	11.693041	17.145619	34.381133	10.541168	37.003973
16.517511	21.372792	13.304818	10.723484	22.022551	9.456481	21.549063	22.689055	30.036906	36.565578	34.870776	17.224027	21.651826	24.670332	10.652507	20.019346	21.172321	9.077627	18.179177	13.145878	35.811093	24.649285	23.929407	18.942139	25.999253	24.804999	29.660629	35.617611	15.092125	19.809136	22.999864	23.324819	11.642030	14.739155	15.366717	22.889632	31.300168	24.257823	24.850091	21.294782	7.610982	8.843229	30.649096	19.718047	26.247943	11.438087	27.232083	11.324777	10.861627	20.948267	33.558043	23.443305	21.318888	22.777680	36.163017	15.356373	11.685882	34.581098	8.054756	18.819582	25.301578	34.638337	33.141075	31.076002	7.728339	15.159315	10.055556	26.356464	8.550525	35.953142	12.699865	20.485786	21.475438	12.524980	19.901844	23.327177	30.946230	33.954144	33.006290	36.784598	19.781787	13.771626	8.754689	23.275367	24.252074	20.709638	24.756655	22.743006	16.261239	9.517724	9.409303	35.046057	18.290031	30.575555	31.779358	31.912374	19.280763	34.171350	20.666204	32.344768	32.013568	9.403665	10.276611	14.605871	30.203955	9.453970	32.169379	33.201351	14.112639	27.781283	27.537766	32.764038	15.587960	8.015335	32.249139	28.465598	27.313641	35.851660	23.051156	21.680706	23.587971	19.215439	32.216981	37.137057	10.310698	29.026224	9.518859	11.376442	29.030897	9.693112	16.190908	27.725675	32.103641	15.888595	12.915435	14.078768	16.446243	9.609539	8.016982	27.223915	36.415652	18.105571	9.617846	30.680623	24.150484	37.199948	31.954416	31.986148	15.650414	18.647644	36.990689	24.755286
22.117711	24.314300	16.001030	22.702510	28.993127	12.446538	37.595056	31.066157	15.119686	12.871504	36.094454	23.132600	31.412343	15.126759	28.816603	25.593247	27.823271	30.096154	28.085345	21.610413	36.450057	18.940482	27.873674	19.205596	35.552284	11.386821	14.924884	31.090636	21.792845	32.849809	15.478475	26.611452	20.395273	24.411697	34.587162	23.224903	30.694493	16.505872	35.087188	36.607929	35.037834	21.825103	26.435783	18.138993	16.390345	35.002594	31.132481	36.998881	7.975139	35.314919	33.099489	25.627607	31.329146	22.558064	15.794553	22.025296	11.744878	25.637984	18.262715	19.725696	18.871829	24.003544	22.588903	37.339421	12.257971	30.649627	16.157742	12.259241	36.062192	31.434263	19.418261	24.083764	16.483410	15.260287	29.711695	23.848536	21.406968	23.674939	7.733261	23.268229	24.585604	21.831950	33.281651	23.601711	10.390559	37.407135	18.393189	19.646033	34.993710	35.713232	29.184157	34.412116	36.905754	9.920994	20.370819	33.434546	20.525954	33.201892	12.706391	37.009823	18.802921	10.274745	12.774931	16.260922	25.574245	13.276740	16.379166	8.448478	15.882287	34.778257	15.968718	16.576311	17.055196	15.778033	31.391932	17.828747	25.394315	17.022077	20.875852	7.977667	18.574323	23.747405	20.430640	8.978062	33.530571	9.075643	20.036144	12.479455	36.994166	20.060810	10.408711	12.688053	9.313225	15.904263	37.409210	13.335093	11.090822	35.395668	12.135721	22.576779	29.556771	19.731607	30.950934	11.644194	21.341964	37.512834	34.643620	26.647767	23.511533	30.045070	16.097938	31.492550
26.208585	18.763011	28.427283	18.124845	15.316533	23.011401	34.251028	17.242128	18.486715	33.828490	9.698328	14.633806	20.899005	34.923329	28.163304	14.203105	27.429173	21.178057	19.611483	25.438793	9.409412	18.502260	26.848089	32.055450	36.886107	22.755642	19.811911	32.222626	17.265811	7.740452	22.471465	25.769489	25.498788	19.577187	32.813867	11.722934	33.275829	24.468671	15.758541	19.509670	23.893192	12.540378	33.604340	23.464616	23.032953	8.157252	23.416056	24.558454	14.740537	30.632634	35.395964	25.360990	17.260194	32.827214	16.437420	36.287802	24.408041	34.655782	35.574061	23.763536	35.509060	30.440198	36.082167	21.714886	20.277103	21.220210	18.107802	16.522119	13.422210	7.560186	11.914443	34.422463	28.550174	37.699968	27.249497	26.977154	25.343552	34.938623	26.451640	9.651605	11.534181	32.007297	17.058552	10.068962	10.732251	15.769661	26.779836	25.688293	33.609171	13.216432	10.043459	11.738131	29.949414	8.229365	21.883538	14.276510	15.922213	25.984239	14.427036	14.648995	24.095290	23.327483	8.482107	23.626570	32.495872	28.455383	10.247724	10.935374	29.741734	12.153563	9.901585	34.168130	14.405711	19.329142	31.610550	32.975974	30.023376	9.349465	23.955287	9.737114	26.641425	19.323598	11.073956	19.311752	9.112806	30.776686	16.498667	33.678962	18.672825	16.016707	15.195311	11.502468	32.957542	20.204660	34.614906	11.287710	28.730463	34.742366	27.729643	28.288195	35.724367	23.540280	17.649586	37.371986	25.540785	34.338163	29.756787	15.270480	32.233452	8.243352	14.966298	18.955110
16.101793	10.499687	19.057001	16.897425	32.063757	9.947329	14.143191	31.534722	32.222679	20.779665	34.342728	28.080678	26.682493	23.362382	29.190485	10.071961	18.627924	30.809466	25.003539	11.066873	27.699109	21.188548	22.706525	31.584233	13.546465	20.446672	11.379513	31.825623	12.957565	24.251551	30.112027	20.477470	12.392336	33.264875	32.953491	14.102351	20.986374	14.584878	16.871256	27.168865	16.134090	16.721865	27.008274	14.032257	35.142610	28.031061	20.599144	26.058268	12.847621	32.609371	37.599077	9.770165	23.412545	10.028693	26.018484	7.903611	11.048266	27.385170	11.836735	13.483838	12.817811	31.377459	23.224311	18.712825	22.140696	16.856920	28.721818	37.166576	21.210360	32.483198	33.219390	36.985750	36.180436	28.451438	25.368915	10.610699	10.778955	9.583708	33.244935	17.736932	30.208979	17.164259	12.226193	22.152840	20.782952	10.564435	37.734978	11.109642	22.838437	21.839599	24.563486	21.034566	14.995271	37.746458	21.510502	32.243502	18.033057	21.868192	9.879602	17.361270	30.453870	11.655065	19.175041	11.180991	10.659709	14.557490	29.181985	35.837909	11.505056	21.625388	32.805715	11.426233	24.301551	18.507909	33.561293	37.216821	8.685271	21.087832	10.828595	33.938435	16.990111	15.488287	18.934322	12.402271	37.710847	34.570104	28.707357	24.928798	17.924622	16.793648	31.161341	23.169268	20.817046	31.845391	32.661595	25.763864	35.316880	13.643784	18.137656	14.008612	10.002683	10.094946	16.839208	12.797722	28.644120	34.960209	20.573343	17.329418	37.028953	18.556871	8.323793	36.056470
23.638583	10.133474	17.868113	17.244129	14.458201	27.878687	12.103139	26.924564	16.769334	8.592589	37.171710	28.011028	31.091412	9.136221	35.160063	13.835318	13.189424	34.001143	21.110123	12.996949	29.976036	19.655753	9.254195	33.479113	23.045577	14.435962	9.126033	7.607763	23.162533	21.572126	29.501127	13.323649	19.255818	37.162037	25.061932	17.576252	20.752164	23.040911	24.379354	34.477851	30.216422	19.973747	19.834427	9.746934	11.445552	22.444906	16.485860	34.289178	8.294137	20.754480	8.391358	12.217205	9.096272	37.577517	22.999266	8.784953	19.996512	32.858550	10.858673	32.594444	16.190486	23.511096	22.098913	31.650380	12.886344	17.393607	21.552519	11.459904	24.054918	13.199301	14.732921	8.434351	10.022251	19.216331	30.539648	21.170399	7.996415	24.180858	32.739419	8.010991	30.035762	36.584312	27.565591	9.695809	12.137760	26.397004	18.059132	30.869535	12.844087	33.522206	29.214524	36.814485	20.766132	28.682644	13.833233	21.043319	36.698574	26.070151	23.684993	30.486892	23.294999	9.413280	8.462188	28.809471	24.079052	14.845811	35.666356	15.627703	21.637613	9.380534	18.408650	14.307059	31.810037	30.288584	21.274276	7.618769	13.557461	27.745698	19.755099	25.312913	17.526353	30.629063	18.383953	14.056345	13.137543	17.922306	12.101177	22.431900	12.778495	28.730226	9.642405	18.899858	36.309487	28.740796	25.320749	17.680807	34.090587	21.465862	27.216287	31.053531	15.294448	12.604111	8.131619	34.973373	11.159776	11.072047	12.677043	32.614503	15.076738	18.453251	21.004480	14.884397
21.816612	16.691989	24.436956	11.889189	11.087670	24.476364	8.088434	17.459033	16.565923	13.276596	17.365240	28.036048	14.775519	37.745090	17.887576	18.085456	8.439797	27.920166	16.739980	36.991187	16.829540	14.986796	20.011157	32.825224	35.179355	24.109516	14.424242	23.907583	22.588176	25.132797	16.378272	12.226056	24.070465	23.814888	25.882754	15.593839	8.243299	25.169302	37.761179	17.660377	32.201909	26.442776	8.045047	27.384202	25.638559	23.002431	27.983713	33.722336	25.513792	19.532682	10.022167	10.830150	26.411645	10.162181	28.044734	10.707000	8.671505	26.105647	29.305096	28.594374	8.226498	14.575307	9.233925	32.611907	21.389805	15.115425	22.810040	10.306850	20.798479	16.610032	8.836120	9.963971	15.435093	24.202886	17.385505	22.439425	10.024594	34.772109	14.813558	16.570912	36.203971	11.742047	36.171511	22.863665	11.621048	25.943918	28.412555	11.210475	21.481187	26.803547	28.458526	22.751434	25.367250	12.310924	32.506182	18.973413	20.898279	19.647099	29.044312	13.828826	34.131167	22.432662	15.792374	30.669840	21.419139	32.815255	31.322499	16.963803	14.686741	32.583463	37.507036	21.233962	20.748213	26.519120	18.543893	20.852556	16.575647	35.939754	26.681892	27.774113	24.851934	21.128466	35.298245	34.184688	15.436884	25.081538	16.251757	25.577843	8.657625	30.460936	27.741903	27.711731	24.929628	30.675343	35.133035	33.776786	29.340100	25.993620	16.789969	28.883408	26.962643	35.526390	13.298551	17.580356	9.017937	21.905822	10.912242	12.587656	21.513733	30.576413	28.882100	33.425441
35.059280	25.125102	17.656962	8.543441	32.323795	30.242830	32.275762	24.585886	32.374169	27.531074	21.117778	30.742942	31.310480	8.752304	27.098007	9.089324	22.352887	36.449272	16.473251	15.742175	33.080096	30.704857	31.235928	28.842539	33.997760	29.928105	8.834814	31.080042	33.809110	14.401015	31.584649	24.926420	14.354467	30.890566	12.246243	12.323434	20.730199	13.789546	14.962419	30.724083	16.558478	28.294869	27.365931	9.840477	23.145519	20.911330	13.678365	25.032743	14.356002	28.007662	35.876428	23.787769	37.232401	9.857458	30.542933	30.988266	23.737557	32.576432	25.816904	32.010094	28.385155	27.738448	25.345462	32.585223	33.992074	19.143148	23.600238	32.654111	8.224232	17.812430	15.024595	30.799322	8.077830	30.310428	36.789343	35.524100	18.410589	23.458006	18.436508	26.701367	8.781187	23.911208	26.676565	9.072806	24.670857	23.712057	14.615428	24.162883	12.053913	11.828474	31.804166	18.143627	22.633052	29.910747	28.411410	8.468573	29.699473	29.901219	14.214503	32.236476	20.818532	16.731592	25.865808	24.615654	12.435929	32.676344	22.961074	18.612085	21.806187	33.031892	32.685033	28.948964	12.093417	12.298547	33.464724	23.736703	23.147442	21.391162	14.858604	33.625663	36.358946	16.162643	23.464603	16.169324	35.125941	31.252623	23.043338	34.784397	29.142815	29.231035	9.371885	10.202945	30.964323	8.870843	21.374940	22.626896	37.669896	33.370358	23.867213	35.425736	14.385069	17.886211	12.128426	34.031880	24.773249	17.521633	28.392274	30.160804	12.890280	36.647599	17.267093	28.758145
22.715491	34.499862	18.640936	24.531397	11.434936	34.407479	15.606642	12.243423	34.060162	34.514614	20.496416	10.238760	26.864222	31.283207	22.644446	18.858688	30.193839	30.980378	7.626016	23.633407	9.011756	12.145111	35.017995	23.214300	18.445006	18.934448	36.708990	24.698857	27.766296	8.425787	37.155377	21.443103	12.873200	32.235310	33.640037	29.225836	24.208354	35.876126	25.838828	23.544020	34.481578	21.828138	37.791674	35.148731	36.471560	21.649630	31.779761	9.941042	21.523048	11.266217	34.332721	25.795748	13.616841	22.269392	16.051300	33.322966	10.081833	29.794229	20.298784	15.226034	19.369664	24.398502	15.164025	14.602214	14.838867	36.654178	11.016832	10.837960	19.746679	24.478390	35.118691	19.350975	22.317799	13.780940	16.974707	13.817079	27.686320	29.180823	33.679839	33.678579	24.529902	14.417099	13.141552	30.942173	18.607456	37.442050	14.464059	37.353862	20.144514	15.065155	22.597668	37.566150	27.677183	23.389415	31.468152	34.628822	19.919180	9.617632	19.986509	32.211165	37.369051	26.410096	16.905264	32.553110	32.580791	30.798885	25.201322	31.762902	36.056963	22.824262	27.687540	24.480062	10.356829	16.647472	15.011348	35.064059	29.971186	21.784809	32.693849	28.528819	12.467514	24.429942	22.396963	9.212937	36.853353	19.950694	19.269248	17.608363	22.205808	22.431764	25.229888	16.814169	33.055901	25.670383	21.302388	10.283205	12.247493	29.320787	34.615266	12.811543	37.267933	36.985949	19.854407	34.176000	19.968285	22.990014	14.855651	32.829076	35.855886	24.779566	19.265445	13.391644
19.427409	7.568826	21.042015	28.645021	21.644787	24.437834	10.724399	20.470252	31.727655	25.850518	18.384537	29.237427	20.147674	8.641377	32.975026	34.283914	32.043894	36.030711	22.227437	16.329850	19.544354	31.511030	25.353086	18.946755	31.247378	26.015259	26.574422	29.150045	16.593302	27.687838	28.892094	21.134464	12.452504	11.177691	30.070345	29.607219	18.881286	26.922519	22.342718	31.609296	18.155058	34.765233	21.933261	27.453144	23.263867	30.709784	28.817592	15.473466	13.069484	26.063607	23.812972	13.108175	7.934846	22.942354	8.201810	36.151195	18.452533	36.931692	26.376431	9.243572	16.079527	27.522975	21.069453	15.635721	35.617767	19.093367	28.312974	16.441395	28.199618	16.405819	24.866508	10.420074	14.156869	33.613412	31.795803	8.753967	11.466006	29.392980	12.426023	20.355861	34.808925	8.906302	18.410864	35.187168	34.212462	35.588952	31.247154	34.813862	13.987464	9.070596	24.811197	23.980468	21.085418	26.511033	13.337370	14.627386	29.260243	23.989120	7.764908	14.960567	29.229302	31.211469	21.383674	17.194914	7.849753	16.501272	34.177081	30.237273	35.001088	28.541678	24.903886	8.001323	22.896499	36.469413	32.796896	30.443818	22.333302	29.409762	23.226971	33.661568	28.463508	16.822917	12.871504	31.228958	36.679527	33.997133	19.464243	10.440722	22.083347	26.237203	17.747402	32.556192	16.408186	15.600021	19.326238	26.228560	32.223949	30.771733	34.395955	36.911875	13.707819	24.387239	23.817080	28.766243	29.425147	31.914221	32.028382	34.815054	9.232669	28.056626	11.048570	25.896631
11.517980	11.979298	15.862325	19.074354	31.190806	22.295829	35.740930	26.937658	36.582029	31.709754	18.628263	21.480496	11.735030	16.024981	27.029212	22.975188	18.575833	15.745640	31.741914	8.709428	24.952653	37.643450	18.109924	23.269312	8.713363	13.408861	37.660378	30.628093	36.038539	23.010400	31.012702	8.544935	8.147748	21.036465	32.659695	34.028663	11.824309	9.794094	16.119268	26.879025	35.703885	17.039681	21.640103	27.375131	18.465423	17.297394	10.730403	17.962818	17.886951	27.747492	21.705382	11.851237	20.146325	8.768192	11.230593	16.364614	10.552175	11.609878	37.515142	23.488489	21.782337	11.406204	8.094437	23.863987	25.525928	36.862513	14.168929	10.055053	27.449908	35.099359	34.944822	36.565551	24.654744	34.322631	10.817617	24.568162	16.342016	17.463467	32.161292	11.000921	29.498930	18.880858	17.423792	11.242795	23.169102	7.838123	16.306397	23.286843	24.708962	15.987304	33.141518	22.684126	37.627176	17.649067	36.271496	22.799565	13.957821	37.806760	18.393218	9.330738	16.235795	20.765358	17.706344	14.541881	24.944673	32.121208	30.155004	10.156264	36.074958	15.368910	23.811901	24.220173	32.068488	8.112450	32.132601	29.970204	24.284829	14.654994	22.851370	37.164189	33.834481	30.351815	25.819113	30.057421	29.883272	29.699808	8.983479	26.749098	9.547710	12.464914	17.958580	23.683165	15.225619	27.322180	36.387619	8.566383	31.228859	19.785628	15.344072	23.547441	33.725214	19.645661	36.574709	28.565655	31.295173	14.105432	29.794604	19.886508	15.211103	37.009795	18.567283	22.113259
37.519625	9.438360	25.063811	31.893894	15.948340	14.324858	21.019309	24.260444	26.672552	21.568105	26.331832	14.792356	17.535440	30.367436	30.775820	32.183788	21.684325	10.222059	33.811864	26.005498	12.744109	16.778015	26.690836	18.386492	14.601015	17.514097	16.567241	25.217655	24.129618	12.599534	19.327348	14.983508	35.683209	18.997067	9.896236	25.588682	30.243311	32.225986	17.258575	17.383330	32.539440	35.544376	25.243650	33.681473	33.143811	30.419263	11.986876	14.150947	25.225384	26.347146	32.115582	24.170987	19.996786	27.338246	19.831962	16.393824	32.823097	18.848819	29.283992	31.028407	11.292021	26.578105	15.382254	34.038570	10.581648	14.714749	17.740069	20.223813	13.478848	11.261165	21.039694	12.465736	17.892360	7.625996	14.980041	9.419420	26.730838	26.452874	36.234259	21.831725	27.179264	22.224194	8.755515	23.654451	25.469406	14.674349	14.189928	29.415033	16.310759	14.642742	24.795562	15.283045	28.234669	13.472906	31.637446	12.631779	35.447716	13.850496	10.235354	26.705711	8.749649	20.180751	33.575736	8.254477	30.994672	37.217569	29.923322	20.979283	25.781701	19.058226	22.519946	22.851275	13.018847	18.462327	12.794995	27.963248	11.413117	36.372049	32.985932	37.128057	19.242223	23.049331	22.404166	33.779536	36.864467	31.830979	36.641387	37.492691	31.286482	15.097568	22.310856	25.111055	29.490659	11.856598	8.285468	15.602547	17.187969	14.402346	37.570478	28.609724	31.200189	20.179215	8.169355	16.420497	16.920219	12.978213	20.391432	37.721259	29.615335	28.094209	22.016312	18.422998
11.176648	37.366508	7.745553	14.637302	30.431608	19.407256	26.734960	28.405981	18.854424	17.473533	27.135393	8.728520	16.356565	10.687964	15.561689	20.685543	35.131831	24.457448	18.600929	31.579344	8.858821	36.944572	32.497678	9.517453	24.600086	20.430132	35.100374	20.166674	36.664898	32.743935	14.282140	10.338416	26.112915	15.734933	8.854691	27.648147	7.914247	32.974485	20.318160	22.544270	23.622225	36.214831	25.780051	30.146070	32.204606	18.355149	25.591872	21.162068	19.055851	18.466879	7.595440	25.605952	35.905096	25.810446	32.834453	32.565244	29.926956	8.563549	8.995109	15.959212	18.677959	11.837560	19.546142	8.239663	35.131578	18.518262	26.463530	11.082535	12.819060	21.635848	23.630975	17.606444	16.238000	23.706141	29.701272	30.165714	32.090768	26.491104	33.630388	24.489992	21.833028	33.215900	22.405572	34.310390	18.825532	13.843058	16.378810	18.735813	36.791332	18.323934	24.794213	17.265636	8.961012	31.269951	33.227787	20.847225	32.137543	29.761599	11.787018	35.251259	31.651779	12.255327	18.406562	10.659662	36.233528	15.972745	16.500232	15.910947	30.681447	33.308612	36.645162	36.344026	10.787260	28.556791	10.646434	35.023157	10.875842	28.372885	15.809463	7.756328	22.440432	16.863326	23.941366	19.920832	19.684437	22.791529	37.636351	36.502884	34.640965	9.894852	14.860332	12.290033	35.846792	10.779160	31.546336	30.284150	33.089082	31.217622	23.094406	19.119635	19.733558	9.466887	13.441706	31.230328	35.709276	17.103223	29.763614	14.824908	31.092624	21.830954	36.785164	36.600313
10.085363	28.467099	15.678669	26.129968	16.053538	26.907748	36.276708	25.445916	32.557427	26.218896	20.564434	27.740010	17.068108	15.412932	9.438105	23.633272	29.346578	13.605272	20.564691	24.135430	8.121885	28.370125	30.927917	20.333200	11.934844	24.968457	37.384094	15.080984	22.755352	16.648372	11.802015	32.387149	17.269255	7.591922	15.048661	12.463687	11.759674	12.798098	34.120401	36.684109	33.950823	25.182831	16.842818	12.509113	37.218433	12.848236	18.593446	16.707125	14.712074	21.396985	23.909215	14.262429	32.844786	14.864429	12.136283	20.342022	14.706185	18.641036	29.741457	15.478669	15.503540	8.500723	10.356285	26.140434	23.620613	36.507626	8.334261	29.663888	10.316614	30.671146	7.583984	7.993315	19.800570	19.423242	31.311275	8.980887	30.534883	16.523716	24.528237	9.657562	30.565477	17.247695	13.198142	7.811025	27.718639	28.187072	36.595257	34.890691	18.473840	37.095522	37.027809	18.009824	35.243935	16.589064	20.069397	31.113529	9.477990	33.388797	24.718678	21.907205	19.825457	17.073916	23.939481	24.842776	20.258936	8.769347	9.653724	8.006210	19.149249	19.646665	17.788699	20.197496	18.804267	15.549709	30.455292	29.772008	8.298058	7.671165	8.652715	24.330723	31.173245	21.155639	35.298275	8.306230	22.432590	25.045552	19.846233	11.064842	11.973197	20.687702	33.809522	19.629099	31.804045	23.508044	13.208544	26.024828	30.953896	27.191057	14.666373	25.400590	9.496034	8.333430	35.844212	23.615760	32.495563	9.742398	14.357171	20.764886	25.463675	32.170231	29.689179	23.643793
30.332747	12.071322	16.380927	8.849266	34.733230	32.358386	28.344547	32.851193	18.084935	21.229402	30.551037	18.889630	25.648036	33.423472	8.966807	16.335241	35.994923	18.384579	12.455756	29.139223	13.025632	25.771461	27.516642	15.229178	11.573166	36.558557	30.260438	15.825976	32.952793	18.210621	25.113090	36.384767	35.590918	33.952532	20.903834	22.301105	23.266868	36.100041	24.603282	36.413304	9.591761	11.277278	20.545832	24.292487	14.048330	32.965042	21.847654	18.385651	14.249065	36.757096	16.945920	24.882391	12.541441	32.632510	37.176075	23.117258	35.951848	16.360481	15.372705	10.968081	32.108067	25.930758	28.111928	37.482051	15.046619	35.350351	18.738253	20.799229	28.760775	29.754399	19.425095	33.740117	13.420784	28.709099	14.136617	29.363472	36.888941	17.783476	32.301545	23.575765	21.133070	29.118236	10.441777	37.230468	36.576994	21.032283	9.213441	19.379978	15.517239	17.442548	17.441001	16.859716	29.487921	14.376930	14.475357	37.134349	24.435857	13.761961	33.209450	24.408302	26.751327	23.101738	32.640402	31.518067	15.938915	24.375174	20.036172	36.939301	34.216193	22.300123	22.975264	29.729219	27.365169	35.296763	28.133209	24.825355	23.898880	34.405884	22.446443	28.269305	24.570373	20.531056	15.347510	33.591485	33.013053	36.206550	16.108548	35.736616	26.624499	27.781218	16.407171	11.275887	15.798743	17.634529	16.403744	35.140818	10.103421	11.211773	18.490677	10.041112	36.280850	20.918835	21.592619	30.364173	24.442599	30.505626	23.555354	33.867688	12.156372	24.922399	29.677861	20.759627
7.744842	11.915316	13.062200	21.902980	28.270189	11.712263	28.601589	24.641813	25.593823	16.426178	31.434016	13.327222	19.183469	9.745580	30.495283	29.796417	26.393506	30.723865	8.757560	14.602030	27.926860	20.815321	36.980766	9.442133	29.191357	27.412485	9.951518	30.602661	23.407291	32.899163	32.686852	8.105111	15.770081	23.291579	35.969237	19.362163	32.779049	13.185600	21.084195	13.859834	28.562656	26.513165	35.327267	25.766236	37.390167	28.283513	23.061325	28.675972	12.321783	34.482117	13.304737	25.110201	14.916648	15.831611	16.539888	16.416562	12.665340	32.378744	23.897241	17.965958	24.449626	19.587487	26.483254	8.550294	36.990685	9.365158	30.076232	30.638701	14.113768	24.719342	15.076092	8.744725	16.964048	28.048295	27.998858	26.575870	9.776496	30.473284	14.484562	7.780264	24.006108	35.988456	12.683676	34.965778	8.625750	35.062572	12.552329	31.099634	20.644633	13.319596	37.248872	16.618893	15.880786	13.262850	34.772297	23.624917	25.562090	14.580573	28.623419	30.065984	16.741176	29.862202	31.270099	13.450937	18.742061	27.678706	34.157156	10.105641	30.502585	36.112004	22.232785	31.034183	35.950404	31.479149	31.292483	14.715357	19.325900	29.829888	36.624900	8.743627	17.843457	27.266705	25.268826	18.172801	27.421705	23.978309	8.904556	27.954859	10.174981	20.180092	21.797420	19.874008	11.457238	31.118438	35.752016	24.639359	13.525098	22.606057	26.163605	27.004876	29.009389	34.666493	20.697661	26.370288	35.431996	29.573373	37.299184	10.928790	28.488705	12.636255	14.905516	11.259298
12.838798	31.300104	37.251660	9.435456	13.251979	8.199779	31.442404	35.389486	24.262386	34.192765	12.216295	31.985463	22.213134	16.772891	30.329752	34.232926	33.911397	29.012418	12.729754	11.198536	30.254065	29.794810	35.932540	11.790392	24.163181	14.150590	16.718281	32.498127	18.552245	18.391663	26.762928	27.872308	7.931165	22.769979	12.032411	34.216853	37.526747	23.889516	18.425225	12.523853	17.851643	9.232118	23.003032	26.738767	14.204825	27.507325	17.974732	27.948901	23.535655	28.308476	27.613106	24.118368	32.562846	29.112654	20.366105	14.135568	32.524428	13.275138	36.429837	13.489018	9.612482	13.040719	35.525009	13.461133	34.877233	34.538380	19.264858	14.604405	22.606423	8.773743	37.240498	26.124912	30.510085	10.760332	19.797379	26.975596	31.800759	33.522812	19.869389	35.863853	24.700270	13.383916	29.396960	15.895895	22.699903	32.957363	19.307060	12.764979	16.550428	18.567953	32.369599	15.007396	22.574831	7.730721	35.920602	24.515733	22.789984	31.675640	21.048044	18.349801	12.666340	11.089936	22.556179	13.650623	19.340021	30.676062	31.733098	24.121367	11.248578	26.963827	17.846452	20.716901	27.039930	8.677371	12.540922	13.499429	33.292320	20.419833	10.235513	11.821801	26.370026	8.727094	21.722112	27.270731	11.406703	18.347722	12.257739	22.372429	11.881358	20.682386	13.306045	19.599474	19.535346	17.651976	26.296351	33.728627	16.653726	18.750145	13.145435	22.026764	33.900076	23.201161	8.429295	24.820040	27.391158	27.834993	32.187346	31.626965	24.112422	9.770450	20.061721	28.034712
24.360434	33.076252	8.128443	34.451624	27.317424	25.451395	9.793921	37.720587	18.552096	23.993715	26.357879	10.909793	32.357756	10.031625	20.154478	25.779080	8.888319	13.315000	31.736177	18.069426	29.243453	23.873091	27.234954	29.822213	12.501046	10.579151	20.683097	17.927675	28.047857	24.189624	34.279976	20.729815	14.957711	37.459753	29.351305	28.793520	19.164026	20.048912	9.923345	33.916259	10.045847	20.766360	30.297298	31.702211	15.200361	8.010848	24.036644	17.981193	31.978000	29.673175	14.252285	7.886143	15.853789	15.521472	26.593825	25.416179	7.861727	16.553314	11.489946	19.063713	26.056949	7.635142	11.858264	33.138997	10.461376	25.617795	10.753816	22.876411	26.673603	33.261238	9.139689	37.240313	36.370723	26.277210	31.492536	29.630206	27.910753	31.830611	28.007218	37.664422	19.256420	28.112429	17.209944	10.207908	21.720047	24.330072	17.790673	20.868709	37.571894	19.150791	32.052918	22.769304	14.029894	36.361972	25.827879	13.032212	19.136175	34.304939	9.938990	13.071091	33.877448	35.570390	32.706193	16.545986	27.236310	35.788152	34.274678	31.190983	7.790791	31.757971	24.094641	17.088562	25.575289	22.084022	21.802484	9.083412	17.584455	28.370609	16.214831	10.088743	23.361074	34.273437	31.606183	18.914288	31.388407	8.634186	30.983364	19.447198	28.248356	29.084251	16.430438	34.224200	21.555209	10.957847	33.822214	11.186250	14.781134	32.329405	23.314932	14.159527	8.149953	10.181624	36.919629	30.922288	16.368420	32.079511	22.894527	33.230222	12.617240	29.471304	29.979188	26.770252
28.794616	26.664200	21.251734	14.220381	12.768834	13.648158	30.201535	13.309182	31.770837	35.833860	17.395007	30.913129	24.881595	11.476787	30.756732	17.030350	12.743750	15.472780	14.409099	24.174599	28.570263	37.349850	30.210368	13.577559	15.571386	22.246401	11.568761	16.512082	21.722021	13.731614	19.797660	12.594748	8.948534	16.924296	23.728215	27.877645	27.963346	12.790844	30.897365	21.281641	33.471237	34.641566	34.786770	23.609672	11.992114	27.521237	34.187282	7.651826	11.388424	27.675077	23.549337	32.426531	35.859507	22.219012	15.449595	32.024050	13.492000	21.798786	21.405907	26.432882	22.637178	16.980864	29.470319	11.257842	18.122854	19.168804	25.723090	13.644537	17.198918	19.391100	11.385819	24.678885	13.953688	17.561826	9.493091	29.650850	27.913440	18.426124	37.410101	34.532206	31.985024	19.126717	18.932101	17.191172	18.480002	36.868602	11.728028	20.470851	19.391633	37.374715	18.132769	24.261219	27.305126	32.665918	33.968955	22.190915	18.619752	21.876085	31.281326	34.058228	17.201686	27.104725	8.067346	34.308041	29.736109	35.655155	17.857780	27.044324	11.012696	18.025707	8.578830	27.427803	10.513596	21.013054	32.473579	29.007199	26.893701	34.940865	23.676162	10.180631	25.918598	19.145870	30.512012	27.512534	14.606531	20.131078	19.684252	16.470949	34.355892	13.292020	36.324515	36.331741	26.546263	37.302311	34.224456	15.024205	13.866454	21.259815	24.720132	33.395134	28.340488	22.743601	26.699138	10.833865	26.202811	11.354743	8.606908	20.342002	23.732634	33.934595	30.060193	15.449664
30.600344	22.023437	14.440868	36.230415	30.669614	8.820570	15.363162	13.893110	37.322856	21.186174	25.818199	8.735671	30.566157	13.747168	31.895912	30.314042	16.862635	19.461155	12.665997	25.143431	31.636075	37.345869	22.245157	26.653767	25.273885	24.397425	29.690701	29.483415	16.008297	33.932415	13.075490	37.288910	10.749826	13.482525	15.645693	17.260097	16.685349	36.624486	12.486761	25.876849	22.683034	21.080469	21.275966	13.028879	13.121826	9.271766	25.262362	18.571592	36.236556	12.481315	13.190421	17.117001	29.385753	27.675311	25.582706	30.328711	35.471567	12.598925	18.045118	8.523486	26.469968	15.027464	35.873520	22.483937	37.251588	22.253261	37.078334	16.955346	8.188255	8.963905	17.474864	37.315329	20.319933	12.093760	35.489759	32.647172	16.353698	35.103311	22.398196	33.237554	15.166775	26.615371	25.628691	10.649169	37.028250	17.086395	24.318832	26.614687	9.574403	15.955866	30.645069	19.704155	25.277738	9.287248	35.040910	34.305461	25.046733	37.277520	35.812779	28.089033	18.822966	29.427818	22.247900	28.007229	16.184202	33.683068	32.270509	9.283743	17.115442	34.359999	32.496142	9.926851	12.557267	34.943461	25.322433	24.362633	26.621200	33.995577	14.571266	12.108702	30.215590	10.185416	10.990114	22.959292	15.775836	25.898452	29.663468	13.703391	29.729677	22.905067	10.684618	27.768521	32.611021	33.332656	10.807048	33.054404	29.892239	18.082011	25.939564	7.713186	13.244884	13.562090	17.683523	16.171224	22.768631	29.769930	28.317184	16.099352	14.017081	22.231662	32.039439	16.691507
21.708652	9.453798	24.181125	31.013558	24.917542	10.213631	32.991925	24.084044	27.421471	19.221860	31.086647	11.739996	22.236033	37.530162	28.085435	31.960700	32.475391	11.493812	25.828264	12.838008	9.097549	17.950094	10.760543	29.236750	34.933014	8.914774	21.689340	11.897684	16.664786	15.936214	10.624577	31.412293	15.466866	28.387018	37.613629	31.958257	21.742150	35.388953	16.812264	26.904725	25.082473	25.284064	13.983508	8.422731	21.653198	30.025736	19.519583	11.958878	26.813164	33.772465	33.336963	14.224630	32.228265	19.837787	21.069053	22.573903	33.921925	33.600643	13.670729	20.731837	19.035572	11.348702	8.160765	36.297535	31.247926	33.584944	29.282165	20.389864	28.097306	36.237671	25.671467	28.463896	20.557738	16.172898	31.835256	25.675858	36.636121	19.151574	25.454851	34.732184	18.771363	35.764705	10.581178	20.329014	35.676492	20.775776	25.382428	10.478753	27.626515	31.705208	9.512256	28.210414	26.660090	21.558627	36.646465	13.235524	9.805704	35.625253	23.502591	36.234838	16.679445	8.505620	9.055727	12.623113	12.746326	30.549347	19.429951	30.712230	12.056505	12.576857	30.801022	29.887086	24.032240	7.610883	15.022359	11.071205	22.870247	14.349438	12.571166	32.922397	33.470512	13.020897	13.310113	14.958670	36.820619	10.800686	26.104807	25.980316	26.448770	12.324431	22.933586	16.841298	34.108403	27.750310	31.574492	30.298218	7.590761	34.344241	14.155023	28.709207	9.388727	35.570252	24.096374	35.020966	14.316536	16.423765	12.245876	27.828860	10.175479	35.407173	22.605998	13.621947
20.610427	8.175533	17.359779	18.374657	19.877989	36.613836	15.660469	19.390900	10.230508	34.833114	13.845546	17.957706	9.093520	28.565849	21.741355	21.037694	27.048275	19.816878	16.263239	12.572195	27.926981	15.428256	13.245267	36.852743	20.936492	22.158216	34.089530	10.095563	7.781623	28.453966	12.527488	23.589959	31.080479	18.208018	29.271777	9.337731	23.943988	9.082314	36.751884	30.063226	28.389915	24.168988	19.554765	8.133701	27.985054	19.727348	33.070327	21.143225	18.319735	37.331150	19.334011	13.625571	13.586284	11.404145	23.514302	14.997431	30.845623	37.748381	19.581379	7.978872	17.666541	35.972391	15.490769	29.526905	16.757249	31.880705	16.413852	35.263668	33.587979	19.259854	15.953795	33.571713	8.473036	17.671080	29.295512	34.831735	17.650935	8.115953	31.201494	26.392840	28.430383	35.704183	17.837899	10.013420	11.405065	23.315524	36.329237	14.711343	32.041703	30.875713	11.710470	33.412465	21.035995	17.240045	11.495871	7.732363	35.878368	30.462563	25.749624	8.210894	20.027037	21.141764	36.605671	14.545139	29.339497	36.077364	21.940789	33.318666	15.928872	19.476479	14.521297	11.418464	33.392725	37.662319	15.006973	31.063620	19.433691	26.715192	22.674379	21.176896	19.300663	20.364033	15.770241	32.703682	10.016447	30.990048	19.884516	28.243845	14.955166	22.684355	22.030847	36.300409	14.646353	19.572804	34.105285	30.397038	18.846574	14.384422	22.958905	29.913012	9.161476	34.231987	16.003465	29.670361	22.260994	17.364171	19.082625	13.137829	28.852082	32.609384	12.538878	18.910373
24.459247	15.663065	13.349377	30.119777	32.242681	23.043290	9.548012	11.272663	13.286065	24.645054	22.201129	32.238209	11.694858	34.866033	23.642666	9.038759	29.581356	11.846199	35.427101	21.739606	20.619801	34.223420	17.933409	28.483195	11.418445	26.340719	12.898863	28.396357	16.235013	23.679708	16.601598	28.373014	28.182297	30.924156	37.640176	8.687270	27.562289	13.330209	19.900149	34.683588	35.343953	30.378449	35.051928	16.212294	29.725661	12.215783	10.080094	24.941451	9.903428	8.427318	12.426160	33.411164	37.662974	36.607182	16.599170	30.878717	37.361182	19.661356	36.725565	21.797787	14.283651	30.351765	31.586076	14.285251	20.805024	31.022341	17.238660	24.684554	18.911555	10.989736	25.419803	22.661016	29.352850	36.135497	33.651393	16.351466	22.360002	27.128716	13.934296	14.457603	29.754107	33.465479	36.747489	36.337437	30.502456	17.038566	33.206164	7.889586	36.644042	32.298831	8.688679	26.335583	22.870104	21.594583	15.506282	20.788955	20.337666	11.285814	26.818119	32.946126	21.346768	10.839008	25.978242	34.474387	21.319390	17.999623	13.590231	24.406408	26.308053	10.170559	24.942656	37.717684	29.882314	31.582214	34.326028	30.616977	14.322414	20.074113	8.644002	36.707680	8.888455	8.826047	21.011190	30.442844	18.946878	18.724301	8.852908	29.129620	16.146334	8.635826	23.062667	31.197569	28.126447	29.388087	9.665906	10.549660	12.775628	12.541932	22.674983	31.680622	12.933180	20.228164	18.271887	14.236083	32.436343	32.011096	36.537068	28.331807	30.655745	18.571510	37.594540	30.385797
11.441016	35.076011	25.135432	23.478631	26.708180	20.169452	27.915289	9.538882	10.187219	36.869045	17.386086	8.127159	9.228160	12.373081	20.732060	11.279332	11.660087	10.986972	12.141010	25.957223	9.730287	17.891510	17.404088	31.696808	37.541072	11.013892	23.570480	32.189695	27.342268	37.239221	31.942534	23.889323	24.229774	28.094318	10.562977	19.234124	22.489087	36.435913	31.646254	14.854256	20.702518	30.617883	33.194773	32.330613	13.101404	37.222402	18.712705	20.661609	15.981004	22.130437	8.319999	23.980501	33.612513	29.029240	20.605625	18.029118	14.612029	26.419756	14.301311	12.657407	15.407269	15.813994	9.912897	25.615533	17.617674	16.246229	14.268000	25.001412	10.405667	12.854231	31.457521	31.002227	30.939667	20.187016	37.647680	19.228164	23.990453	34.047752	9.447361	31.542686	22.930199	13.234263	31.806644	12.695187	37.446145	28.015958	17.095648	13.938798	20.305220	9.505127	26.990487	13.621284	34.277878	10.405585	36.091826	20.827898	37.566126	23.423737	37.606395	13.274885	22.355141	34.215065	7.564061	9.828568	25.382394	18.355681	36.108240	27.315422	36.677306	8.711757	8.791015	32.733429	32.265305	18.494313	30.575721	24.000051	13.646867	23.778317	26.135555	21.342096	37.466060	31.761074	26.354430	30.832098	36.579837	35.413701	18.465206	18.649020	8.517837	37.666609	27.293261	28.958578	13.222288	11.395493	33.068850	15.899367	8.392879	21.383543	12.328383	31.593305	31.574689	27.830623	8.518366	9.965959	23.298597	28.568863	19.190913	25.185275	22.920158	26.052011	17.629658	29.099802
33.616966	30.622642	37.483169	25.635679	20.907075	28.881002	7.907938	14.404158	11.365141	36.025490	22.367749	30.119601	16.168599	21.193391	17.797366	31.938535	24.493027	33.510260	28.974430	7.905309	29.073366	12.688307	14.363153	29.877254	11.790070	32.930484	16.682217	9.141959	16.264963	31.138239	33.356059	19.955903	25.063314	33.657581	22.187647	23.688907	17.586259	19.744147	36.938510	8.751985	15.231967	25.286038	13.012274	26.674987	15.063393	28.583333	32.906481	37.223674	25.972034	22.166636	9.435248	36.105091	29.933931	34.456578	11.429379	36.432790	35.655402	32.951088	26.427339	29.492684	7.744096	36.010609	21.265753	32.512213	23.713228	30.840099	34.418387	37.028090	25.976767	30.351750	15.335869	19.314694	11.336175	37.135974	10.347485	14.739970	8.614287	27.292213	29.927028	37.800463	14.818313	26.834450	11.048073	36.060914	25.878325	30.065124	10.899487	21.632023	22.583812	16.182840	17.887894	13.139270	27.262598	19.952853	22.984239	15.786874	14.803927	35.320282	7.898771	26.090044	14.056298	28.861229	23.308055	14.457984	7.721741	14.652087	35.515568	14.656528	36.449599	25.156602	22.389765	10.934718	9.599733	10.918911	29.695287	35.306468	11.848091	16.501166	7.947119	12.623715	29.749620	34.361485	19.713912	15.237190	10.377207	15.540551	12.225015	28.042928	32.226580	11.336507	26.344089	22.355296	21.105428	19.721570	33.407099	11.498395	9.496311	25.184604	15.164005	29.250395	13.375399	36.554295	21.337819	19.954278	29.925949	21.584592	22.391117	9.914178	22.492709	16.519215	8.591787	31.505548
18.390732	33.771345	9.999565	19.243092	35.205444	24.697304	24.941526	10.458949	26.093464	18.461975	33.235729	13.446955	19.137990	7.950674	17.552383	17.080124	36.005151	31.337152	18.658386	24.471653	34.737459	15.322786	25.850638	17.373753	13.587735	12.743256	22.418739	36.223532	13.052912	14.152138	7.648881	11.724342	19.266935	11.308067	28.086075	33.159977	18.718622	35.940319	14.475884	22.037717	12.595958	12.755699	33.468871	24.933296	9.562199	18.768447	12.432535	28.271402	35.079285	19.065777	21.934867	22.575180	16.166138	26.953962	10.470559	20.840781	18.429715	12.435521	17.978233	19.198011	30.901324	13.754445	22.074707	34.778132	8.590497	23.448251	32.449639	11.729747	30.341396	21.794029	21.717883	25.289535	32.091502	31.933252	27.099444	27.297873	31.274356	32.440469	13.593671	22.861583	16.871706	23.150130	21.959465	23.571600	23.686120	20.993064	33.980503	19.855285	37.643379	36.348560	22.153279	15.384288	31.165254	16.833189	32.428542	29.926999	9.652055	7.573744	8.319257	33.893705	30.869573	16.837964	25.242935	31.449621	12.729641	37.180399	34.421865	16.341425	18.159799	8.330936	27.340885	21.891391	18.669151	36.089089	15.904447	32.734082	23.433913	29.563481	10.466310	31.998047	37.259299	26.469113	18.129557	15.771405	7.908167	11.517703	24.048031	16.959798	28.373821	30.383102	13.477626	8.586399	11.441314	28.249676	12.597600	26.439561	26.535583	27.764172	31.948527	20.490403	15.787702	35.059053	13.833373	12.281437	34.489534	18.938097	21.903773	14.420292	35.971876	26.596653	17.705566	12.282786
31.933280	22.530710	33.437745	17.956003	36.837911	37.494817	26.769127	34.489229	37.281397	20.990775	12.661028	31.600848	28.617185	10.530543	15.323218	21.324587	27.655363	14.460517	27.747920	20.082008	22.756956	21.663555	29.515272	20.320629	21.888355	23.704729	24.137141	36.691280	27.604463	19.582838	35.037655	27.615108	37.421991	28.005126	21.999321	32.380613	21.210839	35.465191	34.212400	31.253931	21.209971	19.148091	22.751368	22.282472	12.318515	37.224792	34.476048	19.309663	19.881103	36.198839	30.631430	35.125905	29.689921	17.159202	15.521629	17.230801	23.500317	34.165253	20.419396	17.580463	23.194389	20.936739	29.944591	9.100926	14.104972	31.244523	30.701782	12.059303	9.512986	13.661522	17.644125	19.409970	10.270109	9.393455	14.268917	15.904537	35.628299	24.340923	8.609991	31.213677	30.496238	17.737533	18.915300	33.564894	26.282430	33.734398	13.567879	25.212155	30.531459	8.116402	36.961821	24.987229	36.491038	36.861234	14.441571	26.572659	14.596693	28.288038	9.048563	28.168941	12.467635	17.021136	24.456590	33.585711	14.669483	32.399610	29.137680	28.806962	26.601254	15.797341	20.590364	19.707790	19.422965	14.395758	21.029721	21.717805	23.314873	20.460074	26.242756	35.438751	9.050683	34.833407	28.014860	37.124326	8.363808	22.714334	18.311626	10.529947	14.605559	12.450716	19.727493	14.625110	24.272294	32.727750	23.924536	36.308656	37.665341	24.707979	13.690248	37.032470	11.841655	17.320023	11.086097	23.690144	10.267906	16.234715	19.949648	22.119170	21.176496	22.433900	8.457806	20.942155
22.636893	18.751003	18.694081	21.487371	27.427634	12.335549	29.867928	31.927559	26.982160	27.351049	29.292046	19.124228	20.442721	23.262136	17.647099	10.848113	31.128076	14.467364	20.982232	23.018335	23.169266	14.597022	34.572186	34.837580	33.693130	17.060249	16.669639	17.620876	23.169736	18.051471	17.256732	19.318948	9.049206	24.489397	37.748929	10.835803	20.562484	9.779389	17.885789	18.757418	36.155911	18.316754	18.678099	28.343495	30.732687	19.960039	12.624549	10.436367	23.912261	31.214108	9.531491	27.567045	31.663900	33.461966	37.200577	28.577462	31.511760	35.337616	29.505599	35.189200	27.112449	37.106450	33.348961	35.246209	8.624920	15.497775	18.387499	17.209370	21.795216	30.180697	7.635537	9.729324	28.533276	19.625950	12.004546	14.010289	15.363301	30.823974	17.282683	24.729789	30.844790	28.894432	31.441023	25.301213	17.852318	25.478282	9.809116	22.992736	37.465325	12.122414	10.689973	32.961500	18.921606	11.400121	36.821181	18.916319	27.740042	28.595135	32.012054	14.209781	12.761926	33.640409	34.197655	22.478691	28.656630	30.799281	30.867416	7.689553	26.536912	31.911976	18.232271	12.095489	16.377645	7.740164	30.959645	31.060839	29.020543	34.811519	32.001705	23.030299	32.109266	12.502165	24.484332	37.462695	35.689301	27.632027	9.460924	12.736952	29.450685	14.432714	21.418753	18.851664	13.443034	22.555875	21.295718	23.940482	11.620588	34.910186	30.922319	20.128989	33.352630	37.193840	27.282331	20.251532	25.407545	18.671237	29.934141	14.712313	8.379516	37.491186	29.449558	25.927955
20.240885	11.796885	36.393060	8.989031	29.785978	23.886868	30.992630	37.610632	15.327910	10.808881	36.107280	36.628694	12.671507	35.832714	35.353132	27.578725	15.347456	31.510536	34.339498	25.670680	15.176549	37.554778	23.498145	9.414566	20.065225	20.699878	26.743298	14.407582	24.811934	28.873957	8.701928	29.973338	28.641234	35.588400	36.891069	10.844547	33.709164	13.538395	24.020305	18.866456	33.334618	25.135777	26.592698	11.328086	7.931834	34.380109	24.676655	30.129679	37.669583	34.389549	14.656278	30.019841	23.398323	13.127681	13.464591	21.767494	20.838715	10.825087	11.912626	11.585932	21.447098	22.032772	32.711627	9.871590	7.907560	16.253134	27.036421	28.797788	20.786708	34.043522	12.400724	12.733791	26.750090	13.318523	18.904755	31.280145	37.223148	35.054338	17.714786	17.975201	20.105801	11.961082	25.620499	21.286300	23.143870	17.459842	9.500628	8.606575	19.269214	30.514995	17.173564	7.688679	26.781067	15.166754	32.763046	30.308016	21.441956	33.647435	11.466986	24.463448	29.406699	21.266665	14.373492	17.036921	11.009661	9.344025	9.552085	22.135616	12.375690	23.263760	27.288329	23.070241	32.986859	25.632216	10.694092	10.279111	29.081415	22.333080	19.582232	26.516241	8.245434	29.228234	18.198317	11.545034	30.655604	21.540591	24.453798	31.690998	7.660133	28.695086	10.490262	23.822187	11.436878	21.180054	28.563060	12.855708	20.731110	18.686947	19.404273	35.750506	11.128637	26.032630	17.308707	21.835015	9.451015	28.230487	8.859980	28.967319	16.533713	25.914366	37.161398	14.702783
15.738246	9.563443	31.428165	33.450150	26.359615	20.463915	35.583848	11.114741	11.956577	25.250134	33.491632	26.117597	18.625388	29.640849	26.522182	25.439949	8.173007	30.755349	31.808345	23.401666	17.698806	12.936513	24.367921	30.840402	37.364085	7.728191	20.854060	24.312544	10.049985	21.108884	13.543828	22.142572	33.695105	15.503003	27.179353	36.614736	35.813483	10.809981	16.851866	29.986659	12.119712	15.645258	19.941691	12.172411	18.522457	23.107957	21.410606	14.287169	29.597129	16.763750	10.122118	8.586433	19.650463	28.065377	19.741215	11.894652	13.308781	22.211075	32.027922	28.518511	36.490799	31.326837	27.247629	19.387561	11.634175	26.853651	28.773598	25.213079	24.697776	15.131294	14.725737	16.029408	37.804069	12.610380	18.230708	18.019679	8.827260	28.762423	22.042374	24.610806	34.068389	18.278818	27.546903	9.058411	28.491894	18.565923	14.477739	20.160704	29.035087	30.696026	13.632730	33.064456	20.047874	29.356867	8.345510	23.555726	33.819730	15.770154	25.242147	25.198537	27.275168	16.647835	23.417977	31.147444	8.894850	16.730662	26.978027	22.657330	26.277726	36.838791	36.306924	18.054315	35.620551	10.994065	15.338171	28.963379	21.486011	14.416681	18.837736	16.398039	15.241279	21.300679	13.397973	32.954564	28.096270	27.063828	33.034692	24.655621	28.823265	13.268942	10.149013	18.455558	36.862693	33.282079	23.791897	36.820486	32.143832	15.372658	11.973287	11.604798	32.931421	13.406616	32.580093	11.878678	23.543755	37.746618	23.841638	11.767442	15.943887	14.738665	13.760418	28.751649
10.935676	12.123943	18.508750	16.825353	14.681605	16.915566	35.304833	15.779629	31.477474	27.262647	19.307171	30.915756	14.974508	10.273421	27.983848	15.437740	23.105095	30.871431	31.426161	33.252693	13.251409	28.250606	37.741074	34.122947	26.431794	21.346451	34.610553	29.885634	36.419465	22.235762	9.916717	32.996399	14.599011	20.720648	9.998741	23.019122	21.694867	14.303769	17.920345	20.231990	24.563687	9.918357	11.957207	15.588842	8.949242	16.125782	29.552819	23.459645	11.775320	21.013284	10.844383	32.030571	32.258459	19.179570	13.923611	13.528605	11.421679	13.278001	29.689945	22.760830	37.488146	19.834184	14.372827	37.799269	15.690885	32.687905	35.170180	27.513444	33.021751	22.033349	18.508533	13.503991	15.370183	26.381125	15.506854	34.615353	33.871067	31.051829	25.391335	20.271270	18.400949	37.209114	21.278381	28.353323	12.816484	27.530558	14.909951	25.179936	22.899991	32.923286	26.233288	31.899706	29.871823	36.001435	34.690484	30.833317	11.543625	34.548178	15.915585	27.045742	17.583211	15.437117	7.577616	22.677045	28.948279	36.086702	8.962518	18.152927	17.773956	37.807070	25.581191	16.758014	21.165500	12.239035	36.642054	29.027537	33.930944	30.094533	30.174955	19.607169	9.510599	14.962844	15.879854	19.546898	17.161010	14.326255	11.136894	13.936422	25.426413	16.820287	36.120061	28.335494	33.692332	23.337700	7.889128	12.837596	10.727728	13.324270	15.454784	33.701976	34.089390	10.413252	7.934419	14.201145	21.901317	8.617328	11.891118	37.725237	16.930089	21.166367	25.377059	33.035752
16.901060	20.543730	19.605945	15.282867	24.242058	36.279871	29.215730	30.560672	36.831929	27.814079	14.939959	34.449066	18.673561	8.241343	21.568677	22.787511	19.919998	20.084490	23.678943	12.154506	9.837628	26.714714	19.339128	7.651969	27.050150	23.732655	29.930136	35.971823	36.394716	33.760221	28.446185	31.160038	20.111820	11.473602	8.059262	31.830036	33.047834	28.961048	8.151509	30.475639	14.408663	12.849633	23.417876	15.563020	11.459050	15.992101	12.731556	8.996007	36.173706	33.969834	21.741328	10.474398	35.601999	28.768999	23.823685	35.817219	9.515595	24.593916	29.368382	35.698193	13.077014	23.389006	14.271684	37.410218	30.510981	32.192177	36.668977	32.163969	31.429231	14.738461	28.877861	33.353797	10.571279	34.160861	30.827163	27.821138	12.482667	36.974702	24.715745	17.271006	14.850965	23.110452	15.048739	19.770579	29.232327	20.798065	16.430135	22.293826	30.066741	14.777102	15.421609	20.097378	12.668811	8.160998	30.676828	13.584720	7.888384	19.586410	35.195663	32.991889	29.103533	13.312803	10.127216	11.272553	27.061575	18.578809	24.197007	9.625285	26.016379	30.845071	35.016066	24.003016	12.751746	7.832303	28.719997	32.635533	13.934755	22.357229	26.977677	19.801885	16.469667	14.525926	36.790382	34.197850	20.653746	15.837996	35.112604	11.505051	23.676129	28.170884	7.899918	33.819379	8.817584	19.232106	9.431219	28.927950	23.795171	29.671131	22.215036	30.974026	10.082191	27.163706	18.810641	26.145866	21.126672	34.392028	11.975392	27.985111	14.838952	21.022318	36.119866	27.860758
25.525812	9.772770	11.506991	28.148806	31.370078	26.874589	10.080683	20.110373	28.329950	20.392357	36.161267	12.804310	10.464054	34.853825	35.062137	17.589608	23.270557	30.136993	21.325931	27.342664	13.419529	24.265521	14.677367	16.012880	34.428465	37.160567	26.195201	30.273206	30.172486	9.840088	36.968560	23.852572	20.596267	8.139110	25.889375	20.447166	37.217268	8.287446	31.456885	15.937046	25.401389	23.033545	17.544613	12.617527	36.230805	16.898059	12.394522	9.706305	8.253102	19.224229	22.263071	24.805551	21.486121	8.041933	20.886981	18.068204	26.641368	33.137222	26.832619	24.007013	33.564782	17.346813	24.887361	24.587879	34.450861	10.531908	21.408803	27.524592	30.682867	29.641508	32.187234	7.672274	25.589129	21.795084	22.720142	11.614752	32.346073	24.749263	16.319336	24.126719	29.869474	31.547001	13.367525	24.323327	19.545089	16.361695	26.208085	25.857699	7.828879	23.757796	9.216352	23.862856	14.840305	19.057499	16.981105	9.225444	12.831689	22.061620	14.060823	30.059816	15.825233	24.158403	26.994783	18.180058	8.822341	8.390889	13.911435	36.005976	14.900257	16.045185	8.200866	13.089702	9.813778	11.272525	28.520584	27.672136	7.923664	25.784449	34.597676	8.732643	11.113316	10.171696	27.973060	8.982816	21.172511	30.838056	11.188906	18.916896	18.040849	10.087474	22.451062	12.121113	13.146027	33.357606	27.350569	8.170882	29.281668	8.306684	9.790362	24.729061	10.590024	24.789534	36.691155	20.772555	15.559967	8.884568	8.547132	23.565619	28.002939	15.834071	19.001303	20.996853
33.567535	17.636448	11.033416	28.958676	31.047431	22.443840	14.278215	32.805488	34.139948	9.605361	9.963608	26.753437	10.128083	10.638506	32.976589	35.689775	27.649744	26.262114	31.214407	14.279692	28.895585	11.414065	17.965157	23.995782	37.563971	22.495287	11.858279	22.495875	17.790383	15.129908	12.748110	24.185454	11.629120	15.678461	10.083426	10.322937	29.838557	25.679347	16.947638	21.936990	26.646830	9.956703	22.767392	10.965511	24.006355	18.675746	33.150502	20.008064	15.414905	13.792364	9.050303	23.971242	10.176778	9.009119	28.908395	13.866072	21.986560	10.563412	16.762842	36.008895	7.863365	13.894677	23.004271	14.643446	18.969866	18.898703	30.324823	31.752059	12.394284	15.348932	33.131633	35.604870	20.522499	21.626248	36.243219	16.723703	25.249521	21.769751	36.724267	31.758973	31.179063	18.188525	15.465325	32.465160	24.424052	28.046396	20.988242	34.020764	20.483887	17.772494	34.628561	31.856142	15.110958	18.615117	37.657277	10.777181	13.363064	34.826728	27.049603	14.777231	29.649614	37.588791	24.225145	27.703981	10.391024	8.329794	20.866020	13.404309	34.110251	11.738472	19.712825	11.692765	19.204290	18.406050	37.625947	9.936382	15.197219	7.931154	15.332914	24.638963	33.484439	14.852071	19.704597	7.873929	37.014769	29.117789	10.280224	36.657475	27.700480	13.677889	25.638971	29.557207	31.316891	29.066231	26.674802	7.833450	29.485495	16.602707	12.545158	22.936915	19.956042	33.382623	30.141662	37.636024	13.234478	34.574383	12.213452	36.773577	7.951646	28.841510	26.433550	35.324408
29.524335	23.297000	16.483387	17.724508	27.601298	35.453449	31.581038	12.661785	34.338020	18.686691	27.247842	12.976180	28.130630	25.468942	24.517150	33.664987	34.598066	11.494241	30.851836	14.840944	25.726722	8.657064	24.274119	35.069655	10.425594	9.277054	17.679878	13.539495	37.476201	20.109542	24.454342	18.241317	15.423491	33.462097	29.632261	31.865460	29.238543	12.306065	26.242205	18.372492	11.907727	34.018022	19.551122	9.309170	25.060890	36.900748	19.506900	36.461610	30.290630	34.608743	9.774258	11.154398	18.110851	36.979423	8.844346	8.784500	23.506496	15.711992	12.335896	34.811579	32.506587	26.105082	12.359555	8.916802	8.453895	27.070620	8.311862	20.567511	8.522924	26.203597	15.656345	23.954753	24.391966	31.200191	33.633953	18.536339	35.016529	10.706382	14.095656	17.676986	20.674165	19.851613	13.580630	24.278848	22.981445	22.897884	9.722836	13.676214	36.436692	15.115120	37.532756	22.950728	24.082646	35.272894	27.610190	17.440894	20.947451	36.945871	20.806228	21.649364	20.444495	25.780382	29.163685	37.143586	18.130030	16.693986	13.812137	36.992089	37.204139	24.800001	29.426543	8.772386	7.969321	24.079097	13.943432	17.317030	36.924249	28.459739	29.493944	26.087705	28.752618	21.046255	24.951153	26.057665	19.327822	24.868192	9.775717	17.049920	26.079812	13.088030	36.999972	36.548051	21.633054	35.065350	33.189411	37.298130	16.256949	37.273516	10.124447	14.162564	20.628951	18.784449	31.997979	37.167694	13.850756	31.608642	19.313699	29.295196	16.053873	30.919182	13.602174	30.906059
36.261928	17.225775	24.048970	34.432388	27.314302	24.982541	13.504754	18.511614	9.680043	12.291861	27.721446	25.872794	13.309853	23.701865	33.709796	8.482549	14.041406	26.641972	10.875354	11.303413	14.456738	15.599691	29.846587	34.263814	7.649292	16.272348	33.075781	11.240636	12.895422	25.306880	28.801550	22.092037	21.608067	22.512626	8.238513	14.325775	30.389422	28.621303	31.796357	23.611466	19.921228	32.881155	28.453656	26.713516	31.133956	14.110749	34.338420	36.239742	31.669341	24.814602	16.917687	33.324220	29.561442	29.400019	8.334654	20.135954	24.760749	33.757276	23.372366	9.748401	26.928869	27.164815	27.959209	28.461066	27.087120	35.015473	28.352887	11.283896	36.716191	29.944938	34.919580	31.298964	33.639141	28.027800	14.969154	36.727959	28.130386	22.501363	30.620148	33.788402	29.110527	22.483615	12.225929	26.581161	26.955132	36.787652	17.707911	20.960271	30.828504	12.790529	30.953293	31.922844	11.659205	27.355981	33.785905	9.460175	33.841671	14.424238	17.740287	10.495932	8.466290	37.527932	9.037705	19.730132	29.755436	10.934238	31.319488	27.111277	10.288109	28.524226	30.192775	37.110080	22.909527	19.207540	36.466527	18.972842	36.120638	34.069818	36.361678	26.924607	27.182761	28.384340	10.132426	19.298003	34.722153	12.971253	36.202083	21.199489	26.622526	10.236577	27.471969	15.838843	37.033990	33.483026	12.531135	35.997524	30.012423	14.988615	25.921494	21.785464	11.618049	28.084222	19.529237	14.792758	18.886870	26.305453	13.151989	33.503308	29.900417	36.573370	23.750317	13.492313
15.698999	36.678127	22.514996	15.660912	25.856574	23.633912	13.597381	28.309409	11.838197	27.902848	9.280102	22.905813	25.137942	20.821759	22.487292	26.578732	9.018665	32.144305	35.504342	16.722500	26.276559	11.240212	16.059390	24.237483	28.495657	34.442758	33.891972	23.997584	28.930519	29.048529	7.714677	36.883151	12.322183	36.805727	17.899665	37.148194	12.850731	31.815655	29.092422	14.452166	23.964512	16.000414	31.996178	16.770266	29.995021	34.465482	19.581343	27.420592	31.152894	25.555196	27.587014	28.979478	36.282409	31.824113	33.087327	28.854732	36.532643	13.411389	17.794275	29.543685	16.521212	18.591592	24.748035	20.053362	20.618648	22.819738	18.869946	13.055158	21.891280	26.872494	33.979614	7.583718	31.557810	14.923500	15.123377	29.688332	21.114044	12.749372	8.624365	27.197845	22.108366	8.685657	11.429351	22.697503	27.178708	22.047469	20.366319	14.954884	15.083908	31.319835	12.180181	26.452676	31.980723	18.507690	19.764134	15.092242	34.296992	29.407045	33.015632	17.890690	22.993745	13.314128	24.972315	8.561041	8.487526	25.757635	22.578530	21.224791	29.984316	32.383656	14.528664	36.192020	14.495477	29.013508	31.005767	21.396070	31.950821	35.950665	15.162799	14.736280	9.293461	27.853066	18.046810	26.810601	15.667082	26.698201	21.387312	9.678790	7.891540	15.642936	21.056138	17.877661	25.045853	18.589292	26.387127	36.136463	28.655879	24.506728	12.585817	29.667371	27.858953	9.445794	11.716142	32.462763	36.794050	13.570624	11.018558	15.300888	35.808414	22.609563	11.717313	11.544700
32.690038	25.769866	34.942398	11.209875	9.792948	24.971843	21.460073	23.565495	31.844944	27.086962	17.754751	11.562190	23.491674	14.245610	16.474216	37.036474	37.276317	21.786527	35.841601	10.684642	21.011494	32.409445	21.611059	18.740661	21.082603	34.831332	16.404209	21.211076	28.937657	23.589251	23.910408	15.770203	8.700517	36.590916	32.040328	34.829992	12.572771	14.588918	23.008220	20.513458	14.711679	17.392646	35.268060	18.444264	17.761487	24.841384	29.222906	24.378414	33.988887	19.553748	32.392869	30.412443	10.586545	24.628935	34.870143	8.228968	19.728190	32.473768	8.257608	34.602401	35.176584	26.049184	34.790424	17.435579	33.490036	22.047769	23.315435	11.601390	35.039705	12.342662	36.373098	30.920727	20.364788	18.835113	35.399496	22.951045	23.064428	36.953071	17.945614	9.363889	13.362617	27.753939	10.479334	10.614846	23.755673	24.307239	18.878431	16.332459	17.578378	19.236008	19.741107	32.113821	8.024096	12.014629	20.712896	23.083704	31.981650	17.054046	18.628852	30.260832	36.066351	25.849886	9.245440	26.868723	11.276606	34.852728	7.776830	16.803241	35.763544	33.634730	18.886567	31.478203	17.127983	20.198208	16.516435	19.127131	12.913361	26.741486	18.102479	29.130828	20.063522	13.111792	14.922404	27.440684	26.080466	32.646189	26.754458	35.354624	14.925862	31.297698	31.943682	12.547769	32.117543	34.906820	23.794590	29.617542	23.114644	11.597395	28.465549	21.233242	21.844289	33.546965	16.514016	8.387767	35.261552	20.094450	23.936612	20.146757	12.268547	34.256469	36.535050	13.800941
37.080193	17.763843	20.099222	30.070851	14.133128	28.044401	34.245266	13.376819	28.973418	18.735118	23.337263	8.433980	25.783265	36.092710	25.757888	19.145836	28.551010	15.570743	27.082143	34.158795	35.622288	32.723675	26.449006	9.086346	14.600645	12.921252	32.700333	11.659952	23.611467	32.673341	36.768687	23.902462	28.478990	29.202242	24.804585	8.129689	28.517633	9.490896	32.087135	13.286558	29.493608	10.735256	9.781424	29.154801	28.910483	33.086001	11.640481	22.924152	24.798540	33.679392	32.489495	23.058917	15.985817	18.617121	13.176728	34.010896	21.207100	8.390204	11.269720	34.596344	18.953411	15.132632	15.961365	16.097605	24.635151	12.594416	16.239303	8.452319	7.983446	23.913127	21.601757	11.669822	29.698290	27.934769	19.694768	34.257344	14.932681	10.179778	29.864392	14.216928	8.854279	29.654470	34.179618	12.786054	12.710657	8.655847	18.904924	33.896048	35.233354	31.677802	19.356517	22.818635	29.197286	17.209654	18.707613	8.223541	34.672494	14.936539	37.633827	19.389936	14.734796	32.915541	11.868267	22.207026	30.846200	29.681385	8.326615	16.736144	27.087484	16.265796	28.605166	22.904717	31.969667	11.488105	7.576513	32.614392	19.374996	33.670328	17.039007	11.619594	23.118297	8.803610	21.852284	27.338946	27.541678	7.809294	37.465449	7.859511	32.480982	29.475172	22.471563	15.958661	16.013234	29.461126	31.012623	9.066735	27.562634	25.601595	37.622476	8.968607	19.581152	22.001122	16.063087	8.729606	29.082654	17.427787	11.167212	34.215280	11.526019	22.234073	36.184466	8.449282
26.311969	21.721061	11.430738	23.734817	22.561316	25.908411	10.398255	27.329858	37.639054	9.874615	8.198793	22.787369	28.735695	23.308052	30.752535	17.649722	24.218204	27.487616	36.348774	32.375037	24.600706	27.975580	15.718238	23.674323	27.580437	27.757605	28.839785	37.084570	33.269777	8.865284	13.694869	24.342288	32.605108	16.581769	31.024819	21.484743	7.891894	13.345134	36.919446	30.755497	10.376277	15.114877	28.892312	23.755783	14.998926	26.897068	35.284858	18.331918	24.548686	29.375918	16.123652	35.068700	26.650555	14.884095	33.206325	20.975014	30.376425	33.756107	21.868866	21.963855	12.130985	25.480210	14.618142	19.689018	9.277546	23.830498	21.438926	32.669374	27.193845	11.927234	20.951451	21.377479	12.329485	16.804837	16.621323	12.237532	18.051402	27.027367	20.461946	19.062126	37.459772	12.158134	31.390843	27.292698	30.695989	21.269292	25.296802	29.465058	10.156082	35.115013	28.718612	36.871368	23.397006	27.609375	15.839770	29.935394	21.788984	19.532746	29.872504	13.189275	13.896254	18.631367	13.267907	33.174129	18.191798	18.038690	36.231981	14.167360	15.688002	13.156007	34.228493	17.087351	26.620953	9.215936	33.076611	36.416128	24.029741	12.383610	34.866436	10.539988	33.659575	21.773804	36.502454	23.609247	16.918582	7.747197	14.694920	9.794153	13.762080	29.190341	32.255144	25.809845	15.107831	16.330527	28.363714	37.110033	34.947927	12.817777	27.239811	23.822845	8.439074	21.592455	35.347560	19.097258	18.633451	36.188716	13.678107	20.743405	24.311756	27.192648	22.602754	36.059600
37.205364	28.259585	30.467400	16.522621	7.721082	20.608187	9.674969	17.939512	31.629157	25.437728	10.662046	15.170151	20.480256	11.938723	25.797527	30.080867	33.053604	23.214159	25.169733	27.241174	32.608333	15.998394	10.695661	10.512029	33.384441	27.308466	33.281704	11.642749	32.964210	12.762344	11.008399	18.009588	23.109604	13.620657	26.766586	15.676480	20.917747	16.386696	28.940358	13.544095	11.115087	28.749519	35.937465	37.394328	35.231264	26.195195	27.646741	19.684331	28.720108	9.703616	14.653837	25.785569	18.551892	25.905214	13.206019	21.717499	28.150520	10.480813	8.990415	15.618773	31.230246	30.620986	7.725012	8.282013	22.324598	24.772631	21.250837	35.722976	26.914155	23.338073	32.328377	20.517005	19.565224	9.520949	16.980928	30.297190	37.157629	32.267908	10.649222	12.216049	9.445948	37.175427	10.652679	33.705667	9.691971	11.719458	10.415327	37.295482	18.198033	8.921135	32.269931	25.491950	23.704381	17.825118	33.171841	14.369527	30.557531	24.552187	14.268896	32.386649	25.119223	10.105283	34.798689	15.920538	20.660980	21.351306	19.226165	21.129306	31.653954	31.387629	22.237206	26.154516	9.172890	28.552068	28.539044	21.914567	17.037463	18.530718	23.244838	21.385569	11.227287	19.185303	10.793132	12.683535	30.703535	18.441978	13.312228	17.160486	26.350171	16.098652	10.855009	21.039106	8.635151	22.705012	9.506640	17.948158	21.812102	19.590785	23.147213	36.904004	32.238029	26.243714	18.416956	34.521016	15.011460	26.375447	19.765975	33.511645	33.293309	33.941501	11.568181	34.449007
7.904153	27.865082	12.501947	11.538531	10.683165	17.208207	16.821433	28.444782	9.041071	29.740406	7.959576	35.839716	24.289832	19.874683	14.528933	12.143381	21.611425	19.821653	27.289574	21.720162	37.350591	13.008490	20.814594	12.938420	27.788084	12.541702	26.554412	15.692195	33.922388	34.908866	21.902799	24.049839	16.714507	29.008695	20.464501	33.021244	14.313355	17.381442	27.340017	23.352709	21.124519	23.658881	21.953682	32.077193	32.196426	16.821332	12.914346	27.676985	20.093250	12.290080	28.045532	36.988685	9.330142	28.605711	26.048711	27.304797	11.982008	8.688068	16.138917	12.284919	26.319002	15.463572	18.187757	23.918160	14.661970	29.369685	36.051714	26.360801	21.719121	34.072548	28.420413	20.836156	24.164175	9.237323	12.792878	21.463999	37.749092	21.135292	31.396059	34.288126	14.869331	19.945099	21.335551	7.720596	14.855139	10.820372	28.402135	25.033889	31.483936	19.119330	21.963692	30.010661	24.368442	34.489672	16.846274	29.096090	22.030336	36.175601	16.770543	32.262912	17.646982	9.744552	12.174907	15.706823	30.206285	30.045225	25.573631	23.881812	25.003922	24.408633	34.495047	35.552587	24.383488	27.247724	16.798759	27.009163	22.722418	27.023332	31.682557	19.250198	12.085491	24.870067	35.383908	11.251134	13.980696	28.640467	16.608101	20.646389	13.875575	13.396653	19.526811	29.498809	8.392660	23.721496	22.839004	7.848698	27.209943	19.520809	7.578742	36.908379	35.520898	29.240069	34.546965	21.938177	11.670306	18.013505	10.837212	36.799858	20.614361	7.718533	25.807573	8.278100
17.143618	34.167625	32.382603	21.256112	37.079528	14.331295	34.358181	24.906848	28.689756	15.803186	28.879017	37.768781	34.199713	10.944280	19.917129	8.538253	16.114788	18.556832	10.196776	27.258185	15.390064	24.871550	17.578299	32.921799	24.753393	28.797754	16.000124	16.537773	20.603588	10.566352	8.072490	26.177692	10.072825	31.734399	21.828250	29.189799	35.389403	8.955490	24.901337	10.205807	28.523026	36.681232	31.827295	33.416940	20.097039	31.602899	19.896201	28.700307	18.705326	26.249182	32.036751	8.923339	27.725716	23.365630	35.934695	17.133959	27.866331	31.327293	26.901972	19.236194	18.819746	21.007765	12.304595	8.566075	23.215365	11.450743	34.736681	27.415767	12.975001	17.387997	17.786386	27.899831	28.862379	12.536338	9.436073	29.514311	29.379636	33.188886	15.274726	32.971355	37.581702	15.046848	27.060863	36.394149	34.290919	23.387916	12.740835	26.433689	10.552288	25.851599	29.567576	17.890965	36.918868	30.620772	21.081117	29.202649	37.263138	32.850149	26.766794	18.375382	24.537241	13.326285	32.838003	16.852140	7.567751	28.940666	22.234565	8.264688	13.944666	30.610307	31.611357	18.788188	18.712149	23.561842	29.707323	22.616279	25.131831	15.061519	24.292199	25.659592	21.075481	8.395630	24.262172	20.103257	30.503894	29.996395	12.213066	17.053724	23.805799	34.975636	35.873574	21.125805	23.140002	16.500832	34.410549	31.145133	30.540471	36.906683	26.214081	36.793394	10.823065	16.973469	22.216590	14.459773	14.219682	17.347006	35.816806	8.387304	7.947499	29.030164	32.594545	28.618390
10.340378	33.306750	21.491392	24.944323	11.537900	8.920484	17.686943	26.281331	23.594857	36.066556	15.684399	12.377410	32.611558	28.924094	18.645544	12.562266	12.207323	26.364473	33.635624	34.588972	18.157398	13.219423	19.591219	16.800361	17.821442	33.518781	23.279658	28.921654	13.545795	12.862721	31.466424	23.417883	13.019997	10.575359	25.207030	19.295122	21.212815	24.365233	18.411943	34.408259	22.225566	10.602106	27.564912	10.602497	14.926996	28.010280	20.948784	11.281133	17.019755	12.482797	19.134189	36.479503	20.687334	26.863654	27.165535	28.766045	33.906438	30.556596	34.964741	29.226741	31.413054	32.655099	34.434087	16.928525	21.417424	29.664385	16.640557	37.749187	14.153898	17.396490	37.479286	25.516127	31.965398	10.635837	12.024125	31.362048	16.290628	10.600112	12.954739	19.216933	28.145385	35.211218	31.253308	17.599282	21.067301	10.726144	32.647864	11.318667	29.959500	7.950251	35.463510	13.501845	10.930527	30.653279	20.881628	13.138842	28.615234	12.261189	18.520451	11.542163	30.808084	13.935732	25.801567	35.285456	33.226655	9.736197	23.051539	9.304890	11.562483	37.045307	24.575728	13.956586	30.325484	22.389221	37.143339	20.355189	34.299128	33.007288	35.260325	8.664423	26.968779	27.256383	28.486367	33.428130	9.272691	35.359912	21.334123	36.747117	29.124880	33.705730	34.871459	8.277545	34.067921	37.500376	26.850965	25.372582	32.252921	19.368357	34.376481	36.948509	8.769511	16.182204	9.211921	18.256732	14.208294	28.780389	13.954319	37.150032	13.908134	16.484766	36.972996	32.944119
31.617311	35.256832	14.760906	8.699205	33.509470	23.265276	10.005800	33.680771	34.510179	22.627868	26.546030	10.066735	16.765964	7.880078	23.274825	35.743023	29.624121	12.643856	31.062958	34.542043	20.542559	31.439979	8.628955	34.697161	20.247539	17.278914	29.509871	22.807786	35.877740	29.102263	19.563951	33.029539	35.359116	24.890735	23.845985	36.215039	23.103591	29.687304	10.058433	22.274438	7.730374	29.909766	24.593838	19.634153	35.187927	34.323183	21.535923	30.116741	26.713131	8.397675	32.797561	32.371028	12.493314	27.490023	35.762518	15.333545	24.697491	13.739546	26.927540	24.503575	20.321838	35.672251	11.706334	32.978569	24.078320	37.103785	22.809723	29.167790	26.312514	30.117849	16.120055	20.803581	19.153405	29.652633	24.827769	8.073741	18.933169	13.997267	14.272482	8.331983	35.290237	25.375876	19.650713	7.610676	26.604934	16.653730	24.787724	24.123575	20.116224	29.567940	13.775605	9.750702	29.715404	12.581305	32.701974	27.473446	13.779411	18.817160	24.703511	18.861596	27.451706	16.351704	30.550704	9.527938	35.679885	25.303481	34.867494	19.679399	21.672930	26.960813	9.292164	37.602356	14.579339	27.060605	36.812624	18.461369	15.780298	20.727869	29.797537	12.330140	13.016684	33.865841	11.536520	30.532843	31.597933	11.526028	13.086392	9.064598	13.047797	25.925216	26.543023	7.981820	34.486690	23.374507	18.007995	26.274746	18.584561	17.383237	15.809283	15.091189	25.367431	31.030660	9.456262	10.684023	37.496097	34.852295	7.697775	20.160230	25.233511	23.481368	36.294352	31.626753
25.461152	31.830742	22.074141	18.874162	13.478395	36.652699	11.725897	35.288031	17.995782	15.144540	27.815666	18.252078	11.765896	26.574937	37.621089	8.254814	9.059037	22.234164	26.248679	21.410246	18.562756	30.422408	8.654551	8.198812	21.579519	14.173162	26.218979	20.487095	19.784529	7.584332	21.455422	8.722369	16.880025	8.484121	12.371426	17.347852	12.374178	37.445429	16.227904	23.552909	37.202848	31.796594	9.565192	13.076268	22.856672	15.934193	13.354037	13.951909	29.998024	28.332598	13.954007	8.383087	23.449682	34.752711	37.297711	26.382670	9.117596	10.999200	27.151371	15.751213	12.435278	16.472254	19.703041	20.299481	27.800604	21.095687	26.823986	12.802243	36.231429	13.916878	29.108252	34.125493	14.169493	22.546729	31.556762	29.036249	36.895474	20.268527	36.372896	10.598235	14.942428	11.829900	12.330660	34.520526	29.326204	36.871509	35.221490	33.405118	9.034084	25.810362	34.970039	32.416996	36.032465	21.104213	10.185951	12.611330	12.532679	27.776068	29.635214	20.252218	17.260540	11.048161	20.732184	32.580028	25.726530	8.659812	31.147002	17.613558	22.824308	21.323470	17.639209	20.360878	37.206705	26.575243	29.623613	33.755109	17.395549	18.014034	33.567704	10.711413	11.480923	25.583572	17.179558	12.143034	36.709581	18.023003	18.123953	18.380006	22.073921	10.156062	21.663488	36.407339	8.480966	21.098794	13.655537	18.055180	17.443838	11.832170	30.665505	36.639252	31.683584	26.678798	18.831090	15.275663	30.206873	18.930473	26.254500	28.644212	24.427706	15.247528	33.144348	33.389208
19.858396	25.931634	30.719748	21.104204	9.601157	32.587136	28.777827	19.587184	10.520882	23.711548	30.643464	8.591982	22.096027	30.477111	18.986416	16.508669	8.841557	34.506702	12.053446	34.382903	31.240865	26.807453	33.925950	26.928770	21.040041	22.994433	28.061347	16.659751	29.881136	14.127699	28.958125	31.901534	18.871213	16.995631	19.229408	22.456908	7.569536	16.155363	21.886779	26.307011	21.035663	36.957608	15.230389	13.360948	29.734465	13.706484	32.863603	30.815085	17.367530	7.778439	19.804502	13.441339	8.555888	14.645695	32.088929	20.727240	31.947312	10.037311	18.547781	22.576441	37.437703	37.560735	35.405407	17.599997	11.125258	21.428228	8.886877	33.584857	19.576814	32.765174	29.151170	14.961564	23.686025	37.570917	11.661902	18.192594	29.384098	25.473701	22.031894	11.888727	10.417514	21.204428	31.776599	21.688323	37.487309	20.457566	34.532014	17.449716	35.688925	22.177049	12.805871	27.601612	34.629738	19.187540	27.399193	26.558488	37.798116	37.699071	16.309299	27.743865	15.561536	35.586892	12.611102	12.898309	19.443130	16.615626	15.018364	14.505337	36.095626	25.015012	25.878996	36.958199	13.542127	25.826406	18.626087	19.456291	13.395177	20.201092	18.080684	17.013177	27.377431	16.346395	37.734554	9.137381	31.871873	27.790370	23.483349	25.553476	21.188706	18.352401	17.910544	34.625011	13.144058	27.719786	22.846962	26.877036	34.394700	34.194542	32.778011	30.369116	17.292526	12.029170	12.740926	23.628052	31.148697	25.057069	15.739315	32.737476	31.081193	12.389050	15.578682	18.292459
11.818993	10.002109	16.891964	13.735974	33.473295	12.701805	36.015038	17.052991	20.674010	7.611392	36.880209	36.337111	11.420743	28.338668	34.449519	20.540147	18.158851	11.763682	12.819221	22.524569	31.506968	10.019180	27.356505	13.375219	15.173309	17.048045	36.518797	12.624522	28.005566	17.890260	20.804803	12.311169	37.355400	8.569972	22.273333	27.522304	36.019942	10.917933	8.833128	35.662648	33.770317	34.172936	34.919407	16.919142	27.425343	7.916615	26.846668	26.993057	15.151202	14.939159	15.707161	23.255803	17.569600	9.507980	20.153225	13.066381	17.666915	16.982758	18.514798	27.830010	23.809551	27.063567	32.711144	32.153223	20.247619	12.847928	15.115195	27.145285	9.210643	14.421534	9.317837	29.305273	13.376123	21.681148	15.223115	8.327828	29.550749	16.262180	37.774620	31.845982	23.030612	18.354619	17.376555	22.574305	12.105470	13.639509	17.729550	29.840010	37.374156	17.060940	36.830665	8.025813	16.559487	26.884371	26.806507	22.224971	12.106163	17.193975	14.737191	10.667337	16.620171	12.430502	23.159424	28.768184	24.139051	23.934571	33.231688	19.289552	9.757705	30.075294	18.217305	13.325440	17.709756	29.171985	37.798177	23.867750	37.485388	17.803881	20.930679	19.034306	29.819809	36.649894	16.987732	29.807439	19.426746	18.386361	23.804566	31.791063	17.711840	36.410756	16.329110	10.763587	10.357883	15.332314	19.840679	9.135029	13.852372	32.217192	32.783686	27.123179	19.644059	25.843652	20.403844	14.030595	11.046863	36.687584	28.238706	26.051139	21.798308	30.667076	30.653209	8.290099
20.922919	10.281913	29.472770	36.161924	15.144539	15.260017	35.350282	12.622154	9.005330	8.827552	33.338558	25.062326	12.857211	8.698831	11.320722	29.950167	15.043376	18.890665	17.217790	18.065015	15.556487	31.949398	24.366770	21.656049	20.495767	15.575238	13.064365	34.167417	17.343153	33.964868	30.586573	17.688964	13.968220	25.793376	21.842423	16.536316	11.765317	11.915746	15.856774	10.841574	33.205672	13.365195	10.050821	33.109329	28.162612	25.992559	35.928712	9.525781	10.577187	18.144202	31.586062	28.622570	14.175349	32.087268	36.436157	31.666064	9.957912	25.335880	14.148446	17.789592	36.313298	33.041259	12.080076	34.879659	15.522496	16.058204	30.947439	16.210878	21.753582	19.581938	8.263327	29.385258	26.197761	15.669109	27.332007	10.719705	28.386337	28.994285	13.547360	19.859878	9.066193	16.926736	10.083339	14.427170	7.687522	19.362220	8.202189	19.530468	17.545026	15.054133	10.852334	8.428453	7.801722	23.060137	21.185050	24.633987	25.927058	18.389561	31.381826	23.033379	8.399297	32.032205	9.138570	31.332305	8.356036	22.474880	31.501281	21.802925	10.450512	27.894124	20.459162	17.986283	8.437523	19.701271	18.487123	27.597520	36.614223	10.436226	21.280926	36.711745	21.675637	24.119721	33.027152	27.800778	23.213380	24.370912	17.323315	14.012060	11.394873	8.004457	15.663273	17.085798	24.480813	36.203728	11.900620	17.905739	29.552626	10.650356	36.895284	7.643303	11.715529	12.746775	33.537481	21.284560	12.451813	17.344516	33.970839	27.960639	36.127623	20.983742	16.524447	34.943777
18.976125	32.699280	29.178999	17.427508	37.787911	17.297868	20.028090	33.733817	17.107336	10.651197	24.296819	19.174874	16.873598	18.679892	28.884216	14.660149	18.653306	25.759364	17.191491	30.376808	37.549873	27.849735	15.938404	37.499830	19.555491	35.609246	33.989727	34.856515	31.235099	15.835704	15.421195	11.270338	14.172371	30.876653	23.906159	23.371964	26.096900	31.977823	18.529466	35.110274	17.547014	31.113998	18.893353	9.834282	15.262139	23.821895	30.875527	20.022825	20.422788	11.656116	13.826711	36.855059	34.743915	17.582743	25.946971	8.902126	25.771967	15.458665	30.925280	23.227600	28.113450	30.372726	35.743379	9.568712	25.576435	36.647231	33.982295	25.721337	37.417487	20.846656	23.464321	8.426919	29.847580	29.766572	13.683712	21.837035	19.741473	33.194954	9.122858	34.843918	34.913588	9.983982	32.580367	14.161185	34.895282	19.827443	19.188757	34.686495	23.294371	29.938587	16.258457	27.605571	10.563603	23.119124	34.728006	24.746674	28.717637	10.061676	20.298900	24.461732	32.897285	36.709654	20.950133	20.039429	11.832816	35.143744	10.762899	16.049976	26.254642	19.446953	16.887982	29.325527	28.035639	31.301141	25.036082	28.838311	10.114335	29.164334	13.820443	30.555481	21.233278	34.036679	37.199396	24.094882	24.770815	17.899029	19.314446	25.652532	20.260622	33.294905	32.716289	34.833092	24.511658	35.249974	19.312826	22.818937	17.566164	26.367822	20.201706	30.111645	24.374710	17.064235	25.740918	31.962413	9.495666	36.823986	18.806289	10.505662	36.172853	16.700438	28.999544	20.227075
35.946567	12.600438	36.326263	25.649629	35.150978	25.355816	19.177775	22.127290	12.764991	13.357560	20.206193	29.006634	9.704414	35.654092	32.092169	10.914736	24.314698	23.294431	8.457415	13.229978	32.773407	34.889016	34.065103	17.329571	24.693725	23.314165	28.350771	20.579292	33.184116	30.933081	33.492795	29.999671	14.185456	28.167060	17.244974	25.190283	16.889468	19.449052	24.088382	16.773904	28.480437	25.025165	11.016144	36.322624	34.574395	8.275873	15.124800	19.673383	33.955876	9.240308	24.155844	21.054307	22.498898	11.694394	16.522584	19.573381	25.462591	13.776787	36.413544	13.141407	37.632528	19.389428	25.224298	26.703957	25.241522	18.780288	10.453525	22.167180	20.700721	10.066020	32.983365	17.092073	20.804851	16.642088	15.238468	20.528284	35.602395	16.706104	17.415514	15.248479	30.410524	31.599689	11.800668	28.939692	9.284079	13.675260	7.783040	32.904670	27.306507	13.503333	8.635351	28.693225	31.424945	28.765904	32.816321	26.099666	21.510019	30.307332	8.603621	12.493926	11.380806	34.609372	30.929454	25.421947	29.565658	12.245160	13.090676	34.463155	33.401906	18.441785	18.212311	25.958582	27.872813	21.522851	23.866536	9.333782	36.503025	37.529282	19.095996	22.895075	21.291973	33.008646	26.349102	15.501529	17.382399	15.009335	20.663214	7.996192	10.836803	35.372497	7.836496	11.783494	19.791044	22.220777	13.521026	10.035178	20.558243	17.132114	35.083545	13.140033	8.979082	16.574973	22.313688	27.987677	35.083364	37.692841	17.936893	10.647748	24.414137	34.383229	28.212553	23.714096
31.183185	26.740355	16.726873	11.788089	16.155072	16.905939	8.408390	14.798294	23.490218	20.554880	17.986191	18.052901	27.620051	17.783184	9.604463	14.183700	31.685688	15.584774	34.720623	15.014175	31.787570	26.890876	36.126910	27.816305	31.548008	13.846219	36.586619	11.989203	10.097439	15.546680	7.793989	14.238404	21.121042	12.385224	12.345769	31.883768	36.856855	25.189495	31.286675	17.546465	7.929303	26.151539	12.608324	15.837338	19.426759	22.489660	37.389239	32.191881	18.180822	19.634590	33.937411	15.318829	30.379022	34.229623	15.979048	33.575003	32.556477	21.033472	23.802022	35.403539	8.012788	28.163895	18.192012	35.600970	25.845654	37.027417	32.368036	15.273498	17.716580	35.190726	13.464258	28.717282	34.057676	30.112672	25.289949	8.489733	14.050689	14.304594	30.186996	13.619281	37.141653	36.754778	23.989260	36.288352	35.818685	36.366675	23.775294	12.590477	32.447662	15.426311	33.466892	15.770262	27.914365	30.003157	24.710775	16.097770	34.395439	34.107084	37.451478	32.922553	22.561518	8.294679	27.870405	29.309930	14.359837	36.535959	26.931651	23.762946	15.468059	16.709452	24.721201	32.876457	9.960335	20.198896	34.999396	23.656782	36.775559	22.505031	21.137859	20.951021	23.514123	19.800648	14.296450	8.844289	27.229474	32.237709	21.582093	14.648458	26.614162	27.686239	18.933928	16.305458	37.217461	10.775423	31.481964	12.309901	18.436415	8.814220	13.994256	32.005470	25.605378	9.317923	35.367491	20.137585	15.910085	35.170655	18.465446	8.927688	8.130928	29.507401	14.933142	9.616751
35.982907	14.658626	10.603699	14.995122	25.480121	14.683875	18.998226	20.214146	24.553430	12.650314	12.071096	14.215673	24.230332	28.408138	11.595027	24.134583	10.069747	14.955507	8.441984	8.436426	29.446377	22.591964	15.047069	20.266800	30.218167	24.513545	12.759203	31.479145	36.364865	10.904762	34.673174	28.280355	30.306317	20.712695	33.248841	33.862391	22.869520	11.224625	12.388669	12.511206	28.689337	17.844596	36.309538	32.774083	30.470572	15.320705	32.953328	29.421143	9.181979	21.382859	21.118251	34.878310	26.753988	18.124994	13.086893	27.309794	35.734446	27.952095	37.612065	28.121102	20.567194	36.086655	27.045553	26.934766	12.996627	15.883688	22.877363	10.048798	21.677067	27.372882	28.189044	14.416948	16.101622	10.566885	13.880849	22.554521	20.950281	25.080771	13.970665	11.878344	35.512906	31.974119	10.959020	29.605647	9.832820	8.877157	16.111795	14.293495	20.085378	36.182513	26.005507	36.822014	32.393240	13.364012	15.164288	33.111883	19.632543	21.421737	26.980816	17.178247	34.872192	12.661416	18.123720	9.067558	21.642418	33.928254	16.912124	30.545256	29.632907	26.593627	20.096263	34.868230	22.150802	11.738417	31.701125	32.945359	14.429003	18.804813	37.342040	34.382511	14.789379	16.302964	33.645109	32.439400	32.855740	21.256294	24.441554	13.641436	30.342917	28.762400	14.598308	16.975749	15.752756	14.816029	25.263117	27.225212	11.871741	32.962102	31.726148	28.551766	31.185020	37.388284	12.376539	14.579154	17.802769	22.457638	12.012091	23.017295	20.370293	37.530770	16.623752	20.826601
28.625991	11.202066	35.309089	27.216096	25.957523	19.522862	10.965461	8.422759	31.653871	30.358308	10.787816	33.388292	12.237398	24.774829	23.952439	30.412059	21.675407	27.341932	14.730212	26.912982	37.512740	8.707297	15.280496	34.017949	14.778886	18.698912	27.968130	32.849458	36.024118	17.393212	8.830832	34.182405	24.728760	24.643996	37.207050	18.086200	18.656973	28.491953	16.436203	19.390393	12.878752	15.793440	11.771193	34.718475	37.639529	37.582956	37.186047	27.682806	28.782295	17.203569	25.509272	17.091249	26.066001	23.147264	10.011759	20.366676	34.890914	9.390879	27.699978	14.701051	11.851861	36.940832	32.635201	19.721837	22.345604	23.277147	15.153746	31.832341	9.239394	23.183515	36.303277	7.740886	16.095004	18.502118	30.035540	36.038202	32.955475	28.967271	11.667424	35.151018	21.959149	18.456566	16.016007	14.399393	28.613851	15.069278	13.217581	16.468845	25.710183	37.416068	23.079307	24.358360	12.033818	17.091075	32.919944	30.602692	14.218420	9.716318	29.405752	9.054940	19.755559	23.908506	9.039010	37.142905	23.119191	13.227236	35.491011	10.327759	29.844689	20.534223	12.435145	30.822284	25.080210	29.351499	27.603062	20.964601	24.647744	27.501056	16.613215	20.432396	21.839891	24.364780	13.663469	12.387623	8.706099	15.716113	17.433266	29.151126	30.209214	37.288365	34.144075	27.926699	16.853556	37.413305	27.749570	31.594973	23.229839	36.484458	7.663798	24.650896	34.837202	32.043418	16.808176	7.940171	21.383065	28.663308	27.372931	12.741472	32.120621	36.726665	27.066314	35.281924
18.071485	12.005586	18.029346	23.634557	24.210185	34.535087	14.106812	24.913767	13.408838	12.359397	37.761615	21.570066	14.320592	13.627761	37.555383	26.024769	24.800563	27.124304	14.452074	9.934942	9.344016	35.763977	36.491217	30.338220	24.724990	22.188820	11.860069	18.915081	10.784069	11.605775	9.652900	15.919325	15.180195	16.616558	32.358782	11.180710	23.618641	12.540962	31.956349	30.832447	31.813072	20.025001	19.197841	7.906923	32.490383	7.949582	18.834221	15.424947	10.714482	8.433778	31.032402	19.165285	11.258923	18.015416	32.974978	31.995998	22.686514	35.089570	30.123176	12.955274	25.301089	37.518272	20.042583	35.673603	27.886935	17.713719	33.971744	25.734635	33.495947	13.283314	35.260656	35.742631	10.028230	8.647491	29.431498	35.356833	30.519239	36.079009	12.433400	13.443606	28.053661	17.811384	12.062151	27.812006	12.322759	36.732317	14.480338	26.243034	27.931407	9.874239	23.795720	11.793515	17.160006	17.006970	33.209700	28.351172	12.567035	9.559677	16.398667	8.871998	33.386319	30.343331	30.387121	19.187675	28.532298	10.630806	23.162053	26.671921	27.115374	32.044449	11.285453	15.249566	9.564183	7.822129	15.111008	17.540401	28.617671	22.567706	12.539650	16.521365	24.561023	12.532286	36.618762	21.304603	7.604503	10.638726	23.790405	29.020350	12.086679	11.658089	24.976352	12.794179	14.987296	37.409458	8.802013	7.691342	32.542161	18.459182	31.872222	29.318499	14.606850	18.657920	27.459638	27.765752	22.720286	14.273857	35.454877	30.391533	26.475078	7.809559	24.260024	36.462950
34.542566	9.885267	17.646415	17.034877	29.945896	37.726179	32.342046	29.265956	10.075193	28.286338	7.875396	30.808928	30.448747	33.357554	36.909283	10.062044	25.039316	31.820801	30.296237	14.033643	14.936654	19.250161	14.002899	31.598631	26.607243	24.693741	34.277156	30.308896	37.084496	9.776588	20.699916	23.770873	34.954660	23.649201	12.340614	28.864551	22.506472	20.470076	19.516585	21.926975	12.772469	11.154927	33.550764	17.114856	14.163705	30.711857	20.484131	23.879801	28.131867	26.990151	35.151379	15.706548	19.839032	16.809898	33.442213	13.705158	34.077514	33.177991	15.487871	29.717327	14.092411	11.826908	9.861875	12.842826	24.308920	21.208392	17.846654	25.134603	33.144712	23.687261	17.990035	33.089543	22.428110	22.224930	27.742879	23.313583	10.207520	18.226697	22.102975	29.795363	22.199593	23.824420	33.189523	13.562649	14.709364	19.200846	28.351345	22.192570	20.784877	34.901027	16.068077	22.800816	16.276571	34.328949	21.302113	36.813175	19.836665	7.902182	22.823374	20.297240	34.862898	26.880324	27.701658	17.995701	24.641558	14.115187	18.341898	34.157796	11.278665	18.992986	13.632840	26.506826	36.443966	19.553784	26.064150	27.744590	17.885284	26.084791	26.436708	31.051511	14.237343	24.346462	36.409982	35.096400	24.230356	25.250405	8.304404	27.737420	36.226655	10.959951	37.460747	29.387996	34.778100	24.579584	19.629183	26.780417	10.551327	32.056512	13.704802	12.061064	21.978169	20.067230	31.473649	27.578006	35.206773	15.229117	23.786848	21.784031	36.877163	29.787542	35.896304	11.487321
17.560214	37.728259	20.488524	28.470591	15.656789	7.753577	29.018048	11.509885	30.565642	35.114921	30.393467	18.492010	12.483647	9.006098	16.355168	17.579373	29.080528	32.532676	23.495965	14.307055	16.301608	29.200746	34.161271	8.406799	14.107445	24.411530	20.185074	29.482238	35.908360	11.733790	30.087946	32.844162	30.247967	35.514320	37.296512	29.909203	25.438897	17.149125	32.679180	18.123205	19.499731	10.025139	37.588626	37.170015	18.365915	32.701653	28.702795	33.821605	36.048259	15.952243	19.574614	10.279487	36.718817	30.674024	15.450029	30.714732	35.398392	30.987531	30.687904	18.300188	19.395568	26.670869	14.781167	11.991020	20.955012	18.105726	13.121656	16.692367	11.431261	11.088215	36.934994	16.945357	30.121530	34.654763	34.833920	32.351860	37.131658	12.900591	10.911109	8.925156	21.725917	7.767043	26.842359	14.255141	20.311950	30.884831	32.627496	9.996557	27.086001	33.670994	24.967299	35.050839	16.959047	19.397371	24.698637	17.572331	23.332548	35.623504	34.341060	14.912459	14.296100	24.511820	24.300282	12.502654	21.112488	26.773552	19.556208	7.827051	24.611284	17.296078	21.977985	10.132823	15.287323	14.931910	35.700632	11.216008	24.898819	22.401801	11.449727	29.187277	11.746715	8.815298	22.699112	28.272484	27.806427	9.191793	19.560446	13.112619	36.063902	35.313744	33.452173	13.052795	13.245450	15.415246	19.100336	20.858831	27.358289	35.793750	14.991748	29.136775	33.692736	9.433058	33.349914	11.466962	28.005315	33.435098	17.685808	25.825331	23.624322	31.716870	30.066430	10.706239
36.389889	24.948324	17.368207	24.648692	37.643064	24.649415	17.033626	23.453318	29.946957	24.334709	20.386570	36.873362	21.403171	32.179917	36.818658	15.869401	17.280283	15.859094	27.051696	30.328988	24.083979	10.793061	37.314683	12.501045	25.487564	18.389229	37.430369	30.015636	8.178194	36.776532	27.149899	14.340252	31.260013	16.280223	10.438049	27.452276	18.284697	15.758936	13.362191	13.074721	23.450320	23.133320	32.358843	9.315046	35.001209	35.565809	16.553288	31.733107	32.105796	8.248589	8.731088	22.664235	10.041484	15.326108	19.920916	19.674637	13.874508	28.361140	30.499244	15.917058	24.651538	37.200365	21.240812	37.518553	31.811876	32.140986	9.552205	32.110945	22.576251	32.854667	21.168432	8.460402	30.431287	31.160085	21.498451	22.608490	30.341966	36.586531	36.194154	33.251147	24.289596	33.892035	28.235289	29.763972	33.498062	36.696390	26.477057	36.712713	14.116103	25.325676	8.687270	32.778457	17.504556	35.022079	16.280142	31.124489	19.104120	19.639091	31.561350	35.383528	23.459958	22.575708	29.131363	21.854322	11.934257	32.558485	10.018179	19.003890	20.687566	11.461737	19.708180	36.390210	19.417624	7.646482	17.436340	10.560743	14.795563	35.652550	16.538820	19.791026	33.071465	9.446625	32.552679	16.427774	19.299277	31.008901	9.741055	26.549607	19.816039	17.770859	25.796417	13.742451	17.672818	8.446565	11.019327	29.857640	17.839049	9.390973	20.451094	27.718419	15.938809	21.485777	22.822989	15.113127	18.951201	32.784116	23.011403	27.725619	8.216496	31.272285	16.680360	31.807559
34.586884	14.115133	15.478720	19.063676	18.347110	34.604740	22.054434	36.556523	25.043265	35.076700	29.737026	28.896842	13.814685	26.226932	14.401041	26.730639	14.458588	16.973329	13.657020	14.376190	8.947598	21.341034	8.713103	12.027343	31.840076	19.986609	21.631863	35.631733	35.369033	34.995657	29.172441	35.752998	30.774721	31.692181	13.687693	22.791069	7.827716	19.220338	10.768948	26.298091	11.504781	11.595361	20.165022	32.951553	29.853496	28.124029	37.352491	12.099578	25.530143	35.236483	14.315349	33.861450	16.808192	34.304571	18.117687	32.076431	37.136609	33.406285	21.921595	16.607572	33.464119	35.387134	21.172826	8.533084	9.315564	30.357717	16.726650	30.760108	37.082228	34.184423	14.591517	20.627974	25.847703	28.680898	27.783702	31.795500	23.398404	21.379175	10.177928	32.147737	34.897082	17.910980	34.871833	11.094820	26.160318	8.020120	19.706906	31.645422	20.563601	9.099432	9.793722	23.214017	26.080579	7.790078	23.992059	8.441862	19.935158	28.001832	21.707623	29.371344	14.168325	18.304463	18.185319	8.829067	30.189127	14.513453	10.866157	17.909618	25.019064	26.305666	11.819762	32.961359	25.014753	15.016882	37.139061	23.122982	31.045593	36.324535	19.850965	26.177978	9.143122	29.843388	34.883093	22.401109	27.330661	34.543241	20.105385	23.984113	10.309653	11.564858	13.234091	36.054577	22.781169	28.088051	27.880812	12.315659	25.230525	23.613041	33.111516	11.790321	17.294752	31.546863	37.802735	13.841947	26.498030	10.867949	19.655746	20.226640	24.672808	11.913519	30.713090	32.458819
10.725563	13.648926	32.748001	12.346570	35.171082	36.072299	7.716135	34.464748	31.794075	29.059273	13.107824	37.263397	28.825422	34.864891	28.237416	33.411460	35.635094	35.405124	18.476403	19.480045	16.871857	7.851327	27.683939	22.619506	31.446849	7.846771	22.042813	34.354939	9.870558	16.547305	36.032607	21.760820	34.448370	24.194224	13.352995	32.295443	17.572644	17.000618	15.675117	26.552652	9.960479	29.195664	24.891976	18.343767	22.325581	18.513181	15.712536	22.609119	32.360635	21.344516	28.864354	16.465565	17.059170	7.899438	27.967342	9.512726	22.341638	22.348205	36.487412	26.009608	10.455094	21.667835	22.892712	25.466577	21.627157	34.218502	29.924949	29.933351	17.180123	11.551986	14.645932	31.509826	28.229740	16.527174	9.811436	21.950374	26.685339	7.759297	20.333244	13.993448	15.165778	34.942792	35.420400	37.341529	23.914458	10.289970	9.976351	25.040535	16.495917	15.840145	30.620936	13.907068	11.887202	35.731776	35.448656	34.710180	17.493774	26.359796	20.716976	31.909963	9.331008	20.220025	7.613343	34.342803	26.617074	20.537394	33.981401	17.329567	33.802879	34.339523	17.851254	30.761179	28.741604	25.297635	37.299765	28.410258	17.843828	10.905190	36.785764	21.850032	16.085024	32.847953	8.973841	36.482921	25.849555	24.117466	36.980079	9.788886	16.405492	29.061933	36.586207	34.411343	19.497387	31.015313	31.270330	24.105547	31.839390	20.158832	22.304664	18.872335	11.104101	34.405436	22.705234	30.469912	25.826313	21.851981	33.247986	12.493340	15.997235	33.538669	37.733047	17.356587
12.670751	13.465274	30.419261	21.374814	32.655452	18.085716	29.746874	28.053758	29.635203	8.464586	30.544262	24.281970	15.484153	10.620956	12.193661	37.745082	20.123969	32.106586	21.926476	31.704757	29.981641	25.988717	37.495528	23.470357	12.309068	26.756220	36.912441	31.994072	26.156614	20.353932	33.980927	19.436864	34.199551	36.945768	15.003804	25.492246	21.218776	36.313633	9.850535	25.674436	26.122423	17.525409	17.172012	31.999581	9.085628	19.175941	26.960850	16.594002	25.811249	7.962320	19.395309	30.872055	20.955336	15.922046	24.282220	17.934371	25.472289	23.002744	18.616482	27.874974	28.002430	29.418587	36.101426	28.676289	37.141031	24.435479	10.504359	11.979403	35.424909	35.175019	34.973279	35.869172	29.333042	19.166929	10.531304	31.258916	37.450065	18.957404	36.154933	27.926576	24.238143	19.462776	23.436391	33.430664	16.937837	16.131563	13.725703	17.207217	34.378714	35.718490	28.132521	29.022931	15.218309	30.017733	24.606063	23.073317	7.834648	26.178950	22.477739	30.543181	17.154806	26.970181	34.044531	25.211505	30.725790	17.220549	17.000474	18.841542	26.487986	27.782778	36.207633	33.032173	18.787420	22.100938	21.989321	37.284869	17.047854	14.346033	27.540128	14.460478	23.525130	21.883115	30.761824	29.868994	29.729602	27.804839	11.155716	29.155735	19.987506	7.958214	8.453981	23.334530	16.091421	22.876036	36.748916	34.565149	16.124493	24.338492	26.227757	30.045602	16.071665	30.213555	34.780523	16.580055	29.567691	11.442332	25.570457	18.486057	28.079571	32.412076	20.713306	35.326414
19.149290	11.542096	19.008861	15.492749	34.283952	30.416381	7.966785	22.909656	33.881388	8.885712	22.538649	8.762549	16.952543	20.997778	32.389515	20.347720	36.043182	26.016808	28.069414	32.665830	32.553946	13.561444	25.658784	13.670952	26.841907	32.709533	9.863892	12.956401	23.204519	9.347799	23.102246	17.036065	36.642890	19.452134	14.551669	31.370379	14.913674	15.191457	22.155740	31.633526	7.821895	32.302182	33.432331	36.402810	13.560330	31.533937	17.844421	28.915847	29.228878	10.912829	29.501574	16.937539	26.297701	19.433789	16.986954	19.743736	18.301071	12.784093	18.805989	13.623223	28.038869	33.333732	32.573514	13.630921	17.955396	35.453871	21.189467	35.560540	31.429335	36.243837	32.274913	13.249426	26.648694	21.556057	22.196877	34.897749	7.778706	9.600324	23.000142	35.637118	25.293675	20.490864	31.812799	17.053373	22.442659	12.742590	18.038958	17.895117	15.399390	30.501358	7.751157	10.168726	26.240948	21.096808	10.264356	32.679691	17.756700	25.612980	27.860579	37.074168	24.572631	32.103404	23.931127	16.867967	21.999594	22.771127	19.888808	28.052704	22.769015	21.486593	18.981708	23.033545	10.186535	25.785611	9.429209	9.355933	14.561619	12.834452	11.994881	21.124613	24.735813	25.572586	28.793141	28.154194	14.865451	19.078784	27.385106	12.680106	23.974853	13.359046	27.387612	19.059886	16.820803	13.528145	17.231147	8.827476	15.972831	25.783532	16.836753	11.623776	18.433903	10.027518	36.697464	9.006989	26.091287	17.572984	20.686248	7.724517	27.342640	19.069319	16.798466	9.267159
33.714186	28.159075	22.331359	35.886202	18.873369	37.707087	32.009246	14.573199	18.328376	36.987450	34.585517	7.721371	20.832028	20.322481	32.104193	25.325841	13.463704	23.921259	31.675614	18.174537	32.862469	15.859212	24.855514	21.074597	29.480071	12.522006	23.326129	13.473393	18.763450	16.068158	12.675929	20.073501	35.561789	13.947234	36.939082	9.920562	32.553158	27.952413	20.935419	34.692911	33.251644	18.666857	35.662848	12.224290	31.668026	14.053055	10.460827	20.717947	18.742607	12.407154	37.557234	10.510789	25.055130	12.590786	33.861624	34.604517	16.884904	9.398313	33.430770	14.668744	18.846107	8.233125	21.872562	29.529124	28.246136	37.002440	13.953702	37.544492	22.233238	8.716062	16.685506	16.970868	35.164289	22.082140	12.933666	9.724944	33.447688	36.274435	34.485505	15.091861	29.937234	15.836731	23.680624	22.990435	14.121467	33.011132	29.882408	15.685047	36.545361	8.655973	31.399533	11.465547	20.107766	17.823275	28.307529	33.750696	25.771837	15.278073	18.740959	31.524566	13.949887	22.381858	19.905497	19.865014	13.086849	14.487677	24.457070	16.593044	25.751780	22.929017	24.678559	8.751793	14.489601	9.163457	16.619912	31.323229	23.112923	27.582829	36.958246	26.840664	20.330006	10.183717	16.191919	10.630635	8.229552	16.404913	35.647493	25.000520	23.279897	9.418462	29.942149	9.618127	34.146896	36.997383	32.118216	15.653751	33.228451	30.408036	35.157841	30.310982	22.696605	16.204559	36.253915	28.720835	22.000513	15.854365	15.605121	24.200226	36.339786	19.986013	16.316361	36.535297
14.383699	18.751883	30.402197	32.863762	16.521926	18.689551	19.964831	16.965374	26.131593	26.976910	29.126730	28.348466	23.161159	26.802797	17.719686	31.876545	16.934670	26.862788	27.909255	13.792925	25.183083	17.244802	29.971065	29.465115	37.494135	24.660358	16.405934	17.850771	8.959815	26.409101	16.430691	12.292591	37.673910	13.326455	35.987019	24.823893	11.408711	15.305318	25.237902	30.631827	35.816639	33.439354	30.825997	37.374821	33.445826	25.421248	37.213637	33.843594	36.697449	32.710061	23.444056	21.538779	19.141458	36.018268	31.687572	35.261431	14.019710	34.212098	24.730129	28.140196	33.420923	36.132943	35.956257	26.268052	11.803262	20.412219	33.141518	27.895989	20.135659	31.803327	30.899063	33.832052	17.800991	31.218136	10.328989	11.219177	22.659659	16.272925	29.768840	30.628477	18.929543	8.198283	27.238288	15.557383	23.808709	26.839344	36.935649	26.709506	16.211498	32.937169	9.522667	9.781359	30.648333	35.064859	30.083650	30.079303	23.386037	22.440120	14.639345	32.180780	10.836251	16.930408	32.587558	17.752730	19.709641	20.247474	18.052284	10.805414	14.812753	29.748308	28.137662	17.859712	29.386598	33.245550	28.343059	12.882531	21.670362	8.740707	17.194217	17.272081	35.110675	12.528196	11.654553	21.034986	25.418609	22.116545	22.100101	27.785418	13.361993	27.687838	17.637468	26.575387	19.476143	21.494439	24.171542	22.123873	7.623702	7.999782	23.324948	33.684067	27.799584	12.971158	9.209033	20.675394	14.709245	31.468532	23.102501	18.643887	15.490983	28.686501	24.264272	24.521651
10.752623	13.254940	35.683958	23.143561	14.584976	30.629856	15.178012	14.967567	23.929691	19.849563	12.652276	20.359058	12.720423	31.014744	33.008039	18.008906	17.762365	32.442797	31.502785	24.521870	32.760337	15.379875	16.309760	30.397858	31.052737	33.122054	10.610457	14.169525	18.198170	31.293816	23.342350	15.426686	15.734269	17.356316	18.288923	8.072034	23.805556	18.965202	34.159914	11.570107	11.752054	37.808057	35.388980	37.482356	21.770355	37.795051	11.171104	11.167957	33.634483	31.270658	30.944370	23.326196	37.416840	37.389193	35.751570	19.662972	9.372609	26.498470	25.222156	37.716745	25.246364	11.740497	12.722394	15.985723	14.197441	19.792937	26.562916	26.159349	15.086734	33.075202	20.443262	8.692362	13.522956	27.806981	11.552780	16.192386	27.207669	21.728840	34.021243	12.106904	29.402062	18.285415	15.967319	9.530334	8.321175	9.980509	30.387428	20.121096	24.890732	17.662804	18.297672	37.684178	28.985267	27.021623	37.555994	27.964428	30.541882	23.293796	27.364662	13.182405	12.312038	18.498957	23.606870	12.096937	37.066157	16.737251	27.203722	7.583712	32.740835	34.660113	8.255648	13.034850	20.670354	18.926079	37.289623	14.483397	24.034896	32.258070	31.531285	23.911645	35.066101	32.737049	35.618609	33.702467	29.493511	20.919820	12.156233	12.475447	24.114451	12.186436	34.995863	12.863282	18.171913	9.631314	28.020501	30.628025	20.724859	21.866221	8.067134	32.365103	35.207350	23.461060	31.656345	35.181449	31.496965	9.870071	13.281992	15.554322	9.907051	34.153590	8.083280	11.538796
25.425024	23.439189	34.654852	33.174018	16.063510	30.937448	37.703531	32.173010	26.522583	21.948783	31.556562	37.393284	13.445251	21.495138	14.300869	15.189651	19.642935	24.873688	19.458242	33.723020	8.432451	7.967879	32.865685	22.823140	34.827292	28.892373	13.181669	34.323991	14.648813	30.787605	28.449115	9.002810	34.315154	29.751403	24.217011	10.202275	31.535605	33.655172	21.026780	14.602625	7.903552	36.169258	24.343434	36.555215	31.176207	17.383250	13.369295	33.920885	16.999284	18.405839	25.708851	35.146321	29.508585	9.205330	19.118196	32.075259	25.280333	32.317921	17.527330	20.186817	23.045229	22.679849	23.855597	13.902395	37.761781	12.861904	19.629569	20.622117	30.519591	23.229592	29.964821	26.090526	8.602348	18.343837	27.617666	13.886911	33.443709	37.513750	24.762005	21.261869	12.934743	13.475943	27.426728	27.036792	36.303423	16.191843	27.376670	25.612465	29.293553	28.776712	16.680914	17.178172	27.593032	22.884896	15.164802	20.481682	27.539994	21.141506	24.103881	29.402915	13.285520	27.475509	31.361283	19.555073	13.824962	22.262661	12.497804	20.234525	23.980636	23.990342	34.431024	19.760948	12.843785	15.245162	13.781057	36.617330	32.173127	29.076952	30.581623	37.098347	8.055486	35.163294	33.488883	13.222368	33.383470	21.636110	33.626588	20.329274	29.884945	9.101366	14.424184	32.980377	33.591028	24.068608	32.062210	27.506028	8.417733	20.900559	33.270992	23.861491	36.142936	21.690716	34.680004	8.573418	21.906578	18.674974	17.757338	15.358239	34.191265	16.891060	23.040744	13.001829
27.867969	15.700891	34.547829	28.807369	30.298030	36.395302	29.794553	26.390994	26.741681	20.769842	31.071207	7.812682	35.733470	35.669007	32.285815	17.775829	28.202672	29.556800	7.852927	20.706606	27.309109	18.728243	15.473446	9.079888	30.206641	34.203268	16.664126	20.042390	17.076769	27.260205	20.178791	37.525850	35.269583	9.758837	19.045293	18.628131	22.869773	16.001948	32.762511	22.507070	13.004493	10.966550	24.374517	11.074382	21.528982	15.824362	12.658707	30.104883	26.040900	36.566805	37.140018	18.649631	11.452631	21.134791	37.718766	14.633167	27.438492	26.274297	24.839569	34.576015	27.954961	37.030044	16.466683	9.014776	22.399854	31.255672	19.059880	33.727895	7.565353	10.985819	19.812543	33.426544	13.616061	21.540385	12.582583	12.034480	8.423031	26.986087	15.654802	35.675964	29.490925	21.969275	26.042807	8.817254	11.544582	14.452803	20.956953	21.705950	36.691124	19.174333	27.894505	18.081295	12.324932	20.632277	10.315631	22.728082	13.087836	27.768013	13.828180	32.819795	18.649886	22.914842	24.276256	35.195998	17.310955	8.046156	33.494225	13.192153	15.945941	11.196910	11.751106	13.930959	19.867452	16.042801	15.482232	28.463289	23.410608	9.706841	26.676837	25.099473	36.724545	8.588313	28.850321	35.654304	9.371562	21.474980	17.785281	9.541455	28.518417	14.674268	28.640286	34.213589	37.116612	8.509591	11.876878	21.313183	14.694905	30.112952	32.391758	27.170627	29.451350	12.219353	18.509117	37.407529	12.815611	26.852488	13.270352	23.730549	25.309514	16.979179	28.551370	16.309098
9.775740	10.871106	9.852969	35.020210	9.580793	13.114601	26.472929	27.828636	30.897457	32.533285	22.741160	19.213375	35.126038	26.453140	17.355171	24.590910	27.384674	32.014314	33.947434	7.635373	21.799380	33.501784	33.045358	15.527978	8.959747	23.361993	10.175712	23.834979	13.947718	19.651123	13.970408	13.384575	29.607340	32.960888	32.252258	37.158053	13.619870	37.326707	7.871018	11.690486	25.710286	31.781490	34.687922	19.806564	30.637995	30.907117	13.107970	16.015726	32.447575	19.539324	13.653535	23.786830	32.492887	21.087446	10.847652	19.247385	29.240553	17.810100	25.923918	33.607738	25.664509	19.796425	11.501205	20.464124	8.833522	16.312332	27.515943	34.946060	8.419473	27.172959	9.962866	20.302988	33.456730	9.534820	17.422821	27.732748	20.923068	37.317133	34.463762	12.127315	31.435427	15.560006	28.457196	33.256187	13.435370	11.151426	17.119965	28.466957	21.185535	31.325440	33.647225	18.772997	21.483616	18.034561	22.997321	16.741166	24.947595	20.120601	8.138093	35.367020	31.491318	27.211810	10.000701	23.026491	30.602537	8.989869	37.459384	31.450879	14.166761	34.264121	12.917942	9.876078	17.885475	30.276601	23.654105	8.289015	34.666189	22.802317	8.394962	14.312408	26.652476	30.036388	26.996670	16.532333	15.772719	22.982610	8.020666	35.441729	19.215733	9.639234	17.996744	22.944869	20.820748	16.967338	17.594805	7.894655	23.871208	28.722535	32.424119	18.991680	14.838723	16.559613	29.943497	32.139920	21.727095	13.946624	21.582001	37.260357	32.671091	36.609251	14.425111	10.982746
35.515083	30.877393	15.765598	21.084911	35.755595	22.107297	21.027931	30.215052	15.916132	12.876789	37.490224	27.806248	25.492482	17.562401	32.393837	11.746278	36.894319	24.658102	19.279096	26.258214	30.994972	10.138592	30.454701	15.272885	20.925152	18.458330	10.324884	21.572005	25.364817	33.960345	30.389766	34.913522	22.811180	19.900075	7.857760	9.065251	22.334030	26.176071	18.926750	34.667353	26.514240	28.930818	20.155728	37.424223	30.165407	18.880775	20.476941	8.524729	15.155409	26.052302	17.935154	22.830329	37.292532	26.304800	9.578491	12.488568	22.637634	18.214914	15.160082	18.776315	34.147375	23.197928	31.357919	25.546102	13.632331	32.649227	35.372924	37.226341	23.530325	25.270257	24.836578	30.834687	18.496027	17.022182	16.419713	27.820181	7.786971	27.960552	27.304560	35.830685	22.146695	22.601589	26.075310	20.957857	23.298256	22.499488	21.928768	9.725284	13.742009	13.659692	10.735207	31.773646	14.872631	31.583160	29.304113	27.365625	36.545205	14.269144	30.302781	21.458230	31.500967	14.408537	33.509665	25.547222	18.315818	8.943725	32.672441	9.610354	9.002743	31.048337	27.582540	31.407174	19.725040	14.362327	24.663199	14.325474	35.000928	33.093411	32.885939	21.644565	9.183076	28.733904	17.545933	24.899046	20.400167	10.855805	15.613722	13.242292	9.198223	25.173076	22.358062	20.801674	9.177888	8.673904	28.313049	32.813242	26.265166	31.625736	16.026270	19.064258	24.619652	32.578032	15.128593	20.057237	13.728587	10.336347	10.573947	18.412249	19.265739	30.918591	35.242527	20.991973
27.788222	13.842273	31.996526	10.409467	20.085739	12.760829	30.872771	36.574904	37.195902	7.815523	11.248861	31.452131	18.158252	19.311398	8.129123	20.890927	23.235700	15.906859	22.440036	14.218392	21.865315	34.133338	31.233298	11.045423	10.050587	31.815632	27.069569	12.151033	9.062734	13.330978	20.379071	36.436792	14.247475	27.002729	26.034742	30.952975	19.244936	32.879705	31.360847	25.910000	11.056468	27.756812	22.757097	36.924884	20.722837	22.509840	22.998573	10.326323	33.370253	35.321951	23.325621	37.276504	21.890232	25.161514	9.586208	31.936352	21.891205	10.497114	27.168647	24.816006	24.889535	32.405178	16.706672	7.723063	33.159182	15.078465	36.056992	17.500269	37.194751	29.896629	36.551532	10.491919	33.192920	18.398338	21.567164	20.281757	37.405272	14.138984	34.561774	32.668238	23.265000	33.120515	19.164752	7.731925	28.362177	19.606361	22.168490	12.216315	22.229119	22.750287	20.550976	36.187563	26.201053	14.852221	22.118821	23.069668	30.314273	14.522426	36.248289	34.512622	36.172631	32.467887	14.113570	26.318368	32.507880	24.765895	35.605228	18.764154	24.246321	12.803038	9.281171	37.074400	9.187252	10.609704	13.095642	15.693588	8.198989	30.507492	32.259740	12.244030	10.267822	35.800900	7.838437	37.479151	14.055333	19.747670	22.405568	13.348721	26.983049	13.629285	10.704596	11.792203	25.326633	32.421452	20.733366	28.183705	34.020936	25.863987	27.722743	25.206067	15.245087	9.957423	17.180942	37.692888	30.439331	16.537389	33.418143	13.182787	28.501059	10.367375	22.479026	31.548636
23.846651	35.689004	27.021991	21.086209	29.844833	33.358950	31.462785	36.091185	21.624280	15.097644	13.007940	29.344319	20.071490	19.230129	19.965924	15.364527	16.741856	25.905642	26.159753	26.302848	22.336553	35.011024	32.974726	12.507323	29.983002	12.322556	7.877655	14.911162	36.435047	30.810088	25.689686	33.357811	28.882202	10.909294	7.796189	15.993427	29.053907	17.092088	35.030099	20.359033	29.582883	17.201714	34.962709	12.441761	26.990995	27.518188	30.403134	33.678196	17.552599	36.294084	21.433164	17.408729	19.752100	35.264271	21.060771	26.009554	13.181533	20.571704	7.859357	25.186585	29.611147	8.472112	30.506834	32.715166	19.666358	19.500180	21.581857	22.429136	31.099311	14.358333	31.546260	24.592567	8.857502	20.199747	35.457441	22.641389	24.796667	17.829272	29.290190	12.199572	31.883152	33.061045	16.417738	13.721649	36.315700	28.317178	17.930095	16.055268	33.423915	10.553894	18.896115	27.112035	12.305209	14.730306	34.658872	32.035780	32.985277	28.994426	8.855918	19.014504	20.851962	24.447595	16.755130	10.112284	30.763125	13.610014	14.067859	20.334818	31.699447	13.629083	11.060164	34.563825	10.914746	35.801803	33.745243	33.762000	36.457106	14.485160	34.442710	33.168623	26.868172	9.456361	15.551240	25.848202	17.089902	10.823815	21.267396	22.928794	8.532344	14.109395	20.448585	19.352022	15.999147	32.060719	30.908976	27.747070	26.141515	31.084521	11.989317	17.282128	8.661036	8.472304	35.090274	29.523918	19.171347	14.369472	23.642327	20.015770	11.178151	25.596661	37.470319	28.104243
19.170712	29.776970	28.676190	17.375926	36.743820	12.471236	37.737309	18.808951	25.021778	25.071712	33.540526	18.011611	8.500813	27.146769	37.483293	12.316268	14.235541	18.726068	34.623493	27.369601	31.403079	26.247251	33.457189	19.440291	27.257028	12.904849	13.399882	33.255489	10.849705	27.289655	10.986186	30.840998	31.621409	17.706323	10.454547	36.178718	32.714375	9.795142	16.704995	35.230058	31.184674	10.844178	34.078287	17.730479	12.321310	20.178673	11.973923	27.810473	18.767641	8.574596	19.956731	34.976245	34.657535	28.798709	20.574041	30.545290	26.843465	33.072198	16.650916	20.181104	17.793854	12.853362	17.291841	22.341840	33.833486	25.301570	22.306544	16.029003	25.691848	16.073745	35.818386	35.700988	18.138508	20.702951	18.621138	12.173080	26.475719	11.733851	31.159469	26.846342	11.517659	21.688305	35.156630	36.438278	30.009734	15.601567	14.276051	29.414801	22.073589	8.700595	13.165219	13.138982	16.128548	13.358052	25.891761	20.555388	37.225261	26.533990	30.746774	16.281367	28.499228	13.507126	19.778336	11.431981	24.168131	29.119236	20.876365	36.856741	31.595956	26.463049	29.484255	10.851766	13.177385	17.272822	14.417023	13.125623	17.854718	23.863887	31.503043	18.707233	34.432207	19.847762	19.864555	37.250190	13.132071	17.092516	16.615130	19.565151	29.747548	32.060862	23.003565	31.084999	28.403022	17.021610	13.231330	29.630754	34.654858	36.168633	8.654590	29.877578	18.809315	30.755853	20.212223	30.425712	12.195292	31.127800	7.932216	31.437054	15.846965	36.551212	17.547130	10.535529
24.238232	29.321609	29.844483	23.136225	9.666332	16.612062	18.471367	18.473880	22.013166	12.981001	19.728617	27.820498	11.174388	27.468640	8.637121	19.350562	20.370393	8.858655	14.075028	24.951020	19.222407	21.758035	24.584637	36.339161	20.878711	27.873073	24.248258	21.769285	29.337473	12.604081	27.446166	14.169743	16.021196	36.039923	35.034710	12.173842	29.106633	15.978692	23.507491	8.974319	11.729844	19.864203	14.542132	19.184666	20.104760	25.696345	15.456089	34.464958	8.040014	18.929934	31.354508	31.463807	19.829452	27.513337	24.060043	37.804706	22.477464	33.457046	21.318404	26.489889	10.378984	8.216392	21.350066	31.464171	36.136706	26.292739	9.578152	34.786009	29.128118	21.847173	29.802608	14.318176	37.314715	26.883430	14.861549	29.531582	14.164229	22.225386	33.909977	13.765949	12.359646	14.172114	29.367337	14.426284	29.101894	13.407747	11.493508	17.534861	28.010169	29.350036	35.229718	25.368152	22.792617	31.392589	15.675802	36.640714	26.266286	22.173164	37.048530	8.981907	30.121203	26.790408	32.708318	21.627324	15.547189	37.141372	26.656371	15.124362	10.243288	21.786603	15.321748	15.130190	32.220994	25.841367	8.296850	28.652052	15.134219	17.229951	36.068958	18.995855	15.993768	8.896444	17.727719	32.145916	33.793537	31.041177	36.898720	15.228875	27.709757	19.995415	24.867044	33.580682	14.224693	9.308863	18.658496	27.441051	28.096705	23.256830	24.210142	29.500260	30.264755	21.356834	28.100636	8.109209	27.373012	25.320742	9.054407	36.855101	13.515523	11.364723	21.551809	11.765538
17.867949	34.816580	16.390708	37.082697	14.676488	36.506157	16.315863	17.117026	29.096493	25.842379	20.097932	34.343562	11.204304	14.348146	18.935999	24.823290	30.571226	22.374071	23.459571	18.928155	31.032772	32.229928	24.265263	19.188150	21.371049	9.238297	18.196154	18.013397	32.596595	16.996641	21.730071	22.373625	10.592562	36.834344	11.240485	16.609236	32.287063	9.004206	27.801408	8.069728	30.599638	20.993256	17.200192	32.939351	26.520292	37.258309	17.641180	8.437345	33.379260	33.148354	20.887360	31.309532	15.064631	12.768785	36.150631	35.573503	17.598911	23.604287	16.908290	34.304419	14.789186	17.665173	15.767509	8.960204	29.982922	33.580496	18.352362	35.242874	30.604463	23.294647	35.586490	12.461792	11.734109	30.462360	33.349247	32.119505	36.266014	14.669093	30.199780	9.975066	13.173608	10.277885	16.330072	28.150342	15.493021	21.117983	31.962113	23.424480	13.512066	22.627833	11.317545	8.040460	22.368923	35.017588	14.708763	7.988146	29.257423	33.754752	30.935121	36.921492	18.466007	16.044927	7.562366	12.364985	15.385785	12.466186	16.232295	25.273431	22.188472	37.040579	23.103357	32.167261	26.859024	30.342768	34.247911	20.126670	26.707038	15.343796	17.059895	32.328441	7.777224	11.039639	33.786424	37.316035	25.277922	21.149032	24.058519	33.655573	11.819815	8.361512	15.105823	23.695679	26.040282	28.061016	24.903091	17.185686	10.937299	15.381810	31.622673	25.992730	27.062394	26.234404	33.759558	14.664203	20.091791	27.593304	20.253283	19.787254	24.954010	14.149561	36.639795	15.304598
13.360680	8.203665	35.117899	22.465536	7.632047	20.842250	28.555918	15.444712	28.221091	28.069987	19.907006	17.295791	30.707418	8.458689	34.552047	36.980349	10.992964	14.260432	35.355231	11.118579	30.109877	19.563657	17.977822	20.045363	20.942119	22.845711	25.488613	7.912850	13.277247	13.480295	31.956044	16.753808	28.974032	33.525266	29.811003	26.658463	18.498190	24.455046	8.598314	34.834227	7.601405	37.600419	18.868036	26.722648	21.346299	34.478388	25.398182	31.239436	22.522116	35.015216	8.029861	27.501928	16.290129	31.683714	17.606569	29.442845	36.141072	25.466168	18.932326	20.566530	16.201195	24.314388	22.486061	12.406003	36.796674	36.331213	32.228091	26.889442	25.110386	34.326825	14.866132	33.925581	21.574916	18.501854	17.649646	12.518175	30.686562	29.023712	19.177061	36.331481	26.706649	16.539682	22.613766	12.618177	14.653008	8.055063	9.205552	19.846081	27.231370	24.317331	16.378059	23.826163	13.204641	20.069412	29.974377	35.164819	29.639503	33.298757	30.027080	10.512713	15.117516	34.498360	30.065259	14.478962	21.073478	27.335132	28.696457	20.157575	31.244728	29.221310	21.178455	28.490708	28.567658	37.721734	28.238655	19.838218	36.856928	37.291250	25.401275	18.708621	13.219688	27.516349	36.112015	25.480576	11.119240	34.860640	13.565940	18.735506	11.162080	18.467816	33.220424	12.538149	20.357789	36.508028	25.797165	36.477099	23.313864	24.447138	12.868804	18.394431	22.793771	24.189775	29.495618	25.154822	15.607094	35.970956	29.387679	7.998728	13.110679	11.752387	17.880014	23.087441
13.678098	31.703937	10.586199	36.162947	17.927866	32.256285	34.458040	11.503402	11.607488	25.320999	15.039032	26.586109	29.144490	36.080956	24.352283	21.720162	24.289117	36.690934	17.666728	24.630659	27.480535	25.235594	21.761421	7.715968	28.956996	7.673854	19.283491	11.450852	10.645350	33.254254	22.027090	36.144194	34.733635	14.978568	14.597515	35.077860	14.508802	18.370257	36.065482	30.510205	33.888501	7.745265	29.486076	28.861626	27.323574	37.158035	37.001230	21.129617	26.899741	20.575179	8.212378	23.816256	32.414662	16.945158	35.270496	28.736063	35.093455	26.368394	34.298828	20.465378	16.724387	23.061794	36.735719	20.995184	33.088462	15.414917	18.444906	9.655694	34.711516	15.699158	16.622660	12.088877	36.093963	33.735643	22.279164	11.176992	18.900032	10.850124	11.314474	17.224098	22.868493	8.214154	7.833223	17.756326	19.662332	34.836731	16.154867	14.504807	17.786124	15.735770	22.085368	26.096671	24.906545	19.727600	37.626022	33.522705	32.844936	19.943472	12.607542	16.526591	25.198366	25.660056	21.823843	13.386170	34.153698	10.477685	17.443934	24.273304	32.619737	34.577707	18.382108	15.413625	7.598457	21.991578	34.109530	13.434555	33.813507	26.979323	30.071721	12.494463	26.670393	21.209047	27.525763	11.701504	27.899996	35.545115	22.662723	12.451788	19.570286	16.689194	19.240897	29.322235	27.484543	26.542124	30.484946	23.931435	26.447260	32.096652	23.757681	31.945769	25.694537	19.992847	12.049410	30.707177	12.746685	10.428456	22.306349	12.542276	10.972829	33.322006	13.116306	10.023739
36.836497	27.464019	25.075021	12.606855	25.831020	28.872923	32.978864	10.177062	33.231939	28.440155	14.325753	37.302224	32.434291	12.628054	25.577404	32.650082	15.285318	19.446178	14.562765	18.157021	12.907994	29.912922	8.231382	24.932812	9.084767	9.008436	32.885341	28.580559	27.434985	23.791246	18.353827	21.551146	35.750630	23.152002	37.510536	25.894009	32.184707	28.511238	30.990697	16.663970	23.185283	37.112473	27.805104	16.410018	18.893543	32.300059	12.388585	37.730671	28.653023	19.324641	34.416364	34.255113	27.819166	24.705252	24.552799	22.888138	37.731403	31.713527	27.438383	21.524035	32.624094	19.220428	7.787057	20.489620	15.628531	11.935551	35.633396	31.940009	10.089665	24.821395	13.282029	27.164502	20.566595	20.073544	26.359130	7.801527	27.333469	10.802358	14.593793	32.460599	7.617156	26.598127	9.455699	27.670076	27.314881	15.549435	33.267059	16.193818	23.929637	24.879256	24.867523	25.183607	18.968899	19.723833	12.621358	31.557034	32.215303	15.641094	28.885437	28.412037	13.108306	15.798338	36.449372	29.728927	7.906409	26.946137	33.277038	19.228212	13.074896	32.169917	13.337563	30.367170	23.806197	32.989277	29.517595	22.508103	34.222474	13.409855	11.490032	37.364044	19.975193	13.499793	20.201298	20.029468	31.938138	22.097492	33.435671	33.316249	20.544601	36.162108	34.181909	18.849703	13.926055	7.769224	17.050392	9.067231	34.486114	36.472004	21.613114	11.165034	24.061171	13.858274	14.619235	36.044115	8.803182	20.831852	27.438295	20.116478	28.874723	17.609822	16.097898	26.731587
25.996362	34.218229	9.550855	27.881096	33.206535	23.548612	10.092119	31.436970	36.571924	29.738590	32.663937	14.782126	22.035266	20.350857	22.026376	31.235231	33.679084	29.874257	21.093806	22.523525	20.884815	33.973875	15.516248	27.613147	12.890034	20.321247	31.076536	12.311343	17.299452	29.490009	7.980337	27.948108	22.014931	28.698903	35.331901	25.668702	31.689038	22.855482	13.931781	22.765854	20.098209	20.397941	12.692604	30.891362	35.958384	31.610539	20.264286	31.793800	12.266349	9.666577	25.322557	26.722063	27.330305	21.392937	36.257169	19.910280	12.503736	8.772738	18.276458	27.425932	13.355180	24.018054	34.576205	10.865466	11.523329	12.388408	12.139145	33.445012	30.870421	13.685982	27.114622	20.405767	24.373688	11.099763	23.364392	22.423565	20.782107	32.149345	34.998780	29.644929	11.875744	36.201408	35.038963	35.046856	22.678577	9.120879	25.863656	32.003679	32.426912	14.349728	16.537862	33.536248	29.716608	34.688753	12.385169	27.063171	21.374375	33.221895	9.056111	28.055058	17.141056	20.089245	25.240247	18.722094	9.633905	30.860238	22.229371	8.648949	27.287850	7.717231	15.729896	15.893206	12.495277	24.702868	25.997669	34.909319	27.845933	11.595921	22.862900	34.138912	13.805277	27.967470	12.547907	35.747892	12.750468	20.692194	27.191520	25.165195	21.470652	18.210373	28.045848	27.854596	15.123527	13.353438	11.027554	25.084313	9.998557	30.461347	23.528883	33.352361	18.359583	13.757638	12.206163	18.861789	16.048173	22.306210	21.857906	25.602498	22.692738	14.499290	14.183130	27.545414
20.350166	8.409894	35.608733	14.279333	22.674443	23.710602	24.174599	16.935007	24.786946	18.753608	35.509016	31.790094	18.082708	32.292105	31.358855	19.884349	34.340402	19.798675	31.969983	36.540506	11.653470	28.018543	18.757796	25.376101	15.790292	15.494339	35.823729	8.113609	15.832526	10.712353	26.925609	15.713849	7.796661	21.314435	26.483092	21.238424	14.663687	15.484977	20.841953	18.126332	15.913630	33.949223	14.172371	12.739653	19.998984	28.788085	21.996133	27.621388	33.430687	36.936389	10.161252	19.919829	23.290969	11.553216	18.353222	17.880280	26.309393	20.694099	36.402617	36.897941	27.781651	11.693720	29.069111	18.371844	26.001817	22.752228	31.996533	10.827891	18.761863	22.804660	27.783600	32.539359	29.687134	15.518173	26.335276	34.694481	15.799904	18.310560	26.423509	9.780721	34.154793	24.275965	8.946304	25.504085	25.435905	9.540785	19.267681	28.393549	10.717262	9.395526	10.874924	7.926329	19.846800	25.499218	36.905641	21.170831	17.449930	27.473080	28.122715	18.882431	11.017682	32.715932	19.322595	37.050979	32.126912	22.660816	28.330669	8.304995	14.077849	15.076915	35.177602	29.616328	19.995049	28.592161	15.120302	31.095402	19.597013	35.499995	16.822785	27.518775	19.031877	34.207568	26.042706	22.761555	10.569024	10.947969	20.615231	30.420099	8.367090	19.291645	14.442119	20.653370	19.607940	31.744815	10.611519	17.178241	23.424257	9.948546	8.187933	28.089526	20.503063	18.627788	18.879486	18.872550	18.266175	23.536733	18.423400	19.789788	28.981651	18.777211	15.533497	11.049971
17.309398	35.936095	33.961460	26.074220	22.819958	37.511802	30.613870	10.059436	11.966675	19.986879	34.615794	20.745009	28.495365	30.428612	37.127189	32.953910	19.309097	29.224534	17.358569	16.095236	36.183543	13.136261	22.515808	17.260139	31.628823	24.257760	19.432727	15.686684	25.554703	14.299333	23.567280	17.540462	25.521697	26.047930	18.348552	23.273161	36.715287	29.613142	36.523072	21.223897	30.349876	15.254010	7.927403	24.889758	9.550744	37.755088	34.627091	27.615943	14.738825	24.232800	22.782941	24.087835	32.515378	17.739329	20.611562	37.792378	10.146490	35.838366	20.842921	26.088741	30.785311	32.816912	36.701126	10.643020	34.267525	10.260989	17.760104	33.277188	20.071072	31.272263	21.375135	31.606414	27.386751	29.367949	29.827549	33.107418	10.155881	11.078466	11.894875	11.512681	13.799075	34.824748	26.549470	30.453921	13.164405	11.805050	13.615222	30.426548	9.599100	36.501367	28.590634	8.178596	32.007035	23.287800	17.510839	26.101965	31.912770	26.530856	33.457364	10.396195	34.539372	12.241951	12.986892	13.501815	23.229257	37.051664	13.903980	25.203002	17.108199	36.706131	13.712499	7.932172	18.076926	37.683386	26.272828	30.729677	34.276390	37.058952	34.220885	21.608268	22.371507	14.641654	16.317967	17.717116	12.992219	36.373393	33.746549	28.470510	14.758245	13.949930	21.651517	30.885212	37.292140	18.407400	31.781220	8.124835	23.160929	24.131820	16.556299	9.208395	14.345850	36.990162	29.764760	17.211235	26.519986	31.052861	35.819880	14.447941	26.560026	36.000133	23.099310	14.550711
11.484302	26.888155	25.179641	16.594959	30.273350	11.141138	23.986140	24.882406	37.506820	17.159305	20.698735	23.974423	23.747669	22.226900	22.313866	21.564304	9.969752	34.297450	23.382172	7.715701	12.302223	26.661370	32.219483	13.283224	18.137351	21.328128	34.490685	16.031471	14.966056	31.059677	14.424635	20.842872	25.797017	37.428492	14.898603	21.048850	27.671981	30.999029	24.389432	26.072836	34.498094	28.198634	35.544193	20.847388	33.966803	18.650303	21.308065	18.099607	14.914865	16.398241	29.362336	8.858423	24.212937	30.748875	19.547342	24.975347	21.029416	36.420268	13.017946	26.380046	24.829831	10.250306	19.505089	25.606286	36.868455	34.194510	23.128314	35.685840	32.225454	32.487168	12.347431	35.776227	19.705113	17.628724	14.764913	9.897372	28.274806	24.956327	15.154500	36.950403	9.507322	22.210173	36.531493	12.769564	16.376363	9.637813	8.112514	9.762818	15.663077	36.204628	34.383520	35.476755	22.692707	18.554035	14.288845	24.613094	14.390383	26.054443	20.865406	26.208648	22.247029	24.466210	12.952497	33.822850	17.594608	23.976274	15.908852	26.975103	32.445777	35.742886	21.579934	24.051513	27.659601	18.534300	26.967419	21.863985	23.027608	18.222893	16.246492	7.576835	9.676271	29.022487	34.236110	11.404291	18.092820	16.883464	27.128205	18.115956	31.242168	29.906035	27.643444	36.994306	13.161519	30.316366	14.718446	17.199064	8.619507	15.231759	13.490543	28.215377	19.510327	23.846912	36.084222	36.387845	15.755225	18.212207	13.296711	23.043806	18.659849	30.823262	11.922163	10.897172
37.665816	36.258846	9.274149	32.769157	13.971391	11.583868	26.387794	31.193478	32.521289	13.200522	29.053501	33.889566	32.071180	30.403857	33.713899	25.143590	32.588734	37.648067	8.950857	29.443806	31.499565	22.826042	17.035196	21.751984	24.301637	25.169577	11.676388	35.325401	34.034837	25.113314	33.368578	10.287647	30.975125	9.473391	31.026541	10.824222	31.606113	32.442099	24.645502	37.000250	37.502450	31.228850	16.893573	12.334845	37.203166	21.013846	17.289432	35.651821	37.171923	33.425261	35.414670	21.969773	37.633069	36.376393	35.375246	26.193442	27.358928	20.111725	16.545041	16.347070	32.952597	13.051499	9.191211	9.350507	9.192200	23.304610	12.156190	14.633662	8.921053	9.786193	13.401508	19.485419	32.966930	35.606181	9.459138	18.620227	18.059892	35.340254	10.517938	8.870370	14.718408	30.518765	37.313279	17.252469	32.689170	12.803716	28.475889	27.344970	33.254490	27.316845	15.788308	8.365467	32.138898	8.203601	17.874539	28.145112	26.361975	27.965700	26.225216	27.706443	10.631487	8.697642	21.484723	20.205812	25.500388	27.457460	36.250992	23.773345	21.848835	19.157888	26.945875	37.683301	34.497275	37.029646	31.326228	13.286317	14.219546	37.656690	35.287589	12.989748	21.135608	29.221644	19.499181	11.420241	29.884247	26.013506	34.808124	35.183483	19.926401	19.407116	23.819269	29.249185	29.944813	21.092998	10.024942	28.967240	34.370004	27.412135	34.593379	23.715373	14.305603	10.531614	29.289725	10.326392	8.998672	22.258553	16.887446	22.823476	19.760334	10.851170	11.956500	33.725981
11.065416	35.959996	10.641099	17.731326	36.894962	25.009093	20.237934	19.111792	34.444838	34.042441	8.105007	18.373329	25.342727	7.941543	11.714235	20.066920	10.159883	30.754374	9.158861	12.225350	36.009533	8.324574	22.416672	10.490320	21.826520	29.312863	24.212822	36.934122	34.492780	33.564966	33.238473	31.448730	37.132060	18.578967	23.805890	24.358292	28.493707	29.411829	21.949170	15.592959	34.387338	18.651324	35.087283	25.623511	32.706147	11.813816	36.657443	25.442943	28.664455	29.464964	31.066817	36.926806	17.938057	27.537209	7.919968	8.754255	13.008850	13.626097	28.460472	12.735798	29.076408	29.027487	34.471633	26.794210	34.544141	12.008110	23.498316	26.164347	31.592489	9.978943	30.967052	13.824937	29.532450	9.109509	33.169571	13.898400	17.818384	27.015221	25.370827	24.504332	29.378226	11.609730	18.715987	21.526700	27.896286	14.734961	11.085147	23.681813	34.735510	18.835446	11.355990	36.758116	33.491550	37.459861	27.477520	27.088391	19.594531	16.108251	20.418870	11.466279	7.969322	27.879535	29.787327	8.068103	24.146508	8.644394	12.876944	26.204111	30.855699	29.198512	25.296439	22.070061	13.235552	33.094659	37.360097	22.350029	15.590574	15.376023	8.600082	35.724545	36.896256	36.015758	9.033437	31.468174	16.726371	30.787090	24.868419	23.025221	22.472085	9.410688	32.684847	15.169460	16.236251	14.401069	27.663978	9.188856	32.266686	33.648563	19.841885	15.643715	36.464910	28.629321	35.630104	36.155432	19.940449	34.508294	18.081439	26.656208	16.050643	20.463491	27.872675	36.466537
27.409222	9.020484	8.977493	12.406977	13.154710	17.980848	12.644039	24.076468	24.461134	14.406146	13.817030	7.944996	34.413292	30.190224	21.485508	14.959004	36.820331	22.634180	20.882848	32.225088	35.457672	34.664999	33.118695	16.912646	14.309520	21.670126	23.466633	16.154675	8.826748	18.337860	9.509814	19.841149	33.589308	25.660930	21.984061	37.421852	36.811072	11.478590	34.878791	17.891878	25.027505	13.828810	29.367707	17.504026	13.221003	18.852397	12.913324	20.047460	15.177927	33.363658	29.324622	37.602408	30.004414	8.973349	26.679389	8.502564	29.443283	32.157417	14.197402	32.266464	20.570606	33.400393	17.061952	20.246398	32.545066	19.810353	18.423231	35.547947	9.005151	17.763390	29.404934	26.009778	16.466737	24.965646	24.083911	37.795745	30.889492	10.351487	34.198254	28.562214	26.168676	33.422596	29.546000	12.909458	12.205257	18.808855	26.323457	35.792248	15.394066	23.449815	34.477234	21.751541	8.187975	13.812477	25.223776	23.786791	8.972865	30.249138	16.931879	36.701079	13.232274	13.926763	9.494996	10.622696	14.939174	34.768055	16.963859	35.307179	20.902294	10.507338	37.268427	36.887711	36.165521	9.925427	13.353583	35.517761	30.327766	19.863910	28.623731	18.938882	28.567593	32.858115	33.356263	9.889639	29.721134	22.647840	37.180333	10.444084	37.001670	27.149286	14.436479	26.475852	32.985821	10.161653	14.442077	14.860128	27.737984	10.049617	33.643176	14.221839	20.675505	30.633631	25.699053	24.522812	36.512717	10.240037	22.691414	27.206728	19.168610	22.098797	13.677719	17.960317
23.472846	11.919379	17.754612	22.936077	31.319995	35.886145	18.100008	37.128570	17.594435	10.737643	22.522453	16.156429	34.528848	34.628476	12.605138	17.762307	25.219658	18.384308	18.086477	20.320476	37.171880	13.008173	33.962621	22.191771	18.342617	17.577301	28.464675	36.869234	7.859553	8.092299	26.504705	31.438203	30.373949	23.148367	24.408699	26.648556	17.191326	8.847794	28.828931	23.122405	34.084310	8.621589	15.937038	22.805655	35.962744	33.378444	25.298739	30.729821	9.798606	19.117584	26.799121	35.404894	26.726646	21.150138	23.804713	27.884859	22.330611	14.141235	36.217146	27.890577	33.543484	26.612600	30.880678	7.939487	14.353672	36.485883	26.044098	28.949420	28.375523	27.653365	11.604887	22.805556	15.045814	29.255386	16.483024	9.843044	26.660021	23.679544	10.060805	26.783931	12.003590	28.154704	7.892113	32.241494	14.573113	34.838839	20.068206	29.077703	26.340032	11.669572	35.824743	12.218268	30.349475	31.229815	31.312560	29.199374	37.548177	27.030835	13.558452	25.229290	15.233011	25.431604	14.542282	16.378117	13.719477	33.315797	29.625847	11.279688	23.842142	18.811558	8.725728	13.118401	25.837677	33.142937	15.184208	34.138501	35.113292	18.706677	22.604678	7.743180	31.617292	9.117143	23.429357	7.673255	36.905316	35.978552	12.507775	15.699242	29.983359	22.707600	19.604844	20.194834	9.532737	19.654381	27.158171	9.653108	15.643107	17.156516	35.411823	9.047251	28.345777	25.717333	14.285904	22.008569	35.653048	19.780965	19.236915	27.026974	10.428948	20.934432	8.834938	31.228750
14.006011	31.902267	16.403334	20.447593	16.451805	20.861313	11.159002	29.445749	34.901743	9.039839	23.653708	31.135949	10.192502	20.343292	25.018072	9.478799	17.686622	26.133902	28.454898	26.145091	12.570828	27.857751	21.261961	26.691924	32.196654	32.038540	27.176654	28.054419	35.705178	23.366761	15.279723	28.313324	26.033736	31.907456	9.118702	26.995776	13.708927	33.715431	15.680447	27.901938	29.794566	28.647775	26.274786	16.437876	34.262822	18.572634	35.817971	34.942661	37.508725	30.348364	24.021012	26.906898	22.204389	17.045428	18.469922	26.416465	16.869034	19.985619	18.996684	16.651866	35.053203	16.590671	14.494263	14.625831	12.264386	22.731669	10.236345	27.294682	11.763462	28.336748	34.968490	21.655118	27.789265	34.118215	26.718328	18.143720	33.781456	14.907040	23.439197	26.543326	31.884843	29.372834	31.661569	36.576666	16.057857	24.980406	15.600517	14.069743	10.727616	16.618030	13.326719	8.342210	9.228978	12.424478	10.012966	12.835544	13.776580	16.086335	23.475483	27.418982	36.363208	22.657923	8.702984	19.858210	28.794587	11.393952	33.273734	37.179340	26.473624	24.102905	34.930620	26.098094	27.382231	26.577943	34.459111	7.883856	15.036355	27.838834	34.801009	8.687454	22.790289	29.690117	8.659365	21.999107	21.521700	25.629563	15.228101	24.493806	26.440468	29.663870	25.837893	32.910657	12.435679	37.363606	27.902735	22.597459	26.890399	21.583658	29.524474	9.744246	25.901167	9.204988	18.786533	36.158187	15.071695	33.882429	26.509160	14.975997	30.564783	16.047677	22.825803	14.782127
24.171321	30.134855	35.785301	21.894288	18.191309	17.581392	11.524116	22.926758	25.329044	15.029525	33.588557	15.642687	35.167798	8.476500	33.920465	21.633497	27.590620	32.517854	17.217212	16.081076	33.265361	16.101576	23.226090	32.065253	29.202654	11.047395	14.842750	22.804321	10.099064	13.590063	37.127600	29.020421	8.844040	18.331602	9.163678	31.689901	29.618247	33.446269	27.536700	10.421922	19.103713	27.130161	37.233886	33.258849	18.954295	21.453564	20.259511	35.246417	21.299001	36.526688	32.587587	11.493108	36.804536	22.488648	31.997530	10.379492	16.298172	14.328145	35.588015	33.252883	31.492331	16.527831	33.908378	17.447136	23.907153	21.429557	16.451988	33.924309	21.601974	27.854113	18.141433	15.236607	9.743437	24.665510	9.407891	33.763928	7.960648	20.733555	31.582366	31.809759	13.581976	33.187321	26.764634	31.730455	11.981862	15.259229	26.595829	18.617306	17.717754	34.090202	8.532209	18.466086	14.337451	10.284126	35.260058	15.466528	11.463777	31.828471	26.283426	22.560387	22.112490	36.688455	7.674152	33.716649	11.688285	8.110744	21.462340	17.473677	23.080562	14.104352	17.776698	22.281878	30.069857	14.075654	30.980281	16.749026	24.511698	19.714149	20.522049	20.030167	13.905009	36.914808	18.630804	14.025521	33.795658	9.617129	14.298043	21.974848	21.246823	15.583867	28.470209	24.844715	9.114584	24.190732	16.729799	23.431654	17.383392	11.002322	8.089988	33.520698	16.086342	8.791693	22.642434	18.889993	32.952009	17.983228	26.571935	13.908384	9.554499	12.969379	18.779790	17.387060
29.260359	20.904427	22.623881	17.596411	14.011337	26.349126	24.893456	27.442679	16.778667	18.792281	18.166768	20.563217	31.074433	20.976563	34.262591	7.719186	28.684525	26.135565	30.347254	16.185790	9.873426	19.232077	12.567393	29.162896	25.948140	30.190510	25.655381	14.190367	22.039189	24.525928	36.496840	7.636336	31.513157	32.432410	28.944754	15.541421	27.975637	14.131434	13.328423	17.602090	21.225811	9.255706	35.500823	24.753828	32.295356	8.043508	7.768432	32.846154	10.635182	32.691056	32.716825	28.971466	37.074404	15.227883	36.214105	25.429067	30.298756	37.679727	37.084038	11.131335	32.821292	21.512721	27.686179	20.625754	9.817825	20.606382	19.940466	30.657643	22.902941	34.711637	37.654241	19.428430	11.381238	13.657051	16.299737	17.983472	15.182314	8.363747	20.805002	35.850534	19.005784	34.426629	8.719558	36.089365	17.453671	32.832448	18.120952	21.989766	20.917914	16.788347	19.491107	11.763334	19.232819	17.696708	24.997671	30.793206	7.582202	18.827869	11.086448	25.522316	7.726951	11.053170	21.977965	8.415124	32.852810	9.482024	22.858882	33.668447	27.684652	34.406384	14.688036	31.365969	12.712504	8.167015	8.113496	12.522798	32.913501	35.912367	22.239755	17.703787	36.097374	21.140966	31.249167	13.034165	36.033337	34.957033	16.969771	28.380389	27.414336	19.936560	34.304799	23.081052	24.209693	24.740854	26.405774	32.879958	25.809741	12.799227	27.106264	25.423769	26.208068	31.901601	21.211365	24.295222	29.402282	19.022995	26.723392	15.389599	9.702812	15.069652	14.948330	31.726867
10.859098	11.885607	36.472126	17.701501	18.677705	34.323302	28.664484	24.102010	21.523628	33.589082	22.743843	36.080113	33.638080	30.106585	27.461246	22.241073	19.941831	32.278240	18.588382	28.197663	8.324417	17.010510	32.856407	37.052529	31.814606	21.806713	36.680454	18.773114	15.399548	29.338783	27.033994	33.667635	31.726421	10.326019	16.891948	33.923226	20.330610	15.510260	23.398309	12.356473	10.830160	25.542249	14.016762	15.714358	20.528102	11.912766	24.427105	21.863932	31.392993	9.350796	26.802528	32.385970	19.009743	29.019244	29.686776	35.846265	32.557455	28.570489	17.872253	8.691141	31.436250	31.661582	25.311673	26.046805	17.104374	25.087919	19.552319	37.684098	30.480897	14.539139	8.612389	10.336335	8.952955	32.764615	35.337577	11.218917	16.182293	30.437086	37.805154	35.529755	22.781032	15.107185	10.916230	37.191244	26.169011	25.243012	29.400509	12.332466	26.855147	30.451325	34.865359	31.340406	25.359385	37.794834	24.563249	18.676388	35.532910	34.034410	23.093798	9.106595	19.404464	11.932599	12.842862	25.817926	9.504139	32.284648	9.196431	24.821967	21.818480	30.366430	15.318838	37.412453	11.307858	31.679984	18.406481	32.507117	11.947126	36.209940	30.077663	33.290580	7.676300	16.701482	30.215637	23.802413	11.025380	10.254674	16.357187	10.512196	19.368128	14.073498	37.246008	12.892544	16.545683	31.465358	30.151700	28.802765	16.326097	18.932521	18.559561	27.546215	31.437031	14.236808	35.758194	10.213977	26.045118	17.667569	36.433207	20.765578	36.417613	15.706526	12.605647	7.826179
8.503020	28.750902	29.912119	31.543868	36.712253	29.267566	12.796222	9.859904	22.831064	15.854985	27.093390	18.020905	7.748669	16.439565	31.679479	30.303697	25.171742	17.144213	28.521818	14.226589	28.043070	18.432832	14.904071	29.146270	18.373922	29.547590	8.946725	36.552264	12.078716	18.558814	25.730672	18.545294	18.645063	28.101532	27.417703	24.803985	23.345915	33.963610	20.917264	34.719502	25.880218	33.052915	18.580910	20.025048	13.586043	11.868993	18.136474	11.414367	33.219510	27.305026	18.231091	19.213531	9.168746	16.071087	23.170310	14.249368	24.134456	34.328325	34.956064	12.413142	17.950393	28.207402	28.390783	25.094730	34.412134	8.796924	28.609335	12.031060	17.848673	17.194577	27.751289	36.092679	21.735652	27.567687	32.800190	26.565942	33.891861	20.637828	33.451378	23.543912	36.398111	24.893187	13.220282	19.603568	17.675503	36.869596	22.237437	33.601274	18.645346	13.861276	17.610222	31.894288	37.279628	26.148872	19.450396	32.954696	22.233442	19.742402	16.086997	14.806053	36.776463	31.226961	14.553717	26.553644	34.913967	8.101992	27.815723	37.298894	24.571636	9.301720	29.905703	20.805122	20.565309	11.100851	33.166421	36.552216	30.913458	19.116409	28.738049	36.295830	23.196369	23.623329	27.434639	11.346624	23.214283	9.428685	35.744975	17.640996	33.578350	23.416770	19.100180	8.739903	13.922352	11.529775	27.092564	31.778554	29.325752	29.471182	26.655949	14.244281	8.970876	19.970746	17.170145	19.373793	27.718724	30.710592	17.885526	36.187945	8.220286	33.338529	33.482137	29.139807
25.002156	36.857292	21.212915	10.494923	25.354072	20.080662	33.401261	22.126060	28.590412	15.159335	33.832379	18.044051	11.721699	24.405125	20.395760	17.714445	18.605527	10.476130	18.786145	32.145377	29.703113	24.116393	21.629557	30.825227	25.954423	19.754985	15.590827	9.327046	26.820043	36.404163	25.442659	31.937817	20.120070	17.842810	28.544020	10.246797	32.531688	32.501136	10.523985	35.306440	35.784070	8.527566	27.098659	20.508794	35.804606	33.473040	36.891050	11.759470	26.939468	25.567180	20.240488	37.776736	26.922832	20.613161	21.450000	36.088452	14.175777	23.865234	13.090709	22.269623	31.842119	27.092627	30.396473	29.160489	20.410235	15.305584	15.045510	11.245833	22.598132	25.792181	33.590282	36.797963	34.283890	30.136596	16.241565	11.361890	30.000358	27.230889	19.856781	34.807487	24.574319	21.393501	21.465945	21.361473	18.326438	14.357881	35.046255	24.454169	33.860301	25.908649	29.351419	9.237681	7.728878	11.064632	30.949237	26.751617	19.458197	15.486604	34.752606	34.210085	32.189697	13.876404	22.238922	13.040201	35.888351	14.979971	28.882277	25.364585	16.409154	14.645658	26.387553	36.213461	9.148345	15.604376	24.974561	28.378318	37.764454	22.015033	16.772630	15.416268	22.831099	34.663556	12.181589	9.215486	32.858908	9.272847	25.660623	24.492868	18.590990	8.947717	11.381116	11.213668	20.525900	32.875402	29.456716	22.595491	15.400001	14.552816	27.070764	26.299892	23.711778	16.293440	16.132565	31.856167	30.215712	23.396328	34.844518	9.043964	11.917345	30.631415	21.936659	36.505769
