4.628323	14.997891	13.081396	9.017323	15.836432	15.747132	15.606716	17.647906	8.925560	7.989773	12.689236	6.922893	5.334969	15.071211	14.757756	17.945817	13.396532	14.905800	19.413530	18.541905	6.564666	15.898411	13.150282	14.376723	10.425589	10.761628	13.470725	13.381019	13.590872	16.038688	18.641460	11.168282	17.076207	15.250658	15.444811	15.573566	14.795017	4.563339	16.344363	8.542842	9.996306	8.706039	5.805287	19.106455	9.062745	5.316691	9.310930	12.900333	9.368253	8.104970	16.589262	11.322428	17.214854	5.892469	18.942312	16.582601	4.119916	4.629419	4.220895	14.520390	17.668781	18.909895	12.900941	17.051313	5.993415	8.073090	15.917750	4.088290	9.251203	8.412748	16.554461	15.644452	12.925615	6.848891	12.012497	7.562367	14.670519	10.000729	13.718596	5.868785	5.206317	9.609901	10.087612	15.512747	14.354929	10.069499	13.096833	18.875740	12.977160	4.495665	7.259748	17.358563	10.491923	8.132534	10.593802	16.476127	15.500787	17.336728	12.097755	18.884044	8.847086	13.967017	10.569727	5.553360	12.583588	15.549054	5.913399	11.040226	6.032737	18.730108	4.715046	13.395447	13.428400	14.530657	17.867278	17.309869	19.954616	12.988826	9.107974	20.015247	7.635522	17.244502	12.794215	15.987552	7.054109	14.033038	19.133337	16.979704	12.486148	4.342461	13.881124	7.326427	19.752007	15.337698	13.283337	17.227714	10.889187	18.571256	11.380374	4.627579	15.898321	8.256043	7.285675	15.600188	18.143963	10.573788	12.025218	19.226721	12.454583	4.583298	5.653087	7.793832
17.201643	10.936676	9.222119	9.044360	11.214414	10.586548	11.680787	6.108168	14.092403	12.965089	13.613436	13.555786	10.630492	7.654974	13.958432	18.528020	5.882806	12.492223	5.166025	16.033736	17.215485	9.796859	7.712582	11.062603	19.343168	9.972184	16.125548	10.969241	6.430171	9.667953	15.733284	19.809861	13.587001	18.304371	6.963610	8.825091	9.965937	10.435393	15.585567	6.097332	8.470774	8.839221	4.618585	19.391676	9.997130	4.175685	17.564978	18.283532	8.838075	8.780891	5.036279	6.572357	14.988531	11.759249	16.310481	10.219537	14.285799	14.312438	11.803229	6.781171	7.311434	14.765058	18.235730	17.004486	9.161762	13.665766	15.135189	11.481121	19.944168	12.861856	4.280976	16.030319	17.175053	13.507689	6.541220	16.463464	14.297907	6.157117	19.428307	9.184247	5.833023	9.257650	10.963436	14.582227	12.747389	14.283362	19.976524	15.057336	7.460208	5.499867	10.744832	4.138384	18.412643	10.496049	10.486167	5.128610	15.532403	11.484517	13.786748	4.419315	5.426025	11.041797	11.959442	14.380326	13.597908	17.269044	13.609599	10.683068	4.970938	16.963922	4.233728	19.060970	12.003894	8.080419	19.246578	19.836937	13.865832	6.640849	10.618259	9.387715	19.335451	6.858899	20.086951	18.017146	15.322976	18.865765	10.677654	5.272413	12.750816	19.642003	15.099811	12.165149	10.609735	8.837942	10.374551	16.507787	19.325681	15.624275	8.184071	7.717013	15.408193	7.960553	10.090151	9.537375	11.612108	10.801151	9.907020	16.160843	16.573258	11.329685	12.998312	7.715603
11.661409	15.874346	15.378348	11.870128	16.656193	6.836919	7.954142	20.136611	15.608212	10.203367	12.787869	5.369398	19.859626	15.697798	13.480304	14.500949	14.388167	18.494534	6.338600	10.971509	15.072479	17.411465	19.373734	14.179466	15.272416	5.254587	11.562876	4.586779	13.408532	18.447013	7.270414	14.140735	12.881274	8.807976	18.511500	18.552188	16.487650	19.318331	18.980739	13.889868	9.639389	4.216074	11.053973	6.790783	11.596742	8.335305	5.357085	7.410935	16.100874	9.898659	19.149975	7.770501	17.031103	8.013082	6.414483	11.883247	15.343273	18.421159	10.392156	18.548116	18.662930	10.378799	12.365532	17.085291	15.193700	4.686778	11.284706	6.035164	11.699072	9.699073	16.571565	4.565528	16.542429	17.215157	7.048189	6.344659	12.332658	10.328399	13.367603	10.261994	17.952149	8.418926	15.100255	13.847889	8.319375	8.886353	9.331167	16.565726	16.276920	14.596174	10.300387	14.504265	6.454980	14.155750	15.390789	17.003643	15.125848	12.913528	6.782698	15.185786	19.818631	14.964144	13.767183	19.590000	14.919743	12.377003	13.819585	10.059183	6.227948	16.610003	15.951860	7.945827	15.182104	5.303580	7.142197	8.077631	6.126418	13.371458	4.433239	17.046039	7.752974	15.895665	5.055167	8.878837	16.449773	10.207077	13.635642	6.861042	14.059487	13.447535	5.646545	12.775924	14.776535	14.006046	17.875746	16.974461	16.657546	10.360957	13.875771	16.415411	19.986940	17.668406	7.220831	9.397867	14.213252	11.348657	4.282145	10.745588	6.320740	10.600755	7.015119	9.101174
15.645605	19.024692	6.061145	5.685804	17.432778	7.259948	5.605745	11.584976	10.963368	7.703691	5.791958	4.423841	20.033728	19.181813	18.849885	6.385324	9.634241	6.083685	12.366391	4.224809	17.711005	12.723940	17.764023	19.614596	13.995668	9.137209	14.638745	17.214057	7.126765	11.524452	6.943062	18.405529	14.959041	16.759164	10.068484	13.550784	18.982806	6.792721	15.582029	17.958812	15.984791	12.168842	7.064587	15.980370	18.990701	14.164628	7.122537	16.558518	16.025235	16.211854	12.287349	19.880120	18.562757	5.620858	7.496897	12.414353	9.063693	8.869630	8.181103	15.429820	5.332134	12.796775	16.942274	12.029311	6.138554	14.993803	9.635877	5.473194	8.094569	9.395993	6.993417	18.831856	15.609383	7.565834	18.049529	20.105618	4.547396	15.425668	8.594445	8.297799	11.669118	7.686887	10.367815	9.859544	11.705871	8.664103	13.539271	15.200425	11.286472	10.587375	17.048429	4.498933	8.514847	17.347290	9.874083	17.488552	8.354484	7.048997	9.318651	14.982986	17.451398	19.125623	10.795782	12.648243	17.827909	5.045592	13.720963	7.281063	17.187163	16.079690	8.575756	19.931941	9.556718	4.308578	10.147185	12.946179	9.546933	10.480132	6.691632	13.097766	19.521256	12.839583	19.573714	17.597463	11.795488	7.503736	8.399184	5.472060	4.051491	9.371378	18.558007	19.598963	19.801186	18.353109	19.206088	7.026553	7.370738	9.038984	10.472040	7.102813	6.185649	17.899076	20.086056	8.403625	4.197632	8.899683	5.915029	5.720621	18.815865	16.800046	12.662097	7.987296
16.706902	5.310193	15.783598	8.017459	10.711232	12.310450	11.067374	19.858568	11.499894	10.354950	7.321857	17.177857	12.793195	15.415461	8.045879	5.754193	4.406221	4.276197	15.171619	6.451175	6.799183	5.363958	16.949209	14.592434	10.792028	17.064582	13.719041	10.962757	15.748368	14.819756	8.158926	20.170708	8.490764	16.207368	9.393971	4.098597	10.763163	16.961017	18.119482	17.669527	16.691630	8.637084	14.520723	19.609098	17.343648	19.991565	18.398745	11.610864	15.437420	10.951529	8.039068	12.574528	15.326034	15.430135	13.525201	8.486831	18.199738	12.070146	16.300815	10.624426	8.868380	4.989225	8.731340	17.198904	11.255053	16.794404	10.290428	18.309375	7.964224	18.878080	4.811661	15.034961	11.358146	11.051797	11.454878	13.344778	12.045219	15.875502	15.634834	6.205469	20.017551	10.494949	10.516838	8.663010	6.433276	13.361957	14.970858	17.890277	18.551540	6.467846	14.136597	18.078667	14.531934	17.690155	14.340585	8.059321	16.963254	6.381491	15.439570	15.868254	17.769914	13.546941	12.001955	14.978897	8.665973	4.123596	9.164016	10.997615	8.344305	4.889613	19.998393	14.028463	14.250413	6.653738	4.615798	15.621354	15.754202	14.612323	11.992788	11.655673	20.157674	9.176123	20.012580	4.964751	11.823086	5.235610	8.197268	6.905775	8.059275	10.179563	9.474309	13.421295	17.932195	15.906293	12.216463	14.812143	19.004762	12.921577	18.339419	11.513887	7.015549	5.259028	19.415833	5.860994	15.869057	10.308856	14.037731	18.624638	13.881421	15.142844	5.643556	4.596230
19.673650	14.793626	12.405671	12.994219	8.139078	12.954137	18.283218	7.578743	9.877161	10.698395	12.178266	5.235776	4.741608	11.882740	10.065013	14.730639	10.831020	6.204581	4.252046	12.747429	8.936789	15.209424	7.513295	5.743349	9.560515	14.510208	6.714895	19.188672	16.178881	6.875842	5.732692	4.985195	4.909785	7.957714	11.050629	16.953613	17.964585	5.673707	12.398833	18.350249	14.148741	17.255719	9.975023	7.517642	19.882663	18.736654	15.201877	14.579006	12.596063	6.052945	4.123107	13.802848	4.703050	16.910488	15.339519	6.994759	16.444512	6.600380	6.373714	7.159349	11.203712	20.107744	9.950392	10.544961	4.760565	20.141429	9.405470	7.907704	6.420211	6.470085	11.702738	7.242455	9.806305	8.660043	11.489720	13.238157	8.328823	5.676053	6.491267	8.304922	4.718911	18.050342	10.877760	9.085521	12.039746	5.029053	7.045756	14.604855	8.989038	14.035019	5.695334	17.220809	12.538895	16.462775	6.140127	14.685872	18.529210	11.698429	18.953370	5.825475	13.102655	18.450869	5.000842	5.123076	10.623624	6.890248	19.780103	18.941852	15.139133	4.442839	17.148785	14.982457	18.254695	6.853186	6.376164	10.553430	9.073813	14.521470	19.951593	10.225147	5.768287	11.337787	14.418334	4.047874	13.000502	11.049639	9.927344	8.433040	17.957933	11.369280	5.207058	9.853130	9.733207	11.788054	4.404221	18.117168	8.994478	13.349633	18.569795	9.044004	16.774016	10.631144	17.103624	11.336641	15.018036	8.379239	10.106816	11.048842	9.795145	11.618881	7.146957	4.300010
18.217150	13.946819	12.380385	18.388996	6.102582	11.981785	5.711554	6.253096	13.488900	19.631161	8.573374	17.266611	14.084663	11.845678	12.673896	17.003143	13.872120	18.400108	15.840303	7.075271	15.805697	17.024785	14.605505	9.390893	9.717852	8.283065	12.039942	13.183509	19.888575	5.345151	13.862664	11.448387	4.579282	7.002688	13.972353	14.980102	5.328806	15.814273	19.173022	17.877706	18.160216	16.155350	8.753209	10.591920	8.957621	16.375296	4.865882	5.027713	9.591256	16.446346	8.634447	14.882638	5.601944	11.728853	11.345654	17.243850	8.164627	14.710630	5.394039	9.427436	15.598521	14.859773	14.613843	19.654749	18.142676	14.807883	11.840916	17.075719	17.663336	18.398286	9.928538	18.199104	15.451604	6.741807	7.542031	12.108502	6.309819	17.658283	12.861365	14.590532	8.246940	13.825684	4.584450	18.356959	18.948887	6.863479	17.632598	15.272547	17.180588	19.480625	14.345362	5.502882	9.328331	19.381601	18.376248	5.548458	8.570071	10.331975	9.010820	5.795544	16.226788	14.635669	19.402252	15.264812	11.747039	16.149394	8.769435	11.863878	12.609767	11.163772	12.444826	14.666315	14.433236	15.680404	9.353752	10.137641	15.444095	11.505101	19.212107	15.446671	6.651649	4.395427	15.717210	17.207117	9.304806	13.215712	16.817132	19.121547	7.948889	11.427819	8.624424	14.205863	19.924191	11.211018	18.668591	10.405888	7.786705	11.125926	19.016153	18.049460	12.427420	10.822311	7.746899	16.028746	10.579083	6.311828	15.847266	15.016974	8.817166	18.826716	7.243109	17.977258
11.528913	19.513337	18.597352	11.043161	12.224584	14.585623	8.799392	15.513379	5.596045	11.063372	5.843659	20.169566	19.963354	9.984817	12.313846	17.895202	8.060627	12.736378	19.308993	4.756166	10.086176	14.963093	19.508441	8.041370	16.976110	4.346017	5.782041	8.843647	8.317686	5.692422	6.571798	20.106156	19.319715	14.883913	8.118924	12.940853	15.890801	16.479492	4.126464	11.201809	5.387701	19.901911	14.717123	9.408635	5.371459	18.767285	5.743429	11.516885	7.860674	6.268318	11.384177	17.845206	16.390168	9.414778	14.615486	15.002965	19.737455	12.191533	15.267089	12.081563	8.104645	9.799417	18.643498	18.884609	13.945181	8.877818	15.094639	15.814723	15.154237	19.165863	4.780621	5.488173	12.346934	9.186148	19.514864	12.545836	5.928323	13.810005	4.631364	10.586561	10.993080	11.802373	8.381279	11.130085	4.529440	9.900590	12.471559	4.090502	17.506970	11.708699	5.137996	10.882996	12.556222	18.873026	4.787519	6.978483	5.996939	6.100762	11.551890	9.613565	5.368930	4.428091	16.093925	11.239446	8.716141	7.799395	14.808529	15.371872	12.168593	11.742502	4.145892	10.576914	18.824636	10.152769	12.316193	7.067976	16.644878	13.499516	8.836296	5.959233	17.807058	11.316758	5.722563	15.552244	15.963017	14.610932	18.243033	12.135188	14.479558	16.587446	4.915312	5.500569	15.944771	9.339469	4.309078	5.524771	20.142662	13.776335	18.377637	14.147059	17.426537	11.539096	12.986343	17.867825	17.324944	16.572775	7.236700	8.424861	18.438217	17.353647	19.150574	8.767952
9.177719	16.214472	11.603880	16.699675	11.585281	19.252726	11.428219	14.791119	15.773831	15.338357	12.710158	15.955472	5.813622	15.643241	15.856338	9.216656	4.078760	15.246547	12.320556	13.574553	7.197587	5.881069	16.758800	12.106809	12.484864	15.948080	5.463953	11.139738	9.681488	10.922043	9.615334	19.193576	6.648256	10.528719	8.171778	9.640878	14.547114	5.200556	15.534919	10.758364	18.194160	14.349561	18.783131	16.897710	7.471934	16.478494	17.863725	15.530936	10.496312	15.614590	12.453862	10.784953	8.451059	17.820406	7.025726	10.176723	19.483505	9.857138	19.107064	14.344108	12.640242	10.106525	10.505611	18.664462	6.008934	10.244768	15.876116	14.674144	13.291352	17.303446	16.099419	9.899615	12.581659	8.717657	18.698912	6.547812	13.695989	14.616190	6.639818	8.719877	12.581457	6.264075	14.750294	5.674199	19.137575	6.227149	12.345262	5.109071	4.707002	13.434158	8.774330	10.383639	19.353998	8.670144	18.586483	5.266441	7.490840	5.830105	19.449242	14.554742	11.261105	10.225503	4.510380	4.256960	18.875609	4.056332	4.939547	12.171956	18.935242	7.272354	8.362184	11.063474	12.839885	7.928651	13.515827	5.200102	8.837587	16.274342	15.673607	7.667161	16.568544	7.846178	15.771278	19.658844	17.074985	6.774389	12.686008	11.450944	11.933588	14.229497	13.850286	8.763635	12.301657	4.235385	11.961772	9.352561	7.277652	7.300078	17.634268	15.264666	17.181440	12.393285	4.306882	11.706522	15.756263	7.540407	13.502273	10.034688	9.700416	17.693727	8.205644	18.864550
14.763429	6.995104	10.151820	15.829695	14.229194	16.141347	16.079032	19.161159	16.563858	5.015257	8.497556	17.864807	17.447515	7.660104	9.695784	15.717839	15.378692	11.883043	9.852538	4.983443	5.012040	9.080215	19.450077	11.780113	8.027140	19.486037	16.725103	5.630570	8.594185	16.208349	10.755111	18.845311	16.690988	10.211706	14.536871	7.207413	13.557089	8.878556	17.233574	7.011813	6.187753	14.884304	14.351040	12.006826	8.237078	7.026203	18.181057	12.527114	4.762898	16.582068	19.363163	5.877757	13.053742	15.683236	17.345574	5.276959	12.268363	13.132332	17.495791	7.576312	13.601043	13.472875	12.056232	5.272218	13.157934	17.296273	13.932674	13.080142	8.579313	15.586595	11.737667	18.796697	15.312710	4.726792	18.886691	12.459901	4.582143	18.526847	14.132442	19.480393	16.574447	6.256765	19.349521	7.773749	6.747117	16.820682	5.337913	17.828893	16.428852	18.230982	5.199542	16.844607	10.127887	18.021550	16.051671	15.511345	7.762579	5.622723	7.798378	5.388277	4.632766	16.049671	6.613433	14.146395	16.971208	4.302195	8.855338	7.958146	14.393813	5.893094	12.567105	9.792237	10.387813	11.713103	5.394277	17.986487	5.758310	12.936947	15.439720	18.547760	5.170378	12.091696	13.505308	10.939549	5.338644	12.335586	10.800339	4.513130	15.204657	10.139990	16.977572	7.847770	6.198017	7.350770	17.006368	9.256383	16.898935	5.484402	8.288697	18.938576	12.742264	11.184432	14.601657	9.643051	17.556047	10.023643	17.043101	15.672152	15.698670	16.755156	19.205188	5.650167
10.933705	14.068440	18.689808	12.959988	17.907078	12.702557	9.968961	20.137201	18.194552	19.985866	8.320894	20.096387	7.427235	9.148982	15.336869	14.194449	11.487442	18.912529	14.916723	15.425512	17.299772	18.567359	9.473427	12.728315	7.754553	8.916071	11.218445	20.172659	16.118756	5.978561	10.171164	5.963970	15.514381	8.882201	14.223058	8.154736	19.267784	14.850385	8.023784	7.804205	4.524271	17.576342	6.879382	7.048796	15.572425	10.508093	15.183267	12.210463	6.028929	11.462334	14.909403	12.606586	10.903657	7.169577	16.216321	4.855971	6.441343	9.143641	4.236833	7.468401	16.069200	13.234819	19.008351	18.884467	13.937901	10.888858	11.959454	12.175210	8.271916	15.174818	7.267839	13.793190	4.065488	6.657057	11.265483	14.429108	11.032353	11.599806	6.397563	11.399226	6.005764	12.087279	15.753306	18.357120	12.391458	18.023810	8.403031	10.235096	19.703023	15.380411	13.642220	8.406790	13.742424	16.470340	13.236439	7.907694	10.281058	8.104328	12.470326	11.909322	8.046908	16.617542	4.502911	14.695142	16.896616	15.756148	17.828701	17.652430	5.216718	18.533182	9.433873	7.242280	7.174518	16.002454	10.752847	4.349460	12.201119	18.403386	18.313310	17.816856	18.007740	7.721162	5.726190	11.630114	7.500528	9.346422	6.205811	11.651210	18.125656	7.078226	10.647726	16.924140	8.711829	11.017470	19.118049	13.341675	12.579455	19.555412	17.799115	19.876815	4.485287	4.667887	18.141891	10.502088	19.880382	11.713418	18.241157	15.691101	7.027143	17.166862	11.336836	4.762128
12.538895	7.898142	19.267633	14.632096	10.965007	7.619031	11.246267	9.262812	5.816598	16.025096	13.025004	8.211278	7.438828	10.908623	5.079131	16.955192	7.123343	5.252424	10.951921	12.122906	8.952864	8.649489	16.092393	7.407953	13.564760	13.038745	13.979538	4.492721	16.133743	10.332841	12.586417	13.136152	18.261133	13.734721	4.729962	17.659781	5.084597	6.518626	9.881633	15.238652	10.719361	7.502508	7.529953	18.337796	19.764711	14.953773	14.906818	19.717182	16.219761	19.817514	7.338825	7.799513	9.785407	13.207277	10.103407	13.260177	5.845334	12.570866	17.617972	13.021360	19.003783	4.245691	10.916502	17.428698	9.388401	13.596551	17.559966	10.986064	17.011211	9.208511	5.171916	4.482649	13.992943	6.745846	6.729807	5.718968	7.124535	11.593541	15.898535	12.831055	7.232039	7.605085	7.825303	6.090294	10.284832	4.547061	19.358927	19.170206	11.912954	6.640830	7.113071	5.955992	9.784281	12.216033	11.636183	11.329865	14.086823	17.414342	6.163712	6.450973	9.650614	18.290611	13.256295	8.238542	15.615286	15.418206	12.960370	6.514342	7.965064	4.210263	15.785696	13.456244	14.848264	7.700148	16.606237	17.463654	19.102740	12.081924	11.730357	10.468912	16.309911	19.747082	19.727800	13.154751	4.426001	6.352582	6.488220	16.759128	4.862847	17.004860	12.375699	17.313501	15.124368	9.110404	6.595829	13.041858	4.546908	13.968423	17.941150	12.018915	18.810591	16.405969	16.560499	19.752810	5.331670	13.535990	8.972068	11.406685	12.073672	13.489356	6.564871	16.873150
6.140789	4.318847	5.226560	17.999178	6.099773	6.741674	17.586402	17.223900	8.808988	7.482810	7.988423	11.388801	18.341935	14.712670	4.091082	18.103631	9.322877	6.066932	16.905304	14.454607	8.792573	6.416889	19.268828	9.533505	12.664408	18.797456	19.415687	7.784193	18.267549	10.818572	15.736419	15.233343	16.145593	4.720499	7.269549	19.961435	6.885435	15.309326	20.086538	12.073268	5.502864	17.491498	17.772864	7.407215	4.813997	4.213635	14.269619	14.544092	10.445839	16.179122	14.151178	4.514879	9.784324	4.536480	19.137242	9.858798	12.887374	5.821984	7.080157	12.265570	15.247729	14.196385	11.069550	8.611128	15.056535	13.660948	4.878203	16.875888	12.500699	18.463604	7.247823	9.971436	14.277755	4.648258	16.039289	20.131761	7.394005	18.653599	5.007572	16.874844	10.938779	14.758136	11.772385	14.827093	17.752772	19.551227	4.362682	15.871104	17.386213	7.688370	16.079066	12.941941	6.488940	8.612750	12.705776	12.874567	5.013035	5.137809	6.275657	5.108566	13.527846	11.333844	8.684129	17.213628	14.777601	13.234006	19.894445	11.947693	7.512743	15.907755	18.166271	7.712350	5.174938	7.269413	13.910275	5.130000	13.372125	10.040052	5.863391	16.262471	16.718802	16.494571	13.724193	10.534352	7.428181	12.704745	18.574882	11.803687	14.847035	11.199680	11.721841	6.062329	14.413037	12.575015	10.355878	14.920913	15.151292	7.731191	10.130016	7.259117	16.773984	16.980080	19.477612	14.109555	6.269238	7.593335	9.098719	10.162069	10.786882	4.953597	18.627479	15.133781
9.722767	14.333602	13.017134	6.039960	18.390528	15.365205	18.757118	18.942549	6.318791	15.775079	11.818410	5.224149	13.303110	15.188849	16.829355	9.988119	17.841726	18.157224	17.436906	18.313488	16.085356	11.345846	14.826664	12.101446	16.483489	15.498415	11.128673	12.700117	19.036586	13.840021	7.881825	10.456733	15.693233	18.706530	19.999080	5.873879	17.203710	19.564104	8.882887	18.953499	4.345061	19.118159	9.047091	15.303343	16.458621	7.288753	11.999820	11.701787	6.954022	18.553971	10.504179	8.287981	15.126169	18.909638	13.684692	16.640461	10.702745	19.912623	15.248736	15.136803	10.451203	4.772973	15.382686	4.433641	17.011708	8.450652	6.995788	13.173599	15.244866	12.823577	17.480534	4.154410	5.535699	16.271329	14.991054	18.448296	15.343822	12.036505	6.852821	8.531474	7.483968	8.636753	19.820313	8.423994	9.177246	7.010669	10.258002	6.745202	5.468738	15.047660	17.360436	10.779673	7.025402	5.324449	8.652420	18.637050	18.634736	16.366596	15.946490	9.837011	14.134708	10.789007	10.145271	11.501690	16.132898	9.645994	4.655887	15.236075	13.881473	10.901362	14.133369	14.503500	16.148480	12.308092	13.089795	20.057983	6.141314	13.430491	13.805581	8.908019	18.877956	17.403607	11.936490	6.495471	10.356617	7.082823	17.213163	9.478666	11.406771	7.598691	18.729945	18.170984	5.620540	11.383539	13.342779	8.197296	15.719753	4.060330	4.057510	4.817212	9.556739	17.032888	9.129140	11.008841	12.150802	15.743370	7.040577	11.394690	7.731075	11.633620	5.458358	8.092003
13.799492	11.644614	16.817363	19.099093	19.861514	10.994516	15.058985	12.676256	6.101902	9.007875	10.706770	9.502628	5.597747	17.754684	16.739198	6.004351	10.089834	10.617942	10.183085	11.354803	17.210694	14.000749	11.960604	17.744841	9.804625	18.359998	8.027194	18.827360	11.516367	15.023154	5.855143	9.521258	5.611807	8.242672	16.164031	11.633340	14.737795	12.160285	17.398988	6.267478	18.279082	18.097957	15.662451	14.893673	15.972067	7.581865	9.843014	18.638718	9.192547	5.781199	12.311732	16.018738	9.089060	6.187392	16.275078	10.511507	9.190498	17.041150	10.730103	13.632799	4.164820	11.783863	5.411082	5.889954	6.863197	10.783587	13.677235	15.526726	8.048004	15.506932	10.970641	7.493455	14.393535	12.991996	5.197143	14.913127	17.877054	5.247454	13.625675	18.013327	12.740830	10.066307	13.669242	18.095793	12.280960	8.650810	7.643814	5.272199	5.071193	12.858372	12.023074	15.624733	20.057579	6.499915	11.353426	9.427620	9.966360	10.489961	9.930336	17.493775	12.932182	6.600566	4.790101	12.484964	17.443256	6.016675	12.420134	7.545906	6.317794	9.976387	9.847776	6.285163	16.295612	12.958056	18.498509	11.593542	7.266790	10.595020	9.922030	16.204046	8.319512	17.944526	6.996997	18.453052	7.786358	7.485318	8.217098	4.101576	9.871143	8.629730	10.869590	7.378913	14.911464	19.407613	7.076252	10.858548	19.735441	8.416432	15.562825	12.112309	9.361995	5.147215	15.414175	7.544089	9.942704	17.224745	8.607563	14.426377	15.670109	17.251387	15.961874	5.202738
6.715603	8.799821	6.554120	11.186656	15.348981	5.077578	19.156999	6.073484	4.588483	19.349306	11.717122	12.919040	19.595784	15.715167	9.337738	7.241952	5.667497	11.642672	17.536208	7.933693	9.317767	5.649807	8.080980	14.699009	14.032262	17.006320	15.172696	12.262690	15.484097	10.529327	18.783421	6.422806	6.852488	5.326791	19.650061	18.345669	6.280041	12.216947	19.151749	13.007953	19.764998	10.152586	11.445101	15.404767	8.465285	11.795508	10.532320	5.139362	4.742291	12.282802	10.276488	10.698465	19.283952	18.332411	15.231426	12.641304	11.892824	16.766835	6.605243	9.472822	16.084870	10.948193	10.685894	10.712601	14.898381	15.287092	7.508075	7.647364	7.839164	9.116068	11.431848	11.431550	13.719225	20.057693	6.055087	12.124008	11.191301	6.155375	6.494474	4.933286	13.388024	20.106477	12.146765	6.245391	4.892844	11.092435	15.739547	4.782167	19.384898	10.267378	5.407169	4.904990	10.950561	14.201867	9.815919	14.933720	6.440904	15.642418	4.890119	10.287335	5.616060	18.880438	16.077305	19.782634	12.651803	9.920286	8.830324	7.718184	13.132808	16.704885	8.457708	14.097774	14.866924	16.753910	12.910474	9.012979	9.511140	15.558585	12.466327	15.922864	17.353450	15.935777	13.893886	16.856463	17.035707	12.286211	11.562041	5.089336	10.021935	5.240336	11.034939	5.667300	19.082801	15.528309	18.806327	5.206276	7.268871	6.628913	12.160435	13.349842	8.780609	13.141261	4.905338	16.815665	7.435300	12.467977	15.921369	7.208674	11.245744	13.647760	9.340051	11.738595
15.429061	19.951421	11.157764	4.430566	7.360366	19.419090	14.127676	11.246756	19.305321	7.245154	16.606867	12.849359	4.842822	12.489944	6.756059	10.103669	6.920917	17.485348	19.066300	8.649772	12.079757	10.495556	4.352117	18.735081	7.027150	19.640869	8.045606	4.156843	17.141298	11.586326	16.936761	18.889153	18.296401	6.396928	14.614122	6.367277	15.299280	14.999932	5.023786	9.012028	19.807024	10.179123	17.376137	17.939940	15.622868	10.968386	15.198433	13.751714	18.042089	16.154974	15.791701	6.103689	19.770010	19.823968	7.871035	9.451320	15.141120	10.833656	7.129894	13.586003	15.624338	11.208028	10.801816	11.438514	15.624151	6.786072	8.218236	7.598002	12.012338	16.484399	6.562136	13.918202	9.192397	13.403576	15.175209	7.057476	5.045798	16.923843	19.265099	6.255966	13.165442	13.831903	8.812193	5.235950	9.185547	9.527983	12.264411	8.095822	9.097413	4.143840	8.300245	17.664889	12.295004	19.820924	19.960683	17.893723	11.478736	16.918757	6.085879	6.840480	8.530378	15.209174	12.720310	17.368643	14.189219	19.402443	10.361933	6.853089	9.373481	14.772420	12.545574	18.215709	14.630574	4.192000	4.742628	15.078702	4.970854	13.111965	6.532030	13.248551	6.103239	19.460623	6.624478	17.396315	7.825868	13.479017	16.234784	18.056389	14.743281	13.688314	13.783582	14.664171	11.520042	7.391342	10.836420	14.030579	14.513094	4.800292	8.903658	11.045985	4.384498	11.327049	4.534330	7.817758	10.870343	14.576488	5.958267	9.649705	4.565406	9.619647	5.927188	18.269639
6.210608	20.013437	12.726849	10.190535	7.948415	19.216663	9.633094	14.141402	10.769525	8.793626	14.470162	7.701963	7.056080	13.566131	6.839040	14.668314	17.447584	7.158832	11.158249	14.311109	15.026311	4.353805	12.079226	17.621010	12.398118	10.206781	15.172725	19.949210	9.830431	5.085608	11.521048	16.048476	17.470664	11.817381	20.010622	7.795910	7.175122	5.453656	18.941538	6.169440	14.627127	15.516094	13.595016	17.194855	4.359827	5.373174	5.245474	17.869133	18.184445	8.753497	5.310655	15.392388	5.438216	5.354861	5.148595	7.766317	16.905267	7.867557	7.744631	4.257475	13.696181	9.121949	19.159413	6.245604	5.487047	14.053198	8.309698	7.373831	16.067744	6.693690	16.694753	17.692638	15.607239	4.850339	6.909663	13.354689	9.790824	14.438836	9.537556	12.962027	4.754449	10.286973	10.079709	5.449688	6.571871	6.435269	5.647513	10.421093	6.698461	6.026658	13.517430	9.165892	19.870939	17.860051	8.837714	10.229530	6.120674	18.176744	4.762016	16.768386	13.886784	5.976295	12.601065	19.189289	12.196545	12.073729	7.548923	15.433580	4.614156	12.009572	12.848535	16.048653	19.041732	13.525578	14.814478	18.127782	7.202791	19.083961	5.918662	10.928818	12.553934	18.690286	12.265936	13.951234	5.088567	17.864398	14.931406	5.367169	13.010342	11.006979	19.941163	7.399471	17.094200	7.797613	5.872839	18.258433	6.027270	15.854756	11.961452	5.015655	12.296413	16.327740	15.823614	14.095532	16.969917	18.578197	12.969765	17.048892	15.485848	8.503483	8.330191	6.151458
6.204536	18.622411	4.478950	12.036303	10.109099	15.260612	8.811935	6.842504	6.564836	20.140231	12.314429	12.796783	4.262275	17.806406	9.200985	9.240088	16.300729	12.327516	13.991729	17.385660	13.513034	12.125232	15.403953	16.325928	18.193311	13.782191	11.079307	14.058326	11.068980	6.846557	17.073371	16.165162	11.194051	11.052869	14.475989	15.843167	14.823210	14.860540	12.226454	19.545065	19.135798	11.417537	18.360721	8.115765	18.680567	9.720492	13.528847	5.095100	18.480767	7.593155	18.136060	18.168155	20.062991	18.137199	18.423299	13.520365	11.516942	16.235905	18.500394	6.813976	15.139984	4.898007	9.501395	11.314464	4.211666	15.507634	7.130403	15.031614	11.096628	6.577752	14.225282	15.697751	15.228738	15.587233	9.897183	17.220115	4.210557	8.296313	18.804472	20.040560	14.626907	14.624807	10.677324	16.729039	13.986363	10.011886	14.013222	9.926001	10.667430	14.497897	14.739382	15.418361	12.422098	19.035723	6.370019	10.831732	19.520208	12.935409	10.583550	18.031454	13.198444	7.074960	19.012502	12.904230	17.855727	4.849586	19.612976	9.800887	7.248632	10.854509	6.811275	15.068968	17.150409	4.577875	11.333345	5.696199	4.111903	14.654670	6.562323	19.410139	9.358646	18.844536	19.003297	7.340776	9.617570	18.538268	11.340712	14.370140	17.479100	5.504740	6.086247	11.987234	19.001216	13.418089	13.428519	19.572959	12.488175	13.864219	4.222094	11.842888	16.775648	11.908039	19.814935	7.024830	13.777945	6.763232	5.899524	5.812622	10.563073	14.487063	10.309517	9.811447
12.994235	6.200459	9.618447	5.711673	19.484599	16.856035	17.267834	13.997924	11.912707	16.673937	17.633439	12.705269	5.009004	15.615674	5.267334	4.974643	11.892263	15.353127	18.472396	15.408837	7.849120	18.234579	18.684712	13.917866	4.482637	19.355428	17.813340	13.485414	19.372615	5.975965	9.642711	12.176852	7.290990	10.432316	17.827781	15.780039	5.486609	17.435385	11.277158	13.682468	6.229235	14.243187	16.685565	14.341000	12.274782	14.879850	14.636097	11.045284	18.556681	13.934089	14.612545	13.752109	7.902858	9.706924	14.084244	9.169625	20.007368	6.551188	9.714614	13.399112	11.580568	10.533040	18.727759	14.105697	12.854886	12.529360	10.158244	11.004920	9.896530	14.082695	11.238546	5.974507	17.135719	19.050310	12.947110	9.393626	6.700629	14.004707	5.022640	9.695411	14.924038	5.745941	6.200677	6.751083	11.225358	11.596093	14.647652	12.668770	8.576985	4.612183	8.938643	8.491473	14.944249	4.212259	19.693250	13.857469	17.303311	7.094882	5.338960	10.387310	19.148945	13.327175	15.133546	8.307026	6.617929	6.678202	5.275053	11.615961	11.447695	10.692563	5.976163	17.722055	19.836126	11.940581	9.999548	12.092632	13.365470	4.805379	19.523681	17.214603	10.953658	7.660808	4.043946	6.307038	11.107797	9.352556	9.687655	11.954259	7.489040	18.051617	16.578519	18.571153	10.004455	5.551826	7.995472	19.125064	17.365122	10.187021	13.488595	20.028691	6.914435	4.133875	12.390184	17.235903	8.280757	17.693028	14.354661	10.169244	19.438583	10.861625	18.198655	6.156243
8.599533	14.435732	14.457200	9.903409	7.552625	13.940228	8.731487	4.091751	9.484278	7.290760	6.435489	6.075037	4.206472	8.250518	13.985536	12.425511	17.609449	10.199957	8.565510	11.448844	17.042218	17.099964	14.572271	11.214559	8.357810	12.506281	12.380238	15.934850	7.264342	9.254626	13.972041	11.418812	16.548469	18.182038	17.325176	14.032066	16.040563	9.417530	8.849341	4.824435	7.051455	5.138327	16.723152	6.340476	11.582292	4.829520	19.907539	16.856233	19.218533	12.864919	18.415442	4.777874	6.465208	12.423072	6.347934	6.041147	10.399264	14.602985	9.827271	18.734665	8.776556	9.035408	19.942558	5.602974	16.412269	5.888846	13.348592	17.005876	4.230065	4.392523	16.818509	12.947481	9.099843	12.209594	11.781983	8.932741	4.057612	14.333722	18.886280	12.975949	7.101035	7.350058	15.098904	11.886341	19.338350	10.499954	8.967710	8.740844	12.045220	5.635143	5.171643	11.150454	18.782588	9.673262	16.291349	17.186179	15.713421	13.637660	19.927819	12.739698	15.312722	16.257934	13.007062	9.339520	18.692175	6.293160	12.232013	17.983595	14.623472	16.639650	13.293699	12.428999	15.137645	5.156703	9.605724	20.044296	5.867944	6.010916	6.548220	10.107820	10.963702	13.126969	15.617341	5.888348	4.576635	16.577344	16.974044	17.207261	11.740714	17.891993	13.076778	5.507107	19.879113	9.922542	15.070462	15.860837	6.854201	5.116492	12.731447	19.309280	15.842219	16.280819	11.478198	10.390682	19.987224	5.922622	7.878119	4.441637	19.489908	6.387500	16.317248	19.173108
12.700050	11.017508	10.068291	9.082451	13.583982	17.935864	11.186700	15.880641	16.232796	4.071629	8.702487	4.436715	6.016146	19.579311	19.173194	6.450684	7.058696	10.031873	7.204568	19.121383	5.312477	8.286127	18.202849	17.398140	12.501887	4.524612	16.515686	16.226962	7.382735	12.290895	16.825350	9.718429	5.027781	5.768991	6.405822	15.624965	19.835509	12.401247	5.164675	6.296204	16.350155	8.345227	4.874011	16.971739	17.146662	8.666935	20.157080	17.188972	9.174742	17.947226	13.285653	5.240702	10.497599	7.557518	6.295476	13.166418	17.348639	19.371159	17.032534	5.565758	12.734351	8.189593	5.722102	7.607088	18.197416	5.913105	8.201445	19.139761	10.043632	7.272378	19.251802	14.329481	20.006189	14.999483	8.858119	8.324612	18.374262	4.827010	4.279173	7.895684	15.674522	19.049424	11.383222	18.106881	5.660492	14.161911	8.641142	17.397150	16.203761	10.701045	14.574552	13.264895	16.171927	4.261705	7.686210	15.764450	11.925252	9.159905	9.588228	8.900540	6.870086	15.867127	4.687423	5.094448	8.282252	11.836220	9.421871	17.075993	10.979143	17.256755	10.463536	16.434317	7.602666	7.227717	5.532983	16.148675	18.534243	10.315235	14.332508	19.969510	10.670510	18.283517	10.919331	8.869787	19.655353	13.334576	12.777745	16.301173	19.198064	6.893705	19.230245	12.174394	15.512456	6.481108	18.283848	5.703370	6.351154	11.944259	11.392174	13.247802	11.791134	17.605028	6.200239	7.251480	19.825251	16.144946	19.390996	5.626447	7.439287	5.375734	16.940434	7.322849
16.291059	4.099950	5.887602	8.417096	10.677294	11.575838	17.831898	15.299255	19.249280	13.854123	11.986296	12.945293	6.480851	5.853538	15.802535	16.796831	8.105178	14.593987	12.850723	15.471307	6.496088	12.707300	5.458253	17.374693	12.389048	17.747713	18.334914	6.727376	4.647942	6.770885	10.876458	9.395360	8.437890	12.327846	5.598911	17.248650	4.961353	5.320347	19.102231	7.888508	10.385159	13.171110	7.193048	11.921723	5.495059	13.306686	8.998617	4.668838	11.856286	5.361703	13.963198	11.660073	8.674451	7.494624	15.435335	15.591120	15.595607	13.632519	20.017408	10.021336	7.054441	16.585648	5.821066	4.602784	14.393521	4.656137	16.007949	9.236448	9.967483	18.728150	12.490912	4.099071	19.558225	10.994538	12.733306	6.309609	15.006829	19.377859	8.428957	17.636934	16.584698	6.933797	18.380422	16.301156	18.071299	19.348173	10.968120	14.059644	15.454254	7.348812	18.763425	19.546821	15.934271	17.355286	18.289638	12.946644	11.851997	4.844832	10.114759	12.544219	4.658839	10.163450	18.303887	15.598265	19.376736	17.478008	5.863809	16.511183	17.994946	4.995497	8.467954	13.399502	14.453963	14.940924	7.461726	8.258209	16.125623	12.282559	14.364386	7.173841	5.842861	15.582318	19.110165	19.977830	5.233032	4.785314	17.049206	11.792434	18.357307	15.839648	19.195587	6.254562	15.090477	12.655515	6.891419	6.520529	12.231952	10.135678	18.983808	10.326064	6.684120	16.635651	7.810596	15.086713	12.492789	15.073960	13.268560	17.889357	19.272068	20.132988	7.512130	19.499730
19.113415	18.800769	13.777994	7.060135	9.622295	18.220915	14.971570	6.380758	19.918641	12.509244	13.906896	7.604868	11.767281	8.789958	4.464471	14.992783	7.836141	8.297490	12.918468	6.440679	5.967898	18.092261	11.775349	10.969242	16.533156	11.755556	5.333788	17.463098	7.039528	16.140940	8.660732	14.349236	5.951789	8.697130	7.376487	17.951373	4.605591	14.006581	4.713748	16.119419	8.107512	4.364046	11.577905	7.991219	13.465475	6.595146	7.804727	10.356868	13.476415	17.753911	12.026336	12.744734	12.116353	12.802979	13.587964	15.109164	10.406115	5.115475	13.829573	18.392949	17.516817	8.685976	13.690648	11.707748	19.539373	14.579727	18.966757	5.805067	10.407763	7.805040	16.710615	10.448760	15.890757	6.539252	12.341217	16.012699	18.772620	8.588106	4.857006	14.275396	9.123766	6.418248	14.881320	15.066980	10.255249	16.283222	14.460884	17.472210	6.704880	5.089734	7.815400	6.072962	18.942362	10.085169	14.818229	16.314561	15.310804	10.336879	13.477693	7.271816	9.622543	18.138873	9.547097	13.987964	7.686637	9.623830	19.972144	15.591915	9.998414	11.825922	7.899040	12.401253	4.371886	6.488194	13.657865	7.060345	5.092058	11.826085	11.713999	4.167577	16.634573	13.118222	6.440581	12.203344	10.401400	16.669875	4.742387	8.399672	9.693716	9.635421	6.986527	9.557866	12.416187	14.758556	17.499840	10.362971	15.514559	15.376358	17.651722	13.689336	17.169516	17.580532	15.679651	4.960613	10.137978	18.487636	14.056695	5.193958	6.713214	18.290942	18.765740	15.716867
7.831323	19.829216	4.266553	18.864658	14.826563	7.996764	10.305680	20.070814	10.999760	18.255179	13.307764	12.940514	19.033919	6.274453	7.580326	9.799935	7.978475	13.600898	4.194616	19.796399	14.601293	14.691742	15.062462	8.764070	16.290510	19.997129	14.493738	12.682988	17.156799	19.266729	13.588529	8.421349	18.543214	10.766871	18.388755	12.644947	9.367759	15.199725	9.602053	19.804769	13.888974	16.782444	19.947549	11.827692	12.890310	10.801003	8.073875	9.675232	17.781372	7.578704	15.935379	12.386442	16.194257	6.390776	19.719210	4.567846	17.641666	15.920093	5.946958	15.562570	12.405446	19.206798	7.678613	14.787147	8.991870	12.057193	18.204992	9.211342	6.770409	7.250575	17.482195	11.472118	6.677514	17.658338	6.534355	15.311283	7.448922	18.415434	19.675831	12.481842	8.997434	18.133040	18.747984	7.889482	15.798701	16.402229	7.969828	8.341200	19.550347	17.419850	12.515430	11.070565	10.568210	7.648302	7.233219	11.194628	17.401839	16.051409	5.502533	10.950272	11.583157	12.972115	7.161230	17.907348	16.074151	16.741229	15.300078	5.242357	15.003636	11.038161	5.223420	8.269899	5.662641	4.529435	10.366312	14.942455	4.729788	14.181631	17.004622	12.162149	12.230607	19.410481	15.580678	18.357801	9.528688	15.264832	6.654998	5.135395	16.656477	15.880642	16.803532	18.555113	9.773941	18.845667	20.127198	7.509376	10.292183	9.699742	18.800082	12.852933	15.790193	13.708898	5.560758	5.297284	13.448628	11.677552	17.882729	4.079049	19.233968	17.710172	7.726890	17.327588
6.385092	7.038206	11.834040	12.725269	19.140950	5.973224	5.336931	17.274932	17.851313	13.423075	10.400852	19.289062	13.342600	15.920672	10.417541	11.305091	4.426840	16.098483	13.384624	18.366090	16.523646	11.975556	15.187134	16.269806	17.982294	8.861232	18.602546	19.919629	19.568610	9.801126	4.759435	4.714233	18.521037	17.693848	5.723898	8.644236	18.477553	19.390994	5.320805	16.365259	7.994536	19.894469	16.934073	11.561412	16.360335	18.837319	19.348395	16.647549	4.797386	8.233480	19.121100	15.675095	16.470630	4.850869	6.109250	11.814333	5.095819	11.491160	11.081949	12.365826	5.971452	4.537045	6.872194	11.049676	18.725726	15.416638	11.302992	16.544887	14.162061	4.428516	18.185440	13.021089	18.199872	18.976643	9.446272	8.686670	6.658821	16.452088	14.046768	11.523163	8.575092	17.199784	14.265687	19.086213	19.800704	9.963787	4.067400	20.148040	15.121120	7.394004	9.648572	7.600290	5.124687	14.018591	18.045286	19.592327	5.645887	19.323302	12.724305	15.726739	10.761019	4.682362	17.446643	9.300568	16.278278	15.751770	8.522744	17.542953	7.678439	13.149900	15.481537	4.310053	4.916105	10.516350	8.451780	15.135791	5.835658	4.214547	15.936535	10.753483	18.853521	17.714404	16.715119	14.262892	5.981027	14.810030	15.916741	17.302439	5.044193	8.243226	5.371833	15.691828	19.158285	18.042513	17.020341	11.227914	8.605943	12.678225	5.453396	11.462300	17.900872	12.391853	13.825388	4.085141	9.438874	4.374288	7.831770	10.717425	13.664359	20.141004	13.909553	16.927818
11.811793	8.893013	13.590735	7.172372	4.431612	10.950641	14.130978	16.078792	9.329605	7.932041	6.237626	12.485636	12.967772	7.255093	4.570933	9.436076	6.318362	19.890600	6.923657	10.755299	18.101123	12.122355	16.104721	9.515446	14.241556	16.020397	15.228282	13.852665	10.743310	4.282377	4.883858	16.213694	19.046998	8.043432	9.975963	13.326819	13.196431	18.843371	15.765382	7.904099	7.564311	7.140480	13.998233	6.360327	8.823531	12.845881	14.050745	6.566597	8.202227	6.330881	7.437996	20.155606	17.891539	9.515796	4.914434	13.489315	17.091325	15.545899	16.532228	19.721787	17.936518	20.054429	14.114602	16.285325	17.576919	18.390096	6.043283	17.065657	8.882869	7.118298	15.702892	11.309830	12.572454	15.569597	10.225420	17.765553	14.275479	19.052502	6.850600	11.201314	14.452864	20.147103	18.965618	15.091716	6.220031	7.462575	11.091309	17.064479	11.238896	12.021157	13.357645	20.032447	8.434973	19.256169	9.276480	14.707836	9.797057	18.916989	13.419407	4.329399	15.670016	5.344017	8.444634	18.130527	12.747391	12.387969	17.610096	17.779773	5.062417	6.111964	12.339639	18.750795	16.703037	4.886043	8.922055	17.846456	17.730627	9.387689	19.787939	12.184180	7.025177	6.737177	5.528776	15.021546	8.656691	13.465832	10.207070	9.615163	11.804824	16.596637	18.854616	12.409024	6.536168	5.002281	19.094286	17.981733	7.868101	6.983540	16.496509	5.989460	7.009537	14.568132	16.716565	11.688046	5.540383	9.071838	6.870114	15.107935	17.205866	9.880683	6.944255	7.045723
17.464339	19.915583	8.802709	6.488958	14.721593	17.208714	18.251779	6.051721	10.424156	13.142647	13.899462	14.366454	4.246395	17.244964	15.775800	13.239350	7.751638	12.285500	7.837791	5.561192	8.564846	5.027418	14.554050	12.280244	16.748793	13.834280	13.948276	16.292395	9.552144	16.265495	13.304345	18.352160	10.401179	14.560584	7.521600	10.408057	7.769166	17.402153	5.770065	16.012170	7.300329	6.164393	18.873826	8.262046	12.106906	4.256961	19.941707	14.457367	10.571748	14.675052	8.748796	8.193527	11.027071	6.505536	4.096198	14.415901	7.728096	14.890400	7.242968	4.623203	10.796385	16.670519	18.293553	5.697520	5.447332	10.018892	6.195495	18.580214	16.233987	6.762510	9.761013	6.744396	13.779910	13.983869	13.401278	17.040800	7.533379	14.014303	9.139308	17.254628	16.318388	9.168711	11.655149	18.057890	12.046397	15.661066	9.646950	10.691305	11.235367	4.850848	6.729898	18.005707	4.055036	14.133578	14.898406	16.950959	7.126219	19.185498	4.496704	6.990530	6.045157	19.156426	19.182217	16.514031	7.545663	15.383169	12.858395	19.370258	17.548025	10.375418	8.155002	17.332796	16.261141	13.135519	8.022096	18.241167	12.100138	19.896572	12.328864	7.531744	14.287369	13.829937	6.726951	16.448886	6.249204	8.706671	13.575618	6.767898	18.355678	18.771757	12.776275	17.462693	19.752657	11.010912	5.332670	11.414423	6.258867	13.208001	19.700134	4.347236	19.014726	6.762124	5.862742	6.220396	5.789559	13.506944	5.305184	18.608581	6.101063	12.713231	12.374789	9.700451
11.946102	8.847793	10.461267	15.775487	11.378806	9.050668	18.827046	8.141135	7.856740	7.201211	4.352657	18.871818	19.075389	14.391692	11.326088	14.013933	15.664274	9.765467	6.006220	15.877242	7.443667	15.811090	9.139654	20.160229	15.887840	15.125998	16.882368	18.699475	15.754347	7.835986	15.748026	9.186629	17.378299	15.811884	8.238665	18.047580	4.606172	6.757452	10.116291	17.546320	11.851319	12.408859	15.442356	19.797009	6.821765	6.764033	9.248492	19.161101	16.062954	8.528394	6.854211	4.405266	5.863789	11.669717	16.492008	20.034245	8.284888	10.905123	11.734797	19.144703	5.595128	17.525127	16.277745	14.109987	11.839863	4.424551	10.342260	14.578706	9.387288	12.054389	11.450748	15.213267	6.939794	11.921389	7.829300	15.739189	8.166799	6.981905	17.301458	7.269578	8.414758	9.041983	18.103054	6.263742	15.815154	15.675203	12.432460	14.443410	10.233884	14.922030	14.397528	13.597087	19.729039	8.873914	14.227340	7.719575	16.135216	10.985899	4.342933	8.572603	14.659318	14.186170	16.178062	8.833807	4.595258	13.229260	17.452261	12.263318	17.361328	5.847100	18.839074	8.459579	10.680006	15.558159	8.702389	8.758330	5.940350	7.044719	7.892590	17.956048	19.958137	7.516324	17.821780	7.402772	14.945933	11.455023	18.894231	10.326781	8.508246	18.085950	18.559445	4.780153	10.760076	10.795908	12.488672	19.280313	14.808619	15.111132	14.900911	11.582115	19.402618	8.584970	15.031811	15.615662	8.773434	18.213856	4.280189	7.637218	6.921408	9.769602	15.567053	18.865149
10.589349	17.187400	16.814142	19.528420	12.605585	14.240254	18.420982	16.813325	15.720233	19.915012	12.030796	15.030013	7.014974	4.342035	18.420998	10.305438	11.417211	7.000715	16.449778	11.349456	13.154070	14.665082	10.979331	5.887302	10.778325	11.352925	14.374220	15.817643	6.847609	7.322991	6.442693	19.337934	11.379233	9.902900	18.347306	5.311509	12.139811	12.911527	12.063511	18.521835	18.490400	12.708738	4.566155	18.293187	11.712586	14.747333	19.846686	11.701171	12.377713	15.169582	11.725343	9.713489	12.570623	4.936244	14.474278	14.215899	20.053854	15.565050	9.560714	4.525550	12.018384	16.202817	8.640408	5.287518	17.557777	10.661829	11.542585	4.413136	16.213351	4.643346	14.928733	4.088169	18.079501	4.773543	6.277089	11.282470	19.988274	15.372761	5.531597	12.823226	13.350418	10.460330	8.510105	19.702924	4.581373	16.464840	19.700151	7.299170	18.580996	10.348674	7.724231	16.547811	4.715168	12.127838	6.288498	4.942124	13.299532	11.081485	11.878641	8.223209	6.984112	5.177327	18.788510	13.923409	14.202984	15.722992	8.838612	19.318654	16.153613	15.339205	12.971368	9.620792	6.780423	7.931096	11.636483	5.773947	15.889367	4.628984	18.561697	17.920132	19.279852	17.005985	17.515349	7.498670	13.680404	15.744761	17.865064	9.473455	17.465330	5.069437	16.194667	6.460245	16.325916	7.063379	8.304843	7.696591	7.128291	4.222057	16.659210	10.950869	7.063420	10.424848	8.178440	18.090369	17.448868	7.118072	14.858739	10.192599	14.694623	10.589715	20.143033	9.008193
11.290517	7.486458	15.149190	6.362045	12.376155	5.540778	8.195373	9.269887	5.038501	18.814803	13.550706	15.458838	10.848751	5.858074	9.372005	19.853865	18.819593	5.511667	4.817463	19.422740	16.770583	16.868816	14.710817	20.110667	10.443349	18.758464	4.249417	5.640171	11.167091	12.020045	13.498743	5.708423	11.166784	13.184541	16.356329	8.825745	16.062702	16.775594	9.864314	12.806471	10.276623	11.680277	16.996148	14.871361	10.436087	19.260748	15.813941	15.943632	10.930700	7.214727	16.794348	18.350864	16.703232	9.262175	11.180964	18.675641	9.557437	12.040635	7.469225	13.510695	11.451477	16.800367	12.675310	7.716774	11.044587	17.129709	13.273284	4.614935	11.911789	5.225348	11.382033	16.410034	4.356745	11.595028	12.129171	8.261720	4.666206	15.691607	6.444235	17.634283	9.359451	6.146039	18.916848	6.614740	13.957609	10.961733	16.860109	11.265757	17.079359	14.389681	10.179887	11.563947	8.636967	12.036890	10.286358	14.276131	9.345649	16.035235	8.039350	9.725228	17.285989	13.160404	14.127575	14.285663	9.382721	5.230253	4.328845	7.624525	12.663119	11.111261	10.944988	19.262622	14.490818	15.741243	17.105691	13.843932	11.724990	19.481978	8.114714	8.930436	9.498642	5.919559	19.661424	15.567144	5.474381	15.096351	11.427425	20.102191	15.355361	13.295458	4.471605	4.638248	15.577478	8.194410	4.705169	6.586223	9.950531	12.729570	17.981589	19.349446	16.115051	8.861167	8.308598	8.693393	15.982911	7.145062	4.677719	13.928173	11.332818	15.290487	20.141751	19.442924
18.012705	15.269029	10.109501	10.892938	5.495801	8.455640	6.092960	9.663404	5.102453	13.515512	13.718943	10.507185	10.585586	12.373468	8.213968	14.773050	16.402736	9.545483	16.407730	14.271626	5.812926	5.384092	4.475810	4.614791	9.121150	7.301871	9.825529	5.879077	17.155595	13.920558	4.561827	6.634811	11.946318	17.678219	9.496335	6.793511	7.757689	16.601132	13.095497	4.907510	17.472750	20.012966	8.715202	15.585973	9.244989	9.935640	8.577298	5.507196	14.228056	18.383526	9.016679	14.348489	17.006897	20.163531	12.582911	10.880628	16.458991	13.981461	15.755538	19.540297	18.647571	7.966105	13.317958	19.759594	18.775140	11.456871	7.392145	17.989772	6.146695	11.147759	13.963924	5.125672	10.936401	15.953866	9.568662	6.023961	11.382498	8.204725	5.870949	15.192455	18.714133	4.413139	19.582924	16.017526	15.982246	4.547049	6.708168	7.975173	12.283711	9.596346	15.243806	10.641306	15.564935	9.885482	6.543765	19.669294	7.518063	17.306788	13.171389	6.335266	8.019302	5.232939	18.595270	19.614376	7.759177	18.202682	6.774077	19.381466	5.683384	17.119629	15.597298	19.105655	10.746243	14.896850	6.362102	11.203846	6.699232	17.874755	4.466442	8.326671	16.976143	10.487542	5.849761	11.905828	16.694008	8.468069	7.602519	12.782309	18.356923	6.637681	19.699187	7.596068	10.030622	13.953947	5.919214	6.711043	6.634535	10.988407	16.531031	8.803620	10.254645	9.930300	4.053113	5.693268	6.301756	17.287935	6.406543	18.143302	6.952159	20.018004	16.560503	12.962500
11.641630	11.702834	10.907131	12.374910	14.502611	7.524791	11.129691	4.315985	16.393210	4.620323	6.724961	19.277270	8.323391	7.494854	5.488566	10.727862	10.893694	11.940398	18.580645	9.169281	16.259098	13.235964	9.510652	8.790849	7.750709	8.347949	18.592352	16.243069	12.271093	4.462105	18.724915	4.793643	13.977562	19.559692	14.146077	5.752784	7.351876	17.839744	13.562754	7.300279	6.633947	15.445815	8.398271	10.822666	8.769740	19.649202	10.839501	13.072883	19.830095	20.118650	7.540980	18.884952	17.989844	12.708804	5.022488	15.246023	13.643843	9.622557	9.692400	16.034376	8.200121	13.638056	9.010511	16.673782	10.529341	14.221484	14.736960	7.267295	20.078553	7.465132	5.528785	17.725006	7.235274	8.202889	9.538323	10.766649	16.470512	7.784810	11.908385	16.777028	7.991937	4.780996	13.080647	5.178861	7.679495	7.124978	12.749547	13.436174	6.927960	8.378834	8.743938	15.753178	11.321429	7.367363	19.102055	9.206022	11.325675	7.542944	18.942501	16.020434	14.758534	4.770625	16.360443	6.064922	15.504036	13.414521	8.014515	14.577782	11.919107	9.704302	6.795288	8.253191	7.290089	11.357403	4.544530	14.384155	7.076306	11.592885	18.435761	5.170615	6.384585	13.446076	19.077926	16.917861	17.787802	5.848449	19.662747	13.885826	13.056315	18.206429	5.635241	11.533323	16.783708	10.541786	6.348973	9.119441	4.577017	13.910569	16.150701	11.341354	14.356557	19.667880	18.053764	11.832933	11.002992	15.994722	6.047109	18.947605	8.077401	16.461697	4.993758	9.888231
20.098915	17.385673	13.183997	10.370513	4.882498	19.346569	15.083732	18.077555	5.575894	10.812778	10.941656	9.021270	18.522675	6.724193	4.690742	18.662521	13.238772	8.104927	16.311078	9.264421	16.384601	19.784843	12.138247	19.318202	6.684707	4.576909	14.100191	10.612466	6.871379	16.432745	10.555927	7.765070	18.667233	7.673827	13.986296	20.001936	20.109361	5.735117	4.313485	18.041979	18.276162	4.508519	15.637330	14.921376	11.378201	15.461541	8.594760	10.376055	6.426393	8.839255	5.913342	6.481865	18.689321	13.511302	7.046327	4.692809	10.004171	5.857889	4.477485	9.983407	9.200075	19.500798	15.594417	9.330163	18.023342	20.179436	14.362064	19.135686	4.804781	16.721616	15.539178	13.853978	12.014634	12.196774	18.418799	12.498551	16.601680	12.312344	6.159694	6.241775	15.332791	12.682091	9.221918	8.085168	17.710671	18.161517	12.518253	11.469270	13.931989	18.818088	17.966479	16.195320	15.282511	14.147169	19.915520	15.095398	18.652659	5.074467	19.852855	10.141382	16.563466	10.835815	10.600290	6.384470	18.041042	19.992216	11.089891	10.834708	16.921871	18.196578	4.442967	7.741229	17.658330	6.192964	18.422129	5.982244	12.539482	17.061631	19.260164	18.214174	10.250458	5.976421	5.149979	11.888759	16.194659	19.044314	14.323544	19.072531	18.174720	9.170740	6.533763	11.585411	7.621274	12.285367	12.058557	19.603779	13.534943	16.754035	13.761491	19.156445	4.521272	5.582294	12.043914	16.530316	14.837399	17.171214	16.288734	4.729590	6.838075	7.099182	5.519067	16.631457
17.183254	18.569778	17.115436	16.407138	7.762788	9.797288	13.606952	10.068802	5.199824	9.494035	10.217949	12.845086	12.602372	5.133241	5.027055	8.642035	7.964787	19.176663	5.668791	9.210891	5.068917	10.548567	6.840266	17.017418	5.660652	4.356449	5.194191	18.153914	11.278723	9.874843	10.763825	18.865254	7.726837	6.489132	10.338799	9.918466	8.625128	11.655835	4.982073	8.068620	13.606196	5.102942	8.667780	4.128791	17.523682	6.338004	11.585029	5.571444	15.192282	18.449580	7.112217	20.060899	15.479768	11.859555	10.573272	17.389450	17.072881	10.594518	18.169197	18.984376	12.760728	10.678752	17.359236	19.333420	12.793328	20.133806	5.867227	10.857375	6.015187	15.476148	19.848082	6.979327	14.027122	8.792596	13.736698	8.291685	14.496436	10.609024	19.724987	5.097869	11.485813	15.420431	15.379448	4.862171	7.316701	19.874988	19.643896	9.506822	13.105211	16.905327	11.301340	4.353947	11.686556	15.856630	9.685838	18.935533	7.116379	11.139855	5.440527	17.601709	19.849808	10.790152	10.906069	11.329230	14.245942	5.165250	16.341544	5.400973	6.831872	19.063709	17.987356	4.253293	4.421506	18.878388	10.072577	14.506725	8.717996	9.722614	4.497391	8.194447	7.831384	18.625972	7.905663	5.584181	17.982557	19.587575	11.155282	7.082397	7.546284	5.704870	18.069455	17.356084	10.674485	19.919823	9.843177	10.487603	5.632048	13.917302	14.765486	15.237621	10.393016	12.003326	8.876915	18.304915	8.608678	7.947982	5.113035	4.501078	6.954256	19.353361	8.727936	16.587692
6.182123	4.111574	14.593245	9.995006	16.040698	7.511578	18.259696	10.412065	7.468219	6.523714	7.758423	10.392958	11.040543	16.161828	10.907051	13.754421	6.145356	8.461480	13.484440	18.667897	6.253247	7.086772	8.242408	16.405638	13.270121	10.081693	7.390612	7.949481	7.252347	13.104092	4.437231	11.916313	19.472720	19.011874	11.804251	5.030259	10.639909	15.582353	9.059723	17.966035	14.761369	14.806659	18.182187	16.925583	16.014999	12.484184	13.393043	5.252376	4.541259	8.245437	10.827877	8.927153	17.905483	11.481533	6.994961	9.548950	18.716369	17.745697	18.064830	16.895314	9.988177	12.128530	11.229042	12.144123	16.964225	14.648125	17.820183	8.957355	10.498390	8.555063	16.189671	13.683695	7.947879	11.351733	10.006162	16.139612	19.325300	9.832028	6.962643	13.998988	19.615882	10.178295	17.592359	15.854012	14.650574	14.996738	6.029630	15.767774	11.037761	13.528628	11.077646	5.090631	10.266242	19.106985	20.097640	5.104089	15.448403	10.034029	15.882225	7.555092	5.624584	6.784040	8.938046	12.258980	11.549830	11.852654	12.067189	7.107834	19.882260	11.427298	10.046108	6.006908	8.652435	13.938722	14.803821	4.049679	19.138665	14.704368	15.153486	10.937314	17.654163	7.123930	7.926173	7.742428	16.337265	8.937267	13.843667	4.831387	13.419810	8.717553	8.924441	16.580574	11.134448	5.876480	8.925577	20.019637	8.739759	5.479225	15.352996	5.364431	15.023198	7.592292	4.655567	6.969371	4.338393	9.262475	9.632305	18.056203	10.259874	11.947088	17.703059	9.083383
9.623383	19.864200	4.723305	12.423307	20.054197	10.931886	11.589621	10.443272	9.311025	18.274731	12.566406	13.408445	7.560742	7.230800	15.994423	11.086526	5.345345	16.305644	4.879701	12.010673	12.502069	9.750712	8.244819	6.258150	14.930687	11.073343	7.962365	5.188424	9.992002	7.986557	15.586058	15.366402	18.544983	15.258974	10.565058	9.001636	15.846481	18.621126	16.837333	11.927923	14.794143	13.586621	4.315812	6.390231	12.128131	13.571174	19.690751	14.664788	5.995831	5.792818	13.907330	18.078204	20.083305	7.937768	12.003663	12.035614	4.157850	15.724848	14.386907	18.365790	19.366953	4.756787	19.450014	7.105503	12.802231	7.746152	14.893750	18.947566	19.907980	8.393167	14.781048	17.147205	9.028074	12.083756	9.373105	7.509422	8.827627	9.787746	12.671020	18.693968	5.435576	8.652553	9.384629	6.754039	14.984873	19.546349	11.474328	13.790613	13.116448	12.624057	5.344405	17.806767	17.022970	12.058290	17.677603	18.489383	10.008475	6.639021	14.916484	15.835638	7.581715	13.884014	4.087381	19.789642	7.011100	15.556275	18.339611	7.170979	11.301097	9.618841	19.626519	11.359338	13.429708	15.137347	10.570221	11.983669	12.432304	15.082840	16.976458	12.083702	6.509773	9.002394	19.983230	12.825567	15.308826	11.911141	17.279138	18.446102	14.296519	4.415047	13.162744	18.665140	18.979105	6.505265	20.085473	19.625608	10.663640	14.188950	18.031622	6.900634	5.832519	8.399144	6.905255	8.771100	17.026850	17.943278	15.474312	19.829508	6.730878	4.796768	15.112502	6.145113
16.732451	15.636232	14.789767	16.300144	10.945019	11.296195	10.026293	15.886106	15.936523	15.914869	17.292856	6.105128	16.944870	4.155114	11.273829	19.325609	5.729066	8.249356	17.796229	18.834658	13.890902	17.060801	7.924280	10.368256	10.696404	8.453059	12.530350	11.821740	4.264281	15.346527	18.103159	17.191191	19.673695	14.432380	19.176788	15.754370	5.740579	15.161067	16.734394	8.219880	18.010740	18.587485	4.409604	9.594535	6.579398	19.795600	16.748684	8.435917	7.757287	6.397553	9.363604	8.025378	8.291943	17.522651	6.321036	20.101479	8.824905	14.734609	6.784687	13.779207	8.619052	16.445918	17.946707	13.962395	19.247999	18.034059	18.890653	9.022513	14.609493	7.375131	6.717086	15.212246	14.399855	13.866768	10.692810	8.259391	9.072602	18.133726	11.788352	5.584532	9.279979	11.851044	15.669522	10.899665	8.948840	5.794082	18.543479	16.322091	8.818015	4.384520	5.124959	6.160953	10.559432	9.276236	19.064785	9.163479	4.639706	16.884428	18.474997	17.372244	6.027826	13.546548	19.072855	11.304767	12.392372	10.204049	4.883998	7.652944	8.744719	11.276443	7.367577	17.716432	6.939178	11.444527	15.309599	10.333222	7.979685	12.924010	10.194341	14.286473	8.122447	17.523185	15.482810	12.284583	16.677741	18.777554	18.870148	4.586930	18.915805	14.894067	18.496059	7.426975	9.911984	6.105273	4.972786	5.777178	16.341676	18.072725	5.122242	17.030033	15.895283	20.049103	10.902087	14.808344	12.541664	11.403436	12.097651	7.413802	19.628291	9.471928	18.146907	9.009878
9.321757	14.144504	6.192677	6.524401	19.708718	8.832696	15.621351	5.305454	5.450897	9.094089	15.207526	13.018023	17.430372	11.378390	17.295425	10.577861	13.412086	19.501565	7.840259	13.782278	12.657260	4.802352	19.651789	9.505409	13.552616	15.991612	8.018894	13.517631	13.039290	4.436462	17.174656	5.682905	4.980415	18.496415	16.416088	8.858657	5.616582	16.787919	9.786633	4.164709	7.062548	6.322644	16.307621	14.262296	14.677544	6.662241	17.478116	4.452169	12.076050	18.963463	17.921223	8.405996	4.832243	12.893575	7.108263	5.352062	19.940274	15.975898	14.858773	14.412503	14.330602	19.934964	10.852597	4.916460	10.583124	5.857361	6.893647	16.447589	7.855000	7.525909	10.133066	10.493207	17.932515	15.394560	10.927901	18.166700	11.372273	19.872506	4.290282	16.481716	5.005050	5.100381	6.676245	9.514308	5.639928	5.495398	16.177579	14.641438	4.696662	9.859861	7.227644	9.412636	5.241514	17.524630	7.852649	18.078572	7.781915	4.917135	18.037180	12.944098	5.788775	6.719572	9.163373	16.981980	15.258687	5.166694	16.151779	10.481066	13.770800	8.438403	17.981270	19.694546	18.247580	16.313293	13.538917	9.021713	13.820872	4.155599	9.434486	8.147408	13.853738	9.110056	8.108052	6.188549	13.435169	16.094295	6.086271	7.055906	17.751240	18.865097	17.580141	12.212956	12.720635	5.163191	6.286586	5.177529	6.520225	16.014665	12.243972	17.719193	19.822930	10.410489	18.190178	4.347137	4.567647	4.920525	14.494143	16.692477	6.450608	19.589239	5.823198	9.831334
9.722165	10.847751	19.711356	5.354521	13.808444	6.441603	19.896710	10.493069	5.617455	10.697908	16.616986	9.347224	13.171013	16.848924	15.941648	17.710658	14.990174	5.328400	18.264828	16.134621	14.987967	19.033058	10.118899	11.204276	16.395132	16.402057	5.475312	17.623942	18.040635	10.324809	18.574697	8.010878	12.045494	11.192217	19.650852	11.397385	18.897568	18.665735	16.142553	16.512577	8.539324	9.390851	4.386693	15.792135	7.308620	14.211181	8.528795	8.709031	17.046469	8.676369	11.174029	13.841769	18.173717	4.829754	8.102723	8.427728	17.554869	17.416262	17.207242	17.312584	11.610112	15.868680	19.473400	20.013056	4.548257	18.643386	18.045940	9.673108	13.576940	4.119901	5.558112	9.950479	10.873658	7.865302	11.512557	18.323160	10.047194	9.442098	9.635502	7.357988	6.634950	4.875623	14.590651	10.024105	18.965028	10.925902	13.834244	15.720919	11.845970	11.929282	6.155457	7.864704	10.843192	10.359686	20.087070	5.617519	11.906035	7.994318	19.918608	13.534949	17.053191	13.479106	13.573649	13.919878	5.736961	11.579992	6.537082	8.755815	13.628418	9.496251	4.626070	4.489206	8.349501	10.284470	16.079047	17.475616	6.438173	7.401054	12.440211	10.695750	18.819364	11.731411	10.021244	8.550483	5.340399	11.017427	9.123616	5.922637	7.201673	4.193937	12.175860	6.130897	4.316852	14.573804	12.527993	16.324555	6.719186	12.370654	16.063133	16.296375	11.735832	4.105150	15.807417	10.336618	11.220229	8.525699	11.032245	7.885242	16.268776	10.325466	9.328113	16.329248
20.037114	9.312368	6.010767	10.598631	16.507986	18.935896	4.225147	18.289440	4.316788	18.429379	7.514175	9.017140	19.934907	4.930057	16.321432	19.745843	19.832568	9.144333	5.058368	10.896468	7.267474	18.708873	12.454649	19.304841	16.955029	11.206085	17.382112	9.232265	9.435560	15.157267	15.508209	11.502940	10.514576	8.258744	16.841829	17.082867	19.398667	6.808986	9.228366	9.114864	12.248482	10.086565	13.809590	17.430920	18.118340	6.036239	16.680485	12.232260	13.682483	4.401515	14.679154	19.537606	7.730831	14.729236	19.365782	7.691939	14.465195	17.762677	5.784880	5.803583	11.970846	8.556197	18.456214	19.034494	6.190675	8.018923	8.359235	5.720332	18.345240	10.681013	15.352882	6.077678	6.734723	13.009871	4.693291	6.585546	10.717923	18.949430	11.204241	4.290546	4.617676	15.962013	9.125859	7.175819	15.656368	10.015042	14.548794	12.383091	6.368511	4.386988	6.321654	13.841394	4.675942	4.595201	7.082900	8.132859	9.639440	15.257438	11.685144	11.743610	11.420657	19.135656	12.366587	17.627926	17.830540	7.065404	14.422021	7.271214	9.599258	4.976427	10.695507	5.021691	14.528527	13.801348	6.183992	5.211130	17.062370	20.056953	7.015702	12.291517	9.561517	11.614241	12.548259	13.755406	13.139676	9.890486	14.006567	5.169378	4.347626	18.658755	10.422426	5.164287	12.855526	17.843207	18.249609	8.839714	7.324555	19.220049	5.640142	7.536504	18.779244	4.110537	4.755027	12.249624	17.098960	9.168183	12.223886	8.379423	16.515048	5.103720	14.032277	4.471584
9.465652	10.601712	5.115776	19.225079	11.918741	19.489737	9.971460	7.010324	5.970629	12.786832	5.273100	19.463712	8.128482	11.676084	6.326182	15.621379	7.319735	11.658313	14.875461	8.413390	17.678172	14.915818	7.437520	6.311124	11.206313	20.179613	12.681357	12.341184	15.046089	16.595404	8.627016	15.914020	9.072210	5.711862	8.800127	18.227472	15.892417	12.173711	7.496092	8.181948	15.642868	8.680736	8.952604	9.454413	6.723511	19.909912	6.940963	12.306178	17.239871	6.794665	17.625785	6.973279	12.117701	18.962131	5.198860	19.987957	11.829540	12.525650	18.471992	19.573110	13.541028	11.372026	13.181112	4.146033	14.934188	10.597414	17.602860	18.173174	5.132033	8.396067	17.230234	19.994609	5.257368	16.912350	7.839928	8.757733	19.736712	10.592073	11.668508	17.151494	10.924855	16.630032	15.492632	5.671880	19.679890	17.187136	5.098151	6.519161	10.934281	7.673943	9.250284	6.220724	10.671242	17.327514	9.564810	9.671453	17.070665	6.440661	11.072117	10.594235	15.227254	17.599992	19.733226	8.498465	15.982273	11.395800	13.968419	18.689710	12.624299	16.749239	16.370485	20.102614	11.040786	5.270178	19.628394	12.489102	9.409465	17.583609	7.259126	15.132841	11.905182	8.848754	16.942605	7.557306	5.076575	18.024252	8.803698	19.921036	7.931315	5.300979	6.732279	18.597687	5.240432	4.797608	7.919351	5.450295	17.977386	6.909495	6.902047	7.500663	12.429555	19.257593	15.695425	7.644918	17.007806	17.644785	8.843954	13.537546	15.843945	14.179681	9.461579	9.265168
4.378263	8.735706	6.286317	14.516445	11.153359	6.787616	18.854087	9.628075	9.055383	8.836724	10.450205	6.675541	14.444805	7.369922	16.349611	9.774501	14.285279	11.145202	13.044813	8.456869	7.992946	6.178806	8.650818	9.437237	6.531840	16.816060	16.577938	7.642549	8.305955	17.303112	17.549245	5.808564	16.680663	7.071844	9.199103	19.223820	14.698221	9.495787	7.210844	8.094440	8.998763	9.567926	10.045399	14.720041	13.076834	14.274393	18.327843	10.103286	5.672121	10.820345	8.419702	11.632488	11.810686	5.632979	7.876137	16.146387	10.226949	6.014459	11.144179	6.677897	5.519940	6.425368	14.551859	15.863818	19.886711	16.321563	11.519565	11.209963	11.876970	10.302439	17.912687	13.329097	13.148569	15.484490	8.790694	10.948268	5.688187	15.372855	15.764150	17.138839	13.851754	18.997135	19.824605	6.509664	10.911741	20.058982	7.751817	17.396814	18.277233	13.987195	19.495213	10.516732	17.468196	10.488288	19.268658	5.516868	14.391752	15.694575	7.712509	13.999753	14.066107	6.615256	13.969770	6.471255	20.006112	5.329154	20.147614	11.017557	18.621458	15.378915	14.418457	18.542780	4.652557	18.470629	8.055456	5.470055	19.406732	8.608826	12.957409	15.257686	17.143288	9.579187	5.865097	6.924634	5.331703	19.710394	16.186804	19.480116	15.757341	9.046258	6.829916	16.969444	19.640048	11.194993	10.261786	17.533943	14.030697	16.147803	15.506978	13.488336	16.739805	12.125045	20.170122	8.090151	15.516698	18.209457	12.577825	4.842770	8.039531	15.820098	16.536980	12.954102
4.714081	16.321575	18.285867	10.529522	15.229199	14.348032	13.427923	11.172938	20.051866	13.101030	17.916800	8.971012	12.114610	6.636999	16.419490	14.027881	13.900751	13.430080	12.254679	6.981621	19.157944	17.905930	14.481686	4.140247	5.015945	11.757832	10.598021	13.009838	10.918179	13.698320	16.675556	18.629553	5.233344	17.613518	18.090598	9.533356	15.238956	17.028011	17.020675	10.979796	13.168092	15.430202	4.136193	16.657201	17.097744	14.696334	5.021068	10.051153	15.670298	19.510990	15.370762	7.368647	17.763182	13.930687	5.770563	11.303585	16.155203	14.698252	18.377616	17.104982	7.734074	5.254088	5.587117	12.240794	12.085550	7.372185	18.700737	16.915944	16.557512	12.363579	16.551352	13.101261	19.690731	17.706722	14.546979	19.378136	4.254485	19.298264	15.500448	12.816208	17.516626	7.813747	18.159541	5.604219	15.906134	6.897525	20.023772	17.749686	16.477784	11.552156	8.492148	15.876033	16.193995	16.383384	4.194831	9.944050	13.485945	12.489327	10.613365	11.998282	6.609001	5.576639	18.091972	17.188692	4.121452	18.194484	10.687012	18.635664	8.554680	20.111594	18.737563	18.187296	18.891231	17.865230	15.299112	9.354497	16.892917	7.681248	5.567695	8.217092	6.411593	9.597150	4.814899	18.517985	12.512977	8.145390	6.650397	10.142248	5.319989	10.451193	15.482221	5.937963	16.692368	4.497694	14.433767	6.345415	10.898465	7.285413	9.345438	12.067052	6.154918	12.370790	13.820962	5.846100	12.222804	9.043453	6.541579	17.613212	8.614004	4.261162	4.669425	6.883021
18.571828	4.749058	4.515850	12.600683	7.897647	18.450754	18.797331	18.861512	15.368356	19.510909	6.942011	4.288258	4.640437	17.773753	5.784212	9.865346	7.844835	12.701734	6.492863	11.617352	4.741585	4.135295	16.423480	8.471534	20.001475	13.011130	9.982132	8.272169	6.122961	17.349512	9.824306	7.766927	10.931635	11.143439	11.406493	10.229434	11.401161	15.517136	18.487096	12.038415	16.090072	4.901731	5.081614	17.695664	14.869940	11.248424	14.854818	17.779986	18.135759	18.068003	13.119595	9.137500	17.699021	15.211402	10.607450	12.732659	12.277328	11.643232	16.599921	7.937495	19.694051	14.123613	16.735169	14.282271	6.712853	5.202532	18.008251	14.891199	8.724441	10.242018	10.290895	19.607766	16.504879	12.435737	14.438479	14.137349	16.166281	8.714835	6.635477	8.075076	8.491269	5.017461	5.361744	16.314038	9.713684	10.220905	5.393538	15.283282	15.018050	7.207925	14.074579	13.577552	16.510401	6.848901	12.514606	19.820025	17.453893	7.965407	11.832685	8.117300	15.763688	19.059898	12.106138	8.406425	8.441673	4.522100	18.342856	9.212402	18.660121	16.911654	19.659049	16.979744	18.596828	18.968580	17.524346	16.399445	15.767297	17.078272	7.504697	12.798159	7.407417	20.036972	9.078978	5.602693	11.849498	18.780021	6.080918	7.954749	13.629288	16.991106	18.814270	9.278084	13.491091	6.951403	18.604985	12.326777	11.366807	5.594977	12.015926	12.920991	5.255089	16.648150	4.707470	17.369382	6.488052	7.953408	19.980118	14.120413	12.631235	4.376890	17.259210	6.024299
19.187515	14.981299	4.196100	14.924580	9.187597	4.870917	6.612976	19.683786	9.988485	17.671604	10.453279	18.600993	8.829115	6.238791	7.336141	19.825350	16.300715	17.352702	16.774276	6.835766	12.599196	10.674505	10.608955	15.256553	13.720865	9.604509	10.539827	11.427891	18.912715	18.645778	15.265515	17.252545	15.068922	14.483033	8.165807	6.190545	18.893481	17.493974	10.220063	10.008190	15.033803	6.771151	7.037663	5.720895	7.985236	14.044673	11.353662	19.006998	14.805785	14.598930	13.223913	11.746005	13.566789	19.559215	17.856067	16.513724	10.102091	17.810617	12.239351	10.903950	6.501199	4.086499	11.108045	4.803929	12.664431	7.113668	5.767608	9.268546	16.349031	19.345498	12.730490	8.394194	10.833200	9.944583	16.218373	8.444693	12.959040	5.193788	18.259129	9.008050	12.035107	16.430583	9.628625	9.666185	9.371876	5.556687	13.472008	10.546732	15.597906	17.233602	16.385288	8.580912	10.747799	15.082325	7.824886	17.473646	10.924141	5.179519	19.842793	13.729026	17.927776	18.458128	10.754269	5.784084	13.470385	18.177772	15.869406	12.570874	18.920598	14.859247	11.701863	16.458254	11.156671	11.082614	9.998645	15.544736	11.212877	19.800996	15.971678	15.643881	12.119667	9.016452	6.557641	14.079832	13.611815	8.175035	16.451188	15.006077	5.206383	8.759148	10.029082	11.643406	4.877418	15.912532	11.910310	9.010558	9.676320	18.205747	15.029785	6.632526	7.656989	5.840856	9.958316	16.210334	10.571634	18.067594	10.723486	4.106606	19.790329	15.810183	15.955984	4.926749
15.436426	16.460086	10.133940	10.266734	8.811405	11.659682	5.921461	4.414640	16.334952	15.692314	5.617840	5.981849	14.317594	7.456481	7.042780	13.569657	16.833038	5.595611	10.977988	6.674723	15.210667	19.021517	15.880649	8.534865	6.108227	12.134751	6.548619	18.232299	5.231796	11.965039	10.765420	10.659209	5.154999	14.229629	8.023915	5.906385	16.221280	10.104091	10.822193	18.268561	19.231698	7.630561	17.383995	4.331120	4.340172	10.132167	4.650844	17.161648	8.869046	15.908450	5.106200	11.596445	14.501009	15.626066	17.251130	19.436431	4.478228	9.333482	13.205261	19.576644	9.719817	4.817204	11.187190	4.153199	19.445553	12.392491	7.703185	12.775944	18.658686	12.518127	9.006132	15.487128	13.224615	6.227645	19.249992	13.038217	7.807367	15.922667	5.848357	16.961226	5.788716	5.641727	13.075611	17.434397	13.901880	12.567691	10.482755	13.058393	10.159231	5.423897	18.370630	9.502888	15.813013	16.418748	18.167192	18.349981	14.556187	4.808878	18.305932	12.286656	14.948267	4.728739	19.344754	11.620362	11.887252	12.486996	14.410623	10.184174	11.969188	7.784077	10.646822	18.017721	16.292835	10.655783	13.082791	13.701896	4.624320	11.977952	12.774559	19.981986	13.710027	13.627995	14.898900	18.396529	18.308458	7.223321	12.601966	13.683529	15.220598	17.007132	9.709924	16.738297	5.214452	17.627757	7.543738	5.995993	18.848508	14.999950	10.234683	13.592313	12.800127	10.024672	17.923482	7.913976	17.237025	12.701377	17.489463	15.080370	4.698503	14.061081	4.696453	13.069076
17.269542	16.976911	13.788091	10.975422	6.430795	9.579996	10.296290	8.732404	9.148113	11.947345	10.244926	12.541579	17.506084	12.710354	18.447798	8.900902	10.819805	13.450792	11.848103	11.849971	4.395749	7.333117	19.761185	4.975304	18.489658	8.352766	8.061078	7.652719	17.083114	7.126759	19.199952	12.228558	19.117698	8.660337	15.936050	9.122549	7.067718	18.503784	17.880209	19.592611	11.968107	15.323321	15.279067	12.864764	13.210467	5.308021	12.568108	8.960586	11.589515	4.259468	14.001142	4.910904	4.949383	19.983880	10.070130	17.268327	8.888384	14.452216	19.719549	14.997770	8.728834	19.611711	12.741673	11.128396	14.845029	6.161260	11.964956	17.178920	18.748535	14.796698	13.487742	10.873504	9.120380	7.813622	7.270156	14.815578	6.604122	11.462249	5.583124	9.518063	5.247721	17.456593	8.827381	16.600936	18.810458	9.658790	8.069850	9.414870	17.863689	15.476626	18.954595	4.575096	12.429865	11.814767	11.537887	19.919689	11.898880	18.368216	6.079757	7.824034	6.558960	6.453640	8.626699	9.155123	14.028241	8.984674	14.136170	17.470510	8.400964	10.815193	4.529087	11.502237	5.147377	13.606080	10.539975	6.059642	6.795240	16.708132	13.170822	6.206912	16.543315	15.518699	5.660498	19.563867	15.731925	14.249047	15.823361	18.585581	6.681753	10.684629	14.574820	7.242883	6.357000	7.458248	11.819678	18.050884	17.747895	18.957746	16.831220	6.907968	13.965107	12.187720	18.020336	8.172837	4.480152	13.228958	16.847983	8.931979	16.582869	17.462897	5.192283	16.408019
19.541166	4.817394	14.507965	18.728222	9.611384	17.287815	4.795828	20.007912	11.701992	10.457227	19.540280	15.377694	10.742932	17.667577	19.142173	9.442637	8.031166	5.035250	4.700127	4.878073	15.151872	18.808525	5.262756	10.133137	10.428854	16.944831	19.813506	6.348786	9.186525	12.549415	18.863407	9.918131	9.557319	13.646100	7.968889	10.191300	7.340137	10.290828	4.831170	8.818780	19.523424	4.733939	6.094505	12.219677	10.801940	12.698337	11.080855	17.416474	15.886679	9.187001	12.657653	16.556889	4.494433	12.927609	4.770458	4.861739	10.358434	14.792362	13.438428	7.157271	14.896467	19.079834	5.601354	4.977447	5.964700	6.744068	13.916917	9.323803	10.459721	19.708349	18.505775	5.754121	8.996494	6.182750	16.955489	10.688758	11.644466	13.944948	17.318763	4.060039	16.422449	8.609714	10.724615	4.328628	5.486774	7.972617	19.722858	7.876850	4.897429	18.356257	8.818181	17.625910	15.866442	6.959412	7.379653	6.522435	14.377005	19.796176	11.960928	10.053496	19.940248	13.506814	9.795670	13.850779	10.229333	17.805766	11.032277	7.448974	18.249994	10.640545	8.518624	7.261028	10.270089	9.525573	4.263497	9.157626	15.943329	16.199210	18.033163	19.265717	14.019466	4.868648	7.059726	16.453533	9.949280	18.679658	18.447530	17.623791	5.152316	19.475111	4.894523	10.839871	9.094712	8.638287	19.024653	17.844632	17.141011	13.093536	18.814281	6.724455	4.794400	18.396058	14.474145	9.786973	19.418470	4.715629	5.783355	16.890118	5.407290	7.458420	16.320253	11.676266
6.762347	10.944939	8.792330	11.126601	16.994153	19.437606	15.996364	14.535505	12.174709	6.315529	14.487920	14.043413	15.647790	9.526352	4.695478	7.723276	12.236301	11.273141	5.630584	13.762270	16.855936	19.472096	19.215643	14.251558	4.773384	9.996057	18.753811	14.599803	6.109425	4.855792	17.054305	7.303260	9.728448	9.330692	6.456624	16.376228	13.610328	12.161772	17.497822	6.914701	5.096389	18.007513	19.743902	7.548649	17.530340	13.621418	4.779989	18.821094	18.849090	5.136204	12.072179	5.636270	7.232805	13.873034	17.213814	14.283879	12.741225	7.043830	16.751694	9.434443	11.093130	15.083062	11.623298	5.835695	7.379102	14.895434	13.296390	14.143337	14.712619	14.197379	5.985192	19.902772	5.941599	16.687502	10.067525	11.725924	18.046767	15.275712	11.950475	10.011393	11.149896	5.421088	4.663340	16.499312	8.496040	4.232740	8.500858	11.324858	4.438659	14.385624	4.470556	5.463588	11.910354	9.339329	5.263073	7.776110	14.394153	13.943947	19.784888	8.703054	10.937814	12.099899	16.930320	16.168678	17.425458	17.296098	7.323433	9.603019	15.813547	5.700230	18.619925	14.879504	6.838719	8.892938	5.719186	14.874553	9.430015	17.967648	19.004600	6.123816	10.635163	16.139152	14.981348	11.775162	11.821654	19.578329	14.685931	18.747469	5.607641	9.641831	16.684811	14.039068	5.604489	4.228914	12.181243	15.007746	10.524981	19.192679	11.886357	18.498151	6.686377	17.365224	8.538703	19.757346	5.974512	16.192384	6.142257	13.132405	16.409125	11.797196	11.994762	5.322498
15.753725	11.567060	11.753807	6.656821	12.580463	16.367959	16.695232	10.242059	12.933777	17.295002	18.689340	4.853086	20.121313	6.544489	17.890276	15.168628	8.329983	19.583521	11.151742	7.717707	12.617945	19.274372	15.816586	5.486393	10.449203	19.685253	5.650764	11.991885	6.795178	20.089873	14.174012	13.132549	10.747090	13.093063	7.035736	11.677405	15.602635	11.705955	18.013931	7.337722	12.559446	6.522039	7.460732	13.337853	10.333982	18.373017	19.405880	14.504106	15.631770	15.496005	14.501459	7.015094	17.488091	13.772866	16.912983	14.260029	9.372872	4.166193	5.747411	8.591660	5.741804	13.568527	14.435321	16.211116	15.630246	13.089682	11.489207	19.937052	7.220179	9.363023	19.827591	5.644708	14.238846	17.171610	7.076820	16.972942	17.742521	5.513799	14.519131	4.712259	20.147709	6.177221	15.752357	5.170656	19.027985	12.550111	17.550643	5.322299	12.455951	14.627117	17.939643	19.310482	12.905338	20.168122	9.722227	10.147346	9.176487	15.049202	8.967645	14.341785	18.345021	9.030517	20.017847	16.677311	18.812573	10.705245	16.233290	10.646747	14.110637	8.075238	19.045175	6.122558	8.716314	13.094348	11.023220	17.873202	5.482245	6.560673	8.799704	11.758747	13.067575	13.564857	6.502571	19.362200	5.529306	19.721746	9.462496	19.053415	11.157539	8.466089	11.468072	14.703734	17.799147	6.401344	7.286929	19.958782	16.272666	14.715868	5.214479	13.362716	4.784506	4.552402	16.132833	14.882311	11.408679	15.748118	14.582140	15.145084	7.594928	9.719968	14.270315	8.364229
16.507004	6.308563	8.386403	9.037111	9.613794	6.283478	19.032633	8.591567	7.580962	7.551381	6.708513	9.075816	13.005940	7.382656	12.996254	19.506510	12.347547	15.990610	8.380762	18.449359	8.153697	9.543990	4.804048	18.135212	17.524777	4.157881	7.091895	6.516814	11.567438	7.380020	13.611808	17.479716	12.423221	13.782915	6.426274	9.315681	6.427378	12.524353	6.345870	5.644442	15.349165	8.828993	17.872981	15.214322	11.914850	7.633026	17.412463	15.945478	10.169644	18.468568	13.632776	19.552773	9.901032	19.863265	16.601485	17.230206	10.808785	9.521196	6.817012	11.972382	16.819708	15.700524	16.778335	14.017970	8.866497	8.745227	16.027563	13.773852	7.231905	16.694796	5.666403	12.258072	6.364326	18.602524	6.336769	7.154796	17.827279	4.569655	5.208572	10.393552	15.440400	17.402670	10.655119	14.345781	18.055548	9.655736	4.708689	9.654796	12.092136	10.458264	8.012282	6.011720	6.603122	6.421036	9.271564	8.794425	4.487943	7.423770	16.115121	11.859478	20.119427	12.899447	17.128900	18.594939	12.866661	17.311546	12.000712	13.731547	19.718231	17.313506	8.674963	15.165160	7.581423	4.788728	14.655717	19.125447	14.258903	17.423212	8.177532	12.560466	18.947833	12.149962	5.589328	5.152282	10.907889	11.754947	15.144278	10.893703	13.104639	7.511444	6.286782	16.839508	9.715308	18.708121	6.302047	10.693884	6.763322	13.285660	6.248125	13.885254	7.223382	16.209687	12.174818	6.053812	12.943455	19.056803	7.875683	6.582608	7.506266	14.341023	14.385512	20.085301
7.907394	9.196601	19.848294	8.970325	7.948759	13.159678	16.011520	6.034490	14.595878	12.284772	10.982805	10.997821	15.734335	14.447576	13.292711	13.595986	16.458836	15.555425	16.064133	14.969409	15.019650	17.619208	8.163625	13.328839	12.688522	16.346601	13.197408	17.214527	8.700462	19.839469	8.973255	12.505682	14.739668	13.886349	10.590902	8.251174	9.761672	6.196264	15.384386	5.205688	15.864627	4.857600	9.816101	7.862738	17.793595	6.489622	8.423798	12.498893	16.389614	14.590851	16.353637	13.385190	19.899654	7.528650	20.136142	10.180147	7.792932	7.588418	6.667440	14.409002	13.845504	6.358150	19.266054	13.305865	4.666933	14.562577	4.383311	12.888392	20.046005	7.812423	13.982036	19.654038	7.116045	11.363359	15.103505	16.556651	14.736686	12.706541	14.296657	5.667752	12.211958	7.127346	6.148236	5.309160	6.429942	15.322885	4.469471	7.326861	15.480562	6.823706	7.445490	15.492535	4.939602	16.523753	13.805178	13.242513	7.704702	12.634051	13.102084	5.553194	10.746544	18.920105	18.835181	14.583110	16.940741	16.297266	14.923539	4.289297	15.737438	15.422039	15.441360	8.955680	17.709383	17.279353	19.950688	13.007753	13.863311	16.638433	12.094350	5.875790	15.505759	12.814144	9.753457	12.062177	16.583670	10.158372	9.358391	8.604339	5.737593	13.806163	7.119771	10.294558	5.455199	7.805459	11.281468	19.691908	13.150436	8.614791	5.721736	5.562090	5.826094	17.614040	11.722059	14.843551	17.204611	17.927029	10.541544	13.560323	16.077192	15.364056	6.663925	7.558257
9.130477	6.797632	13.319310	10.564714	4.557041	9.704536	4.103953	14.612378	19.506907	7.661492	5.522838	8.009028	4.139252	5.714503	18.351279	17.567039	4.130520	14.824778	8.396769	6.312004	16.652579	13.066911	15.559440	16.120341	14.177395	4.626797	18.846960	15.471409	9.298769	8.785649	4.043482	16.981262	9.813620	13.822534	16.827612	4.338771	7.950703	14.632048	8.484187	18.967652	6.729147	18.872382	15.737541	12.145308	11.671907	15.474203	20.029338	17.915825	15.303754	4.790459	4.700333	12.038298	11.655593	20.024183	12.193217	5.851465	10.555636	13.365614	12.420860	10.863557	6.736069	4.952517	14.184410	11.323558	8.286298	10.870280	19.111952	16.150803	15.034243	19.505076	12.096467	9.236503	6.031661	4.717232	6.780874	16.303282	13.565666	10.597523	14.384084	17.852601	20.135002	9.480607	7.951500	12.516312	11.067990	15.748260	15.950505	7.434724	8.220581	17.985136	8.853886	17.139485	12.542294	10.958740	16.057670	11.086110	4.064892	15.585819	9.085660	10.366873	14.319508	18.869124	8.920439	13.869968	5.788100	14.152798	16.289376	19.632393	7.137466	10.567788	18.565199	19.723408	18.255935	15.062767	16.971200	17.808880	13.964892	13.689476	9.046340	11.897433	19.924184	14.219065	6.039792	8.492955	16.214635	14.134179	11.396218	16.476271	15.601794	15.912350	8.600065	18.892087	9.300791	11.450448	10.985635	17.548907	17.414909	10.837336	5.220824	20.172524	15.221142	15.571033	6.392118	13.937730	19.460131	14.662413	8.738165	4.669937	11.527518	8.977542	8.696554	14.702673
15.639912	7.406282	7.795247	8.080000	10.161401	19.731409	7.470439	6.154719	7.635158	15.043867	9.095438	15.887641	9.484596	13.935220	7.497939	15.817895	4.980350	10.619826	16.581327	8.774034	14.500892	4.982358	10.339493	4.479669	6.940296	8.374478	17.592117	5.681758	15.136996	4.882021	9.316356	8.775453	7.676942	18.269264	19.959984	12.591284	8.125082	13.613658	16.857229	6.685859	20.069945	10.908312	13.323584	15.925757	8.335984	16.231282	4.508186	11.442631	13.015516	8.750146	4.402484	12.655726	15.784026	5.915169	16.260832	18.490936	9.215840	19.058343	6.161897	16.782854	14.492983	15.713210	17.358708	5.747380	12.666800	15.856310	5.411144	12.846401	18.772805	7.830815	19.654900	14.400372	15.289641	18.398298	7.825533	12.471082	16.876173	8.738451	7.708608	5.121258	11.562309	4.899674	12.461167	14.165023	4.561587	19.068751	10.599756	12.452689	15.157435	13.351610	13.589757	13.815643	19.735216	18.263303	7.503195	4.274712	9.510433	9.041853	12.781412	15.736036	11.232733	18.495743	6.523059	8.601612	15.393995	8.344575	13.043634	17.230355	12.443295	15.225877	5.338655	9.286951	7.784649	10.869169	4.131215	7.585737	15.429767	17.006397	9.121873	9.278331	12.095346	4.513813	10.089364	9.743541	17.922954	12.913827	13.284695	9.038628	4.404140	14.626695	7.910632	11.274058	15.420958	4.926972	16.225003	11.233815	12.824756	15.762906	11.000905	19.839920	4.716295	10.592047	18.933879	12.169728	14.338378	12.799703	4.733195	7.129434	11.648436	15.729693	19.589675	17.278154
18.355648	19.247994	6.705091	17.686622	16.635908	18.985856	16.911358	5.506881	11.806517	5.577331	5.335792	6.938367	20.056973	20.104333	11.833037	17.345312	14.968592	4.649149	16.967470	4.966357	15.690943	8.639781	12.149020	4.858994	10.346016	7.413532	12.254102	8.615424	16.920147	7.317536	6.877156	5.712485	9.274595	16.993576	8.162537	13.339318	7.885871	9.067007	11.911712	8.556928	8.094153	15.642038	16.264934	17.389294	7.508545	6.892146	16.373557	19.494850	11.233861	17.892431	8.563381	11.289126	14.364033	14.684090	9.469656	16.936402	8.123638	10.158975	10.150142	7.084635	16.753476	14.585611	5.887925	10.333983	19.485123	7.107383	7.006018	15.234949	4.093648	16.327109	13.109302	6.218348	6.748736	9.389826	16.983370	10.396870	16.275062	9.375479	19.727083	19.059159	5.188730	17.231377	16.142582	14.185669	4.580404	19.550346	11.244122	10.744583	18.995509	14.249504	19.673744	5.306059	10.379441	6.575325	6.149756	12.519276	11.126091	10.281010	17.946483	20.119024	8.547480	18.938125	16.548022	6.130498	5.254765	15.806639	12.960817	4.893011	16.683836	19.687956	13.993582	11.867088	8.796842	14.034565	6.342399	9.808554	9.197612	14.727600	5.846142	6.308783	6.409575	16.556940	18.471937	11.639688	17.591197	18.733992	5.508561	18.757504	12.868028	9.532150	16.883217	10.316669	12.028939	17.441978	10.351173	15.113192	6.952382	5.685756	15.904335	8.792294	10.841182	5.010753	10.285712	5.481875	12.316773	10.006890	18.538797	7.758871	19.836077	4.824373	8.194658	19.903874
10.663981	19.725036	5.263016	7.325043	18.060609	17.210690	12.252184	13.987964	10.944237	9.445188	15.897362	5.765913	10.676452	5.161094	14.188003	16.808959	13.398061	5.247353	17.784911	14.289168	12.727263	11.587766	15.019908	15.848981	13.007049	10.944349	7.214748	17.415924	5.329537	9.736139	5.080655	5.221073	18.458417	4.964100	6.761475	6.644272	17.577686	7.029040	10.299059	19.137892	17.395993	7.485196	4.433892	7.011339	6.738533	4.090109	6.630386	6.822474	5.935515	8.889435	13.534139	8.206988	18.926778	11.200588	14.046401	11.289578	16.764428	11.244704	6.342891	8.746184	12.776188	16.427001	14.603938	17.451746	17.716712	16.809698	8.933004	6.534440	9.706697	18.082235	5.491730	11.129519	14.765808	5.115911	9.434117	6.973471	17.224810	14.825264	8.525347	9.604949	17.751640	6.348664	16.650408	6.074850	4.160539	4.333023	17.883292	10.416661	4.754384	15.110366	8.222346	18.577130	10.155129	17.549148	13.678272	5.514585	16.625454	5.194154	5.516712	13.920481	8.423717	12.226296	13.330774	12.655586	11.788122	8.966421	12.724255	6.660839	9.170146	13.204044	12.543706	16.326276	7.942040	15.370048	4.264327	5.356674	10.055185	7.186980	9.806110	18.912240	12.543268	11.105450	12.322869	18.296544	8.410285	18.247318	18.490301	19.487495	8.866666	15.428307	5.369363	19.280019	17.715085	7.665885	19.735048	10.002214	11.950241	4.596857	13.945047	10.625271	17.302454	5.484260	9.207214	16.448794	15.488908	12.712844	16.049335	19.439532	8.253964	5.597876	17.268228	5.526357
17.686044	9.780602	20.113935	15.011865	7.068921	4.973158	7.140559	14.980012	16.318841	17.326445	17.721613	5.028763	16.948715	16.120835	5.015750	7.231353	12.298142	4.128280	14.120170	18.886292	8.150572	4.846905	17.669870	14.038593	5.947484	7.142129	8.364571	19.111558	4.713657	5.485912	10.438933	12.474633	18.345861	18.813586	8.977105	16.002198	18.807693	4.929939	14.427479	5.397239	9.254588	7.026494	16.877348	4.705022	12.392690	12.598179	9.988675	16.656490	16.429377	8.718255	18.066507	16.387753	8.344211	9.717765	5.581852	5.335010	15.648871	13.131055	11.551693	19.905206	11.624882	15.969128	10.985720	9.751519	13.482886	16.368318	5.609680	16.331039	15.461670	10.727038	9.619437	14.508902	19.943399	16.472359	8.508363	13.812580	13.347101	14.677878	10.038575	7.800213	8.647364	10.551268	14.482526	4.771354	18.717381	15.019051	4.105118	16.490758	18.720368	4.424229	8.935596	11.432323	5.289071	10.689209	17.931993	15.445887	13.868985	11.233683	6.048290	19.481694	19.178039	4.327019	10.239577	14.854026	9.462707	12.171856	5.102971	8.372150	14.620676	17.019956	18.581960	9.816829	16.047316	5.523665	12.261805	14.744817	7.503286	9.838389	19.015920	5.646854	7.122801	6.204333	16.650664	18.808160	19.045112	15.018004	13.566301	12.586126	15.986563	6.943628	5.828435	6.872195	11.799950	12.854820	13.943464	6.932274	8.175480	16.562664	15.727907	9.572205	19.106331	14.459322	15.487878	11.998899	17.443378	14.662426	13.179198	14.554136	9.281860	15.922963	17.924161	18.015753
18.050784	6.124116	5.987240	9.345639	5.087310	19.747619	11.977591	11.643441	10.594959	13.089963	7.752321	12.112518	19.637450	19.181645	17.753408	8.659144	10.794436	9.009039	19.493033	16.494716	17.126553	8.171620	4.439567	11.551061	13.879329	18.906688	17.730522	11.224040	8.231994	18.467859	19.679858	15.704401	17.898701	7.210725	8.526637	4.259090	19.374658	6.260793	19.690428	6.649326	19.792936	10.291724	15.166729	17.019114	16.738430	18.556720	8.790715	18.549461	17.331090	16.510380	11.370147	6.764773	8.545768	8.185402	19.730837	4.977411	16.139137	15.658482	13.640804	16.438040	15.932581	6.912880	10.447682	4.624680	16.092955	11.562839	18.396085	9.685376	19.936940	4.051986	4.779638	5.160924	5.640522	13.560995	10.404269	16.511030	16.237244	19.515700	13.519319	8.689510	6.059337	15.664983	4.519137	19.849436	19.418027	16.280555	8.357863	17.613031	14.768425	13.379031	11.474810	14.055097	14.007770	17.725658	17.796251	5.261130	5.591116	9.817983	5.347959	16.080581	8.605124	5.310791	20.013458	5.178308	11.434090	18.008057	14.168709	11.310368	19.161926	8.058428	18.744313	14.175378	11.570997	8.270032	17.294780	9.731662	12.156019	4.609089	15.327361	15.771488	13.120397	13.914425	10.952024	5.368274	4.247225	10.056579	13.887993	20.001452	5.056724	10.771883	20.031764	10.307005	17.529816	6.434421	9.409913	9.977132	11.305084	9.993179	10.418534	14.365305	15.732046	13.824473	12.699707	11.206962	16.627701	19.457111	6.352961	18.251717	19.915922	18.706191	11.029779	8.016063
18.385252	17.843541	15.280078	11.788716	6.072519	14.602438	7.740469	16.290307	5.459796	17.862534	11.423147	16.037958	14.735937	15.246756	4.284178	4.665510	10.818073	15.238741	10.695176	19.843675	19.912907	10.389570	18.740201	13.911316	4.613460	19.386377	11.177548	14.938887	17.885115	7.770546	11.286153	6.361646	18.807640	7.336049	15.044081	10.343888	6.795295	12.143959	19.169837	11.868848	10.923462	4.788291	14.062097	19.753508	16.540551	15.404198	15.536315	9.258880	4.350175	12.273202	14.236773	14.818488	18.334426	14.049959	7.956175	6.968043	15.546921	16.861886	13.642931	14.583802	4.146162	17.449822	6.749888	6.816762	20.159903	8.196661	11.044305	17.363642	4.431832	5.003051	4.590888	8.048390	10.012786	18.355164	8.819459	9.171037	13.323965	10.401179	5.650192	7.466224	5.948868	10.793734	19.189822	18.161406	12.987411	10.808815	8.733810	4.197906	9.864709	13.303086	11.055495	10.069339	12.707059	14.488129	5.131859	18.162205	19.086385	16.213668	19.795484	16.739549	5.173413	17.218880	13.432247	4.282612	17.354604	5.521799	19.253796	9.396896	14.755599	14.793950	15.224945	17.724487	5.231289	6.925979	17.870615	10.535623	12.802138	4.480315	5.369624	12.891106	11.255564	9.559743	4.067913	18.108970	18.068454	15.029091	12.245011	18.845247	12.347460	16.594923	15.467062	13.494067	4.227377	4.330199	14.687790	10.302178	8.911859	19.327731	20.039318	17.108586	8.612764	7.293905	5.052528	20.030356	4.155585	15.700028	9.906713	4.978267	19.709976	6.365176	19.461003	18.853695
17.787869	13.843218	11.078151	19.357758	9.930398	6.899214	7.625947	8.902413	15.690220	15.448447	11.737529	16.303803	16.570733	19.608604	16.065338	12.553885	17.943195	19.922378	17.580528	10.455719	15.324160	19.800511	16.316916	10.705937	14.035924	10.912178	6.361890	12.591628	11.817430	5.529635	8.384699	16.578412	8.332676	12.010563	18.972858	9.879616	12.834381	13.406812	13.991632	10.210175	14.363126	4.244067	10.221376	17.426619	15.124546	19.228756	12.817035	12.681549	17.298434	5.017408	5.670091	17.546930	7.906303	13.572731	6.311861	13.565188	9.107980	5.908454	9.323829	14.670139	11.555557	13.918935	5.350921	8.698137	5.082904	8.199522	12.371644	5.142911	5.185627	14.865405	15.592370	10.480261	17.400692	6.125831	12.213377	4.529180	20.151225	13.930904	9.391013	13.321563	7.491182	16.073873	11.526224	11.292683	9.272593	9.720824	7.501677	5.886883	9.835035	19.053283	19.624151	12.481479	11.864085	12.065042	8.951811	6.152482	16.312838	4.495804	18.226908	10.042238	12.712526	14.131748	8.866280	9.075599	19.289498	8.061027	16.468325	15.024978	10.022990	12.149308	11.233151	9.388472	18.958894	10.094204	9.262023	4.384088	9.589475	6.588463	15.938352	17.188853	4.900380	19.120597	16.369676	7.489729	11.866227	4.331349	13.609097	15.075655	7.825886	13.633630	13.150489	8.015771	7.878981	10.189441	19.638456	11.852664	16.688764	14.937963	15.990747	5.116779	18.166142	8.868181	13.726457	7.984080	15.599621	12.923698	10.681764	6.531703	8.473438	16.494194	17.469253	7.141611
8.925012	9.991617	11.911841	8.285531	17.884738	6.634983	16.251800	6.793920	8.184316	17.578257	12.093445	18.470538	15.907134	17.965679	16.695084	8.179578	9.138327	10.337878	13.504044	16.166984	17.691135	11.977447	11.500485	9.578002	9.187717	14.520520	11.298271	14.732620	19.254626	11.647084	10.868481	4.350511	19.788887	8.040819	4.486179	17.597890	16.121028	11.181500	10.770963	19.005408	16.569593	19.672171	5.209992	6.122916	18.976893	8.273332	8.060458	17.032630	18.543916	19.570202	8.367856	12.372551	5.107631	12.626256	15.350646	5.059540	4.836639	12.784539	6.264242	12.698952	11.963379	19.236283	14.781052	10.780430	18.229213	6.433248	4.936551	16.746118	7.543543	10.526961	14.250520	10.091921	12.104757	15.574907	7.283178	9.049359	14.842539	19.072915	13.188967	16.678827	15.665120	12.511010	4.402875	6.813022	7.368941	5.816151	17.418393	7.875592	10.380889	10.500173	17.491664	7.108929	5.691686	10.931022	8.462339	10.746129	8.103509	8.533363	5.936931	4.427541	7.770895	13.784832	4.984151	15.953673	6.948748	20.088272	7.284702	15.063910	16.374241	5.229352	10.941757	15.006876	7.169093	9.511380	11.647555	5.540796	6.948570	9.568300	6.809865	9.108761	9.104245	4.931256	9.614376	14.483964	5.941231	11.120666	14.192137	17.049432	12.079490	18.702460	13.383507	6.930920	15.740706	11.828188	6.930157	13.904010	18.061990	14.252675	9.112593	9.822766	5.351838	9.337731	17.805261	8.516920	19.679263	12.157129	10.019327	6.245199	9.154443	18.350515	5.630613	19.749941
8.819313	11.409866	7.105169	5.727889	11.756548	5.051874	11.503917	12.112164	16.032637	19.516034	18.611766	9.196277	11.558746	13.169281	5.690018	10.687731	11.302904	4.849735	9.705901	7.020366	19.113475	13.158052	12.773958	10.112983	13.878332	13.241134	15.831873	19.010243	8.058793	10.575572	12.277997	12.451378	6.217982	7.870465	8.205303	12.219182	16.706655	12.949186	13.265192	11.368244	4.067202	4.724672	16.359273	10.526971	14.011021	6.109168	14.536113	6.048711	5.801595	11.183360	17.911353	12.514597	11.381106	12.159450	19.301246	8.199784	6.241380	18.457207	4.303979	10.047592	13.506085	18.487748	17.688878	16.587050	4.129818	8.094643	5.371513	14.068923	4.568498	19.189266	6.782394	10.936601	11.464634	6.689083	10.625037	12.452636	16.517810	18.122694	17.616963	19.632893	10.560980	7.354236	4.677431	12.424993	12.946118	11.056038	13.215339	12.140949	8.682578	5.084551	5.026702	18.705288	9.765048	16.320035	16.962329	17.033299	10.293657	18.238585	11.032864	17.264005	17.087292	5.023694	5.489458	7.799351	16.121766	5.050535	17.170426	17.721038	7.536185	14.829141	14.699211	17.487708	8.323348	4.282946	17.212982	15.194260	14.579629	19.135120	12.305364	11.574155	12.591784	10.258803	17.195824	19.820949	5.507645	15.493384	5.085157	6.076277	15.495877	5.178130	8.645053	14.799471	17.135351	8.483753	6.897412	7.518113	8.781288	5.133539	4.283824	14.531755	19.436041	9.666628	5.137971	16.376094	12.891914	19.854505	17.055731	17.072662	8.356670	9.955854	19.742854	13.214609
11.807321	12.979319	8.543743	12.119342	15.475725	6.647230	20.065316	16.581797	8.073499	6.873973	19.264664	12.348819	16.766506	8.077273	15.381540	13.661706	14.851543	16.064249	14.991374	11.536650	19.454397	10.112099	14.878436	10.253551	18.975387	6.081815	7.969562	16.594858	11.633987	17.533472	8.264932	14.204973	10.888308	13.031286	18.460443	12.398067	16.383495	8.813103	18.727233	19.538631	18.700901	11.651199	14.111244	9.684461	8.751464	18.682098	16.617185	19.747225	4.261499	18.848740	17.666689	13.680039	16.722116	12.042273	8.433576	11.758013	6.272857	13.685576	9.750474	10.531052	10.075468	12.813514	12.058727	19.928921	6.546620	16.359557	8.627357	6.547298	19.247450	16.778202	10.367020	12.856316	8.801119	8.148517	15.859119	12.730809	11.428101	12.638186	4.132444	12.421184	13.124074	11.654852	17.763882	12.599114	5.550255	19.965050	9.820088	10.488548	18.677358	19.061262	15.577650	18.367046	19.697536	5.299717	10.875260	17.845460	10.958033	17.721327	6.785876	19.753062	10.038702	5.488462	6.822446	8.682410	13.651567	7.090188	8.745499	4.514051	8.480387	18.562402	8.526503	8.850687	9.106197	8.424762	16.755616	9.518928	13.555565	9.088526	11.144723	4.262848	9.916733	12.676850	10.907178	4.796612	17.896695	4.848677	10.696693	6.664794	19.744709	10.709854	5.559941	6.776092	4.975440	8.492113	19.966157	7.121322	5.923883	18.891824	6.481393	12.052258	15.776459	10.534206	16.520320	6.219137	11.393418	20.021446	18.490566	14.224349	12.551000	16.036993	8.595449	16.809301
13.990022	10.017408	15.173816	9.676912	8.178527	12.284152	18.281097	9.205935	9.869990	18.055651	5.180913	7.814256	11.157076	18.639806	15.032969	7.584454	14.641271	11.305965	10.470114	13.579297	5.026761	9.878283	14.331231	17.109638	19.687054	12.147692	10.577053	17.198836	9.218572	4.136281	11.996067	13.755741	13.611307	10.451815	17.514295	6.261149	17.760776	13.061684	8.414362	10.415791	12.754636	6.697299	17.936054	12.525967	12.295652	4.358666	12.500057	13.109588	7.871202	16.350489	18.891982	13.537784	9.215575	17.521416	8.776580	19.367825	13.029335	18.497055	18.987006	12.685457	18.952325	16.247815	19.258108	11.592392	10.825258	11.328456	9.667819	8.821772	7.167804	4.040099	6.363329	18.372567	15.239385	20.121292	14.545405	14.400095	13.528480	18.647966	14.119705	5.155984	6.160439	17.083946	9.107988	5.378666	5.732567	8.420295	14.294815	13.712418	17.938632	7.058010	5.365059	6.269257	15.985955	4.397142	11.682377	7.623619	8.501690	13.870321	7.703933	7.822360	12.862466	12.452799	4.531994	12.612378	17.344627	15.188809	5.474045	5.840943	15.875147	6.490912	5.289362	18.236867	7.692555	10.319470	16.872260	17.600787	16.025418	4.994776	12.787766	5.201607	14.220965	10.316511	5.914884	10.310191	4.868505	16.427349	8.809259	17.975869	9.969289	8.552107	8.113849	6.143518	17.590953	10.786605	18.475246	6.028934	15.335579	18.543252	14.801588	15.099606	19.067203	12.566338	9.423336	19.946296	13.633715	18.327588	15.883178	8.153955	17.204612	4.404605	7.991658	10.119903
8.597505	5.608481	10.174268	9.022018	17.114071	5.313768	7.552486	16.831802	17.198864	11.093402	18.330024	14.988884	14.242877	12.471420	15.581026	5.380266	9.945332	16.444839	13.347065	5.911105	14.785297	11.311562	12.121485	16.858219	7.234101	10.915732	6.077915	16.987013	6.919891	12.945839	16.072718	10.932164	6.618311	17.754932	17.588791	7.530695	11.203692	7.788150	9.008055	14.502383	8.614738	8.928347	14.416699	7.493297	18.756804	14.962411	10.997084	13.909819	6.861230	17.405185	20.067461	5.219242	12.498184	5.357180	13.888593	4.223335	5.901178	14.617793	6.321868	7.200686	6.845324	16.747894	12.397751	9.990631	11.819585	9.000406	15.330967	19.836698	11.323200	17.337865	17.730663	19.740218	19.310540	15.186704	13.542013	5.667712	5.757486	5.119757	17.744293	9.469940	16.124447	9.164388	6.529665	11.826064	11.095155	5.643027	20.139972	5.933925	12.191867	11.658933	13.112273	11.229405	8.007117	20.146097	11.483342	17.209974	9.627938	11.674189	5.277632	9.269504	16.255109	6.224937	10.237248	5.971993	5.693861	7.773537	15.576491	19.127783	6.144899	11.544640	17.509945	6.102843	12.972517	9.881298	17.913087	19.863507	4.640392	11.257825	5.783971	18.114312	9.071471	8.270167	10.108812	6.623611	20.127096	18.451342	15.323251	13.307187	9.570083	8.966647	16.632583	12.368383	11.113346	16.997561	17.433049	13.752739	18.849787	7.286026	9.683748	7.480681	5.343303	5.392530	8.990956	6.834606	15.289510	18.659483	10.983318	9.252509	19.763270	9.907422	4.447525	19.244398
12.618788	5.413087	9.539932	9.207003	7.720561	14.881111	6.464009	14.372035	8.953675	4.590942	19.839438	14.951722	16.595272	4.880998	18.766116	7.388219	7.043600	18.147770	11.269719	6.940904	16.000159	10.493734	4.943944	17.869239	12.302387	7.708695	4.875563	4.065484	12.364789	11.516222	15.746770	7.115216	10.280347	19.834277	13.378221	9.384208	11.078728	12.299897	13.014029	18.402120	16.128418	10.663401	10.589066	5.206847	6.113150	11.981897	8.802426	18.301452	4.431702	11.079964	4.483574	6.524869	4.859684	20.055958	12.277678	4.693578	10.675547	17.538135	5.800019	17.397221	8.644828	12.550767	11.797291	16.893512	6.881891	9.286758	11.505761	6.120808	12.840925	7.048870	7.867139	4.506513	5.353743	10.259279	16.300877	11.301879	4.272851	12.908120	17.474573	4.280628	16.032026	19.526030	14.714057	5.179569	6.482481	14.090554	9.641851	16.476889	6.859344	17.892232	15.593852	19.648839	11.086181	15.310065	7.387107	11.234075	19.586994	13.916160	12.643550	16.272729	12.435467	5.028824	4.521366	15.377734	12.853801	7.927371	19.036251	8.344553	11.551163	5.011353	9.828338	7.639919	16.978697	16.166920	11.357303	4.071356	7.239967	14.810154	10.546741	13.512133	9.357585	16.348584	9.815160	7.506149	7.015919	9.568847	6.462962	11.974957	6.824347	15.335453	5.151075	10.090423	19.379396	15.341092	13.516314	9.439994	18.195493	11.459524	14.527685	16.575061	8.166743	6.731304	4.344990	18.666507	5.960674	5.913866	6.770217	17.407923	8.050583	9.852135	11.213353	7.947959
11.646668	8.912407	13.044763	6.349855	5.922201	13.065789	4.321948	9.321666	8.845144	7.090111	9.271622	14.965072	7.889867	20.145367	9.550317	9.655896	4.509419	14.903242	8.938013	19.743119	8.985797	8.002594	10.683361	17.520354	18.776409	12.870056	7.702442	12.762314	12.058339	13.416031	8.745022	6.529592	12.849220	12.712856	13.816173	8.326485	4.404576	13.435509	20.153952	9.429094	17.187782	14.114975	4.298798	14.617277	13.685883	12.279366	14.937148	17.999012	13.619312	10.428069	5.353698	5.784801	14.098365	5.428404	14.969706	5.719094	4.633047	13.935099	15.642177	15.262969	4.395613	7.783043	4.933129	17.406538	11.418944	8.071225	12.176715	5.505592	11.103439	8.868678	4.720879	5.322648	8.241785	12.919874	9.282435	11.978972	5.354993	18.559122	7.910163	8.847806	19.323097	6.271347	19.305778	12.205327	6.206787	13.848808	15.165958	5.987725	11.467701	14.307466	15.190486	12.145446	13.541124	6.574873	17.350128	10.129669	11.156689	10.489116	15.503034	7.384756	18.217145	11.975364	8.432414	16.370341	11.434595	17.515035	16.718570	9.057434	7.842499	17.391362	20.018352	11.335793	11.076620	14.155709	9.900497	11.132292	8.850332	19.182123	14.242557	14.825315	13.266176	11.279506	18.839844	18.245701	8.242741	13.388682	8.677519	13.653487	4.625642	16.258880	14.808129	14.792031	13.307629	16.373277	18.751696	18.028064	15.660854	13.875326	8.964684	15.417184	14.392352	18.961571	7.101825	9.386398	4.817888	11.694267	5.828601	6.722525	11.485066	16.320493	15.416486	17.840602
18.712343	13.411925	9.427271	4.564718	17.252815	16.142508	17.227187	13.124225	17.279692	14.695641	11.273803	16.409345	16.712157	4.676158	14.464576	4.855976	11.932800	19.453978	8.795698	8.405630	17.656342	16.389025	16.672379	15.395378	18.145965	15.974586	4.720182	16.589206	18.045310	7.690049	16.858441	13.305918	7.665213	16.488110	6.540362	6.581548	11.067009	7.363797	7.989588	16.399283	8.841172	15.103166	14.607528	5.256757	12.355712	11.163652	7.304476	13.362647	7.666032	14.949926	19.148336	12.698387	19.871820	5.265817	16.302630	16.540239	12.671596	17.387610	13.781039	17.085439	15.151339	14.806286	13.529499	17.392301	18.142931	10.220232	12.598329	17.429056	4.394403	9.510222	8.022762	16.439427	4.316290	16.178576	19.635425	18.960349	9.829372	12.522440	9.843201	14.252947	4.691569	12.764248	14.239715	4.847164	13.169561	12.657990	7.804450	12.898530	6.437744	6.317460	16.975565	9.686934	12.082283	15.965324	15.165347	4.524773	15.852598	15.960240	7.590535	17.206226	11.114139	8.933537	13.807132	13.140107	6.641570	17.440919	12.257300	9.936881	11.641106	17.630623	17.445555	15.452161	6.458821	6.568270	17.861562	12.671140	12.356738	11.419668	7.934197	17.947432	19.405784	8.629972	12.525960	8.633537	18.747910	16.681287	12.301192	18.565678	15.555591	15.602661	5.006738	5.450153	16.527464	4.739405	11.411013	12.078998	20.105247	17.811213	12.740774	18.907867	7.681541	9.549588	6.477500	18.164170	13.224193	9.355066	15.155137	16.098743	6.883991	19.559797	9.219255	15.350349
12.126269	18.413863	9.952275	13.095152	6.107487	18.364572	8.333316	6.538858	18.179260	18.421735	10.942273	5.469262	14.339839	16.697605	12.088362	10.068457	16.116369	16.536030	4.075223	12.616026	4.814590	6.486403	18.690315	12.392410	9.847735	10.108879	19.592552	13.184501	14.821144	4.501944	19.830723	11.447381	6.874877	17.205604	17.955101	15.599887	12.922791	19.148174	13.792737	12.568333	18.404108	11.652818	20.170222	18.760070	19.465870	11.557574	16.962543	5.310414	11.490036	6.017466	18.324685	13.769751	7.271650	11.888251	8.570565	17.785926	5.385534	15.903156	10.836825	8.130241	10.341090	13.024245	8.097156	7.797399	7.923667	19.563307	5.884406	5.788968	10.542248	13.066870	18.744042	10.331119	11.914078	7.359206	9.063252	7.378488	14.778473	15.575871	17.976337	17.975665	13.094355	7.698631	7.018058	16.515645	9.934411	19.983679	7.723686	19.936626	10.754514	8.044404	12.063404	20.049893	14.773598	12.485843	16.796284	18.482671	10.634286	5.137857	10.670210	17.192721	19.944730	14.097539	9.026201	17.375167	17.389936	16.439193	13.452593	16.953549	19.244660	12.184304	14.779124	13.067762	5.532259	8.888655	8.015695	18.714893	15.997572	11.629700	17.450259	15.227991	6.658422	13.041020	11.956317	4.921930	19.669577	10.651101	10.287513	9.401342	11.854325	11.974885	13.467835	8.977597	17.643433	13.702862	11.372302	5.492976	6.541029	15.650549	18.475438	6.841980	19.890778	19.740325	10.599726	18.241066	10.660487	12.272741	7.932622	17.522410	19.137375	13.227563	10.285484	7.151496
10.371900	4.044709	11.233379	15.289992	11.554990	13.045231	5.728377	10.928313	16.934742	13.798974	9.815472	15.606072	10.756200	4.616972	17.600281	18.298644	17.103473	19.230654	11.865865	8.719186	10.434297	16.819161	13.533567	10.115445	16.678489	13.886872	14.185216	15.559449	8.859752	14.779283	15.421818	11.282706	6.650414	5.970232	16.050478	15.803376	10.080514	14.370944	11.927374	16.871591	9.693033	18.555453	11.708907	14.654061	12.418857	16.391653	15.382067	8.262259	6.979606	13.912668	12.711834	7.000249	4.240001	12.247312	4.382440	19.294938	9.851751	19.711376	14.079577	4.938276	8.585626	14.691320	11.248019	8.348831	19.010326	10.193671	15.112826	8.778702	15.052345	8.759720	13.273952	5.566003	7.559784	17.940895	16.971103	4.677046	6.124064	15.689068	6.636285	10.867279	18.578765	4.758325	9.829519	18.780578	18.260520	18.994952	16.678369	18.581400	7.469397	4.845984	13.244440	12.801202	11.256537	14.151394	7.122537	7.810830	15.618245	12.805818	4.149329	7.988600	15.601736	16.659329	11.415673	9.180744	4.194599	8.810649	18.241642	16.139543	18.681295	15.234852	13.293895	4.275469	12.222846	19.464725	17.505239	16.249746	11.922350	15.698022	12.399171	17.966589	15.193144	8.982264	6.873973	16.668661	19.576832	18.145631	10.391553	5.577020	11.788986	14.005291	9.475526	17.376811	8.760982	8.329783	10.317920	14.000680	17.199542	16.424707	18.358424	19.700802	7.320192	13.018236	12.714026	15.354670	15.706230	17.034285	17.095196	18.582035	4.932459	14.976051	5.901339	13.823578
6.151795	6.397933	8.469737	10.183526	16.648304	11.902356	19.076040	14.379021	19.524811	16.925191	9.945513	11.467332	6.267603	8.556522	14.427870	12.264831	9.917539	8.407479	16.942350	4.653281	13.319915	20.091137	9.668951	12.421762	4.655381	7.160682	20.100169	16.348067	19.234830	12.283619	16.553276	4.565516	4.353595	11.230418	17.432036	18.162453	6.315238	5.232009	8.606829	14.347738	19.056275	9.097919	11.552491	14.612437	9.858629	9.235423	5.731580	9.590462	9.549983	14.811111	11.587321	6.329606	10.755481	4.684636	5.998458	8.737735	5.636486	6.200827	20.022677	12.538705	11.628381	6.092157	4.325151	12.739053	13.625787	19.674465	7.566218	5.371245	14.652334	18.733727	18.651274	19.516020	13.160964	18.319301	5.778114	13.114768	8.725677	9.324032	17.166111	5.875916	15.745598	10.080286	9.302863	6.004969	12.368294	4.188394	8.706672	12.431116	13.189893	8.536419	17.689114	12.109533	20.082453	9.423059	19.359125	12.171127	7.453581	20.178271	9.820104	4.984784	8.669003	11.085768	9.453619	7.765209	13.315657	17.144724	16.095649	5.425246	19.254262	8.206473	12.711262	12.929097	17.116595	4.334762	17.150803	15.997048	12.963595	7.825561	12.198767	19.835425	18.058847	16.200658	13.782218	16.043582	15.950665	15.852777	4.799502	14.278415	5.100550	6.657035	9.588201	12.642574	8.130020	14.584185	19.421084	4.576959	16.668608	10.563030	8.193221	12.570158	18.000547	10.488349	19.520906	15.247646	16.703990	7.532339	15.903356	10.616854	8.122275	19.753047	9.912977	11.804945
20.025069	5.042206	13.379224	17.023440	8.515630	7.649415	11.221265	12.950584	14.237573	11.514076	14.055781	7.898850	9.362433	16.208992	16.426887	17.178114	11.576086	5.460352	18.046780	13.881664	6.806000	8.958306	14.247329	9.816515	7.796760	9.351046	8.845847	13.461308	12.880781	6.728862	10.318512	8.000840	19.045243	10.142290	5.286507	13.659270	16.142765	17.200629	9.214711	9.281274	17.367873	18.971168	13.475177	17.977209	17.690338	16.236645	6.401976	7.556624	13.465431	14.063952	17.141722	12.902854	10.675693	14.592757	10.587751	8.753320	17.519219	10.063192	15.630917	16.561656	6.031234	14.187180	8.213593	18.167739	5.652212	7.857443	9.471614	10.796824	7.198023	6.014770	11.232141	6.657474	9.552869	4.075213	7.998990	5.032101	14.268672	14.120363	19.339257	11.654732	14.507931	11.864135	4.677872	12.627254	13.595630	7.835887	7.577423	15.700834	8.709000	7.819023	13.236098	8.160659	15.071047	7.194853	16.886611	6.746067	18.919595	7.396318	5.467445	14.255265	4.674742	10.773848	17.920793	4.410541	16.543657	19.863906	15.972034	11.199908	13.762256	10.174922	12.021935	12.198717	6.952588	9.856977	6.833151	14.926229	6.095845	19.412776	17.606100	19.816147	10.273094	12.304390	11.960160	18.029531	19.675507	16.989871	19.556482	20.010699	16.699352	8.061697	11.910374	13.404431	15.741185	6.332466	4.427076	8.331131	9.177039	7.690759	20.052202	15.271159	16.653311	10.773029	4.365124	8.767551	9.034180	6.930908	10.886258	20.132652	15.807706	14.996104	11.753219	9.835993
5.969676	19.943373	4.139002	7.816121	16.243232	10.361147	14.270871	15.162451	10.066182	9.329402	14.484524	4.663468	8.733440	5.708937	8.309331	11.043182	18.751053	13.055696	9.930929	16.855610	4.732991	19.718248	17.345591	5.084407	13.131801	10.906907	18.734269	10.766338	19.569027	17.476982	7.626623	5.522434	13.938977	8.401766	4.730787	14.758106	4.229010	17.599993	10.847164	12.034913	12.610060	19.328892	13.761376	16.090881	17.189221	9.799792	13.660972	11.297434	10.173654	9.859406	4.058909	13.668485	19.163632	13.777593	17.525278	17.381641	15.973972	4.575447	4.805708	8.521431	9.972029	6.322308	10.435251	4.402636	18.750918	9.886822	14.126048	5.919462	6.845991	11.550221	12.614729	9.400318	8.670179	12.654834	15.853558	16.101363	17.128483	14.140761	17.949953	13.073060	11.655427	17.728801	11.960910	18.312770	10.050767	7.392349	8.745309	10.002896	19.636486	9.783137	13.235378	9.218478	4.787515	16.690533	17.735143	11.129448	17.153439	15.885746	6.295341	18.814774	16.894258	6.545209	9.827224	5.693836	19.338867	8.528652	8.810094	8.495679	16.376534	17.778268	19.558497	19.397824	5.761916	15.242916	5.686778	18.693069	5.809180	15.144792	8.441532	4.144752	11.979510	9.003824	12.780339	10.635168	10.509039	12.166839	20.087349	19.482583	18.489150	5.285769	7.935119	6.563727	19.132523	5.757595	16.837999	16.164555	17.661137	16.662612	12.328440	10.207686	10.535247	5.057427	7.178206	16.669392	19.059151	9.131822	15.886821	7.916219	16.595919	11.654320	19.633195	19.534567
5.387417	15.195060	8.371746	13.948076	8.571759	14.363063	19.361906	13.583097	17.377470	13.995523	10.978564	14.807119	9.113086	8.229961	5.042070	12.615954	15.664310	7.265477	10.978701	12.883882	4.339796	15.143319	16.508039	10.855188	6.374215	13.328347	19.952756	8.052849	12.147537	8.889135	6.303343	17.286618	9.220409	4.057032	8.035603	6.656380	6.280752	6.834807	18.211401	19.579277	18.120922	13.442727	8.992882	6.680618	19.864367	6.861558	9.926936	8.920483	7.856016	11.422775	12.763184	7.616106	17.530791	7.937305	6.481693	10.859895	7.852874	9.952328	15.874999	8.265035	8.278305	4.541926	5.531968	13.953660	12.609200	19.485114	4.453110	15.833612	5.510802	16.371038	4.052797	4.271197	10.571002	10.369677	16.712581	4.798120	16.298334	8.822624	13.093466	5.159162	16.314658	9.208906	7.048252	4.173935	14.795717	15.045651	19.531870	18.622392	9.863120	19.798788	19.762659	9.615542	18.810867	8.857490	10.714435	16.607073	5.063351	17.821051	13.195076	11.695005	10.584280	9.116185	12.779333	13.261289	10.815565	4.685252	5.157114	4.278077	10.223487	10.488885	9.497561	10.782783	10.039420	8.302939	16.255868	15.891300	4.433794	4.099313	4.623022	12.988082	16.638935	11.294004	18.839860	4.438154	11.975325	13.369482	10.595365	5.910022	6.394678	11.044334	18.045530	10.479512	16.975500	12.549138	7.053802	13.891978	16.521900	14.514223	7.831632	13.558913	5.072978	4.452667	19.131146	12.606610	17.344462	5.204427	7.666656	11.085516	13.592572	17.170880	15.847105	12.621567
16.190484	6.447032	8.746438	4.727893	18.538378	17.271271	15.129672	17.534210	9.655618	11.333360	16.306953	10.084966	13.690939	17.839552	4.790607	8.722063	19.211559	9.815494	6.652149	15.553675	6.956208	13.756793	14.687941	8.131919	6.181240	19.512288	16.151903	8.450342	17.588419	9.722678	13.405517	19.419562	18.996001	18.121834	11.159652	11.905171	12.420458	19.267645	13.133507	19.434788	5.124054	6.023368	10.968639	12.967681	7.501873	17.594954	11.663231	9.816066	7.608975	19.618219	9.047893	13.282426	6.697867	17.417531	19.841767	12.340633	19.188576	8.735529	8.208498	5.858394	17.137712	13.841786	15.005558	20.005022	8.034513	18.867645	10.004198	11.103840	15.351753	15.881904	10.370665	18.008499	7.167043	15.324180	7.548979	15.673323	19.688566	9.494774	17.240943	12.585271	11.281962	15.542477	5.577583	19.870789	19.522125	11.228187	4.922199	10.346593	8.285614	9.312870	9.312045	9.001898	15.739724	7.677198	7.729715	19.819504	13.044176	7.349079	17.725360	13.029474	14.279604	12.332352	17.421742	16.822916	8.510601	13.011798	10.696708	19.715435	18.262511	11.904647	12.264871	15.868469	14.607122	18.839053	15.016912	13.251994	12.757670	18.363721	11.982717	15.089527	13.115948	10.960755	8.195055	17.929196	17.620571	19.324473	8.601110	19.073738	14.211934	14.829106	8.760441	6.022625	8.435812	9.415302	8.758612	18.755848	5.397052	5.988417	9.872103	5.363807	19.364116	11.167656	11.527156	16.207251	13.047774	16.282724	12.574380	18.076565	6.492412	13.303772	15.841067	11.082710
4.138623	6.363795	6.975719	11.692750	15.089998	6.255456	15.266818	13.154065	13.662013	8.770582	16.778070	7.117123	10.241745	5.206124	16.277205	15.904323	14.088687	16.399167	4.678963	7.797301	14.906814	11.112426	19.737559	5.044219	15.581491	14.632367	5.316003	16.334497	12.495381	17.559805	17.446525	4.330846	8.420519	12.433643	19.197854	10.337088	17.495717	7.041560	11.255884	7.401300	15.246045	14.152532	18.855329	13.754005	19.955997	15.097107	12.310789	15.306505	6.580667	18.404396	7.105126	13.403975	7.965167	8.453349	8.831253	8.765452	6.763973	17.282133	12.756796	9.592137	13.051523	10.457310	14.136572	4.568375	19.742852	5.003149	16.053619	16.353727	7.536788	13.195431	8.050239	4.672115	9.057565	14.971606	14.945229	14.185988	5.222620	16.265468	7.734626	4.157523	12.814882	19.208109	6.773756	18.662455	4.608635	18.714100	6.703676	16.599659	11.021354	7.113054	19.880608	8.873406	8.479586	7.082777	18.559222	12.611496	13.645082	7.785853	15.278466	16.048151	8.938650	15.939423	16.690612	7.183131	10.006230	14.774410	18.231012	5.398236	16.281101	19.274028	11.868719	16.564738	19.187806	16.802151	16.702555	7.857768	10.317740	15.922182	19.547685	4.671529	9.526777	14.554586	13.488610	9.702499	14.637287	12.800050	4.757393	14.921753	5.435233	10.773497	11.636428	10.610185	6.119386	16.609692	19.081955	13.152756	7.222700	12.067880	13.966022	14.414886	15.484401	18.502770	11.049648	14.076299	18.911207	15.785317	19.907452	5.837431	15.206588	6.748455	7.959227	6.013774
6.856522	16.706621	19.882096	5.040656	7.076976	4.381356	16.782546	18.888526	12.951620	18.250011	6.524383	17.072297	11.858234	8.955572	16.188886	18.271439	18.099886	15.486017	6.798342	5.981355	16.148503	15.903466	19.178274	6.297142	12.898689	7.556434	8.926435	17.345830	9.904953	9.819274	14.285793	14.877707	4.238036	12.155341	6.426272	18.262863	20.028869	12.752674	9.837181	6.688482	9.531144	4.932165	12.279687	14.272902	7.585371	14.682970	9.596819	14.918574	12.563870	15.110426	14.739409	12.874779	17.380362	15.539499	10.872745	7.548419	17.359863	7.089333	19.443609	7.203450	5.135110	6.964258	18.960834	7.188571	18.615211	18.434415	10.285170	7.798569	12.068075	4.687597	19.876140	13.945378	16.285103	5.747549	10.569299	14.399264	16.973747	17.892555	10.607720	19.141626	13.185255	7.147372	15.691191	8.487648	12.117952	17.590858	10.307687	6.817136	8.836876	9.913334	17.277254	8.013586	12.051219	4.131089	19.171904	13.086795	12.166015	16.906989	11.236596	9.796938	6.764506	5.923410	12.041267	7.289675	10.325274	16.373661	16.937647	12.876379	6.008054	14.392984	9.528375	11.059913	14.433589	4.636177	6.697589	7.209005	17.769575	10.901412	5.467530	6.313900	14.076159	4.662707	11.596247	14.556734	6.092422	9.795829	6.546496	11.943226	6.345677	11.041498	7.105824	10.463706	10.429490	9.424611	14.036850	18.002368	8.891991	10.010544	7.020130	11.758796	18.093846	12.385400	4.503816	13.249158	14.620988	14.857798	17.180012	16.881019	12.871606	5.219394	10.710340	14.964359
13.003934	17.654291	4.343295	18.388126	14.581647	13.586021	5.231917	20.132293	9.904874	12.808270	14.069678	5.827294	17.270935	5.358744	10.759830	13.760858	4.748729	7.110602	16.939289	9.647343	15.609287	12.743910	14.537645	15.918087	6.676313	5.650879	11.041877	9.571712	14.971372	12.912798	18.296542	11.066804	7.987076	19.993124	15.666832	15.369224	10.231371	10.703506	5.300971	18.102480	5.366333	11.086303	16.171570	16.921166	8.116543	4.280552	12.831175	9.600267	17.068314	15.838567	7.610694	4.214015	8.465182	8.287873	14.195568	13.567231	4.200988	8.838416	6.136837	10.177849	13.909116	4.080092	6.333355	17.687769	5.588040	13.674804	5.744073	12.212128	14.238134	17.752991	4.882849	19.876041	19.412068	14.026637	16.809293	15.815640	14.898220	16.989674	14.949689	20.102326	10.280668	15.005825	9.188763	5.452801	11.595146	12.987734	9.498613	11.140911	20.052958	10.224310	17.108287	12.154981	7.492036	19.407399	13.786895	6.959719	10.216511	18.309862	5.309319	6.980463	18.081773	18.985048	17.456845	8.834506	14.538368	19.101236	18.293716	16.648399	4.163139	16.950917	12.862119	9.124000	13.652124	11.789346	11.639130	4.852822	9.388585	15.143578	8.657817	5.389220	12.470722	18.293054	16.869931	10.098122	16.753735	4.613136	16.537623	10.382459	15.078349	15.524344	8.772855	18.266783	11.507196	5.852934	18.052302	5.974799	7.892863	17.255808	12.446103	7.561202	4.354772	5.438777	19.704939	16.505036	8.739765	17.122476	12.221794	17.736442	6.738309	15.730858	16.001841	14.289702
15.369808	14.233117	11.345275	7.593671	6.819193	7.288360	16.120475	7.107498	16.957782	19.125623	9.287504	16.500149	13.282002	6.129816	16.416703	9.092941	6.805809	8.261893	7.694362	12.904781	15.250104	19.934485	16.125188	7.250691	8.314505	11.875984	6.178889	8.816417	11.596199	7.332887	10.569449	6.726309	4.780857	9.036355	12.666611	14.880555	14.926281	6.830936	16.491738	11.361233	17.865037	18.489470	18.566944	12.603362	6.404771	14.690392	18.247085	4.088994	6.082670	14.772474	12.571170	17.307630	19.139307	11.861371	8.249523	17.092885	7.205040	11.637157	11.427535	14.109697	12.084484	9.066537	15.730332	6.012997	9.675850	10.233920	13.730984	7.286428	9.182881	10.352527	6.081280	13.173845	7.451376	9.376512	5.071408	15.826655	14.899654	9.837661	19.966632	18.431121	17.072062	10.211465	10.107627	9.178748	9.866408	19.677713	6.263867	10.928633	10.352812	19.947752	9.681140	12.950997	14.575085	17.435356	18.130596	11.846379	9.940972	11.678400	16.696602	18.178228	9.184358	14.468161	4.310696	18.311517	15.872146	19.030274	9.534419	14.435933	5.882199	9.624017	4.583600	14.640540	5.615902	11.217927	17.332733	15.483233	14.355568	18.649162	12.638838	5.438248	13.835298	10.221684	16.286131	14.685749	7.799703	10.747346	10.508940	8.794470	18.337048	7.098341	19.387414	19.391269	14.170191	19.909121	18.266920	8.022554	7.404832	11.349587	13.195852	17.824432	15.127507	12.141267	14.251758	5.786783	13.986941	6.064699	4.598581	10.859885	12.668969	18.112263	16.045062	8.249560
16.333261	11.757021	7.711312	19.337206	16.370221	4.712582	8.203406	7.419054	19.920082	11.310296	13.781730	4.667284	16.315020	7.341186	17.024516	16.180504	9.003456	10.389905	6.764324	13.421705	16.885880	19.932361	11.875320	14.227550	13.491309	13.023671	15.847918	15.737320	8.547620	18.111100	6.982810	19.901971	5.741944	7.199985	8.354152	9.215523	8.908864	19.547465	6.668692	13.813023	12.108951	11.253896	11.358204	6.957941	7.007533	4.953319	13.485161	9.915276	19.340483	6.665786	7.044132	9.139173	15.685212	14.772599	13.656082	16.188330	18.932320	6.728537	9.634374	4.554072	14.129484	8.024293	19.146784	12.002722	19.882057	11.879644	19.789617	9.052922	4.375208	4.789059	9.330113	19.916067	10.848110	6.459005	18.942027	17.425354	8.731910	18.735836	11.956975	17.740354	8.098623	14.207064	13.680617	5.688238	19.762895	9.122844	12.981737	14.206699	5.114792	8.519646	16.357124	10.519559	13.493365	4.961580	18.702542	18.310140	13.370112	19.895893	19.114375	14.993342	10.049398	15.707655	11.876784	14.949695	8.641475	17.978060	17.224384	4.959710	9.138341	18.339239	17.344771	5.302842	6.706310	18.650548	13.517212	13.005107	14.210174	18.144800	7.780887	6.466977	16.127974	5.440800	5.870150	12.256349	8.423590	13.824549	15.833387	7.317829	15.868713	12.227417	5.707152	14.822331	17.406065	17.791096	5.772474	17.642634	15.955449	9.654058	13.846485	4.121733	7.073191	7.242437	9.441443	8.634551	12.154622	15.890191	15.115073	8.596203	7.485199	11.868120	17.101096	8.912150
11.589066	5.050443	12.908263	16.553733	13.301181	5.455854	17.609298	12.856465	14.637162	10.262229	16.592730	6.270253	11.870452	20.030691	14.991422	17.059084	17.333700	6.138900	13.787100	6.856101	4.860365	9.583673	5.747662	15.605710	18.644973	4.762845	11.578762	6.354387	8.897892	8.509160	5.675116	16.766479	8.258738	15.152333	20.075225	17.057781	11.606939	18.888241	8.976580	14.361450	13.389180	13.496740	7.467286	4.500313	11.559478	16.026677	10.421080	6.387038	14.312597	18.025758	17.793395	7.595938	17.201845	10.590859	11.247806	12.050724	18.105503	17.934082	7.300402	11.067883	10.162834	6.061476	4.360540	19.373019	16.678781	17.925706	15.629942	10.885421	14.997756	19.341078	13.703440	15.193352	10.974991	8.635444	16.992153	13.705783	19.553673	10.224727	13.587864	18.537820	10.021865	19.088725	5.651961	10.852955	19.041659	11.091327	13.549223	5.597312	14.746564	16.922765	5.081633	15.058105	14.230924	11.509020	19.559191	7.068197	5.238204	19.014320	12.546229	19.339567	8.905714	4.544539	4.838051	6.741443	6.807183	16.306052	10.373257	16.392958	6.439127	6.716763	16.440334	15.952700	12.828825	4.067149	8.021569	5.913417	12.208839	7.662530	6.713726	17.572201	17.864650	6.953682	7.107994	7.987588	19.652112	5.769080	13.934650	13.868228	14.118173	6.582080	12.242634	8.992071	18.204999	14.812615	16.853022	16.172061	4.056413	18.330831	7.558799	15.324238	5.015724	18.984974	12.863044	18.691901	7.644975	8.769295	6.540167	14.854526	5.435499	18.897963	12.067848	7.274375
11.003104	4.368420	9.268708	9.810200	10.612309	19.541782	8.362035	10.352421	5.464859	18.591671	7.393676	9.587734	4.858215	15.247749	11.606515	11.231074	14.438041	10.579703	8.683645	6.714275	14.906878	8.238137	7.073396	19.669252	11.177077	11.828932	18.194930	5.392859	4.158248	15.188053	6.690422	12.592844	16.589439	9.721289	15.624399	4.988515	12.781738	4.852236	19.615438	16.046680	15.153879	12.901787	10.439852	4.346100	14.937864	10.531934	17.651130	11.287380	9.780896	19.924508	10.322067	7.276308	7.255346	6.091058	12.552477	8.008269	16.464131	20.147123	10.454051	4.263491	9.432383	19.199537	8.271491	15.760524	8.947226	17.016402	8.764005	18.821395	17.927325	10.282501	8.518541	17.918646	4.527154	9.434804	15.637063	18.590935	9.424056	4.336631	16.654007	14.088332	15.175471	19.056434	9.523811	5.349032	6.091549	12.446418	19.389933	7.855626	17.102304	16.480185	6.254499	17.833679	11.230167	9.204824	6.139999	4.131965	19.149371	16.259748	13.745142	4.387287	10.691834	11.286600	19.537426	7.766947	15.660531	19.255546	11.712924	17.783632	8.505243	10.398082	7.754226	6.098698	17.823147	20.101204	8.013360	16.580444	10.375252	14.260324	12.104333	11.305346	10.304274	10.871640	8.420605	17.455505	5.350646	16.541189	10.615791	15.075943	7.985718	12.109656	11.760974	19.374552	7.820950	10.449477	18.203336	16.224787	10.061993	7.681196	12.256143	15.966533	4.894473	18.270938	8.545042	15.837065	11.883770	9.271052	10.187939	7.016072	15.400470	17.405192	6.696499	10.096034
13.056656	8.363421	7.128944	16.076853	17.209536	12.301167	5.100711	6.020905	7.095163	13.155794	11.851829	17.207150	6.246169	18.609235	12.620966	4.828997	15.789577	6.326918	18.908595	11.605582	11.008106	18.266367	9.574771	15.203649	6.098688	14.060523	6.888570	15.157316	8.668586	12.640730	8.864178	15.144861	15.043103	16.506032	20.089390	4.641459	14.712296	7.118716	10.624132	18.511891	18.864231	16.214868	18.708421	8.656464	15.866571	6.524110	5.384605	13.313938	5.290345	4.502761	6.636358	17.832985	20.101554	19.538232	8.862883	16.481788	19.940531	10.496723	19.601395	11.636624	7.627429	16.200631	16.859202	7.628283	11.106932	16.558419	9.204085	13.176869	10.096665	5.869948	13.569164	12.097203	15.667656	19.286563	17.961160	8.730719	11.936596	14.480961	7.441029	7.720242	15.881748	17.861965	19.613093	19.394308	16.281033	9.097324	17.723606	4.215852	19.557899	17.239495	4.642211	14.057782	12.208763	11.528204	8.279768	11.098358	10.857571	6.027922	14.315241	17.584862	11.395981	5.789527	13.867121	18.400271	11.381374	9.610100	7.257452	13.028464	14.043093	5.432874	13.314581	20.130745	15.950154	16.857142	18.321114	16.342136	7.648111	10.716952	4.618373	19.591853	4.748802	4.715504	11.216933	16.249227	10.115511	9.996755	4.729836	15.548551	8.621270	4.614011	12.311506	16.651913	15.013304	15.686457	5.163614	5.635144	6.822818	6.698128	12.104655	16.909648	6.906880	10.799146	9.755367	7.602049	17.312866	17.085973	19.500822	15.122875	16.362821	9.915232	20.065041	16.218789
6.110731	18.721270	13.417437	12.533445	14.256583	10.767820	14.900640	5.095840	5.441762	19.677950	9.282745	4.342610	4.930053	6.608037	11.068001	6.024463	6.227617	5.868473	6.484215	13.855907	5.197965	9.552416	9.292350	16.918283	20.036513	5.882837	12.582451	17.181265	14.594902	19.875459	17.049392	12.752571	12.934220	14.996162	5.642250	10.268772	12.005470	19.446851	16.891310	7.931878	11.052239	16.342619	17.717529	17.256453	6.996637	19.866485	9.990567	11.030412	8.533058	11.814111	4.445500	12.801220	17.940415	15.494993	11.000542	9.625837	7.802636	14.102693	7.636852	6.759740	8.226940	8.443949	5.295397	13.673597	9.406310	8.674570	7.619078	13.345930	5.558316	6.864757	16.790611	16.547688	16.514308	10.777192	20.093394	10.265592	12.806529	18.172638	5.047008	16.836051	12.240827	7.067524	16.976887	6.779898	19.985864	14.954353	9.127780	7.443431	10.840260	5.077830	14.407208	7.274021	18.295423	5.558272	19.263262	11.119136	20.049880	12.504156	20.071366	7.089198	11.934003	18.261909	4.042167	5.250403	13.549204	9.800076	19.272020	14.580579	19.575647	4.654524	4.696813	17.471377	17.221607	9.874043	16.320123	12.811650	7.287670	12.693343	13.951056	11.393489	19.996490	16.952573	14.067838	16.456915	19.523642	18.901446	9.858513	9.956588	4.551058	20.103493	14.568755	15.457291	7.061135	6.086442	17.650342	8.489500	4.484385	11.415603	6.584189	16.863059	16.853127	14.855466	4.551340	5.323708	12.437387	15.249357	10.245717	13.444031	12.235470	13.906481	9.412704	15.532641
17.942791	16.345158	20.005618	13.684346	11.161382	15.415900	4.225644	7.691726	6.070247	19.227868	11.940730	16.076759	8.633150	11.314147	9.502185	17.047258	13.074680	17.885858	15.465749	4.224241	15.518536	6.776227	7.669848	15.947454	6.296970	17.576516	8.907193	4.884060	8.684565	16.620257	17.803583	10.653880	13.378958	17.964461	11.844635	12.645639	9.389548	10.540897	19.715013	4.675988	8.133407	13.497794	6.949081	14.238873	8.043463	15.257078	17.563709	19.867163	13.863809	11.833425	5.040546	19.270340	15.977694	18.390769	6.104521	19.445185	19.030406	17.587509	14.106739	15.742265	4.138225	19.219928	11.352755	17.353346	12.658615	16.461183	18.370392	19.762809	13.866334	16.200623	8.188844	10.311761	6.054792	19.820371	5.527273	7.870900	4.602519	14.568196	15.974011	20.174912	7.912700	14.323954	5.901074	19.246769	13.813810	16.047692	5.821796	11.548180	12.056011	8.640748	9.550486	7.016840	14.552394	10.652253	12.269660	8.429479	7.905024	18.851602	4.220753	13.926774	7.506124	15.405350	12.442433	7.720445	4.126297	7.824009	18.955797	7.826379	19.454153	13.428732	11.952476	5.840593	5.128307	5.832159	15.850365	18.844231	6.327927	8.810592	4.246549	6.741764	15.879354	18.340032	10.524765	8.136193	5.543131	8.298053	6.529036	14.968742	17.200945	6.054969	14.062320	11.934085	11.267213	10.528851	17.830816	6.141345	5.073126	13.443673	8.097145	15.612991	7.142828	19.510014	11.391206	10.653013	15.973435	11.522873	11.953198	5.296080	12.007403	8.820222	4.590514	16.816236
9.818777	18.025161	5.341639	10.273557	18.790329	13.183672	13.313978	5.586745	13.928599	9.856789	17.739381	7.181007	10.217480	4.248446	9.371473	9.119498	19.217016	16.726388	9.961585	13.063276	18.540634	8.181863	13.799038	9.276164	7.256121	6.805545	11.967935	19.333534	6.970764	7.557260	4.087423	6.261900	10.286279	6.039795	14.991764	17.698963	9.993724	19.182425	7.729996	11.764640	6.726954	6.812185	17.863774	13.309587	5.108280	10.020309	6.639759	15.090646	18.723017	10.178950	11.709764	12.051405	8.631837	14.387721	5.592940	11.126010	9.839577	6.641352	9.598687	10.249504	16.493850	7.345069	11.784376	18.562335	4.589826	12.517236	17.319960	6.264784	16.195099	11.634619	11.593991	13.499659	17.128874	17.044439	14.465343	14.571216	16.692883	17.315067	7.259287	12.204216	9.008296	12.358172	11.722888	12.583049	12.644152	11.207261	18.136757	10.600195	20.091099	19.400243	11.826298	8.214678	16.634671	8.987745	17.308703	15.973996	5.156223	4.047333	4.445104	18.090446	16.476909	8.990292	13.474796	16.786396	6.798281	19.844074	18.372248	8.725362	9.695562	4.451336	14.594165	11.686567	9.967329	19.261802	8.492210	17.471725	12.509585	15.780039	5.590672	17.079011	19.886171	14.129027	9.679427	8.421226	4.225766	6.151647	12.837250	9.055297	15.145291	16.217351	7.197371	4.587639	6.110890	15.079053	6.727830	14.113260	14.164493	14.820011	17.052590	10.939064	8.429921	18.712222	7.387181	6.559140	18.408353	10.110826	11.693173	7.700334	19.199262	14.197077	9.453204	6.559860
17.044454	12.027678	17.847167	9.586826	19.661339	20.011833	14.289101	18.408190	19.897962	11.206040	6.761672	16.867084	15.275139	5.624944	8.182094	11.384147	14.761956	7.721797	14.811340	10.721164	12.148392	11.565004	15.754317	10.848481	11.684947	12.654080	12.884795	19.583103	14.734798	10.454830	18.700805	14.740477	19.972976	14.948573	11.744153	17.283131	11.323456	18.928919	18.260487	16.681985	11.322993	10.222869	12.145411	11.895230	6.578923	19.867760	18.401157	10.309077	10.613970	19.320359	16.349847	18.747891	15.847502	9.161690	8.287957	9.199892	12.545015	18.235332	10.901179	9.386455	12.381786	11.177209	15.983382	4.862167	7.532094	16.676965	16.387384	6.440620	5.082023	7.295490	9.420422	10.362596	5.485989	5.018247	7.619567	8.492259	19.015945	12.993524	4.600227	16.660508	16.277715	9.470261	10.098662	17.915008	14.029422	18.005447	7.245526	13.458373	16.296507	4.336870	19.727451	13.338363	19.476263	19.673782	7.711688	14.184275	7.794454	15.099522	4.834228	15.035977	6.658487	9.088024	13.055238	17.926115	7.833291	17.293266	15.552852	15.376395	14.199532	8.435064	10.992399	10.521498	10.369529	7.687244	11.226820	11.593950	12.446071	10.922883	14.008254	18.914812	4.835359	18.591828	14.953767	19.814156	4.468875	12.125651	9.776570	5.624626	7.799184	6.649460	10.532011	7.809616	12.956907	17.468347	12.771359	19.378952	20.102816	13.189368	7.310817	19.765146	6.324493	9.247497	5.921362	12.646298	5.484813	8.668426	10.650543	11.808099	11.305132	11.976025	4.519028	11.180099
12.084332	10.011001	9.980630	11.471001	14.640450	6.588012	15.942478	17.041402	14.402766	14.599588	15.635214	10.210137	10.913624	12.417933	9.422009	5.794385	16.614835	7.725450	11.201482	12.287852	12.368382	7.794629	18.452452	18.594054	17.983429	9.108893	8.900482	9.408018	12.368633	9.637763	9.213727	10.314031	4.834572	13.072743	20.147415	5.787817	10.977524	5.224163	9.549363	10.014424	19.297455	9.779306	9.972103	15.129111	16.403873	10.656087	6.742209	5.574697	12.764810	16.660737	5.091896	14.714833	16.900726	17.860090	19.854840	15.253945	16.819551	18.860850	15.749156	18.781662	14.472282	19.804618	17.799796	18.812080	4.608192	8.275229	9.817052	9.188457	11.635252	16.109357	4.080303	5.197451	15.230369	10.477833	6.411404	7.481575	8.203480	16.452580	9.227574	13.201005	16.463686	15.423066	16.781808	13.505890	9.531504	13.600366	5.240024	12.274194	19.996098	6.474293	5.710009	17.593065	10.102027	6.088911	19.652412	10.099206	14.807136	15.263375	17.086485	7.588015	6.815507	17.955299	18.252620	11.999923	15.296185	16.439405	16.475758	4.109123	14.165202	17.033087	9.734230	6.459927	8.744687	4.136127	16.524968	16.578960	15.490352	18.580150	17.080962	12.294235	17.138352	6.676910	13.070040	19.994694	19.048493	14.749505	5.054245	6.802182	15.719856	7.706962	11.434389	10.064709	7.178915	12.041105	11.368743	12.779867	6.206542	18.632793	16.505052	10.746231	17.801754	19.851246	14.562923	10.811614	13.562624	9.968442	15.977806	7.856143	4.477256	20.009895	15.719255	13.840291
10.805934	6.300606	19.423986	4.802465	15.898753	12.751261	16.542567	20.073626	8.184597	5.773453	19.271507	19.549710	6.767263	19.125012	18.869129	14.721065	8.195026	16.818897	18.328301	13.703020	8.103838	20.043825	12.543857	5.029510	10.712210	11.050831	14.275320	7.693553	13.244834	15.412141	4.649280	15.998720	15.287971	18.994657	19.689701	5.792482	17.991984	7.229795	12.822457	10.072602	17.792143	13.417621	14.194967	6.050476	4.238394	18.349969	13.172655	16.082136	20.105080	18.355006	7.826246	16.023532	12.490596	7.010657	7.190416	11.620461	11.124908	5.782099	6.362360	6.188051	11.449513	11.762002	17.459744	5.273358	4.225442	8.678254	14.431717	15.371501	11.097159	18.170382	6.622786	6.800496	14.278944	7.112481	10.093036	16.695972	19.866883	18.709706	9.458124	9.597069	10.733859	6.388214	13.676247	11.363719	12.354832	9.322098	5.075429	4.598404	10.287494	16.287723	9.169353	4.108657	14.295472	8.098612	17.487179	16.177288	11.446769	17.959048	6.124587	13.058897	15.696387	11.353242	7.675364	9.096446	5.880580	4.991873	5.102884	11.816874	6.609429	12.418799	14.566123	12.315547	17.606595	13.682498	5.712206	5.490792	15.522831	11.922232	10.454507	14.154173	4.405716	15.601167	9.716114	6.166230	16.362745	11.499396	13.053749	16.915184	4.093427	15.316704	5.603452	12.716750	6.108523	11.307030	15.246261	6.865545	11.067495	9.976824	10.359556	19.081149	5.944060	13.896141	9.241459	11.656488	5.048958	15.068815	4.733609	15.461954	8.827958	13.833040	19.833936	7.851058
8.403534	5.108944	16.774948	17.853786	14.070605	10.924932	18.992228	5.936645	6.385810	13.478637	17.875919	13.941475	9.943979	15.821319	14.157343	13.579913	4.367072	16.415965	16.977795	12.492380	9.449598	6.908659	13.007929	16.461345	19.942080	4.129739	11.133095	12.978382	5.368541	11.269057	7.232694	11.820586	17.984483	8.278019	14.507979	19.542262	19.114751	5.774039	8.997710	16.005827	6.472852	8.353919	10.646297	6.500969	9.889060	12.335670	11.430042	7.629306	15.797992	8.950695	5.407027	4.587657	10.490911	14.980720	10.539333	6.352770	7.107284	11.857135	17.094951	15.222492	19.476135	16.720884	14.544408	10.350639	6.213791	14.334199	15.358594	13.458866	13.183924	8.079692	7.863305	8.558884	20.176836	6.734649	9.733396	9.620800	4.716152	15.352632	11.767124	13.137521	18.183650	9.759065	14.704086	4.839483	15.208290	9.912251	7.730985	10.763152	15.498113	16.384313	7.280128	17.647997	10.702952	15.669799	4.459112	12.574579	18.050977	8.420558	13.474375	13.451107	14.559101	8.888848	12.501082	16.625168	4.752214	8.933041	14.400560	12.095237	14.026913	19.661808	19.378028	9.639281	19.011811	5.872258	8.190072	15.459853	11.470275	7.698407	10.057278	8.755569	8.138375	11.371390	7.154872	17.589364	14.997203	14.446340	17.632117	13.161432	15.385094	7.086027	5.421378	9.853366	19.674561	17.764111	12.700589	19.652041	17.156795	8.208473	6.394726	6.198117	17.577016	7.159484	17.389564	6.344247	12.568192	20.146182	12.727128	6.284896	8.513254	7.870204	7.348256	15.346883
5.841104	6.475109	9.881746	8.983564	7.839759	9.031697	18.843359	8.425614	16.801257	14.552421	10.307747	16.501550	7.996038	5.487756	14.937220	8.243198	12.334143	16.477901	16.773879	17.748432	7.076672	15.079550	20.143224	18.212759	14.109116	11.395812	18.472923	15.951925	19.438075	11.870307	5.297435	17.611685	7.795690	11.061913	5.341199	12.288272	11.581711	7.638163	9.567800	10.801187	13.112380	5.298310	6.386146	8.323819	4.781235	8.610305	15.774351	12.523315	6.289100	11.218050	5.792395	17.096364	17.217954	10.239665	7.435328	7.224572	6.100413	7.090861	15.847515	12.150459	20.008273	10.588936	7.675009	20.174275	8.378264	17.447087	18.771514	14.686234	17.625212	11.762309	9.881631	7.211438	8.207152	14.082081	8.280074	18.475484	18.078368	16.574153	13.553975	10.822145	9.824228	19.859395	11.359493	15.134355	6.844616	14.695365	7.961594	13.441183	12.224709	17.572675	14.003202	17.026541	15.944556	19.215033	18.515570	16.457565	6.165478	18.439642	8.498154	14.436690	9.387922	8.242865	4.049399	12.105756	15.451796	19.260528	4.788319	9.691896	9.489694	20.178437	13.655273	8.947634	11.299265	6.536517	19.556838	15.494084	18.110315	16.063384	16.106293	10.467812	5.080749	7.989815	8.479089	10.435654	9.162654	7.650161	5.948465	7.442164	13.572691	8.980861	19.278327	15.124842	17.983003	12.458251	4.215607	6.855881	5.730153	7.115547	8.252291	17.988149	18.194855	5.562363	4.239773	7.583408	11.691863	4.604141	6.350884	20.134775	9.039446	11.299728	13.546358	17.632682
9.023957	10.967517	10.467159	8.160564	12.940774	19.363594	15.594495	16.312094	19.658146	14.846639	7.977605	18.386761	9.969682	4.403533	11.514381	12.164695	10.634723	10.722488	12.640322	6.491416	5.255237	14.260069	10.324797	4.089071	14.439042	12.668980	15.975669	19.199234	19.424870	18.019225	15.183902	16.631888	10.737070	6.128117	4.306383	16.989368	17.639129	15.458609	4.355602	16.266725	7.694129	6.862303	12.501029	8.310041	6.120353	8.538979	6.799303	4.806187	19.306949	18.131065	11.606500	5.594988	19.001913	15.356140	12.717550	19.116744	5.083415	13.128509	15.675943	19.053237	6.983624	12.485625	7.621044	19.966695	16.285581	17.182590	19.571203	17.167539	16.775517	7.870095	15.414224	17.802377	5.646679	18.232988	16.454281	14.850405	6.666507	19.734324	13.193511	9.221343	7.930121	12.337002	8.035645	10.555000	15.603351	11.103219	8.772694	11.901288	16.048555	7.890711	8.234591	10.729365	6.765825	4.360665	16.374069	7.254512	4.215210	10.456736	18.785111	17.609279	15.534632	7.109429	5.409748	6.020847	14.445138	9.919126	12.916737	5.141941	13.887470	16.463836	18.689286	12.813232	6.810075	4.185288	15.329995	17.419144	7.441274	11.935116	14.400374	10.571703	8.793786	7.756696	19.635979	18.252724	11.026217	8.456756	18.740794	6.144897	12.638821	15.037014	4.221365	18.050789	4.710989	10.267696	5.038396	15.440949	12.702336	15.837476	11.859249	16.532640	5.385724	14.499630	10.042821	13.956558	11.278548	18.356328	6.395849	14.937894	7.923712	11.222870	19.278223	14.871545
13.625726	5.220632	6.145932	15.025234	16.743956	14.345371	5.384920	10.736298	15.121884	10.886752	19.300313	6.838121	5.589469	18.602722	18.713867	9.391335	12.422426	16.086039	11.384864	14.595114	7.166373	12.953293	7.837498	8.550066	18.375769	19.833492	13.982881	16.158715	16.104976	5.256549	19.731047	12.732962	10.995549	4.348987	13.819706	10.915995	19.863746	4.428132	16.790272	8.509604	13.559340	12.295967	9.367328	6.738462	19.337415	9.022356	6.619477	5.185169	4.409807	10.263493	11.884878	13.241428	11.470334	4.297137	11.150660	9.646692	14.220935	17.686822	14.322978	12.815365	17.914948	9.261791	13.285078	13.125288	18.387719	5.625673	11.429080	14.692182	16.377292	15.821671	17.179952	4.099904	13.659509	11.635182	12.128750	6.203428	17.264701	13.211395	8.713576	12.879234	15.943303	16.838354	7.138627	12.984136	10.434689	8.736177	13.989755	13.802805	4.183461	12.682394	4.923753	12.738450	7.924434	10.174533	9.066666	4.928604	6.852729	11.777393	7.508538	16.044860	8.449946	12.896140	14.409501	9.706371	4.713527	4.483324	7.428832	19.217457	7.956421	8.567302	4.381936	6.990393	5.242512	6.020831	15.223598	14.770905	4.234034	13.763722	18.466053	4.665668	5.935885	5.433480	14.931464	4.799149	11.303006	16.460094	5.976217	10.099514	9.632096	5.388543	11.985181	6.473599	7.020445	17.804409	14.599332	4.365939	15.629677	4.438396	5.230018	13.200616	5.656681	13.232882	19.583036	11.089608	8.308412	4.746728	4.566688	12.579857	14.947406	8.454661	10.144550	11.209283
17.916417	9.416327	5.893254	15.457343	16.571806	11.981328	7.624529	17.509824	18.221830	5.131310	5.322454	14.280730	5.410210	5.682548	17.601116	19.048746	14.758958	14.018582	16.660897	7.625317	15.423681	6.096351	9.591710	12.809372	20.048731	12.008778	6.333363	12.009092	9.498459	8.078952	6.808135	12.910573	6.211094	8.371635	5.386383	5.514175	15.926807	13.707645	9.048809	11.710897	14.223849	5.318770	12.153961	5.857023	12.815014	9.970848	17.693907	10.681711	8.231014	7.365301	4.835157	12.796279	5.436192	4.813183	15.430516	7.404628	11.737345	5.642482	8.950210	19.219014	4.201862	7.419891	12.280348	7.819399	10.127776	10.089807	16.186256	16.947763	6.619350	8.195814	17.683840	19.003445	10.956190	11.545099	19.344038	8.929328	13.478310	11.621665	19.600703	16.951452	16.642039	9.710889	8.257916	17.328241	13.037878	14.970593	11.204689	18.158239	10.935588	9.488914	18.482531	17.003297	8.068842	9.938499	20.098514	5.756539	7.136247	18.588264	14.438750	7.890780	15.825996	20.061973	12.931750	14.787896	5.550504	4.450727	11.139476	7.158253	18.205985	6.269440	10.524185	6.245052	10.252854	9.826950	20.081798	5.307927	8.114866	4.238030	8.187267	13.152544	17.872081	7.930711	10.519795	4.207498	19.755701	15.542238	5.491385	19.565066	14.786028	7.304222	13.686102	15.776692	16.715577	15.514729	14.238773	4.185900	15.738429	8.864770	6.699849	12.244410	10.653954	17.817757	16.088530	20.087175	7.067639	18.453625	6.522867	19.627013	4.248964	15.394829	14.110053	18.853803
15.759153	12.436535	8.801106	9.463311	14.733109	18.922653	16.856514	6.762076	18.327512	9.976687	14.544521	6.929823	15.015536	13.595383	13.087550	17.968413	18.466261	6.139129	16.467446	7.924775	13.732922	4.625343	12.957880	18.717879	5.568948	4.956140	9.439499	7.230382	20.001900	10.735855	13.054039	9.739056	8.235595	17.860160	15.816737	17.008269	15.606667	6.572281	14.007960	9.809045	6.359746	18.156776	10.437908	4.973276	13.377665	19.694865	10.414313	19.460561	16.168012	18.471957	5.221426	5.957804	9.669446	19.736842	4.725268	4.693337	12.548312	8.389525	6.588197	18.580181	17.350344	13.934797	6.600821	4.763927	4.516941	14.449964	4.441159	10.980206	4.553772	13.987361	8.359835	12.787482	13.020758	16.653312	17.951855	9.896467	18.689533	5.718764	7.527123	9.437956	11.037112	10.598236	7.252329	12.960404	12.268170	12.223585	5.193989	7.303329	19.447266	8.071062	20.032076	12.251780	12.855719	18.826318	14.737853	9.311988	11.182924	19.718941	11.107574	11.557432	10.914570	13.761553	15.566726	19.824433	9.679679	8.913472	7.375851	19.743601	19.856740	13.238467	15.706975	4.686873	4.258395	12.853826	7.445904	9.245900	19.707405	15.191134	15.742937	13.925526	15.347400	11.235641	13.319114	13.909498	10.318765	13.274850	5.222204	9.103382	13.921314	6.989501	19.747806	19.506683	11.548730	18.715582	17.714667	19.906890	8.680289	19.893757	5.408270	7.562823	11.012987	10.028846	17.078975	19.837295	7.396456	16.871242	10.311230	15.636895	8.571938	16.503378	7.263824	16.496377
19.354020	9.197210	12.837751	18.377863	14.579981	13.335861	7.211846	9.883274	5.171157	6.564702	14.797214	13.810859	7.107856	12.652552	17.992321	4.532229	7.498178	14.221257	5.808919	6.037312	7.719780	8.329607	15.931091	18.287919	4.087642	8.688506	17.654040	6.003817	6.886734	13.508914	15.373508	11.793622	11.535399	12.018029	4.402023	7.649904	16.220723	15.277337	16.971398	12.604319	10.635379	17.550196	15.187888	14.259430	16.617972	7.535177	18.327725	19.342183	16.903629	13.246257	9.032829	17.786596	15.778951	15.692823	4.453320	10.749947	13.217524	18.017654	12.476747	5.207629	14.374332	14.500222	14.924074	15.191842	14.458767	18.688969	15.134122	6.026899	19.596394	15.983567	18.637806	16.706013	17.954623	14.960671	7.993182	19.602673	15.015406	12.012020	16.343828	18.034261	15.538364	12.002550	6.529524	14.188811	14.388345	19.634522	9.454456	11.189765	16.454997	6.830768	16.521579	17.038886	6.227146	14.602219	18.032929	5.053845	18.062683	7.702440	9.471730	5.606477	4.523555	20.029501	4.828435	10.533419	15.882457	5.840337	16.716963	14.471656	5.495593	15.225541	16.115801	19.806555	12.229797	10.254588	19.463185	10.129364	19.278634	18.184412	19.407243	14.372058	14.509797	15.150904	5.412527	10.302855	18.532467	6.927194	19.322090	11.317400	14.210882	5.468098	14.664105	8.457207	19.765957	17.871327	6.692367	19.212947	16.019574	8.003565	13.836843	11.630049	6.205187	14.990775	10.426231	7.899065	10.083493	14.041706	7.023626	17.882149	15.959812	19.520192	12.678404	7.205208
8.382593	19.576085	12.019294	8.362272	13.802205	12.616295	7.261267	15.110925	6.322648	14.894002	4.957767	12.227815	13.418776	11.115861	12.004512	14.187515	4.818276	17.157047	18.949808	8.928686	14.026290	6.003591	8.574881	12.938333	15.210298	18.383395	18.089522	12.810334	15.442320	15.505285	4.122529	19.685476	6.580881	19.644166	9.556767	19.826891	6.862889	16.981695	15.528704	7.717341	12.792688	8.543414	17.078014	8.954172	16.010289	18.395520	10.454032	14.636692	16.628076	13.641404	14.725488	15.468442	19.364948	16.986208	17.660201	15.401883	19.498461	7.162030	9.500536	15.769477	8.821288	9.925947	13.210740	10.705880	11.007490	12.181890	10.074464	6.971962	11.686508	14.344253	18.136283	4.052655	16.844121	7.968823	8.075468	15.846654	11.271811	6.808809	4.607896	14.517845	11.802335	4.640599	6.104507	12.116671	14.507635	11.769843	10.872859	7.985568	8.054409	16.717148	6.505115	14.120258	17.069768	9.881180	10.551561	8.058856	18.305622	15.696572	17.621947	9.551978	12.274732	7.110136	13.330405	4.574109	4.534885	13.749416	12.053193	11.330900	16.004577	17.284754	7.758157	19.316721	7.740450	15.486599	16.549576	11.422287	17.053813	19.187945	8.096502	7.868931	4.964895	14.867441	9.635276	14.311230	8.365564	14.251258	11.417613	5.170488	4.216895	8.352681	11.240915	9.545026	13.369642	9.924720	14.085283	19.287078	15.295785	13.081990	6.721543	15.835470	14.870582	5.046173	6.257525	17.326962	19.637936	7.246991	5.885326	8.170180	19.112046	12.069751	6.258150	6.166052
17.448225	13.755942	18.649980	5.987404	5.231398	13.330154	11.456436	12.579792	16.997322	14.458683	9.479447	6.175383	12.540404	7.607132	8.796213	19.767282	19.895251	11.630616	19.129753	5.707165	11.217095	17.298514	11.536995	10.005483	11.255035	18.590720	8.758861	11.323582	15.446128	12.592466	12.763821	8.420585	4.648527	19.529553	17.101570	18.590005	6.714583	7.790305	12.282455	10.951366	7.855805	9.286245	18.823738	9.847339	9.483041	13.260547	15.598324	13.013528	18.141231	10.439309	17.289669	16.233006	5.654824	13.147194	18.611429	4.396930	10.532383	17.332834	4.412212	18.468574	18.774931	13.904973	18.568894	9.309152	17.875067	11.770003	12.446371	6.196298	18.701899	6.591807	19.413336	16.504203	10.872042	10.055878	18.893867	12.251949	12.312445	19.722783	9.581283	5.002472	7.136008	14.814551	5.597621	5.669925	12.681262	12.975552	10.078991	8.720578	9.385343	10.269777	10.539275	17.140782	4.287620	6.416784	11.057777	12.322730	17.070262	9.105584	9.945827	16.152113	19.249669	13.798637	4.939273	14.342241	6.023009	18.602137	4.155691	8.971765	19.088106	17.952269	10.083332	16.801646	9.145033	10.783163	8.818739	10.211686	6.896306	14.274353	9.664979	15.549195	10.711301	7.002179	7.968238	14.647413	13.921663	17.424830	14.281274	18.869925	7.970083	16.705337	17.050004	6.701243	17.142768	18.630998	12.702026	15.808884	12.339238	6.194167	15.194234	11.335409	11.661436	17.905442	8.817449	4.481658	18.820266	10.727802	12.777802	10.755711	6.552263	18.284000	19.499746	7.369877
19.790609	9.484298	10.730348	16.050748	7.547117	14.969528	18.278023	7.143585	15.465209	10.002526	12.458017	4.506315	13.763091	19.263733	13.749551	10.221666	15.239831	8.314162	14.456112	18.231886	19.012738	17.466172	14.118299	4.854388	7.796562	6.900516	17.453718	6.227545	12.604320	17.439317	19.624404	12.759581	15.201405	15.587298	13.240912	4.343960	15.222023	5.070237	17.126544	7.095427	15.742758	5.734170	5.225249	15.561987	15.431630	17.659493	6.217156	12.237601	13.237687	17.976099	17.341225	12.309505	8.535626	9.939568	7.036826	18.152974	11.321461	4.482958	6.019335	18.465342	10.118997	8.080406	8.522579	8.595271	13.150511	6.726131	8.670874	4.516100	4.265931	12.765272	11.532032	6.232811	15.851967	14.911034	10.514550	18.284467	7.973721	5.437792	15.940591	7.591829	4.730567	15.828587	18.242996	6.828380	6.788152	4.624693	10.093127	18.091696	18.805221	16.908143	10.334075	12.181302	15.584654	9.188609	9.987850	4.394035	18.505972	7.975780	20.086002	10.351906	7.868139	17.568543	6.338692	11.854975	16.464438	15.842947	4.449031	8.935966	14.458962	8.685010	15.268726	12.227231	17.063869	6.135855	4.048811	17.407864	10.343935	17.971262	9.097560	6.206011	12.341187	4.703533	11.665701	14.593130	14.701298	4.173012	19.996164	4.199805	17.336682	15.732921	11.996120	8.521137	8.550255	15.725427	16.553234	4.843924	14.712480	13.666160	20.079946	4.791567	10.453930	11.745115	8.576854	4.664048	15.523492	9.304995	5.964641	18.262024	6.156084	11.869406	19.312690	4.514480
14.045183	11.595687	6.105247	12.670134	12.044008	13.829863	5.554362	14.588281	20.088791	5.274971	4.380831	12.164620	15.338371	12.442432	16.414463	9.423409	12.928046	14.672454	19.400358	17.280156	13.132132	14.932809	8.392858	12.637857	14.721979	14.816507	15.393909	19.792944	17.757547	4.736439	7.313282	12.994252	17.402911	8.853598	16.559742	11.469598	4.217083	7.126679	19.704842	16.416044	5.542635	8.070932	15.421935	12.681320	8.009067	14.357365	18.832701	9.787397	13.104377	15.679964	8.609168	18.717369	14.225836	7.947798	17.723692	11.197631	16.213788	18.017030	11.674548	11.725231	6.478866	13.601395	7.805898	10.511483	4.956403	12.721185	11.445153	17.437200	14.515711	6.370154	11.185059	11.412368	6.584776	8.972617	8.874703	6.535714	9.637726	14.426886	10.923881	10.177002	19.993135	6.493352	16.755035	14.568454	16.384293	11.354644	13.503537	15.727525	5.425149	18.742080	15.329256	19.679190	12.489893	14.737419	8.457702	15.978475	11.631927	10.428103	15.944919	7.043521	7.420732	9.947169	7.085475	17.706514	9.712635	9.630944	19.338042	7.565382	8.376726	7.025770	18.269074	9.123353	14.210042	4.923531	17.654483	19.436294	12.827492	6.613655	18.609451	5.629983	17.965525	11.623828	19.482354	12.603135	9.033306	4.139879	7.846863	5.232041	7.349143	15.580949	17.216186	13.777272	8.067173	8.719547	15.139899	19.806530	18.652930	6.845306	14.540236	12.717102	4.509033	11.527069	18.866156	10.195747	9.948281	19.314958	7.304339	11.074055	12.977961	14.515073	12.066117	19.246068
19.857394	15.084341	16.262328	8.822040	4.125946	11.001909	5.168450	9.578027	16.882188	13.578728	5.695108	8.100425	10.933650	6.376284	13.770700	16.056092	17.642207	12.392335	13.435739	14.540964	17.404631	8.542336	5.713044	5.615066	17.818726	14.576868	17.763911	6.218366	17.594511	6.815730	5.879906	9.615416	12.336549	7.273686	14.287745	8.370578	11.167076	8.749516	15.447570	7.232836	5.936830	15.345747	19.180902	19.958217	18.804106	13.982878	14.757356	10.508982	15.330054	5.183734	7.824943	13.764320	9.904765	13.828157	7.052455	11.593786	15.026149	5.598410	4.803203	8.339788	16.669348	16.344275	4.128043	4.425233	11.917706	13.223863	11.344797	19.066461	14.366481	12.458449	17.255260	10.953258	10.445432	5.086271	9.066571	16.171512	19.831925	17.222996	5.688266	6.524252	5.046255	19.841421	5.690110	17.990118	5.177521	6.259294	5.563470	19.905477	9.715962	4.766239	17.224076	13.607659	12.653895	9.516992	17.705293	7.673248	16.310418	13.106244	7.619556	17.286351	13.408789	5.398045	18.573304	8.500796	11.030077	11.398403	10.264526	11.279954	16.895419	16.753320	11.871078	13.961173	4.900563	15.240396	15.233447	11.698933	9.096736	9.893468	12.408704	11.416684	5.996695	10.242724	5.765050	6.773681	16.388319	9.846120	7.109123	9.162375	14.065565	8.595830	5.798064	11.231827	4.613651	12.120677	5.078637	9.582641	11.644262	10.459070	12.356615	19.696602	17.207054	14.008765	9.832769	18.425150	8.015754	14.079052	10.552543	17.886597	17.770103	18.115948	6.178580	18.386729
4.223624	14.873852	6.676794	6.162760	5.706376	9.187837	8.981472	15.183153	4.830231	15.874438	4.253195	19.128748	12.966264	10.610545	7.758300	6.485480	11.537190	10.582251	14.566787	11.595207	19.934881	6.947062	11.112038	6.909676	14.832770	6.698006	14.174539	8.378963	18.105750	18.632089	11.692654	12.838215	8.924421	15.484031	10.925244	17.624942	7.643278	9.280267	14.593701	12.466259	11.277400	12.629618	11.719802	17.121240	17.184857	8.981418	6.896831	14.773492	10.727162	6.563752	14.970132	19.741784	4.984466	15.269017	13.904720	14.574910	6.399379	4.641885	8.617313	6.560998	14.048935	8.256980	9.710479	12.767957	7.829283	15.676638	19.241860	14.071237	11.594652	18.185869	15.170151	11.123543	12.899219	4.934942	6.832021	11.458530	20.147503	11.283147	16.757818	18.300891	7.939921	10.648116	11.389996	4.125686	7.932348	5.779584	15.160399	13.363258	16.804705	10.207524	11.725143	16.018634	13.008207	18.408427	8.994726	15.530661	11.760702	19.307960	8.954319	17.220330	9.421947	5.205576	6.502301	8.386768	16.123010	16.037075	13.651240	12.748563	13.347269	13.029651	18.411295	18.975549	13.016234	14.544458	8.969374	14.417173	12.129965	14.424733	16.910680	10.277348	6.454593	13.275851	18.885550	6.009418	7.465786	15.287562	8.867648	11.022291	7.409699	7.154168	10.424937	15.745533	4.484269	12.663026	12.192170	4.194036	14.524300	10.421734	4.050000	19.698937	18.958641	15.607481	18.438996	11.711530	6.233069	9.617506	5.788568	19.641035	11.005203	4.124586	13.776060	4.423145
9.153375	18.236598	17.284192	11.347611	19.790254	7.652850	18.338269	13.295475	15.313860	8.438183	15.414841	20.158008	18.253718	5.845695	10.633192	4.561950	8.604439	9.907400	5.446862	14.550040	8.217760	13.276642	9.385301	17.571882	13.213599	15.371483	8.543260	8.830124	10.999455	5.644051	4.313441	13.973539	5.380727	16.938340	11.652878	15.580660	18.888482	4.784569	13.292535	5.451680	15.224900	19.577742	16.987906	17.836066	10.729184	16.868178	10.622026	15.319489	9.986630	14.011683	17.099661	4.767415	14.799493	12.473153	19.179424	9.148222	14.874519	16.721128	14.359981	10.269877	10.047679	11.215105	6.571496	4.576795	12.392978	6.115921	18.540219	14.634118	6.929194	9.283764	9.496326	14.892393	15.405963	6.695144	5.040985	15.753804	15.681948	17.714387	8.156221	17.598323	20.058191	8.034636	14.444758	19.424567	18.302381	12.485043	6.804254	14.110127	5.636547	13.799551	15.782224	9.552125	19.704533	16.344161	11.254242	15.587516	19.888220	17.533653	14.287856	9.810587	13.098270	7.116623	17.527172	8.997856	4.044136	15.447734	11.869669	4.415989	7.446562	16.338577	16.872691	10.030841	9.990271	12.577842	15.856786	12.073334	13.415516	8.042464	12.967527	13.697104	11.251235	4.485853	12.951506	10.732501	16.281800	16.011022	6.522661	9.105412	12.708006	18.667715	19.146813	11.278085	12.352768	8.810414	18.366210	16.623936	16.301316	19.698032	13.992954	19.637586	5.781020	9.062592	11.860078	7.721399	7.593298	9.261894	19.116524	4.481411	4.246751	15.495486	17.397275	15.275782
5.523481	17.777274	11.473146	13.315470	6.162424	4.765891	9.443268	14.028836	12.595458	19.249779	8.374804	6.610347	17.406352	15.438892	9.954733	6.708977	6.519596	14.073196	17.952746	18.461408	9.694281	7.059606	10.459302	8.970229	9.515031	17.890404	12.427282	15.437590	7.233743	6.869287	16.795362	12.501032	6.953201	5.648856	13.455639	10.301318	11.324510	13.006495	9.830095	18.364988	11.864867	5.663127	14.713695	5.663335	7.970688	14.951323	11.183636	6.025424	9.087288	6.666577	10.215451	19.470108	11.044138	14.339536	14.500606	15.354564	18.097240	16.309920	18.661902	15.600370	16.766886	17.429583	18.378769	9.038611	11.433680	15.833877	8.884965	20.147553	7.558199	9.288296	20.003546	13.620558	17.061591	5.681124	6.421850	16.739671	8.698259	5.662063	6.918383	10.259600	15.023409	18.793410	16.681652	9.396496	11.246871	5.729308	17.425723	6.045451	15.991337	4.248220	18.928022	7.210293	5.838357	16.361505	11.147804	7.016612	15.274099	6.548337	9.887989	6.164698	16.444102	7.441796	13.772856	18.833020	17.734539	5.201118	12.305568	4.970992	6.175540	19.771995	13.118805	7.452922	16.186608	11.952186	19.824301	10.866921	18.306761	17.617495	18.819612	4.629269	14.395626	14.549079	15.205341	17.842037	4.953813	18.872746	11.389235	19.612895	15.546022	17.990151	18.612130	4.422849	18.183400	20.014799	14.332766	13.543969	17.215000	10.340393	18.348033	19.720349	4.685339	8.640409	4.921388	9.747281	7.587222	15.362218	7.451713	19.827872	7.427071	8.801842	19.733414	17.583791
16.875868	18.817748	7.882070	4.647827	17.885436	12.419608	5.344966	17.976835	18.419368	12.079517	14.170067	5.377478	8.951876	4.210779	12.424703	19.077157	15.812394	6.752511	16.580091	18.436370	10.966893	16.781252	4.610345	18.519133	10.809484	9.225563	15.751435	12.175513	19.149035	15.533955	10.444753	17.629367	18.872322	13.286878	12.729448	19.329003	12.333341	15.846105	5.373048	11.890943	4.130904	15.964801	13.128468	10.482209	18.780983	18.319596	11.496906	16.075233	14.259224	4.486945	17.505595	17.278016	6.672188	14.673738	19.087558	8.187604	13.183772	7.337120	14.373623	13.080308	10.849126	19.039396	6.252292	17.602172	12.853411	19.803197	12.176546	15.568917	14.045474	16.075824	8.607249	11.106162	10.225704	15.827606	13.253282	4.314108	10.108197	7.474628	7.621470	4.451895	18.835571	13.545727	10.491045	4.067038	14.201496	8.891994	13.231916	12.877557	10.739420	15.782418	7.356359	5.208857	15.861098	6.719136	17.454594	14.664893	7.358390	10.046299	13.186984	10.070008	14.653294	8.730846	16.306775	5.090000	19.043469	13.507101	18.610015	10.506351	11.570006	14.391376	4.964203	20.069211	7.785195	14.444620	19.647846	9.856466	8.425971	11.065765	15.904920	6.585126	6.951434	18.075579	6.161687	16.297246	16.865529	6.156089	6.988627	4.842784	6.968035	13.838829	14.168462	4.265063	18.406835	12.477889	9.614566	14.025322	9.922195	9.281225	8.441436	8.058294	13.541221	16.562858	5.051758	5.706834	20.012516	18.601905	4.113510	10.762900	13.469768	12.534905	19.371320	16.880905
13.591226	16.989745	11.784074	10.076713	7.197782	19.562518	6.262730	18.834394	9.608050	8.086760	14.847486	9.744798	6.284072	14.185490	20.079206	4.410721	4.839817	11.869455	14.011414	11.429850	9.910562	16.238323	4.624002	4.380840	11.520166	7.568477	13.995567	10.937300	10.562443	4.052982	11.453954	4.660186	9.012734	4.533068	6.607154	9.262345	6.608623	19.985482	8.664792	12.573076	19.856052	16.971525	5.109878	6.983225	12.201596	8.508082	7.131430	7.450427	16.011891	15.123297	7.451546	4.479161	12.517999	18.548772	19.906666	14.082906	4.871061	5.874998	14.493049	8.410452	6.641223	8.795166	10.518965	10.837198	14.839450	11.262016	14.318371	6.837018	19.337748	7.431736	15.537150	18.214118	7.566519	12.036225	16.843561	15.498733	19.692051	10.820682	19.413228	5.661062	7.978922	6.318221	6.585403	18.424889	15.653439	19.679265	18.798891	17.829759	4.826503	13.777548	18.664728	17.302543	19.231590	11.266565	5.441086	6.735156	6.693191	14.826358	15.818312	10.811980	9.215759	5.901121	11.068068	17.389529	13.732820	4.626809	16.624933	9.404113	12.184328	11.383551	9.417799	10.869956	19.858110	14.185653	15.812123	18.016498	9.287794	9.617789	17.916507	5.721448	6.132023	13.656544	9.172551	6.485295	19.592867	9.622574	9.676436	9.813055	11.783956	5.425139	11.564969	19.431605	4.531385	11.263674	7.292296	9.639742	9.313559	6.319432	16.368028	19.555343	16.911228	14.240906	10.053732	8.156721	16.123323	10.106758	14.014520	15.289560	13.039827	8.141709	17.690624	17.821270
10.601855	13.842254	16.396970	11.266560	5.129067	17.393321	15.360850	10.457149	5.619790	12.657719	16.356268	4.590618	11.795751	16.267510	10.136607	8.814596	4.723779	18.417513	6.437495	18.351460	16.675013	14.309550	18.107651	14.374279	11.232326	12.275099	14.978570	8.895206	15.949525	7.544220	15.457049	17.027516	10.075140	9.074416	10.266256	11.988301	4.045088	8.626088	11.684106	14.042537	11.229990	19.725203	8.132564	7.135118	15.871268	7.319479	17.540831	16.447837	9.272844	4.156549	10.573100	7.178010	4.571360	7.820599	17.127501	11.065430	17.051941	5.361778	9.902572	12.052078	19.981360	20.047004	18.897021	9.396878	5.942257	11.439445	4.747960	17.925659	10.451616	17.488315	15.560049	7.989132	12.644101	20.052436	6.228585	9.713060	15.684328	13.597922	11.761533	6.349608	5.564637	11.320035	16.960856	11.578219	20.007827	10.921544	18.431019	9.316694	19.048293	11.838981	6.838954	14.733277	18.483160	10.243917	14.625275	14.176714	20.173659	20.120813	8.708221	14.809176	8.309249	18.993852	6.735034	6.888275	10.380288	8.871663	8.019438	7.745711	19.265289	13.353187	13.814168	19.725518	7.231786	13.786109	9.944352	10.387310	7.153380	10.784702	9.653350	9.083778	14.613664	8.728014	20.139746	4.881617	17.011690	14.833989	12.535962	13.640486	11.311647	9.798326	9.562571	18.480637	7.019395	14.796329	12.196415	14.346676	18.357754	18.250959	17.495163	16.209889	9.232825	6.424542	6.804302	12.613169	16.625837	13.375626	8.404104	17.473536	16.589820	6.616558	8.318398	9.766344
6.312401	5.342996	9.019104	7.335214	17.866135	6.783429	19.222291	9.105021	11.037029	4.067420	19.683907	19.394135	6.099914	15.126536	18.387003	10.965606	9.695057	6.282890	6.846077	12.024401	16.816994	5.352105	14.602499	7.142731	8.102109	9.102382	19.491074	6.742195	14.948808	9.551749	11.106814	6.575004	19.937447	4.578874	11.890354	14.690962	19.224908	5.831638	4.719282	19.034273	18.024612	18.239431	18.637713	9.033605	14.639228	4.230273	14.330473	14.408580	8.090314	7.977178	8.386948	12.414554	9.380659	5.079352	10.759162	6.977950	9.432582	9.067548	9.884973	14.855139	12.710008	14.446201	17.459486	17.161806	10.809526	6.861394	8.071103	14.489802	4.920707	7.700997	4.977901	15.642271	7.143214	11.574391	8.128684	4.449678	15.773246	8.683080	20.161123	16.997876	12.294403	9.799509	9.277660	12.050938	6.465253	7.283745	9.466001	15.927582	19.947454	9.109262	19.657472	4.288536	8.841710	14.350590	14.309045	11.864550	6.465622	9.180243	7.869417	5.697931	8.874088	6.638674	12.363130	15.355705	12.885814	12.776713	17.737224	10.298346	5.212594	16.053119	9.726245	7.116172	9.455440	15.571155	20.173692	12.741061	20.006802	9.505661	11.173976	10.162159	15.916804	19.561021	9.070201	15.910204	10.371546	9.816445	12.707349	16.968574	9.456552	19.433428	8.718791	5.749286	5.532821	8.186947	10.592402	4.880362	7.397318	17.195936	17.498192	14.478007	10.487495	13.795311	10.892881	7.492410	5.900429	19.581131	15.073200	13.906016	11.636902	16.368866	16.361468	4.429547
11.169835	5.492287	15.731640	19.300663	8.086759	8.148372	18.867608	6.740931	4.811161	4.716307	17.794246	13.378431	6.866347	4.647627	6.046547	15.986357	8.032783	10.085518	9.192950	9.644990	8.306556	17.053054	13.007315	11.560999	10.941926	8.316560	6.976875	18.236486	9.259837	18.128415	16.325914	9.444347	7.459129	13.768485	11.660440	8.829347	6.283762	6.364025	8.466775	5.790896	17.723343	7.137383	5.368987	17.671939	15.032600	13.874760	19.176232	5.088850	5.649831	9.687240	16.859194	15.278013	7.569644	17.126615	19.446981	16.901880	5.319415	13.524387	7.555290	9.498037	19.381429	17.635621	6.451703	18.616506	8.288419	8.574249	16.518455	8.655708	11.613039	10.454350	4.415263	15.684948	13.984247	8.366645	14.589428	5.725872	15.151970	15.476342	7.234578	10.602646	4.843635	9.037657	5.386337	7.704004	4.108040	10.337119	4.382642	10.426888	9.367548	8.038523	5.796637	4.503366	4.168972	12.310156	11.309696	13.149889	13.839812	9.818153	16.750224	12.295879	4.487810	17.097236	4.882252	16.723802	4.464728	11.997890	16.813959	11.639366	5.582244	14.889348	10.922396	9.602982	4.508206	10.518020	9.870207	14.731093	19.541989	5.574621	11.360851	19.594022	11.571451	12.875501	17.628093	14.839542	12.391919	13.009525	9.249253	7.482520	6.086111	4.277141	8.363531	9.122525	13.068163	19.322967	6.355954	9.560007	15.774247	5.688871	19.691950	4.084447	6.257198	6.807423	17.900382	11.362790	6.650045	9.260565	18.131602	14.924837	19.282362	11.202288	8.823014	18.650716
10.131116	17.453156	15.574897	9.304846	20.168214	9.235676	10.692396	18.005137	9.134016	5.689320	12.969992	10.237159	9.009305	9.973060	15.417614	7.828311	9.958875	13.750338	9.178918	16.213993	20.041208	14.865664	8.510329	20.014508	10.440239	19.005779	18.141679	18.604157	16.671937	8.455533	8.234370	6.019664	7.568055	16.480687	12.761554	12.476532	13.930432	17.068220	9.892799	18.739551	9.368609	16.607323	10.086952	5.253452	8.149505	12.716595	16.480086	10.689587	10.902988	6.225498	7.383627	19.670488	18.544079	9.387672	13.850437	4.756096	13.757063	8.254362	16.506632	12.399506	15.006370	16.211815	19.077347	5.111756	13.652736	19.559600	18.137714	13.730049	19.970573	11.129145	12.525810	4.502548	15.931621	15.888399	7.307330	11.657565	10.539470	17.717625	4.873869	18.597436	18.634608	5.333325	17.389710	7.562087	18.624842	10.585340	10.244567	18.513442	12.435132	15.980178	8.681094	14.735389	5.642583	12.341629	18.535591	13.210014	15.328736	5.374778	10.836888	13.057982	17.558803	19.592906	11.184355	10.698446	6.319777	18.757409	5.748919	8.569858	14.014596	10.382328	9.016980	15.653078	14.964853	16.707174	13.364429	15.393122	5.402875	15.567073	7.380283	16.309325	11.335428	18.166731	19.854210	12.862248	13.222894	9.556427	10.311628	13.693338	10.816464	17.770954	17.462231	18.591660	13.084620	18.814088	10.310764	12.181462	9.378826	14.074983	10.785029	16.072514	13.011551	9.111020	13.740496	17.059998	5.072782	19.653908	10.040499	5.611669	19.306494	8.916914	15.479149	10.798565
19.185758	6.729345	19.388347	13.691789	18.761269	13.535024	10.238707	11.812432	6.817142	7.133309	10.787423	15.482932	5.184160	19.029707	17.129230	5.829932	12.979532	12.435164	4.518819	7.065238	17.492707	18.621498	18.181896	9.252591	13.181763	12.445693	15.132993	10.986492	17.711843	16.510794	17.876539	16.012770	7.575037	15.034973	9.207454	13.446703	9.017772	10.383448	12.858780	8.956113	15.202177	13.358604	5.884039	19.386405	18.453631	4.421957	8.076227	10.503141	18.123618	4.936535	12.894774	11.239938	12.010705	6.245921	8.822020	10.449784	13.591994	7.356990	19.434916	7.017980	20.085309	10.351635	13.464852	14.254329	13.474042	10.026627	5.583851	11.833715	11.051281	5.377096	17.604731	9.125873	11.106840	8.885782	8.136875	10.959276	19.002124	8.919938	9.298446	8.142216	16.231982	16.866465	6.302624	15.447214	4.959889	7.302820	4.159004	17.562743	14.575822	7.211087	4.613757	15.315711	16.773230	15.354489	17.515604	13.931908	11.483084	16.176923	4.596828	6.672515	6.078605	18.472293	16.508859	13.570308	15.781200	6.539785	6.990913	18.394279	17.828045	9.846017	9.723580	13.856632	14.877977	11.489931	12.740413	4.986408	19.482659	20.030222	10.195074	12.222086	11.366745	17.618219	14.064995	8.277232	9.280777	8.014620	11.031268	4.272732	5.788351	18.879461	4.187526	6.293461	10.565919	11.862312	7.220528	5.360640	10.975261	9.147237	18.725290	7.017247	4.797156	8.849973	11.911885	14.939263	18.725193	20.117490	9.576630	5.687480	13.032587	18.351634	15.059246	12.659078
16.644238	14.273749	8.931019	6.295913	8.625933	9.026561	4.492662	7.902019	12.539627	10.973467	9.602933	9.638526	14.743115	9.494618	5.130831	7.574100	16.912350	8.321648	18.531651	8.017203	16.966710	14.354061	19.281981	14.847827	16.838891	7.394035	19.527260	6.403218	5.393860	8.301323	4.164846	7.603287	11.275545	6.614516	6.593465	17.018037	19.671446	13.446283	16.699456	9.368316	4.237043	13.959585	6.733552	8.456404	10.371554	12.005775	19.955501	17.182432	9.706779	10.482443	18.113766	8.179752	16.215174	18.269677	8.532014	17.920402	17.376964	11.228821	12.705991	18.896024	4.281587	15.033285	9.712750	19.001364	13.796379	19.762450	17.276420	8.155566	9.459081	18.782477	7.190239	15.328547	18.177933	16.073062	13.499880	4.536063	7.503131	7.638603	16.112718	7.272952	19.823401	19.616982	12.805893	19.368119	19.117526	19.409909	12.691731	6.724030	17.318905	8.237100	17.862719	8.420616	14.900147	16.014630	13.190860	8.595359	18.358148	18.204295	19.988709	17.572285	12.044116	4.431990	14.876692	15.644756	7.668078	19.500231	14.375816	12.685142	8.259374	8.921724	13.196422	17.547690	5.320708	10.783530	18.680392	12.628498	19.628070	12.013977	11.284517	11.184829	12.552382	10.571043	7.634258	4.725237	14.534721	17.206883	11.521540	7.822073	14.206419	14.778430	10.108602	8.706172	19.863849	5.755601	16.803653	6.574327	9.843151	4.709194	7.473021	17.082971	13.668178	4.977946	18.876790	10.750817	8.495219	18.771768	9.858641	4.769735	4.344621	15.750117	7.973967	5.137387
19.205148	7.827498	5.663977	8.007037	13.601347	7.840970	10.142908	10.791667	13.106908	6.755956	6.446912	7.591159	12.934518	15.163602	6.192904	12.883430	5.379085	7.985900	4.510586	4.507620	15.717558	12.060361	8.034753	10.819761	16.129349	13.085627	6.814054	16.802149	19.408943	5.824610	18.506335	15.095422	16.176382	11.057669	17.746377	18.073739	12.208451	5.995274	6.616355	6.681734	15.313637	9.527384	19.379423	17.493068	16.264021	8.180753	17.588705	15.704094	4.905413	11.415238	11.274055	18.615786	14.281024	9.676992	6.988894	14.577576	19.072580	14.920278	20.074391	15.010452	10.980037	19.260503	14.436589	14.377479	6.940733	8.481134	12.212636	5.367908	11.572214	14.611237	15.046703	7.698550	8.597414	5.644335	7.412512	12.040382	11.184434	13.388272	7.460434	6.344068	18.954377	17.066244	5.853560	15.802537	5.252671	4.742774	8.602842	7.632681	10.722962	19.311648	13.881669	19.652857	17.289868	7.136752	8.097296	17.673302	10.481350	11.435981	14.402049	9.171852	18.612522	6.761879	9.676312	4.844363	11.553727	18.108880	9.029860	16.303869	15.817081	14.195463	10.728770	18.610408	11.824976	6.269410	16.920587	17.584453	7.704982	10.039712	19.930318	18.351251	7.897262	8.704841	17.957807	17.314496	17.536636	11.347709	13.047216	7.284773	16.195910	15.352619	7.795315	9.063808	8.411275	7.911481	13.485564	14.532447	6.340545	17.593386	16.933938	15.240235	16.645217	19.954992	6.609882	7.785096	9.505067	11.988690	6.415430	12.287297	10.874979	20.031016	8.875999	11.118444
15.279838	5.983238	18.845630	14.527583	13.856067	10.422829	5.856996	4.500328	16.895375	16.204122	5.762213	17.820781	6.535643	13.225036	12.786247	16.232801	11.571328	14.594724	7.865693	14.365855	20.021396	4.652144	8.159300	18.156737	7.891664	9.983208	14.928833	17.533284	19.227136	9.286547	4.718057	18.244483	13.200456	13.155229	19.858294	9.656293	9.960831	15.208321	8.775931	10.352150	6.877840	8.432982	6.286898	18.530505	20.089045	20.058860	19.847088	14.776598	15.363234	9.185362	13.616901	9.125433	13.913946	12.356643	5.348145	10.873050	18.622511	5.016872	14.785760	7.850134	6.329938	19.716252	17.418966	10.528993	11.928914	12.425942	8.091671	16.990598	4.936047	12.375985	19.376082	4.136512	8.593883	9.878208	16.031908	19.234650	17.589850	15.461929	6.231531	18.761291	11.722719	9.853903	8.551734	7.689183	15.273361	8.046603	7.058624	8.793348	13.724098	19.969816	12.320384	13.002827	6.427022	9.125341	17.570892	16.334514	7.592625	5.190511	15.695882	4.837631	10.546986	12.762806	4.829131	19.824069	12.341664	7.063775	18.942695	5.516748	15.930079	10.962445	6.641152	16.451678	13.387973	15.666935	14.734050	11.192075	13.157229	14.679625	8.870376	10.908115	11.659089	13.006253	7.296528	6.615796	4.651505	8.391724	9.307918	15.560025	16.124572	19.901679	18.224032	14.906728	8.998612	19.968342	14.812220	16.863949	12.400701	19.472752	4.095382	13.158911	18.593852	17.103219	8.974398	4.242842	11.415348	15.299748	14.611263	6.804593	17.144410	19.601983	14.447666	18.831135
9.648442	6.411959	9.625959	12.616640	12.923768	18.432658	7.533076	13.299167	7.160670	6.600736	20.154184	11.515123	7.647139	7.277476	20.044148	13.891946	13.238766	14.478607	7.717292	5.307159	4.991869	19.088337	19.476358	16.193404	13.198444	11.845261	6.334318	10.098546	5.760214	6.198638	5.156675	8.500149	8.105783	8.872160	17.271482	5.971843	12.608148	6.697611	17.056763	16.457101	16.980317	10.690747	10.249414	4.225102	17.341699	4.247863	10.055402	8.236372	5.723086	4.506208	16.563787	10.232043	6.013574	9.618526	17.600256	17.077918	12.110808	18.728505	16.078667	6.918669	13.505824	20.024347	10.700129	19.040117	14.885512	9.457555	18.132084	13.737144	17.878221	7.093695	18.819788	19.076947	5.356933	4.620235	15.709619	18.871104	16.289987	19.256423	6.640221	7.179220	14.974469	9.509664	6.442139	14.845533	6.581188	19.604998	7.732372	14.008402	14.909240	5.274771	12.702629	6.298808	9.162119	9.080466	17.725493	15.133207	6.711522	5.106935	8.755904	4.740022	17.819728	16.196131	16.219495	10.243989	15.229847	5.678440	12.364533	14.237237	14.473842	17.103769	6.027729	8.142797	5.109339	4.179860	8.068868	9.365080	15.275399	12.047417	6.696911	8.821370	13.110959	6.692982	19.544411	11.373484	4.063745	5.682666	12.699793	15.490250	6.455227	6.226550	13.332559	6.832716	8.002861	19.966290	4.702681	4.110078	17.369325	9.855299	17.011876	15.649328	7.799873	9.961337	14.657526	14.820854	12.128827	7.622203	18.923415	16.221849	14.132210	4.173153	12.950360	19.461277
18.436648	5.280655	9.421644	9.095356	15.984078	20.135277	17.262553	15.621293	5.381991	15.098615	4.208281	16.444552	16.252376	17.804381	19.699419	5.374975	13.366154	16.984441	16.171004	7.494036	7.975841	10.277329	7.477633	16.865901	14.202727	13.181771	18.295038	16.177758	19.792905	5.222669	11.050851	12.689372	18.656523	12.624453	6.590715	15.407122	12.014746	10.928219	10.419481	11.705553	6.821132	5.958087	17.907469	9.138029	7.563431	16.392759	10.935718	12.747490	15.016196	14.407030	18.761483	8.386621	10.591523	8.975317	17.849551	7.318772	18.188518	17.708574	8.269945	15.862124	7.525392	6.316625	5.268174	6.858671	12.976448	11.322151	9.528482	13.416995	17.690818	12.644760	9.604984	17.661382	11.972935	11.864528	14.808650	12.445383	5.452594	9.731256	11.799458	15.903761	11.851009	12.717942	17.714727	7.242736	7.854570	10.251017	15.133299	11.847262	11.096182	18.627907	8.579516	12.171794	8.690759	18.322672	11.372155	19.648141	10.590260	4.222573	12.183830	10.836002	18.607563	14.348431	14.786657	9.608007	13.153929	7.537544	9.792722	18.231353	6.024108	10.140112	7.280186	14.149150	19.451148	10.439328	13.912958	14.809563	9.549094	13.923971	14.111738	16.573983	7.602721	12.996479	19.433015	18.732149	12.934530	13.478781	4.437180	14.805737	19.335201	5.854056	19.993655	15.686408	18.562318	13.120863	10.479558	14.295125	5.636034	17.110205	7.318582	6.441560	11.732868	10.713279	16.799216	14.720682	18.791038	8.131886	12.697895	11.629284	19.682282	15.899588	19.158940	6.135437
9.375651	20.136387	10.938062	15.196923	8.360072	4.143284	15.489021	6.147476	16.314746	18.742031	16.222881	9.872815	6.667030	4.811571	8.732695	9.385874	15.522358	17.364264	12.542693	7.639916	8.704117	15.586500	18.233207	4.491813	7.533413	13.031196	10.776155	15.736691	19.165373	6.266941	16.059870	17.530459	16.145249	18.955132	19.906027	15.964500	13.579352	9.156313	17.442432	9.676037	10.410488	5.355284	20.061885	19.838533	9.805536	17.454423	15.320817	18.051977	19.240017	8.517713	10.450442	5.490992	19.597795	16.372573	8.249754	16.394293	18.893278	16.539846	16.379979	9.770467	10.354911	14.236675	7.892881	6.404187	11.186959	9.666711	7.007442	8.912608	6.105526	5.922492	19.713137	9.047592	16.077788	18.496512	18.592102	17.267789	19.818068	6.889492	5.827996	4.768384	11.598278	4.150468	14.328174	7.612217	10.843850	16.485050	17.414856	5.340034	14.458170	17.971618	13.327729	18.707840	9.054896	10.355873	13.184384	9.382116	12.455502	19.013387	18.329134	7.962932	7.634071	13.084706	12.971840	6.677172	11.270980	14.291462	10.440621	4.182486	13.137776	9.234721	11.732770	5.412739	8.162942	7.973310	19.054539	5.990676	13.291191	11.958898	6.115378	15.579314	6.273837	4.709769	12.117529	15.091223	14.842557	4.910649	10.442883	7.002620	19.248363	18.848113	17.854865	6.970701	7.073493	8.231196	10.197389	11.135641	14.603451	19.104222	8.005237	15.552369	17.983218	5.039377	17.800305	6.124574	14.948674	17.845755	9.442662	13.785535	12.611179	16.928988	16.048389	5.718687
19.422294	13.317605	9.273205	13.157735	20.090931	13.158121	9.094689	12.519939	15.984644	12.990209	10.883664	19.680253	11.426075	17.176048	19.651066	8.473512	9.226293	8.468013	14.439867	16.188478	12.856430	5.765012	19.915722	6.676313	13.605318	9.817975	19.977446	16.021288	4.369840	19.628589	14.492263	7.657629	16.685230	8.692707	5.575594	14.653598	9.762202	8.414573	7.135781	6.982400	12.518339	12.349203	17.271515	4.976411	18.681359	18.982604	8.838402	16.937651	17.136501	4.407399	4.664838	12.098921	5.364005	8.183636	10.635213	10.503810	7.409129	15.138526	16.279319	8.498939	13.159254	19.854727	11.339448	20.024497	16.979678	17.155276	5.102949	17.139248	12.051977	17.536064	11.300830	4.520413	16.243060	16.631913	11.476912	12.069178	16.195402	19.527214	19.317859	17.747607	12.966138	18.089555	15.071377	15.887012	17.879349	19.585829	14.133266	19.594538	7.538033	13.518943	4.641459	17.495402	9.345955	18.692494	8.692664	16.612921	10.199408	10.484844	16.846010	18.885347	12.523482	12.051687	15.549481	11.666789	6.373901	17.378035	5.351570	10.145930	11.044262	6.121786	10.521706	19.422466	10.366679	4.086143	9.309558	5.641058	7.900561	19.028884	8.830683	10.565909	17.651737	5.046616	17.374937	8.771434	10.303535	16.551248	5.203710	14.171975	10.579255	9.488042	13.770108	7.338669	9.435732	4.513030	5.885737	15.936988	9.524425	5.016922	10.918091	14.795600	8.510545	11.470150	12.183625	8.069999	10.117818	17.498421	12.284153	14.799441	4.390276	16.691778	8.906202	16.977376
18.460294	7.537516	8.265063	10.177829	9.795503	18.469822	11.773559	19.511202	13.368261	18.721638	15.872634	15.424351	7.377210	13.999811	7.690063	14.268566	7.720768	9.062517	7.293088	7.676804	4.780358	11.392922	4.655242	6.423568	16.994725	10.670263	11.548095	19.017777	18.877613	18.678397	15.571398	19.082479	16.426301	16.915815	7.309453	12.166594	4.182841	10.261416	5.752146	14.037778	6.144752	6.193082	10.765456	17.587757	15.934778	15.012014	19.935894	6.462109	13.628037	18.806890	7.644342	18.073237	8.974407	18.309665	9.673093	17.120833	19.820710	17.830381	11.702682	8.867366	17.861239	18.887271	11.303174	4.559193	4.976688	16.203807	8.930900	16.418504	19.791695	18.245560	7.791692	11.012466	13.797472	15.309134	14.830432	16.970941	12.490639	11.413272	5.436805	17.158879	18.625802	9.562804	18.612330	5.926016	13.964269	4.285499	10.521027	16.890867	10.978120	4.861370	5.231811	12.392259	13.921724	4.162759	12.807386	4.510521	10.642812	14.946815	11.588517	15.677524	7.565896	9.772748	9.709179	4.717115	16.113855	7.750041	5.804012	9.562077	13.355348	14.041820	6.312812	17.592990	13.353048	8.018647	19.822018	12.343687	16.570825	19.387425	10.597890	13.973691	4.884681	15.929385	18.618338	11.958529	14.588710	18.437009	10.733637	12.803147	5.507088	6.176807	7.067433	19.243388	12.161311	14.992818	14.882245	6.577400	13.468174	12.605160	17.673106	6.297103	9.234013	16.838280	20.176124	7.391756	14.144456	5.804969	10.493730	10.798333	13.170603	6.362836	16.393417	17.324858
5.728998	7.288769	17.479152	6.593892	18.771996	19.252843	4.123306	18.395128	16.970181	15.511017	7.000062	19.888358	15.386245	18.608626	15.072512	17.833143	19.019571	18.896869	9.864487	10.399984	9.008376	4.195439	14.777203	12.075056	16.784917	4.193008	11.767359	18.336539	5.272807	8.835210	19.231666	11.616900	18.386390	12.915252	7.130874	17.237688	9.382283	9.077077	8.369851	14.173600	5.320785	15.583789	13.287540	9.793719	11.918231	9.884111	8.389816	12.069513	17.272471	11.394780	15.407018	8.791597	9.108317	4.221109	14.928413	5.081884	11.926798	11.930302	19.474328	13.883857	5.584688	11.567288	12.220826	13.594121	11.545584	18.263743	15.972902	15.977385	9.172852	6.169939	7.820726	16.818519	15.068417	8.824469	5.241262	11.718038	14.244396	4.146336	10.855212	7.472590	8.098091	18.650190	18.905020	19.930046	12.765982	5.496586	5.329253	13.366804	8.807792	8.457902	16.344248	7.426502	6.348795	19.071156	18.920096	18.526079	9.340202	14.070701	11.059953	17.032013	4.984928	10.794803	4.068461	18.330064	14.207972	10.964137	18.137237	9.252589	18.041986	18.328314	9.530937	16.419076	15.341524	13.503981	19.907762	15.164733	9.526974	5.824839	19.633515	11.664500	8.588558	17.532481	4.794360	19.471932	13.798460	12.874298	19.737193	5.229230	8.759545	15.512436	19.527041	18.366634	10.409237	16.554669	16.690735	12.867938	16.994359	10.762154	11.907070	10.075738	5.930969	18.363482	12.120796	16.263669	13.786059	11.665539	17.745921	6.672202	8.541718	17.901016	20.138941	9.267006
6.766860	7.190781	16.236644	11.410945	17.429772	9.656035	15.877889	14.974521	15.818307	4.522645	16.303338	12.962069	8.267961	5.673184	6.512307	20.145363	10.743552	17.136922	11.705287	16.922525	16.003150	13.872711	20.012212	12.529030	6.573883	14.282215	19.701104	17.076890	13.962293	10.866250	18.136984	10.376945	18.253632	19.718886	8.011669	13.607816	11.327691	19.381608	5.262124	13.705025	13.944050	9.357081	9.168525	17.079829	4.854005	10.237728	14.391396	8.860125	13.778022	4.254659	10.354773	16.478233	11.187131	8.501601	12.962203	9.575284	13.597168	12.279534	9.939227	14.879130	14.947134	15.702730	19.268384	15.306675	19.823069	13.043975	5.610973	6.397989	18.907426	18.774096	18.666457	19.144464	15.657088	10.232920	5.625350	16.684645	19.987956	10.121127	19.296933	14.906663	12.938685	10.390770	12.510907	17.843389	9.043580	8.613389	7.329734	9.187308	18.349225	19.064067	15.016545	15.491627	8.126119	16.022407	13.134991	12.317188	4.186539	13.974210	11.999415	16.302761	9.159345	14.396374	18.170920	13.458026	16.400193	9.194422	9.077000	10.059309	14.139097	14.829939	19.325051	17.630773	10.030431	11.798371	11.738818	19.899814	9.102280	7.660713	14.700472	7.721776	12.558255	11.682151	16.419419	15.943047	15.868674	14.841709	5.958507	15.562485	10.670742	4.252468	4.516987	12.456559	8.591971	12.211928	19.613855	18.448698	8.609617	12.992227	14.000251	16.037277	8.581430	16.126889	18.563611	8.852684	15.782286	6.111433	13.649546	9.869638	14.988294	17.299917	11.057995	18.854873
10.223509	6.164662	10.148582	8.272548	18.298664	16.235107	4.257041	12.229866	18.083874	4.747338	12.031914	4.681625	9.051426	11.209776	17.287880	10.862936	19.237308	13.887699	14.982874	17.435309	17.375613	7.242093	13.696673	7.300521	14.327933	17.458627	5.269250	6.919270	12.387191	4.993887	12.332623	9.095990	19.557284	10.385092	7.770431	16.744116	7.963580	8.111792	11.827611	16.884519	4.179735	17.241283	17.844278	19.429189	7.241498	16.831383	9.527291	15.434492	15.601511	5.828914	15.747009	9.043421	14.037570	10.375304	9.069786	10.540678	9.770938	6.827334	10.040339	7.275055	14.966577	17.791670	17.386054	7.279163	9.586502	18.922879	11.312053	18.979792	16.775572	19.344368	17.226733	7.075614	14.224844	11.507648	11.849560	18.626158	4.156691	5.128622	12.278145	19.020651	13.501868	10.939310	16.980171	9.105225	11.980698	6.805190	9.631087	9.554340	8.222736	16.280447	4.141992	5.431895	14.007289	11.262614	5.482919	17.442704	9.480487	13.672235	14.871449	19.787394	13.117152	17.135224	12.774876	9.006300	11.744299	12.155953	10.618081	14.973959	12.154827	11.470585	10.134095	12.295968	5.441398	13.764343	5.037324	4.998227	7.775740	6.854204	6.406247	11.277450	13.204219	13.650683	15.369021	15.028109	7.937850	10.185890	14.617759	6.771851	12.798206	7.134102	14.619096	10.175807	8.981136	7.224326	9.200077	4.716266	8.528697	13.763233	8.989646	6.208243	9.841811	5.356553	19.586402	4.812046	13.927437	9.382465	11.043558	4.127779	14.595101	10.180840	8.969218	4.950861
17.994663	15.030713	11.921314	19.153550	10.076290	20.125090	17.084986	7.781919	9.785507	19.741126	18.459565	4.126100	11.121340	10.849469	17.135645	13.519031	7.189943	12.769610	16.906976	9.703425	17.540226	8.468075	13.268086	11.250764	15.735535	6.687497	12.452077	7.195113	10.017642	8.579560	6.769623	10.716625	18.980459	7.447932	19.715319	5.299487	17.375192	14.920448	11.176505	18.516866	17.747872	9.966105	19.034379	6.528649	16.902927	7.504394	5.587747	11.060472	10.006521	6.626217	20.045136	5.614404	13.374591	6.724194	18.073329	18.469702	9.015337	5.020839	17.843445	7.832897	10.061745	4.399148	11.676521	15.761708	15.077165	19.749123	7.451384	20.038337	11.868961	4.656821	8.908948	9.061204	18.768371	11.788342	6.907139	5.195114	17.852472	19.360694	18.406204	8.058652	15.979456	8.456080	12.641219	12.272966	7.540895	17.619546	15.950204	8.375149	19.505247	4.624761	16.759672	6.123819	10.734907	9.516009	15.109921	18.014143	13.756993	8.158007	10.005642	16.826383	7.449348	11.948257	10.626986	10.605386	6.988871	7.736288	13.055494	8.859614	13.746292	12.240196	13.173671	4.675886	7.737314	4.895531	8.873950	16.718959	12.338320	14.723255	19.725543	14.327270	10.853484	5.439894	8.645592	5.678349	4.397242	8.759236	19.026186	13.345454	12.427409	5.031589	15.982079	5.138121	18.225537	19.746425	17.143128	8.358451	17.735498	16.230654	18.764930	16.178871	12.116192	8.652336	19.349745	15.330442	11.744789	8.465489	8.332504	12.918454	19.395562	10.669946	8.711989	19.499877
7.680810	10.011471	16.227539	17.540916	8.821669	9.978213	10.658644	9.058272	13.948942	14.399964	15.547009	15.131763	12.364056	14.307066	9.460738	17.014183	9.041890	14.339074	14.897421	7.365600	13.442862	9.207362	15.997507	15.727556	20.011469	13.163960	8.759781	9.530679	4.786877	14.097008	8.772990	6.565091	20.107389	7.116713	19.207342	13.251214	6.093494	8.172543	13.472111	16.350059	19.116435	17.848026	16.453659	19.947809	17.851478	13.569935	19.861808	18.063710	19.586394	17.458908	12.514997	11.498429	10.219330	19.224015	16.913356	18.820202	7.486602	18.260326	13.201186	15.020640	17.838192	19.285200	19.190928	14.021751	6.304008	10.897349	17.689114	14.890343	10.749789	16.975117	16.492644	18.057551	9.504119	16.662886	5.517404	5.992368	12.096479	8.688814	15.889609	16.348272	10.106262	4.380558	14.539424	8.307034	12.709559	14.326566	19.713487	14.257290	8.656039	17.580083	5.087189	5.225214	16.358866	18.715320	16.057577	16.055258	12.484041	11.979343	7.817211	17.176509	5.788056	9.039616	17.393547	9.478369	10.522486	10.809449	9.638197	5.771603	7.909733	15.878654	15.019288	9.535450	15.685663	17.744621	15.128878	6.879856	11.568636	4.669971	9.180372	9.221917	18.739765	6.690799	6.224664	11.229629	13.568527	11.806699	11.797925	14.831347	7.135675	14.779283	9.416870	14.185730	10.397902	11.474772	12.903150	11.810608	4.073989	4.274647	12.451447	17.978593	14.838905	6.927143	4.919847	11.037767	7.854506	16.796486	12.332759	9.953849	8.271606	15.312123	12.952627	13.089952
5.743436	7.078557	19.045642	12.354667	7.788202	16.349008	8.104619	7.992335	12.774110	10.597142	6.757003	10.868985	6.793363	16.554366	17.617896	9.615053	9.483510	17.316309	16.814762	13.090069	17.485733	8.212323	8.708467	16.225224	16.574637	17.678729	5.667582	7.566537	9.716035	16.703266	12.460731	8.237300	8.401412	9.266861	9.764457	4.313198	12.707877	10.125288	18.232483	6.179608	6.276686	20.178964	18.888256	20.005184	11.621988	20.172024	5.966718	5.965039	17.952137	16.690910	16.516818	12.452113	19.970228	19.955477	19.081717	10.497586	5.007125	14.144691	13.463709	20.130243	13.476625	6.270520	6.794415	8.535576	7.581431	10.566929	14.179077	13.963752	8.055917	17.653731	10.913912	4.644176	7.221557	14.842852	6.170363	8.645842	14.523087	11.599837	18.158494	6.466017	15.693913	9.762585	8.525756	5.091279	4.446128	5.331472	16.219659	10.742019	13.286876	9.430389	9.769125	20.112867	15.471531	14.423821	20.044474	14.926858	16.302068	12.434826	14.606851	7.039855	6.575468	9.876521	12.601867	6.460699	19.783120	8.936556	14.520981	4.052652	17.475328	18.499366	4.411165	6.961127	11.035078	10.104414	19.902351	7.734004	12.830242	17.217747	16.829968	12.764481	18.715983	17.473308	19.010775	17.988410	15.742706	11.168182	6.492337	6.662655	12.872689	6.508452	18.678507	6.869586	9.702026	5.145157	14.956776	16.348031	11.064159	11.673137	4.310583	17.274855	18.791346	12.524070	16.896695	18.777527	16.811656	5.272547	7.092990	8.305400	5.292278	18.229109	4.319198	6.162901
13.571950	12.512401	18.496559	17.706455	8.577080	16.513125	20.123193	17.172363	14.157557	11.717189	16.843455	19.957660	7.180098	11.475145	7.636616	8.110829	10.486895	13.277783	10.388351	17.999376	4.505499	4.257625	17.541942	12.183705	18.588565	15.421967	7.039462	18.320027	7.822262	16.433175	15.185465	4.809817	18.315312	15.880306	12.927410	5.449796	16.832273	17.963176	11.225250	7.797619	4.223304	19.304576	12.994864	19.510505	16.640515	9.281231	7.139571	18.104948	9.076365	9.826838	13.723387	18.758784	15.750749	4.917872	10.206919	17.120208	13.494749	17.249681	9.358106	10.777085	12.302201	12.107252	12.734576	7.424009	20.154273	6.868851	10.479763	11.009341	16.290175	12.400569	15.994175	13.927031	4.596149	9.793756	14.741842	7.415747	17.850349	20.021935	13.218194	11.350683	6.907714	7.196474	14.639967	14.431915	19.376160	8.645552	14.613258	13.671960	15.636018	15.360256	8.906498	9.171811	14.728699	12.216655	8.097570	10.934411	14.700400	11.286463	12.867049	15.694369	7.094872	14.665994	16.739263	10.440016	7.382694	11.884660	6.674584	10.802540	12.801291	12.806470	18.377135	10.549861	6.859183	8.140447	7.359268	19.543646	17.172426	15.520450	16.323272	19.800295	4.304368	18.767840	17.874452	7.061177	17.818209	11.550361	17.947925	10.853094	15.951557	4.862401	7.702411	17.603137	17.928952	12.848229	17.113245	14.682278	4.497647	11.157905	17.758195	12.737721	19.290532	11.579496	18.509979	4.580713	11.694670	9.970436	9.480828	8.200779	18.249210	9.018622	12.299809	6.943508
14.875393	8.383602	18.439456	15.376613	16.171961	19.425183	15.903328	14.087347	14.274457	11.088160	16.584492	4.174819	19.072060	19.037665	17.232551	9.490694	15.053974	15.776474	4.196292	11.054421	14.577210	9.998858	8.262249	4.850942	16.123200	18.255615	8.897540	10.700026	9.117708	14.551118	10.772803	20.028391	18.824551	5.213197	10.168021	9.945442	12.208586	8.544233	17.486893	12.015065	6.944930	5.857578	13.011448	5.915111	11.493202	8.449481	6.760434	16.068906	13.900553	19.516689	19.822529	9.956914	6.116928	11.282880	20.131322	7.813914	14.646243	14.025083	13.259579	18.454496	14.921807	19.763851	8.792194	4.816201	11.957859	16.682914	10.175804	18.001978	4.042856	5.867859	10.577390	17.841191	7.271234	11.499287	6.719818	6.427376	4.500473	14.404861	8.359012	19.041377	15.741327	11.728122	13.901570	4.710813	6.165989	7.717681	11.187994	11.587624	19.583020	10.236870	14.889551	9.653676	6.582347	11.014762	5.510277	12.132987	6.989398	14.822060	7.384411	17.517458	9.957050	12.232633	12.959021	18.785289	9.242658	4.299390	17.877302	7.045056	8.514350	5.980487	6.276180	7.439249	10.606687	8.566030	8.266936	15.193028	12.497151	5.185455	14.239859	13.398251	19.600851	4.588660	15.399530	19.029821	5.006566	11.464389	9.495737	5.097212	15.222441	7.835844	15.287465	18.261122	19.810040	4.546658	6.343286	11.378062	7.846855	16.073212	17.289077	14.503323	15.720211	6.526015	9.881942	19.965260	6.844151	14.333578	7.086779	12.667857	13.510319	9.065638	15.240023	8.708114
5.222216	5.806653	5.263422	18.691497	5.118202	7.003678	14.131064	14.854406	16.491787	17.364589	12.139964	10.257701	18.747962	14.120505	9.266250	13.126905	14.617528	17.087690	18.119113	4.080216	11.637474	17.881335	17.637808	8.291344	4.786840	12.471212	5.435623	12.723576	7.448191	10.491264	7.460297	7.147724	15.803440	17.592738	17.214646	19.832151	7.273266	19.922137	4.205945	6.243836	13.724153	16.963466	18.514204	10.574200	16.353350	16.496941	7.000140	8.551584	17.318858	10.431613	7.291228	12.697886	17.343035	11.257619	5.794139	10.275848	15.607740	9.508979	13.838137	17.937867	13.699728	10.568790	6.142845	10.925044	4.719492	8.709839	14.687567	18.651934	4.498575	14.504567	5.322058	10.839068	17.857297	5.093673	9.302345	14.803245	11.169915	19.917029	18.394602	6.476908	16.778823	8.308433	15.189776	17.750296	7.174825	5.956219	9.140755	15.194984	11.309955	16.720139	17.958936	10.022736	11.468997	9.628741	12.276640	8.938645	13.317216	10.741756	4.348444	18.876539	16.808644	14.525297	5.342245	12.292204	16.334431	4.802912	19.992927	16.787068	7.565062	18.288083	6.898750	5.275752	9.549196	16.160527	12.627070	4.428969	18.502608	12.172595	4.485497	7.642772	14.226861	16.032361	14.410508	8.827222	8.421927	12.268791	4.285790	18.916400	10.258960	5.149383	9.608564	12.248654	11.115322	9.059320	9.394107	4.218556	12.742906	15.331349	17.306343	10.139415	7.923590	8.841777	15.982798	17.154708	11.598906	7.447607	11.521491	19.886736	17.438116	19.539336	7.702906	5.866219
18.955538	16.481082	8.418127	11.256267	19.083865	11.801764	11.225864	16.127687	8.498445	6.876792	20.009382	14.842461	13.607943	9.376818	17.290186	6.273604	19.691435	13.162756	10.292767	14.016502	16.543816	5.415817	16.255553	8.155239	11.171026	9.854844	5.515214	11.516157	13.539826	18.126002	16.220907	18.634573	12.177324	10.624093	4.198871	4.843132	11.922738	13.972674	10.104772	18.503229	14.153105	15.442480	10.760498	19.974167	16.101199	10.080242	10.931882	4.554735	8.092559	13.906637	9.575702	12.187541	19.903903	14.041358	5.116974	6.669656	12.084728	9.724969	8.095052	10.024507	18.225793	12.383675	16.737468	13.636552	7.279915	17.426451	18.879689	19.868587	12.561026	13.489373	13.257983	16.458296	9.874958	9.088583	8.767133	14.849895	4.161101	14.924791	14.574784	19.123929	11.822785	12.065496	13.918913	11.188476	12.437205	12.011019	11.706510	5.195295	7.338434	7.294513	5.734143	16.959281	7.941682	16.857646	15.641652	14.607365	19.505164	7.619689	16.174495	11.455452	16.813792	7.694062	17.885540	13.637149	9.778807	4.778292	17.438836	5.133974	4.809781	16.572289	14.723101	16.763749	10.530702	7.669407	13.165476	7.649744	18.681209	17.663447	17.552749	11.554872	4.905998	15.337415	9.368032	13.291312	10.890919	5.798489	8.337094	7.071808	4.914080	13.437522	11.935561	11.105144	4.903230	4.634327	15.112866	17.513961	14.020211	16.880363	8.557210	10.178139	13.142241	17.388464	8.078251	10.707947	7.331273	5.521330	5.648103	9.830258	10.285640	16.503063	18.810115	11.206679
14.832843	7.391930	17.078199	5.560343	10.723154	6.814922	16.478616	19.521010	19.852346	4.176335	6.008205	16.787736	9.694737	10.310002	4.343658	11.152766	12.403828	8.493498	11.979299	7.592610	11.672654	18.218303	16.670976	5.899660	5.368862	16.981683	14.449403	6.489563	4.841789	7.119127	10.879663	19.447320	7.608127	14.413741	13.897267	16.521409	10.274541	17.549423	16.739031	13.830711	5.905554	14.816084	12.148468	19.707743	11.063081	12.016543	12.277308	5.515982	17.811157	18.852492	12.451806	19.895351	11.685948	13.431353	5.121091	17.046093	11.686468	5.607108	14.502267	13.247006	13.286238	17.296237	8.920241	4.127003	17.698539	8.051505	19.244676	9.343667	19.851731	15.957792	19.508539	5.604336	17.716540	9.822836	11.513574	10.827741	19.964056	7.550241	18.446897	17.436594	12.419461	17.677908	10.231759	4.131731	15.139079	10.467381	11.834414	6.524394	11.866763	12.144834	10.971383	19.314342	13.986003	7.930792	11.807913	12.315241	16.180627	7.754828	19.346743	18.420672	19.306376	17.329696	7.536682	14.048597	17.351034	13.220269	19.003636	10.018018	12.943049	6.837442	4.958337	19.787518	4.908226	5.667181	6.993562	8.379706	4.380935	16.283720	17.218638	6.539182	5.484769	19.108037	4.188561	20.003474	7.505609	10.542777	11.960908	7.128594	14.403240	7.278290	5.717811	6.298108	13.519453	17.304920	11.068698	15.043855	18.158331	13.806160	14.797907	13.455124	8.140407	5.319154	9.173290	20.117515	16.247352	8.829919	17.836708	7.040059	15.213180	5.537886	12.000102	16.839226
12.729803	19.048334	14.424018	11.256959	15.930155	17.805125	16.793420	19.262920	11.544049	8.061738	6.946769	15.663104	10.715552	10.266641	10.659227	8.204134	8.939013	13.828385	13.963967	14.040316	11.924085	18.686596	17.600122	6.679662	16.003876	6.581080	4.209486	7.962240	19.446389	16.445171	13.713162	17.804518	15.416540	5.827028	4.166020	8.539687	15.508154	9.125881	18.696774	10.868972	15.790391	9.184373	18.660817	6.644682	14.407480	14.688765	16.228039	17.975460	9.371589	19.371177	11.442078	9.294826	10.545140	18.821717	11.243386	13.883828	7.039390	10.982443	4.199723	13.444730	15.805471	4.526661	16.283369	17.461633	10.499393	10.410728	11.521414	11.973483	16.599487	7.667276	16.837958	13.127790	4.732287	10.783984	18.924784	12.086731	13.236688	9.519208	15.634224	6.515461	17.017708	17.646177	8.766079	7.327571	19.382711	15.115070	9.573003	8.572682	17.839788	5.637403	10.088426	14.472061	6.571824	7.865743	18.498704	17.099144	17.605751	15.476418	4.731442	10.151593	11.131976	13.050439	8.946096	5.401781	16.420114	7.268007	7.512292	10.856052	16.919692	7.278182	5.907525	18.447991	5.829937	19.108519	18.011234	18.020175	19.458158	7.734945	18.383370	17.703576	14.341947	5.051811	8.303756	13.797738	9.124714	5.781421	11.353632	12.240077	4.558798	7.534454	10.916753	10.331677	8.542738	17.112450	16.497933	14.810886	13.954236	16.591596	6.403278	9.227278	4.627462	4.526763	18.728880	15.758930	10.235278	7.673219	12.620785	10.685823	5.970478	13.663528	19.998762	15.001457
10.234939	15.893947	15.306622	9.277324	19.611136	6.660408	20.141215	10.041919	13.356797	13.383439	17.902006	9.616496	4.541974	14.490593	20.005684	6.577725	7.601760	9.997697	18.479828	14.609487	16.761563	14.010652	17.857542	10.378774	14.549423	6.891764	7.155891	17.749924	5.795235	14.566831	5.868054	16.461663	16.878054	9.453608	5.584396	19.309623	17.461210	5.232568	8.919346	18.803463	16.645033	5.792286	18.188930	9.466497	6.580414	10.772740	6.395065	14.844715	10.019878	4.581341	10.654322	18.668039	18.497990	15.371992	10.983690	16.303887	14.328764	17.652128	8.890492	10.774037	9.500311	6.864293	9.232460	11.926906	18.058316	13.506080	11.908073	8.558668	13.714315	8.582541	19.117367	19.054729	9.684202	11.052470	9.941711	6.501326	14.132552	6.266974	16.631584	14.330300	6.151624	11.578210	18.764284	19.448113	16.018139	8.330608	7.623374	15.700710	11.783780	4.648569	7.030685	7.016686	8.611781	7.133572	13.820979	10.973737	19.868010	14.163643	16.411390	8.693318	15.212203	7.213111	10.559139	6.105910	12.901330	15.543011	11.144996	19.671385	16.864474	14.125792	15.737768	5.796334	7.037176	9.222312	7.698590	7.009559	9.532785	12.739000	16.814899	9.987647	18.377766	10.596181	10.605141	19.881311	7.012999	9.126109	8.871398	10.445393	15.878249	17.112526	12.279972	16.591851	15.160872	9.088277	7.065959	15.815933	18.496563	19.304242	4.624022	15.947626	10.042114	16.416234	10.790641	16.240086	6.513177	16.614687	4.238597	16.779691	8.461541	19.508369	9.368670	5.627604
12.938733	15.650988	15.929969	12.350753	5.163841	8.869761	9.861800	9.863141	11.751540	6.932395	10.532611	14.850064	5.968470	14.662329	4.614702	10.330898	10.875033	4.732902	7.516117	13.319044	10.262520	11.615414	13.123558	19.395228	11.146248	14.878116	12.944082	11.621417	15.659452	6.731288	14.650338	7.566653	8.554502	19.235569	18.699234	6.501733	15.536286	8.531825	12.548843	4.794615	6.264836	10.604953	7.765342	10.242384	10.733303	13.716715	8.252987	18.395241	4.296113	10.106471	16.735648	16.793965	10.586412	14.686177	12.843659	20.177175	11.999268	17.857465	11.380848	14.140113	5.544080	4.390220	11.397741	16.794159	19.287208	14.034922	5.116792	18.566539	15.547750	11.662974	15.907626	7.645850	19.915739	14.350088	7.935769	15.763019	7.563711	11.864771	18.099128	7.351207	6.600869	7.567918	15.675386	7.703531	15.533758	7.160087	6.138738	9.362124	14.951264	15.666155	18.803281	13.541606	12.167419	16.755966	8.370216	19.556123	14.020808	11.836908	19.773715	4.798664	16.077614	14.300456	17.457979	11.545673	8.301594	19.823251	14.228940	8.075994	5.471678	11.630657	8.181309	8.079103	17.197965	13.794092	4.433149	15.293743	8.081253	9.199438	19.251060	10.141643	8.539868	4.753065	9.465024	17.157907	18.037001	16.568469	19.693783	8.131757	14.790978	10.674962	13.274238	17.923432	7.595972	4.973112	9.961644	14.647608	14.997435	12.415102	12.923745	15.746308	16.154206	11.401352	14.999533	4.333033	14.611306	13.516310	4.837347	19.670510	7.217592	6.070024	11.505382	6.283881
9.539845	18.582850	8.751657	19.791945	7.837029	19.484330	8.711723	9.139187	15.530876	13.794631	10.729660	18.330469	5.984432	7.661840	10.109707	13.250893	16.317725	11.944103	12.523275	10.105522	16.563985	17.202732	12.953155	10.244242	11.408936	4.935462	9.714959	9.617449	17.398368	9.074955	11.600494	11.943865	5.658035	19.659435	6.003737	8.868253	17.233217	4.810562	14.839878	4.311967	16.332884	11.207364	9.183560	17.581247	14.156334	19.885643	9.418851	4.508110	17.815962	17.692761	11.150863	16.711651	8.044124	6.819167	19.294637	18.986708	9.396298	12.600489	9.027815	18.309584	7.897159	9.431653	8.419147	4.787084	16.003834	17.923332	9.798305	18.810300	16.335459	12.435279	18.993638	6.655370	6.267111	16.259640	17.799948	17.143815	19.356201	7.833083	16.119539	5.328567	7.035161	5.490138	8.719305	15.026053	8.272693	11.273912	17.059838	12.504552	7.215747	12.079498	6.044852	4.296351	11.941356	18.690098	7.854249	4.268439	15.616741	18.016307	16.511883	19.705933	9.858940	8.567165	4.041262	6.603718	8.215477	6.657714	8.667135	13.491067	11.845076	19.769473	12.333216	17.169296	14.337066	16.195830	18.279434	10.744994	14.255973	8.193073	9.108704	17.255294	4.155901	5.896575	18.033206	19.916443	13.493463	11.290478	12.842846	17.963390	6.312840	4.467650	8.066102	12.649251	13.900223	14.978393	13.293471	9.175821	5.841970	8.213356	16.878729	13.874852	14.445575	14.003798	18.018871	7.830474	10.726384	14.728844	10.812548	10.563897	13.320639	7.555885	19.555633	8.172159
7.134974	4.383430	18.743620	11.992904	4.078441	11.126794	15.242450	8.246917	15.063802	14.983180	10.627791	9.234568	16.390391	4.519499	18.441707	19.737336	5.871671	7.615041	18.870249	5.938693	16.071571	10.444596	9.598468	10.701612	11.180080	12.195748	13.605878	4.228265	7.090458	7.198795	17.056600	8.945390	15.465536	17.893864	15.912106	14.230056	9.876112	13.054415	4.593996	18.592265	4.062092	20.068177	10.073444	14.264302	11.395731	18.402406	13.557628	16.674251	12.023093	18.688832	4.290696	14.680090	8.697993	16.911297	9.400384	15.715673	19.289537	13.593902	10.107747	10.979682	8.650542	12.979366	12.003855	6.625603	19.639336	19.390988	17.201752	14.353296	13.404074	18.321539	7.938214	18.107454	11.517710	9.878067	9.423368	6.685452	16.379263	15.492043	10.238326	19.391131	14.255766	8.831143	12.071993	6.738809	7.824501	4.304143	4.917991	10.595284	14.535733	12.980936	8.744908	12.718872	7.051719	10.714443	15.999274	18.768654	15.820601	17.773009	16.027394	5.615431	8.072341	18.413062	16.047764	7.731638	11.250166	14.591095	15.317435	10.761483	16.677075	15.597473	11.306177	15.207657	15.248714	20.132905	15.073173	10.591089	19.671485	19.903219	13.559279	9.988388	7.059748	14.687784	19.274034	13.601590	5.939046	18.606358	7.244492	10.002733	5.961903	9.859906	17.731215	6.696110	10.868308	19.485328	13.770507	19.468826	12.445533	13.050195	6.872532	9.820751	12.168035	12.912878	15.743831	13.427783	8.333557	19.198771	15.686239	4.274085	7.001585	6.276864	9.546282	12.324724
7.304334	16.922088	5.654640	19.301209	9.571813	17.216795	18.391549	6.144017	6.199552	13.516447	8.030465	14.191451	15.556485	19.257462	12.999585	11.595207	12.965883	19.582918	9.432482	13.148113	14.668676	13.470879	11.617221	4.123217	15.456447	4.100747	10.295112	6.115978	5.686200	17.749265	11.758970	19.291203	18.538594	7.998204	7.794892	18.722256	7.747559	9.807853	19.249206	16.285167	18.087670	4.138849	15.738739	15.405562	14.584928	19.832142	19.748478	11.280120	14.358791	10.984297	4.388079	12.713586	17.301297	9.047486	18.825038	15.338567	18.730577	14.075289	18.306601	10.925713	8.929693	12.311040	19.606814	11.208393	17.660806	8.231020	9.847682	5.158165	18.526793	8.382678	8.875416	6.456399	19.264402	18.006112	11.893465	5.969860	10.090516	5.795458	6.043214	9.196316	12.207903	4.389026	4.185779	9.480288	10.497244	18.593601	8.625823	7.745427	9.496186	8.402212	11.790064	13.930310	13.295314	10.532068	20.081838	17.892498	17.530872	10.647247	6.733135	8.824158	13.451016	13.697352	11.650527	7.148575	18.229167	5.596741	9.313610	12.957445	17.410716	18.455398	9.814176	8.230331	4.060519	11.740022	18.205600	7.174391	18.047657	14.401252	16.051213	6.672801	14.236421	11.322500	14.692807	6.249715	14.892481	18.971562	12.098114	6.650032	10.448133	8.910915	10.272386	15.651321	14.670814	14.167983	16.271690	12.775040	14.117368	17.131622	12.682333	17.051118	13.715750	10.673592	6.435341	16.390262	6.807375	5.570476	11.907969	6.698312	5.860928	17.785414	7.004588	5.354537
19.660584	14.659863	13.385204	6.732768	13.788570	15.411589	17.602329	5.436343	17.737358	15.180684	7.649892	19.909074	17.311770	6.744079	13.653253	17.426907	8.161872	10.381914	7.776351	9.694080	6.893442	15.966485	4.398219	13.309328	4.853545	4.812818	17.552430	15.255598	14.644372	12.700241	9.799087	11.505028	19.081216	12.359171	20.020220	13.822179	17.178604	15.218611	16.541535	8.897457	12.376928	19.807832	14.841851	8.761960	10.087054	17.240150	6.616309	20.137674	15.294261	10.317068	18.369313	18.283277	14.849354	13.187913	13.106571	12.218385	20.138064	16.927204	14.646185	11.490563	17.413040	10.261465	4.161147	10.938647	8.344995	6.374592	19.018665	17.048044	5.389712	13.249881	7.093010	14.500055	10.979717	10.716648	14.070346	4.168868	14.590208	5.769972	7.792906	17.325807	4.070496	14.197864	5.051457	14.769806	14.580290	8.302793	17.756097	8.646606	12.774081	13.280754	13.274494	13.443141	10.127260	10.530058	6.740506	16.843707	17.194929	8.351698	15.418266	15.165682	7.000320	8.435596	19.454032	15.868314	4.224828	14.383546	17.761421	10.265618	6.982493	17.170713	7.122640	16.208850	12.708219	17.607885	15.755556	12.015616	18.265862	7.161212	6.136883	19.942059	10.664172	7.209199	10.784811	10.693131	17.047046	11.796533	17.846061	17.782343	10.967982	19.300761	18.244218	10.063663	7.436632	4.151632	9.103634	4.844189	18.406528	19.466107	11.538091	5.963480	12.844261	7.400468	7.806481	19.237805	4.703305	11.121246	14.646138	10.739556	15.412550	9.402120	8.595427	14.269072
13.876790	18.263597	5.102228	14.882397	17.723804	12.570784	5.391022	16.779646	19.519420	15.873469	17.434299	7.893392	11.763332	10.864609	11.758589	16.672008	17.975934	15.945855	11.261012	12.023845	11.149505	18.133221	8.285086	14.739431	6.883859	10.848811	16.587335	6.575097	9.236521	15.740838	4.264272	14.918151	11.752482	15.318741	18.857801	13.701965	16.914138	12.200962	7.439688	12.153140	10.729808	10.889731	6.778520	16.488535	19.192064	16.872255	10.818419	16.970034	6.551090	5.163972	13.517279	14.263990	14.588520	11.420615	19.351481	10.629538	6.677749	4.687061	9.757806	14.639542	7.132040	12.821256	18.454597	5.803644	6.154649	6.616215	6.483220	17.851045	16.477362	7.308540	14.473441	10.893907	13.011006	5.928654	12.472492	11.970510	11.094705	17.159737	18.680063	15.823496	6.342681	19.321730	18.701503	18.705714	12.106573	4.872813	13.805984	17.082016	17.307834	7.662685	8.830172	17.899724	15.861741	18.514647	6.614487	14.445989	11.410711	17.732000	4.838256	14.975215	9.152008	10.725025	13.473361	9.995577	5.146540	16.471928	11.866898	4.621013	14.565868	4.123891	8.399078	8.486213	6.673236	13.186641	13.877487	18.632331	14.863635	6.193381	12.204919	18.221277	7.372191	14.928481	6.701316	19.079755	6.809393	11.046731	14.514471	13.433317	11.462080	9.722546	14.970301	14.868257	8.075548	7.131111	5.890126	13.390162	5.341101	16.259099	12.560257	17.801610	9.802158	7.346773	6.518978	10.070112	8.568896	11.907895	11.668701	13.666642	12.114129	7.742484	7.573796	14.703292
10.864241	4.493464	19.005506	7.625125	12.104367	12.657214	12.904781	9.042070	13.231501	10.012391	18.952301	16.968057	9.654430	17.235906	16.737968	10.615702	18.328783	10.569990	17.064037	19.502657	6.224086	14.955732	10.014626	13.545847	8.431303	8.273396	19.120218	4.335380	8.453837	5.721950	14.372593	8.390516	4.166271	11.378730	14.136486	11.338174	7.830199	8.268401	11.126635	9.677706	8.497110	18.120068	7.568055	6.803623	10.676866	15.366324	11.742452	14.743828	17.843401	19.713882	5.427908	10.634633	12.433317	6.170595	9.798763	9.546424	14.043809	11.047748	19.429085	19.693367	14.829337	6.245562	15.516266	9.808699	13.879700	12.145870	17.078203	5.783595	10.016796	12.173845	14.830377	17.367830	15.846015	8.286113	14.057618	18.517703	8.436432	9.776001	14.104696	5.224874	18.229751	12.958865	4.779668	13.614134	13.577756	5.096855	10.286677	15.155817	5.724569	5.019352	5.808690	4.235456	10.595668	13.611537	19.697476	11.302109	9.316809	14.664698	15.011313	10.081125	5.884859	17.462041	10.315976	19.775022	17.147767	12.097096	15.122267	4.437495	7.517622	8.050678	18.775474	15.808236	10.674767	15.261788	8.073827	16.597401	10.462393	18.947488	8.982193	14.689078	10.160862	18.257909	13.901517	12.150846	5.645476	5.847664	11.005667	16.237091	4.470626	10.299463	7.711980	11.026016	10.468223	16.943898	5.668150	9.171848	12.504433	5.314418	4.375036	14.993605	10.945820	9.945259	10.079554	10.075853	9.752319	12.564445	9.836208	10.565249	15.469602	10.024985	8.294289	5.902087
9.241828	19.180171	18.126597	13.918331	12.182007	20.020896	16.340478	5.373583	6.391198	10.670408	18.475719	11.074911	15.210142	16.241633	19.815684	17.589015	10.308774	15.599192	9.268063	8.594007	19.312198	7.015235	12.019727	9.215545	16.882010	12.949152	10.374738	8.376022	13.641141	7.635796	12.580744	9.365113	13.623530	13.904304	9.796272	12.423815	19.595912	15.806536	19.493355	11.330423	16.199623	8.145167	4.236029	13.286357	5.102169	20.150701	18.481747	14.740923	7.870289	12.935834	12.162257	12.858488	17.355035	9.471219	11.003709	20.170598	5.420031	19.128028	11.127152	13.926079	16.431951	17.515920	19.588356	5.684957	18.289899	5.481123	9.482303	17.761501	10.715329	16.691766	11.411117	16.870053	14.618637	15.675712	15.920934	17.670920	5.425042	5.917290	6.352889	6.148968	7.368882	18.587208	14.171902	16.255137	7.030251	6.304962	7.270786	16.240532	5.127969	19.481774	15.260973	4.370054	17.083806	12.431626	9.349307	13.933134	17.033511	14.161971	17.857635	5.553262	18.434944	6.538073	6.935539	7.210278	12.400390	19.775387	7.424854	13.453490	9.134477	19.591027	7.322689	4.238574	9.651345	20.112445	14.024299	16.402267	18.294629	19.779276	18.265014	11.535506	11.942735	7.818443	8.712846	9.459367	6.938381	19.413493	18.011931	15.196880	7.880651	7.449371	11.558581	16.485254	19.903694	9.827670	16.963322	4.341370	12.363934	12.881956	8.840009	4.919507	7.660616	19.742572	15.887432	9.189452	14.156171	16.574703	19.118164	7.715087	14.177535	19.214339	12.331057	7.769920
6.133826	14.352609	13.441025	8.860636	16.158792	5.950730	12.804228	13.282434	20.018237	9.161745	11.050221	12.797976	12.676991	11.865579	11.911980	11.512049	5.325732	18.305866	12.481979	4.123075	6.570231	14.231607	17.197159	7.093648	9.683585	11.386036	18.408967	8.559985	7.991529	16.578340	7.702651	11.127126	13.770428	19.976445	7.955539	11.237026	14.770822	16.545981	13.019406	13.917592	18.412920	15.051820	18.971070	11.129535	18.129448	9.957272	11.375331	9.663446	7.964216	8.755676	15.672717	4.732778	12.925237	16.412511	10.435891	13.332023	11.226657	19.438503	6.952107	14.081506	13.254383	5.475423	10.413347	13.668663	19.677635	18.250942	12.346532	19.046646	17.200345	17.339983	6.594352	19.094873	10.520070	9.412205	7.884208	5.287113	15.092462	13.321875	8.092074	19.721359	5.079001	11.856654	19.497848	6.819582	8.744003	5.148625	4.334796	5.215322	8.363427	19.323448	18.351789	18.935089	12.114112	9.905908	7.630200	13.138742	7.684376	13.907779	11.139149	13.990056	11.876319	13.060371	6.917187	18.052641	9.394002	12.798964	8.494561	14.399000	17.317899	19.077084	11.520388	12.839108	14.764217	9.895379	14.394901	11.671945	12.292800	9.729226	8.674710	4.048982	5.169144	15.491390	18.273138	6.091136	9.659825	9.014569	14.480689	9.672170	16.675709	15.962810	14.755596	19.744784	7.028711	16.181744	7.859416	9.182958	4.605304	8.133296	7.204263	15.060753	10.416141	12.729943	19.259204	19.421204	8.412593	9.723525	7.100844	12.301442	9.962366	16.452200	6.367448	5.820560
20.103070	19.352376	4.954591	17.490440	7.460821	6.186950	14.085639	16.649730	17.358189	7.049521	15.507937	18.088238	17.118031	16.228425	17.994510	13.421790	17.394174	20.093600	4.782097	15.716186	16.813044	12.185254	9.095526	11.612186	12.972563	13.435656	6.236314	18.854333	18.165748	13.405636	17.810263	5.495346	16.533227	5.060897	16.560660	5.781638	16.869893	17.315936	13.156033	19.747955	20.015905	16.668603	9.019963	6.587636	19.856222	11.218350	9.231175	19.028495	19.839552	17.840506	18.901963	11.728388	20.085598	19.415093	18.880928	13.981942	14.603792	10.737020	8.834002	8.728374	17.588314	6.970010	4.910339	4.995332	4.910866	12.440595	6.492314	7.814179	4.766195	5.227793	7.156758	10.402852	17.595962	19.004144	5.053292	9.941226	9.642257	18.862258	5.618219	4.739153	7.859395	16.289734	19.914972	9.211453	17.447762	6.837804	15.199750	14.596344	17.749390	14.581338	8.430244	4.469760	17.154162	4.383396	9.543360	15.023263	14.071864	14.927537	13.998895	14.789210	5.678804	4.646993	11.469588	10.787220	13.612161	14.656364	19.348186	12.690691	11.663861	10.228096	14.383406	20.112399	18.412483	19.763639	16.720559	7.095298	7.593225	20.098201	18.834158	6.937062	11.283316	15.597651	10.410194	6.099646	15.951185	13.885937	18.578338	18.778612	10.638139	10.361073	12.715193	15.612346	15.983500	11.260581	5.355179	15.461912	18.344577	14.632180	18.463760	12.659760	7.639142	5.625516	15.633976	5.516018	4.807609	11.882468	9.016693	12.183884	10.549533	5.796016	6.385769	18.000956
5.910328	19.192923	5.683932	9.466949	19.691778	13.350028	10.804359	10.203501	18.384505	18.169805	4.330790	9.809492	13.528040	4.243574	6.256507	10.713114	5.427177	16.415444	4.893078	6.529215	19.219354	4.447941	11.966833	5.603483	11.651955	15.646321	12.925175	19.712672	18.410085	17.915046	17.740845	16.785921	19.818282	9.919211	12.708055	13.002791	15.209257	15.699125	11.717395	8.326015	18.353826	9.957817	18.727284	13.677853	17.456820	6.309639	19.565049	13.581511	15.300361	15.727475	16.582149	19.708769	9.577251	14.698914	4.232062	4.677199	6.947254	7.276589	15.191525	6.801566	15.520160	15.494057	18.398802	14.302484	18.437489	6.413306	12.543948	13.966419	16.862624	5.330636	16.528920	7.382681	15.763483	4.866746	17.704082	7.421877	9.513399	14.420405	13.543033	13.080711	15.681196	6.200748	9.992318	11.491985	14.890501	7.868227	5.920855	12.641853	18.539595	10.056056	6.065364	19.618763	17.875875	19.993182	14.667067	14.459446	10.461069	8.600951	10.900898	6.124210	4.258395	14.881563	15.899473	4.311100	12.889793	4.618583	6.876875	13.987635	16.469507	15.585308	13.503343	11.781897	7.068212	17.664112	19.939952	11.931275	8.324743	8.210268	4.594940	19.067298	19.692469	19.222676	4.826158	16.796295	8.930751	16.432900	13.274971	12.291526	11.996399	5.027442	17.445456	8.100056	8.669246	7.690078	14.766552	4.909082	17.222344	17.959650	10.593046	8.353096	19.462322	15.281615	19.016908	19.297199	10.645634	18.418362	9.653753	14.228853	8.570214	10.924705	14.877903	19.463190
14.630626	4.819247	4.796309	6.626123	7.025078	9.600082	6.752608	12.852423	13.057663	7.692787	7.378461	4.245416	18.367674	16.114440	11.470007	7.987766	19.651958	12.082885	11.148455	17.200149	18.924907	18.501973	17.676937	9.030139	7.641232	11.568510	12.527043	8.625721	4.715878	9.790567	5.080330	10.592653	17.928034	13.697819	11.736011	19.972902	19.647018	6.130778	18.616042	9.552612	13.359852	7.384747	15.675583	9.345672	7.060449	10.065100	6.896286	10.702731	8.104573	17.807638	15.652595	20.069239	16.015300	4.794097	14.241221	4.542909	15.715907	17.164043	7.581410	17.222225	10.981857	17.827238	9.109802	10.808875	17.370875	10.576221	9.836117	18.973073	4.811066	9.484056	15.695446	13.883948	8.792223	13.326847	12.856394	20.172394	16.487537	5.529408	18.252940	15.245809	13.968728	17.839084	15.770712	6.894223	6.518494	10.041869	14.051312	19.103421	8.219895	12.518070	18.401790	11.611950	4.375058	7.376032	13.464573	12.697865	4.793839	16.145874	9.040401	19.588331	7.066463	7.437010	5.072424	5.674113	7.977186	18.556959	9.057464	18.844610	11.158830	5.612563	19.891042	19.687909	19.302582	5.302083	7.131188	18.956967	16.187826	10.604797	15.278632	10.111245	15.248679	17.537903	17.803692	5.282988	15.864155	12.090173	19.844039	5.578814	19.748713	14.491936	7.708971	14.132623	17.606041	5.428122	7.711958	7.935011	14.806039	5.368344	17.956775	7.594449	11.037827	16.351022	13.718159	13.090571	19.487830	5.469944	12.113422	14.522585	10.233817	11.797229	7.304132	9.589128
12.530358	6.365963	9.479373	12.243963	16.717234	19.153520	9.663661	19.816421	9.393910	5.735443	12.023273	8.626657	18.429329	18.482486	6.731852	9.483479	13.462376	9.815350	9.656441	10.848399	19.839529	6.946893	18.127217	11.846836	9.793105	9.384768	15.193767	19.678051	4.199828	4.324010	14.148018	16.780304	16.212467	12.357231	13.029686	14.224770	9.178830	4.727107	15.388117	12.343379	18.192144	4.606415	8.509600	12.174376	19.194389	17.815527	13.504570	16.402344	5.234417	10.206592	14.305105	18.896747	14.266435	11.291069	12.707427	14.884404	11.920914	7.551442	19.330127	14.887455	17.903584	14.205586	16.482835	4.242477	7.664789	19.473513	13.902259	15.452405	15.146200	14.760890	6.198164	12.174323	8.034084	15.615654	8.800913	5.258126	14.230887	12.640643	5.374314	14.297000	6.410894	15.028381	4.217200	17.208903	7.781873	18.594726	10.713800	15.520851	14.060156	6.232677	19.120759	6.525436	16.199409	16.669118	16.713267	15.585769	20.040303	14.428737	7.240496	13.467516	8.133964	13.575461	7.765422	8.744939	7.326412	17.782101	15.813315	6.024653	12.727398	10.043311	4.661979	7.005706	13.792123	17.689871	8.107925	18.221058	18.741161	9.987351	12.067144	4.137736	16.875858	4.870820	12.507154	4.100428	19.697302	19.202824	6.679904	8.382723	16.004067	12.122058	10.466571	10.781363	5.092561	10.493002	14.496677	5.156786	8.352772	9.160257	18.900444	4.833528	15.130328	13.727913	7.628631	11.749088	19.029150	10.560541	10.270261	14.426677	5.570738	11.175978	4.720248	16.668550
7.479293	17.027907	8.758394	10.916223	8.784255	11.136965	5.960261	15.717223	18.628289	4.829574	12.626858	16.619035	5.444581	10.860573	13.354819	5.063783	9.443097	13.950175	15.188551	13.956144	6.713546	14.869941	11.350733	14.247909	17.184978	17.100616	14.506539	14.974874	19.056964	12.473756	8.158887	15.113013	13.896731	17.030676	4.871651	14.410031	7.320783	17.995327	8.372695	14.893516	15.903335	15.291461	14.025343	8.776824	18.287390	9.915832	19.117146	18.650121	20.019254	16.198816	12.822834	14.362609	11.853568	9.100986	9.861030	14.100937	9.006870	10.669735	10.142085	8.890999	18.709101	8.858348	7.739802	7.810000	6.550042	12.134900	5.467974	14.569513	6.282773	15.125511	18.663902	11.560503	14.833399	18.210234	14.261997	9.686983	18.030555	7.960040	12.512404	14.168624	17.018610	15.678319	16.899482	19.521950	8.574063	13.334722	8.330048	7.513297	5.730093	8.872946	7.116854	4.457351	4.930490	6.635460	5.348789	6.854786	7.356879	8.589258	12.531765	14.635834	19.408059	12.095553	4.649843	10.601756	15.369793	6.085619	17.759659	19.843509	14.131434	12.866528	18.643696	13.931069	14.616225	14.187094	18.392120	4.212795	8.029037	14.859847	18.574542	4.641557	12.166177	15.847606	4.626570	11.744039	11.489317	13.681082	8.131344	13.075095	14.113744	15.833602	13.792238	17.565937	6.641437	19.941825	14.893942	12.063292	14.353806	11.522375	15.759227	5.205412	13.825998	4.917689	10.029958	19.298669	8.047893	18.084430	14.150395	7.996833	16.314288	8.568632	12.185126	7.893393
12.903032	16.084898	19.099714	11.688112	9.712374	9.386951	6.155069	12.238991	13.520739	8.025393	17.927633	8.352548	18.770243	4.529002	18.104724	11.548967	14.727412	17.356356	9.192641	8.586452	17.755191	8.597390	12.398701	17.114869	15.587519	5.900713	7.925738	12.173664	5.394727	7.257363	19.815903	15.490287	4.725104	9.787228	4.895648	16.914599	15.809260	17.851715	14.698643	5.566989	10.199191	14.481732	19.872612	17.751716	10.119468	11.452963	10.815871	18.812191	11.370495	19.495284	17.393562	6.138525	19.643531	12.005236	17.078735	5.544350	8.702284	7.651169	18.994452	17.748533	16.809184	8.824820	18.098275	9.315318	12.762084	11.440154	8.784353	18.106775	11.532147	14.867999	9.685763	8.135882	5.204981	13.166709	5.025949	18.021203	4.253767	11.068799	16.857223	16.978549	7.253048	17.713552	14.286704	16.936236	6.399301	8.147952	14.196638	9.939667	9.459707	18.195288	4.558726	9.858983	7.656134	5.493467	18.819469	8.258557	6.122875	16.988533	14.029954	12.043512	11.804535	19.581595	4.100906	17.995977	6.242662	4.333851	11.457645	9.329479	12.321054	7.531763	9.491157	11.894913	16.050218	7.516451	16.535978	8.942839	13.084642	10.524891	10.955949	10.693504	7.425403	19.702367	9.946869	7.489703	18.038133	5.137589	7.635108	11.731096	11.342655	8.321164	15.196720	13.262324	4.869454	12.913389	8.932580	12.508380	9.281307	5.876664	4.322777	17.891427	8.589261	4.697174	12.087289	10.085160	17.588001	9.601352	14.183888	7.427204	5.104172	6.926194	10.026361	9.283264
15.618307	11.159968	12.077390	9.394965	7.482135	14.065008	13.288330	14.648477	8.958654	10.033026	9.699281	10.977915	16.586213	11.198457	18.287267	4.124934	15.311069	13.951062	16.198224	8.642322	5.274337	10.267680	6.711713	15.566306	13.851061	16.114593	13.694858	7.577657	11.765425	13.092234	19.479359	4.080729	16.820296	17.310767	15.449915	8.298517	14.932839	7.546213	7.117763	9.397994	11.331444	4.944750	18.947930	13.213831	17.237641	4.297977	4.151209	17.531522	5.680775	17.448769	17.462518	15.464168	19.787520	8.131227	19.328504	13.574107	16.172348	20.110493	19.792660	5.945499	17.518256	11.484526	14.778398	11.011281	5.244671	11.000945	10.645644	16.363834	12.226283	18.526857	20.096894	10.372445	6.078836	7.293104	8.703119	9.601482	8.106914	4.468842	11.106920	19.134519	10.146941	18.374790	4.658687	19.261949	9.318805	17.524208	9.674835	11.739055	11.167165	8.963819	10.405887	6.282705	10.268076	9.448478	13.343934	16.436164	4.051846	10.052014	5.921549	13.623860	4.129077	5.903794	11.732759	4.496255	17.535073	5.065503	12.202776	17.970259	14.777583	18.363988	7.843190	16.741763	6.789137	4.363875	4.335320	6.687919	17.567455	19.167511	11.872438	9.452255	19.266222	11.286175	16.679443	6.960761	19.232055	18.657789	9.060618	15.148796	14.633355	10.643559	18.309787	12.321315	12.923505	13.206908	14.095233	17.549558	13.777217	6.835409	14.468982	13.571280	13.989746	17.027552	11.323736	12.969140	15.694031	10.156124	14.264699	8.217511	5.183305	8.046803	7.982071	16.934322
5.800246	6.347944	19.466172	9.451036	9.971893	18.319659	15.300376	12.866051	11.490346	17.927913	12.141396	19.257012	17.954057	16.069814	14.658384	11.873141	10.646372	17.228509	9.924234	15.051302	4.447858	9.082355	17.536992	19.775848	16.981135	11.641387	19.577326	10.022799	8.222820	15.660150	14.430422	17.969826	16.934084	5.515819	9.019096	18.106197	10.853806	8.281891	12.490589	6.599176	5.784806	13.634496	7.485030	8.390788	10.959179	6.362434	13.039507	11.671916	16.756182	4.995486	14.306922	17.285988	10.149053	15.489659	15.845824	19.132242	17.377485	15.250225	9.542141	4.643524	16.779262	16.899489	13.511471	13.903704	9.132436	13.392087	10.438547	20.112824	16.269530	7.763745	4.601506	5.521324	4.783216	17.488016	18.860830	5.992229	8.640456	16.246154	20.177415	18.963367	12.161238	8.066829	5.830729	19.849860	13.968907	13.474837	15.693085	6.586367	14.334997	16.253752	18.608876	16.728124	13.536928	20.171908	13.112147	9.971190	18.965050	18.165520	12.328115	4.865192	10.359658	6.373017	6.858691	13.781584	5.077303	17.231928	4.913124	13.250187	11.647665	16.208455	8.179757	19.967887	6.039684	16.909307	9.827180	17.350627	6.380767	19.326282	16.054383	17.768646	4.102052	8.917472	16.127999	12.706200	5.888966	5.477753	8.733772	5.615155	10.340271	7.515301	19.879080	6.885199	8.834345	16.794793	16.093885	15.374157	8.717184	10.107851	9.908857	14.703719	16.779679	7.602436	19.085251	5.456039	13.902803	9.432931	19.445407	11.085885	19.437087	8.386609	6.732124	4.182021
4.543152	15.346485	15.966056	16.836682	19.594293	15.622153	6.833806	5.267122	12.187933	8.465820	14.462113	9.621455	4.140665	8.777725	16.909038	16.174984	13.436811	9.153692	15.224256	7.596984	14.968818	9.841240	7.958456	15.557435	9.809808	15.771561	4.779892	19.508930	6.450978	9.908458	13.735029	9.901244	9.954476	15.000011	14.635152	13.240592	12.462634	18.127744	11.166818	18.531053	13.814820	17.641839	9.920247	10.690773	7.255218	6.339079	9.683117	6.096512	17.730727	14.575032	9.733600	10.257785	4.898352	8.581122	12.368939	7.609137	12.883363	18.322340	18.657272	6.629412	9.583833	15.056498	15.154342	13.395720	18.367056	4.699965	15.270951	6.425551	9.529560	9.180565	14.813137	19.263717	11.603472	14.715176	17.506997	14.180691	18.089463	11.017724	17.854441	12.568276	19.426681	13.288186	7.060065	10.465891	9.437164	19.678244	11.871201	17.934418	9.954628	7.402069	9.402333	17.023650	19.897018	13.958162	10.384165	17.589434	11.869069	10.539966	8.589611	7.906159	19.628552	16.667595	7.771524	14.174129	18.634811	4.329182	14.847516	19.907298	13.116622	4.969301	15.962633	11.106984	10.979031	5.929234	17.702401	19.508905	16.500325	10.205965	15.339627	19.372109	12.382843	12.610649	14.644188	6.060367	12.392401	5.037044	19.078198	9.418753	17.922187	12.500439	10.197306	4.669542	7.434657	6.158088	14.461672	16.961900	15.653198	15.730793	14.228715	7.606423	4.792778	10.661800	9.167529	10.343293	14.795762	16.392085	9.549223	19.314546	4.392298	17.794230	17.870853	15.553986
13.346327	19.671679	11.324564	5.605939	13.534093	10.720446	17.827701	11.811775	15.260855	8.094653	18.057726	9.633804	6.260490	13.027779	10.888567	9.457942	9.933382	5.595912	10.029751	17.157619	15.854541	12.873725	11.546865	16.453249	13.854413	10.546680	8.324877	4.982814	14.316267	19.429911	13.581359	17.046875	10.741472	9.526431	15.236102	5.473550	17.363737	17.347436	5.621445	18.844216	19.099058	4.556248	14.464924	10.948877	19.110015	17.865999	19.689691	6.280643	14.379987	13.647798	10.805722	20.162252	14.371111	11.004563	11.451061	19.261462	7.569873	12.739718	6.990930	11.888374	16.995815	14.461706	16.224485	15.565021	10.896291	8.172685	8.033922	6.006590	12.063651	13.767848	17.928554	19.640024	18.298631	16.085827	8.672082	6.068513	16.013137	14.535476	10.600993	18.577998	13.118053	11.420916	11.459568	11.403827	9.784473	7.667035	18.705393	13.053947	18.072623	13.829990	15.666893	4.935133	4.130106	5.909909	16.519414	14.279759	10.388327	8.269269	18.548716	18.259252	17.181267	7.410141	11.871993	6.963982	19.154697	7.998953	15.416580	13.539702	8.761499	7.820579	14.085511	19.328161	4.887467	8.332107	13.331604	15.147691	20.155699	11.752537	8.955433	8.231741	12.187952	18.501203	6.505866	4.923291	17.538326	4.953896	13.697655	13.074595	9.925626	4.780422	6.078771	5.989428	10.958004	17.547127	15.723074	12.062242	8.223062	7.771043	14.450041	14.038739	12.657841	8.699759	8.613924	17.003310	16.128039	12.489532	18.597756	4.831774	6.364878	16.349839	11.710720	19.484123
