0.000000	31.576748	27.540709	18.981984	33.342673	33.154610	32.858902	37.157541	18.788735	16.818017	26.714841	14.571224	11.227136	31.731157	31.071036	37.784927	28.204369	31.382810	40.875854	39.040257	13.816814	33.473195	27.685779	30.268600	21.947718	22.655399	28.360617	28.171699	28.613640	33.768612	39.249915	23.511792	35.953573	32.109063	32.517938	32.789089	31.149507	9.602124	34.412347	17.982750	21.043669	18.326435	12.217602	40.229170	19.077639	11.188644	19.600305	27.159400	19.721023	17.060615	34.928092	23.836414	36.245558	12.401204	39.883493	34.914064	8.668298	9.741285	8.880955	30.571155	37.201504	39.815225	27.160680	35.901147	12.613789	16.993478	33.513922	8.601697	19.474523	17.708780	34.854803	32.938372	27.212644	14.415379	25.289663	15.917921	30.887319	21.052984	28.882619	12.351327	10.956203	20.229921	21.235957	32.661007	30.222703	21.197811	27.573220	39.743296	27.321193	9.459607	15.280621	36.548200	22.087414	17.118664	22.301965	34.689836	32.635822	36.502217	25.469213	39.760784	18.623474	29.405781	22.251265	11.687058	26.492351	32.737469	12.445282	23.242112	12.696601	39.436602	9.921612	28.202085	28.271481	30.592778	37.619528	36.445654	42.015353	27.345763	19.172890	42.143038	16.071983	36.307994	26.935921	33.660923	14.847557	29.544819	40.285782	35.750344	26.287149	9.136967	29.224896	15.421045	41.588669	32.292365	27.965987	36.272640	22.924032	39.102068	23.958445	9.737411	33.473007	17.378767	15.335222	32.845155	38.202213	22.259817	25.316453	40.482445	26.220674	9.644157	11.897077	16.405375
36.217735	0.000000	19.413274	19.038922	23.608943	22.286690	24.591100	12.855454	29.669837	27.295772	28.661158	28.539750	22.379232	16.112948	29.387701	39.011017	12.380854	26.299942	10.871349	33.758183	36.246887	20.623645	16.234266	23.289236	40.727676	20.992871	33.951536	23.092621	13.533576	20.352175	33.125448	41.710507	28.605487	38.540023	14.656970	18.577153	20.979715	21.968364	32.814362	12.832635	17.830979	18.606909	9.718471	40.829830	21.045405	8.785746	36.982900	38.496137	18.604496	18.484070	10.598112	13.833012	31.557037	24.756337	34.340995	21.513784	30.077119	30.133220	24.848955	14.272763	15.389469	31.086415	38.395469	35.802532	19.286163	28.771363	31.865891	24.170614	41.993350	27.078370	9.007482	33.750988	36.161738	28.438459	13.767440	34.663169	30.102618	12.958538	40.906974	19.333516	12.276013	19.488100	23.080396	30.701382	26.837308	30.071987	42.061490	31.701937	15.702781	11.574404	22.620028	8.707191	38.768038	22.096104	22.075291	10.792557	32.702402	24.177765	29.026145	9.298817	11.418896	23.245420	25.177934	30.276189	28.628456	36.359677	28.653078	22.489956	10.460506	35.717106	8.907982	40.133382	25.271545	17.008912	40.524261	41.767527	29.192690	13.977252	22.353470	19.762009	40.711423	14.436455	42.294043	37.935142	32.261360	39.722288	22.478553	11.095399	26.844525	41.357006	31.791387	25.611141	22.335520	18.604217	21.840235	34.756510	40.690849	32.895880	17.227199	16.243599	32.440823	16.756480	21.241303	20.077185	24.446465	22.738633	20.855638	34.025864	34.894390	23.851696	27.365739	16.240630
24.550291	33.422516	0.000000	24.989843	35.069045	14.390166	16.742978	42.398625	32.862052	21.479730	26.922558	11.299644	41.815309	33.050716	28.380788	30.530215	30.292700	38.940497	13.340732	23.097397	31.733827	36.659610	40.792046	29.853188	32.154883	11.057857	24.342786	9.651488	28.229640	38.840420	15.303083	29.771623	27.119262	18.541110	38.976226	39.061914	34.714104	40.675370	39.964419	29.243310	20.292022	8.870803	23.271062	14.293006	24.414104	17.545690	11.273713	15.599014	33.899572	20.838030	40.320822	16.356242	35.858587	16.867104	13.500537	25.017470	32.304104	38.785973	21.877310	39.053337	39.295129	21.849180	26.033137	35.972704	31.989113	9.862080	23.756974	12.701712	24.629606	20.417713	34.890824	9.606735	34.829464	36.246194	14.835091	13.353492	25.963906	21.743040	28.143447	21.603195	37.798261	17.721791	31.792322	29.154904	17.512142	18.706167	19.642923	34.878528	34.270318	30.730754	21.684049	30.537197	13.585823	29.803242	32.404171	35.800758	31.846219	27.187189	14.275979	31.972446	41.728976	31.505679	28.984940	41.247492	31.412172	26.057295	29.095298	21.176085	13.107705	34.971771	33.585757	16.725469	31.964691	11.161035	15.033066	17.003040	12.893887	28.151565	9.328140	35.890041	16.319330	33.467413	10.637889	18.690339	34.634336	21.487543	28.707922	14.440967	29.600517	28.311779	11.883299	26.897401	31.110584	29.487974	37.637361	35.739302	35.071894	21.811606	29.213622	34.561971	42.083425	37.200714	15.198665	19.783388	29.924340	23.891651	9.009946	22.621620	13.303120	22.316609	14.765446	19.158568
32.940799	40.056982	12.756427	0.000000	36.704493	15.281043	11.797377	24.389327	23.080252	16.215543	12.189532	9.308350	42.181960	40.387871	39.688848	13.439130	20.281180	12.803895	26.034945	8.889197	37.290426	26.787925	37.402079	41.299289	29.466120	19.234456	30.820405	36.243878	15.000565	24.261866	14.613697	38.753057	31.494933	35.285898	21.195673	28.529217	39.968772	14.297088	32.806913	37.812294	33.655108	25.618919	14.869623	33.645797	39.985399	29.821940	14.991662	34.863347	33.740282	34.133291	25.868489	41.858468	39.084171	11.829205	15.780046	26.135952	19.079636	18.670948	17.220947	32.486367	11.221167	26.941312	35.671518	25.325072	12.919446	31.568140	20.284625	11.518233	17.038711	19.779443	14.719743	39.650880	32.864519	15.925224	38.003338	42.333355	9.568549	32.477623	18.091425	17.466702	24.566525	16.180154	21.826049	20.755656	24.643924	18.238120	28.504971	32.003275	23.760693	22.288432	35.895074	9.466488	17.923796	36.524460	20.786274	36.821951	17.586080	14.836792	19.616563	31.545358	36.743707	40.269537	22.727325	26.628512	37.536618	10.617724	28.887604	15.325510	36.187241	33.854960	18.052067	41.967601	20.117920	9.065612	21.361414	27.255949	20.097314	22.062582	14.084200	27.575183	41.102719	27.031464	41.213194	37.051311	24.832653	15.794449	17.680216	11.515844	8.524200	19.727605	39.074167	41.266367	41.692238	38.642663	40.438992	14.789525	15.514361	19.027600	22.045541	14.950125	13.018625	37.686493	42.292159	17.689568	8.831964	18.734239	12.448714	12.039300	39.617203	35.371992	26.657687	16.812801
35.175836	11.174961	33.231407	16.876323	0.000000	25.917137	23.299283	41.813082	24.210148	21.798957	15.411419	36.167642	26.933774	32.456129	16.936173	12.110000	9.271241	8.997419	31.942610	13.577809	14.310695	11.288186	35.686123	30.722877	22.719420	35.929091	28.883557	23.078967	33.157213	31.201606	17.174244	42.470431	17.873077	34.123844	19.775185	8.623402	22.658631	35.710989	38.150657	37.203074	35.143674	18.181219	30.571856	41.287711	36.516790	42.093166	38.738771	24.443846	32.502374	23.055319	16.921829	26.473272	32.267801	32.487032	28.475340	17.864794	38.319672	25.411070	34.320637	22.366459	18.668317	10.499019	18.379719	36.211967	23.694526	35.360111	21.663076	38.550561	16.764212	39.748225	10.125077	31.654816	23.911635	23.266479	24.115347	28.095378	25.358576	33.424952	32.918117	13.060365	42.147891	22.093787	22.139884	18.235819	13.540115	28.131556	31.519817	37.667963	39.060549	13.612918	29.762907	38.064702	30.595467	37.246515	30.192496	16.964481	35.715701	13.431058	32.506902	33.409686	37.414484	28.521123	25.267462	31.536747	18.242059	8.676050	19.290911	23.152374	17.564643	10.289241	42.107545	29.535184	30.002599	14.004396	9.712601	32.889729	33.169500	30.764762	25.248157	24.538211	42.442982	19.316407	42.137422	10.447477	24.890773	11.017893	17.254989	14.535174	16.964385	21.429601	19.944372	28.256518	37.756239	33.489797	25.719206	31.185573	40.015009	27.204138	38.613832	24.239617	14.766352	11.067209	40.880704	12.334920	33.411378	21.701885	29.554702	39.214489	29.225520	31.882012	11.877006	9.671392
41.423654	31.146576	26.117668	27.357119	17.132446	0.000000	38.495476	15.952409	20.792758	22.522234	25.638765	11.018242	9.977551	25.016402	21.188364	31.013930	22.801535	13.058495	8.946558	26.837392	18.812382	32.022226	15.814579	12.087165	20.125917	30.549714	14.133190	40.402315	34.063851	14.472136	12.064721	10.490531	10.331723	16.750501	23.264021	35.695397	37.824451	11.940502	26.103268	38.636640	29.788483	36.331617	20.998849	15.823733	41.863824	39.450389	32.006331	30.694598	26.518624	12.739158	8.675020	29.060050	9.896349	35.604578	32.296199	14.722569	34.623256	13.892026	13.414679	15.069187	23.586405	42.337832	20.946977	22.199109	10.017472	42.408771	19.799400	16.645184	13.512601	13.617632	24.637328	15.244204	20.643539	18.229570	24.188722	27.870840	17.532038	11.945442	13.662240	17.481704	9.929752	38.005051	22.899967	19.125605	25.347050	10.582893	14.829965	30.749036	18.922417	29.548990	11.986047	36.258097	26.398230	34.661717	12.922759	30.919653	39.013522	24.628253	39.906780	12.260118	27.585480	38.848539	10.523483	10.780902	22.364770	14.502473	41.647839	39.882526	31.874197	9.348358	36.106418	31.544244	38.435408	14.424424	13.419841	22.216944	19.100949	30.573430	42.008987	21.525599	12.139683	23.868759	30.356231	8.516583	27.370352	23.261934	20.898441	17.751515	37.810443	23.935083	10.957762	20.742149	20.489598	24.816998	9.267030	38.145782	18.933873	28.105603	39.098993	19.038171	35.317176	22.380607	36.011313	23.866347	31.619172	17.638212	21.276398	23.260257	20.620036	24.460730	15.043090	9.047568
38.356340	29.363246	26.064416	38.718240	12.843691	25.224986	0.000000	13.160665	28.398892	41.334174	18.047050	36.354555	29.653537	24.938351	26.682535	35.799704	29.205932	38.741641	33.350825	14.892123	33.277945	35.845281	30.750405	19.768703	20.457261	17.435674	25.347461	27.755754	41.876274	11.248580	29.186020	24.101677	9.635701	14.739267	29.417018	31.539285	11.214159	33.296007	40.369356	37.641490	38.236441	34.014296	18.425772	22.298003	18.856254	34.477490	10.239265	10.580072	20.190655	34.627118	18.175666	31.334031	11.789372	24.692323	23.885327	36.306620	17.186250	30.971791	11.351535	19.845661	32.841644	31.285879	30.767963	41.383850	38.199501	31.176602	24.928323	35.952546	37.190037	38.737803	20.900954	38.318336	32.532244	14.189864	15.875095	25.491846	13.280121	37.179396	27.077335	30.718870	17.359597	29.108142	9.646583	38.650771	39.897339	14.446100	37.125305	32.155160	36.173395	41.017153	30.202557	11.580753	19.636949	40.808613	38.691392	11.676735	18.040093	21.750572	18.968288	12.197084	34.164742	30.813928	40.852102	32.138869	24.730623	34.001754	18.459945	24.976680	26.547482	23.502293	26.200125	30.878465	30.387615	33.014086	19.690485	21.341314	32.516430	24.221115	40.451668	32.521855	13.999997	9.248511	33.091597	36.229264	19.587407	27.823571	35.407976	40.260953	16.731917	24.058362	18.154558	29.908779	41.951279	23.601791	39.307052	21.906228	16.390366	23.422592	40.038998	38.003193	26.163471	22.783193	16.306535	33.747674	22.270967	13.284351	33.365487	31.616937	18.560464	39.640054	15.245581	37.851140
24.271262	41.086043	39.157025	23.248292	25.736308	30.708533	18.523032	0.000000	11.776950	23.290855	12.298411	42.468026	42.033754	21.019475	25.924289	37.678335	16.967232	26.814120	40.655704	10.008209	21.232932	31.503465	41.075732	16.926678	35.742774	9.144456	12.168647	18.616231	17.508584	11.979915	13.831834	42.334488	40.678285	31.336715	17.090001	27.244732	33.457170	34.696922	8.682089	23.582397	11.338189	41.904358	30.985466	19.806066	11.303982	39.514895	12.087333	24.245932	16.546142	13.192721	23.966455	37.573045	34.508810	19.819002	30.771423	31.587433	41.558022	25.666704	32.143665	25.435113	17.059932	20.629032	39.254206	39.761975	29.359796	18.688194	31.780494	33.296953	31.906005	40.354279	10.059710	11.549777	25.993970	19.337521	41.089258	26.412849	12.476710	29.075121	9.745382	22.286716	23.142825	24.847154	17.642508	23.431350	9.530735	20.842097	26.256425	8.606354	36.860738	24.649881	10.812323	22.910994	26.434721	39.737581	10.074237	14.688293	12.621211	12.839857	24.319650	20.237638	11.298658	9.317299	33.884938	23.661658	18.347710	16.417090	31.177962	32.364334	25.618394	24.721068	8.723003	22.266401	39.635675	21.373173	25.929232	14.876760	35.045218	28.421249	18.600750	12.541805	37.492707	23.824474	12.043389	32.744186	33.609253	30.761833	38.410848	25.548045	30.485166	34.924268	10.343361	11.575882	33.570827	19.660407	9.066665	11.626850	42.411368	29.004215	38.694317	29.784941	36.691350	24.292705	27.340532	37.620680	36.477400	34.893373	15.232083	17.734290	38.821895	36.537847	40.322081	18.456821
19.319768	34.138804	24.429138	35.160616	24.389969	40.537209	24.059204	31.141297	0.000000	32.293752	26.758901	33.593364	12.235155	32.935822	33.384594	19.401769	8.581627	32.100404	25.938420	28.579272	15.149715	12.377195	35.285132	25.488281	26.284445	33.577798	11.498771	23.451679	20.380679	22.993225	20.241363	40.412643	13.992852	22.164905	17.201309	20.295158	30.627436	10.944071	32.707702	22.648525	38.307925	30.211398	39.548266	35.577667	15.727474	34.694820	37.612045	32.699313	22.096657	32.875484	26.219156	22.704521	17.789460	37.520818	14.787783	21.423620	41.023218	20.750590	40.230452	30.199915	26.611663	21.275786	22.116240	39.298356	12.646473	21.566918	33.426244	30.894954	27.982866	36.432127	33.896509	20.840044	26.488288	18.350902	39.370906	13.781321	28.835010	30.772906	13.975082	18.355578	26.487864	13.183786	31.055322	11.941538	40.294708	13.106022	25.990451	10.751407	9.904670	28.283607	18.470252	21.859373	40.750482	18.250841	39.134135	11.082821	15.767290	12.269869	40.951062	30.643500	23.707272	21.526346	9.490595	8.956906	39.743019	8.534395	10.394398	25.625475	39.868604	15.307169	17.602294	23.291071	27.032101	16.689296	28.455599	10.943115	18.603468	34.264888	32.999771	16.138612	34.884461	16.515612	33.205462	41.392474	35.951000	14.258480	26.708043	24.107063	25.123485	29.958550	29.159951	18.447730	25.898619	8.911472	25.182839	19.687977	15.318326	15.365555	37.128821	32.138562	36.175188	26.091584	9.062040	24.645296	33.173839	15.871674	28.427055	21.124501	20.420542	37.254039	17.272630	39.719731
31.082984	14.723295	21.371174	33.328485	29.957912	33.984808	33.853574	40.344373	34.874593	0.000000	17.887380	37.614324	36.735529	16.123751	20.410787	33.092922	32.378695	25.017041	20.740903	10.486842	10.547066	19.114431	40.952821	24.800276	16.896709	41.028551	35.214167	11.849658	18.090876	34.125909	22.641674	39.679214	35.142323	21.497291	30.605865	15.170408	28.542495	18.689747	36.284981	14.758484	13.023056	31.337540	30.214513	25.277721	17.338828	14.788787	38.280331	26.373421	10.022386	34.912942	40.769784	12.370220	27.482472	33.020048	36.520847	11.104971	25.828505	27.647978	36.837196	15.947288	28.635059	28.365144	25.381767	11.094988	27.701894	36.417022	29.333457	27.538069	18.059556	32.816529	24.710887	39.576837	32.239741	9.946348	39.766358	26.231873	9.641725	39.008545	29.754157	41.016664	34.896893	13.168393	40.741055	16.363082	14.201047	35.415452	11.233336	37.538692	34.590278	38.385470	10.941935	35.465836	21.320774	37.944416	33.795954	32.658055	16.339557	11.833132	16.414948	11.339401	9.748334	33.791743	13.919516	29.783542	35.732451	9.052168	18.640851	16.751412	30.304592	12.402519	26.457639	20.613911	21.868164	24.659155	11.352036	37.870577	12.118670	27.236507	32.507217	39.052588	10.880518	25.456454	28.433446	23.030091	11.234876	25.970073	22.736921	9.496388	32.012187	21.346262	35.745854	16.518965	13.044671	15.472309	35.806496	19.485432	35.580247	11.541836	17.447534	39.875626	26.826514	23.545802	30.742300	20.299734	36.964092	21.101241	35.883855	32.996706	33.052552	35.277457	40.437098	11.890928
23.017783	29.619372	39.351734	27.285029	37.703345	26.742894	20.986083	42.399868	38.308750	42.081165	0.000000	42.313916	15.633341	19.259250	32.290618	29.884740	24.183926	39.820771	31.405812	32.477296	36.424391	39.093862	19.942514	26.797139	16.322656	18.768751	23.617431	42.474540	33.937231	12.582509	21.411913	12.551782	32.664449	18.697423	29.944990	17.165420	40.568920	31.266107	16.889641	16.427219	9.519850	37.006831	14.479591	14.836367	32.786687	22.121468	31.967140	25.706570	12.688581	24.131049	31.390397	26.540784	22.954504	15.090725	34.142699	10.218392	13.557104	19.248002	8.914520	15.720035	33.832869	27.863811	40.022568	39.761675	29.344465	22.923339	25.177957	25.632328	17.412195	31.949348	15.297660	29.039711	8.553676	14.011385	23.716491	30.378920	23.225531	24.420557	13.464905	23.998148	12.639797	25.447150	33.167614	38.651109	26.087735	37.949177	17.688315	21.546550	41.485512	32.382315	28.721776	17.696233	28.932800	34.677650	27.867222	16.645161	21.643344	17.059263	26.253828	25.072382	16.938340	34.987649	9.474867	30.939174	35.575364	33.173598	37.538287	37.167070	10.978106	39.021888	19.859216	15.243834	15.101132	33.692307	22.636907	9.151706	25.686893	38.748544	38.558848	37.513343	37.915335	16.252336	12.051028	24.484385	15.787691	19.675048	13.061085	24.528812	38.163658	14.898346	22.415526	35.633328	18.338629	23.194188	40.253587	28.088844	26.483647	41.174649	37.475981	41.851508	9.437752	9.822297	38.197849	22.108820	41.859020	24.659819	38.406897	33.036613	14.790768	36.144488	23.866757	10.020764
26.398230	16.625047	40.568603	30.806403	23.083704	16.037253	23.676023	19.498970	12.241423	33.739988	27.421951	0.000000	15.657756	22.964963	10.688355	35.698722	14.993360	11.053302	23.056147	25.522179	18.846236	18.207344	33.881713	15.592733	28.558648	27.450889	29.432151	9.453407	33.968792	21.752395	26.498310	27.656023	38.448966	28.916578	9.953025	37.182549	10.699866	13.719856	20.802174	32.083777	22.566386	15.791862	15.849659	38.610415	41.615423	31.483839	31.384954	41.515329	34.149943	41.726622	15.447155	16.417340	20.599528	27.805808	21.269220	27.917214	12.301939	26.465561	37.094501	27.414277	40.012949	8.933175	22.981555	36.695901	19.763453	28.625599	36.972344	23.128050	35.816695	19.384616	10.883757	9.432196	29.460380	14.198371	14.164594	12.035819	14.995870	24.407364	33.473458	27.013504	15.222268	16.007883	16.471650	12.817811	21.651291	9.567844	40.760862	40.363426	25.080032	13.977213	14.971728	12.534979	20.597157	25.718300	24.497167	23.852076	29.658087	36.665668	12.972426	13.577384	20.315660	38.511046	27.909038	17.341910	32.876950	32.461909	27.285835	13.710836	16.765981	8.858564	33.235824	28.330120	31.261641	16.208082	34.963841	36.769516	40.221347	25.435874	24.695492	22.038955	34.339795	41.578298	41.537691	27.695191	9.312898	13.370177	13.655824	35.285823	10.232872	35.803321	26.054548	36.453303	31.843103	19.178008	13.882442	27.457445	9.567521	29.408742	37.775099	25.303179	39.606096	34.542087	34.867518	41.590361	11.220189	28.498060	18.886679	24.013855	25.418495	28.399851	13.817246	35.525945
12.924153	9.087237	10.998834	37.897302	12.837774	14.189584	37.028018	36.264607	18.543240	15.750379	16.815173	23.976193	0.000000	30.976087	8.607575	38.117274	19.625463	12.768614	35.593661	30.432620	18.508672	13.505605	40.571119	20.069035	26.662554	39.578434	40.880397	16.385076	38.462478	22.775321	33.132050	32.072598	33.993749	9.933095	15.301263	42.029714	14.492338	32.232614	42.293174	25.417644	11.580716	36.828154	37.420697	15.591180	10.129997	8.865667	30.043045	30.621071	21.990363	34.064359	29.793615	9.500070	20.597247	9.545561	40.294006	20.754085	27.132110	12.252766	14.902412	25.822623	32.102894	29.888819	23.303867	18.126557	31.700249	28.761216	10.265211	35.531713	26.317791	38.875360	15.255508	20.991296	30.060179	9.780960	33.769879	42.388412	15.563360	39.275478	10.537656	35.529513	23.028470	31.071837	24.784000	31.217055	37.378384	41.165836	9.179551	33.415689	36.606430	16.183277	33.853646	27.247024	13.657340	18.129974	26.749672	27.105138	10.549161	10.811928	13.208178	10.750344	28.480910	23.860457	18.280293	36.242976	31.112828	27.862099	41.888636	25.153189	15.813415	33.492875	38.249192	16.233779	10.890120	15.300975	29.286286	10.795483	28.152969	21.135797	12.339967	34.239888	35.200896	34.728679	28.894407	22.176768	15.635332	26.747502	39.109705	24.849922	31.259054	23.577913	24.677558	12.758919	30.345076	26.474298	21.800910	31.414636	31.899803	16.273457	21.325256	15.279293	35.317107	35.751135	41.010807	29.705959	13.194659	15.983138	19.153398	21.392758	22.708583	10.423987	39.220472	31.862925
20.467612	30.177790	27.405377	12.711811	38.721464	32.350293	39.493485	39.883993	13.299016	33.213465	24.880926	10.993757	28.007628	0.000000	35.433717	21.026428	37.565716	38.230139	36.713188	38.559224	33.866892	23.885732	31.216152	25.476986	34.705340	32.630825	23.428377	26.737756	40.082029	29.138334	16.590684	22.013306	33.041102	39.386948	42.108992	12.362054	36.222089	41.192955	18.698868	39.907053	9.142443	40.253818	19.044672	32.220015	34.652970	15.341704	25.262966	24.635324	14.636779	39.065668	22.113224	17.446028	31.846894	39.814684	28.811219	35.035915	22.531395	41.926918	32.105014	31.869289	22.001659	10.043603	32.387106	9.328987	35.817743	17.788603	14.724736	27.734884	32.096865	26.997756	36.805065	8.740941	11.649864	34.258543	31.562350	38.843120	32.305260	25.340223	14.423656	17.958810	15.752816	18.180522	41.732518	17.732462	19.318772	14.756074	21.594789	14.197014	11.508847	31.681559	36.552144	22.693400	14.787102	11.204982	18.213517	39.240628	39.235755	34.459169	33.574448	20.708204	29.758929	22.713057	21.357383	24.213931	33.967013	20.305932	9.797027	32.078351	29.225631	22.949671	29.756110	30.535586	33.999829	25.912172	27.558398	42.233038	12.925258	28.275884	29.065806	18.751795	39.747964	36.643062	25.129596	13.671095	21.802468	14.908026	36.241996	19.953547	24.014035	15.994418	39.436259	38.259117	11.828535	23.965111	28.091168	17.255049	33.096951	8.542813	8.536875	10.136768	20.117966	35.862346	19.217464	23.176017	25.580926	33.146688	14.819060	23.988594	16.273213	24.491769	11.486989	17.033307
29.052982	24.514921	35.408462	40.213666	41.819285	23.145848	31.705408	26.687506	12.842259	18.962086	22.539870	20.004010	11.780534	37.382410	0.000000	12.636821	21.240634	22.352804	21.437018	23.904593	36.236797	29.476818	25.180379	37.361681	20.640000	38.657170	16.896823	39.641411	24.244840	31.629950	12.322597	20.043244	11.810144	17.350609	34.032579	24.491178	31.028999	25.600897	36.633333	13.190953	38.486765	38.105325	32.976277	31.357270	33.628312	15.958984	20.720846	39.244141	19.350997	12.166874	25.919837	33.726599	19.133057	13.022295	34.266437	22.128657	19.346681	35.879746	22.589008	28.701936	8.762865	24.808173	11.387428	12.395908	14.445505	22.701643	28.795516	32.690447	16.940647	32.648763	23.095569	15.772796	30.304007	27.352437	10.936883	31.398241	37.640116	11.042836	28.686933	37.927099	26.823496	21.191090	28.778682	38.100768	25.855032	18.210126	16.089445	11.094946	10.671639	27.071033	25.311939	32.896846	42.232189	13.680454	23.901693	19.846048	20.980606	22.083283	20.904742	36.832949	27.226473	13.892418	10.079674	26.284655	36.726559	12.662774	26.148125	15.883256	13.296915	21.001723	20.730874	13.228195	34.309681	27.280961	38.948869	24.407367	15.295452	22.304532	20.887248	34.116849	17.512430	37.782209	14.727281	38.853137	16.389636	15.755660	17.296750	8.629677	20.780084	18.165732	22.882762	15.531577	31.394737	40.863393	14.894189	22.859507	41.553782	17.716538	32.766470	25.499862	19.707844	10.831737	32.453421	15.879429	20.930787	36.266386	18.119049	30.373169	32.992404	36.322494	33.606847	10.948665
14.134681	18.523935	13.794605	23.550486	32.316126	10.685084	40.335613	12.782410	9.655076	40.740601	24.667619	27.198795	41.259672	33.087293	19.656759	0.000000	11.927425	24.510832	36.922312	16.699915	19.614702	11.890171	17.010094	30.947318	29.543184	35.806395	31.944879	25.816558	32.600673	22.166184	39.548877	13.518066	14.422953	11.209915	41.373976	38.626994	13.217409	25.720224	40.324556	27.386043	41.616026	21.372789	24.094758	32.433608	17.819420	24.832695	22.172489	10.815200	9.978989	25.858912	21.633719	22.522380	40.602969	38.599073	32.068561	26.613899	25.037640	35.302052	13.902269	19.941240	33.865868	23.048294	22.495906	22.552151	31.367186	32.185790	15.803585	16.096920	16.500841	19.189934	24.066847	24.066219	28.883944	42.232428	12.743668	25.524501	23.560268	12.954869	13.668994	10.381214	28.186453	42.335165	25.572426	13.144439	10.296045	23.352061	33.138637	10.062966	40.815557	21.614534	11.379187	10.321624	23.053283	29.900363	20.663785	31.441607	13.556180	32.934089	10.290306	21.656562	11.819100	39.753190	33.849938	41.653167	26.636009	20.883576	18.588173	16.246064	27.648980	35.171589	17.803463	29.681148	31.300939	35.274832	27.180757	18.972835	20.021936	32.757541	26.245405	33.524694	36.537433	33.551887	29.251771	35.490803	35.868282	25.866092	24.341027	10.709848	21.097644	11.027845	23.230978	11.927010	40.179356	32.693782	39.597116	10.956116	15.299834	13.952115	25.601213	28.106042	18.483476	27.666783	10.322356	35.404885	15.650325	26.248882	33.521545	15.173063	23.674922	28.733443	19.661631	24.712840
32.484770	42.008625	23.489642	9.322511	15.492519	40.887562	29.744122	23.677053	40.647971	15.249887	34.965168	27.052052	10.190702	26.295142	14.219880	21.269770	0.000000	36.815203	40.144606	18.207941	25.431310	22.095064	9.157302	39.447077	14.790782	41.354618	16.935597	8.746065	36.090651	24.392170	35.659907	39.771544	38.523238	13.463568	30.768550	13.401125	32.211459	31.581047	10.571801	18.970833	41.704532	21.428674	36.585211	37.772550	32.892916	23.090820	31.999079	28.952363	37.987672	34.013504	33.248470	12.846022	41.626582	41.740215	16.567959	19.895958	31.878381	22.807086	15.007156	28.603386	32.896013	23.595493	22.740032	24.080886	32.895619	14.283085	17.299148	15.992967	25.289329	34.707256	13.811488	29.302980	19.350681	28.219204	31.950170	14.854648	10.618158	35.632703	40.563266	13.166709	27.717706	29.121239	18.549989	11.018609	19.336254	20.057407	25.820181	17.041349	19.150648	8.718681	17.471854	37.193307	25.884608	41.733805	42.028130	37.675219	24.165592	35.621992	12.808514	14.397666	17.956503	32.021698	26.780282	36.569428	29.873728	40.852504	21.813662	14.424220	19.732033	31.101917	26.412297	38.353305	30.803197	8.820104	9.979699	31.746933	10.460330	27.605087	13.748086	27.892730	12.845073	40.975029	13.942775	36.627704	16.472842	28.378079	34.181581	38.017786	31.040553	28.818847	29.019476	30.873951	24.252580	15.557752	22.812906	29.539640	30.555791	10.101136	18.742611	23.254239	9.225495	23.846146	9.541032	16.455761	22.884347	30.689296	12.539771	20.313746	9.606477	20.250445	12.474320	38.466878
13.071188	42.139227	26.794052	21.452706	16.730919	40.461262	20.278766	29.773027	22.672029	18.510889	30.465378	16.211904	14.851708	28.561537	14.394632	30.882675	36.735674	0.000000	23.490662	30.130421	31.636598	9.160858	25.430191	37.100900	26.101762	21.486920	31.944940	42.003967	20.694347	10.701995	24.254698	33.789225	36.784280	24.878759	42.133298	16.409751	15.102403	11.477086	39.881863	12.984490	30.795939	32.668057	28.622367	36.203439	9.173540	11.307594	11.038665	37.623434	38.287465	18.426380	11.175934	32.407538	11.444570	11.269029	10.834644	16.347429	35.593583	16.560637	16.301760	8.957990	28.835414	19.202319	40.340696	13.144886	11.547405	29.587274	17.491761	15.520875	33.829804	14.088533	35.150251	37.251745	32.860003	10.206532	14.543361	28.116251	20.610937	30.399407	20.077568	27.289324	10.004593	21.655800	21.219312	11.468730	13.831989	13.544312	11.885338	21.938249	14.098581	12.683798	28.458974	19.294862	41.839133	37.604309	18.603737	21.534828	12.881792	38.271246	10.020528	35.305319	29.236815	12.577737	26.529158	40.403615	25.677259	25.418614	15.889609	32.494286	9.709142	25.283504	27.050317	33.789598	40.092866	28.476134	31.190489	38.168135	15.160672	40.181798	12.456365	23.007492	26.429901	39.352740	25.823393	29.372544	10.708227	37.613462	31.436733	11.294950	27.391073	23.172095	41.987022	15.574871	35.991467	16.413338	12.359863	38.443280	12.685087	33.381260	25.182165	10.554680	25.887577	34.377341	33.315678	29.676428	35.729731	39.116685	27.305620	35.896050	32.604359	17.899862	17.534920	12.946621
13.058399	39.209799	9.424406	25.339797	21.281206	32.130026	18.549446	14.401927	13.817174	42.406248	25.925517	26.941329	8.968100	37.491334	19.368766	19.451115	34.320457	25.953077	0.000000	36.605266	28.449716	25.527078	32.431893	34.373524	38.306137	29.016547	23.324414	29.598073	23.302665	14.410463	35.947602	34.034960	23.566058	23.268737	30.477650	33.356856	31.208879	31.287495	25.740247	41.152861	40.290965	24.036709	38.658693	17.083349	39.332272	20.462821	28.483018	10.721985	38.911504	15.982758	38.185570	38.253159	42.243584	38.187968	38.790479	28.465155	24.246051	34.183942	38.952838	14.341849	31.875988	10.306918	20.001413	23.819643	8.861520	32.650240	15.008228	31.647766	23.360892	13.844374	29.949674	33.050618	32.062899	32.817871	20.834923	36.256635	8.859184	17.463573	39.593209	42.196346	30.795475	30.791052	22.477858	35.222455	29.446523	21.076482	29.503086	20.895612	22.457023	30.523788	31.032342	32.462236	26.152261	40.080212	13.406898	22.803034	41.100512	27.233268	22.280377	37.965274	27.787206	14.891467	40.031310	27.167606	37.595201	10.204947	41.295877	20.632129	15.257213	22.851002	14.336162	31.726433	36.109838	9.632736	23.859405	11.987868	8.651425	30.853943	13.811880	40.868714	19.700793	39.677583	40.011925	15.451263	20.246072	39.032598	23.874921	30.254736	36.802044	11.584666	12.809290	25.236460	40.007542	28.249768	28.271733	41.211604	26.291417	29.189294	8.883481	24.932475	35.320612	25.069680	41.721191	14.785897	29.007605	14.234985	12.416060	12.233049	22.237252	30.500970	21.703277	20.654368
27.357153	13.049814	20.247918	12.020456	41.025521	35.489903	36.357131	29.470870	25.079510	35.106413	37.127074	26.748605	10.540671	32.877767	11.084702	10.468309	25.036457	32.324857	38.893874	0.000000	16.521808	38.393044	39.341000	29.302271	9.432170	40.753495	37.505938	28.391550	40.789689	12.577041	20.299018	25.635788	15.346416	21.961885	37.536349	33.223912	11.546482	36.709984	23.741079	28.806537	13.110414	29.987380	35.130901	30.193371	25.842022	31.328160	30.814828	23.252763	39.071374	29.336436	30.765230	28.953196	16.634978	20.434248	29.652655	19.302724	42.126445	13.788431	20.450441	28.209803	24.380044	22.174004	39.431655	29.697835	27.063690	26.378151	21.384704	23.167759	20.833548	29.649393	23.659764	12.573971	36.078904	40.110932	27.257910	19.774458	14.103147	29.485155	10.569388	20.410002	31.421217	12.092623	13.050272	14.209399	23.631990	24.412740	30.839164	26.671740	18.054655	9.704988	18.816288	17.874570	31.463780	8.862768	41.464930	29.175079	36.431843	14.933422	11.235542	21.867105	40.318653	28.058307	31.862430	17.486135	13.928985	14.055917	11.100956	24.454579	24.100220	22.509952	12.577459	37.313695	41.765819	25.138213	21.050499	25.458424	28.138954	10.111847	41.107827	36.245028	23.059805	16.125233	8.508311	13.274264	23.384412	19.687966	20.393667	25.167018	15.763499	38.007735	34.905468	39.101852	21.060831	11.683827	16.830018	40.268359	36.562013	21.445306	28.398249	42.171352	14.553410	8.697695	26.085053	36.289884	17.430814	37.252566	30.222138	21.407869	40.928614	22.865987	38.317390	12.956698
18.102138	30.392870	30.438082	20.848034	15.897405	29.349365	18.380026	8.608986	19.965366	15.345931	13.544774	12.785681	8.850581	17.367131	29.444782	26.159449	37.076554	21.472549	18.030488	24.102640	0.000000	36.003604	30.680414	23.609248	17.593084	26.329548	26.064106	33.549936	15.290297	19.481732	29.416362	24.039395	34.842185	38.282396	36.477889	29.542771	33.772561	19.824799	18.628221	10.151979	14.841967	10.813020	35.210058	13.344683	24.383673	10.162688	41.916212	35.490320	40.465200	27.084820	38.773932	10.053925	13.607362	26.154313	13.360390	12.714312	21.892279	30.745097	20.687693	39.446199	18.474941	19.020069	41.989959	11.791543	34.555355	12.393573	28.103411	35.805460	8.900267	9.242396	35.410874	27.258691	19.155767	25.704739	24.804213	18.803857	8.537090	30.178043	39.765492	27.318644	14.946381	15.470810	31.789476	25.023986	40.717528	22.104326	18.877501	18.399733	25.358576	11.859289	10.883181	23.474245	39.547122	20.363356	34.300703	36.185168	33.083618	28.712173	41.958919	26.821111	32.239766	34.230333	27.384165	19.660514	39.356718	13.245038	25.751952	37.864486	30.788241	35.034208	27.987809	26.166796	31.871063	10.851718	20.221126	42.204214	12.349555	12.650646	13.782181	21.278513	23.080956	27.636685	32.881277	12.392525	9.630126	34.902995	35.738423	36.229565	24.717303	37.671576	27.530985	11.589651	41.856348	20.888328	31.729578	33.394066	14.426560	10.767035	26.803735	40.656309	33.354859	34.278528	24.164457	21.874206	42.084024	12.464703	16.582880	9.345826	41.036702	13.443712	34.355245	40.369537
26.737615	23.194269	21.195267	19.119140	28.599129	37.763966	23.550577	33.435773	34.177393	8.566608	18.318954	9.335462	12.661661	41.224979	40.369719	13.576776	14.857216	21.118573	15.164416	40.260608	11.179771	0.000000	38.326223	36.631548	26.320294	9.520567	34.773144	34.165107	15.539626	25.875955	35.425282	20.458476	10.580214	12.141166	13.482299	32.897334	41.764520	26.108351	10.868508	13.251448	34.424545	17.566585	10.256384	35.733569	36.101948	18.244084	42.441732	36.191050	19.313499	37.787894	27.970864	11.028617	22.099368	15.907709	13.249915	27.719760	36.527301	40.786623	35.861601	11.713167	26.809851	17.238828	12.042420	16.012103	38.314781	12.444662	17.263786	40.299312	21.143336	15.307220	40.535262	30.169112	42.123962	31.580101	18.646708	17.523169	38.687210	10.157403	9.003685	16.619870	33.001698	40.109065	23.964443	38.124119	11.912673	29.816217	18.189765	36.629463	34.116247	22.527814	30.685218	27.927149	34.049207	8.966900	16.178729	33.191081	25.105929	19.282254	20.184279	18.736045	14.460014	33.407315	9.863440	10.720613	17.433963	24.918433	19.833940	35.953123	23.113475	36.333798	22.027633	34.601788	16.002789	15.213166	11.644145	34.000240	39.024121	21.715318	30.175487	42.046718	22.463509	38.496105	22.987514	18.671280	41.385120	28.073893	26.901236	34.321393	40.422094	14.509754	40.489866	25.630609	32.660395	13.640845	38.496803	12.002970	13.367170	25.145958	23.983295	27.891152	24.823486	37.067244	13.049352	15.263210	41.742917	33.992386	40.828398	11.840975	15.658720	11.312987	35.667643	15.413509
34.300092	8.626252	12.390953	17.717937	22.477796	24.370083	37.545019	32.211404	40.529952	29.168032	25.234486	27.254085	13.640305	12.319217	33.271287	35.365222	17.061053	30.726147	27.054923	32.573739	13.672394	26.752883	0.000000	36.582170	26.082660	37.367730	38.604344	14.159473	9.780294	14.251102	22.897225	19.778110	17.761728	25.953772	11.782985	36.316729	10.440322	11.196345	40.220274	16.604758	21.862574	27.729643	15.140154	25.098499	11.564279	28.015159	18.942589	9.824300	24.960691	11.283438	29.397738	24.547477	18.259912	15.775258	32.497983	32.826058	32.835507	28.701346	42.147590	21.096382	14.848255	34.920482	12.250833	9.685194	30.303977	9.797553	33.703878	19.443449	20.982971	39.432479	26.297182	8.624400	41.180573	23.145894	26.807651	13.279678	31.595572	40.800734	17.742915	37.134435	34.918481	14.594186	38.700182	34.321356	38.049185	40.738215	23.090261	29.600849	32.537825	15.468187	39.506768	41.156557	33.548717	36.541299	38.508997	27.256929	24.951659	10.194933	21.293126	26.409443	9.803243	21.395667	38.539003	32.841104	40.798368	36.799746	12.340847	34.763662	37.888390	10.512226	17.825040	28.210625	30.431264	31.456780	15.705977	17.383329	33.951692	25.858400	30.242619	15.099707	12.296732	32.807521	40.236983	42.064242	11.012463	10.069592	35.896711	24.826222	38.651503	33.349445	40.416877	13.163752	31.771730	26.643825	14.504940	13.723864	25.751824	21.337181	39.970881	21.738123	14.068378	35.025785	16.440679	31.763802	26.301133	31.736946	27.934866	37.666026	40.577943	42.390996	15.812126	41.057386
40.243827	39.585412	29.007708	14.860247	20.256022	38.364268	31.521318	13.429514	41.939591	26.335787	29.279170	16.007427	24.773252	18.503165	9.393914	31.565990	16.494475	17.466053	27.197591	13.555705	12.560053	38.093331	24.790242	0.000000	34.809935	24.748560	11.224650	36.768345	14.816849	33.983949	18.231022	30.210715	12.526128	18.307673	15.526469	37.796627	9.691105	29.489100	9.918878	33.938627	17.065968	9.182425	24.374436	16.821062	28.349560	13.881003	16.428319	21.802995	28.372598	37.380783	25.318807	26.831716	25.508379	26.954377	28.607516	31.811083	21.906706	10.764894	29.116332	38.726563	36.881475	18.284184	28.823762	24.647878	41.140873	30.696117	39.934974	12.217140	21.910177	16.428978	35.183656	21.996514	33.457077	13.763295	25.981930	33.713880	39.526132	18.078075	10.220573	30.055212	19.206148	13.508467	31.331255	31.722246	21.588991	34.283588	30.445839	36.787534	14.112099	10.710686	16.450796	12.781313	39.883598	21.230811	31.198390	34.349588	32.235727	21.760900	28.375289	15.306036	20.256546	38.191493	20.097659	29.449894	16.179628	20.259255	42.052267	32.827732	21.048111	24.896747	16.626937	26.108363	9.198934	13.655768	28.754723	14.860690	10.715579	24.897089	24.661042	8.768671	35.023516	27.618263	13.555499	25.691578	21.896776	35.097860	9.979190	17.681242	20.406431	20.283665	14.705232	20.120338	26.139813	31.072721	36.845723	21.815848	32.664824	32.373781	37.165579	28.820998	36.150078	37.015655	33.012500	10.438763	21.342024	38.925970	29.594639	10.930175	14.129650	38.511743	39.511642	33.090874
16.484329	41.751267	8.977109	39.719958	31.215939	16.832739	21.695195	42.260060	23.156892	38.436428	28.017428	27.244020	40.076413	13.205641	15.955742	20.630123	16.794224	28.634753	8.825614	41.682157	30.741534	30.932015	31.712731	18.448646	0.000000	42.104883	30.515029	26.701682	36.123297	40.566698	28.608706	17.726893	39.043014	22.666441	38.717732	26.621570	19.719983	32.001801	20.213394	41.699783	29.241426	35.334924	42.000470	24.900475	27.138292	22.738321	16.995130	20.367504	37.438615	15.952327	33.551049	26.077173	34.096233	13.450613	41.519601	9.611617	37.144400	33.518857	12.515955	32.765933	26.117193	40.440486	16.162731	31.132931	18.928382	25.383790	38.330735	19.390577	14.250100	15.261303	36.808564	24.151654	14.054468	37.179511	13.752981	32.236735	15.679011	38.773916	41.428245	26.278079	18.940098	38.179208	39.474248	16.606808	33.263212	34.534210	16.776013	17.558103	41.163983	36.677267	26.348815	23.306004	22.248071	16.098896	15.224753	23.567274	36.639337	33.795401	11.580019	23.052674	24.385495	27.310570	15.073148	37.703913	33.843296	35.248128	32.213138	11.032102	31.588846	23.237763	10.992221	17.407948	11.917197	9.530724	21.822884	31.460003	9.952658	29.857747	35.802819	25.604823	25.748993	40.869434	32.804066	38.652543	20.058892	32.138913	14.007050	10.806845	35.069644	33.435776	35.379334	39.068073	20.575381	39.679965	42.378802	15.806325	21.666772	20.419121	39.583965	27.059579	33.245296	28.862196	11.702636	11.147774	28.314080	24.584287	37.652066	8.582235	40.497706	37.288671	16.264398	36.482969
13.438642	14.814066	24.913843	26.790724	40.301815	12.571270	11.231269	36.372079	37.585906	28.260267	21.895623	40.613730	28.090791	33.520077	21.930770	23.799904	9.314666	33.894537	28.179292	38.670000	34.789909	25.211867	31.975284	34.255334	37.861746	0.000000	39.167963	41.941673	41.202445	20.632632	10.015093	9.919900	38.996310	37.254292	12.046201	18.196281	38.904735	40.828394	11.197310	34.456354	16.828047	41.888687	35.654248	24.339703	34.445985	39.662384	40.738682	35.050842	10.095017	17.331251	40.260012	33.002904	34.678259	10.207649	12.857734	24.872341	10.723499	24.191755	23.329978	26.033755	12.567538	9.546751	14.464453	23.262012	39.427374	32.458608	23.795483	34.834640	29.816534	9.318195	38.289561	27.413706	38.319953	39.955794	19.885328	18.285645	14.015102	34.639211	29.573733	24.259151	18.050668	36.213820	30.034765	40.186542	41.691223	20.975187	8.557702	42.422694	31.836261	15.563358	20.311362	15.997785	10.784295	29.514394	37.994404	41.252392	11.881914	40.685838	26.788694	33.111665	22.654115	9.852780	36.733692	19.578483	34.273177	33.164377	17.940427	36.936515	16.162363	27.684975	32.595281	9.068717	10.345032	22.138856	17.790979	31.867159	12.281563	8.867587	33.553483	22.638246	39.696505	37.297582	35.193141	30.028879	12.587701	31.181124	33.511798	36.430006	10.614778	17.351775	11.304771	33.038144	40.338321	37.988564	35.835923	23.637373	18.115639	26.691651	11.476539	24.130978	37.690275	26.088568	29.107518	8.595065	19.869748	9.203992	16.485271	22.562309	28.768398	42.407877	29.284764	35.641075
24.866992	18.720193	28.613352	15.096612	9.324713	23.053451	29.751075	33.853069	19.639633	16.696435	13.128086	26.286070	27.301424	15.270818	9.618117	19.863855	13.298112	41.880539	14.572832	22.642071	38.111994	25.521020	33.907674	20.031004	29.983946	33.730092	0.000000	29.164962	22.616822	9.010433	10.277121	34.137166	40.103956	16.931020	21.000830	28.057558	27.782966	39.675129	33.193045	16.637592	15.922015	15.029449	29.471520	13.386489	18.573866	27.044727	29.582107	13.820883	17.265433	13.324475	15.656003	42.438628	37.670621	20.031742	10.341512	28.399765	35.985411	32.730824	34.807982	41.525028	37.765344	42.225554	29.716587	34.288017	37.008047	38.720556	12.718809	35.931356	18.698831	14.982734	33.061444	23.809883	26.468904	32.780732	21.526172	37.405300	30.055387	40.115548	14.418977	23.581355	30.428950	42.420721	39.932575	31.774338	13.091032	15.707766	23.349690	35.928875	23.660500	25.307902	28.122475	42.179261	17.755584	40.544461	19.527754	30.965908	20.624062	39.830166	28.252542	9.109459	32.992207	11.246191	17.775929	38.173917	26.837312	26.080389	37.077916	37.435247	10.653158	12.863449	25.978607	39.480169	35.167697	10.281723	18.781353	37.575677	37.331747	19.761955	41.664340	25.651220	14.786627	14.180114	11.635285	31.626564	18.222510	28.350312	21.487529	20.241002	24.852316	34.943624	39.698809	26.124730	13.756799	10.526513	40.203544	37.860563	16.561782	14.698942	34.732761	12.605460	14.753690	30.671698	35.196185	24.606388	11.659729	19.096788	14.460072	31.808494	36.226628	20.800174	14.616210	14.829896
36.770958	41.933151	18.530018	13.657379	30.994880	36.232627	38.429267	12.736580	21.944700	27.669700	29.263513	30.246975	8.934658	36.308967	33.214984	27.873352	16.316517	25.864593	16.497950	11.703550	18.029090	10.579452	30.642042	25.853526	35.264057	29.126243	29.366314	0.000000	20.108288	34.246256	28.010227	38.640664	21.896312	30.655801	15.832068	21.910796	16.353430	36.639998	12.143427	33.712767	15.366083	12.973861	39.739266	17.391410	25.488484	8.956908	41.988167	30.438433	22.255520	30.896866	18.416480	17.247112	23.214408	13.692291	8.618350	30.351107	16.266937	31.350379	15.245283	9.728195	22.728596	35.099216	38.517240	11.990650	11.463768	21.091236	13.039361	39.120934	34.179901	14.233464	20.548155	14.195317	29.011744	29.441270	28.214364	35.879007	15.856873	29.505362	19.238876	36.329319	34.357647	19.300799	24.537108	38.020947	25.361055	32.973361	20.307945	22.507302	23.653069	10.207605	14.164785	37.911051	8.531665	29.756551	31.367237	35.689808	14.999417	40.395630	9.461795	14.713662	12.722757	40.334406	40.388721	34.769660	15.882743	32.388124	27.071081	40.784726	36.947198	21.842061	17.165979	36.493936	34.237086	27.654689	16.886087	38.406919	25.474232	41.893116	25.955915	15.853432	30.080427	29.117098	14.158579	34.632467	13.152469	18.327767	28.581515	14.244811	38.648073	39.524314	26.898140	36.767492	41.590038	23.180378	11.222295	24.030152	13.172819	27.807333	41.479428	9.147023	40.035993	14.232651	12.338599	13.091801	12.184480	28.436890	11.164411	39.180673	12.840492	26.765374	26.052632	20.420615
25.149838	18.624962	22.022855	33.214325	23.955143	19.052206	39.640749	17.136776	16.537857	15.157345	9.158440	39.735037	40.163748	30.300124	23.844123	29.504584	32.980117	20.557536	12.640757	33.428616	15.667946	33.289304	19.239605	42.448362	33.450934	31.846535	35.545359	39.372092	0.000000	16.494148	33.156493	19.338533	36.589763	33.290976	17.342169	37.999235	9.692330	14.222812	21.296352	36.943607	24.950231	26.124382	32.512768	41.683441	14.358253	14.236671	19.468813	40.344252	33.819715	17.952324	14.426582	9.269231	12.340805	24.567787	34.723280	42.183047	17.439513	22.957591	24.704841	40.309719	11.775019	36.898975	34.272054	29.706868	24.926106	9.309843	21.772231	30.693966	19.761110	25.377887	24.106650	32.030318	14.606815	25.097795	16.480069	33.137884	17.190823	14.695498	36.427940	15.301323	17.713012	19.033915	38.116060	13.183086	33.297861	33.003132	26.174085	30.409040	21.543997	31.416989	30.312414	28.626728	41.540301	18.679971	29.954007	16.248994	33.971896	23.127702	9.137961	18.045425	30.863731	29.867306	34.062126	18.595507	9.669345	27.852103	36.745524	25.817880	36.554024	12.305659	39.666081	17.807404	22.483508	32.756644	18.318750	18.436558	12.502038	14.827782	16.613353	37.806473	42.022768	15.820958	37.523711	15.581822	31.467327	24.115652	39.782237	21.739634	17.909894	38.080040	39.077195	10.058723	22.652130	22.727591	26.292464	40.595307	31.178150	31.815228	31.372514	24.383302	40.852873	18.071471	31.648181	32.877742	18.468365	38.349402	9.005825	16.075553	14.568094	20.566245	32.775374	39.720992
22.292589	36.187740	35.401678	41.117806	26.538677	29.981204	38.785601	35.399957	33.097963	41.931949	25.328201	31.644396	14.765141	9.136070	38.785633	21.694686	24.036022	14.735112	34.634346	23.893333	27.693758	30.875869	23.113870	12.390322	22.690562	23.900639	30.263329	33.303103	14.412678	0.000000	13.559947	40.716654	23.956044	20.846962	38.630443	11.177732	25.557780	27.182975	25.397096	38.997992	38.931790	26.755912	9.608054	38.516471	24.658067	31.049086	41.788058	24.634027	26.058789	31.938321	24.684933	20.448073	26.465048	10.387444	30.474046	29.929913	42.224344	32.771156	20.126336	9.522544	25.302061	34.114260	18.188221	11.127208	36.967736	22.445228	24.300054	9.285804	34.136443	9.770615	31.431104	8.601441	38.066458	10.044803	13.211193	23.752264	42.086235	32.366204	11.641226	26.997016	28.107256	22.020880	17.913809	41.485304	9.640103	34.666066	41.479463	15.363643	39.122580	21.785739	16.258799	34.840799	9.921869	25.532567	13.235220	10.399827	28.000092	23.329000	25.007769	17.309621	14.700147	10.895152	39.559594	29.313945	29.902715	33.103773	18.605627	40.676051	34.010639	32.295538	27.308995	20.252858	14.271188	16.694446	24.497798	12.151602	33.454150	9.740370	39.081938	37.730835	40.594335	35.805690	36.878383	15.783779	28.802189	33.149617	37.614866	19.942574	36.773047	10.667940	34.097097	13.596911	34.373499	14.867079	17.481537	16.200590	15.003779	8.883403	35.075399	23.053929	14.867165	21.946157	17.215339	38.089345	36.738378	14.982259	31.283701	21.457054	30.938082	22.293358	42.412150	18.962756
23.769212	15.758061	31.895377	13.390105	26.055509	11.660561	17.250999	19.513869	10.602790	39.614966	28.529053	32.547479	22.838875	12.328768	19.728924	41.803176	39.625055	11.599255	10.137297	40.895249	35.309946	35.516820	30.972184	42.343989	21.985120	39.496319	8.941022	11.869876	23.509282	25.305560	0.000000	12.013612	23.508636	27.757927	34.437548	18.578530	33.819185	35.320499	20.765703	26.961732	21.634003	24.590025	35.784973	31.310283	21.969826	40.554104	33.295307	33.568430	23.011455	15.185810	35.359993	38.637935	35.168108	19.497630	23.538499	39.321899	20.119434	25.348920	15.721769	28.444792	24.108184	35.372669	26.685513	16.243095	23.251295	36.066246	27.944815	9.710782	25.077577	10.996280	23.961939	34.550649	9.167049	24.410495	25.535373	17.390723	9.818758	33.037678	13.563193	37.128852	19.702486	12.935208	39.829868	13.922269	29.385969	23.076809	35.498482	23.717068	35.960211	30.295890	21.430282	24.345042	18.180974	25.341034	21.654504	30.056759	19.673420	33.761340	16.922423	20.472795	36.395363	27.707096	29.743908	30.076833	19.751493	11.006611	9.108292	16.048822	26.659840	23.391708	23.041545	40.558049	30.508878	33.142209	36.015666	29.146570	24.684188	41.020003	17.081135	18.799003	19.995616	12.458253	41.397906	32.775566	11.520731	31.784099	24.057532	42.326138	32.329561	27.991513	9.408937	9.759880	32.797328	17.248971	9.900811	13.862213	20.947270	26.799782	37.860262	40.740896	33.929428	18.653127	17.489446	18.299804	33.651148	15.039098	9.843004	29.323977	23.858295	32.192939	42.409449	40.937756
37.925790	32.147751	21.282052	22.931930	11.565840	17.799109	12.823426	20.342597	10.737472	28.454935	28.883350	22.119555	22.284664	26.049851	17.290160	31.103244	34.535278	20.094260	34.545795	30.047271	12.233690	11.330587	9.417794	9.710480	19.200638	15.369330	20.684022	12.373000	36.120761	29.307941	9.598941	0.000000	25.150294	37.221380	19.990757	14.298750	16.329259	34.953091	27.570404	10.326932	36.788673	42.138235	18.345733	32.815219	19.461437	20.915912	18.055314	11.589839	29.955517	38.706720	18.980627	30.209141	35.807611	42.455317	26.490926	22.906007	34.653748	29.436199	33.172314	41.142820	39.262785	16.768173	28.038897	41.604648	39.531437	24.119545	15.559443	37.877494	12.936591	23.468571	29.399268	10.786368	23.023462	33.589981	20.143074	12.678118	23.962918	17.270694	12.355884	31.986490	39.402961	9.285812	41.232588	33.724047	33.649748	9.567820	14.119022	16.787269	25.860825	20.201376	32.094632	22.402007	32.770914	20.810282	13.772798	41.414480	15.824619	36.439166	27.730231	13.333712	16.880203	11.012267	39.152642	41.298825	16.332393	38.325870	14.257823	40.808328	11.960881	36.045018	32.839069	40.227485	22.622999	31.363960	13.390225	23.586687	14.100205	37.635275	9.398065	17.527507	35.742844	22.078187	12.311262	25.065024	35.148683	17.825284	16.002481	26.910849	38.650696	13.970580	41.477433	15.988895	21.115937	29.378257	12.457528	14.125079	13.963955	23.132983	34.805461	18.531937	21.587719	20.904666	8.527614	11.981697	13.263140	36.399461	13.483817	38.200821	14.632856	42.148846	34.867528	27.290321
24.508636	24.637529	22.961820	26.052887	30.533714	15.838788	23.430521	9.081210	34.515218	9.722130	14.154389	40.588897	17.520598	15.775742	11.550605	22.584290	22.933522	25.137826	39.121841	19.302000	34.232784	27.866221	20.020908	18.505040	16.314561	17.572315	39.146495	34.199029	25.834254	9.388931	39.425666	10.087132	0.000000	41.183663	29.782872	12.107034	15.474639	37.561543	28.554425	15.365979	13.962718	32.520053	17.678291	22.783942	18.460586	41.372167	22.819396	27.522781	41.753119	42.360801	15.872881	39.762697	37.877646	26.756049	10.569068	32.099300	28.725193	20.256574	20.403661	33.759531	17.260997	28.713006	18.967637	35.106087	22.166214	29.941676	31.027242	15.296516	42.276358	15.713149	11.635305	37.319911	15.229081	17.266828	20.079181	22.665973	34.678012	16.386376	25.070410	35.323517	16.822574	10.060498	27.539133	10.898381	16.164587	14.996802	26.841852	28.287853	14.581893	17.637358	18.406249	33.167344	23.834310	15.507254	40.219904	19.379373	23.843252	15.877017	39.883892	33.730170	31.072676	10.038659	34.446212	12.764380	32.642663	28.242254	16.870122	30.692021	25.092989	20.428725	14.302493	17.372761	15.344519	23.910069	9.562513	30.284251	14.894303	24.405983	38.816724	10.881017	13.437574	28.308706	40.169090	35.620105	37.452156	12.308499	41.400693	29.234797	27.487891	38.333763	11.859494	24.280548	35.337586	22.192423	13.362577	19.197039	9.630929	29.286905	34.004507	23.876271	30.226132	41.411502	38.012259	24.911510	23.163698	33.676022	12.726867	39.894640	17.002557	34.659448	10.508564	20.816070
42.319240	36.605292	27.756781	21.831731	10.274257	40.734838	31.757525	38.062360	11.734513	22.763119	23.034529	18.990294	38.999759	14.152772	9.870429	39.294268	27.872135	17.060525	34.342252	19.502358	34.497088	41.657820	25.554487	40.675099	14.069615	9.630702	29.686240	22.341271	14.462738	34.598475	22.222203	16.344803	39.304192	0.000000	29.446382	42.115006	42.341239	12.069828	9.075945	37.987439	38.480616	9.486676	32.923373	31.415613	23.953869	32.553171	18.092088	21.843402	13.525619	18.606981	12.445160	13.642440	39.350707	28.446070	14.831169	9.874783	21.060233	12.328379	9.421320	21.016507	19.366850	41.059636	32.833002	19.640808	37.948191	42.488812	30.237730	40.290730	10.110589	35.206824	32.716670	29.167727	25.294165	25.677742	38.781002	26.313269	34.954244	25.921126	12.963966	13.136824	32.282031	26.699794	19.412850	17.018914	37.289721	38.239180	26.354760	24.145656	29.332014	39.621885	37.828441	34.098472	32.176144	29.785172	41.933018	31.782092	39.273499	10.678534	41.801051	21.349193	34.873767	22.811633	22.315629	13.437331	37.985466	42.094536	23.346704	22.809301	35.628550	38.313017	9.348627	16.294596	37.179494	13.034031	38.788016	12.590265	26.399467	35.922877	40.552873	38.350072	21.578901	12.578001	10.837558	25.029078	34.097079	40.098304	30.156608	40.157728	38.266986	19.305071	13.751734	24.390243	16.041978	25.864314	25.386663	41.276508	28.495856	35.275096	28.972954	40.334446	9.513534	11.747991	25.355826	34.803955	31.238760	36.153654	34.295197	9.952241	14.392601	14.942477	11.614838	35.016952
36.179009	39.098957	36.036188	34.544549	16.339998	20.624549	28.647504	21.196344	10.942529	19.985914	21.510438	27.043053	26.531910	10.802309	10.578687	18.191647	16.765396	40.377025	11.930149	19.389627	10.666847	22.206704	14.397215	35.829767	11.913009	9.166424	10.930666	38.223168	23.744373	20.787876	22.660026	39.721214	16.264286	13.657745	0.000000	20.879744	18.156040	24.538553	10.483956	16.984065	28.645912	10.738500	18.245864	8.686990	36.895932	13.339478	24.389439	11.725140	31.986125	38.845826	14.969928	42.239179	32.591556	24.967577	22.258730	36.613247	35.946568	22.303474	38.255353	39.972078	26.865399	22.480866	36.549619	40.707147	26.934054	42.392717	12.348045	22.857037	12.659641	32.583933	41.790997	14.690070	29.532359	18.508721	28.920741	17.453828	30.520710	22.334022	41.531767	10.727817	24.180495	32.466596	32.380286	10.231449	15.400561	41.847661	41.360992	20.012844	27.590862	35.593710	23.792004	9.161156	24.603249	33.385208	20.389841	39.869217	14.978694	23.451925	11.449438	37.060253	41.794633	22.715470	22.959584	23.850740	29.993182	10.869718	34.406412	11.366139	14.379538	40.139149	37.872406	8.949184	9.303433	39.748873	21.204292	30.542378	18.351615	20.467289	9.463242	17.249048	16.484458	39.217297	16.640886	11.751965	37.862299	41.242384	23.484413	14.907129	15.884053	12.006130	38.045302	36.542981	22.471880	41.942082	20.721189	22.078317	11.852771	29.301084	31.087316	32.081607	21.879120	25.270350	18.686292	38.541168	18.121398	16.730007	10.759756	9.471006	14.637272	40.749142	18.372549	34.924787
13.011200	8.650731	30.724584	21.040933	33.772845	15.810962	38.445940	21.919237	15.719652	13.730573	16.330806	21.878998	23.242779	34.027938	22.961652	28.958065	12.933771	17.811406	28.389498	39.305590	13.160983	14.916344	17.350053	34.541390	27.938155	21.223491	15.556216	16.733164	15.265036	27.588507	9.336549	25.087105	41.000505	40.029988	24.851109	0.000000	22.399066	32.807594	19.071276	37.827506	31.078645	31.174023	38.282711	35.636367	33.718725	26.283013	28.197021	11.053201	9.555626	17.356431	22.794916	18.792091	37.699985	24.171481	14.722994	20.101561	39.407669	37.363484	38.035562	35.572622	21.026551	25.534023	23.639749	25.566862	35.717745	30.840158	37.520348	18.855693	22.101032	18.008488	34.086575	28.809120	16.729789	23.898129	21.064427	33.981153	40.690047	20.697709	14.654934	29.473110	41.301998	21.426930	37.040563	33.379695	30.845318	31.574320	12.690057	33.198081	23.236920	28.482557	23.320916	10.712575	21.612141	40.230287	42.316555	10.740917	32.525504	21.123114	33.439109	15.902601	11.837052	14.278805	18.815031	25.808745	24.315312	24.953042	25.404842	14.960699	41.862976	24.057266	21.148551	12.642206	18.213549	29.346194	31.168048	8.520382	40.297002	30.958604	31.904422	23.025384	37.170718	14.994596	16.684077	16.297120	34.397400	18.813390	29.146012	10.166621	28.253393	18.350684	18.786379	34.909795	23.440538	12.367531	18.788771	42.152283	18.397447	11.530934	32.324580	11.289183	31.630042	15.980942	9.796353	14.669103	9.128399	19.498260	20.277102	38.017393	21.598731	25.151916	37.273691	19.121103
20.258314	41.824941	9.939005	26.154809	42.225065	23.013954	24.399110	21.984957	19.600505	38.477603	26.456168	28.229457	15.914499	15.219658	33.675393	23.339617	11.248988	34.330807	10.268367	25.285823	26.320677	20.526462	17.355130	13.171309	31.435220	23.311855	16.760296	10.918521	21.034607	16.811243	32.815398	32.352813	39.046740	32.126575	22.241432	18.948946	0.000000	39.207093	35.450518	25.111555	31.147665	28.604687	9.080846	13.449465	25.533182	28.572156	41.459667	30.875250	12.618878	12.191344	29.280084	38.063727	42.286366	16.708497	25.271060	25.338347	8.748187	33.107682	30.290048	38.669369	40.777766	10.009515	40.952688	14.955790	26.952803	16.304964	31.357433	39.894557	41.917139	17.667543	31.120088	36.103092	19.004625	25.439732	19.731242	15.806422	18.582493	20.604454	26.676479	39.360494	11.439011	18.213797	19.755510	14.215625	31.549333	41.155563	24.156307	29.034283	27.614527	26.577577	11.247008	37.492096	35.841459	25.386102	37.220081	38.929649	21.069298	13.973402	31.405310	33.341000	15.958668	29.230981	8.599782	41.667927	14.756981	32.752677	38.614236	15.093679	23.791492	20.248749	41.324398	23.914145	28.274237	31.870435	22.252306	25.228954	26.173755	31.755647	35.743506	25.439619	13.701214	18.950543	42.075612	27.001946	32.231561	25.076214	36.380935	38.838501	30.099695	9.289829	27.712025	39.299783	39.960977	13.691720	42.290932	41.322479	22.449040	29.873161	37.965628	14.524346	12.274952	17.680130	14.534078	18.463450	35.849630	37.779580	32.580066	41.751882	14.166850	10.093713	31.818112	12.933259
35.229641	32.921060	31.138451	34.319224	23.041611	23.781168	21.106822	33.447282	33.553458	33.507856	36.409826	12.849052	35.676985	8.742425	23.734067	40.690698	12.057085	17.364685	37.469902	39.656780	29.245487	35.921129	16.680092	21.826977	22.518041	17.793672	26.380234	24.887938	8.972324	32.310958	38.116282	36.195724	41.423749	30.385811	40.377289	33.169855	12.081331	0.000000	35.233732	17.302610	37.921652	39.136247	9.278367	20.197562	13.847840	41.680473	35.263827	17.757572	16.328412	13.464883	19.711232	16.892998	17.454372	36.893761	13.303744	42.324640	18.576761	31.022289	14.280168	29.010262	18.143246	34.626218	37.786800	29.396048	40.527255	37.970759	39.774702	18.992913	30.758803	15.523612	14.137803	32.028168	30.317315	29.194663	22.510473	17.385819	19.098398	38.180653	24.817627	11.752704	19.535123	24.949651	32.991168	22.946098	18.837761	12.194005	39.043573	34.365445	18.562251	9.225541	10.784868	12.966618	22.229584	19.527240	40.141415	19.289779	9.762950	35.549697	38.899353	36.577013	12.686257	28.520295	40.158409	23.799221	26.089662	21.481167	10.277415	16.108672	18.407894	23.739571	15.507704	37.301855	14.605519	24.093549	32.233190	21.753197	16.796771	27.209262	21.460721	30.078538	17.097422	36.894885	32.597963	25.862663	35.114426	39.536522	39.731520	9.651806	39.827670	31.358100	38.943708	15.632792	20.866093	12.849356	10.464399	12.158406	34.406689	38.052189	10.779145	35.856334	33.466610	42.214338	22.951198	31.177573	26.404063	24.007013	25.468994	15.605052	41.328130	19.939359	38.208411	18.966304
19.623105	29.779559	13.033425	13.732019	41.497504	18.593168	32.889723	11.164980	11.471277	19.143648	32.018228	27.407250	36.699427	23.954268	36.415235	22.268394	28.237126	41.061250	16.503147	29.016731	26.647500	10.105473	41.377615	20.009868	28.533074	33.669473	16.879344	28.459399	27.452037	9.334929	36.160902	11.959872	10.480465	38.944458	34.563396	18.647841	11.820200	35.346455	0.000000	8.762630	14.865328	13.307129	34.334970	30.027624	30.902114	14.022303	36.799974	9.368007	25.423504	39.928037	37.733134	17.694560	10.168423	27.145167	14.961603	11.263135	41.985150	33.636381	31.283772	30.343952	30.171472	41.973966	22.846974	10.345780	22.279478	12.327268	14.509631	34.629737	16.534192	15.841143	21.331681	22.090118	37.756914	32.412113	23.005562	38.250094	23.941385	41.842434	9.027080	34.701606	10.532346	10.733108	14.051794	20.028609	11.869366	11.564993	34.061109	30.826077	9.882896	20.756324	15.213011	19.814492	11.030326	36.897929	16.529241	38.064502	16.380279	10.347200	37.977333	27.251567	12.182830	14.143039	19.289557	35.755137	32.125970	10.872758	34.006776	22.064549	28.992559	17.762809	37.859589	41.467659	38.420424	34.346917	28.504224	18.991228	29.098007	8.743445	19.860507	17.149988	29.167222	19.177273	17.067105	13.024732	28.285736	33.885718	12.809339	14.851341	37.375159	39.720882	37.014831	25.711820	26.780966	10.865381	13.231193	10.895577	13.723226	33.718022	25.777137	37.307668	41.738030	21.915919	38.299539	9.146814	9.611196	10.354339	30.515880	35.145458	13.576616	41.245889	12.255322	20.696248
20.466344	22.836770	41.503060	11.268313	29.071836	13.557651	41.893406	22.089828	11.822037	22.521208	34.986478	19.676738	27.729439	35.474927	33.564250	37.289695	31.560497	11.213304	38.456748	33.970641	31.555849	40.074601	21.301844	23.587593	34.519266	34.533848	11.522693	37.107075	37.984608	21.735480	39.109316	16.862463	25.359153	23.562196	41.375641	23.994270	39.789266	39.301037	33.987347	0.000000	17.975342	19.768614	9.230118	33.249385	15.383544	29.919978	17.953169	18.332737	35.890947	18.263951	23.523894	29.142016	38.264873	10.163181	17.055883	17.740326	36.961610	36.669713	36.229526	36.451371	24.442261	33.410583	41.001937	42.138425	9.570363	39.253972	37.995781	20.363032	28.584298	8.668268	11.697064	20.947162	22.891328	16.555887	24.236816	38.579592	21.150839	19.876537	20.283835	15.487511	13.964830	10.259778	30.719123	21.102214	39.931333	23.001351	29.126169	33.099408	24.938966	25.114417	12.955043	16.554627	22.827168	21.808929	42.294293	11.822172	25.065460	16.827589	41.939522	28.495868	35.905103	28.378266	28.577369	29.306509	12.073712	24.378831	13.758725	18.431261	28.692709	19.990581	9.734233	9.446005	17.575585	21.650529	33.853606	36.794707	13.550428	15.578205	26.190408	22.516662	39.624572	24.697711	21.096189	17.998843	11.238572	23.194097	19.205831	12.464735	15.158318	8.824183	25.633698	12.903320	9.083037	30.683643	26.375271	34.370634	14.142227	26.043924	33.820091	34.311287	24.707021	8.637203	33.281567	21.760350	23.621190	17.946648	23.225304	16.597879	34.253167	21.736864	19.636491	34.380517
42.189089	19.603332	12.650333	22.312137	34.756929	39.869982	8.889909	38.508579	9.082902	38.803283	15.816433	18.981598	41.973848	10.374414	34.364057	41.575688	41.758326	19.249460	10.644631	22.939366	15.296892	39.391884	26.220813	40.646962	35.698378	23.591403	36.597794	19.434639	19.862768	31.912386	32.651451	24.216563	22.135121	17.384455	35.459985	35.967599	40.844554	14.331341	19.426429	19.187399	0.000000	21.233751	29.074247	36.700580	38.148251	12.703976	35.120203	25.752474	28.806568	9.261331	30.905504	41.137152	16.272699	31.010976	40.775299	16.190792	30.454918	37.399244	12.174627	12.214014	25.201949	18.010876	38.859796	40.077623	13.029209	16.879404	17.596085	12.038692	38.626090	22.485629	32.324340	12.791243	14.174946	27.390082	9.875796	13.860787	22.563358	39.898485	23.587518	9.027636	9.716555	33.607138	19.210554	15.103872	32.963467	21.083127	30.630973	26.070115	13.403723	9.230739	13.305044	29.141225	9.839261	9.669225	14.908188	17.119348	20.292130	32.123342	24.600275	24.723403	24.043279	40.290665	26.035358	37.115466	37.542160	14.871342	30.363995	15.304769	20.207508	10.472067	22.516151	10.567390	30.588292	29.056890	13.015136	10.966339	35.924434	42.230869	14.766673	25.877266	20.128027	24.450958	26.417950	28.960140	27.663445	20.820819	29.489072	10.878412	9.147845	39.286338	21.941056	10.867690	27.065038	37.568836	38.424698	18.607948	15.417101	40.468393	11.869817	15.863456	39.540082	8.648548	10.005809	25.789042	36.001489	19.299686	25.734838	17.638600	34.771802	10.740139	29.543216	9.408894
19.926140	22.318625	10.765528	40.478986	25.092220	41.036343	20.991347	14.755348	12.565804	26.920373	11.096843	40.981536	17.110130	24.581195	13.314581	32.889782	15.406951	24.543771	31.318917	17.710131	37.221281	31.403906	15.655000	13.282869	23.591883	42.489185	26.698248	25.981861	31.678250	34.941028	18.160017	33.506068	19.097572	12.020854	18.524580	38.378078	33.460573	25.629172	15.778349	17.222727	32.935035	0.000000	18.845688	19.902472	14.151335	41.921208	14.609277	25.908141	36.298242	14.301182	37.110957	14.677332	25.511217	39.925231	10.940499	42.085567	24.904366	26.370337	38.893024	41.211921	28.508670	23.940865	27.750706	8.723300	31.442593	22.309572	37.062678	38.263729	10.799764	17.673651	36.277947	42.099576	11.063714	35.608499	16.502451	18.435299	41.556459	22.298324	24.565241	36.112125	22.999147	35.013952	32.618646	11.936654	41.436794	36.187185	10.728410	13.720984	23.018998	16.152896	19.472587	13.092491	22.465050	36.482813	20.134962	20.359547	35.941901	13.555668	23.309271	22.302878	32.059774	37.056637	41.549118	17.889296	33.649806	23.990931	29.408734	39.351526	26.578088	35.264997	34.467360	42.327030	23.243292	11.090691	41.328346	26.293370	19.807815	37.022136	15.279312	31.860947	25.063665	18.626986	35.672215	15.907264	10.682973	37.950107	18.532101	41.944635	16.694907	11.155556	14.169799	39.157731	11.028047	10.095483	16.669711	11.470007	37.851409	14.543006	14.527322	15.787977	26.167967	40.547459	33.045719	16.091770	35.809525	37.150968	18.616876	28.501337	33.358493	29.853641	19.917564	19.503932
9.212365	18.388912	13.230627	30.562847	23.480363	14.286337	39.697696	20.268196	19.062136	18.601651	21.999558	14.050312	30.411977	15.512642	34.423401	20.576561	30.076024	23.463186	27.463668	17.801696	16.824699	13.004214	18.210144	19.866300	13.747684	35.405717	34.904245	16.086781	17.483880	36.431423	36.949767	12.224504	35.120579	14.884906	19.364803	40.476335	30.945659	19.989604	15.177632	17.038440	18.942896	20.141524	0.000000	30.991610	27.531101	30.053099	38.589454	21.268964	11.937162	22.779053	17.723425	24.489384	24.864660	11.854731	16.578705	33.995421	21.529393	12.658109	23.461031	14.055274	11.616678	13.523460	30.637428	33.400345	41.872349	34.364332	24.251575	23.599570	25.004251	21.688372	37.715158	28.062354	27.682172	32.601500	18.504715	23.048452	11.970995	32.366402	33.190449	36.085474	29.163043	39.998949	41.741558	13.700984	22.971529	42.235141	16.316893	36.628754	38.482872	29.448274	41.047873	22.139661	36.779083	22.079759	40.570761	11.610207	30.300251	33.043929	16.234112	29.474722	29.614460	13.923356	29.411578	13.620097	42.123802	11.214890	42.421796	23.194371	39.207792	32.379165	30.356489	39.042099	9.790013	38.890155	16.956341	11.511620	40.861537	18.121709	27.279599	32.123862	36.094842	20.165239	12.343560	14.574889	11.220258	41.501035	34.080538	41.016082	33.176111	19.042920	14.375417	35.728737	41.352889	23.568043	21.602757	36.917542	29.539887	33.998404	32.648859	28.397703	35.245128	25.526684	42.469197	17.029408	32.669330	38.340139	26.480215	10.190592	16.922805	33.308274	34.817989	27.272634
9.919580	34.364357	38.501055	22.166596	32.063870	30.208180	28.270477	23.521597	42.220157	27.582057	37.723819	18.884455	25.504709	13.969145	34.570561	29.533957	29.266229	28.275019	25.799687	14.694900	40.337604	37.700926	30.489648	8.711116	10.555290	24.753353	22.310852	27.390011	22.985087	28.839918	35.109824	39.224839	11.013121	37.085122	38.089828	20.068721	32.084418	35.852075	35.836626	23.114849	27.723287	32.487174	8.702577	0.000000	35.998929	30.941684	10.566078	21.159175	32.992803	41.081100	32.361996	15.509957	37.400308	29.329272	12.144475	23.796733	34.013986	30.945724	38.694273	36.014173	16.279528	11.056806	11.758148	25.770445	25.443509	15.517408	39.374749	35.616068	34.861228	26.029024	34.848256	27.582543	41.459625	37.281406	30.627150	40.801315	8.951695	40.633110	32.635108	26.982237	36.881073	16.447315	38.235018	11.794163	33.489460	14.517799	42.160991	37.371885	34.693325	24.320209	17.875992	33.426070	34.095681	34.494524	8.826067	20.933622	28.392669	26.293843	22.343165	25.259729	13.910183	11.736081	38.092722	36.190462	8.671533	38.308607	22.498261	39.237709	18.007680	42.345940	39.452303	38.293469	39.775920	37.615215	32.211104	19.692053	35.567575	16.168278	11.717246	17.296739	13.494451	20.203069	10.131898	38.989883	26.343648	17.145738	13.997360	21.351017	11.195589	22.001639	32.596722	12.497012	35.145228	9.463880	30.388733	13.355083	22.943569	15.334671	19.672976	25.404555	12.953907	26.044210	29.098196	12.303553	25.732558	19.037012	13.768196	37.084477	18.132613	8.965755	9.825537	14.487255
39.103273	9.993240	9.502116	26.528353	16.624004	38.848298	39.578172	39.713334	32.356929	41.080928	14.611483	9.022818	9.764489	37.422570	12.173220	20.767874	16.512786	26.741160	13.665602	24.457508	9.977501	8.700686	34.578963	17.832581	42.114035	27.392734	21.013820	17.412727	12.886608	36.529139	20.681447	16.348714	23.013424	23.459472	24.013450	21.534625	24.002221	32.670252	38.924832	25.344246	33.876824	10.314760	10.693585	37.258119	0.000000	23.680566	31.275443	37.435695	38.184935	38.042245	27.621155	19.235070	37.265188	32.026392	22.330707	26.806288	25.847383	24.512010	34.950539	16.707922	41.466616	29.735563	35.235366	30.069691	14.128890	10.948232	37.916410	31.352061	18.365190	21.561127	21.664061	41.284905	34.750386	26.180985	30.398655	29.764491	34.037318	18.344960	13.965939	16.997660	17.874141	10.558481	11.283523	34.348485	20.448483	21.516664	11.350481	32.177766	31.619202	15.171486	29.632301	28.585588	34.762015	14.415400	26.347080	41.731912	36.748961	16.766704	24.910990	17.086582	33.189477	40.131124	25.486867	17.695463	17.769694	9.515278	38.621069	19.392809	39.289214	35.607034	41.392904	35.750428	39.155921	39.938812	36.897331	34.528348	33.197078	35.957922	15.796471	26.944226	15.591606	42.188790	19.111826	11.790950	24.946397	39.541718	12.798067	16.744257	28.694542	35.774356	39.613844	19.531133	28.403507	14.631263	39.173099	25.951521	23.929875	11.774701	25.296885	27.202905	11.058914	35.052109	9.905656	36.570986	13.655469	16.741434	42.069060	29.728824	26.592693	9.209474	36.338968	12.678831
40.399879	31.541807	8.828738	31.422359	19.340572	10.249868	13.918554	41.445000	21.027201	37.207449	22.006031	39.164694	18.585627	13.130540	15.441501	41.743126	34.320427	36.535858	35.317723	14.387738	26.525222	22.471923	22.333878	32.121477	28.887397	20.218566	22.188297	24.058514	39.821165	39.259009	32.140350	36.324931	31.726337	30.492483	17.188735	13.028935	39.780657	36.833369	21.514890	21.068697	31.652378	14.251662	14.812922	12.039877	16.808461	0.000000	23.902191	40.019720	31.172183	30.736556	27.840842	24.728446	28.562922	41.182660	37.595918	34.769014	21.266447	37.500203	25.767406	22.955123	13.683156	8.597925	23.384935	10.108794	26.662603	14.972985	12.138253	19.511047	34.422179	40.732582	26.801719	17.669706	22.806126	20.934744	34.147020	17.776055	27.283035	10.929817	38.444745	18.962455	25.337279	34.593924	20.269354	20.348454	19.728654	11.694064	28.363317	22.202839	32.840348	36.285039	34.498534	18.062924	22.626275	31.754561	16.470773	36.790559	22.997642	10.899768	41.779860	28.904585	37.746934	38.863826	22.639901	12.172949	28.359900	38.273413	33.412113	26.465577	39.837765	31.284771	24.635484	34.652197	23.487339	23.331378	21.048595	32.728375	23.605705	41.691838	33.627494	32.937170	25.515359	18.980149	13.802020	29.643364	28.657745	17.208169	34.637315	31.593988	10.956341	18.438281	21.112696	24.512377	10.263559	33.502936	25.074464	18.967736	20.369797	38.332326	31.643915	13.959725	16.117190	12.292509	20.963666	34.130089	22.255282	38.041383	22.575074	8.640269	41.669373	33.287393	33.594442	10.367448
32.500281	34.656055	21.333520	21.613178	18.548331	24.546653	12.462259	9.288973	34.392530	33.039167	11.822849	12.589434	30.144078	15.694931	14.823698	28.568962	35.441473	11.776036	23.111041	14.048590	32.024842	40.050295	33.435790	17.965952	12.855579	25.547124	13.783022	38.388242	11.009859	25.189719	22.663384	22.439709	10.848130	29.958829	16.889918	12.430509	34.153141	21.270661	22.782945	38.464608	40.492926	16.061534	36.601759	9.113083	9.132146	21.329786	0.000000	36.133508	18.669720	33.494338	10.745362	24.413479	30.530340	32.899653	36.321952	40.924082	9.422886	19.647797	27.801562	41.219363	20.461398	10.136752	23.551609	8.738390	40.943293	26.089912	16.214477	26.897444	39.286192	26.354495	18.958415	32.607057	27.842322	13.107067	40.531451	27.449777	16.433878	33.524278	12.308307	35.711430	12.182704	11.873153	27.528526	36.707903	29.268606	26.458873	22.068107	27.492266	21.386782	11.414415	38.679561	20.004558	33.293353	34.569000	38.251132	38.636075	30.646542	10.119218	38.543311	25.867029	31.472243	9.950448	40.731016	24.463847	25.025904	26.288933	30.339993	21.439311	25.198457	16.384831	22.413624	37.936354	34.303833	22.432494	27.543647	28.847450	9.730548	25.216914	26.894527	42.072993	28.864574	28.691819	31.368278	38.734102	38.548629	15.203909	26.531054	28.808771	32.045757	35.808106	20.440566	35.241952	10.973336	37.115109	15.878690	12.619220	39.685947	31.581085	21.545680	28.616675	26.948372	21.103408	37.737890	16.658391	36.292247	26.740408	36.823869	31.750445	9.886773	29.603876	9.882456	27.514764
36.360727	35.744460	29.028972	23.105638	13.534889	20.166942	21.675421	18.381959	19.257419	25.152457	21.567250	26.403882	36.858871	26.759315	38.842072	18.736806	22.777916	28.318638	24.943459	24.947393	9.249189	15.435132	41.607997	10.469702	38.930227	17.582461	16.968181	16.108197	35.968119	15.000554	40.426070	25.744676	40.252848	18.230188	33.552463	19.203583	14.876217	38.959977	37.646760	41.252989	25.196181	32.262087	32.168889	27.084493	27.812527	11.170387	26.459751	0.000000	24.398885	8.962189	29.477646	10.334078	10.415112	42.076981	21.199141	36.358167	18.710445	30.427585	41.520315	31.576493	18.374440	41.293212	26.825270	23.427794	31.254828	12.967263	25.189546	36.169882	39.475410	31.153047	28.396454	22.891004	19.199015	16.447051	15.302540	31.192805	13.899908	24.130869	11.749739	20.036516	11.043398	36.754647	18.581975	34.952678	39.605815	20.332880	16.986655	19.819196	37.611969	32.584940	39.909360	9.626884	26.168620	24.873255	24.290159	41.941799	25.050392	38.674478	12.795623	16.468978	13.804798	13.583001	18.159350	19.272183	29.534715	18.913227	29.762009	36.783955	17.683963	22.768203	9.529992	24.215082	10.832078	28.645667	22.188609	12.753260	14.302391	35.178427	27.729035	13.063404	34.831331	32.673542	11.912685	41.192455	33.122586	29.999722	33.315144	39.132236	14.063395	22.493243	30.685783	15.245105	13.379480	15.698653	24.883596	38.006192	37.368113	39.915996	35.437643	14.539791	29.401760	25.658674	37.941859	17.203540	9.426938	27.851468	35.472946	18.802254	34.914629	36.767922	10.926648	34.546404
41.144650	10.137150	30.544989	39.432632	20.233044	36.399210	10.091734	42.127593	24.635755	22.014346	41.142782	32.376593	22.616027	37.198969	40.304391	19.877672	16.905188	10.595944	9.890194	10.264938	31.901024	39.601745	11.075060	21.331828	21.954594	35.676902	41.718183	13.362183	19.338313	26.420385	39.717324	20.879038	20.119186	28.729947	16.774035	21.454318	15.449916	21.663918	10.166162	18.563863	41.107286	9.961398	12.826680	25.725974	22.740294	26.734007	23.327675	36.670157	0.000000	19.339316	26.648328	34.859918	9.457011	27.216842	10.038307	10.230539	21.806292	31.143915	28.292600	15.064811	31.363155	40.173107	11.788129	10.474214	12.553318	14.194627	29.300273	19.627414	22.019597	41.496728	38.964170	12.109850	18.938119	13.012520	35.699348	22.501938	24.514610	29.359304	36.464384	8.542200	34.576793	18.123579	22.577452	9.107837	11.546831	16.781887	41.527282	16.580207	10.305702	38.649292	18.562601	37.111219	33.405871	14.648129	15.533136	13.727879	30.269195	41.681687	25.181063	21.164110	41.985094	28.436618	20.621142	29.160991	21.534413	37.489987	23.225371	15.679122	38.425507	22.400404	17.931748	15.283317	21.620244	20.052331	8.970674	19.277453	33.567791	34.106663	37.968873	40.564568	29.516236	10.245089	14.859387	34.642255	20.944635	39.330358	38.841509	37.106757	10.842479	41.005541	10.299581	22.820173	19.144961	18.183753	40.056899	37.571838	36.090048	27.566276	39.613867	14.153322	10.088726	38.733111	30.473767	20.602825	40.886258	9.922840	12.171415	35.561680	11.379441	15.699014	34.361575	24.581579
14.233120	23.041443	18.508160	23.424014	35.780772	40.926557	33.679481	30.602986	25.631275	13.292145	30.502777	29.566666	32.945401	20.053972	9.880402	16.256788	25.760984	23.732618	11.849687	28.974595	35.489695	40.999192	40.459115	30.005010	10.044468	21.043145	39.486521	30.738396	12.858102	10.218016	35.907448	15.372256	20.479575	19.641922	13.589285	34.479454	28.654613	25.604029	36.841473	14.553971	10.724701	37.914855	41.571599	15.889031	36.909953	28.677967	10.058378	39.628216	39.687173	0.000000	25.415351	11.861661	15.223881	29.207857	36.243366	30.073076	26.824327	14.825910	35.270166	19.860415	23.353524	31.756114	24.470031	12.281640	15.531975	31.360979	27.993476	29.777102	30.975979	29.890911	12.596473	41.906173	12.504669	35.134981	21.193653	24.686157	37.997521	32.161826	25.159050	21.075442	23.473070	11.408500	9.812721	34.738662	17.884188	8.905900	17.894334	23.841533	9.339554	30.287346	9.406728	11.498003	25.074556	19.660110	11.075728	16.368053	30.305306	29.357197	41.657914	18.320149	23.026437	25.473727	35.646343	34.042365	36.689078	36.416653	15.414738	20.215428	33.294476	11.996358	39.204562	31.327431	14.393956	18.720034	12.036278	31.317005	19.851092	37.830901	40.014668	12.888408	22.389070	33.980184	31.541910	24.789849	24.887759	41.222912	30.919778	39.473165	11.801371	20.297165	35.129314	29.557517	11.794732	8.897842	25.645035	31.597502	22.157033	40.410754	25.024020	38.948113	14.073132	36.562227	17.974035	41.599913	12.573982	34.092289	12.927244	27.648133	34.548734	24.836251	25.252314	11.200874
33.168496	24.351597	24.744877	14.010890	26.485771	34.462040	35.151260	21.561214	27.229832	36.414345	39.350747	10.212317	42.366408	13.774323	37.667960	31.936312	17.534481	41.233846	23.476958	16.245060	26.564705	40.582794	33.300878	11.546029	21.997447	41.448089	11.892184	25.246255	14.302261	42.300197	29.841701	27.648434	22.624783	27.565279	14.808863	24.583978	32.850308	24.644102	37.928372	15.444830	26.441509	13.727045	15.703885	28.080794	21.754799	38.684589	40.859744	30.536863	32.911665	32.625750	0.000000	14.765392	36.820980	28.996910	35.609831	30.022849	19.730751	8.765756	12.095719	18.085559	12.083910	28.566581	30.392004	34.131738	32.908455	27.558160	24.187643	41.978365	15.197291	19.710010	41.747844	11.879432	29.978238	36.154487	14.895385	35.736102	37.356796	11.603745	30.568504	9.915743	42.421997	13.000876	33.165615	10.881103	40.063916	26.421851	36.952712	11.200455	26.223555	30.795916	37.771925	40.658839	27.169940	42.464986	20.466475	21.361752	19.317175	31.684807	18.877364	30.195023	38.625630	19.009769	42.148514	35.113520	39.610269	22.536660	34.178435	22.413465	29.708238	16.998001	40.100118	12.885759	18.348074	27.567985	23.206298	37.632003	11.537292	13.808406	18.523688	24.755280	27.511603	28.558853	13.686046	40.767756	11.636402	41.524941	19.919494	40.117470	23.489167	17.821113	24.143132	30.957269	37.476047	13.472868	15.337864	42.024126	34.261358	30.982822	10.973391	28.133154	10.067891	9.579092	33.966877	31.333343	24.018054	33.156686	30.701199	31.886728	15.986494	20.461717	30.044510	17.606602
34.754861	13.277475	17.653298	19.023656	20.238120	13.224647	40.073705	18.085363	15.957082	15.894785	14.119749	19.105166	27.381804	15.539460	27.361405	41.071664	25.995261	33.667363	17.641419	38.845359	17.163232	20.091117	10.109044	38.183783	36.898239	8.748251	14.927133	13.716042	24.352392	15.533907	28.657729	36.803342	26.154627	29.018072	13.525370	19.610310	13.527693	26.367606	13.356042	11.878872	32.316513	18.585370	37.631538	32.032541	25.084025	16.066725	36.661711	33.572318	21.408711	38.885814	28.701886	0.000000	20.843028	41.822973	34.953833	36.277888	22.754708	20.043115	14.348243	25.205183	35.413399	33.056457	35.326270	29.513085	18.664351	18.408963	33.745184	28.998985	15.221986	35.150342	11.925120	25.806832	13.394910	39.167917	13.336876	15.059598	37.535293	9.615425	10.960952	21.880249	32.508649	36.641087	22.431096	30.203439	38.016014	20.326448	9.908225	20.324469	25.457378	22.016530	16.865419	12.652340	13.897801	13.514339	19.517401	18.512572	9.443345	15.626043	33.929577	24.967413	42.362436	27.157533	36.064541	39.151944	27.088489	36.449185	25.264845	28.909893	41.517538	36.453313	18.260991	31.929009	15.958053	10.076782	30.856147	40.269166	30.020478	36.684349	17.213428	26.443659	39.895120	25.579157	11.762804	10.842408	22.963418	24.747277	31.885031	22.933543	27.589657	15.810680	13.231606	35.455097	20.451904	39.390300	13.263753	22.512733	14.235175	27.970880	13.150196	29.233592	15.204037	34.128728	25.631504	12.740984	27.250212	40.124605	16.577748	13.854600	15.799776	30.193418	30.287110	42.290569
16.644531	19.359533	41.791445	18.883007	16.731642	27.705568	33.711398	12.700292	30.730129	25.863060	23.121186	23.152810	33.127661	30.417812	27.985728	28.624409	34.653422	32.750886	33.822198	31.516767	31.622571	37.097104	17.184139	28.061811	26.713338	34.417062	27.785025	36.244869	18.314689	41.772859	18.889177	26.328285	31.032944	29.235898	22.295859	17.368513	20.549543	13.040980	32.390687	10.954878	33.402048	10.221823	20.664167	16.550487	37.464355	13.658775	17.732051	26.313989	34.507645	30.719543	34.431879	28.180483	0.000000	15.846915	42.397637	21.430830	16.403481	15.972783	14.033252	30.336579	29.149881	13.381903	40.565278	28.013429	9.820288	30.659999	9.222995	27.134253	42.207813	16.444526	29.437410	41.382351	14.977992	23.922612	31.799165	34.859416	31.026664	26.751284	30.099987	11.927961	25.709718	15.001789	12.939836	11.172786	13.533094	32.261169	9.404443	15.421958	32.593228	14.362340	15.671784	32.618442	10.394516	34.790134	29.064956	27.880013	16.217672	26.598624	27.584277	11.686707	22.623633	39.836727	39.657882	30.703242	35.668290	34.313164	31.420166	9.025007	33.134196	32.469982	32.510670	18.852167	37.287010	36.381388	42.007080	27.385620	29.187382	35.031643	25.462042	12.366079	32.646292	26.977891	20.532243	25.394287	34.916316	21.384973	19.700255	18.112260	12.075043	29.067031	14.985836	21.671773	11.480336	16.429861	23.750155	41.462105	27.686103	18.134271	12.041648	11.705441	12.261422	37.086222	24.678017	31.251716	36.223986	37.745359	22.191913	28.549306	33.849700	32.347874	14.025850	15.909267
19.220279	14.307430	28.041744	22.240708	9.588861	20.429218	8.634682	30.764878	41.072502	16.126673	11.622780	16.858566	8.709020	12.026416	38.638809	36.987239	8.690630	31.212182	17.675130	13.284723	35.061435	27.510205	32.759341	33.940569	29.848826	9.735764	39.682687	32.573952	19.574694	18.494089	8.507332	35.753625	20.658942	29.101508	35.430046	9.129195	16.735737	30.806303	17.859226	39.936858	14.163204	39.736224	33.134413	25.569357	24.572399	32.579836	42.172714	37.721765	32.220880	10.080427	9.890626	25.344000	24.538043	0.000000	25.670250	12.314852	22.221591	28.139257	26.149654	22.870057	14.177781	10.421713	29.863600	23.838793	17.442483	22.884214	40.240748	34.004722	31.653305	41.068646	25.466500	19.443564	12.694334	9.926216	14.272137	34.325833	28.560558	22.309803	30.284102	37.588619	42.395237	19.957635	16.737416	26.350672	23.300581	33.156986	33.582904	15.649111	17.304087	37.867731	18.637793	36.086834	26.405390	23.070506	33.808588	23.338742	8.552421	32.814893	19.125897	21.824065	30.148109	39.729364	18.777949	29.201401	12.181407	29.797026	34.296548	41.336768	15.023103	22.247181	39.089314	41.528441	38.438020	31.713374	35.732435	37.496545	29.401306	28.821294	19.043091	25.047345	41.951265	29.936581	12.711459	17.877691	34.139148	29.757816	23.991811	34.690140	32.848537	33.502551	18.103259	39.777723	19.578951	24.106018	23.127145	36.949056	36.666861	22.814836	10.986754	42.474256	32.046904	32.783755	13.453438	29.344103	40.973994	30.870250	18.394090	9.826614	24.268324	18.898207	18.306461	30.955035
32.928811	15.589215	16.408355	17.008030	21.391353	41.545291	15.724326	12.953488	16.071215	31.673572	19.146488	33.450516	19.966036	29.338819	15.782240	33.303633	10.480328	22.356771	34.911381	18.469630	30.530094	10.484557	21.766405	9.425920	14.607873	17.628185	37.040053	11.957456	31.869696	10.273253	19.611731	18.472617	16.159210	38.466090	42.026657	26.508559	17.102970	28.661627	35.492417	14.072041	42.258230	22.964308	28.050745	33.530785	17.547118	34.174204	9.485974	24.089556	27.401969	18.419322	9.263372	26.644271	33.232308	12.449007	0.000000	38.932918	19.400050	40.127850	12.968605	35.335787	30.513438	33.083173	36.548505	12.095653	26.667592	33.384534	11.387559	27.045822	39.526521	16.483260	41.384166	30.318405	32.191159	38.737828	16.472135	26.255419	35.532312	18.394694	16.225898	10.777072	24.341592	10.310429	26.234540	29.822771	9.598436	40.149768	22.314505	26.216684	31.912740	28.109766	28.611291	29.086996	41.553309	38.453536	15.793308	8.994291	20.020448	19.033641	26.908958	33.131242	23.647521	38.943043	13.729194	18.106516	32.410922	17.565210	27.461185	36.278201	26.196902	32.056874	11.234901	19.549806	16.386036	22.881875	8.692093	15.967137	32.486256	35.806557	19.202161	19.531653	25.464140	9.497826	21.239646	20.511360	37.736778	27.187819	27.968846	19.026849	9.266860	30.795029	16.651349	23.734550	32.467705	10.367918	34.160982	23.649800	27.000240	33.187829	23.159303	41.773809	9.924242	22.298270	39.865733	25.620785	30.187848	26.947478	9.959834	15.006188	24.522971	33.117885	41.246807	36.378864
38.648010	40.527243	14.112542	37.239076	35.026327	39.975195	35.606410	11.589176	24.855881	11.737540	11.228871	14.603811	42.230912	42.330649	24.911729	36.520294	31.515046	9.782837	35.724579	10.450859	33.036280	18.186899	25.577174	10.224759	21.780142	15.604482	25.798472	18.135604	35.624919	15.402321	14.474902	12.022167	19.523786	35.779558	17.181849	28.083879	16.599204	19.086616	25.077416	18.012416	17.037836	32.933287	34.245075	36.612918	15.804575	14.506472	34.473829	41.047110	23.649898	37.672499	18.026006	23.766281	30.241877	30.915899	19.934572	0.000000	17.099928	21.386244	21.367641	14.911842	35.273920	30.708507	12.391635	21.754801	41.026626	14.959750	14.746279	32.075981	8.612980	34.376013	27.599479	13.087488	14.204457	19.766455	35.758064	21.887237	34.266403	19.736240	41.536180	40.129568	10.919166	36.280353	33.987408	29.866251	9.638064	41.163980	23.671507	22.619502	39.995524	30.000684	41.423852	11.166254	21.850532	13.839262	12.943036	26.356913	23.422939	21.643242	37.786330	42.361587	17.992518	39.874675	34.841244	12.902481	11.058231	33.279929	27.286777	10.296396	35.127261	41.453781	29.461725	24.983439	18.517662	29.548034	13.348733	20.648274	19.361662	31.007529	12.303641	13.277938	13.490202	34.860024	38.892909	24.504548	37.038115	39.444783	11.592714	39.494296	27.091367	20.066182	35.547147	21.718339	25.324291	36.723867	21.791003	31.819566	14.633324	11.965876	33.485672	18.508084	22.822935	10.544356	21.653145	11.536514	25.930452	21.065960	39.033713	16.331748	41.765715	10.151848	17.249493	41.908492
22.449758	41.531870	11.075608	15.418130	38.026673	36.236787	25.794432	29.449894	23.039964	19.883044	33.470988	12.134682	22.476023	10.860965	29.871166	35.390764	28.207590	11.042622	37.446066	30.084215	26.794924	24.395203	31.623115	33.369099	27.384138	23.040199	15.185854	36.669001	11.215697	20.495773	10.691565	10.987278	38.864436	10.446106	14.231285	13.984461	37.009663	14.794762	21.681252	40.295374	36.627026	15.755403	9.329517	14.757485	14.182970	8.605527	13.955219	14.359745	12.491857	18.712659	28.494164	17.275459	39.850781	23.579826	29.572961	23.767233	0.000000	23.672732	13.349768	18.410978	26.897957	34.586380	30.747104	36.744438	37.302444	35.392319	18.804411	13.753160	20.433768	38.072216	11.557267	23.430158	31.087994	10.765813	19.859730	14.677737	36.266523	31.213204	17.945908	20.219493	37.375999	13.361927	35.056863	12.785289	8.753850	9.117091	37.653253	21.928916	10.004456	31.813615	17.307802	39.114439	21.378144	36.949563	28.797699	11.605400	35.004311	10.930589	11.609879	29.307779	17.731879	25.739914	28.065887	26.643977	24.817142	18.874785	26.788588	14.019352	19.303821	27.799000	26.408363	34.374259	16.717493	32.360491	8.972421	11.272847	21.167666	15.127376	20.643128	39.820164	26.407441	23.379470	25.943292	38.523540	17.703593	38.419871	38.931583	41.031620	18.664707	32.483181	11.299569	40.594686	37.299018	16.135924	41.552954	21.056112	25.158555	9.672711	29.359514	22.368238	36.430038	11.541536	19.381883	34.632274	32.610804	26.764558	33.791034	40.930612	17.374389	11.780806	36.357960	11.630191
37.237858	20.589409	42.350872	31.606177	14.878751	10.465182	15.029616	31.539095	34.358601	36.480562	37.312766	10.582283	35.685081	33.941609	10.554879	15.220824	25.891217	8.685913	29.728313	39.765517	17.156650	10.199300	37.203797	29.556517	12.517061	15.032922	17.607320	40.239916	9.918686	11.545015	21.975819	26.262898	38.627399	39.612404	18.897285	33.691767	39.599993	10.374165	30.375490	11.358274	19.481650	14.789402	35.534786	9.900501	26.090330	26.523080	21.027600	35.069671	34.591384	18.352162	38.039094	34.503725	17.564443	20.457078	11.747059	11.227224	32.947679	0.000000	24.319234	41.911297	24.473367	33.622123	23.127325	20.528162	28.386226	34.462797	11.805664	34.384289	32.553442	22.582554	20.250004	30.546963	41.991731	34.681900	17.910140	29.080545	28.100270	30.902818	21.132687	16.418813	18.202869	22.212392	30.491416	10.040194	39.409801	31.621309	8.637136	34.720648	39.416091	9.309167	18.809871	24.067847	11.130478	22.502889	37.755813	32.520204	29.199332	23.649521	12.729354	41.019404	40.379923	9.104447	21.555986	31.273776	19.919939	25.625266	10.738563	17.623282	30.782353	35.835111	39.124612	20.665701	33.786783	11.624522	25.814694	31.043787	15.793500	20.711106	40.038508	11.883951	14.992218	13.057973	35.057401	39.600977	40.099985	31.619106	28.561895	26.497696	33.658839	14.614889	12.266351	14.464456	24.842050	27.063552	29.356180	14.590978	17.209105	34.872078	33.114125	20.150536	40.228908	30.442549	32.608636	25.261027	36.726817	30.870276	27.746676	30.642224	19.539084	33.524902	37.739320	37.932209
38.005983	12.889041	12.600786	19.673400	10.705579	41.579428	25.216153	24.512451	22.304403	27.558751	16.317955	25.500302	41.347417	40.387517	37.379723	18.227676	22.724490	18.964538	41.043284	34.728984	36.059600	17.200977	9.341468	24.317903	29.221115	39.808470	37.331526	23.629215	17.328121	38.884321	41.436727	33.064622	37.685702	15.177382	17.948623	8.961393	40.793991	13.176874	41.458987	13.995105	41.674862	21.665806	31.932311	35.833338	35.242233	39.071456	18.504758	39.056170	36.490343	34.761971	23.936908	14.238230	17.988914	17.230002	41.544087	10.474139	33.980153	32.967918	0.000000	34.609627	33.545156	14.550136	21.994245	9.731306	33.882897	24.342707	38.733167	20.388868	41.978129	8.525241	10.057639	10.860607	11.870616	28.550720	21.902819	34.763339	34.186761	41.091019	28.462953	18.291627	12.752619	32.981609	9.509039	41.793850	40.885325	34.277971	17.593194	37.084098	31.093505	28.167514	24.157322	29.591274	29.491605	37.321283	37.469948	11.071635	11.766570	20.668133	11.254494	33.856838	18.113913	11.176219	42.139271	10.897218	24.071568	37.916001	29.830534	23.811018	40.345989	16.962601	39.466519	29.844579	24.359887	17.408226	36.413877	20.486343	25.591915	9.698472	32.270595	33.205903	27.622843	29.295026	23.056363	11.297276	8.936405	21.170603	29.239362	42.113987	10.641167	22.676995	42.177823	21.697986	36.908850	13.542525	19.808758	21.003291	23.799889	21.037086	21.932861	30.244555	33.122840	29.105590	26.736892	23.593248	35.009043	40.967633	13.370975	38.429137	41.933866	39.386236	23.220110	16.873381
38.710354	37.569539	32.171019	24.818392	12.780379	30.743944	16.292995	34.298509	11.490017	37.609537	24.048523	33.767075	31.025087	32.100844	9.014226	9.817291	22.774268	32.083967	22.515454	41.781717	41.927515	21.871864	39.457859	29.288478	9.707677	40.818672	23.531305	31.452489	37.657091	16.356336	23.760022	13.389266	39.599881	15.441308	31.674022	21.775659	14.302509	25.566515	40.362650	24.987146	22.996213	10.075863	29.606016	41.591830	34.825510	32.432409	32.710641	19.490690	9.153212	25.838696	29.973873	31.198934	38.603317	29.580452	16.747260	14.666306	32.732976	35.502225	28.723273	0.000000	8.723571	36.740387	14.206884	14.347716	42.447677	17.253712	23.250701	36.558897	9.325177	10.528135	9.660142	16.941460	21.078377	38.646990	18.565291	19.305697	28.051547	21.896313	11.890980	15.715450	12.519976	22.723013	40.404737	38.238946	27.342782	22.754773	18.384919	8.832542	20.766534	28.007576	23.274268	21.197475	26.752376	30.503217	10.799398	38.240629	40.186904	34.137111	41.680229	35.244589	10.886908	36.254035	28.279584	9.010928	36.539864	11.620592	40.539463	19.781345	31.066495	31.147258	32.054912	37.318816	11.008793	14.577721	37.626555	22.179445	26.952606	9.427280	11.300118	27.139968	23.695603	20.124291	8.558783	38.128518	38.043194	31.642454	25.779326	39.679079	25.995078	34.940014	32.564799	28.409773	8.894606	9.111143	30.923691	21.687821	18.759881	40.695166	42.193731	36.021762	18.130003	15.352554	10.632332	42.174858	8.743415	33.055413	20.854993	10.475942	41.500155	13.396699	40.975830	39.696870
37.452297	29.145068	23.321979	40.758400	20.904871	14.521356	16.051818	18.739990	33.034757	32.525596	24.710597	34.326931	34.889072	41.286671	33.824736	26.429798	37.779404	41.947461	37.015648	22.011170	32.263853	41.690815	34.354546	22.538116	29.550895	22.972450	13.389780	26.509282	24.878862	11.637093	17.649710	34.905243	17.540152	25.285592	39.947821	20.797928	27.020509	28.226018	29.457620	21.494068	30.239966	8.929755	21.517655	36.691523	31.843478	40.486730	26.983978	26.698652	36.421572	10.558371	11.932887	36.944891	16.642232	28.575435	13.284421	28.559551	19.172902	12.434867	19.627468	30.886520	0.000000	29.304523	11.260732	18.309794	10.696302	17.259736	26.046009	10.822674	10.912632	31.297739	32.828689	22.062854	36.636921	12.892652	25.712707	9.530187	42.429402	29.329730	19.768955	28.046489	15.768009	33.842710	24.265598	23.773772	19.519568	20.463520	15.790111	12.389439	20.704043	40.117192	41.319411	26.277316	24.977115	25.400320	18.844019	12.948778	34.345959	9.459899	38.376890	21.140401	26.763889	29.752697	18.663895	19.104709	40.614649	16.968074	34.673406	31.633792	21.099865	25.577781	23.648401	19.763603	39.918415	21.249838	19.497308	9.224631	20.186907	13.866931	33.557310	36.190800	10.311915	40.258953	34.465655	15.764950	24.981627	9.113565	28.652021	31.740515	16.472878	28.703686	27.686215	16.872766	16.584694	21.450403	41.349537	24.953063	35.137638	31.450542	33.667650	10.767641	38.248919	18.667899	28.899175	16.806028	32.843959	27.208607	22.487208	13.747396	17.836590	34.727883	36.781307	15.031832
18.787581	21.033796	25.077688	17.440868	37.656297	13.964899	34.217416	14.299612	17.227714	37.010864	25.460136	38.889962	33.491568	37.826755	35.150948	17.217735	19.236810	21.763003	28.430784	34.038798	37.248581	25.215850	24.211394	20.162744	19.340825	30.571430	23.785542	31.018102	40.541211	24.520123	22.880426	9.153921	41.666336	16.925517	9.439630	37.052210	33.942016	23.539627	22.675058	40.016370	34.886670	41.420539	10.963942	12.886514	39.956320	17.415176	16.966876	35.861802	39.044492	41.205796	17.614239	26.047918	10.748376	26.582208	32.319632	10.647098	10.177680	26.915544	13.184137	26.735303	25.186224	0.000000	31.120097	22.694995	38.381745	13.540056	10.388090	35.258422	15.878279	22.161201	30.002823	21.245031	25.483960	32.791913	15.329963	19.049450	31.249585	40.158537	27.767249	35.116712	32.981898	26.339506	9.264196	14.339841	15.510576	12.240483	36.674200	16.577557	21.853582	22.104788	36.828504	14.963004	11.978365	23.012134	17.813216	22.622759	17.057539	17.962789	12.494838	9.316140	16.357070	29.022108	10.488333	33.589575	14.625672	42.296826	15.333173	31.715782	34.475269	11.004713	23.034740	31.595671	15.089707	20.022441	24.521115	11.660599	14.625297	20.142312	14.333191	19.174547	19.165037	10.376940	20.239346	30.494444	12.503894	23.411513	29.879872	35.897187	25.430748	39.378378	28.176940	14.588126	33.141077	24.901519	14.586521	29.273092	38.029581	30.007361	19.182617	20.678204	11.262663	19.656745	37.488923	17.928160	41.435474	25.594251	21.092150	13.144035	19.270750	38.637201	11.849749	41.584318
18.564985	24.020555	14.955086	12.054606	24.750648	10.630955	24.218620	25.499556	33.755869	41.091722	39.187381	19.358852	24.334088	27.725791	11.974853	22.499775	23.795299	10.205260	20.432093	14.776495	40.243955	27.702142	26.893261	21.289385	29.219015	27.877108	33.333071	40.026552	16.963370	22.263574	25.848793	26.213924	13.086717	16.566759	17.271911	25.724932	35.175316	27.262281	27.927775	23.932901	8.557285	9.941883	34.443748	22.161224	29.498452	12.857560	30.604268	12.730241	12.209828	23.543544	37.712347	26.347059	23.959987	25.599138	40.639391	17.260289	13.135991	38.861888	9.055925	21.151676	28.435082	38.926205	0.000000	34.923435	8.689152	17.038867	11.304098	29.620391	9.612990	40.403566	14.275339	23.023883	24.135892	14.078832	22.367745	26.216574	34.777619	38.157420	37.092376	41.337821	22.232844	15.479609	9.842396	26.158358	27.255822	23.275411	27.822786	25.560178	18.277029	10.699770	10.577944	39.384333	20.556653	34.361114	35.713752	35.863212	21.669876	38.401480	23.226607	36.349067	35.976918	10.571609	11.552483	16.416997	33.943571	10.628133	36.151993	37.311554	15.862783	31.221369	30.947744	36.820173	17.520508	9.011631	36.241614	31.990291	30.695909	40.289538	25.906426	24.366539	26.509611	21.596475	36.205480	41.733856	11.590784	32.620230	10.701046	12.788293	32.625480	10.896842	18.198002	31.158886	36.078128	17.858312	14.517561	15.824725	18.484905	10.802936	9.013481	30.595089	40.923260	20.349387	10.812271	34.479173	27.141671	41.804524	35.910453	35.946108	17.590683	20.958480	41.569392	27.821249
24.857574	27.325741	17.984648	25.514675	32.583041	13.990692	42.248482	34.912373	16.994339	14.468199	40.562350	25.997940	35.301360	17.002286	32.384693	28.762812	31.268548	33.822442	31.563024	24.287555	40.961919	21.287524	31.325183	21.585415	39.953148	12.799955	16.775452	34.939879	24.492542	36.916550	17.397486	29.906904	22.922180	27.435180	38.868702	26.101655	34.494758	18.551907	39.430549	41.139310	39.375094	24.528788	29.709517	20.386941	18.422097	39.335497	34.986896	41.578597	8.966465	39.686436	37.197099	28.801420	35.207877	25.352371	17.752643	24.753733	13.202281	28.813081	20.525960	22.169818	21.210382	26.976565	25.387022	0.000000	13.778811	34.444345	18.160736	13.780238	40.526099	35.325990	21.824374	27.066702	18.526668	17.152323	33.390450	26.802391	24.058956	26.607331	8.694682	26.150337	27.630588	24.536482	37.401782	26.525050	11.680519	42.037326	20.672565	22.080306	39.325514	40.133995	32.797690	38.672014	41.473956	11.152898	22.894702	37.573580	23.069017	37.312162	14.282672	41.590892	21.132954	11.550386	14.359686	18.276673	28.741461	14.923536	18.409536	9.498326	17.851224	39.083423	17.948341	18.631055	19.169147	17.734081	35.278425	20.038337	28.539285	19.131933	23.462176	8.969305	20.876094	26.688757	22.961919	10.093386	37.681478	10.203032	22.518649	14.027679	41.573299	22.546365	11.700916	14.262067	10.469988	17.875917	42.039658	14.989105	12.467360	39.777169	13.641446	25.373399	33.216372	22.176460	34.782904	13.089149	23.985916	42.156093	38.932141	29.947709	26.423723	33.765042	18.093538	35.391484
29.454228	21.088110	31.947238	20.371044	17.215523	25.861756	38.491010	19.379191	20.777655	38.016231	10.902703	16.448386	23.488191	39.246432	31.650621	15.964435	30.825725	23.801744	22.041485	28.589262	10.578067	20.795121	30.172798	36.023978	41.451881	25.574376	22.266693	36.211824	19.405802	8.702763	25.255064	28.960844	28.656674	22.002948	36.876163	13.177624	37.395241	27.499197	17.712179	21.927083	26.852569	14.096134	37.764367	26.371005	25.885973	9.171094	26.316441	27.600081	16.568312	34.425250	39.777502	28.501840	19.399491	36.891160	18.474992	40.779603	27.431072	38.945806	39.977617	26.706883	39.904580	34.209022	40.548544	24.404944	0.000000	23.849109	20.351894	18.570163	15.086992	8.500209	13.392810	38.683640	32.085322	42.366364	30.623835	30.317821	28.482246	39.263617	29.727333	10.850204	12.965535	35.969872	19.172919	11.319161	12.064457	17.724674	30.096106	28.869610	37.769795	14.855772	11.290505	13.194699	33.657559	9.252122	24.594448	16.046915	17.896087	29.202145	16.216052	16.465453	27.079653	26.216918	9.536113	26.552983	36.518852	31.978812	11.520025	12.292692	33.424203	13.661494	11.131091	38.397862	16.192090	21.724236	35.524072	37.058312	33.740666	10.510708	26.922341	10.946284	29.940583	21.718006	12.448409	21.704696	10.244789	34.587113	18.543812	37.848216	20.986775	18.002263	17.079314	12.929900	37.037602	22.708000	38.899877	12.688591	32.287902	39.043095	31.163344	31.790954	40.146506	26.456023	19.837026	41.997832	28.703864	38.588918	33.441117	17.163775	36.223988	9.267840	16.821986	21.303960
18.097869	11.803139	21.418448	18.991871	36.033313	11.182490	15.897112	35.438870	36.211883	23.354097	38.594047	31.557780	29.986729	26.256131	32.804800	11.322531	20.936322	34.623945	28.100194	12.440450	31.129036	23.813532	25.519187	35.494502	15.226610	22.979933	12.791743	35.765736	14.564901	27.255234	33.840277	23.014539	13.929788	37.382932	37.033050	15.851223	23.586362	16.393408	18.962466	30.533234	18.134159	18.794605	30.352788	15.772464	39.492823	31.502029	23.151257	29.285326	14.441363	36.646384	42.252999	10.983421	26.312496	11.273913	29.240623	8.886094	12.419543	30.776282	13.305495	15.156240	14.407867	35.262163	26.100990	21.031720	24.883400	0.000000	32.278188	41.767025	23.838041	36.504611	37.331824	41.563843	40.658962	31.974379	28.510744	11.927876	12.116935	10.773912	37.360527	19.935170	33.949217	19.291694	13.743105	24.897045	23.357790	11.875892	42.405703	12.488507	25.667408	24.545076	27.605735	23.640513	16.854541	42.418602	24.175292	36.235280	20.267908	24.577204	11.106389	19.513064	34.224384	13.101364	21.551082	12.568677	11.982946	16.362634	32.795249	40.274087	12.932809	24.304381	36.867003	12.844240	27.311415	20.801469	37.715998	41.823483	9.764395	23.700364	12.172712	38.139768	19.096016	17.408511	21.280602	13.940951	42.378588	38.849535	32.261939	28.016213	20.146066	18.875263	35.019325	26.039141	23.396099	35.787949	36.705064	28.954523	39.688640	15.335961	20.385439	15.745895	11.244688	11.348357	18.926456	14.385295	32.190884	39.287871	23.122265	19.477274	41.612387	20.856484	9.358226	40.519670
26.566480	11.391649	20.082571	19.381439	16.251070	31.330815	13.604836	30.258729	18.847943	9.660255	41.772794	31.479519	34.940750	10.271099	39.512434	15.551176	14.825425	38.210230	23.725411	14.609154	33.687473	22.091228	10.403659	37.623658	25.900158	16.226081	10.259651	8.553669	26.031573	24.244535	33.153848	14.976246	21.641846	41.761926	28.165808	19.754625	23.323195	25.894914	27.398837	38.745876	33.957580	22.448538	22.291992	10.957319	12.865947	25.225222	18.529421	38.533876	9.324903	23.325797	9.434144	13.733005	10.226211	42.228774	25.848121	9.876401	22.474117	36.926371	12.206509	36.629612	18.197528	26.423232	24.836452	35.568827	14.484874	19.549399	0.000000	12.882074	27.034289	14.836524	16.559755	9.482452	11.266674	21.597478	34.320768	23.793139	8.990372	27.175800	36.792511	9.006750	33.754583	41.112773	30.979009	10.899873	13.643738	29.665943	20.297206	34.691441	14.437392	37.672079	32.831811	41.371403	23.338890	32.234171	15.548833	23.650347	41.241161	29.298678	26.618628	34.261490	26.180417	10.582413	9.513732	32.376678	27.061407	16.686602	40.081324	17.565164	24.318118	10.545619	20.689938	16.081241	35.748223	34.038663	23.909860	8.566035	15.238965	31.181385	22.202857	28.447819	19.698556	34.421238	20.662187	15.799529	14.767130	20.143463	13.602632	25.210607	14.363690	32.287636	10.839866	21.241877	40.803969	32.299513	28.456623	19.872107	38.310732	24.125132	30.586518	34.898186	17.190707	14.167747	9.142292	39.302663	12.544839	12.446264	14.249696	36.652151	16.946080	20.740053	23.606707	16.729959
24.519248	18.761035	27.463562	13.364434	12.463818	27.507841	9.093768	19.622913	18.619383	14.923375	19.517524	31.507632	16.607619	42.417064	20.104440	20.326785	9.488572	31.377423	18.814960	41.569952	18.915592	16.845018	22.490573	36.888924	39.534111	27.095638	16.212912	26.868739	25.386205	28.245433	18.408531	13.742950	27.051759	26.764583	29.088112	17.527113	9.267779	28.286453	42.435143	19.849151	36.188545	29.717374	9.045016	30.775194	28.813727	25.851677	31.448826	37.896952	28.673533	21.952941	11.266580	12.174460	29.682394	11.423906	31.517392	12.036084	9.748927	29.338563	32.933580	32.134988	9.248902	16.382654	10.380883	36.649234	24.039671	16.989550	25.635499	0.000000	23.375236	18.668945	9.933895	11.201190	17.348741	27.200552	19.540295	25.219063	11.269308	39.076516	16.650362	18.624988	40.685407	13.199100	40.648934	25.695754	13.063141	29.156839	31.930689	12.601807	24.142352	30.122750	31.982344	25.569648	28.508873	13.838311	36.530437	21.324526	23.487376	22.081503	32.640554	15.543881	38.356329	25.211464	17.750195	34.467057	24.072633	36.877723	35.200408	19.066455	16.507865	36.617273	42.149579	23.864561	23.318755	29.803157	20.841901	23.435999	18.630308	40.388524	29.986054	31.213312	27.929846	23.746022	39.667701	38.416467	17.350754	28.187837	18.266374	28.745503	9.733331	34.232325	31.177120	31.143218	28.017145	34.473239	39.482065	37.958134	32.972913	29.212686	18.871129	32.459757	30.301515	39.924053	14.948045	19.759237	10.138191	24.619488	12.266701	14.149257	24.178922	34.362079	32.458287	37.563350
39.399192	28.236787	19.845313	9.605030	36.325500	33.987253	36.271529	27.630904	36.382103	30.940225	23.734013	34.549196	35.186903	9.839716	30.453615	10.218404	25.121826	40.961036	18.515253	17.693789	37.175308	34.506403	35.103134	32.413834	38.206428	33.633616	9.932428	34.927975	37.994454	16.186813	35.494969	28.013541	16.134511	34.715072	13.765633	13.852368	23.298515	15.499744	16.817627	34.528006	18.611017	31.798453	30.754665	11.062427	26.012456	23.502039	15.374817	28.133009	16.136235	31.475737	40.317368	26.734112	41.840989	11.081508	34.324460	34.824852	26.677692	36.609372	29.014122	35.973015	31.899901	31.173238	28.484392	36.619250	38.200039	21.515247	26.523395	36.696655	0.000000	20.020003	16.887490	34.612547	9.081853	34.063208	41.343153	39.921479	20.692117	26.363577	20.721240	30.007936	9.872171	26.872812	29.980068	10.199844	27.726381	26.649039	16.427736	27.155603	13.549524	13.296213	35.741627	20.392149	25.436630	33.614112	31.929402	9.520906	33.376717	33.603406	15.977241	36.227386	23.397769	18.805535	29.069072	27.664353	13.978771	36.721638	25.805207	20.918525	24.507534	37.121145	36.731400	32.533418	13.593912	13.824404	37.607490	26.676731	26.014617	24.041197	16.700977	37.788327	40.859542	18.166242	26.370990	18.173750	39.474094	35.121893	25.897641	39.090322	32.751236	32.850363	10.535900	11.469709	34.797949	9.972911	24.022969	25.429712	42.332574	37.501457	26.823377	39.810954	16.168896	20.102906	13.633249	38.244768	27.841432	19.693253	31.907901	33.895085	14.489297	41.183884	19.407243	32.319007
25.529261	38.770608	20.950942	27.569678	12.854019	38.666804	17.541500	13.762464	38.276545	38.787185	23.035828	11.509952	30.190925	35.156258	25.449432	21.195616	33.932204	34.815988	8.574178	26.560664	10.131246	13.651997	39.352802	26.089740	20.730789	21.280744	41.252865	27.757843	31.204529	9.472830	41.754442	24.099560	14.470104	36.226076	37.804478	32.844521	27.206696	40.317028	29.038756	26.460226	38.750064	24.532199	42.469408	39.499701	40.986080	24.331620	35.714204	11.175425	24.189388	12.664440	38.582803	28.990350	15.305687	25.028008	18.041134	37.448205	11.333624	33.483188	22.813760	17.113835	21.769768	27.420353	17.044159	16.412887	16.678800	41.191277	12.384222	12.183236	22.193396	0.000000	39.465948	21.748768	25.082399	15.490075	19.078707	15.530681	31.114665	32.793943	37.849201	37.847785	27.567999	16.204886	14.771635	34.773059	20.913323	42.076558	16.257652	41.977466	22.640417	16.933065	25.396870	42.216001	31.104398	26.286506	35.364069	38.915513	22.387224	10.812030	22.462877	36.198945	41.994533	29.680654	19.000679	36.583167	36.614270	34.612056	28.322431	35.695261	40.520224	25.651480	31.116036	27.511996	11.642619	18.711014	16.872606	39.404561	33.682023	24.483513	36.741307	32.061327	14.014261	27.455680	25.171352	10.357300	41.415077	22.422635	21.656937	19.790707	24.956563	25.210454	28.354529	18.898321	37.148121	28.849485	23.941447	11.559893	13.767038	32.951211	38.900280	14.400825	41.880914	41.564066	22.314442	38.406706	22.442400	25.837725	16.697658	36.893253	40.294287	27.848530	21.652664	15.052648
21.834653	8.509917	23.648882	32.191897	24.326179	27.464549	12.055634	23.006429	35.655655	29.051891	20.662844	32.857545	22.643968	9.715074	37.057247	38.527961	36.010994	40.490727	24.980865	18.354123	21.966056	35.412248	28.492958	21.294572	35.115999	29.237001	29.865296	32.759360	18.650147	31.116370	32.469516	23.752762	13.997395	12.564969	33.793442	33.273057	21.221008	30.256431	25.110399	35.522664	20.404992	39.068789	24.650318	30.852660	26.145437	34.511939	32.385803	17.391858	14.690656	29.291326	26.762430	14.734131	8.921191	25.784173	9.221161	40.626106	20.739246	41.503102	29.642826	10.391723	18.072851	30.931125	23.679713	17.574173	40.026727	21.459311	31.818796	18.479459	31.691426	18.439484	0.000000	11.713684	15.912482	37.774561	35.732230	9.841585	12.888931	33.032331	13.967641	22.877895	39.117883	10.012754	20.692425	39.542891	38.447676	39.994350	35.115747	39.123431	15.722132	10.197360	27.884072	26.950635	23.697652	29.794070	14.991663	16.441171	32.883182	26.960356	8.730242	16.815546	32.848415	35.075651	24.032783	19.326140	8.825578	18.546738	38.407920	33.981008	39.333805	32.075776	27.988221	8.995886	25.732648	40.983668	36.857094	34.213090	25.099819	33.051187	26.103979	37.828671	31.987941	18.908150	14.468199	35.095302	41.219759	38.205724	21.876040	11.736884	24.818961	29.486384	19.946936	36.586631	18.442143	17.534060	21.720973	29.476673	36.213310	34.581548	38.653855	41.480834	15.407914	27.407698	26.767047	32.328106	33.068474	35.865288	35.993563	39.124770	10.379472	31.530755	12.419884	29.103705
12.947330	13.465684	17.828795	21.437947	35.052433	25.057713	40.165117	30.273441	41.110207	35.635541	20.936703	24.141575	13.191216	18.011561	30.376314	25.821066	20.877791	17.697683	35.671678	9.791539	28.043017	42.302859	20.354278	26.151554	9.795961	15.071993	42.321879	34.420148	40.499522	25.860632	34.852309	9.606709	9.160415	23.642646	36.702930	38.241152	13.291532	11.010309	18.117504	30.207559	40.123493	19.151715	24.320916	30.765002	20.753730	19.441290	12.062380	20.188985	20.103738	31.183400	24.394265	13.321790	22.642453	9.857569	12.624411	18.393185	11.862116	13.050590	42.158687	26.397830	24.480736	12.821735	9.100513	26.819752	28.687169	41.425369	15.926032	11.303532	30.849024	39.444225	39.270582	0.000000	27.708276	38.571465	12.160377	27.610989	18.367792	19.627896	36.142906	12.366344	33.151379	21.220527	19.583315	12.638122	26.038954	8.812510	18.327769	26.171253	27.769197	17.969225	37.244324	25.494018	42.284572	19.836443	40.761280	25.623729	15.688824	42.486360	20.672597	10.489666	18.248439	23.338020	19.900801	16.345096	28.034051	36.097866	33.888569	11.417257	40.540444	17.274376	26.761227	27.219976	36.038628	9.120752	36.110668	33.680921	27.292626	16.472194	25.681939	41.764343	38.022962	34.109712	29.016603	33.778920	33.583240	33.377093	10.099472	30.061568	10.733464	14.011340	20.184223	26.616574	17.113369	30.705504	40.891761	9.630808	35.095190	22.237161	17.246467	26.464070	37.900186	22.079888	41.101982	32.102718	35.169704	15.854685	33.483610	22.350513	17.097058	41.590860	20.868183	24.852571
42.163724	10.610594	28.167919	35.842448	17.925444	16.101240	23.623370	27.265227	29.975558	24.240016	29.592713	16.626538	19.708767	34.127264	34.586139	36.168183	24.370605	11.491186	37.997549	29.226033	14.325053	18.857697	29.996103	20.665040	16.411540	19.684786	18.620863	28.340784	27.118225	14.162604	21.722220	16.841323	40.100260	21.351105	11.125080	28.757682	33.987793	36.215599	19.397672	19.537851	36.567807	39.944262	28.369992	37.851037	37.246901	34.185500	13.474199	15.905828	28.349468	29.609921	36.091545	27.164708	22.474425	30.723557	22.289223	18.426006	36.886534	21.184528	32.909867	34.869955	12.693434	29.869434	17.289369	38.252284	11.895234	16.539337	19.938696	22.729520	15.150633	12.658764	23.646274	14.012263	0.000000	8.574156	16.837428	10.589312	30.041050	29.728720	40.719440	24.536229	30.544919	24.977222	9.843325	26.584310	28.623659	16.493941	15.949629	33.057110	18.332672	16.458426	27.866504	17.177894	31.730810	15.143956	35.554294	14.198836	39.835652	15.568230	11.506125	30.012817	9.836733	22.681134	37.732227	9.280340	34.832050	41.824323	33.628242	23.578394	28.974566	21.419825	25.309539	25.681833	14.633759	20.750251	14.382231	31.425832	12.829503	40.874266	37.069502	41.723744	21.626571	25.904375	25.179444	37.961224	41.427565	35.771755	41.176904	42.133461	35.159937	16.969485	25.074598	28.221004	33.142086	13.327814	9.315162	17.536898	19.318336	16.188309	42.220865	32.152236	35.062977	22.679408	9.184693	18.455977	19.017483	14.588101	22.917864	42.390287	33.282177	31.572984	24.743638	20.706060
12.563797	41.991676	8.708494	16.452314	34.199371	21.812007	30.045682	31.923302	21.190826	19.639206	30.495624	9.812992	18.384141	12.014694	17.490988	23.248337	39.480712	27.486587	20.905990	35.489008	9.959402	41.517574	36.520882	10.699466	27.646860	22.961348	39.445365	22.665317	41.203322	36.797585	16.053241	11.621930	29.346730	17.685652	9.954762	31.071773	8.898045	37.056640	22.835533	25.336871	26.548100	40.697610	28.972711	33.878529	36.191575	20.629822	28.761267	23.783778	21.417156	20.755366	8.539821	28.777088	40.349581	29.006865	36.899295	36.596802	33.632325	9.627624	10.112541	17.937660	20.992543	13.306422	21.968065	9.263694	39.480428	20.813102	29.740693	12.458049	14.409272	24.316135	26.557932	19.788550	18.250916	0.000000	33.378739	33.900602	36.063663	29.771677	37.793636	27.523154	24.537693	37.327902	25.181025	38.557710	21.158362	15.559873	18.409136	21.057549	41.345387	20.594748	27.864988	19.405605	10.074228	35.141363	37.341259	23.430009	36.116221	33.446524	13.249632	39.614906	35.570399	13.775840	20.687592	11.982893	40.718619	17.952867	18.545570	17.883428	34.480099	37.432077	41.181146	40.842778	12.126266	32.092758	11.968029	39.358602	12.225801	31.886114	17.769397	8.720602	25.220195	18.953555	26.906699	22.389080	22.123459	25.614700	42.294881	41.021277	38.929157	11.123525	16.702918	13.814837	40.284068	12.117165	35.451919	34.033681	37.185405	35.082564	25.955024	21.488826	22.178652	10.642648	15.108899	35.096842	40.129550	19.223113	33.448788	16.663115	34.942112	24.535362	41.338457	41.130751
11.337590	31.991976	17.622432	29.365892	18.043648	30.239833	40.767138	28.597266	36.588018	29.465814	23.112255	31.174993	19.183656	17.323839	10.610307	26.560513	32.980191	15.292687	23.112543	27.124756	9.131355	31.883013	34.757041	22.852432	13.415734	28.060775	42.011437	16.950851	25.574050	18.712026	13.266483	36.396688	19.409672	8.535869	16.914532	14.009961	13.218906	14.385718	38.344232	41.224908	38.153689	28.301654	18.930512	14.061004	41.825294	14.442055	20.897581	18.778042	16.536331	24.047740	26.870572	16.031092	36.910905	16.707522	13.642078	22.862345	16.529714	20.951055	33.423891	17.397704	17.425651	9.557031	11.642008	29.377651	26.546289	41.026606	9.369988	33.336732	11.597432	34.468524	8.526950	8.986889	22.253950	21.829970	0.000000	10.096561	34.315414	18.571957	27.566128	10.856897	34.349790	19.385447	14.835221	8.782060	31.150979	31.677328	41.125071	39.209758	20.763187	41.687187	41.611102	20.241802	39.606676	18.645384	22.556013	34.965602	10.655123	37.522176	27.780114	24.621042	22.281914	19.190182	26.904581	27.919555	22.768987	9.858866	10.852585	9.001378	21.522102	22.081016	19.993339	22.699950	21.134467	17.477527	34.225982	33.458220	9.329309	8.624909	9.727814	27.344194	35.032701	23.776554	39.667734	9.338491	25.211382	28.147403	22.305258	12.438168	13.458829	23.250763	37.994917	22.061278	35.741491	26.419803	14.846909	29.247753	34.786233	30.558169	16.484979	28.546336	10.675398	9.369055	40.281169	26.540835	36.518505	10.952222	16.137548	23.337490	28.617220	36.152951	33.365150	26.572334
34.088287	13.569085	18.411515	9.948666	39.032830	36.364369	31.854272	36.918104	20.326200	23.859437	34.333565	21.230384	28.824375	37.561138	10.080740	18.360180	40.450514	20.662891	14.001049	32.747200	14.641382	28.963060	30.924009	17.117368	13.009339	41.083833	34.007038	17.787951	37.032266	20.467425	28.223291	40.888557	39.996559	38.155609	23.493617	25.063641	26.148808	40.568628	27.650452	40.920622	10.782961	12.676869	23.091353	27.301231	15.790523	37.046029	24.554127	20.664095	16.016076	41.306919	19.046362	27.964069	14.097329	36.672384	41.777699	25.980701	40.402113	18.388541	17.278640	12.329444	36.083100	29.142052	31.592894	42.121505	16.912237	39.726249	21.060291	23.376079	32.321962	33.438433	21.832052	37.916932	15.085390	32.263897	15.889726	0.000000	41.455065	19.987469	36.300500	26.495896	23.751195	32.723617	11.738069	41.838817	41.104549	23.637947	10.357866	21.781357	17.441043	19.604391	19.602652	18.949499	33.139009	16.159750	16.270347	41.730814	27.462326	15.468749	37.320655	27.431365	30.064072	25.963262	36.681252	35.420156	17.914853	27.394141	22.518681	41.511651	38.451868	25.062538	25.821151	33.410141	30.753808	39.666036	31.616806	27.899980	26.858960	38.665011	25.226949	31.769728	27.613474	23.074751	17.250330	37.749924	37.099975	40.688305	18.105459	40.160270	29.921565	31.221296	18.441003	12.675306	17.757351	19.820107	18.437152	39.490811	11.357880	12.603265	20.782106	11.287868	40.771791	23.510473	24.267561	34.123598	27.469902	34.282540	26.472961	38.060275	13.664651	28.009022	33.352433	23.331581
8.707695	13.393792	14.682472	24.616294	31.770721	13.165634	32.143095	27.693746	28.763459	18.462360	35.325713	14.980261	21.560552	10.955797	34.270918	33.485647	29.662012	34.527761	9.845622	16.412681	31.384944	23.394161	41.558242	10.614833	32.805780	30.806974	11.187197	34.391572	26.306593	36.972006	36.733445	9.112506	17.725146	26.176575	40.421652	21.761339	36.837040	14.821129	23.696277	15.578722	32.099349	29.796465	39.700311	28.957189	42.018261	31.785692	25.917852	32.226674	13.850513	38.750670	14.954995	28.220044	16.766198	17.794283	18.590129	18.451555	14.236546	36.387244	26.857119	20.192512	27.477798	22.014521	29.762856	9.612731	41.569388	10.528341	33.800057	34.432067	15.864052	27.780860	16.945355	9.831201	19.066730	31.521394	31.465844	29.866923	0.000000	34.246199	16.280689	8.747496	26.979445	40.443247	14.257148	39.294129	9.697515	39.402890	14.109563	34.949989	23.202369	14.971691	41.859496	18.678902	17.849538	14.907929	39.076727	26.551125	28.727803	16.388572	32.167624	33.788542	18.816303	33.559565	35.141530	15.119271	21.064570	31.106109	38.385532	11.360375	34.279122	40.582070	24.986875	34.876446	40.400491	35.376426	35.166681	16.540020	21.720593	33.523257	41.158378	9.829967	20.054866	30.643171	28.398280	20.424929	30.817334	26.948209	10.010792	31.416405	11.438287	22.680394	24.497683	22.336468	12.879078	34.971117	40.177574	27.690989	15.202601	25.406297	29.403687	30.348970	32.601313	38.957841	23.261954	29.635924	39.817988	33.235026	41.916029	12.285295	32.016254	14.203865	16.753688	12.656665
14.431450	35.175244	41.862629	10.607330	14.895714	9.218879	35.335138	39.770223	27.267408	38.425543	13.731982	35.945339	24.964794	18.851939	34.084921	38.470670	38.109388	32.604717	14.308924	12.588392	33.999876	33.483841	40.380418	13.253423	27.155938	15.905427	18.790578	36.521386	20.851287	20.670851	30.077108	31.323647	8.917054	25.590485	13.525364	38.452609	42.171726	26.848438	20.708562	14.077565	20.064064	10.378852	25.852352	30.049960	15.966367	30.913540	20.202372	31.409710	26.450827	31.813742	31.032399	27.105584	36.594107	32.717345	22.889405	15.888547	36.550939	14.921737	40.939199	15.162061	10.806244	14.658336	39.922501	15.130728	39.194636	38.813889	21.652004	16.415350	25.406708	9.863806	41.850087	29.360210	34.287550	12.096009	22.250364	30.316070	35.737798	0.000000	22.331277	40.303238	27.759431	15.043964	33.036802	17.866515	25.511746	37.037401	21.699424	14.348504	18.601972	20.868936	36.376968	16.868165	25.371210	8.691828	40.367003	27.552079	25.612964	35.597210	23.655656	20.623812	14.237669	12.466364	25.350252	15.343646	21.736460	34.474048	35.661772	27.108954	12.644620	30.302846	20.058232	23.283572	30.388358	9.755518	14.096745	15.173759	37.413771	22.949776	11.506303	13.288715	29.635629	9.811389	24.413064	30.647695	12.822295	20.621476	13.778550	25.143784	13.355635	23.244790	14.956465	22.027991	21.955934	19.839711	29.552846	37.904021	18.718041	21.073654	14.775998	24.755383	38.096667	26.074977	9.476772	27.894008	30.783010	31.281719	36.172182	35.542517	27.098903	10.983742	22.547389	31.506131
27.377579	37.170988	9.138723	38.716407	30.700160	28.603423	11.010115	42.389532	20.851118	26.965520	29.621981	12.263949	36.363661	11.277207	22.651613	28.971621	9.992547	14.966527	35.665232	20.308773	32.864316	26.829982	30.607494	33.514632	14.051939	11.892428	23.245589	20.149497	31.520901	27.185651	38.523536	23.298083	16.812337	42.096450	32.985503	32.358755	21.538706	22.532996	11.155540	38.114851	11.293188	23.339146	34.048455	35.627066	17.084987	9.006589	27.013756	20.209632	35.936952	33.347168	16.019695	8.866466	17.819203	17.445800	29.887098	28.563853	8.839032	18.605215	12.915830	21.425990	29.283845	8.584433	13.329685	37.241492	11.760091	28.790395	12.088688	25.710076	29.976739	37.378845	10.274996	41.849879	40.872776	29.531338	35.391468	33.298886	31.366846	35.771341	0.000000	42.326424	21.642523	31.593456	19.343028	11.475286	24.410744	27.343463	19.995556	23.454150	42.222455	21.523835	36.021133	25.589727	15.769808	40.862943	29.026453	14.648777	21.507411	38.551586	11.173119	14.692462	38.071242	39.973493	36.755177	18.596981	30.609017	40.218178	38.517583	35.052632	8.759325	35.689720	27.078924	19.206638	28.742633	24.819719	24.503373	10.211762	19.763842	31.883557	18.224882	11.341387	26.254662	38.516189	35.519166	21.258091	35.274465	9.706994	34.819343	21.856888	31.746189	32.685432	18.467146	38.460865	24.225526	12.317945	38.009179	12.574586	16.613929	36.331804	26.202815	15.915468	9.162893	11.445752	41.489546	34.750717	18.397461	36.051014	25.730432	37.343994	14.182499	33.120338	33.691015	30.085338
32.359986	29.966173	23.884530	15.983847	14.352835	15.340876	33.940852	14.959990	35.704177	40.269538	19.550971	34.740424	27.963174	12.901044	34.564692	19.141230	14.324650	17.391087	16.195897	27.168767	32.107896	41.972958	33.950777	15.261548	17.501884	25.002174	13.004389	18.558885	24.412961	15.434650	22.250680	14.157226	10.060207	19.022063	26.667194	31.329645	31.425941	14.377567	34.722712	23.918135	37.614808	38.929832	39.092988	26.533995	13.480085	30.929171	38.419382	8.603179	12.801757	31.102032	26.466201	36.440938	40.298355	24.971399	17.365036	35.988696	15.165411	24.499217	24.057765	29.706257	25.441265	19.085625	33.119231	12.655030	20.368807	21.544074	28.908708	15.336807	19.330639	21.793854	12.798830	27.735402	15.684180	19.738416	10.672091	33.322083	31.369866	20.709572	42.040659	0.000000	35.944845	21.496784	21.278107	19.321935	20.770112	41.432211	13.183347	23.007102	21.794454	42.000898	20.379948	27.266097	30.686342	36.709923	38.174062	24.939828	20.927140	24.586074	35.154144	38.274373	19.333749	30.461163	9.070072	38.555072	33.417883	40.068737	20.070960	30.393295	12.379575	20.259649	9.644794	30.824186	11.818768	23.616341	36.493803	32.598853	30.224049	39.266135	26.608705	11.444637	29.128388	21.518304	34.289715	30.919392	16.417739	22.625321	22.123251	18.512666	38.608839	14.940706	40.820855	40.828975	29.833655	41.919542	38.461153	16.887052	15.586161	23.893610	27.781749	37.529296	31.849712	25.560846	30.005431	12.178634	29.447741	12.763911	9.676343	22.862322	26.672160	38.135454	33.782035	17.365113
34.388968	24.751644	16.231593	40.715120	34.466803	9.916422	17.267917	15.616112	41.942627	23.810865	29.015576	9.821027	34.350554	15.452126	35.844715	34.067269	18.952779	21.872570	14.237284	28.257383	35.552754	41.968486	25.000776	29.954451	28.403965	27.419143	33.366861	33.133946	17.992814	38.133005	14.697405	41.904485	12.084205	15.154765	17.585379	19.399382	18.753574	41.157914	14.035888	29.081478	25.492791	23.692090	23.911758	14.645031	14.749470	10.423402	28.391017	20.873025	40.722021	14.029769	14.826546	19.238593	33.024210	31.102295	28.750967	34.083751	39.862452	14.161919	20.281460	9.582608	29.747927	16.890715	40.314101	25.269078	41.862548	25.009883	41.667874	19.056952	9.205930	10.077479	19.640702	41.934170	22.837525	13.594298	39.882893	36.688858	18.380919	39.448666	25.172736	37.352233	0.000000	29.911308	28.802638	11.971103	41.611598	19.204204	27.330832	29.910540	10.763457	17.933900	34.439222	22.145614	28.408295	10.440798	39.378549	38.552173	28.148729	41.891686	40.245849	31.567168	21.155479	33.071475	25.003859	31.475250	18.190467	37.852829	36.265627	10.436860	19.236842	38.613453	36.519156	11.159480	14.115111	39.269053	28.458515	27.380050	29.917857	38.203975	16.378113	13.611087	33.956645	11.450012	12.354201	25.803204	17.731612	29.105751	33.336260	15.402938	33.410655	25.742275	12.010935	31.207029	36.648238	37.459093	12.148501	37.146440	33.593316	20.322914	29.151947	8.672126	14.887742	15.244167	19.875158	18.175884	25.588971	33.455885	31.823527	18.095126	15.755411	24.985613	36.005988	18.760494
24.397940	10.627940	27.176100	34.853271	28.003566	11.481716	37.076235	27.067016	30.817071	21.603690	34.935396	13.196796	24.990525	42.175564	31.563126	35.917514	36.495840	12.920174	29.026886	14.430562	10.227646	20.174687	12.096246	32.856784	39.257314	10.022274	24.376240	13.373980	18.730468	17.911818	11.943470	35.301303	17.384442	31.901995	42.269350	35.914769	24.435579	39.769623	18.896180	30.236436	28.188887	28.415403	15.717687	9.469396	24.335629	33.743318	21.938223	13.442739	30.133556	37.953279	37.463933	15.988621	36.218160	22.295767	23.679264	25.370167	38.121218	37.760213	15.366237	23.300355	21.394370	12.757123	9.175041	40.790540	35.116615	37.742574	32.907815	22.916101	31.576464	40.723274	28.850702	31.988378	23.104731	18.177765	35.776560	28.855636	41.170987	21.524714	28.607305	39.031654	21.097496	0.000000	11.894706	22.847729	40.092713	23.349727	28.525928	11.779617	31.047466	35.630434	10.693625	31.703556	29.961556	24.229367	41.182610	14.877225	11.023354	40.035139	26.413675	40.720091	18.746940	9.562533	10.180653	14.189097	14.327544	34.331666	21.837509	34.514688	13.552437	14.137123	34.614457	33.587526	27.008808	8.557174	16.884978	12.445318	25.703150	16.128859	14.130728	36.998111	37.613994	14.636062	14.961036	16.813415	41.378295	12.141352	29.337619	29.197737	29.724109	13.853488	25.774320	18.928803	38.330751	31.186567	35.483557	34.049489	8.534565	38.595747	15.910408	32.264019	10.554824	39.973338	27.080871	39.356140	16.091890	18.459649	13.765221	31.274828	11.438848	39.790096	25.406230	15.311424
23.163935	9.191636	19.511388	20.651742	22.340940	41.145946	17.601981	21.793629	11.500680	39.145062	15.562668	20.183240	10.223118	32.102936	24.434686	23.644027	30.397734	22.272274	18.279275	14.131884	31.385080	17.341059	14.888173	41.414391	23.530313	24.903086	38.309545	11.349051	8.749023	31.977220	14.081651	26.511845	34.928466	20.464500	32.896142	10.497523	26.909645	10.210527	41.301062	33.785443	31.905250	27.162463	21.977754	9.144632	31.450334	22.171675	37.164331	23.762606	20.590029	41.951947	21.729707	15.315496	15.271351	12.819421	26.426834	16.856968	34.664573	42.420762	22.007658	8.970660	19.856077	40.425195	17.411300	33.182813	18.834364	35.827628	18.448510	39.628849	37.745984	21.646382	17.931573	37.727706	9.525920	19.861177	32.922812	39.143513	19.838541	9.124689	35.064442	29.661263	31.950722	40.123828	0.000000	11.256752	12.820455	26.203480	40.826161	16.535509	36.008532	34.698382	13.163619	37.548770	23.642118	19.376851	12.922488	8.693674	40.319548	34.234153	28.938523	9.231368	22.508417	23.760963	41.136772	16.348757	32.972234	40.543147	24.658778	37.443374	17.903569	21.889790	16.321966	12.835511	37.526589	42.324060	16.867690	34.909522	21.841711	30.023470	25.483066	23.800440	21.692236	22.887077	17.725326	36.752355	11.260153	34.826854	22.348274	31.741121	16.809478	25.494275	24.759970	40.793769	16.462484	21.998024	38.327248	34.160527	21.182005	16.168169	25.802770	33.616657	10.299477	38.469615	17.987384	33.344006	25.018572	19.516323	21.447241	14.767452	32.424558	36.646399	14.094449	21.253692
27.488609	17.604899	15.005155	33.848986	36.234358	25.897588	10.733802	12.671683	14.934015	27.697387	24.951305	36.229333	13.146076	39.182052	26.571069	10.161587	33.243997	13.316129	39.812488	24.432721	23.174468	38.459989	20.155939	32.010063	12.835490	29.602699	14.498941	31.912489	18.247561	26.612690	18.659468	31.886260	31.671963	34.752815	42.299180	9.766642	30.975299	14.983616	22.365840	38.977049	39.719060	34.139639	39.390930	18.222032	33.406143	13.731407	11.331669	28.030431	11.133161	9.474550	13.967795	37.547308	42.324796	41.138470	18.656741	34.701759	41.985692	22.097523	41.271489	24.498095	16.054939	34.109656	35.496573	16.056736	23.382591	34.863139	19.375294	27.741771	21.255020	12.353776	28.567924	25.468051	32.987239	40.608467	37.817238	18.378411	25.129821	30.488121	15.662391	16.250397	33.438106	37.608338	41.296124	0.000000	34.278977	19.150461	37.316962	8.870335	41.179887	36.297450	9.768224	29.596928	25.702990	24.269768	17.428732	23.364535	22.857451	12.686460	30.139122	37.024774	23.991313	12.184412	29.195406	38.741984	23.960551	20.230340	15.275787	27.429237	29.565994	11.433319	28.031785	42.386271	33.582164	35.492234	38.575282	34.407658	16.098494	22.561313	9.718024	41.251394	9.992700	9.922577	23.614246	34.211996	21.294711	21.044615	9.952759	32.736410	18.147917	9.708837	25.919361	35.060032	31.609207	33.026832	10.866272	11.859291	14.360469	14.097880	25.483744	35.602808	14.537500	22.734410	20.536266	16.001490	36.451964	35.974141	41.059687	31.839957	34.451219	20.872933	42.247902	34.147895
12.860851	39.417991	28.248395	26.386753	30.015592	22.668439	31.371943	10.723544	11.452039	41.432709	19.540947	9.137280	10.374406	13.908153	23.300605	12.679177	13.107007	12.350670	13.647389	29.171789	10.938613	20.108861	19.561176	35.620995	42.187823	12.380919	26.489957	36.174821	30.728075	41.848652	35.897102	26.848222	27.230764	31.573107	11.874254	21.617470	25.274865	40.946026	35.564191	16.696092	23.267411	34.408675	37.304163	36.333162	14.726523	41.829753	21.031585	23.221444	17.962146	24.871873	9.353962	26.950672	37.773550	32.623619	23.158538	20.263482	16.423916	29.691507	16.074783	14.227632	17.317477	17.774488	11.143801	28.787854	19.801169	18.260162	16.037352	28.097805	11.697495	14.448790	35.352123	34.840539	34.770244	22.688175	42.307611	21.610773	26.961855	38.262601	10.620707	35.447818	25.770515	14.875808	35.744411	14.270083	0.000000	31.485059	19.214600	15.667449	22.820993	10.685615	30.332802	15.310679	38.521179	11.697403	40.559398	23.408292	42.215974	26.325072	42.261222	14.921452	25.124359	38.450600	8.504563	11.049045	28.525890	20.630419	40.577841	30.697911	41.217263	9.794156	9.883214	36.785780	36.259779	20.786191	34.361301	26.972639	15.339425	26.723490	29.372169	23.986064	42.103536	35.693207	29.618105	34.649376	41.107744	39.797432	20.753486	20.960026	9.576261	42.328881	30.673009	32.544220	14.862353	12.809700	37.162671	17.870416	9.435853	24.032636	13.857929	35.504695	35.483778	31.276809	9.576854	11.203423	26.184460	32.106322	21.568916	28.304400	25.759233	29.278296	19.814634	32.702904
37.778554	34.414023	42.122761	28.810491	23.497259	32.457053	8.890956	16.190345	12.775595	40.484860	25.138526	33.848788	18.172935	23.818974	20.003077	35.892608	27.526565	37.658655	32.562032	8.888001	32.673200	14.262352	16.144271	33.576479	13.253061	37.007199	18.750055	10.277546	18.281213	34.993366	37.485389	22.428487	28.167360	37.824191	24.936156	26.623027	19.765869	22.190551	41.510762	9.839358	17.120502	28.417621	14.626373	29.978295	16.931085	32.122582	36.980228	41.831183	29.188431	24.912547	10.607097	40.574302	33.640163	38.721973	12.847775	40.942517	40.069015	37.030350	29.700028	33.144361	8.706857	40.468139	23.900282	36.537214	26.650355	34.658365	38.679060	41.611418	29.193749	34.109639	17.237250	21.708002	12.743048	41.732640	11.632120	16.567675	9.684635	30.671833	33.632406	42.479284	16.655705	30.157473	12.419326	40.524664	29.083136	0.000000	12.252369	24.311837	25.381301	18.188936	20.104798	14.769071	30.638556	22.425060	25.831236	17.744015	16.639540	39.692463	8.880656	29.321031	15.799477	32.434836	26.195087	16.250826	8.681738	16.468927	39.911893	16.473917	40.961404	28.272182	25.163263	12.291956	10.791918	12.274194	33.372014	39.676940	13.318254	18.546619	8.934981	14.189774	33.433064	38.615124	22.156578	17.126369	11.665516	17.467238	13.741781	31.515362	36.216266	12.743420	29.606485	25.124532	23.720135	22.165182	37.542740	12.925324	10.675709	28.303646	17.044137	32.872116	15.034394	41.079044	23.981258	22.426661	33.631194	24.258541	25.164783	11.145240	25.278935	18.566900	9.659353	35.406088
20.669804	37.952021	11.241184	21.627547	39.563426	27.756098	28.030514	11.757365	29.324874	20.749855	37.350183	15.114797	21.509451	8.938976	19.727805	19.197157	40.462006	35.216872	20.970550	27.502549	39.037581	17.222548	29.052026	19.527090	15.272983	14.324095	25.195819	40.707386	14.672036	15.907166	8.599870	13.179206	21.654338	12.711464	31.563844	37.265065	21.038234	40.389159	16.270939	24.767689	14.158586	14.338077	37.612149	28.021267	10.749743	21.094219	13.974958	31.772085	39.421670	21.428310	24.652124	25.371602	18.170169	30.291761	11.770410	23.422768	20.713607	13.978312	20.206305	21.576892	34.727160	15.460304	24.809253	39.083283	9.657904	26.352617	36.466904	13.185279	34.098005	24.493873	24.408312	28.421550	36.064488	35.886672	30.455230	30.678192	35.146313	36.456600	15.279652	25.693415	18.962972	26.017637	24.679763	26.491216	26.619895	23.593879	0.000000	22.315429	42.302779	40.847873	24.897538	17.291655	35.023722	18.919693	36.443199	33.632374	10.850709	8.515443	9.353129	38.089508	34.691484	18.925058	28.369189	35.343247	14.308797	41.782557	38.682969	18.367129	20.410319	9.366251	30.726522	24.603272	20.982646	40.556322	17.876124	36.786514	26.336506	33.223911	11.765635	35.959478	41.871212	29.746966	20.376339	17.726634	8.891213	12.947019	27.026551	19.061955	31.887166	34.144868	15.149260	9.653299	12.861186	31.747672	14.160431	29.713762	29.821655	31.202142	35.903836	23.029071	17.744945	39.398935	15.548990	13.805178	38.759004	21.284844	24.617184	16.208473	40.424617	29.890276	19.899926	13.806695
35.886703	25.321634	37.577175	20.181327	41.397726	42.135849	30.084074	38.758661	41.896042	23.591307	14.231700	35.513172	32.160619	11.837810	17.223035	23.966390	31.079880	16.253672	31.183881	22.570184	25.575853	24.347267	33.169742	22.838307	24.599860	26.640805	27.126678	41.232965	31.022687	22.009297	39.374892	31.034649	42.054019	31.472888	24.724546	36.389344	23.838579	39.855288	38.447606	35.123363	23.837604	21.520801	25.569574	25.042705	13.846841	41.832438	38.743850	21.702349	22.344439	40.679641	34.423898	39.474053	33.365984	19.286013	17.445976	19.366464	26.411120	38.394630	22.949285	19.759357	26.067368	23.530590	33.652140	10.231440	15.854168	35.112791	34.502947	13.555580	10.694446	15.355892	19.830889	21.815058	11.545177	10.560137	16.038383	17.876226	40.038562	27.355656	9.679808	35.078132	34.271991	19.935846	21.259228	37.720044	29.537203	37.910505	15.250671	0.000000	34.311567	9.125194	41.536956	28.081868	41.007967	41.423932	16.232384	29.863315	16.406684	31.790778	10.172604	31.656956	14.014397	19.130876	27.485623	37.743436	16.488473	36.410689	32.745466	32.373859	29.895445	17.755776	23.141391	22.149698	21.829659	16.180906	23.635068	24.408225	26.202748	22.994993	29.492624	39.825579	10.174985	39.145392	31.483824	41.719552	9.403187	25.527961	20.580918	11.837141	16.416647	13.995386	22.171838	16.438615	27.278541	36.779400	26.887787	40.803035	42.327455	27.768092	15.388170	41.616339	13.311023	19.466717	12.462051	26.624416	11.542702	18.247225	22.421459	24.859213	23.799990	25.212855	9.508808	23.536676
25.440945	21.074618	21.010658	24.149301	30.823996	13.865980	33.565999	35.880275	30.323445	30.737942	32.918917	21.493987	22.975493	26.143491	19.834232	12.194643	34.981948	16.261366	23.581708	25.869548	26.039139	16.407054	38.851874	39.150081	37.864135	19.174825	18.735921	19.804766	26.039667	20.288598	19.395601	21.712782	10.173326	27.522486	42.421378	12.180812	23.110064	10.993786	20.102432	21.081827	40.631406	20.586680	20.992701	31.853091	34.537673	22.433135	14.190712	11.731991	26.873995	35.078616	10.715239	30.980644	35.584019	37.604391	41.805230	32.115985	35.413069	39.711940	33.158873	39.545174	30.469842	41.699466	37.477414	39.609231	9.696583	17.419172	20.666172	19.342383	24.495206	33.917438	8.584876	10.937531	32.066335	22.057740	13.494053	15.747779	17.268072	34.640247	19.424760	27.792599	34.663637	32.472144	35.333585	28.434672	20.064823	28.633633	11.027188	25.840783	0.000000	13.626494	12.016951	37.042049	21.266314	12.814900	41.378927	21.260373	31.175028	32.135843	35.975218	15.971936	14.345073	37.804895	38.431038	25.263184	32.204940	34.612501	34.689060	8.645570	29.823149	35.862766	20.491752	13.596240	18.407826	8.702439	34.792692	34.906397	32.613846	39.120798	35.963588	25.882990	36.084448	14.053196	27.516795	42.099755	40.107106	31.053660	10.635947	14.317012	33.097170	16.222432	24.072199	21.187724	15.110391	25.349911	23.933952	26.905706	13.062624	39.231664	34.750751	22.622974	37.481537	41.797660	30.660728	22.760667	28.554150	20.984990	33.640399	16.536599	9.420838	42.131769	33.095904	29.138902
22.748704	13.260718	40.897874	10.105711	33.473917	26.845463	34.829756	42.265983	17.228306	12.150561	40.576762	41.162642	14.243475	40.268249	39.729374	30.993768	17.250269	35.411693	38.590418	28.849818	17.058232	42.203223	26.408680	10.583858	22.551326	23.264445	30.055052	16.194192	27.884901	32.449137	9.783112	33.684442	32.187641	39.993730	41.457456	12.190636	37.882152	15.217542	26.995397	21.204346	37.461298	28.248782	29.885832	12.733959	8.917806	38.636050	27.732896	33.860112	42.332222	38.646657	16.473636	33.736695	26.296516	14.756049	15.134613	24.464056	23.420447	12.168771	13.390769	13.023683	24.104049	24.762133	36.761282	11.097387	8.890531	18.267921	30.384415	32.363551	23.362010	38.257848	13.939213	14.313460	30.062683	14.970486	21.247380	35.152818	41.830592	39.393638	19.910287	20.202898	22.596918	13.445216	28.793434	23.923370	26.010603	19.623823	10.680560	9.675970	21.656898	0.000000	19.302150	8.644589	30.097490	17.047225	36.819059	34.060498	24.098271	37.812790	12.890031	27.493329	33.047745	23.901307	16.155887	19.148613	12.376165	10.504596	10.738379	24.877693	13.911084	26.145316	30.667468	25.927871	37.070543	28.806599	12.021579	11.555292	32.682245	25.099570	22.008617	29.799922	9.270178	32.847215	20.453600	12.977729	34.451060	24.209100	27.482486	35.614467	8.612513	32.248151	11.792549	26.772785	12.856202	23.803988	32.099802	14.450451	23.299539	21.002642	21.808656	40.175878	12.509851	29.256519	19.454001	24.539926	10.624813	31.726111	9.960705	32.554042	18.583190	29.123633	41.761207	16.525890
17.689375	10.751141	35.319138	37.591114	29.623931	22.999308	39.988614	12.494236	13.440154	28.377278	37.637725	29.351991	20.933472	33.310845	29.806597	28.590561	9.188797	34.563138	35.746322	26.300272	19.892331	14.541246	27.385991	34.658706	41.988953	8.688986	23.437689	27.323768	11.297838	23.724019	15.223647	24.885509	37.866355	17.425047	30.545018	41.146958	40.246641	12.151796	18.940679	33.699410	13.623459	17.584889	22.412518	13.682673	20.817815	25.970250	24.063044	16.058891	33.261720	18.841668	11.378889	9.653338	22.085284	31.540587	22.187256	13.370573	14.959540	24.962480	35.993047	32.049746	41.007697	35.205282	30.621736	21.789877	13.077892	30.179048	32.336370	28.335642	27.756629	17.007382	16.551682	18.016535	42.483336	14.174790	20.489995	20.252875	9.923940	32.323814	24.772922	27.658906	38.285790	20.544054	30.958011	10.183669	32.019837	20.866655	16.273023	22.658609	32.630189	34.496480	0.000000	37.157734	22.531829	32.991752	9.382627	26.473380	38.006387	17.725227	28.368303	28.319301	30.652680	18.711422	26.318599	35.003709	9.999886	18.804489	30.318801	25.463909	29.531918	41.398714	40.801090	20.291794	40.029855	12.358640	17.239836	32.549615	24.147772	16.204416	21.172074	18.430742	17.130964	23.939527	15.059759	37.034256	31.575300	30.415210	37.124290	27.709262	32.392178	14.914775	11.409109	20.742645	41.425571	37.402263	26.738750	41.378146	36.123287	17.278587	13.458930	13.044883	37.008251	15.069471	36.613486	13.352624	26.459928	42.418782	26.794640	13.227635	17.920440	16.566209	15.467015	32.311707
12.293032	13.628212	20.802413	18.910888	16.502094	19.012254	39.675103	17.735874	35.374544	30.638611	21.699548	34.743376	16.831211	11.548899	31.448978	17.351715	25.967034	34.693572	35.316887	37.369244	14.895074	31.748717	42.412552	38.347093	29.705033	23.990958	38.894985	33.585894	40.927545	24.990220	11.148092	37.081263	16.409288	23.287782	11.240258	25.870431	24.382451	16.077544	20.141260	22.738708	27.605961	11.149935	13.440862	17.521499	10.061003	18.124824	33.211932	26.365419	13.236487	23.616599	12.190453	35.996023	36.252086	21.556172	15.650384	15.206542	12.839123	14.924954	33.366011	25.580206	42.128353	22.291719	16.155140	42.477943	17.636158	36.734628	39.523802	30.920415	37.109750	24.762781	20.802170	15.178884	17.275806	29.648101	17.429374	38.900379	38.064072	34.896273	28.535936	22.782845	20.681284	41.814823	23.914472	31.864134	14.406376	30.939645	16.758672	28.298401	25.736572	36.999110	29.481985	0.000000	33.570375	40.457830	38.984798	34.650746	12.976146	38.824898	17.888639	30.394888	19.762445	17.351015	8.519794	25.486062	32.532648	40.553640	10.075920	20.402598	19.976773	42.486708	28.749266	18.835223	23.787634	13.757534	41.177653	32.621705	38.131352	33.820621	33.910985	22.036637	10.691764	16.818104	17.848491	21.968915	19.288043	16.102810	12.519128	15.664780	28.575352	18.905196	40.591123	31.844101	37.863238	26.228398	8.869820	14.430099	12.059374	14.976943	17.370867	37.874075	38.309388	11.706018	8.920711	15.962232	24.614425	9.688052	13.366602	42.394758	19.028573	23.788609	28.519895	37.125481
18.995955	23.088991	22.035262	17.177694	27.244567	40.770692	32.833166	34.344391	41.391003	31.258220	16.792390	38.713532	20.987601	9.265581	24.240658	25.610185	22.388143	22.572973	26.611831	13.662554	11.059226	30.022934	21.735456	8.603340	30.399841	26.672183	33.635898	40.424557	40.899735	37.939521	31.968477	35.017860	22.603681	12.897466	9.060989	35.770696	37.139057	32.546995	9.164641	34.248846	16.195406	14.443624	26.318486	17.492484	12.881115	17.974615	14.310949	10.113549	40.651400	38.175050	24.434656	11.774723	40.009010	32.331203	26.774468	40.250839	10.697378	27.639927	33.004691	40.117097	14.699118	26.286047	16.041492	42.040790	34.288557	36.177610	41.207905	36.145914	35.320336	16.565980	32.453524	37.482849	11.883583	38.389694	34.643830	31.266151	14.031288	41.551429	27.776819	19.411639	16.692393	25.973054	16.914620	22.220251	32.851815	23.374772	18.466807	25.055463	33.789392	16.609398	17.333590	22.587454	0.000000	9.175303	34.474908	15.269594	8.868984	22.013311	39.552436	37.076195	32.707097	14.964059	11.384617	12.671560	30.412679	20.881134	27.193946	10.820630	29.238258	34.663953	39.350634	26.975970	14.333634	8.805970	32.276142	36.675781	15.662906	25.126704	30.318408	22.255427	18.511226	16.327168	41.344320	38.431257	23.212609	17.801457	39.459108	12.932803	26.608669	31.659139	8.881945	38.005993	9.913067	21.615203	10.602570	32.509806	26.742428	33.344871	24.966931	34.808851	11.334026	30.527437	21.141629	29.383755	23.744006	38.649442	13.461295	31.450397	16.678895	23.626750	40.590904	31.310670
28.687040	10.986349	12.934982	31.634331	35.253870	30.202575	11.332331	22.602056	31.837872	22.918903	40.637424	14.392697	11.763101	39.168334	39.402401	19.769632	26.152953	33.868330	23.967901	30.728521	15.083980	27.270931	16.497333	17.997964	38.690384	41.760273	29.439189	34.021384	33.908212	11.061990	41.544528	26.806926	23.148024	9.150710	29.095553	22.980489	41.823985	9.317385	35.351409	17.912753	28.547234	25.886638	19.719075	14.182821	40.715559	18.992582	13.932245	10.911666	9.278794	21.606352	25.020905	27.877728	24.147896	9.041518	23.474680	20.307401	29.940519	37.239496	30.155416	26.980462	37.719918	19.496819	27.969653	27.633144	38.715549	11.839344	24.061018	30.932942	34.481694	33.311585	36.172056	8.626155	28.758184	24.495058	25.534487	13.056067	36.350533	27.814480	18.342308	27.114967	33.567736	35.452667	15.025546	27.335884	21.966882	18.389904	29.453667	29.059960	8.802122	26.700433	10.361138	26.818482	16.680416	0.000000	19.085896	10.371353	14.423461	24.794547	15.804561	33.781611	17.787116	27.150570	30.337629	20.433083	9.918412	9.433617	15.636703	40.462934	16.747779	18.034263	9.220100	14.713374	11.032427	12.671528	32.052074	31.098728	8.908626	28.977654	38.880516	9.817624	12.492635	11.434596	31.436857	10.098728	23.795513	34.656071	12.577571	21.261021	20.276663	11.339962	25.232139	13.625032	14.776663	37.487129	30.737403	9.186410	32.907256	9.339001	11.006116	27.791781	11.904645	27.859730	41.232825	23.346107	17.489054	9.988333	9.609178	26.484495	31.470429	17.797046	21.355864	23.598137
37.723012	19.822264	12.402856	32.544331	34.891332	25.224024	16.048831	36.866748	38.366196	10.798242	11.200781	30.066444	11.385591	11.959121	37.059004	40.107638	31.073567	29.514375	35.078951	16.050491	32.473440	12.830567	20.191612	26.967842	42.213553	25.281831	13.329703	25.282492	19.995230	17.005824	14.329549	27.180964	13.072211	17.622198	11.335413	11.604537	33.532997	28.859558	19.048291	24.654509	29.946656	11.193022	25.587579	12.326556	26.979722	20.990056	37.254418	22.487097	17.326057	15.502911	10.174559	26.940268	11.440307	10.128283	32.487833	15.585732	24.710208	11.874743	18.840647	40.466213	8.840872	15.617874	25.853744	16.459218	21.320540	21.240579	34.079382	35.683078	13.931978	17.251927	37.233216	40.012235	23.065136	24.305347	40.729508	18.796670	28.376589	24.466593	41.270031	35.690846	35.039238	20.442597	17.382711	36.484344	27.449062	31.519259	23.588461	38.232277	23.021749	19.975129	38.915219	35.800029	16.984531	20.921931	0.000000	12.114941	15.020534	39.137887	30.399227	16.609543	33.320694	42.241441	27.225563	31.134510	11.681042	9.364969	23.451128	15.066878	38.332828	13.195084	22.155356	13.143725	21.583947	20.687016	42.283192	11.170189	17.081457	8.917042	17.233929	27.690544	37.629642	16.693636	22.146111	8.852742	41.596449	32.723116	11.556542	41.194981	31.130575	15.374283	28.814189	33.216862	35.194106	32.665183	29.978086	8.807258	33.136284	18.660715	14.101505	25.778061	22.428644	37.515238	33.873576	42.294514	14.876050	38.854344	13.728788	41.325438	8.940067	32.412679	29.707007	39.697098
33.179926	26.182665	18.526642	19.921210	31.019131	39.842093	35.490912	14.232551	38.588757	21.002355	30.621975	14.585817	31.613908	28.623139	27.553670	37.832513	38.880954	12.920656	34.671554	16.681133	28.912789	9.732701	27.280591	39.410849	11.719885	10.429344	19.871063	15.218778	42.114932	22.601122	27.483097	20.501916	17.335704	37.604538	33.301196	35.810499	32.858799	13.832851	29.492004	20.649309	13.385264	38.229196	21.973660	10.465431	28.164637	41.468332	21.923971	40.974900	34.040962	38.892951	10.988021	12.538796	20.355319	41.556733	9.943138	9.875893	26.418062	17.659874	13.866371	39.120865	36.530892	29.337928	13.892955	10.024552	9.504413	30.422842	9.344819	23.115713	9.581977	29.448624	17.597348	26.921741	27.413009	35.062978	37.797642	20.833414	39.351154	12.035389	15.843701	19.867813	23.235553	22.311303	15.264999	27.285906	25.828097	25.734204	10.930241	15.372400	40.946901	16.989208	42.178479	25.793582	27.065446	39.639216	31.029122	0.000000	23.542627	41.519033	23.383943	24.331322	22.977487	28.973084	32.774686	41.741193	20.376870	18.763279	15.525128	41.570966	41.809232	27.871492	33.070043	9.862281	8.959928	27.061458	15.672656	19.463353	41.494738	31.983707	33.145777	29.318403	32.312796	23.653646	28.041332	29.284649	21.722752	27.948114	10.989660	19.163219	29.309534	14.711495	41.579823	41.072028	24.312995	39.406012	37.298138	41.914844	18.272208	41.887187	11.381505	15.918881	23.184748	21.112199	35.959402	41.768281	15.568522	35.521928	21.706883	32.922457	18.044025	34.747226	15.289206	34.732481
40.750530	19.360816	27.027606	38.694792	30.696652	28.076600	15.179742	20.805632	10.882158	13.816892	31.154133	29.076922	14.960744	26.637586	37.882862	9.536609	15.782743	29.941198	12.225252	12.706235	16.249425	17.533689	33.542019	38.505377	8.600332	18.289511	37.170459	12.635696	14.495074	28.441040	32.367778	24.828725	24.284919	25.301315	9.262402	16.102270	34.151969	32.165246	35.732852	26.536011	22.389525	36.951770	31.976872	30.021588	34.988554	15.860660	38.589206	40.725600	35.590132	27.887898	19.014637	37.449615	33.221621	33.040240	9.370430	22.630799	27.827387	37.936211	26.267350	10.958967	30.263565	30.528683	31.421293	31.985198	30.441382	39.349967	31.863644	12.684305	41.260957	33.652531	39.242219	35.173964	37.803471	31.498364	16.825195	41.274180	31.613634	25.288658	34.411220	37.971186	32.714956	25.268716	13.742807	29.872868	30.293076	41.341253	19.902562	23.557032	34.645337	14.377213	34.785555	35.874977	13.106016	30.743484	37.968381	10.635105	0.000000	16.212907	19.938941	11.798919	9.518341	42.173058	10.160403	22.174803	33.439599	12.291417	35.197025	30.468526	11.565403	32.056166	33.931009	41.703544	25.747286	21.587599	40.980425	21.323885	40.591771	38.287396	40.862613	30.258776	30.548848	31.898986	11.390471	21.689247	39.020382	14.580280	40.683286	23.825826	29.919348	11.507499	30.873812	17.802409	41.618047	37.628054	14.085748	40.453436	33.728359	16.847062	29.131642	24.484249	13.059772	31.561762	21.949070	16.626990	21.227283	29.563073	14.783362	37.650845	33.602505	41.100478	26.692029	15.165763
17.645275	41.218187	25.303977	17.602479	29.058696	26.561232	15.283821	31.814791	13.307137	31.357964	10.432769	25.743113	28.251214	23.401395	25.272848	29.870139	10.139009	36.123819	39.899279	18.795319	29.530606	12.635220	18.050224	27.239427	32.024066	38.706444	38.087562	26.969868	32.512693	32.645293	8.673801	41.448559	13.850962	41.361562	20.118023	41.746371	14.444857	35.754536	32.694612	16.244289	26.932706	17.983956	35.957379	18.848990	33.708806	38.731978	22.007618	30.816083	35.009834	28.720057	31.003082	32.567704	40.773544	35.764040	37.183433	32.427535	41.054715	15.074833	19.999604	33.201668	18.569144	20.895498	27.813101	22.537996	23.173171	25.646397	21.208267	14.674560	24.603147	30.200220	38.186039	8.526650	35.464812	16.773896	16.998486	33.364198	23.729817	14.330967	9.695959	30.565797	24.847073	9.764829	12.847744	25.509048	30.544294	24.778647	22.889646	16.809160	16.954136	35.197414	13.691404	29.728498	35.940013	20.801222	22.213009	16.963501	38.542656	0.000000	37.102874	20.107939	25.841917	14.965547	28.065110	9.624807	9.542201	28.947525	25.375366	23.854256	33.696777	36.392763	16.330245	40.671978	16.292955	32.605942	34.844516	24.046711	35.906414	40.400784	17.042782	16.563529	10.447780	31.302027	20.283361	30.130675	17.609412	30.004379	24.036870	10.880749	8.872531	17.582281	23.664752	20.093299	28.147740	20.892913	29.654844	40.609552	32.204097	27.541960	14.147190	33.340646	31.308642	10.618947	13.169992	36.481650	41.348442	15.253756	12.386162	17.197944	40.240945	25.410237	13.171308	12.977354
36.737024	28.961268	39.267858	12.601132	11.009021	28.064581	24.118628	26.484357	35.787446	30.441205	19.955193	12.997006	26.401408	16.012195	18.516338	41.620838	41.890334	24.485443	40.278235	12.010962	23.614588	36.421740	24.288280	21.062997	23.694488	39.143060	18.437675	23.838846	32.520713	26.511049	26.871913	17.725283	9.781527	41.120193	36.006987	39.141554	14.132532	16.397948	25.858182	23.054976	16.535886	19.548319	39.633784	20.729954	19.962761	27.917991	32.841229	27.397782	38.196459	21.976612	36.403114	34.177836	11.900736	27.679276	39.186670	9.251677	22.172621	36.494016	9.283858	38.885826	39.530998	29.275120	39.097095	19.596559	37.635931	24.778984	26.203379	13.041052	39.377196	13.873973	40.875445	34.748962	22.887925	21.169127	39.781470	25.793938	25.921339	41.527124	20.169654	10.526915	15.020031	31.190644	11.780269	11.932536	26.698048	27.317806	21.217801	18.357054	19.757014	21.619587	22.187134	36.089566	9.021475	13.505383	23.279072	25.942998	35.941054	19.167856	0.000000	34.007480	40.530772	29.051181	10.393822	30.195983	12.676114	39.167102	8.743638	18.886041	40.190527	37.798514	21.226943	35.375362	19.250933	22.700750	18.563776	21.497249	14.515231	30.053015	20.345913	32.737767	22.549412	14.738196	16.772665	30.838659	29.310269	36.687754	30.067591	39.731050	16.776551	35.172541	35.898391	14.104439	36.093748	39.227882	26.741776	33.284656	25.977764	13.036564	31.990235	23.863752	24.550347	37.699899	18.561058	9.430109	39.626471	22.584164	26.901357	22.642937	13.790695	38.497123	41.057420	15.512548
41.669962	19.965409	22.589526	33.794011	15.885806	31.517018	38.484535	15.035990	32.560895	21.056769	26.227907	9.482035	28.976323	40.560390	28.947809	21.518267	32.086262	17.501163	30.435790	38.387373	40.031808	36.774820	29.724374	10.215058	16.411125	14.524097	36.748593	13.106855	26.536012	36.718263	41.319943	26.862985	32.005338	32.818010	27.876642	9.140123	32.048759	10.669625	36.059581	14.934569	33.145400	12.067833	10.996073	32.764704	32.490180	37.181943	13.084977	25.763720	27.869851	37.848699	36.511687	25.915147	17.967554	20.924183	14.811160	38.221189	23.834378	9.432847	12.668376	38.879019	21.302051	17.008885	17.940079	18.093164	27.686261	14.156853	18.252380	9.502642	8.975799	26.874968	24.277829	13.117946	33.375388	31.393831	22.135066	38.498106	16.784212	11.443678	33.562026	15.979966	9.954299	33.326150	38.410771	14.372184	14.287465	9.731334	21.247569	38.092141	39.594787	35.599639	21.754995	25.645157	32.812441	19.342702	21.025864	9.245578	38.964584	16.788547	42.292046	0.000000	16.561862	36.990407	13.340925	24.957932	34.665221	33.356393	9.361397	18.810650	30.441791	18.282149	32.147113	25.741882	35.927590	12.913761	8.518555	36.652026	21.775759	37.838513	19.150957	13.061507	25.981868	9.897365	24.559330	30.724342	30.952140	8.780116	42.102850	8.836541	36.502121	33.124684	25.255174	17.937041	17.998362	33.108902	34.852220	10.193023	30.975687	28.772192	42.279292	10.082762	22.007403	24.726570	18.054377	9.814212	32.683637	19.587805	12.553195	38.450842	12.956363	24.988322	40.663491	9.499229
29.570395	24.411884	12.849302	26.674612	25.356024	29.116942	11.689167	30.714131	42.297919	11.100785	9.217771	25.610026	32.293781	26.195084	34.559976	19.837179	27.217763	30.891394	40.848114	36.383078	27.647556	31.439688	17.666893	26.606640	30.995691	31.194763	32.410740	41.674881	37.388440	9.966665	15.393362	27.357189	36.641594	18.637187	34.865924	24.146347	8.872928	15.000386	41.489342	34.563304	11.664472	16.988934	32.469762	26.698171	16.858648	30.227833	39.652658	20.603719	27.589106	33.013159	18.122431	39.409775	29.950841	16.729620	37.317144	23.573598	34.137364	37.934898	24.577962	24.684696	13.636125	28.635800	16.430785	22.128606	10.429898	26.782123	24.094866	36.713806	30.561302	13.407183	23.547122	24.025822	13.859166	18.887835	18.681632	13.755845	20.288521	30.374241	22.997096	21.424208	42.096471	13.666631	35.277202	30.672377	34.496438	23.904259	28.429716	33.113320	11.417052	39.461815	32.274585	41.435319	26.295035	31.028207	17.803450	33.641806	24.488204	21.953013	33.571141	14.825258	0.000000	20.940191	14.913612	37.280966	20.446274	20.274238	40.716880	15.924270	17.632919	14.787876	38.465688	19.205278	29.917580	10.360669	37.171392	40.923794	27.006000	13.919983	39.182505	11.848422	37.826432	24.471148	41.020793	26.533518	19.015643	8.710341	16.517056	11.010376	15.468882	32.804637	36.248362	29.006189	16.981017	18.354883	31.875810	41.703491	39.274070	14.407829	30.612951	26.773525	9.487760	24.267377	39.723113	21.463683	20.942532	40.668266	15.374528	23.313353	27.322882	30.559958	25.402585	40.523187
41.810609	31.758807	34.239588	18.570727	8.680998	23.161417	10.876456	20.162797	35.544980	28.588066	11.985572	17.051043	23.017669	13.420093	28.992348	33.805265	37.145540	26.089582	28.286937	30.614483	36.645218	17.981686	12.023343	11.817007	37.517281	30.690095	37.401842	13.087525	37.045095	14.345543	12.374746	20.241537	25.972101	15.309974	30.081218	17.619972	23.509250	18.417996	32.523748	15.223947	12.494625	32.309315	40.385952	42.022936	39.592438	29.439183	31.070193	22.123339	32.276267	10.908645	16.470893	28.978913	20.850889	29.113350	14.844073	24.407880	31.636257	11.781931	10.107266	17.555130	35.096750	34.412163	8.685413	9.311280	25.090040	27.840738	23.883522	40.144944	30.247032	26.228816	36.330649	23.058962	21.989506	10.703393	19.085697	34.048333	41.756972	36.262704	11.971162	13.731706	10.619120	41.776971	11.975046	37.878222	10.895560	13.173718	11.708349	41.911868	20.453280	10.029420	36.264978	28.648991	26.640414	20.034260	37.278395	16.151432	34.340863	27.593039	16.038360	36.396126	28.230181	0.000000	39.106381	17.894204	23.220737	23.996413	21.608527	23.746966	35.572843	35.273590	24.991842	29.393474	10.312302	32.087451	32.072817	24.629314	19.149222	20.827098	26.124054	24.034912	12.620697	21.562613	12.132865	14.256991	34.504918	20.727386	14.963412	19.287455	29.613319	18.094340	12.202392	23.645613	9.708078	25.517486	10.687315	20.172513	24.514180	22.018227	26.014359	41.471990	36.229131	29.493700	20.699270	38.794378	16.872732	29.641721	22.215077	37.660212	37.414881	38.143214	13.003738	38.713466
8.886703	31.315528	14.052952	12.970422	12.009302	19.341076	18.906482	31.966901	10.164186	33.422711	8.948978	40.276117	27.298248	22.337226	16.330546	13.650053	24.288692	22.277639	30.668866	24.410873	41.973792	14.622122	23.393344	14.543389	31.229011	14.097621	29.842812	17.637630	38.121738	39.230180	24.616091	27.028582	18.786337	32.600533	22.999967	37.109180	16.088315	19.535729	30.725546	26.245263	23.741587	26.589288	24.673264	36.048410	36.182384	18.906370	14.516338	31.104176	22.582816	13.814890	31.518288	41.567141	10.488995	32.147726	29.274588	30.685972	13.468729	9.767539	18.139583	13.809091	29.578297	17.380741	20.441735	26.880624	16.480032	33.006155	40.514326	29.625264	24.409703	38.290463	31.939519	23.417572	27.157055	10.384701	14.379852	24.123039	42.421562	23.753691	35.283063	38.532694	16.713030	22.416347	23.978710	8.680451	16.697083	12.163473	31.918981	28.134297	35.381804	21.488484	24.684512	33.726379	27.386577	38.759159	18.934395	32.698733	24.759396	40.653530	18.849301	36.257090	19.834100	10.954642	0.000000	17.654067	33.946190	33.765216	28.740771	26.839781	28.100625	27.431737	38.765199	39.953488	27.403482	30.621842	18.881005	30.353786	25.537045	30.369708	35.604982	21.635531	13.585006	27.950221	39.763955	12.647493	15.714528	32.186780	18.666775	23.204342	15.596410	15.058275	21.946344	33.151244	9.435607	26.659644	25.668045	8.824392	30.579391	21.939600	8.521059	41.476906	39.917882	32.860514	38.823535	24.655843	13.118489	20.245938	12.182394	41.354967	23.168355	8.678133	29.003636	9.306883
19.268502	38.397296	36.391580	23.889449	41.669216	16.108473	38.611411	27.991549	32.242162	17.762344	32.454823	42.443685	38.433351	12.302700	22.384920	9.599200	18.112471	20.856440	11.462778	30.633597	17.298145	27.951888	19.756926	36.997439	27.819122	32.363513	17.983630	18.587752	23.156250	11.878047	9.075852	29.419516	11.323501	35.663233	24.532324	32.804029	39.770129	10.068023	27.985357	11.472926	32.054818	41.221675	35.767616	37.553798	22.587073	35.515475	22.361404	32.254018	21.023293	29.499845	36.002967	10.031898	31.158932	26.259780	40.382839	19.257649	31.316932	35.205795	30.233343	21.619796	21.151860	23.610398	13.831199	9.630463	26.090937	12.871781	39.036707	30.810662	14.584492	19.543094	19.990739	31.354574	32.436127	14.091595	10.608023	33.168662	33.017336	37.297548	17.168547	37.053123	42.233476	16.912495	30.411878	40.899098	38.535833	26.284822	14.321374	29.707163	11.862244	29.053106	33.228513	20.108248	41.488691	34.411922	23.692819	32.818467	41.875526	36.916931	30.081452	20.652556	27.576246	14.979208	36.903283	0.000000	8.508709	32.524094	24.988875	9.291813	15.674043	34.400163	35.524979	21.116400	21.030960	26.480252	33.385537	25.417782	28.244349	16.928980	27.300908	28.837359	23.686486	9.438944	27.267168	22.594060	34.280594	33.710349	13.728355	19.167494	26.754370	39.305206	40.314161	23.743031	26.006257	18.546244	38.670253	35.001113	34.321693	41.475000	29.460404	41.347704	12.166498	19.077316	24.968678	16.252836	15.983061	19.497036	40.250375	9.429588	8.935408	32.624658	36.629725	32.161972
11.624134	37.429985	24.153819	28.033658	12.969714	10.028689	19.879001	29.535968	26.517348	40.531003	17.628871	13.913017	36.648842	32.505473	20.956121	14.120728	13.721901	29.629389	37.799520	38.870735	20.407622	14.859134	22.018716	18.882805	20.030130	37.668230	26.163179	32.502731	15.225857	14.458331	35.362128	26.318494	14.635051	11.888167	28.328845	21.686010	23.840799	27.382971	20.693638	38.667680	24.978763	11.918220	30.978247	11.918660	16.777824	31.478678	23.544125	12.681200	19.129325	14.031434	21.505179	40.995005	23.250350	30.190287	30.529493	32.327883	38.103816	34.339812	39.292964	32.845538	35.302159	36.697765	38.696701	19.026816	24.070706	33.337290	18.703244	42.421668	15.909143	19.552637	42.118398	28.676157	35.922793	11.956122	13.516053	35.244847	18.310051	11.915981	14.561725	21.598154	31.630487	39.569914	35.122662	19.780502	23.677294	12.057595	36.689636	12.723375	33.668893	8.938501	39.853399	15.176473	12.287247	34.448448	23.468665	14.768590	32.158427	13.782427	20.815561	12.974504	34.622393	15.664005	28.996887	39.653331	0.000000	10.945254	25.906856	10.460621	12.997336	41.630763	27.619490	15.687437	34.080125	25.162652	41.740916	22.877139	38.545057	37.093498	39.625093	9.740970	30.308410	30.631573	32.013627	37.566372	10.424442	39.736992	23.977106	41.295706	32.731083	37.878293	39.188148	9.306260	38.285264	42.142095	30.176029	28.514865	36.245864	21.768299	38.631973	41.521998	9.859050	18.188222	10.356158	20.519237	15.970265	32.344001	15.684889	41.748436	15.632995	18.528192	41.549512	37.022519
35.531669	39.621167	16.591200	9.780052	37.657768	26.147019	11.248190	37.850248	38.782202	25.430805	29.833394	11.316658	18.844156	8.859651	26.157749	40.167469	33.292049	14.212406	34.908779	38.818005	23.087675	35.332413	9.701116	38.992301	22.756180	19.420525	33.163673	25.632967	40.318842	32.705670	21.988075	37.118500	39.736098	27.973445	26.799525	40.697844	25.965344	33.363043	11.307330	25.033678	8.691438	33.613009	27.639840	22.066957	39.543743	38.572086	24.203855	33.845574	30.021154	9.441242	36.857841	36.378573	14.043251	30.894098	40.189375	17.234637	27.756308	15.443562	30.262073	27.538417	22.839666	40.087947	13.158972	37.061229	27.060585	41.696472	25.635143	32.779299	29.571007	33.846819	18.118389	23.380969	21.526772	33.324086	27.902693	9.077258	21.279306	15.733147	16.042389	9.367429	39.658702	28.518566	22.085565	8.556942	29.899581	18.718046	27.857697	27.111435	22.608630	33.228921	15.484080	10.961552	33.394618	14.142121	36.750437	30.875472	15.488356	21.148954	27.763072	21.198884	30.851044	18.378678	34.333191	10.711246	40.096525	0.000000	39.183693	22.117798	24.357801	30.299459	10.446323	42.256684	16.387185	30.411589	41.369312	20.749174	17.736626	23.295896	33.486905	13.859902	14.631329	38.058199	12.968162	34.313122	35.509896	12.956373	14.709655	10.190621	14.666289	29.135824	29.830015	8.973972	38.755808	26.269755	20.239747	29.528569	20.887597	19.537747	17.769195	16.962318	28.509077	34.872487	10.630709	12.010266	42.137287	39.166615	8.654809	22.658077	28.358600	26.389829	40.786963	35.542279
28.614385	35.771488	24.808617	21.213004	15.150124	41.189615	13.180954	39.656224	20.226024	17.022265	31.260002	20.514007	13.225898	29.865875	42.277732	9.280719	10.184373	24.988425	29.499279	24.062640	20.863097	34.189033	9.729877	9.217792	24.252841	15.930790	29.465907	23.025354	22.235926	8.527340	24.113401	9.806080	18.972319	9.538376	13.906294	19.497986	13.909386	42.080355	18.239572	26.470214	41.807782	35.733118	10.753107	14.698279	25.687897	17.909548	15.010391	15.682182	33.712180	31.840846	15.684539	9.424850	26.354224	39.054719	41.914373	29.649837	10.250171	12.364410	30.513577	17.703944	13.978040	18.514133	22.144363	22.814544	31.243079	23.709190	30.145715	14.390374	40.716260	15.642819	32.712400	38.349954	15.926666	25.339634	35.463634	32.631495	41.462405	22.779763	40.875217	11.913872	16.795164	13.297814	13.860487	38.793827	32.957298	41.435478	39.581456	37.540515	10.156334	29.006770	39.298916	36.430224	40.492697	23.718770	11.450614	14.175858	14.087483	31.215509	33.304513	22.761438	19.399879	12.419425	23.300745	36.613414	28.912574	9.735789	0.000000	19.796544	25.651531	23.965135	19.825365	22.883533	41.812116	29.866218	33.291477	37.933778	19.551581	20.246532	37.723202	12.041043	12.905691	28.751941	19.308885	13.649663	41.253529	20.256611	20.370042	20.657753	24.808369	11.417030	24.347192	40.913919	9.534831	23.712682	15.349167	20.292766	19.605840	13.300365	34.462185	41.174505	35.606137	29.982576	21.164607	17.169600	33.946850	21.276277	29.505820	32.190987	27.453168	17.137986	37.247504	37.522637
22.318925	29.143036	34.523135	23.718760	10.793518	36.621400	32.341122	22.014181	11.826955	26.648467	34.437420	9.659573	24.833208	34.250499	21.339136	18.555050	9.940004	38.778295	13.548999	38.639189	35.108681	30.127138	38.125741	30.263455	23.646665	25.842690	31.536060	18.724811	33.580840	15.879705	32.543712	35.851032	21.209691	19.102218	21.612171	25.238707	8.510715	18.158062	24.598090	29.564823	23.641744	41.532221	17.118728	15.018157	33.416035	15.406413	36.932048	34.630259	19.520098	8.745446	22.258368	15.108486	9.619016	16.461744	36.061597	23.295189	35.902470	11.283597	20.846271	25.373019	42.071674	42.209917	39.788112	19.781305	12.506053	24.082846	9.990928	37.742476	22.002530	36.821450	32.760624	16.816667	26.619788	42.221357	13.109046	20.447169	33.022350	28.628486	24.761146	13.363915	11.710807	23.831376	35.710651	24.375097	42.127413	22.992174	38.806736	19.612444	40.106683	24.924248	14.394451	31.019484	38.916542	21.565127	30.792038	29.847392	42.476646	42.365356	18.331030	31.179324	17.490817	39.992035	14.175602	14.498318	21.852317	18.675230	16.880489	0.000000	40.563667	28.113087	29.083890	41.532886	15.221735	29.024798	20.934257	21.867105	15.056617	22.703991	20.321423	19.121934	30.767587	18.372713	42.405226	10.272403	35.817704	31.231579	26.392054	28.718124	23.813710	20.626734	20.130247	38.911230	14.774451	31.152268	25.676987	30.205324	38.652445	38.427540	36.835874	34.129152	19.435820	13.521721	14.321477	26.554647	35.005118	28.160342	17.690576	36.790327	34.929268	13.926097	17.510083	20.559382
13.285559	11.244043	18.985734	15.439549	37.617120	14.277519	40.473116	19.166670	23.235379	8.557746	41.445253	40.835008	12.838072	31.847667	38.714041	23.084965	20.409255	13.223410	14.409452	25.314734	35.407685	11.263225	30.744073	15.034191	17.054591	19.161113	41.039157	14.190681	31.473382	20.107456	23.382343	13.838586	41.979195	9.634841	25.032436	30.930371	40.478625	12.273096	9.930533	40.077158	37.950865	38.403263	39.242025	19.016273	30.821422	8.900705	30.171201	30.335690	17.029751	16.791491	17.654446	26.136375	19.747150	10.688821	22.650206	14.687170	19.856497	19.087754	20.809209	31.276120	26.758587	30.414917	36.760740	36.133840	22.756270	14.441709	16.989292	30.506739	10.354722	16.209869	10.475170	32.933779	15.035208	24.367036	17.110555	9.362760	33.209605	18.278085	42.450246	35.788612	25.883343	20.629227	19.530239	25.370619	13.607456	15.331158	19.926876	33.534629	42.000270	19.175602	41.389583	9.023404	18.612151	30.213566	30.126075	24.978094	13.608234	19.325085	16.564553	11.991517	18.680337	13.972673	26.028080	32.330287	27.128825	26.899063	37.345642	21.679751	0.000000	33.799003	20.474935	14.978258	19.904635	32.784013	42.476715	26.823981	42.125254	20.010397	23.523781	21.392947	33.511931	41.186462	19.093342	33.498031	21.833907	20.664893	26.752985	35.726904	19.906977	40.917759	18.353291	12.099667	11.643803	17.233255	22.299017	10.269759	15.570337	36.205718	36.842251	30.481900	22.078088	29.044177	22.931810	15.770596	12.417966	41.228812	31.735346	29.277316	24.498681	34.463951	34.448370	9.320366
23.515061	11.558440	33.121985	40.638161	17.022264	17.152019	39.726172	14.188021	10.124025	9.924268	37.465726	28.166250	14.452139	9.779632	12.725684	33.658405	16.908593	21.231547	19.351844	20.303817	17.485144	35.904815	27.384698	24.338833	23.035098	17.506213	14.684905	38.397061	19.492706	38.169469	34.373495	19.881273	15.700509	28.987684	24.548250	18.586115	13.225247	13.394275	17.822557	12.187296	37.316409	15.022928	11.298777	37.208155	31.649845	29.211494	40.376117	10.708823	11.890221	20.392794	35.496556	32.166670	15.933247	36.059730	40.946300	35.586451	11.194381	28.473625	15.903017	19.994341	40.808251	37.131670	13.578922	39.197363	17.446950	18.048892	34.778977	18.220441	24.448425	22.008287	9.290284	33.023654	29.442066	17.611689	30.716546	12.050360	31.901229	32.584342	15.227615	22.320590	10.192413	19.024805	11.335316	16.216202	8.643289	21.761404	9.221587	21.950453	19.719539	16.920681	12.199387	9.475825	8.771608	25.916517	23.809602	27.684952	29.137895	20.668489	35.267070	25.886451	9.443064	35.997860	10.273738	35.211426	9.394455	25.258901	35.401294	24.503868	11.747885	0.000000	22.993967	20.215351	9.486017	22.142374	20.778113	31.014886	41.146381	11.731832	23.917332	41.255961	24.360843	27.107105	37.115818	31.243274	26.088707	27.389353	19.470416	15.749769	12.809003	8.999407	17.605132	19.203533	27.512841	40.685134	13.377279	20.124848	33.211714	11.972437	41.462192	8.593603	13.169303	14.328049	37.689242	23.921415	13.996619	19.494238	38.176180	31.422900	40.599620	23.583405	18.572778	39.269408
21.327574	36.747409	32.791893	19.587491	42.465180	19.441822	22.509600	37.909853	19.227734	11.973381	27.306098	21.550895	18.965097	20.994715	32.460664	16.477986	20.964842	28.949467	19.322293	34.137796	42.197712	31.298284	17.914280	42.141482	21.978570	40.017153	38.197403	39.171357	35.102202	17.798882	17.333125	12.669070	15.929900	34.699440	26.867138	26.266897	29.328735	35.936754	20.825691	39.456489	19.721772	34.966129	21.234567	11.055466	17.154403	26.772457	34.698174	22.503683	22.953096	13.102545	15.541505	41.416994	39.044835	19.761919	29.160269	10.008062	28.963628	17.375228	34.754078	26.104685	31.594604	34.133208	40.167870	10.757062	28.743922	41.183471	38.189051	28.906739	42.048959	23.429370	26.370673	9.474101	33.543135	33.452112	15.380826	24.542195	22.187546	37.304366	10.256085	39.157203	39.235486	11.223675	36.613794	15.917331	39.214917	22.284146	21.566495	38.980316	26.179711	33.645394	18.273903	31.023932	11.874957	25.982798	39.026960	27.811572	32.273490	11.310974	22.813892	27.491401	36.969895	41.253612	23.545640	22.522340	13.301091	39.494098	12.098894	18.039646	29.505980	21.856612	0.000000	32.956538	31.507173	35.176409	28.136761	32.409084	11.370144	32.775415	15.534461	34.338559	23.863792	38.250159	41.803903	27.079195	27.838697	20.117309	21.707723	28.829427	22.770881	37.416675	36.766521	39.145038	27.547499	39.613461	21.705903	25.645496	19.743290	29.633153	22.704680	33.839849	27.393620	19.179304	28.928741	35.919439	10.674985	41.382078	21.136739	11.809853	40.650442	18.770528	32.590252	22.733187
40.396178	14.163620	40.822819	28.826165	39.502227	28.496025	21.554155	24.868337	14.348517	15.014349	22.709722	32.598218	10.909541	40.067543	36.065237	12.269503	27.326188	26.179779	9.508368	14.870994	36.830701	39.207876	38.282097	19.477445	27.752077	26.201952	31.861267	23.128950	37.292189	34.762844	37.639032	33.714030	15.944603	31.654841	19.382389	28.310028	18.982929	21.858971	27.071891	18.853077	32.006963	28.124495	12.383450	40.818730	38.854357	9.304381	17.000084	22.111038	38.159366	10.388055	27.147693	23.662694	25.285889	13.145555	18.570685	21.998672	28.616002	15.485408	40.920892	14.771472	42.290586	21.791976	28.348248	30.010846	28.367602	21.107524	11.751270	24.913159	23.265392	11.315855	37.066617	19.210583	23.382397	18.704964	17.127806	23.071636	40.009455	18.776895	19.574014	17.139054	34.175680	35.511869	13.264969	32.522999	10.437238	15.371329	8.750616	36.978193	30.687893	15.178145	9.708303	32.246060	35.315520	32.327724	36.878921	29.331843	24.174748	34.059729	9.672651	14.043939	12.793197	38.893659	34.758768	28.570333	33.226357	13.764416	14.714469	38.729364	37.536905	20.727169	20.469325	0.000000	31.324215	24.189167	26.822617	10.493086	41.021435	42.174575	21.462265	25.731048	23.929744	37.095024	29.612118	17.423391	19.536804	16.870343	23.223248	8.990121	12.181935	39.751133	8.810681	13.245671	22.243246	24.973382	15.198026	11.281199	23.105299	19.255576	39.426456	14.769928	10.094532	18.629552	25.077780	31.453281	39.426252	42.358356	20.159855	11.969506	27.437921	38.639556	31.705960	26.651330
35.043870	30.051744	18.800232	13.250834	18.157736	19.001437	9.453282	16.633210	26.399772	23.101520	20.215247	20.290205	31.040203	19.987141	10.797233	15.942630	35.608500	17.516928	39.018663	16.875782	35.722978	30.220875	40.598819	31.260721	35.453799	15.563424	41.115364	13.476814	11.351158	17.474124	8.762918	16.004098	23.737680	13.921797	13.877464	35.831071	41.419012	28.309142	35.160155	19.721156	8.914962	29.390129	14.172480	17.800718	21.833922	25.275509	42.017218	36.177277	20.433941	22.067449	38.138618	17.218103	34.140283	38.466958	17.959948	37.731404	36.586951	23.639283	26.750126	39.786012	9.008769	31.651285	20.446516	40.007854	29.046426	41.610662	36.375211	17.167167	19.912303	39.546889	15.134239	32.273092	38.273752	33.841002	28.422016	9.544682	15.793174	16.078471	33.924516	15.308429	41.739021	41.304314	26.960514	40.780221	40.252486	40.868228	26.720094	14.152427	36.464682	17.338873	37.609926	17.725348	31.370905	33.717947	27.771235	18.093349	38.653275	38.329269	42.087152	36.998287	25.356251	9.325512	31.321510	32.939012	16.140544	41.058441	30.266691	26.706219	17.385783	18.780657	27.782949	36.946492	0.000000	22.701523	39.331904	26.586930	41.327664	25.292780	23.756577	23.546638	26.426633	22.254037	16.069320	9.943074	30.601337	36.228771	24.255734	16.464850	29.909949	31.114574	21.280159	18.326715	41.824202	12.112966	35.379588	13.837161	20.721135	9.909287	15.729764	35.967819	28.776442	10.475266	39.745508	22.632631	17.882459	39.524336	20.753756	10.036784	9.141516	33.160897	16.784730	10.811040
40.437011	16.476274	11.920010	16.854373	28.635700	16.504645	21.352407	22.718659	27.594435	14.219661	13.568832	15.978557	27.231391	31.925726	13.033903	27.123804	11.320043	16.809861	9.491029	9.484784	33.092329	25.390462	16.912742	22.777823	33.959540	27.549619	14.342014	35.376421	40.866193	12.258297	38.965348	31.782144	34.058589	23.278846	37.364916	38.054323	25.702333	12.617706	13.925669	14.063355	32.241692	20.056146	40.804026	36.831460	34.243152	17.220211	37.032867	33.063975	10.322514	24.031867	23.734544	39.195846	30.067063	20.371211	14.710218	30.691587	40.157832	31.413299	42.267593	31.603202	23.115356	40.553586	30.394676	30.270192	14.608792	17.852798	25.711146	11.296504	24.362450	30.762474	31.679544	16.204716	18.097677	11.878645	15.602336	25.348389	23.545807	28.186975	15.703256	13.352248	39.908901	35.932592	12.319263	33.271290	11.053823	9.980006	18.109107	16.066000	22.573970	40.661296	29.226042	41.379863	36.403532	15.021599	17.044455	37.211025	22.065148	24.075551	30.321935	19.307413	39.188972	14.232136	20.369780	10.193947	24.323517	38.128329	19.008386	34.327070	33.301921	29.886876	22.586201	39.184521	24.894755	0.000000	35.625846	37.023913	16.218262	21.135081	41.964183	38.638749	16.623193	18.323913	37.810177	36.455398	36.923213	23.889654	27.468727	15.333322	34.099714	32.323787	16.408499	19.079878	17.705678	16.653138	28.391866	30.596548	13.344829	37.042725	35.653963	32.087112	35.045931	42.016144	13.912038	16.386977	20.009147	25.239528	13.502531	25.868379	22.894111	42.176246	18.684362	23.406836
32.170514	12.592358	39.679886	30.586304	29.172126	21.941906	12.326499	9.469427	35.572750	34.117008	12.126892	37.521608	13.755694	27.843208	26.919141	34.177404	24.360584	30.727699	16.556711	30.245714	42.155988	9.789144	17.175030	38.229113	16.611403	21.016087	31.431317	36.916155	40.483318	19.548955	9.927953	38.413902	27.791443	27.696199	41.812503	20.327622	20.968962	32.019904	18.473625	21.793060	14.476343	17.751392	13.231849	39.016250	42.298453	42.234886	41.788904	31.110717	32.346142	19.335865	28.668455	19.209658	29.294016	26.014417	11.254885	22.890047	39.210009	10.557242	31.130012	16.523945	13.322491	41.513372	36.675407	22.165482	25.113643	26.160358	17.032609	35.773285	10.387028	26.055150	40.796991	8.703250	18.090241	20.794961	33.754334	40.499143	37.035280	32.553988	13.115251	39.502272	24.679407	20.743778	18.001477	16.184990	32.156873	16.937698	14.857064	18.510302	28.894206	42.047364	25.938057	27.375248	13.526944	19.209463	36.995355	34.391606	15.981643	10.922917	33.046682	10.179768	22.203374	26.869776	10.161870	41.740428	25.982873	14.867912	39.884299	11.609955	33.539887	23.078309	13.977890	34.638348	28.186345	32.985721	0.000000	23.561897	27.700410	30.906496	18.672521	22.963893	24.545405	27.382462	15.358079	13.924492	9.787799	17.664505	19.593961	32.760574	33.949480	41.903871	38.370834	31.384764	18.942578	42.044259	31.185735	35.506570	26.107201	41.000572	8.616631	27.703952	39.149656	36.010459	18.891586	8.927174	24.032098	32.212444	30.762530	14.322090	36.097206	41.272726	30.418004	39.649361
20.311087	13.495222	20.263738	26.561957	27.208753	38.810189	15.856236	27.999324	15.071968	13.892777	42.435633	24.242219	16.096447	15.317957	42.203904	29.247686	27.872123	30.483163	16.244185	11.168571	10.504586	40.191015	41.008167	34.094437	27.787207	24.937474	13.331713	21.258982	12.122682	13.045980	10.851659	17.892842	17.062328	18.676278	36.364813	12.568361	26.544073	14.096790	35.912624	34.649768	35.751633	22.506128	21.576702	8.889815	36.512685	8.937748	21.168124	17.337341	12.044491	9.481809	34.874445	21.540120	12.656245	20.248086	37.057193	35.957176	25.496701	39.433226	33.852805	14.562327	28.434533	42.162204	22.525884	40.089467	31.340084	19.909088	38.177196	28.921681	37.642573	14.930924	39.625465	40.167029	11.273393	9.721944	33.075610	39.733532	34.297835	40.544995	13.975929	15.111033	31.527423	20.018827	13.558780	31.255890	13.851609	41.279076	16.275943	29.492936	31.390054	11.100364	26.743046	13.256932	19.286916	19.114959	37.320935	31.861716	14.126087	10.746910	18.431447	9.974209	37.519391	34.100180	34.149383	21.565279	32.065236	11.950469	26.031034	29.974850	30.473129	36.011617	12.686054	17.140276	10.751973	8.794537	16.984587	0.000000	32.161165	25.363204	14.095315	18.569316	27.602967	14.087042	41.151482	23.943935	8.550005	11.959368	26.737073	32.613630	13.586341	13.104761	28.069646	14.381314	16.845579	42.039937	9.895571	8.647581	36.570864	20.746717	35.818097	32.948640	16.418097	20.970027	30.859957	31.203918	25.534648	16.043934	39.843698	34.154340	29.753669	8.780414	27.264754	40.976406
38.818592	11.112754	19.833463	19.146317	33.653607	42.395815	36.346008	32.889601	11.326163	31.788867	8.854391	34.623340	34.218629	37.487070	41.477922	11.311388	28.140396	35.760318	34.047263	15.774021	16.788677	21.635490	15.739475	35.510680	29.902175	27.752094	38.520368	34.061487	41.674798	10.990638	23.264488	26.715127	39.281636	26.578411	13.871672	32.438568	25.294399	23.006231	21.934854	24.643256	14.356919	12.539391	37.704167	19.236184	15.920163	34.514268	23.022024	26.837522	31.615298	30.332425	39.502677	17.653758	22.297166	18.893522	37.582196	15.404923	38.296043	37.285306	17.408044	33.396779	15.840054	13.294453	11.086470	14.435975	27.319695	23.835830	20.058458	28.247463	37.247913	26.621177	20.219567	37.185923	25.206349	24.978049	31.178217	26.201299	11.474850	20.485489	24.841016	33.484462	24.949579	26.775293	37.298263	15.244795	16.533285	21.580078	31.861911	24.941688	23.359952	39.221372	18.059985	25.625135	18.294257	38.578564	23.941138	41.369932	22.294507	8.884488	25.650482	22.812026	39.178529	30.209019	31.131900	20.225933	27.693460	15.865646	20.614933	38.386250	12.678427	21.346519	15.323664	29.789343	40.955075	21.976652	29.291936	31.180139	0.000000	29.315129	29.710556	34.895915	16.002905	27.361879	40.916889	39.440900	27.231418	28.377582	9.336440	31.172082	40.710896	12.320308	42.097567	33.026730	39.083246	27.623824	22.061373	30.096759	11.861164	36.025171	15.404523	13.557559	24.700779	22.553578	35.370246	30.992960	39.564919	17.117299	26.733076	24.482638	41.441831	33.475674	40.339702	12.912880
19.736604	42.398153	23.026960	31.995900	17.597847	8.717510	32.611043	12.938234	34.349976	39.461712	34.156514	20.783604	14.032389	10.124888	18.382571	19.758132	32.681248	36.560207	26.406229	16.081236	18.322389	32.816329	38.390156	9.451494	15.856947	27.434991	22.685992	33.132623	40.353248	13.189822	33.813220	36.910204	33.993024	39.910491	41.913026	33.612377	28.589379	19.274690	36.724824	20.369201	21.915916	11.269919	42.241256	41.770889	20.641919	36.750076	32.256813	38.008494	40.510444	17.929830	22.000057	11.555715	41.263907	34.471758	17.365523	34.517498	39.780229	34.824026	34.487354	20.568066	21.798875	29.973667	16.613966	13.478855	23.551123	20.349561	14.749279	18.761459	12.849890	12.464431	41.506812	19.045728	33.850955	38.944661	39.145969	36.357035	41.727791	14.500883	12.265427	10.033939	24.417340	8.732641	30.166359	16.022904	22.828555	34.708628	36.666750	11.237804	30.440125	37.839262	28.059475	39.389707	19.061111	21.800900	27.757596	19.750219	26.222609	40.033174	38.592172	16.761491	16.068927	27.547681	27.309990	14.053746	23.728068	30.089046	21.979376	8.800068	27.659443	19.439812	24.700573	11.390917	17.182701	16.783346	40.119838	12.608023	27.982528	0.000000	12.870639	32.801195	13.204345	9.910499	25.510856	31.773301	31.249622	10.333542	21.984138	14.739125	40.528020	39.685116	37.593387	14.671904	14.888378	17.326440	21.467141	23.443050	30.746077	40.224468	16.850582	32.744449	37.863692	10.604636	37.478485	12.890005	31.473099	37.574201	19.877726	29.023590	26.550457	35.643538	33.789043	12.035228
40.894311	28.038153	19.520858	27.701476	42.302424	27.702289	19.144911	26.358310	33.654799	27.348674	22.912401	41.437560	24.054690	36.163834	41.376092	17.836745	19.422063	17.825164	30.401579	34.084063	27.066943	12.132785	41.933444	14.051937	28.644062	20.668115	42.063433	33.731969	9.194626	41.328758	30.511922	16.118538	35.130196	18.298359	11.733881	30.851685	20.550660	17.712622	15.019553	14.696542	26.354941	25.998749	36.364882	10.472033	39.333940	39.968346	18.605185	35.661782	36.080549	9.273724	9.815877	25.471668	11.288285	17.226281	22.389175	22.112446	15.595211	31.872918	34.275369	17.890294	27.704673	41.804992	23.872258	42.162519	35.750289	36.120089	10.738514	36.086334	25.372806	36.922008	23.790930	9.511725	34.199009	35.017914	24.161751	25.409031	34.098645	41.115266	40.674377	37.367507	27.297982	38.087632	31.731506	33.449191	37.644950	41.238707	29.755893	41.257048	15.866676	28.462160	9.766642	36.836376	19.674065	39.357391	18.298269	34.977917	21.471393	22.072506	35.468790	39.763528	26.365771	25.372196	32.738368	24.561620	13.415074	36.589207	11.262099	21.358771	23.250610	12.884133	22.150136	40.894672	21.823657	8.597174	19.597414	11.871744	16.630142	40.065811	0.000000	22.243225	37.165609	10.619880	36.582682	18.464153	21.690678	34.848038	10.950712	29.837413	22.271332	19.973293	28.991101	15.446826	19.863130	9.496177	12.387025	33.554439	20.049913	10.557347	22.984902	31.150733	17.914735	24.147510	25.650050	16.986968	21.299568	36.842734	25.861758	31.158823	9.237663	35.143986	18.747968	35.745440
38.868389	15.865586	17.397762	21.425948	20.620790	38.888454	24.786473	41.081547	28.144832	39.418765	33.418912	32.474852	15.527991	29.474843	16.186842	30.040827	16.251505	19.077158	15.350834	16.158919	10.059156	23.984871	9.795668	13.519670	35.781976	22.462990	24.311657	40.042420	39.747241	39.327702	32.784525	40.178678	34.584905	35.615796	15.385298	25.614183	8.800816	21.601979	12.105690	29.554800	12.932499	13.034279	22.663461	37.030872	33.549783	31.606491	41.975926	13.600835	28.691906	39.598303	16.090556	38.053266	18.891605	38.551172	20.363001	36.047553	41.733354	37.541826	24.637210	18.666181	37.606810	39.767580	23.795867	9.593393	10.472616	34.116344	18.799981	34.568485	41.672249	38.416169	16.400868	23.183651	29.048728	32.232209	31.224087	35.731889	26.296606	24.027727	11.441599	36.127676	39.216940	20.130738	39.188568	12.471852	29.399994	9.017007	22.148705	35.563256	23.111319	10.229762	11.009892	26.089423	29.310396	8.758524	26.963659	9.490892	22.405178	31.469186	24.396783	33.008019	15.925354	20.572869	20.438995	9.925970	33.926910	16.313152	12.214918	20.129207	28.117639	29.563312	13.286423	37.041891	28.112795	16.878824	41.736109	25.987132	34.889266	40.820878	22.310576	0.000000	10.278854	33.538426	39.201221	25.176010	30.715034	38.819351	22.596450	26.954731	11.589611	13.000004	14.875615	40.517543	25.603059	31.566065	31.333203	13.843632	28.355245	26.537781	37.210613	13.253342	19.438321	35.452512	42.481837	15.558624	29.779459	12.216932	22.091221	22.732697	27.728574	13.391773	34.515654	36.477219
12.056942	15.341739	36.802154	13.878364	39.524816	40.537456	8.675438	38.731153	35.730288	32.657365	14.733737	41.875817	32.394602	39.180769	31.733896	37.547641	40.046197	39.787794	20.766068	21.893796	18.963142	8.827346	31.111990	25.421409	35.340132	8.822227	24.773416	38.607767	11.096227	18.598463	40.492857	24.456558	38.712750	27.190819	15.009220	36.293644	19.750570	19.107822	17.618441	29.840835	11.197266	32.810619	27.974838	20.617033	25.091144	20.807393	17.660486	25.409737	36.366895	23.988783	32.438347	18.506616	19.173612	8.881405	31.430431	10.694154	25.109186	25.116565	41.003892	29.230650	11.753033	24.352077	25.728393	28.620481	24.306369	38.454462	33.630070	33.639511	19.309520	12.985540	16.462011	35.410896	31.725271	18.575842	11.029795	24.669548	29.989927	8.723937	22.852482	15.728856	17.046129	39.268300	39.804958	41.963609	26.876464	11.567493	11.215100	28.141765	18.540721	17.803872	34.412106	15.631797	13.362202	40.154832	39.836708	39.006929	19.661950	29.624134	23.283656	35.860503	10.489969	22.725264	8.559938	38.594131	29.913221	23.081872	38.188047	19.477440	37.987454	38.590446	20.063627	34.569689	32.300420	28.430652	41.916682	31.928108	20.055283	12.258777	41.339132	24.556800	0.000000	36.914464	10.088644	40.998846	29.050809	27.104571	41.557471	11.004457	18.439116	32.660353	41.114902	38.671145	21.913282	34.855243	35.141789	27.091178	35.781205	22.656506	25.067641	21.210951	12.482281	38.664509	25.517736	34.242410	29.024694	24.558989	37.363956	14.043280	17.980384	37.690577	42.403533	19.507802
14.242626	15.135380	34.185497	24.022827	36.698162	20.327077	33.429978	31.527532	33.304501	9.516426	34.325952	27.289413	17.403866	11.939401	13.706550	42.417056	22.617332	36.081437	24.642695	35.629927	33.693771	29.207177	42.136648	26.377456	13.836226	30.069571	41.481470	35.955011	29.395832	22.875727	38.187514	21.845276	38.433168	41.518918	16.864129	28.649323	23.847497	40.808627	11.073729	28.854039	29.357413	19.697496	19.300406	35.961202	10.214251	21.552093	30.299501	18.650933	29.007767	8.952061	21.798583	34.694272	23.551486	17.895899	27.289695	20.157020	28.626899	25.852029	20.923466	31.326643	31.469857	33.061103	40.570184	32.227030	41.738322	27.461902	11.808388	13.465802	39.810024	39.529239	39.302557	40.309215	32.964982	21.541967	11.838665	35.128964	42.085564	21.306538	40.630307	31.384626	27.240168	21.874392	26.339290	37.569219	19.037279	18.131319	15.428008	19.339964	38.634482	40.139903	31.616033	32.616529	17.105154	33.734325	27.653577	25.931327	8.808604	29.420929	25.262114	34.324737	19.281073	30.309985	38.258982	28.333873	34.529924	19.354944	19.107660	21.176351	29.768173	31.223049	40.689522	37.121460	21.115537	24.838727	24.713310	41.899943	19.160897	16.125034	30.950398	16.253628	26.439001	0.000000	34.570413	33.567197	33.410571	31.247838	12.540277	32.765754	22.463998	8.947447	9.504509	26.224836	18.086214	25.709655	41.297728	38.843968	18.123376	27.352924	29.475770	33.765641	18.064016	33.954359	39.085969	18.635262	33.228642	12.862330	28.737204	20.776915	31.556536	36.424696	23.279533	39.699352
21.522148	12.974427	21.364357	17.413525	38.528005	34.182261	8.957078	25.747431	38.075668	9.989618	25.330555	9.851228	19.053803	23.599176	36.399346	22.868747	40.504739	29.238741	31.545123	36.709824	36.584106	15.243441	28.836451	15.366487	30.165852	36.758930	11.088736	14.563592	26.078750	10.508835	25.963833	19.147651	41.178592	21.862434	16.356093	35.254208	16.762855	17.074982	24.900304	35.549889	8.794275	36.301216	37.571092	40.908830	15.242188	35.437987	20.055949	32.496206	32.847940	12.267361	33.154351	19.036944	29.554362	21.841821	19.092468	22.190088	20.569057	14.369981	21.136402	15.312858	31.510802	37.460302	36.606094	15.321508	20.180645	39.842568	23.814564	39.962425	35.320452	40.730202	36.270574	14.892846	29.948750	24.226478	24.946527	39.217689	8.745746	10.792582	25.849105	40.048471	28.426202	23.029589	35.751326	19.167100	25.222697	14.323347	20.274538	20.112913	17.308624	34.277744	8.714791	11.431259	29.490592	23.710450	11.538713	36.725398	19.957383	28.784985	31.310469	41.663193	27.616010	36.077861	26.895194	18.958770	24.724853	25.591775	22.353097	31.526348	25.589402	24.148426	21.333847	25.886638	11.451270	28.978960	10.600311	10.517976	16.367274	14.426566	13.483194	23.741693	27.799368	28.739597	0.000000	31.640385	16.708670	21.442924	30.776210	14.253137	26.944326	15.016019	30.779026	21.421691	18.905775	15.206025	19.366853	9.924182	17.952963	28.976624	18.923697	13.066207	20.718313	11.272592	41.239914	10.125889	29.322428	19.750953	23.249129	8.684858	30.728493	21.432289	18.880677	10.418226
37.887795	31.645870	25.097636	40.328350	21.212113	42.374363	35.972061	16.380286	20.599738	41.565753	38.866853	8.681322	23.412934	22.840388	36.078748	28.462345	15.133617	26.884105	35.597181	20.426879	36.930774	17.825297	27.933868	23.685493	33.130189	14.075490	26.215396	15.144503	21.088604	18.060076	14.248444	22.560625	39.963829	15.676928	41.511405	11.152413	36.583221	31.413656	23.529108	38.987526	37.368065	20.980068	40.077382	13.740966	35.588654	15.795833	11.759474	23.284748	21.065184	13.946438	42.205983	11.815613	28.158164	14.152774	38.053461	38.888202	18.977802	10.565595	37.569337	16.487643	21.181481	9.256347	24.582115	33.185306	31.743695	41.582596	15.684196	42.191665	24.987384	9.798993	18.753750	19.074394	39.517183	24.817604	14.538046	10.932609	37.588347	40.764583	38.754477	16.963073	33.643873	17.800036	26.613719	25.838198	15.872702	37.097817	33.582270	17.629598	41.069006	9.731475	35.286966	12.888415	22.599126	20.032189	31.812678	37.928818	28.963482	17.172308	21.063332	35.427458	15.679910	25.154378	22.371850	22.326361	14.710169	16.284190	27.486162	18.649857	28.940946	25.769187	27.735036	9.839142	16.286351	10.301703	18.680046	35.201228	25.975830	30.998379	41.532938	30.164455	22.848843	11.448104	18.199138	0.000000	9.252333	18.438465	40.060128	28.096803	26.163447	10.588236	33.649397	10.812586	38.374003	41.576914	36.094505	17.594433	37.342005	34.172884	39.509937	34.063831	25.508040	18.213340	40.741526	32.277083	24.725885	17.819850	17.539790	27.197563	40.838014	22.462320	18.338965	41.057697
16.167356	21.075606	34.166324	36.932227	18.569946	21.005568	22.438520	19.068220	29.367717	30.317546	32.733162	31.858676	26.030029	30.121907	19.915792	35.822954	19.033720	30.189314	31.365163	15.503541	28.301937	19.382196	33.681888	33.113384	42.135083	27.714584	18.439613	20.063085	10.072883	29.679535	18.467431	13.817711	42.337084	14.979398	40.441632	27.898338	12.824552	17.202921	28.363534	34.424344	40.250187	37.578984	34.642521	42.001017	37.586255	28.569547	41.819905	38.033202	41.239897	36.759523	26.347903	24.207064	21.513348	40.476745	35.610617	39.626335	15.758365	38.447267	27.792981	31.624656	37.558274	40.605597	40.407067	29.521048	13.267883	22.941220	37.244324	31.350257	22.630467	35.740684	34.724620	38.020234	20.007150	35.083142	11.611337	12.611585	25.466526	18.290160	33.454660	34.420580	21.275232	9.217197	30.611240	17.486151	26.757641	30.162972	41.507547	30.017081	18.221137	37.014709	10.705325	10.996000	34.442891	39.405460	33.808392	33.803507	26.282711	25.219844	16.454610	36.164803	12.181315	19.028931	36.621875	19.952922	22.151779	22.756107	20.289512	12.146665	16.649457	33.431590	31.621809	20.073131	33.025160	37.361218	31.852601	14.480590	24.354916	9.826686	19.325356	19.412847	39.456940	14.082446	13.100789	23.640985	0.000000	24.856263	24.837786	31.226015	15.019331	31.116370	19.823409	29.866380	21.889411	24.157242	27.165333	24.864497	8.571578	8.994155	26.214069	37.853952	31.241933	14.580173	10.352913	23.236934	16.533152	35.364495	25.964119	20.954258	17.411541	32.238505	27.269528	27.558728
12.087348	14.899042	40.101102	26.010255	16.393519	34.422129	17.059875	16.823411	26.893580	22.309000	14.221866	22.881487	14.298439	34.854604	37.094342	20.240771	19.963748	36.459215	35.402984	27.558974	36.816015	17.286696	18.331549	34.161448	34.897293	37.222453	11.927604	15.926703	20.453435	35.168179	26.233622	17.339295	17.684906	19.507496	20.555408	9.075340	26.754098	21.315300	38.388630	13.005902	13.210344	42.487817	39.769654	42.121847	24.467271	42.473203	12.557568	12.554032	37.798237	35.142158	34.775529	26.215472	42.048231	42.017167	40.177074	22.099339	10.536714	29.779954	28.345841	42.385215	28.373041	13.197359	14.300654	17.967449	15.958070	22.245373	29.852367	29.398905	16.957312	37.169809	22.976101	9.772364	15.200194	31.250244	12.986433	18.199663	30.576835	24.420624	38.232814	13.609066	33.042535	20.551466	17.946769	10.713939	9.355284	11.219772	34.149728	22.614104	27.973441	19.851878	20.565239	42.348622	32.574209	30.367788	42.204589	31.427157	34.323278	26.179066	30.753239	14.817539	13.839563	20.791410	26.530847	13.597867	41.654191	18.811892	30.572400	8.526644	36.794102	38.950672	9.281655	14.651741	23.231270	21.271340	41.905286	16.279381	27.011792	36.251649	35.435008	26.873303	39.406856	36.789848	40.027673	37.874626	33.145290	0.000000	13.664495	14.023176	27.101183	13.698432	39.327934	14.458960	20.423931	10.827403	31.490162	34.420072	23.292514	24.574990	9.069834	36.371916	39.565568	26.367009	35.575530	39.536465	35.396444	11.095680	14.929439	17.482711	11.137232	38.381525	9.087977	12.970720
28.573790	26.342435	38.944761	37.280843	18.054854	34.767751	42.370368	36.156073	29.807048	24.667760	35.463410	42.021763	15.112882	24.158028	16.074285	17.072953	22.076825	27.954290	21.869297	37.897720	9.480317	8.958308	36.934388	25.650219	39.138521	32.469830	14.816711	38.572993	16.465248	34.599382	31.971770	10.121194	38.563064	33.435068	27.216424	11.468956	35.439862	37.821484	23.631763	16.413350	8.886028	40.646403	27.358477	41.080078	35.036029	19.537761	15.027535	38.120049	19.106323	20.686779	28.892708	39.496994	33.162228	10.348752	21.487210	36.046237	28.411210	36.318901	19.699655	22.687950	25.899766	25.489213	26.810325	15.626546	42.435820	14.457412	22.061807	23.177070	34.298231	26.106924	33.674871	29.321573	9.671221	20.617111	31.037522	15.609147	37.583876	42.157122	27.828799	23.895918	14.539257	15.147369	30.822978	30.384831	40.797155	18.199052	30.766731	28.784406	32.920610	32.339869	18.748590	19.307328	31.009843	25.719610	17.045032	23.019272	30.950248	23.760675	27.089306	33.043494	14.933402	30.877790	35.243987	21.978101	15.539539	25.020445	14.048296	22.741557	26.950824	26.961730	38.693259	22.209429	14.437053	17.135328	15.490206	41.149873	36.156205	32.677230	34.367932	41.690361	9.056746	39.516065	37.634635	14.862443	37.516190	24.316429	0.000000	22.848021	33.585120	10.231935	16.212847	37.063260	37.749410	27.049672	36.031574	30.912083	9.463780	23.489937	37.389805	26.816948	40.616826	24.377787	38.973022	9.638713	24.620337	20.989189	19.958100	17.262385	38.423857	18.984719	25.894727	14.614637
31.318773	17.647401	38.824506	32.374317	34.049278	40.900394	33.483552	29.659190	30.053234	23.343059	34.918047	8.783922	40.156735	40.084302	36.282825	19.978877	31.694857	33.216404	8.829143	23.272005	30.690817	21.049044	17.391836	10.207801	33.946590	38.437345	18.729727	22.525667	19.193388	30.635867	22.678933	42.170719	39.635495	10.970693	21.405293	20.936554	25.702618	17.985680	36.818457	25.295071	14.617630	12.327724	27.393403	12.448887	24.196056	17.786137	14.229092	33.832251	29.265811	41.093101	41.737184	20.960712	12.873901	23.753129	42.387487	16.447667	30.836196	29.528065	27.915952	38.856177	31.416520	41.613613	18.507873	10.134639	25.174599	35.125319	21.421683	37.903199	8.506014	12.349375	22.267402	37.564589	15.304811	24.208869	14.143557	13.527689	9.469733	30.327858	17.595614	40.092119	33.142385	24.690786	29.267954	9.912696	12.977221	16.245004	23.553304	24.394903	41.232791	21.550287	31.348590	20.322109	13.854051	23.188486	11.596327	25.543409	14.711278	31.206458	15.543155	36.882825	20.960999	25.753259	27.282993	39.552812	19.456527	9.046262	37.640639	14.828492	17.922749	12.586564	13.209280	15.658641	22.329101	18.031584	17.401708	31.987696	26.310319	10.912269	29.980373	28.207990	41.270343	9.655450	32.422579	40.067782	10.535537	24.135378	19.989497	0.000000	32.049639	16.493850	32.186576	38.448942	41.710884	9.566995	13.350601	23.953576	16.517038	33.841317	36.401866	30.535213	33.097917	13.735418	20.802826	42.037769	14.405396	30.177741	14.916359	26.669817	28.444000	19.083732	32.086666	18.330804
10.989685	12.220479	11.076464	39.355290	10.770637	14.741352	29.751255	31.274576	34.722815	36.560892	25.558103	21.594156	39.474202	29.729019	19.506210	27.636549	30.775724	35.977757	38.149880	8.584692	24.499885	37.649131	37.136275	17.453110	10.072807	26.255694	11.439109	26.787159	15.677473	22.086026	15.702968	15.044705	33.273192	37.041361	36.245119	41.757449	15.309091	41.946955	8.849471	13.141165	28.894322	35.716147	38.981919	22.260684	34.431274	34.733670	14.733901	18.001162	36.464584	21.960404	15.346917	26.733056	36.515499	23.699930	12.194126	21.632371	32.861057	20.017385	29.134366	37.768186	28.842884	22.249292	12.928482	22.999543	9.930975	18.334439	30.923223	39.271973	9.465736	30.537834	11.199947	22.818484	37.598507	10.718979	19.582225	31.166833	23.515230	41.936196	38.730046	13.632001	35.327298	17.489098	31.980849	37.373170	15.101779	12.535457	19.241925	31.991817	23.810146	35.203712	37.812555	21.099332	24.145082	20.269597	25.845936	18.816292	28.037334	22.613549	9.149567	39.744979	35.390099	30.581489	11.242460	25.878712	34.391433	10.106653	42.096035	35.344661	15.923597	38.505721	14.520379	11.102429	20.102080	34.025199	26.583922	9.319148	38.957499	25.626821	9.438194	16.087251	29.953000	33.755287	30.339749	18.581640	17.728110	25.829406	9.017621	39.828924	0.000000	10.836303	20.227106	25.786998	23.400259	19.070427	19.775471	8.876030	26.827867	32.278994	36.438228	21.345051	16.678638	18.612292	33.650911	36.118892	24.418664	15.676243	24.255631	41.872401	36.715735	41.140795	16.213889	12.345922
39.911347	34.700271	17.720108	23.697082	40.181596	24.845871	23.633057	33.956041	17.889254	14.474137	42.130688	31.249420	28.649589	19.739061	36.404203	13.203854	41.461108	27.712049	21.668002	29.509993	34.832387	11.397400	34.225319	17.166478	23.517570	20.745760	11.606724	24.244398	28.506139	38.164387	34.152356	39.235412	25.636780	22.365757	8.834574	10.191355	25.100637	29.417694	21.272094	38.958808	29.797673	32.513029	22.653018	42.056527	33.900258	21.220435	23.013944	9.584005	17.034478	29.278623	20.157900	25.658297	41.908555	29.562339	10.768050	14.037919	25.441778	20.472249	17.039728	21.103060	38.374541	26.071345	35.240207	28.709838	15.323092	36.691168	39.751613	41.834180	26.444838	28.399889	27.912591	34.652285	20.788118	19.132052	18.455096	31.265076	8.755033	31.422803	30.685706	40.265970	24.890141	25.401277	29.304476	23.554319	26.184076	25.286552	24.645270	10.932992	15.446330	15.353836	12.067778	35.707333	16.716738	35.493296	32.932476	30.754320	41.068830	16.038638	34.054616	24.116556	35.400941	16.195265	37.657987	28.711097	20.585628	10.054804	36.717252	10.803852	10.121119	34.892349	30.998054	35.295552	22.169081	16.143342	27.717777	16.101933	39.333625	37.190270	36.957146	24.325929	10.323747	32.291769	19.720557	27.982782	22.927678	12.203287	17.549455	14.884830	10.340767	0.000000	25.127640	23.378826	10.317918	9.751623	31.818880	36.875461	29.517804	35.541137	18.013009	21.426602	27.668846	36.611170	17.004346	22.542350	15.431249	11.619604	11.886581	20.693981	21.652994	34.746563	39.605094	23.592653
31.229166	15.558990	35.957769	11.701764	22.574375	14.343841	34.695077	41.102201	41.799977	8.787115	12.644938	35.346068	20.408581	21.704298	9.139487	23.479115	26.113787	17.878834	25.219750	15.981612	24.573972	38.358768	35.100178	12.416348	11.298514	35.754510	30.421661	13.658652	10.188526	14.984481	22.903975	40.947013	16.014291	30.346558	29.258891	34.785197	21.629619	36.950142	35.243498	29.118728	12.428759	31.193872	25.576011	41.495452	23.290242	25.298184	25.847342	11.608341	37.501339	39.694337	26.214825	41.890545	24.601970	28.277702	10.776722	35.890155	24.603063	11.800248	30.532989	27.889476	27.972096	36.416946	18.777533	8.683223	37.264172	16.948021	40.520256	19.669248	41.798683	33.598249	41.075939	11.794411	37.302081	20.678351	24.238958	22.794629	42.035233	15.892385	38.840175	36.712529	26.146709	37.220724	21.539521	8.693181	31.874082	22.035730	24.914631	13.732005	24.982756	25.568358	23.097133	40.666970	29.445765	16.693805	24.858821	25.927227	34.067528	16.323234	40.735204	38.784946	40.650193	36.487407	15.863830	29.577584	36.532345	27.833169	40.012638	21.089394	27.249358	14.391268	10.433970	41.663454	10.328440	11.926758	14.720048	17.639196	9.217991	34.284636	36.253526	13.763146	11.542607	40.232502	8.812862	42.118246	15.798393	22.194509	25.181020	15.004417	30.324444	15.319669	0.000000	13.255457	28.463235	36.435232	23.302073	31.673545	38.232470	29.067025	31.155592	28.327762	17.135243	11.193832	19.310441	42.358409	34.208049	18.587321	37.555149	14.817968	32.030135	11.654469	25.263560	35.454504
26.800273	40.106771	30.368200	23.698540	33.540049	37.488638	35.358038	40.558677	24.303137	16.969571	14.621504	32.977653	22.558365	21.612981	22.439747	17.269450	18.817067	29.113830	29.399358	29.560146	25.103472	39.344969	37.056911	14.058992	33.695301	13.851382	8.856929	16.760033	40.945053	34.624644	28.871175	37.487359	32.458402	12.263388	8.765391	17.976106	32.651336	19.210600	39.366403	22.881459	33.245712	19.333781	39.290680	13.985324	30.333372	30.925746	34.167376	37.847354	19.728048	40.786662	24.088392	19.566390	22.199487	39.629526	23.669957	29.230589	14.816559	23.120424	8.836368	28.305872	33.277470	9.524882	34.283897	36.765260	22.103144	21.916421	24.255468	25.207501	34.949626	16.138854	35.451834	27.638412	9.957921	22.702479	39.846580	25.445997	27.867745	20.038928	32.916832	13.713192	35.830378	37.153901	18.452877	15.423453	40.810950	31.823520	20.152216	18.045592	37.561635	11.864048	21.237671	30.469378	13.831889	16.556816	38.949278	36.001877	37.068766	32.584500	9.956140	21.370697	23.435332	27.475516	18.831983	11.367839	34.571875	15.298016	15.812467	22.854250	35.623960	15.319443	12.432911	38.842480	12.269514	40.233517	37.922691	37.941520	40.969839	16.281362	38.706390	37.274780	30.195364	10.630821	17.479248	29.049289	19.208144	12.167341	23.902129	25.768936	9.592561	15.859138	22.982083	0.000000	17.982532	36.029899	34.735758	31.182926	29.378866	34.933007	13.476941	19.424137	9.737164	9.525098	39.434017	33.179457	21.546932	16.151370	26.570687	22.495757	12.565486	28.766649	42.108322	31.584258
21.546218	33.463795	32.226919	19.529531	41.292002	14.018444	42.408321	21.139730	28.120689	28.176796	37.692664	20.243810	9.557132	30.508406	42.122900	13.844316	16.000881	21.046600	38.909525	30.758788	35.290951	29.497675	37.599023	21.849128	30.632297	14.505666	15.061904	37.372385	12.196433	30.668958	12.349787	34.659376	35.536274	19.900778	11.752418	40.657032	36.764370	11.011487	18.775648	39.591084	35.045543	12.190222	38.296911	19.927920	13.849981	22.678800	13.459645	31.254168	21.093313	9.640037	22.429418	39.305890	38.947775	32.364586	23.123050	34.327108	30.167602	37.166433	18.714884	22.681531	19.999131	14.447814	19.435050	25.109413	38.021844	28.435073	25.069753	18.016080	28.873604	18.066354	40.252151	40.120238	20.386396	23.267897	20.928697	13.683424	29.754390	13.189891	35.017221	30.170836	12.946970	24.375077	39.508576	40.948683	33.725337	17.535797	16.046400	33.056849	24.807997	9.781614	14.798227	14.768747	18.127932	15.014902	29.098233	23.102090	41.832966	29.819866	34.553503	18.299645	32.028078	15.182407	22.228967	12.850699	27.161500	32.724742	23.462752	41.418884	35.507674	29.740153	33.134890	12.198748	14.811898	19.413680	16.204800	14.753736	20.067519	26.819640	35.403273	21.025436	38.694589	22.306976	22.325846	41.860977	14.760982	19.211081	18.674673	21.989424	33.430736	36.030060	25.852951	34.933545	0.000000	19.131409	14.872513	33.299502	38.944768	40.645700	9.729921	33.576842	21.140140	34.563704	22.716498	34.192746	13.708383	34.981637	8.918235	35.329126	17.811536	41.075580	19.721902	11.843412
27.240268	32.952136	33.539656	26.002013	10.866751	18.671226	20.760409	20.763233	24.740103	14.591234	22.173101	31.265432	12.561257	30.870072	9.710292	21.748305	22.894223	9.959216	15.820522	28.041183	21.604304	24.453428	27.629501	40.837312	23.465388	31.324508	27.251533	24.466069	32.969961	14.167712	30.844819	15.926947	18.007307	40.501077	39.371583	13.684281	32.710580	17.959549	26.419181	10.089181	13.185388	22.325449	16.345377	21.561898	22.595749	28.878657	17.372332	38.731389	9.039361	21.275671	35.236374	35.359187	22.286403	30.920295	27.040048	42.484051	25.261805	37.598862	23.959443	29.770311	11.667513	9.237546	23.995019	35.359596	40.609826	29.548786	10.767669	39.092134	32.734722	24.553587	33.492604	16.093732	41.933480	30.212509	16.704286	33.188069	15.920752	24.978561	38.107793	15.473230	13.893057	15.929612	33.003517	16.215206	32.705256	15.070741	12.919832	19.708117	31.478554	32.984077	39.590702	28.509888	25.615922	35.279163	17.619210	41.176147	29.519063	24.919882	41.634385	10.097706	33.850589	30.107985	36.757565	24.306557	17.474696	41.738705	29.957377	16.999592	11.515040	24.485529	17.221382	17.006141	36.209990	29.041609	9.327952	32.199797	17.010668	19.365509	40.533702	21.349743	17.976489	10.001677	19.924819	36.125629	37.976956	34.884304	41.466053	17.117027	31.140999	22.472885	27.946825	37.737785	15.988691	0.000000	20.970674	30.839071	31.575789	26.137529	27.208705	33.152874	34.011888	24.002625	31.580206	9.117111	30.762620	28.456616	10.179171	41.417041	15.191842	12.775125	24.221706	13.225496
20.082386	39.126484	18.422505	41.672776	16.496345	41.024955	18.338406	19.238622	32.699186	29.042746	22.588076	38.594985	12.594872	16.127407	21.282487	27.897660	34.356251	25.145629	26.365336	21.273673	34.874860	36.220028	27.270641	21.565812	24.018597	10.385796	20.451169	20.245818	36.632029	19.103353	24.422007	25.145128	11.907497	41.393718	12.635527	18.668050	36.284228	10.122763	31.243982	9.072749	34.388175	23.594095	19.332071	37.017162	29.804474	41.870100	19.827581	9.485816	37.511459	37.252005	23.475107	35.185838	16.932476	14.352780	40.625472	39.976990	19.780086	26.527944	19.004079	38.551002	16.622976	19.854540	17.722256	10.073320	33.695211	37.737575	20.626690	39.605483	34.393596	26.180022	39.991583	14.007832	13.190180	34.233925	37.477735	36.095953	40.755121	16.488036	33.938880	11.213656	14.807654	11.553915	18.354372	31.636057	17.413831	23.734243	35.919101	26.325907	15.187957	25.430765	12.722114	9.039862	25.139844	39.352344	16.532610	8.981080	32.880013	37.933376	34.765136	41.491640	20.754386	18.033973	8.502659	13.899056	17.293337	14.012769	18.244506	28.403455	24.937083	41.625451	25.965081	36.149614	30.185085	34.099546	38.487508	22.620368	30.014308	17.246156	19.174427	36.330721	8.744081	12.409849	37.968964	41.934963	28.408502	23.769130	27.038336	37.821935	13.286482	9.400608	16.978761	26.630635	29.265117	31.535687	0.000000	19.315771	12.294856	17.288870	35.537694	29.211686	30.413599	29.483240	37.938776	16.482541	22.581176	31.010149	22.762634	22.238987	28.044542	15.904271	41.175115	17.202112
15.017855	9.223245	39.465058	25.248402	8.580954	23.424419	32.091776	17.359549	31.715553	31.545767	22.373545	19.439489	34.509281	9.509799	38.829246	41.557774	12.357403	16.028849	39.731732	12.498549	33.837862	21.987745	20.205844	22.529008	23.536636	25.675580	28.645242	8.896476	14.924106	15.152259	35.912282	18.830497	32.561585	37.675517	33.502036	29.959727	20.790548	27.483888	9.666687	39.146314	8.546525	42.254507	21.206120	30.031849	23.990787	38.746480	28.543629	35.107075	25.311978	39.349679	9.027953	30.907476	18.309490	35.606283	19.788691	33.088360	40.614732	28.620021	21.278359	23.114610	18.209561	27.325840	25.271465	13.945145	41.351390	40.828381	36.217965	30.219264	28.220252	38.576178	16.709435	38.125325	24.247669	20.794665	19.837093	14.071185	34.485846	32.617407	21.553352	40.828683	30.013871	18.589897	25.414959	14.183551	16.469962	9.056270	10.349003	22.305087	30.603467	27.329146	18.408292	26.777252	14.842524	22.556030	33.685609	39.517778	33.309333	37.421003	33.744828	11.817775	16.991900	38.768921	33.787727	16.274397	23.684235	30.720058	32.249691	22.655093	35.113022	32.839436	23.802192	32.018504	32.104968	42.390821	31.735289	22.296252	41.419094	41.907114	28.547105	21.026996	14.859431	30.923679	40.582082	28.636211	12.499291	39.175992	15.248493	21.057205	12.547429	20.756419	37.332985	14.093629	22.880062	41.027057	28.991942	0.000000	26.201615	27.475002	14.465165	20.673960	25.617220	27.185820	33.147659	28.270181	17.542008	40.423583	33.026374	8.992971	14.736945	13.210719	20.095943	25.947198
15.374518	35.629006	11.900347	40.639312	20.149711	36.249644	38.723616	12.930950	13.047904	28.456905	16.903712	29.878428	32.753118	40.547183	27.368420	24.410873	27.297444	41.232576	19.856287	27.681213	30.883438	28.360940	24.457233	8.675251	32.542443	8.627930	21.672941	12.871902	11.966811	37.370998	24.755748	40.618240	39.033284	16.835773	16.407607	39.420068	16.307927	20.646798	40.529796	34.287685	38.083661	8.708170	33.136936	32.435282	30.707070	41.757428	41.581236	23.747315	30.230836	23.124328	9.233035	26.766121	36.427602	19.045504	39.636521	32.294194	39.437591	29.633796	38.544719	23.000952	18.797439	25.918379	41.282899	23.596262	37.184708	17.326070	20.730677	10.854798	39.008431	17.645454	18.683134	13.588811	40.561798	37.911905	25.038988	12.564184	21.242072	12.196903	12.718664	19.358932	25.701179	9.235031	8.807003	19.956963	22.098620	39.149127	18.157505	16.303437	19.990444	17.686592	24.821232	29.328478	27.991209	22.171958	42.283275	37.672639	36.911074	22.414519	14.171601	18.575188	28.319109	28.837881	24.527373	15.046497	38.381646	11.778416	19.605947	27.279676	36.658031	38.858078	20.660115	17.324619	8.543212	24.715845	38.332017	15.100864	37.999396	30.320257	33.794989	14.044542	29.973132	23.836566	30.934258	13.153545	31.354759	39.945093	25.469969	13.996591	21.995194	18.757894	21.625080	32.952839	30.887941	29.829005	34.259302	26.895540	0.000000	36.070274	26.700303	35.900736	28.876625	22.469999	13.544464	34.509009	14.327948	11.723102	25.069533	14.098267	12.334779	37.447127	14.743268	11.268347
41.396137	30.864880	28.180514	14.170830	29.029982	32.447975	37.061559	11.440626	37.345924	31.961701	16.102246	41.919444	36.449657	14.194650	28.745011	36.692129	17.180449	21.855741	16.368562	20.407198	14.509201	33.616556	9.254390	28.020723	10.213284	10.127515	36.956474	32.119465	30.832256	26.738018	20.628337	24.220960	40.176017	26.019740	42.153512	29.100760	36.169216	32.041573	34.827583	18.729552	26.057136	41.706234	31.248135	18.444202	21.234781	36.298830	13.925573	42.400863	32.200887	21.719179	38.676788	38.495600	31.263936	27.765029	27.593727	25.723253	42.401686	35.639782	30.836074	24.190497	36.662927	21.602081	8.755130	23.028191	17.566094	13.416529	40.044289	35.894264	11.342424	27.895531	14.929480	30.528331	23.114683	22.560673	29.623386	8.771388	30.718189	12.143231	16.403425	36.479218	8.564223	29.891932	10.630077	31.096413	30.697303	17.477219	37.385386	18.201272	26.893520	27.960546	27.947363	28.302525	21.319454	22.167725	14.187126	35.463940	36.203596	17.580211	32.462036	31.930107	14.734279	17.756897	40.961149	33.409813	8.889237	30.282969	37.396599	21.610828	14.696737	36.152598	14.991880	34.126965	26.754818	37.073260	33.172352	25.296232	38.458925	15.073109	12.915926	41.988908	22.450162	15.174167	22.704222	22.511148	35.892162	24.834855	37.574845	37.440659	23.089969	40.638369	38.413345	21.185521	15.653131	8.735092	19.163749	10.193579	38.755161	0.000000	24.290589	12.550748	27.041315	15.576970	16.432013	40.505787	9.896885	23.412735	30.835975	22.608916	32.449998	19.792345	18.093492	30.041893
29.215767	38.454156	10.736997	31.333523	37.317379	26.465386	11.345181	35.329031	41.098853	33.420670	36.707696	16.615043	24.764935	22.872272	24.754946	35.102350	37.848353	33.573111	23.707076	25.313561	23.472247	38.179591	17.439930	31.032445	14.489020	22.839001	34.924035	13.838781	19.443602	33.141355	8.972306	31.408820	24.742086	32.252441	39.705517	28.847596	35.612264	25.686560	15.659565	25.585850	22.588387	22.925177	14.267181	34.715967	40.409457	35.524060	22.774998	35.729979	13.788225	10.867026	28.458655	30.031191	30.714633	24.043191	40.745182	22.377224	14.054961	9.862677	20.541402	30.822084	15.011675	26.992868	38.856391	12.214142	12.953340	13.925374	13.645294	37.585341	34.692436	15.383376	30.472284	22.933971	27.392472	12.477406	26.258389	25.201242	23.356841	36.129483	39.331211	33.315429	13.349327	40.682527	39.376362	39.385231	25.487783	10.253861	29.066653	35.965807	36.441367	16.129185	18.587852	37.687857	33.395970	38.982853	13.921735	30.414472	24.022334	37.334639	10.181085	31.528993	19.265623	22.578315	28.366168	21.042135	10.830315	34.680994	24.983039	9.723582	30.666930	8.676670	17.679992	17.863493	14.045457	27.762350	29.217236	39.230690	31.294012	13.034908	25.694895	38.365032	15.517420	31.430575	14.104594	40.172940	14.332198	23.255810	30.558690	28.281838	24.130514	20.467146	31.518644	31.303747	16.998654	15.009718	12.396269	28.190955	11.240052	34.232786	0.000000	37.481235	20.634805	15.463891	13.720598	21.199101	18.037620	25.069378	24.565647	28.773206	25.503695	16.297238	15.941990	30.956338
22.871496	9.454971	40.016576	16.050087	25.483138	26.647404	27.168768	19.034098	27.856823	21.077545	39.904531	35.725814	20.323697	36.289892	35.241259	22.348087	38.591434	22.251820	35.927945	41.063550	13.099572	31.487963	21.082251	28.518818	17.747855	17.415312	40.258154	9.122055	17.795311	12.042099	30.259903	17.661961	8.765921	23.954984	29.762674	23.869575	16.481961	17.404792	23.424085	20.372715	17.886443	38.151891	15.929900	14.320046	22.476895	32.352648	24.720964	31.041705	37.569245	41.508379	11.422861	22.387954	26.175889	12.986922	20.627656	20.096242	29.567500	23.257952	40.908613	41.465177	31.221782	13.144798	32.668419	20.648581	29.221897	25.570540	35.957778	12.171921	21.086820	25.629454	31.223972	36.567717	33.362852	17.442092	29.596583	38.989290	17.758656	20.579720	29.695725	10.995283	38.382877	27.282666	10.057701	28.662627	28.586017	10.725682	21.655177	31.909333	12.047615	10.562464	12.224769	8.911620	22.305895	28.657158	41.473829	23.793624	19.612685	30.875060	31.605015	21.222295	12.385177	36.766120	21.716879	41.637136	36.104276	25.467826	31.838679	9.337103	15.823692	16.946279	39.532142	33.283292	22.472474	32.132501	16.995030	34.945233	22.025225	39.894394	18.908002	30.926405	21.390218	38.442176	29.267841	25.581020	11.881049	12.306845	23.169332	34.186438	9.406875	21.682103	16.232999	23.212186	22.037504	35.674937	11.928798	19.307406	26.325656	11.183857	9.205568	0.000000	23.043297	20.936169	21.218987	21.211193	20.529848	26.452039	20.706512	22.241835	32.570146	21.104067	17.459311	12.421459
19.454778	40.384413	38.165641	29.303251	25.646644	42.154934	34.404167	11.308457	13.451501	22.463293	38.900873	23.315156	32.023737	34.196004	41.722769	37.033521	21.701712	32.843058	19.510028	18.090502	40.662453	14.765690	25.304890	19.399429	35.544604	27.262210	21.840628	17.631438	28.719503	16.072560	26.486362	19.714410	28.682415	29.273711	20.622409	26.155879	41.259941	33.279712	41.043961	23.853251	34.107533	17.145269	8.912828	27.972347	10.736872	42.428299	38.913568	31.035587	16.566389	27.234164	25.605050	27.071276	36.540770	19.937865	23.165209	42.470199	11.406274	40.274601	23.425173	29.319567	34.596804	36.879585	41.244029	11.964193	38.509546	11.534930	19.961208	37.396767	22.557896	35.143960	24.023188	35.519425	30.778059	33.004205	33.520628	37.206008	11.416826	12.453476	13.370823	12.941376	15.510451	39.135663	29.837259	34.224442	14.797313	13.269892	15.303867	34.193685	10.791206	41.019572	32.130785	9.195077	35.969578	26.172328	19.681124	29.334426	35.863658	29.816344	37.599220	11.686852	38.815003	13.760811	14.597854	15.176440	26.106547	41.637906	15.628326	28.324319	19.228704	41.249653	15.413172	8.918186	20.317201	42.347732	29.526414	34.534292	38.519508	41.646095	38.457140	24.285145	25.142748	16.457204	18.340770	19.912905	14.603839	40.875776	37.924159	31.995810	16.588210	15.679957	24.333741	34.709057	41.908114	20.688533	35.715844	9.134669	26.029771	27.120699	18.608569	10.352196	0.000000	41.568800	33.450075	19.344478	29.804130	34.897433	40.253828	16.239541	29.849121	40.456367	25.960534	16.355017
12.909488	30.217818	28.298070	18.652009	34.021546	12.523897	26.957009	27.964085	42.149336	19.286128	23.263160	26.943842	26.689053	24.980263	25.077980	24.235746	11.207685	38.543171	26.278367	8.674951	13.828535	29.962993	36.208292	14.930823	20.385097	23.970369	38.760297	18.018852	16.821714	34.905092	16.213353	23.425118	28.991775	42.061324	16.745921	23.656562	31.098553	34.836945	27.410162	29.301695	38.768622	31.690319	39.944057	23.430192	38.171644	20.961468	23.947826	20.342686	16.764194	18.430969	32.997897	9.958955	27.211846	34.555864	21.969413	28.068517	23.634725	40.928446	14.632747	29.646888	27.905011	11.522925	21.921936	28.777463	41.432045	38.427504	25.993124	40.103216	36.215002	36.509072	13.879332	40.204778	22.146690	19.813585	16.595702	11.126356	31.775909	28.047145	17.033457	41.524126	10.688082	24.961467	41.053423	14.353655	18.406386	10.834706	9.120824	10.975166	17.604912	40.686145	38.639882	39.868282	25.503660	20.853297	16.060775	27.661477	16.174866	29.281029	23.450438	29.454299	25.002880	27.496432	14.559206	38.009893	19.775250	26.945922	17.881074	30.315516	36.462564	40.167315	24.253307	27.030463	31.084643	20.831122	30.306882	24.572478	25.879967	20.481215	18.260458	8.518916	10.877919	32.616031	38.474248	12.819585	20.335059	18.976183	30.487547	20.361056	35.110145	33.608817	31.066488	41.573457	14.794070	34.069880	16.543490	19.330803	9.690501	17.120268	15.163774	31.709133	21.927822	0.000000	40.550853	40.892015	17.708453	20.469207	14.945977	25.898168	20.972194	34.639448	13.401485	12.249767
42.327990	40.747067	10.426081	36.825926	15.704072	13.021364	29.655594	35.055435	36.547412	14.837895	32.650879	38.084858	36.041653	34.168188	37.887472	28.257562	36.623196	42.308046	10.062818	33.089440	35.399366	25.653480	19.146675	24.446630	27.311512	28.286762	13.125324	39.698214	38.248090	28.223542	37.499457	11.564883	34.810086	10.649955	34.867859	12.167799	35.519087	36.458431	27.697891	41.580136	42.144425	35.095181	18.987542	13.865190	41.808140	23.617231	19.432344	40.064991	41.773033	37.563148	39.798520	24.691345	42.291194	40.879146	39.754222	29.437213	30.746796	22.603575	18.595918	18.373471	37.032045	14.670448	10.332888	10.511879	10.333999	26.191216	13.664447	16.448224	10.029328	11.001431	15.063730	21.899835	37.048151	40.013709	10.633940	20.927674	20.298061	39.714903	11.823647	9.972380	16.543447	34.297303	41.931866	19.390811	36.736050	14.392030	32.001853	30.731112	37.371263	30.699509	17.745626	9.405052	36.117743	9.223174	20.089791	31.630181	29.626583	31.428586	29.472915	31.137276	11.951235	9.778296	24.146325	22.709294	28.658472	30.857509	40.738242	26.717904	24.555454	21.531808	30.282674	42.347636	38.767702	41.613166	35.204598	14.934298	15.982908	42.317735	39.655728	14.601062	23.754047	32.839811	21.915297	12.837507	33.584335	29.235031	39.116983	39.538750	22.395338	21.811850	26.769506	32.870757	33.652390	23.706168	11.269698	32.553953	38.624695	30.806580	38.875688	26.652765	16.079605	11.839014	0.000000	11.608418	10.116545	25.015829	18.980657	25.650597	22.208738	12.198078	13.440067	37.901047
12.438813	40.411268	11.962035	19.928872	41.461830	28.106435	22.745388	21.480013	38.708782	38.256634	9.112389	20.650250	28.481318	8.928716	13.167849	22.553230	11.421323	34.562042	10.296538	13.742157	40.466930	9.359103	25.193497	11.792614	24.530381	32.942308	27.211716	41.505832	38.762651	37.720125	37.353266	35.342246	41.728241	20.881313	26.754472	27.375172	32.021874	33.053510	24.668195	17.526125	38.644172	20.962615	39.430656	28.796817	36.755125	13.279743	41.194945	28.593925	32.213734	33.113214	34.913114	41.497611	20.161162	30.947118	8.904473	9.841908	14.622527	15.316087	31.984530	14.315715	32.676619	32.621649	38.738889	30.112258	38.820362	13.498058	26.408872	29.404521	35.503778	11.218013	34.801015	15.539511	33.189044	10.241084	37.275845	15.622057	20.026693	30.360594	28.512893	27.539268	33.015752	13.050424	21.035272	24.193492	31.350590	16.562047	12.460983	26.615055	39.035392	21.169501	12.765312	41.308065	37.637633	42.096571	30.880049	30.442811	22.022436	18.105126	22.948694	12.889237	8.959929	31.331768	33.475433	9.070923	27.137204	9.718465	14.474312	29.449201	34.675895	32.813819	28.429308	24.804032	14.877256	37.191671	41.984472	25.118614	17.523445	17.282367	9.668674	40.146707	41.463284	40.473925	10.155607	35.364093	18.799668	34.598803	27.948369	25.877285	25.255761	10.579501	36.731192	17.050266	18.248951	16.186874	31.089561	10.330242	36.261330	37.814058	22.300373	17.583156	40.978607	32.174255	40.040589	0.000000	22.411122	38.780083	20.322271	29.957194	18.040396	22.998831	31.324060	40.980436
30.803307	10.141053	10.092747	13.946239	14.786420	20.209244	14.212611	27.058504	27.490729	16.192579	15.530626	8.932596	38.673336	33.928142	24.147208	16.813790	41.377972	25.437897	23.470037	36.214590	39.846839	38.956163	37.218679	19.008973	16.084006	24.354651	26.373271	18.157289	9.923364	20.610395	10.690882	22.299545	37.747477	28.838864	24.707400	42.053863	41.367568	12.903070	39.196387	20.109274	28.127124	15.543863	33.003933	19.673469	14.860909	21.188548	14.515190	22.531364	17.059780	37.493929	32.955521	42.256742	33.719359	10.088090	29.983241	9.559099	33.088853	36.138552	15.958026	36.261081	23.119190	37.535205	19.176738	22.754898	36.574128	22.264942	20.706321	39.948275	10.123825	19.964900	33.045762	29.230841	18.507934	28.057617	27.066867	42.473982	34.713866	11.636616	38.431711	32.098851	29.409385	37.560153	33.204269	14.510845	13.719580	21.139623	29.583302	40.222780	17.302642	26.354374	38.745183	24.446132	9.205615	15.525510	28.347661	26.733013	10.087546	33.994340	19.030584	41.243976	14.873573	15.653927	10.674232	11.941357	16.791508	39.071961	19.066518	39.677739	23.491886	11.811736	41.881469	41.453683	40.642204	11.157880	15.009881	39.914357	34.082690	22.325120	32.167974	21.285725	32.104895	36.925881	37.485619	11.117667	33.401056	25.453246	41.782483	11.740661	41.581731	30.511234	16.226662	29.754539	37.069377	11.423312	16.232952	16.702689	31.172717	11.297424	37.808005	15.985484	23.237059	34.426371	28.881699	27.560032	0.000000	11.511388	25.502207	30.575778	21.543857	24.836321	15.374092	20.186175
26.380253	13.398357	19.955037	25.777119	35.197594	40.328287	20.343137	41.724321	19.775056	12.070515	25.312356	18.159260	38.803178	38.915124	14.168900	19.963683	28.343033	20.662586	20.327933	22.838134	41.772985	14.621765	38.166945	24.940790	20.615740	19.755803	31.989253	41.432921	8.836589	9.098111	29.786959	35.330418	34.134583	26.015656	27.431811	29.948596	19.322108	9.947012	32.398544	25.986484	38.303679	9.692840	17.912745	25.630572	40.414356	37.510543	28.431892	34.534454	11.015379	21.486522	30.117776	39.787535	30.036340	23.770373	26.753151	31.337750	25.096795	15.894915	40.700211	31.344175	37.695987	29.908194	34.703962	8.926405	16.133617	41.002174	29.269404	32.533930	31.889079	31.077636	13.044982	25.630461	16.911333	32.877725	18.526234	11.065311	29.961479	26.612506	11.309996	30.100708	13.492979	31.640959	8.873174	36.233025	16.380189	39.151495	22.554675	32.678074	29.601927	13.117664	40.259293	13.734199	34.107082	35.096265	35.189240	32.814788	42.195806	30.378138	15.240079	28.353857	17.121674	28.581184	16.345546	18.408357	15.421013	37.440150	33.293988	12.679577	26.795207	21.142660	9.809854	14.745622	29.037463	37.245918	17.066837	38.364570	39.459880	21.024812	25.404747	8.705828	35.531649	10.249663	26.331387	8.627258	41.473464	40.432118	14.059500	17.645548	33.695702	25.520394	22.034024	22.696959	10.716639	22.089686	30.521218	10.851893	17.582473	19.282995	39.795322	10.171129	31.855654	28.902240	16.057470	24.734937	40.066370	0.000000	21.620606	30.373800	11.723654	23.527998	9.932567	35.095068
15.742973	35.851857	18.436692	22.980969	18.491155	23.445839	12.543969	33.091623	39.222177	10.162801	26.583476	34.990794	11.457975	22.863772	28.116524	10.656033	19.878641	29.370312	31.978268	29.382884	14.130349	31.307291	23.896022	29.997326	36.182640	36.004978	30.541986	31.528275	40.124945	26.261051	17.174161	31.819190	29.257762	35.857687	10.251414	30.338745	15.409158	37.889193	17.624429	31.356941	33.483567	32.194991	29.528614	18.475504	38.504262	20.874196	40.251684	39.268154	42.151477	34.105834	26.996192	30.238878	24.954968	19.158172	20.758786	29.687810	18.959969	22.461878	21.350674	18.715952	39.392363	18.647191	16.291590	16.439425	13.786019	25.547439	11.507239	30.674606	13.223163	31.845509	39.297176	24.337787	31.230337	38.341776	30.026994	20.392253	37.963382	16.755401	26.342443	29.830355	35.832278	33.009693	35.581399	41.104181	18.048501	28.074202	17.534617	15.814584	12.059249	18.677932	14.979695	9.378919	10.375325	13.965904	11.256242	14.427793	15.485175	18.080501	26.383216	30.814275	40.864332	25.464576	9.784298	22.318716	32.359954	12.807967	37.392887	41.781368	29.752036	27.088210	39.254624	29.330076	30.772980	29.869252	38.724819	8.863897	16.900705	31.286035	39.108989	9.766848	25.613306	33.366205	9.735286	24.724306	24.187874	28.803618	17.116157	27.527440	29.714781	33.336712	29.037706	36.984920	13.978490	41.988416	31.357836	25.396635	30.220339	24.257492	33.180082	10.954298	29.108802	10.348368	21.114541	40.633963	16.940414	38.076839	0.000000	16.832884	34.349011	18.037063	25.653211	16.615044
27.165085	33.865928	40.214975	24.606527	20.445725	19.760400	12.954225	25.766648	28.465944	16.893030	37.746633	17.582001	39.521126	9.529813	38.119577	24.313493	31.007133	36.543552	19.351194	18.074591	37.383478	18.097626	26.102989	36.034993	32.818473	12.418564	16.683162	25.629073	11.352985	15.275598	41.723231	32.613709	9.942794	20.603363	10.301951	35.613234	33.285448	37.586753	30.946547	11.715759	21.470936	30.489744	41.842658	37.376161	21.303044	24.111314	22.769632	39.609465	23.937642	41.048024	36.621907	12.919384	41.360225	25.274372	35.958898	11.668084	18.318528	16.104934	39.993297	37.369457	35.391238	18.576581	38.105996	19.609546	26.868255	24.084339	18.491361	38.123896	24.278072	31.303203	20.389683	17.125715	10.953389	27.720373	10.576357	37.943686	8.950183	23.302285	35.492404	35.747911	15.266512	37.295789	30.079025	35.658803	13.468564	17.151133	29.889350	20.924391	19.913622	38.310300	9.592409	20.754474	16.115391	11.560927	39.624792	17.384062	12.886426	35.768937	29.538323	25.354980	24.851707	41.229791	8.628265	37.890562	13.138691	9.118836	24.121175	19.639367	25.939468	15.853472	19.979854	25.042037	33.792894	15.821226	34.815879	18.825124	27.547545	22.156843	23.064629	22.511933	15.629483	41.484130	20.939558	15.764894	37.979340	10.811465	16.071110	24.697047	23.879012	17.515909	31.995471	27.921734	10.246787	27.186895	18.803520	26.333968	19.537921	12.367918	9.095514	37.670385	18.080508	9.883975	25.447171	21.230792	37.031385	20.211918	29.862501	0.000000	10.741091	14.578175	21.106964	19.542042
32.883313	23.494283	25.426324	19.777277	15.748957	29.612145	27.976502	30.840901	18.858429	21.121000	20.418150	23.110887	34.921673	23.575338	38.504002	8.678867	32.236284	29.372180	34.104588	18.192252	11.099449	21.615170	14.126488	32.773800	29.161583	33.928464	28.832628	15.950121	24.769343	27.563533	41.014486	8.585774	35.414638	36.447544	32.528688	17.468215	31.439752	15.883902	14.981609	19.783657	23.855402	10.405357	39.895325	27.819610	36.293546	9.043287	8.734201	36.912443	11.955387	36.738169	36.767124	32.558702	41.663457	17.115912	40.696794	28.578333	34.050093	42.343621	41.674283	12.512882	36.884507	24.177785	31.114507	23.181156	11.036974	23.159389	22.411141	34.453352	25.739886	39.008566	42.314984	21.835800	12.793681	15.350869	18.320287	20.212192	17.064709	9.403120	23.382566	40.288272	21.360899	38.688321	9.802922	40.556632	19.616888	36.897041	20.366670	24.713810	23.509438	18.869306	21.906226	13.223019	21.616004	19.889974	28.093602	34.605676	8.524947	21.160988	12.462445	28.683111	8.687592	12.425053	24.700549	9.460849	36.919921	10.659657	25.690380	37.836401	31.112791	38.665573	16.509320	35.249252	14.289540	9.182064	9.121928	14.076380	36.988116	40.357750	24.994707	19.897928	40.565632	23.760067	35.118009	14.650971	40.493677	39.284302	19.073161	31.894546	30.809054	22.406752	38.551429	25.940019	27.208200	27.805032	29.675797	36.950426	29.006072	14.386986	30.462893	28.572380	29.453647	35.851108	23.839170	27.304305	33.042783	21.380238	30.032684	17.297622	0.000000	16.938118	16.801796	35.654771
12.206986	13.360410	40.986716	19.895359	20.992257	38.572220	32.213765	27.087204	24.190040	37.747223	25.561118	40.546236	37.802279	33.834162	30.861763	24.996187	22.412675	36.274313	20.891891	31.689228	9.358927	19.118936	36.923963	41.638878	35.753358	24.508125	41.220801	21.099463	17.308801	32.971432	30.381688	37.835488	35.654269	11.607999	18.985716	38.122679	22.849521	17.433201	26.296500	13.889491	12.174471	28.705509	15.755053	17.662533	23.071431	13.390926	27.452492	24.572419	35.279618	10.512203	30.121604	36.395362	21.365348	32.612387	33.362450	40.283476	36.588050	32.108150	20.087222	9.770991	35.328223	35.581414	28.446426	29.272446	19.224406	28.195008	21.975006	42.348532	34.254753	16.342014	9.682502	11.619591	10.065175	36.820822	39.711896	12.611292	18.188322	34.205525	42.484555	39.927834	25.602905	16.980292	12.271182	41.794743	29.409762	28.369275	33.040791	13.862516	30.180728	34.221525	39.181294	35.220529	28.500036	42.472959	27.605469	20.990778	39.931379	38.247610	25.954340	10.237811	21.808870	13.413211	14.436016	29.015269	10.684505	36.281513	10.338754	27.896174	24.521347	34.126134	17.218112	42.043302	12.711230	35.602091	20.687500	36.531488	13.429534	40.692114	33.801665	37.411815	8.630678	18.771702	33.956697	26.750566	12.393827	11.527833	18.384839	11.817195	21.768042	15.818803	41.856278	14.491840	18.596641	35.360929	33.884855	32.369144	18.349906	21.278578	20.859507	30.957237	35.329100	16.002304	40.184516	11.482105	29.270550	19.857233	40.942985	23.338268	40.925463	0.000000	14.169473	8.799089
9.559612	32.310868	33.615654	35.449146	41.256532	32.891411	14.383609	11.084256	25.659123	17.820547	30.448427	20.254254	8.711995	18.477402	35.601524	34.055645	28.289194	19.269170	32.053462	15.990822	31.515522	20.717109	16.752065	32.755118	20.650916	33.206056	10.058175	41.076762	13.577394	20.858667	28.917227	20.843476	20.955579	31.581213	30.812838	27.875968	26.237629	38.168056	23.508708	39.017404	29.085263	37.144766	20.883495	22.506181	15.271081	13.341741	20.384111	12.830907	37.331958	30.686229	20.490425	21.594331	10.307645	18.063366	26.040311	16.016417	27.123662	38.577864	39.283214	13.953167	20.175023	31.700172	31.906225	28.202660	38.672035	9.889852	32.151798	13.523846	20.060727	19.325761	31.187667	40.560356	24.428278	30.981365	36.860796	29.855767	38.087437	23.194723	37.592493	26.460104	40.903550	27.976199	14.860099	22.032591	19.866147	41.433328	24.992102	37.760922	20.955898	15.580343	19.792795	35.842890	41.894055	29.387133	21.860481	37.034404	24.987613	22.188590	18.081244	16.641929	41.328680	35.093058	16.358394	29.841949	39.235912	9.109002	31.260067	41.915703	27.614893	10.457060	33.608445	23.382701	23.113238	12.478629	37.272306	41.076708	34.740795	21.485201	32.296426	40.788624	26.069592	26.549341	30.831868	12.754789	26.089721	10.599723	40.169663	19.827374	37.735164	26.317243	21.466965	9.825782	15.648970	12.960584	30.447499	35.712848	32.956791	33.120201	29.956903	16.010701	10.085312	22.445165	19.298309	21.774408	31.151075	34.512848	20.102136	40.667400	9.241921	37.465692	0.000000	32.747856
28.098640	41.419503	23.840912	11.797787	28.494066	22.568671	37.536181	24.866955	32.130536	17.038889	38.020601	20.280260	13.176237	27.427795	22.922727	19.909904	20.911156	11.776670	21.114104	36.125023	33.380807	27.103365	24.309066	34.641655	29.168642	22.202729	17.523729	10.485517	30.141284	40.910351	28.593606	35.891802	22.612951	20.054139	32.078408	11.518982	36.559097	36.524767	11.830441	39.676909	40.213592	9.587192	30.454348	23.049736	40.236667	37.616834	41.457435	13.218677	30.275475	28.733523	22.748258	42.452623	30.256782	23.167006	24.107309	40.555606	15.933728	26.821154	14.714505	25.028267	35.784272	30.447570	34.159891	32.771095	22.938992	17.203220	16.910991	12.641536	25.397391	28.986341	37.748571	41.352838	38.527935	33.867884	18.254923	12.771942	33.714802	30.602927	22.317111	39.116267	27.617907	24.043825	24.125225	24.007837	20.597561	16.138347	39.384555	27.482903	38.051975	29.117209	32.985631	10.385103	8.689758	12.437932	34.780997	30.064399	21.869247	17.406620	39.054600	38.445004	36.174824	15.597341	24.993770	14.657753	40.330766	16.837350	32.458485	28.505879	18.443231	16.461703	29.655324	40.696070	10.284722	17.538953	28.067634	31.892219	42.438823	24.742201	18.851646	17.327588	25.659162	38.954541	13.692985	10.360165	36.926773	10.424617	28.838519	27.526386	20.894821	10.059289	12.793545	12.605394	23.068956	36.945307	33.103946	25.394424	17.309311	16.357383	30.423004	29.556824	26.648725	18.313211	18.132446	35.800057	33.956782	26.294274	39.157876	10.167436	13.396071	34.423880	24.654137	0.000000
