0.000000	26.560539	23.165707	15.966709	28.045911	27.887726	27.638997	31.254711	15.804161	14.146532	22.471045	12.256687	9.443876	26.690417	26.135170	31.782423	23.723931	26.397412	34.382294	32.838318	11.622131	28.155697	23.287729	25.460217	18.461275	19.056527	23.855355	23.696451	24.068181	28.404181	33.014668	19.776865	30.242017	27.008285	27.352202	27.580276	26.201174	8.077030	28.945646	15.126223	17.700853	15.415307	10.276985	33.838349	16.047167	9.411499	16.486797	22.844976	16.588336	14.350588	29.379454	20.049914	30.487614	10.431419	33.547590	29.367655	7.291561	8.194082	7.470432	25.714705	31.291689	33.490167	22.846053	30.197920	10.610231	14.294117	28.189954	7.235540	16.380998	14.895778	29.317809	27.705842	22.889761	12.125601	21.272285	13.389434	25.980640	17.708688	24.294427	10.389465	9.215986	17.016385	17.862592	27.472542	25.421611	17.830507	23.193052	33.429666	22.981065	7.957154	12.853382	30.742175	18.578778	14.399415	18.759243	29.179050	27.451358	30.703497	21.423309	33.444375	15.665155	24.734474	18.716598	9.830729	22.283902	27.536856	10.468494	19.550029	10.679886	33.171696	8.345760	23.722009	23.780381	25.732892	31.643301	30.655921	35.340760	23.001732	16.127285	35.448160	13.519020	30.540130	22.657001	28.313600	12.489119	24.851423	33.885967	30.071075	22.111300	7.685772	24.582326	12.971497	34.981864	27.162466	23.523420	30.510393	19.282482	32.890310	20.152558	8.190823	28.155539	14.618195	12.899308	27.627434	32.133415	18.723792	21.294819	34.051386	22.055386	8.112384	10.007382	13.799446
30.464211	0.000000	16.329479	16.014601	19.858582	18.746395	20.684703	10.813502	24.956579	22.959683	24.108150	24.006029	18.824235	13.553477	24.719267	32.813724	10.414301	22.122061	9.144612	28.395409	30.488732	17.347558	13.655521	19.589666	34.257657	17.658125	28.558044	19.424287	11.383890	17.119217	27.863197	35.084346	24.061323	32.417557	12.328811	15.626193	17.647059	18.478642	27.601533	10.794308	14.998564	15.651222	8.174892	34.343582	17.702313	7.390350	31.107814	32.380643	15.649192	15.547898	8.914784	11.635755	26.543960	20.823688	28.885630	18.096281	25.299157	25.346345	20.901593	12.005643	12.944938	26.148105	32.295968	30.114972	16.222563	24.200846	26.803746	20.331019	35.322253	22.776820	7.576858	28.389357	30.417111	23.920831	11.580601	29.156620	25.320604	10.900209	34.408470	16.262393	10.326117	16.392417	19.414005	25.824243	22.574055	25.294840	35.379567	26.665839	13.208473	9.735973	19.026776	7.324274	32.609347	18.586087	18.568581	9.078338	27.507360	20.337034	24.415151	7.821909	9.605170	19.552811	21.178306	25.466600	24.080643	30.583603	24.101354	18.917368	8.799040	30.043118	7.493166	33.757778	21.257046	14.307099	34.086558	35.132306	24.555237	11.757079	18.802566	16.622811	34.243986	12.143329	35.575174	31.908773	27.136387	33.411995	18.907777	9.333067	22.580126	34.787005	26.741078	21.542689	18.787468	15.648957	18.370869	29.235131	34.226680	27.670100	14.490706	13.663371	27.287338	14.094771	17.867089	16.887914	20.563046	19.126538	17.542695	28.620563	29.351106	20.062768	23.018534	13.660874
20.650377	28.113070	0.000000	21.020097	29.498014	12.104394	14.083414	35.663142	27.641647	18.067637	22.645761	9.504864	35.172497	27.800338	23.872323	25.680269	25.480488	32.754407	11.221684	19.428305	26.692663	30.835886	34.311800	25.110801	27.046826	9.301490	20.475839	8.118551	23.745187	32.670230	12.872275	25.042194	22.811215	15.595876	32.784460	32.856534	29.199462	34.213660	33.615658	24.597815	17.068621	7.461894	19.574379	12.022670	20.535827	14.758599	9.483052	13.121192	28.514335	17.527884	33.915440	13.758119	30.162121	14.187820	11.356101	21.043336	27.172340	32.624433	18.402054	32.849321	33.052699	18.378393	21.897643	30.258108	26.907391	8.295686	19.983094	10.684185	20.717092	17.174343	29.348107	8.080908	29.296495	30.488149	12.478633	11.232417	21.839411	18.289115	23.672688	18.171487	31.793639	14.906723	26.741865	24.523454	14.730381	15.734711	16.522644	29.337764	28.826181	25.848948	18.239495	25.686142	11.427837	25.068791	27.256509	30.113479	26.787199	22.868350	12.008347	26.893373	35.099880	26.500761	24.380493	34.694889	26.422110	21.917963	24.473318	17.812232	11.025677	29.416194	28.250376	14.068686	26.886850	9.388275	12.645156	14.302160	10.845829	23.679516	7.846573	30.188578	13.727071	28.150834	8.948242	15.721397	29.132367	18.074209	24.147484	12.147124	24.898273	23.814277	9.995794	22.624601	26.168435	24.803609	31.658301	30.061787	29.500411	18.346788	24.572844	29.071499	35.398018	31.291024	12.784446	16.640793	25.170650	20.096376	7.578931	19.028114	11.190047	18.771561	12.420053	16.115239
27.707883	33.693516	10.730207	0.000000	30.873638	12.853737	9.923522	20.514986	19.413884	13.639772	10.253375	7.829927	35.480898	33.971836	33.383868	11.304449	17.059501	10.770134	21.899164	7.477365	31.366483	22.532518	31.460398	34.738458	24.785227	16.179071	25.924357	30.486201	12.617819	20.407774	12.292412	32.596746	26.491722	29.680415	17.828708	23.997170	33.619320	12.026103	27.595267	31.805443	28.308710	21.549232	12.507679	28.300878	33.633306	25.084518	12.610330	29.324996	28.380352	28.710924	21.759152	35.208799	32.875256	9.950293	13.273463	21.984124	16.048847	15.705087	14.485448	27.325647	9.438855	22.661536	30.004772	21.302069	10.867327	26.553298	17.062398	9.688725	14.332164	16.637475	12.381611	33.351932	27.643721	13.395576	31.966136	35.608241	8.048788	27.318292	15.217632	14.692160	20.664032	13.610006	18.358936	17.458597	20.729135	15.341022	23.976776	26.919303	19.986223	18.747860	30.192811	7.962942	15.076635	30.722207	17.484351	30.972436	14.792572	12.480064	16.500472	26.534136	30.906622	33.872303	19.117027	22.398431	31.573563	8.931281	24.298620	12.891140	30.438562	28.476811	15.184527	35.300595	16.922178	7.625753	17.968118	22.926186	16.904846	18.557891	11.847037	23.194704	34.573117	22.737366	34.666041	31.165357	20.887880	13.285578	14.871752	9.686716	7.170355	16.593873	32.866841	34.710766	35.068979	32.503890	34.014836	12.440307	13.049988	16.005078	18.543557	12.575392	10.950750	31.699627	35.573590	14.879619	7.429225	15.758323	10.471381	10.127010	33.323605	29.752832	22.422971	14.142144
29.587839	9.399989	27.952322	14.195574	0.000000	21.800072	19.598117	35.170624	20.364273	18.336148	12.963400	30.422077	22.655195	27.300213	14.245916	10.186479	7.798714	7.568394	26.868277	11.421096	12.037548	9.495226	30.017056	25.842323	19.110377	30.221424	24.295216	19.412803	27.889916	26.244996	14.446164	35.723540	15.033974	28.702977	16.633894	7.253797	19.059246	30.037972	32.090049	31.293010	29.560786	15.293161	25.715295	34.728719	30.715755	35.406211	32.584729	20.560843	27.339111	19.392912	14.233851	22.267854	27.141805	27.326206	23.951852	15.027007	32.232213	21.374404	28.868506	18.813491	15.702874	8.831434	15.460125	30.459359	19.930568	29.742839	18.221855	32.426421	14.101274	33.433811	8.516901	26.626204	20.113185	19.570524	20.284533	23.632255	21.330249	28.115119	27.688804	10.985859	35.452242	18.584139	18.622912	15.339087	11.389391	23.662686	26.512653	31.684041	32.855386	11.450628	25.034864	32.017750	25.735154	31.329549	25.396204	14.269726	30.041936	11.297660	27.342919	28.102278	31.470833	23.990362	21.253611	26.526893	15.344335	7.298081	16.226556	19.474548	14.774541	8.654984	35.418306	24.843319	25.236476	11.779911	8.169955	27.664926	27.900251	25.877554	21.237373	20.640217	35.700452	16.248002	35.443436	8.788081	20.936767	9.267875	14.514082	12.226364	14.269646	18.025472	16.776201	23.767795	31.758293	28.169661	21.633586	26.231510	33.658212	22.882607	32.479640	20.389060	12.420815	9.309356	34.386374	10.375665	28.103701	18.254498	24.859736	32.984871	24.582851	26.817306	9.990500	8.135293
34.843064	26.198709	21.968744	23.011284	14.411007	0.000000	32.380087	13.418443	17.489804	18.944518	21.565925	9.268168	8.392812	21.042437	17.822560	26.087136	19.179446	10.984285	7.525613	22.574126	15.824052	26.935244	13.302510	10.167271	16.928905	25.696670	11.888244	33.983986	28.652515	12.173341	10.148393	8.824295	8.690717	14.089742	19.568457	30.024857	31.815668	10.043908	21.956632	32.498825	25.056376	30.560001	17.663154	13.310209	35.213305	33.183292	26.921874	25.818536	22.306000	10.715682	7.297215	24.443670	8.324511	29.948467	27.165691	12.383988	29.123047	11.685394	11.283883	12.675539	19.839624	35.612007	17.619523	18.672728	8.426390	35.671676	16.654261	14.001157	11.366248	11.454592	20.723586	12.822751	17.364292	15.333831	20.346250	23.443389	14.747116	10.048063	11.492114	14.704779	8.352607	31.967576	19.262241	16.087513	21.320554	8.901984	12.474322	25.864326	15.916605	24.854931	10.082218	30.498161	22.204734	29.155398	10.870114	26.007837	32.815831	20.715953	33.567177	10.312747	23.203365	32.677059	8.852012	9.068535	18.812070	12.198859	35.031633	33.546776	26.810732	7.863579	30.370580	26.533199	32.329562	12.133209	11.288224	18.687729	16.066773	25.716619	35.335406	18.106219	10.211446	20.077121	25.533926	7.163949	23.022414	19.566702	17.578697	14.931724	31.803885	20.132907	9.217297	17.447235	17.234807	20.874713	7.795171	32.085949	15.926241	23.640856	32.887723	16.013969	29.706724	18.825391	30.290583	20.075091	26.596224	14.836422	17.896609	19.565291	17.344523	20.575045	12.653587	7.610575
32.263056	24.698696	21.923953	32.567460	10.803608	21.217883	0.000000	11.070224	23.887550	34.767801	15.180308	30.579295	24.942869	20.976786	22.443871	30.112593	24.566375	32.587144	28.052768	12.526605	27.991466	30.150929	25.865477	16.628441	17.207608	14.666061	21.320900	23.346588	35.223777	9.461912	24.549627	20.273035	8.105272	12.398033	24.743926	26.529028	9.432960	28.006659	33.956264	31.661774	32.162205	28.610834	15.498862	18.755911	15.860953	29.000440	8.612948	8.899610	16.983358	29.126296	15.288490	26.356383	9.916789	20.769845	20.091056	30.538975	14.456263	26.051692	9.548511	16.693173	27.624481	26.315881	25.880246	34.809584	32.131134	26.223965	20.968351	30.241153	31.282043	32.583916	17.580812	32.231090	27.364235	11.935914	13.353411	21.442347	11.170702	31.273093	22.775949	25.838953	14.602071	24.484121	8.114425	32.510711	33.559236	12.151442	31.227595	27.047059	30.426916	34.501144	25.404666	9.741313	16.517619	34.325735	32.544878	9.822046	15.174456	18.295450	15.955188	10.259727	28.737378	25.918909	34.362316	27.033356	20.802060	28.600284	15.527606	21.009025	22.330274	19.768875	22.038102	25.973193	25.560324	27.769527	16.562650	17.951212	27.350934	20.373498	34.025498	27.355497	11.776211	7.779595	27.834723	30.473908	16.475948	23.403631	29.783099	33.865082	14.074110	20.236601	15.270736	25.157561	35.286866	19.852565	33.062728	18.426377	13.786821	19.701836	33.678390	31.966013	22.007271	19.164018	13.716309	28.386570	18.733170	11.174260	28.065101	26.594343	15.612155	33.342826	12.823909	31.838117
20.415678	34.559090	32.936536	19.555227	21.647971	25.830258	15.580671	0.000000	9.906340	19.591028	10.344957	35.721517	35.356238	17.680503	21.806088	31.692765	14.272041	22.554551	34.197119	8.418599	17.860048	26.498898	34.550417	14.237929	30.064708	7.692071	10.235808	15.659063	14.727388	10.077060	11.634764	35.609194	34.216113	26.358641	14.375306	22.916752	28.142218	29.185010	7.303161	19.836253	9.537285	35.247399	26.063194	16.659868	9.508513	33.237551	10.167413	20.394371	13.917849	11.097188	20.159296	31.604203	29.026784	16.670749	25.883156	26.569526	34.956086	21.589425	27.037390	21.394627	14.350013	17.352089	33.018277	33.445377	24.695795	15.719593	26.731916	28.007455	26.837487	33.943582	8.461919	9.715258	21.864699	16.265761	34.561794	22.217030	10.494929	24.456346	8.197528	18.746417	19.466516	20.900077	14.840036	19.709202	8.016982	17.531305	22.085457	7.239457	31.005060	20.734145	9.094964	19.271516	22.235427	33.424859	8.474137	12.355157	10.616473	10.800383	20.456378	17.022877	9.504034	7.837454	28.502026	19.902922	15.433202	13.809300	26.225108	27.223001	21.548790	20.794023	7.337574	18.729330	33.339142	17.978009	21.810245	12.513683	29.477972	23.906355	15.646041	10.549682	31.536628	20.039870	10.130450	27.542506	28.270139	25.875089	32.308904	21.489618	25.642377	29.376238	8.700506	9.737216	28.237819	16.537350	7.626639	9.780087	35.673860	24.396705	32.547338	25.053397	30.862583	20.433714	22.997332	31.644270	30.682624	29.350251	12.812556	14.917236	32.654648	30.733467	33.916499	15.524979
16.250829	28.715560	20.548472	29.575037	20.515526	34.097450	20.237309	26.194269	0.000000	27.163632	22.508105	28.256775	10.291750	27.703697	28.081172	16.319802	7.218659	27.001002	21.817974	24.039273	12.743273	10.411224	29.679771	21.439348	22.109026	28.243681	9.672355	19.726302	17.143193	19.340682	17.026010	33.992673	11.770201	18.643958	14.468930	17.071259	25.762045	9.205780	27.511818	19.050745	32.222333	25.412103	33.265620	29.925831	13.229243	29.183243	31.637007	27.504762	18.586553	27.652945	22.054109	19.097845	14.963641	31.560273	12.438842	18.020441	34.506246	17.454336	33.839427	25.402444	22.384258	17.896093	18.603025	33.055413	10.637722	18.140973	28.116205	25.987062	23.537618	30.644542	28.511759	17.529578	22.280484	15.435887	33.116437	11.592277	24.254382	25.884403	11.755254	15.439820	22.280127	11.089672	26.121952	10.044780	33.893475	11.024262	21.861738	9.043726	8.331510	23.790580	15.536275	18.386966	34.276840	15.351723	32.917282	9.322487	13.262734	10.320949	34.445553	25.775557	19.941288	18.106847	7.983219	7.534318	33.429433	7.178931	8.743435	21.554747	33.535066	12.875713	14.806210	19.591210	22.737901	14.038260	23.935248	9.204976	15.648327	28.821614	27.757486	13.575063	29.342755	13.892170	27.930499	34.816838	30.239853	11.993629	22.465326	20.277565	21.132508	25.199424	24.527699	15.517331	21.784496	7.496101	21.182432	16.560540	12.885097	12.924823	31.230553	27.033098	30.428424	21.946804	7.622748	20.730289	27.903900	13.350534	23.911239	17.768843	17.176723	31.335878	14.528920	33.409844
26.145220	12.384599	17.976327	28.033977	25.198888	28.586030	28.475645	33.935250	29.334455	0.000000	15.046005	31.638924	30.899744	13.562564	17.168517	27.835838	27.235080	21.042975	17.446188	8.821192	8.871848	16.078114	34.447033	20.860647	14.212722	34.510731	29.620081	9.967497	15.217171	28.704714	19.044983	33.375764	29.559650	18.082408	25.743901	12.760679	24.008338	15.720899	30.520774	12.414197	10.954477	26.359334	25.414723	21.262240	14.584601	12.439686	32.199122	22.183866	8.430524	29.366711	34.293075	10.405357	23.116722	27.774542	30.719168	9.341119	21.725521	23.255934	30.985259	13.414136	24.086197	23.859163	21.349757	9.332721	23.301284	30.631838	24.673640	23.163486	15.190827	27.603356	20.785459	33.289652	27.118202	8.366566	33.449064	22.064805	8.110339	32.811645	25.027503	34.500733	29.353212	11.076724	34.268911	13.763872	11.945320	29.789387	9.449091	31.575307	29.095308	32.287558	9.203984	29.831767	17.933935	31.916574	28.427179	27.470059	13.744085	9.953596	13.807498	9.538304	8.200011	28.423637	11.708516	25.052220	30.056024	7.614445	15.679772	14.090508	25.490491	10.432525	22.254704	17.339371	18.394360	20.741946	9.548932	31.854466	10.193771	22.909834	27.343184	32.848691	9.152324	21.412578	23.916615	19.371691	9.450386	21.844598	19.125098	7.988091	26.926800	17.955373	30.067298	13.894990	10.972658	13.014616	30.118306	16.390174	29.928001	9.708579	14.676037	33.540972	22.564976	19.805472	25.858660	17.075107	31.091994	17.749279	30.183375	27.754908	27.801882	29.673315	34.013243	10.002210
19.361339	24.914132	33.100311	22.950647	31.713802	22.494641	17.652416	35.664187	32.223026	35.396116	0.000000	35.591891	13.150066	16.199925	27.160997	25.137341	20.342217	33.494832	26.416760	27.318017	30.638036	32.883407	16.774638	22.540268	13.729868	15.787352	19.865721	35.726996	28.546012	10.583920	18.010594	10.558074	27.475437	15.727356	25.188019	14.438742	34.124122	26.299250	14.206776	13.817820	8.007827	31.127944	12.179612	12.479707	27.578255	18.607422	26.888909	21.622958	10.673140	20.297740	26.403794	22.324640	19.308114	12.693655	28.718837	8.595391	11.403680	16.190464	7.498665	13.222986	28.458230	23.437477	33.664570	33.445125	24.682899	19.281899	21.178326	21.560511	14.646312	26.873944	12.867714	24.426562	7.195148	11.785790	19.949043	25.553010	19.536082	20.541254	11.326130	20.185953	10.632106	21.404752	27.898664	32.510995	21.943567	31.920579	14.878565	18.123841	34.895095	27.238125	24.159137	14.885225	24.336636	29.168800	23.440347	14.001138	18.205257	14.349451	22.083273	21.089523	14.247739	29.429549	7.969990	26.024256	29.923894	27.903698	31.574967	31.262725	9.234409	32.822868	16.704574	12.822440	12.702408	28.339998	19.040973	7.698170	21.606407	32.592950	32.433391	31.553985	31.892113	13.670720	10.136875	20.594942	13.279894	16.549665	10.986464	20.632310	32.100985	12.531839	18.854763	29.972649	15.425564	19.509719	33.858886	23.626759	22.276581	34.633619	31.522559	35.202946	7.938771	8.262224	32.129744	18.596784	35.209264	20.742504	32.305580	27.788475	12.441352	30.402601	20.075437	8.429160
22.204733	13.984219	34.123856	25.912579	19.416788	13.489808	19.915005	16.401561	10.297022	28.380105	23.065816	0.000000	13.170601	19.316911	8.990691	30.027654	12.611758	9.297658	19.393608	21.467861	15.852527	15.315135	28.499313	13.115909	24.021925	23.090156	24.756655	7.951939	28.572559	18.296984	22.288914	23.262701	32.340966	24.322991	8.372182	31.275745	9.000373	11.540576	17.497725	26.987017	18.981656	13.283402	13.332017	32.476766	35.004368	26.482390	26.399216	34.920175	28.724930	35.097900	12.993458	13.809510	17.327273	23.388689	17.890570	23.482396	10.347924	22.261367	31.201686	23.059361	33.656479	7.514357	19.330866	30.866411	16.624026	24.078240	31.098936	19.454088	30.126885	16.305374	9.155049	7.934098	24.780399	11.943070	11.914658	10.124083	12.613869	20.530157	28.155918	22.722259	12.804299	13.465104	13.855192	10.781840	18.211942	8.048195	34.285571	33.951276	21.095958	11.757047	12.593563	10.543941	17.325279	21.632824	20.605693	20.063088	24.946697	30.840981	10.911891	11.420739	17.088503	32.393183	23.475519	14.587193	27.654178	27.305074	22.951324	11.532989	14.102763	7.451599	27.956037	23.829703	26.295493	13.633497	29.409524	30.928331	33.831769	21.395267	20.772510	18.538018	28.884620	34.973141	34.938985	23.295646	7.833753	11.246450	11.486717	29.680352	8.607570	30.115636	21.915652	30.662355	26.784578	16.131590	11.677332	23.095671	8.047924	24.736965	31.774157	21.283654	33.314262	29.054774	29.328504	34.983287	9.438032	23.970963	15.886544	20.199164	21.380649	23.888357	11.622494	29.882326
10.871287	7.643943	9.251843	31.876945	10.798631	11.935678	31.145764	30.503637	15.597668	13.248510	14.144139	20.167487	0.000000	26.055305	7.240485	32.061970	16.507958	10.740458	29.939284	25.598179	15.568591	11.360363	34.125972	16.881060	22.427064	33.290995	34.386115	13.782372	32.352331	19.157397	27.868750	26.977613	28.593551	8.355419	12.870744	35.352839	12.190334	27.112208	35.574444	21.379934	9.741282	30.977653	31.476058	13.114602	8.521039	7.457573	25.270496	25.756691	18.497146	28.652942	25.060693	7.991188	17.325354	8.029452	33.892884	17.457276	22.822022	10.306563	12.535259	21.720574	27.003096	25.140772	19.601973	15.247183	26.664419	24.192312	8.634771	29.887178	22.137074	32.699619	12.832259	17.656801	25.284908	8.227454	28.405247	35.654551	13.091202	33.036170	8.863933	29.885327	19.370328	26.135844	20.846957	26.257991	31.440467	34.626206	7.721590	28.107327	30.791154	13.612633	28.475706	22.918679	11.487992	15.250058	22.500342	22.799335	8.873610	9.094632	11.110188	9.042832	23.956538	20.070137	15.376496	30.485442	26.170322	23.436037	35.234175	21.157493	13.301531	28.172251	32.172930	13.655111	9.160401	12.870502	24.633963	9.080799	23.680697	17.778345	10.379911	28.800585	29.608918	29.211722	24.304342	18.653936	13.151740	22.498517	32.896733	20.902405	26.293317	19.832481	20.757425	10.732303	25.524543	22.268717	18.337791	26.424182	26.832270	13.688486	17.937704	12.852265	29.706666	30.071741	34.495807	24.986963	11.098817	13.444290	16.110890	17.994482	19.101262	8.768323	32.989903	26.801252
17.216315	25.383834	23.051875	10.692680	32.570172	27.211191	33.219542	33.548010	11.186595	27.937230	20.928484	9.247573	23.558446	0.000000	29.804750	17.686351	31.598038	32.156904	30.880951	32.433707	28.486848	20.091397	26.257232	21.429848	29.192091	27.447155	19.706702	22.490319	33.714584	24.509516	13.955315	18.516443	27.792251	33.129931	35.419523	10.398488	30.467874	34.649017	15.728571	33.567406	7.690378	33.859080	16.019437	27.101610	29.148041	12.904761	21.249830	20.721901	12.311828	32.859693	18.600487	14.674770	26.787767	33.489712	24.234371	29.470147	18.952224	35.266375	27.004879	26.806604	18.506647	8.448370	27.242155	7.847285	30.127766	14.962920	12.385810	23.329033	26.998025	22.709013	30.958232	7.352663	9.799444	28.816276	26.548429	32.672501	27.173312	21.314812	12.132563	15.106087	13.250560	15.292575	35.102860	14.915699	16.249991	12.412170	18.164416	11.941928	9.680831	26.648699	30.745493	19.088491	12.438269	9.425241	15.320328	33.006856	33.002758	28.985030	28.240864	17.418684	25.031518	19.105025	17.964727	20.367454	28.571062	17.080320	8.240968	26.982452	24.582945	19.304048	25.029146	25.684787	28.598664	21.795896	23.180586	35.523862	10.872216	23.784084	24.448511	15.773090	33.433592	30.821966	21.137648	11.499562	18.339101	12.539982	30.484618	16.783919	20.199317	13.453778	33.171408	32.181278	9.949730	20.158165	23.628715	14.514132	27.839227	7.186012	7.181017	8.526735	16.922216	30.165283	16.164777	19.494434	21.517275	27.881062	12.465149	20.177917	13.688280	20.601153	9.662445	14.327618
24.437724	20.620626	29.783507	33.825307	35.175842	19.469059	26.668759	22.448052	10.802403	15.949972	18.959353	16.826365	9.909354	31.443854	0.000000	10.629603	17.866527	18.802006	18.031710	20.107262	30.480245	24.794226	21.180363	31.426419	17.361315	32.516093	14.212818	33.343967	20.393454	26.605289	10.365300	16.859366	9.934261	14.594510	28.626211	20.600656	26.099811	21.534073	30.813783	11.095700	32.372760	32.051919	27.737725	26.375930	28.286170	13.423974	17.429317	33.009812	16.277096	10.234317	21.802343	28.368843	16.093781	10.953837	28.822916	18.613468	16.273466	30.179919	19.000684	24.142449	7.371104	20.867289	9.578702	10.426964	12.150941	19.095424	24.221162	27.497304	14.249679	27.462243	19.426767	13.267365	25.489998	23.007345	9.199735	26.410391	31.660619	9.288855	24.129830	31.902008	22.562438	17.824853	24.207003	32.048086	21.747834	15.317476	13.533708	9.332686	8.976630	22.770648	21.291022	27.670913	35.523147	11.507434	20.104823	16.693498	17.647809	18.575303	17.583997	30.981687	22.901393	11.685723	8.478711	22.109202	30.892199	10.651433	21.994363	13.360276	11.184828	17.665571	17.437752	11.127026	28.859290	22.947225	32.761449	20.530159	12.865856	18.761402	17.569283	28.697093	14.730623	31.780137	12.387952	32.680926	13.786207	13.252952	14.549208	7.259075	17.479144	15.280134	19.247769	13.064468	26.407444	34.371813	12.528343	19.228209	34.952519	14.902304	27.561250	21.449090	16.577251	9.111293	27.297935	13.357057	17.605905	30.505133	15.240868	25.548173	27.751290	30.552328	28.268116	9.209645
11.889497	15.581430	11.603450	19.809412	27.182452	8.987940	33.927881	10.752063	8.121569	34.268529	20.749065	22.878113	34.705134	27.831104	16.534282	0.000000	10.032909	20.617187	31.056852	14.047192	16.498907	10.001573	14.308093	26.031107	24.850048	30.118221	26.870185	21.715472	27.421793	18.645034	33.266134	11.370844	12.131972	9.429390	34.801279	32.490711	11.117953	21.634443	33.918581	23.035612	35.004875	17.977685	20.267214	27.281270	14.988841	20.887916	18.650337	9.097383	8.394021	21.751097	18.197162	18.944641	34.152762	32.467226	26.974218	22.386140	21.060301	29.694003	11.694009	16.773567	28.485986	19.387003	18.922373	18.969682	26.384270	27.072823	13.293263	13.539995	13.879745	16.141622	20.243738	20.243210	24.295542	35.523349	10.719476	21.469814	19.817639	10.897123	11.497794	8.732345	23.708861	35.609763	21.510125	11.056576	8.660707	19.642511	27.874291	8.464657	34.331576	18.181025	9.571769	8.682222	19.391199	25.150482	17.381321	26.446868	11.402903	27.702239	8.655879	18.216375	9.941794	33.437988	28.472587	35.036115	22.404737	17.566194	15.635462	13.665445	23.256777	29.584267	14.975419	24.966094	26.328548	29.671108	22.862941	15.959013	16.841443	27.553739	22.076188	28.199015	30.733119	28.221887	24.604932	29.852767	30.170276	21.757136	20.474359	9.008769	17.746253	9.276245	19.540663	10.032560	33.796449	27.500109	33.306709	9.215912	12.869543	11.735936	21.534339	23.641225	15.547399	23.271751	8.682838	29.780499	13.164351	22.079112	28.196365	12.762912	19.914078	24.168951	16.538380	20.787102
27.324303	35.335101	19.758233	7.841839	13.031615	34.392142	25.019063	19.915871	34.190615	12.827531	29.410640	22.754683	8.572100	22.118023	11.961161	17.891034	0.000000	30.966759	33.767219	15.315638	21.391428	18.585213	7.702877	33.180507	12.441364	34.784996	14.245431	7.356973	30.357317	20.517377	29.995006	33.453426	32.403439	11.325005	25.880740	11.272482	27.094413	26.564155	8.892654	15.957329	35.079319	18.024692	30.773307	31.772012	27.667607	19.422773	26.915774	24.353091	31.952958	28.610167	27.966674	10.805568	35.013753	35.109334	13.936201	16.735479	26.814252	19.184116	12.623362	24.059556	27.670212	19.847268	19.127715	20.255547	27.669881	12.014325	14.551225	13.452557	21.272004	29.193702	11.617650	24.648005	16.276830	23.736409	26.874635	12.495083	8.931646	29.972123	34.119367	11.075308	23.314584	24.495137	15.603345	9.268477	16.264696	16.871279	21.718519	14.334383	16.108577	7.333939	14.696493	31.284794	21.772711	35.103942	35.351507	31.690145	20.326795	29.963114	10.774020	12.110702	15.104146	26.934800	22.526089	30.760031	25.128078	34.362654	18.348517	12.133037	16.597597	26.161145	22.216565	32.260502	25.909883	7.419249	8.394619	26.703686	8.798892	23.219857	11.564321	23.461802	10.804770	34.465713	11.728080	30.809049	13.856194	23.870043	28.751542	31.978288	26.109530	24.240787	24.409541	25.969396	20.399963	13.086485	19.189011	24.847067	25.701782	8.496763	15.765365	19.560230	7.760236	20.058100	8.025643	13.841827	19.249102	25.814077	10.547972	17.086893	8.080691	17.033649	10.492919	32.356033
10.994963	35.444954	22.537671	18.044907	14.073270	34.033568	17.057470	25.043376	19.070515	15.570456	25.625733	13.636712	12.492610	24.024356	12.108150	25.976734	30.899865	0.000000	19.759092	25.343991	26.610881	7.705867	21.390488	31.207067	21.955365	18.073685	26.870236	35.331183	17.407028	9.002164	20.401745	28.421519	30.940749	20.926662	35.439967	13.803127	12.703478	9.654116	33.546218	10.922038	25.903777	27.478471	24.075521	30.452187	7.716534	9.511551	9.285347	31.646586	32.205123	15.499374	9.400808	27.259341	9.626765	9.479113	9.113738	13.750706	29.939218	13.930041	13.712292	7.535229	24.254722	16.152039	33.932157	11.056952	9.713263	24.887133	14.713237	13.055466	28.455651	11.850681	29.566318	31.333948	27.639923	8.585414	12.233250	23.649812	17.336869	25.570243	16.888237	22.954259	8.415558	18.215735	17.848592	9.647087	11.634895	11.392921	9.997508	18.453311	11.859133	10.669117	23.938087	16.229880	35.192536	31.630500	15.648553	18.113982	10.835656	32.191481	8.428961	29.696751	24.592352	10.579906	22.314861	33.985079	21.598303	21.380750	13.365620	27.332308	8.167046	21.267104	22.753223	28.421833	33.723699	23.952520	26.235645	32.104751	12.752490	33.798503	10.477816	19.352683	22.231373	33.101157	21.721221	24.706518	9.007406	31.638199	26.442769	9.500915	23.039844	19.491136	35.316930	13.100885	30.273890	13.806144	10.396645	32.336184	10.670201	28.078368	21.181865	8.878252	21.775208	28.916202	28.023205	24.962123	30.053737	32.902605	22.967967	30.193632	27.424894	15.056504	14.749540	10.890185
10.984205	32.980925	7.927546	21.314454	17.900653	27.025918	15.602888	12.114287	11.622433	35.669554	21.807121	22.661551	7.543733	31.535474	16.292042	16.361309	28.868355	21.830302	0.000000	30.790175	23.930300	21.471982	27.279827	28.912991	32.220829	24.407078	19.619256	24.896217	19.600962	12.121466	30.236994	28.628214	19.822510	19.572424	25.636055	28.057841	26.251114	26.317239	21.651284	34.615292	33.890327	20.218388	32.517374	14.369710	33.083941	17.212284	23.958311	9.018978	32.730021	13.443971	32.119415	32.176267	35.532732	32.121433	32.628223	23.943286	20.394472	28.753528	32.764788	12.063753	26.812239	8.669853	16.824180	20.035807	7.454085	27.463485	12.624264	26.620275	19.649938	11.645312	25.191958	27.800255	26.969456	27.604484	17.525271	30.496932	7.452121	14.689528	33.303423	35.492999	25.903387	25.899667	18.907192	29.627052	24.768744	17.728453	24.816321	17.576318	18.889667	25.674863	26.102623	27.305349	21.997842	33.713055	11.277338	19.180707	34.571260	22.907109	18.741085	31.934118	23.373043	12.526053	33.671923	22.851879	31.622839	8.584082	34.735587	17.354695	12.833693	19.221055	12.058969	26.686444	30.373456	8.102778	20.069253	10.083750	7.277368	25.952566	11.617981	34.376288	16.571320	33.374392	33.655618	12.996914	17.029971	32.831877	20.082303	25.448556	30.955691	9.744604	10.774672	21.227535	33.651930	23.762117	23.780592	34.664703	22.114890	24.552381	7.472557	20.971844	29.709615	21.087251	35.093332	12.437255	24.399556	11.973867	10.443915	10.289978	18.704812	25.655670	18.255669	17.373400
23.011312	10.976984	17.031523	10.111160	34.508184	29.852010	30.581461	24.789222	21.095519	29.529446	31.229084	22.499444	8.866469	27.654865	9.324070	8.805603	21.059306	27.189796	32.715191	0.000000	13.897381	32.293929	33.091283	24.647409	7.934076	34.279374	31.547757	23.881374	34.309817	10.579320	17.074505	21.563421	12.908724	18.473192	31.573337	27.946017	9.712487	30.878257	19.969724	24.230432	11.027957	25.223675	29.550043	25.396940	21.736890	26.351445	25.919666	19.558988	32.864492	24.676146	25.877947	24.353791	13.992572	17.188251	24.942128	16.236492	35.434203	11.598256	17.201871	23.728502	20.507177	18.651611	33.167535	24.980129	22.764472	22.187845	17.987708	19.487488	17.524114	24.939383	19.901328	10.576739	30.347436	33.738895	22.927836	16.633282	11.862974	24.801238	8.890624	17.167857	26.429717	10.171862	10.977370	11.952345	19.877967	20.534679	25.940135	22.434791	15.186705	8.163552	15.827337	15.035230	26.465519	7.455135	34.877783	24.540424	30.644304	12.561343	9.450946	18.393470	33.913615	23.601074	26.800834	14.708506	11.716480	11.823247	9.337742	20.569871	20.271809	18.934187	10.579672	31.386056	35.130869	21.144895	17.706598	21.414235	23.668909	8.505773	34.577413	30.487168	19.396685	13.563811	7.156990	11.165775	19.669722	16.560531	17.154117	21.169125	13.259545	31.969834	29.360424	32.890128	17.715289	9.828012	14.156626	33.871311	30.753794	18.038682	23.887009	35.471976	12.241703	7.316288	21.941311	30.524898	14.661973	31.334638	25.421137	18.007193	34.426671	19.233659	32.230294	10.898661
15.226644	25.564744	25.602773	17.536299	13.372178	24.687021	15.460384	7.241671	16.793860	12.908316	11.393310	10.754814	7.444884	14.608407	24.767279	22.003888	31.186590	18.061597	15.166377	20.273844	0.000000	30.284099	25.806606	19.858838	14.798463	22.146963	21.923692	28.220246	12.861521	16.387061	24.743374	20.220647	29.307195	32.200859	30.683035	24.849701	28.407503	16.675625	15.669148	8.539529	12.484417	9.095550	29.616624	11.225007	20.510230	8.548536	35.257370	29.852361	34.036880	22.782245	32.614305	8.457053	11.445954	21.999567	11.238218	10.694783	18.414644	25.861012	17.401431	33.179769	15.540219	15.998743	35.319401	9.918614	29.065934	10.425000	23.639012	30.117434	7.486677	7.774451	29.785537	22.928493	16.112882	21.621418	20.863958	15.816881	7.181197	25.384047	33.448335	22.978921	12.572242	13.013355	26.739471	21.048816	34.249121	18.593004	15.878825	15.476960	21.330249	9.975598	9.154565	19.745283	33.264658	17.128622	28.851738	30.436818	27.828012	24.151059	35.293292	22.560431	27.118223	28.792548	23.034033	16.537440	33.104504	11.141193	21.661130	31.849343	25.897302	29.468711	23.541776	22.010067	26.808096	9.128100	17.008987	35.499617	10.387975	10.641232	11.593000	17.898387	19.414476	23.246435	27.657817	10.424118	8.100583	29.358344	30.061048	30.474162	20.790856	31.687081	23.157528	9.748797	35.207016	17.570191	26.689089	28.089140	12.135006	9.056871	22.545816	34.197628	28.056161	28.833086	20.325841	18.399442	35.398521	10.484830	13.948750	7.861450	34.517588	11.308303	28.897615	33.956416
22.490201	19.509787	17.828366	16.082075	24.055975	31.764793	19.809488	28.124220	28.748019	7.206026	15.409015	7.852732	10.650497	34.675954	33.956569	11.420227	12.497243	17.763857	12.755638	33.864792	9.404035	0.000000	32.237723	30.812282	22.139179	8.008429	29.249123	28.737685	13.071239	21.765433	29.797655	17.208630	8.899730	10.212693	11.340760	27.671324	35.129777	21.960908	9.142222	11.146585	28.955906	14.776174	8.627347	30.056965	30.366819	15.346039	35.699401	30.441766	16.245556	31.784919	23.527522	9.276895	18.588833	13.380844	11.145295	23.316312	30.724596	34.307239	30.164656	9.852690	22.550961	14.500488	10.129634	13.468653	32.228099	10.467972	14.521481	33.897347	17.784686	12.875755	34.095812	25.376535	35.432115	26.563360	15.684698	14.739656	32.541361	8.544091	7.573665	13.979864	27.759107	33.737325	20.157603	32.067727	10.020501	25.079704	15.300350	30.810528	28.696587	18.949212	25.810647	23.490753	28.640198	7.542723	13.608807	27.918402	21.117741	16.219275	16.977994	15.759842	12.163145	28.100283	8.296830	9.017823	14.664622	20.960032	16.683314	30.241638	19.441828	30.561835	18.528494	29.104990	13.460819	12.796643	9.794634	28.599010	32.824746	18.265797	25.381897	35.367143	18.895123	32.380616	19.335879	15.705366	34.810653	23.614183	22.627827	28.869141	34.000622	12.204983	34.057628	21.559065	27.472027	11.474118	32.381203	10.096452	11.243921	21.151411	20.173460	23.460475	20.880169	31.178758	10.976595	12.838737	35.111606	28.592404	34.342377	9.960194	13.171413	9.516087	30.001513	12.965158
28.851225	7.256195	10.422796	14.903481	18.907140	20.498799	31.580629	27.094367	34.091345	24.534497	21.225874	22.924618	11.473664	10.362457	27.985867	29.747137	14.350956	25.845073	22.757098	27.399138	11.500654	22.503043	0.000000	30.770748	21.939299	31.431506	32.471659	11.910351	8.226893	11.987423	19.259934	16.636353	14.940315	21.830887	9.911417	30.547478	8.782063	9.417976	33.830866	13.967153	18.389659	23.324625	12.735231	21.111491	9.727456	23.564781	15.933572	8.263908	20.995577	9.491233	24.727709	20.648010	15.359352	13.269436	27.335417	27.611371	27.619319	24.141953	35.451988	17.745192	12.489706	29.373054	10.304937	8.146902	25.489974	8.241410	28.349731	16.354860	17.649798	33.168228	22.119739	7.254637	34.638602	19.469097	22.549109	11.170330	26.576372	34.319108	14.924490	31.235275	29.371370	12.276001	32.552271	28.869111	32.004698	34.266522	19.422303	24.898552	27.368929	13.011149	33.230715	34.618402	28.219221	30.736371	32.391460	22.927011	20.987980	8.575659	17.910679	22.214165	8.246197	17.996929	32.416699	27.624026	34.317118	30.953758	10.380651	29.241147	31.869449	8.842543	14.993569	23.729193	25.597039	26.459630	13.211161	14.622032	28.558175	21.750667	25.438363	12.701209	10.343544	27.595779	33.844920	35.381882	9.263308	8.470231	30.194189	20.882471	32.511326	28.051607	33.996235	11.072821	26.724545	22.411311	12.200933	11.543948	21.661022	17.947735	33.621094	18.284979	11.833729	29.461626	13.829141	26.717876	22.123063	26.695287	23.497244	31.682412	34.131712	35.656725	13.300446	34.534986
33.850677	33.296865	24.399643	12.499793	17.038340	32.269724	26.513915	11.296361	35.277035	22.152211	24.627978	13.464720	20.837916	15.563959	7.901898	26.551490	13.874390	14.691614	22.877100	11.402504	10.565031	32.041831	20.852207	0.000000	29.280069	20.817147	9.441784	30.927346	12.463290	28.585308	15.335052	25.411528	10.536496	15.399526	13.060172	31.792264	8.151874	24.804557	8.343460	28.547186	14.355090	7.724008	20.502460	14.149093	23.846055	11.676122	13.818745	18.339545	23.865433	31.442486	21.296799	22.569352	21.456253	22.672525	24.063030	26.757646	18.426779	9.055070	24.491010	32.574461	31.022503	15.379768	24.244921	20.732461	34.605209	25.819814	33.590891	10.276597	18.429698	13.819299	29.594417	18.502319	28.142140	11.577114	21.854571	28.358145	33.247002	15.206404	8.597225	25.280730	16.155259	11.362770	26.354047	26.682922	18.159540	28.837343	25.609298	30.943487	11.870503	9.009474	13.837651	10.751140	33.547678	17.858264	26.242291	28.892857	27.114826	18.304137	23.867697	12.874759	17.038780	32.124398	16.905136	24.771579	13.609564	17.041059	35.371809	27.612779	17.704589	20.941792	13.985808	21.960918	7.737894	11.486670	24.186850	12.500165	9.013589	20.942079	20.743533	7.375987	29.459718	23.230939	11.402330	21.610348	18.418427	29.522251	8.394191	14.872616	17.164853	17.061591	12.369405	16.924212	21.987372	26.136587	30.992431	18.350356	27.475752	27.230947	31.261471	24.242596	30.407303	31.135366	27.768193	8.780752	17.951808	32.742189	24.893329	9.194092	11.885266	32.393770	33.234815	27.834116
13.865857	35.118630	7.551310	33.410035	26.257052	14.158914	18.248871	35.546591	19.478348	32.330420	23.566689	22.916153	33.709860	11.108055	13.421247	17.353008	14.126519	24.085940	7.423884	35.060499	25.858016	26.018235	26.674919	15.518102	0.000000	35.416067	25.667496	22.459976	30.384776	34.122254	24.064030	14.911014	32.840638	19.065815	32.567033	22.392592	16.587461	26.918064	17.002484	35.075325	24.596231	29.721653	35.328242	20.944927	22.827222	19.126276	14.295507	17.132111	31.491130	13.418374	28.221183	21.934683	28.679753	11.314108	34.923768	8.085014	31.243657	28.194105	10.527939	27.560798	21.968345	34.016093	13.595351	26.187232	15.921622	21.351458	32.241519	16.310388	11.986580	12.837133	30.961175	20.315072	11.822028	31.273190	11.568439	27.115674	13.188480	32.614291	34.846927	22.103671	15.931477	32.114064	33.203361	13.968878	27.979074	29.048149	14.111201	14.769040	34.624648	30.850738	22.163169	19.603770	18.713911	13.541658	12.806390	19.823533	30.818833	28.426715	9.740696	19.390687	20.511762	22.972130	12.678870	31.714280	28.467000	29.648646	27.095825	9.279827	26.570715	19.546371	9.246281	14.642740	10.024306	8.016972	18.356274	26.462341	8.371874	25.114636	30.115213	21.537375	21.658641	34.376894	27.592873	32.512201	16.872528	27.033393	11.782143	9.090356	29.498518	28.124223	29.759007	32.861715	17.306962	33.376396	35.646468	13.295567	18.224963	17.175528	33.295647	22.761014	27.964004	24.277249	9.843833	9.377121	23.816212	20.678973	31.670670	7.219170	34.064222	31.365008	13.680866	30.687308
11.304038	12.460949	20.956171	22.534872	33.899453	10.574466	9.447351	30.594034	31.615021	23.770949	18.417457	34.161813	23.628397	28.195131	18.447020	20.019204	7.835240	28.510101	23.702838	32.526884	29.263224	21.206849	26.895759	28.813578	31.847038	0.000000	32.945736	35.278785	34.656999	17.355118	8.424389	8.344320	32.801354	31.336091	10.132815	15.305830	32.724327	34.342373	9.418787	28.982661	14.154968	35.234218	29.990245	20.473245	28.973940	33.361608	34.266914	29.482703	8.491616	14.578228	33.864291	27.760122	29.169312	8.586354	10.815419	20.921263	9.020251	20.348802	19.623935	21.898163	10.571327	8.030453	12.166878	19.566768	33.163934	27.302298	20.015485	29.300849	25.079971	7.838208	32.206886	23.058881	32.232449	33.608404	16.726538	15.380997	11.788916	29.136468	24.875744	20.405491	15.183351	30.460919	25.263532	33.802493	35.068125	17.643251	7.198535	35.683387	26.778823	13.091200	17.084888	13.456610	9.071389	24.825832	31.958620	34.699011	9.994628	34.222465	22.533165	27.851603	19.055447	8.287864	30.898198	16.468442	28.828585	27.895941	15.090624	31.068799	13.595042	23.287053	27.417258	7.628365	8.701912	18.622048	14.964918	26.804813	10.330785	7.459188	28.223229	19.042100	33.390308	31.372503	29.602395	25.258580	10.588287	26.227768	28.188167	30.642759	8.928802	14.595491	9.509177	27.789763	33.930159	31.953708	30.143058	19.882494	15.238000	22.451539	9.653655	20.297680	31.702808	21.944268	24.483597	7.229962	16.713433	7.742149	13.866649	18.978227	24.198353	35.670924	24.632683	29.979165
20.916764	15.746508	24.067938	12.698607	7.843691	19.391340	25.024911	28.475220	16.519877	14.044265	11.042821	22.110392	22.964437	12.845137	8.090481	16.708476	11.185834	35.227365	12.258039	19.045316	32.057529	21.466886	28.521150	16.849071	25.220786	28.371781	0.000000	24.531914	19.024079	7.579340	8.644789	28.714183	33.733027	14.241582	17.664820	23.600444	23.369477	33.372329	27.920055	13.994770	13.392877	12.642114	24.789769	11.260171	15.623429	22.748521	24.882787	11.625553	14.522866	11.208010	13.169127	35.696790	31.686277	16.849691	8.698950	23.888284	30.268797	27.531267	29.278426	34.928333	31.765952	35.517567	24.995902	28.841068	31.128967	32.569408	10.698566	30.223330	15.728540	12.602821	27.809361	20.027598	22.264180	27.573246	18.106701	31.463108	25.280877	33.742778	12.128628	19.835376	25.595092	35.681728	33.588874	26.726738	11.011653	13.212666	19.640516	30.221242	19.901948	21.287626	23.655047	35.478628	14.935147	34.103549	16.425772	26.046744	17.347910	33.502734	23.764451	7.662634	27.751124	9.459903	14.952260	32.109614	22.574059	21.937388	31.187736	31.488297	8.961085	10.820227	21.851776	33.208342	29.580993	8.648660	15.797952	31.606417	31.401240	16.622766	35.045513	21.576401	12.437869	11.927713	9.787181	26.602441	15.327892	23.846688	18.074197	17.025706	20.904420	29.392519	33.392246	21.974685	11.571650	8.854560	33.816794	31.846043	13.931005	12.364115	29.215155	10.603225	12.410165	25.799275	29.604955	20.697562	9.807742	16.063274	12.163194	26.755468	30.471691	17.496042	12.294526	12.474264
30.929544	35.271618	15.586546	11.488025	26.071113	30.476737	32.324397	10.713514	18.458737	23.274205	24.614809	25.442027	7.515604	30.540949	27.938509	23.445503	13.724705	21.755876	13.877313	9.844601	15.165201	8.899089	25.774330	21.746566	29.662044	24.499346	24.701278	0.000000	16.914076	28.805942	23.560633	32.502209	18.418037	25.785904	13.317221	18.430220	13.755753	30.819390	10.214595	28.357208	12.925267	10.913098	33.426276	14.628829	21.439520	7.534319	35.317893	25.603069	18.720177	25.988670	15.491046	14.507456	19.526726	11.517390	7.249548	25.529616	13.683002	26.370133	12.823659	8.183071	19.118095	29.523392	32.398394	10.086089	9.642914	17.740863	10.968192	32.906179	28.750129	11.972587	17.284061	11.940500	24.403038	24.764325	23.732338	30.179297	13.338085	24.818235	16.182788	30.558068	28.899636	16.234873	20.639288	31.980946	21.332335	27.735272	17.082013	18.931958	19.895697	8.586317	11.914819	31.888510	7.176634	25.029517	26.384314	30.020156	12.616853	33.978363	7.958994	12.376496	10.701886	33.926866	33.972551	29.246193	13.359845	27.243012	22.770689	34.305643	31.077784	18.372404	14.439213	30.696532	28.798229	23.261579	14.203788	32.305599	21.427531	35.237943	21.832690	13.335190	25.301939	24.491655	11.909599	29.130796	11.063330	15.416427	24.041159	11.982131	32.508441	33.245473	22.625223	30.926628	34.983015	19.498103	9.439804	20.212873	11.080447	23.389972	34.889978	7.694230	33.675862	11.971903	10.378760	11.012300	10.249126	23.919511	9.391115	32.956427	10.800917	22.513549	21.914041	17.176784
21.154674	15.666407	18.524475	27.937954	20.149781	16.025775	33.343410	14.414649	13.910880	12.749691	7.703833	33.422719	33.783320	25.486733	20.056398	24.817580	27.740954	17.291952	10.632914	28.118200	13.179172	28.001021	16.183402	35.704977	28.136973	26.787465	29.898656	33.117434	0.000000	13.874116	27.889310	16.266613	30.777135	28.002427	14.587411	31.962684	8.152904	11.963628	17.913392	31.074764	20.986778	21.974392	27.347853	35.061580	12.077551	11.975285	16.376195	33.935148	28.447166	15.100631	12.135024	7.797023	10.380615	20.665094	29.207181	35.481813	14.669290	19.310710	20.780374	33.906101	9.904716	31.037222	28.827642	24.987727	20.966486	7.831183	18.313668	25.818005	16.622055	21.346492	20.277217	26.942050	12.286624	21.110899	13.862273	27.873657	14.460110	12.361218	30.641021	12.870795	14.899338	16.010389	32.060949	11.089083	28.008219	27.760313	22.016199	25.578345	18.121694	26.426161	25.497070	24.079189	34.941180	15.712677	25.195604	13.667909	28.575169	19.453795	7.686608	15.178941	25.960799	25.122677	28.651065	15.641632	8.133571	23.427630	30.908151	21.716584	30.747074	10.351053	33.364717	14.978735	18.911944	27.552985	15.408842	15.507935	10.516233	12.472485	13.974383	31.800546	35.346997	13.307876	31.562707	13.106731	26.468502	20.284789	33.462420	18.286250	15.064942	32.030652	32.869388	8.461088	19.053778	19.117250	22.115771	34.146317	26.225267	26.761132	26.388752	20.509918	34.362964	15.200849	26.620624	27.654844	15.534688	32.257220	7.575464	13.522023	12.254055	17.299277	27.568739	33.410905
18.751357	30.438982	29.777802	34.585807	22.322868	25.218480	32.624120	29.776354	27.840078	35.270606	21.304700	26.617440	12.419797	7.685017	32.624146	18.248443	20.217810	12.394538	29.132376	20.097790	23.294441	25.971009	19.442161	10.422266	19.086104	20.103935	25.455784	28.012628	12.123329	0.000000	11.406072	34.248386	20.150538	17.535397	32.493612	9.402320	21.497806	22.864806	21.362650	32.802768	32.747084	22.505590	8.082017	32.397746	20.741031	26.116707	35.149575	20.720810	21.919219	26.864669	20.763629	17.199880	22.260936	8.737585	25.633024	25.175338	35.516549	27.565191	16.929257	8.010092	21.282713	28.694916	15.299051	9.359823	31.095059	18.879746	20.439895	7.810963	28.713574	8.218752	26.438034	7.235325	32.019227	8.449380	11.112724	19.979133	35.400381	27.224574	9.792178	22.708391	23.642247	18.522814	15.068235	34.894920	8.108974	29.159057	34.890007	12.923214	32.907563	18.325030	13.676157	29.306030	8.345976	21.476598	11.132934	8.748001	23.552108	19.623113	21.035176	14.560035	12.365128	9.164633	33.275148	24.657228	25.152461	27.844966	15.650144	34.214233	28.607757	27.165135	22.970805	17.035679	12.004318	14.042592	20.606224	10.221471	28.139678	8.193312	32.873377	31.736925	34.145500	30.117628	31.019902	13.276603	24.226775	27.883526	31.639380	16.774689	30.931300	8.973519	28.680480	11.437163	28.912969	12.505540	14.704638	13.627196	12.620522	7.472491	29.503359	19.391743	12.505612	18.459962	14.480731	32.038478	30.902139	12.602421	26.314049	18.048563	26.023338	18.752004	35.674518	15.950535
19.993388	13.254971	26.828547	11.263213	21.916461	9.808441	14.510726	16.414093	8.918720	33.321723	23.997032	27.377050	19.210855	10.370491	16.594982	35.162292	33.330209	9.756876	8.527179	34.398608	29.700643	29.874651	26.052023	35.617185	18.492735	33.221926	7.520956	9.984503	19.774754	21.285657	0.000000	10.105404	19.774211	23.348415	28.966843	15.627352	28.446720	29.709519	17.467047	22.678712	18.197400	20.683799	30.100203	26.336408	18.479871	34.111660	28.006071	28.235802	19.356016	12.773634	29.742739	32.499913	29.581339	16.400433	19.799329	33.075216	16.923452	21.322128	13.224445	23.926157	20.278508	29.753401	22.446376	13.662947	19.557753	30.336789	23.505612	8.168425	21.093893	9.249696	20.155496	29.061975	7.711074	20.532791	21.478959	14.628252	8.259246	27.789370	11.408802	31.230579	16.572744	10.880585	33.502483	11.710832	24.717809	19.410988	29.859227	19.949529	30.247600	25.483171	18.026045	20.477736	15.292955	21.315494	18.214644	25.282032	16.548296	28.398064	14.234351	17.220674	30.613619	23.305660	25.018883	25.298916	16.613966	9.258385	7.661653	13.499539	22.424782	19.675858	19.381326	34.114979	25.662322	27.877295	30.294245	24.516444	20.763002	34.503542	14.367848	15.812798	16.819305	10.479405	34.821407	27.568901	9.690827	26.734948	20.235903	35.602171	27.193752	23.544891	7.914534	8.209722	27.587205	14.509020	8.328264	11.660317	17.619769	22.542491	31.845790	34.268777	28.539448	15.690097	14.711290	15.392907	28.305379	12.650230	8.279640	24.665667	20.068319	27.078836	35.672246	34.434361
31.900907	27.040827	17.901364	19.289126	9.728770	14.971757	10.786563	17.111160	9.032004	23.934689	24.295042	18.605813	18.744691	21.911701	14.543665	26.162261	29.049047	16.902277	29.057893	25.274051	10.290518	9.530891	7.921983	8.168171	16.150625	12.927997	17.398344	10.407695	30.382644	24.652178	8.074352	0.000000	21.155057	31.308407	16.815217	12.027501	13.735423	29.400482	23.190684	8.686687	30.944444	35.444120	15.431539	27.602254	16.369991	17.593393	15.187259	9.748955	25.196873	32.557770	15.965567	25.410204	30.119244	35.710827	22.282703	19.267321	29.148696	24.760060	27.902617	34.606847	33.025493	14.104606	23.584748	34.995304	33.251465	20.288064	13.087908	31.860284	10.881748	19.740510	24.728996	9.073132	19.366116	28.253929	16.943336	10.664339	20.156320	14.527292	10.393298	26.905185	33.143400	7.810970	34.682354	28.366696	28.304201	8.048175	11.876327	14.120668	21.752707	16.992375	26.996147	18.843392	27.564988	17.504544	11.585108	34.835348	13.310955	30.650463	23.325119	11.215779	14.198838	9.263142	32.932849	34.738067	13.738058	32.237427	11.993076	34.325496	10.061050	30.318934	27.622315	33.836931	19.029274	26.381557	11.263314	19.839861	11.860499	31.656546	7.905390	14.743304	30.064767	18.571017	10.355765	21.083335	29.565000	14.993774	13.460560	22.635912	32.510647	11.751468	34.888300	13.449132	17.761640	24.711323	10.478794	11.881421	11.745895	19.458237	29.276305	15.588160	18.158470	17.583933	7.173227	10.078559	11.156419	30.617067	11.342037	32.132244	12.308527	35.453045	29.328512	22.955098
20.615340	20.723755	19.314267	21.914256	25.683212	13.322873	19.708506	7.638873	29.032173	8.177969	11.906074	34.140926	14.737493	13.269843	9.715954	18.996715	19.290465	21.144571	32.906942	16.235883	28.794610	23.439505	16.840578	15.565537	13.723059	14.780994	32.927678	28.766217	21.730357	7.897706	33.162498	8.484984	0.000000	34.641201	25.051656	10.183984	13.016576	31.594528	24.018373	12.925179	11.744854	27.353981	14.870133	19.164649	15.528145	34.799757	19.194470	23.150627	35.120187	35.631327	13.351550	33.445984	31.860412	22.505706	8.890355	27.000073	24.162011	17.038804	17.162523	28.396543	14.519136	24.151760	15.954641	29.529171	18.645059	25.185231	26.098333	12.866752	35.560299	13.217194	9.787198	31.391284	12.810030	14.524040	16.889594	19.065421	29.169104	13.783465	21.087864	29.712058	14.150364	8.462582	23.164381	9.167350	13.596912	12.614654	22.577877	23.794152	12.265661	14.835704	15.482441	27.898437	20.048144	13.044010	33.830554	16.300964	20.055666	13.355028	33.547925	28.371846	26.136549	8.444212	28.974130	10.736897	27.457112	23.755797	14.190358	25.816369	21.106857	17.183606	12.030649	14.613143	12.907129	20.111867	8.043712	25.473382	12.528438	20.528995	32.650299	9.152744	11.303141	23.811692	33.787814	29.961527	31.502519	10.353442	34.823752	24.590655	23.121280	32.244066	9.975771	20.423489	29.723892	18.667104	11.240058	16.147598	8.101258	24.634484	28.602599	20.083439	25.424496	34.832843	31.973638	20.954210	19.484073	28.326301	10.705343	33.556965	14.301753	29.153490	8.839463	17.509413
35.596369	30.790197	23.347451	18.363716	8.642381	34.263681	26.712596	32.015780	9.870645	19.147133	19.375425	15.973699	32.804254	11.904714	8.302709	33.051975	23.444479	14.350512	28.886687	16.404411	29.016924	35.040029	21.495036	34.213433	11.834769	8.101067	24.970376	18.792305	12.165436	29.102204	18.692153	13.748497	33.060322	0.000000	24.768625	35.424582	35.614873	10.152689	7.634445	31.952762	32.367588	7.979923	27.693226	26.425003	20.148709	27.381837	15.218191	18.373532	11.377197	15.651283	10.468392	11.475460	33.099447	23.927233	12.475334	8.306371	17.714786	10.370164	7.924950	17.678006	16.290431	34.536878	27.617212	16.520865	31.919749	35.739001	25.434251	33.890128	8.504715	29.613904	27.519362	24.534240	21.276071	21.598710	32.620251	22.133270	29.401451	21.803427	10.904774	11.050170	27.153773	22.458388	16.329123	14.315512	31.365891	32.164509	22.168170	20.310026	24.672427	33.327543	31.819024	28.681636	27.064709	25.053591	35.271506	26.733260	33.034505	8.982429	35.160504	17.957839	29.333760	19.187940	18.770737	11.302936	31.951103	35.407364	19.638005	19.185978	29.968631	32.226615	7.863805	13.706266	31.273175	10.963708	32.626151	10.590443	22.205774	30.216197	34.110625	32.257783	18.151053	10.580128	9.116190	21.053099	28.680464	33.728273	25.366017	33.778257	32.187897	16.238467	11.567390	20.515756	13.493782	21.755641	21.353874	34.719296	23.969109	29.671329	24.370411	33.926899	8.002514	9.881982	21.327937	29.275039	26.276247	30.410311	28.847107	8.371523	12.106442	12.568959	9.769983	29.454197
30.431638	32.887693	30.311507	29.056845	13.744455	17.348319	24.096665	17.829273	9.204484	16.811144	18.093467	22.747113	22.317176	9.086541	8.898445	15.301933	14.102271	33.962714	10.035200	16.309589	8.972599	18.679117	12.110323	30.137880	10.020783	7.710549	9.194505	32.151041	19.972496	17.485698	19.060419	33.411091	13.680772	11.488333	0.000000	17.562971	15.271982	20.640504	8.818764	14.286199	24.095326	9.032869	15.347536	7.307283	31.034663	11.220629	20.515079	9.862762	26.904878	32.674777	12.592049	35.529027	27.414124	21.001368	18.722877	30.796888	30.236125	18.760512	32.178112	33.622101	22.597683	18.909722	30.743369	34.240389	22.655431	35.658172	10.386705	19.226131	10.648798	27.407712	35.152048	12.356652	24.840943	15.568633	24.326492	14.681331	25.672274	18.786208	34.934002	9.023883	20.339330	27.309017	27.236419	8.606373	12.954267	35.199709	34.790358	16.833795	23.207892	29.939325	20.012560	7.706118	20.694921	28.081689	17.150899	33.535581	12.599422	19.726509	9.630860	31.172879	35.155106	19.107054	19.312386	20.061964	25.228555	9.143240	28.940654	9.560795	12.095454	33.762629	31.856004	7.527822	7.825791	33.434356	17.835958	25.690500	15.436487	17.216042	7.960212	14.509085	13.865965	32.987232	13.997541	9.885324	31.847503	34.690593	19.753836	12.539227	13.360946	10.099110	32.001432	30.737785	18.902164	35.279130	17.429606	18.571126	9.970115	24.646410	26.148863	26.985191	18.403576	21.256040	15.717993	32.418520	15.242844	14.072504	9.050748	7.966742	12.312242	34.275712	15.454095	29.376674
10.944505	7.276785	25.843759	17.698552	28.407742	13.299468	32.338421	18.437319	13.222664	11.549591	13.736724	18.403473	19.550590	28.622308	19.314126	24.357887	10.879376	14.982101	23.879649	33.061498	11.070491	12.546977	14.594043	29.054188	23.500011	17.852106	13.085193	14.075159	12.840273	23.205911	7.853646	21.101907	34.487142	33.670810	20.903404	0.000000	18.840918	27.595840	16.041814	31.818237	26.141570	26.221795	32.201124	29.975206	28.362220	22.107821	23.717750	9.297574	8.037919	14.599408	19.173879	15.806984	31.710976	20.331749	12.384346	16.908418	33.147360	31.427935	31.993240	29.921587	17.686455	21.477823	19.884493	21.505445	30.043655	25.940972	31.559878	15.860481	18.590233	15.147872	28.671629	24.232605	14.072321	20.101825	17.718313	28.582956	34.226006	17.409856	12.327098	24.791107	34.740736	18.023225	31.156316	28.077052	25.945311	26.558497	10.674381	27.924291	19.545662	23.957923	19.616313	9.011063	18.179012	33.839288	35.594110	9.034902	27.358566	17.767676	28.127027	13.376548	9.956894	12.010725	15.826279	21.708900	20.452729	20.989143	21.369165	12.584286	35.212591	20.235679	17.789072	10.634133	15.320355	24.684354	26.216769	7.167144	33.895404	26.040600	26.836156	19.367733	31.265794	12.612798	14.033871	13.708390	28.933073	15.824899	24.515975	8.551844	23.765166	15.435703	15.802179	29.364064	19.716931	10.403095	15.804191	35.455936	15.475037	9.699409	27.189563	9.496065	26.605367	13.442443	8.240401	12.339016	7.678565	16.400964	17.056071	31.977957	18.167733	21.156422	31.352408	16.083726
17.040267	35.180599	8.360390	21.999985	35.517155	19.358119	20.523214	18.492598	16.486965	32.365054	22.253467	23.745033	13.386556	12.802104	28.325772	19.632043	9.462256	28.877060	8.637426	21.269055	22.139502	17.265815	14.598313	11.079177	26.441496	19.608692	14.097980	9.184290	17.693231	14.140833	27.602405	27.213311	32.843772	27.023015	18.708327	15.938920	0.000000	32.978649	29.818882	21.122473	26.199624	24.060650	7.638567	11.313142	21.477116	24.033287	34.873356	25.970488	10.614511	10.254899	24.628747	32.016930	35.568717	14.054411	21.256638	21.313235	7.358757	27.848253	25.478258	32.526354	34.299789	8.419698	34.446921	12.580157	22.671201	13.714987	26.376067	33.556896	35.258150	14.861093	26.176429	30.367782	15.985753	21.398513	16.596932	13.295649	15.630685	17.331416	22.438777	33.107679	9.622089	15.320563	16.617344	11.957582	26.537480	34.617566	20.318986	24.421996	23.227797	22.355588	9.460590	31.536114	30.147714	21.353403	31.307315	32.745283	17.722411	11.753841	26.416337	28.044504	13.423707	24.587445	7.233930	35.048530	12.412933	27.549648	32.479979	12.696139	20.012129	17.032223	34.759578	20.115296	23.782699	26.807568	18.717473	21.221221	22.015921	26.711017	30.065324	21.398417	11.524896	15.940262	35.391446	22.712537	27.111322	21.092746	30.601484	32.668615	25.318146	7.814349	23.309806	33.056614	33.612763	11.516910	35.572558	34.757964	18.882953	25.127601	31.934416	12.217257	10.325224	14.871681	12.225443	15.530555	30.154588	31.777926	27.404460	35.119147	11.916556	8.490520	26.763558	10.878946
29.633096	27.691280	26.191874	28.867317	19.381382	20.003445	17.753973	28.133901	28.223209	28.184851	30.625785	10.808117	30.009371	7.353911	19.963827	34.226553	10.141970	14.606351	31.517446	33.356894	24.599646	30.214727	14.030519	18.359717	18.940991	14.967184	22.189597	20.934382	7.547286	27.178105	32.061135	30.445697	34.843144	25.558806	33.962936	27.900548	10.162364	0.000000	29.636537	14.554137	31.897427	32.919059	7.804708	16.989168	11.648227	35.059083	29.661851	14.936819	13.734710	11.326111	16.580101	14.209600	14.681788	31.032837	11.190572	35.600911	15.625864	26.094167	12.011871	24.401792	15.261221	29.125539	31.783999	24.726287	34.089077	31.938732	33.456082	15.975902	25.872541	13.057769	11.892124	26.940242	25.501192	24.556896	18.934625	14.624126	16.064628	32.115280	20.875241	9.885946	16.431970	20.986291	27.750250	19.301043	15.845398	10.257137	32.841108	28.906195	15.613658	7.760274	9.071870	10.907005	18.698362	16.425340	33.764535	16.225604	8.212305	29.902305	32.719800	30.766411	10.671185	23.989666	33.778830	20.018630	21.945188	18.068846	8.645037	13.549881	15.483825	19.968457	13.044388	31.376097	12.285533	20.266198	27.112692	18.297658	14.128661	22.886917	18.051648	25.300350	14.381547	31.033782	27.419513	21.754252	29.536185	33.255742	33.419761	8.118818	33.500635	26.376627	32.757108	13.149604	17.551488	10.808373	8.802314	10.227194	28.940887	32.007225	9.067056	30.160227	28.150158	35.508133	19.305332	26.224781	22.209640	20.193410	21.423125	13.126271	34.762717	16.771985	32.138628	15.953519
16.505975	25.048870	10.963199	11.550807	34.905182	15.639663	27.664922	9.391594	9.649229	16.102689	26.931881	23.053451	30.869377	20.149044	30.630335	18.731006	23.751483	34.538236	13.881685	24.407233	22.414402	8.500411	34.804340	16.831292	24.000414	28.320792	14.198116	23.938444	23.091122	7.852284	30.416407	10.060201	8.815828	32.757739	29.072698	15.685651	9.942719	29.731351	0.000000	7.370906	12.504067	11.193419	28.880562	25.257525	25.993084	11.794973	30.953950	7.880106	21.384862	33.585056	31.738859	14.883818	8.553360	22.833005	12.585046	9.474155	35.315356	28.292957	26.314109	25.523598	25.378519	35.305949	19.217667	8.702540	18.740329	10.369229	12.204879	29.128499	13.907798	13.324854	17.943108	18.581053	31.758861	27.263189	19.351060	32.173689	20.138208	35.195313	7.593343	29.188950	8.859466	9.028334	11.819779	16.847056	9.984074	9.728056	28.650209	25.929127	8.313195	17.459159	12.796514	16.666956	9.278333	31.036343	13.903634	32.017582	13.778337	8.703735	31.944262	22.922500	10.247738	11.896528	16.225417	30.075107	27.022506	9.145797	28.604508	18.559546	24.386901	14.941224	31.845223	34.880078	32.316959	28.890611	23.976148	15.974484	24.475596	7.354769	16.705661	14.425762	24.533815	16.130972	14.356047	10.955887	23.792371	28.502683	10.774713	12.492302	31.437755	33.410813	31.134673	21.627374	22.526664	9.139593	11.129547	9.164991	11.543411	28.361628	21.682314	31.380987	35.107496	18.434529	32.215279	7.694054	8.084660	8.709740	25.668212	29.562287	11.420092	34.693541	10.308713	17.408627
17.215248	19.209084	34.909855	9.478511	24.453583	11.404140	35.238187	18.580809	9.944264	18.943655	29.428564	16.551086	23.324453	29.839413	28.232286	31.365869	26.546870	9.432240	32.347512	28.574114	26.542961	33.708336	17.918012	19.840624	29.035578	29.047844	9.692477	31.212261	31.950380	18.282756	32.896406	14.183916	21.330735	19.819261	34.802679	20.182691	33.468332	33.057669	28.588166	0.000000	15.119992	16.628366	7.764124	27.967444	12.939954	25.166981	15.101341	15.420607	30.189340	15.362750	19.787044	24.512614	32.186120	8.548951	14.346608	14.922313	31.089907	30.844383	30.474129	30.660729	20.559510	28.103033	34.488346	35.444280	8.050314	33.018080	31.959779	17.128349	24.043501	7.291535	9.839146	17.619678	19.254974	13.926046	20.386704	32.450839	17.790997	16.719143	17.061734	13.027403	11.746631	8.630202	25.839165	17.750097	33.587829	19.347518	24.499284	27.841294	20.977304	21.124880	10.897269	13.924986	19.201007	18.344536	35.575385	9.944378	21.083701	14.154583	35.276976	23.969119	30.201247	23.870201	24.037673	24.650974	10.155955	20.506157	11.573270	15.503479	24.134688	16.815070	8.188150	7.945713	14.783745	18.211301	28.475672	30.949520	11.398065	13.103689	22.029928	18.939832	33.329803	20.774377	17.745029	15.139760	9.453494	19.509642	16.154993	10.484857	12.750509	7.422680	21.561663	10.853764	7.640409	25.809322	22.185422	28.910560	11.895845	21.906716	28.447482	28.860641	20.782207	7.265406	27.994513	18.303674	19.868882	15.095857	19.535891	13.961367	28.811754	18.283920	16.517234	28.918873
35.486895	16.489343	10.640968	18.767799	29.235484	33.536225	7.477964	32.391108	7.640296	32.638992	13.304069	15.966384	35.305849	8.726625	28.905027	34.970945	35.124567	16.191691	8.953913	19.295380	12.867068	33.134083	22.055503	34.189766	30.027365	19.843828	30.783891	16.347450	16.707562	26.842854	27.464504	20.369669	18.618906	14.622979	29.826845	30.253815	34.355966	12.054915	16.340544	16.139489	0.000000	17.860737	24.455611	30.870347	32.088026	10.686090	29.541044	21.661569	24.230458	7.790378	25.995936	34.602079	13.687848	26.084651	34.297714	13.618954	25.616934	31.458014	10.240838	10.273968	21.198506	15.149880	32.686527	33.710878	10.959652	14.198166	14.800988	10.126499	32.489951	18.913728	27.189361	10.759492	11.923366	23.039010	8.307223	11.659117	18.979109	33.560199	19.840560	7.593810	8.173280	28.268361	16.158966	12.704713	27.726949	17.734043	25.765019	21.928746	11.274667	7.764646	11.191665	24.511948	8.276492	8.133470	12.540118	14.399990	17.068711	27.020295	20.692420	20.795987	20.223914	33.890074	21.899511	31.219319	31.578225	12.509126	25.540457	12.873694	16.997533	8.808764	18.939402	8.888943	25.729120	24.441012	10.947815	9.224512	30.217507	35.522038	12.421085	21.766535	16.930679	20.566825	22.221320	24.359632	23.268943	17.513408	24.804533	9.150553	7.694921	33.045304	18.455672	9.141535	22.765606	31.600662	32.320554	15.652095	12.968179	34.039566	9.984453	13.343622	33.258736	7.274948	8.416581	21.692327	30.282321	16.233937	21.646735	14.836748	29.247994	9.034248	24.850075	7.914498
16.760866	18.773256	9.055603	34.048476	21.106209	34.517285	17.656843	12.411559	10.569869	22.643924	9.334282	34.471186	14.392236	20.676371	11.199687	27.664971	12.959642	20.644893	26.343670	14.896915	31.308324	26.415156	13.168283	11.173013	19.844232	35.739314	22.457088	21.854513	26.645916	29.390335	15.275328	28.183347	16.063933	10.111495	15.581972	32.281340	28.145080	21.557856	13.272036	14.486945	27.703035	0.000000	15.852066	16.740958	11.903506	35.261572	12.288694	21.792506	30.531928	12.029547	31.215527	12.345938	21.458641	33.582697	9.202777	35.399819	20.948200	22.181272	32.714476	34.664970	23.979887	20.137771	23.342342	7.337825	26.447698	18.765642	31.174918	32.185158	9.084400	14.866230	30.514857	35.411603	9.306416	29.951765	13.881100	15.506876	34.954771	18.756181	20.662952	30.375379	19.345664	29.451674	27.436911	10.040672	34.854117	30.438515	9.024382	11.541525	19.362361	13.587078	16.379369	11.012881	18.896419	30.687176	16.936512	17.125418	30.232200	11.402472	19.606519	18.760012	26.966826	31.169837	34.948596	15.047616	28.304249	20.179883	24.736958	33.100136	22.356017	29.662835	28.991919	35.602921	19.551021	9.329107	34.762898	22.116533	16.661339	31.140817	12.852281	26.799587	21.082191	15.668109	30.005358	13.380470	8.986163	31.921361	15.588298	35.281278	14.042980	9.383667	11.919036	32.937130	9.276416	8.492008	14.021787	9.648161	31.838343	12.232952	12.219760	13.280134	22.011052	34.106071	27.796134	13.535663	30.120854	31.249182	15.659606	23.973719	28.059218	25.111182	16.753653	16.405735
7.749192	15.467858	11.129071	25.707717	19.750429	12.017060	33.391310	17.048579	16.034127	15.646799	18.504880	11.818532	25.580816	13.048542	28.954943	17.307955	25.298236	19.735981	23.100905	14.973933	14.152152	10.938628	15.317491	16.710533	11.563984	29.781199	29.359396	13.531468	14.706608	30.643950	31.079946	10.282792	29.541360	12.520534	16.288709	34.046246	26.029711	16.814248	12.766755	14.331936	15.933830	16.942032	0.000000	26.068362	23.157625	25.278952	32.459134	17.890355	10.041099	19.160536	14.908098	20.599146	20.914803	9.971764	13.945239	28.594957	18.109410	10.647509	19.734169	11.822706	9.771530	11.375382	25.770449	28.094421	35.220475	28.905259	20.399118	19.850697	21.032217	18.243132	31.723738	23.604478	23.284696	27.422489	15.565263	19.387136	10.069557	27.224740	27.917871	30.352963	24.530300	33.644703	35.110463	11.524702	19.322433	35.525631	13.725021	30.809932	32.369485	24.770216	34.526984	18.622725	30.936378	18.572339	34.125671	9.766088	25.486839	27.794629	13.655392	24.792463	24.910000	11.711746	24.739351	11.456666	35.431980	9.433575	35.682631	19.509873	32.979237	27.235476	25.534143	32.839868	8.235068	32.712063	14.262880	9.683164	34.370251	15.243105	22.946079	27.020733	30.360842	16.961980	10.382932	12.259770	9.438090	34.908152	28.666551	34.500243	27.905811	16.017963	12.091988	30.052901	34.783543	19.824179	18.171118	31.052840	24.847275	28.597466	27.462324	23.886550	29.646123	21.471650	35.722502	14.324338	27.479542	32.249429	22.273694	8.572007	14.234672	28.016977	29.286844	22.940221
8.344051	28.905280	32.384780	18.645380	26.970272	25.409396	23.779536	19.785112	35.513027	23.200486	31.731024	15.884674	21.453167	11.750261	29.078725	24.842287	24.617093	23.783356	21.701282	12.360714	33.929556	31.711768	25.646147	7.327576	8.878766	20.821179	18.766718	23.038950	19.333838	24.258510	29.532314	32.993576	9.263861	31.193796	32.038885	16.880796	26.987555	30.156644	30.143649	19.442984	23.319278	27.326325	7.320393	0.000000	30.280167	26.026368	8.887840	17.798008	27.751625	34.554933	27.221035	13.046283	31.458909	24.670120	10.215477	20.016537	28.610572	26.029766	32.547301	30.292989	13.693592	9.300605	9.890525	21.676685	21.401689	13.052550	33.119670	29.958131	29.323213	21.894183	29.312301	23.200895	34.873321	31.358896	25.761804	34.319597	7.529934	34.178114	27.450757	22.695959	31.022165	13.834723	32.161008	9.920819	28.169378	12.211750	35.463261	31.435002	29.181985	20.456848	15.036426	28.116059	28.679288	29.014767	7.424265	17.608290	23.882316	22.116930	18.793898	21.247106	11.700666	9.871964	32.041319	30.441271	7.294281	32.222906	18.924354	33.004401	15.147193	35.618827	33.184903	32.210173	33.457107	31.639673	27.094115	16.563969	29.917342	13.600017	9.856121	14.549199	11.350981	16.993800	8.522638	32.795947	22.158823	14.422187	11.773993	17.959373	9.417340	18.506630	27.418469	10.512006	29.562094	7.960748	25.561264	11.233755	19.298916	12.898845	16.547922	21.368924	10.896314	21.906957	24.475755	10.349282	21.644817	16.012994	11.581236	31.193254	15.252278	7.541760	8.264948	12.186058
32.891323	8.406009	7.992909	22.314184	13.983341	32.676857	33.290775	33.404463	27.216772	34.554788	12.290551	7.589758	8.213599	31.477634	10.239654	17.468874	13.889792	22.493182	11.494941	20.572335	8.392770	7.318803	29.085792	14.999911	35.423765	23.041240	17.675747	14.646760	10.839707	30.726143	17.396178	13.751787	19.357673	19.732857	20.198824	18.113811	20.189379	27.480318	32.741231	21.318196	28.495202	8.676449	8.995090	31.339309	0.000000	19.918826	26.307102	31.488674	32.118881	31.998861	23.233372	16.179586	31.345255	26.938748	18.783419	22.547964	21.741400	20.618178	29.398335	14.053927	34.879201	25.011864	29.637912	25.292908	11.884627	9.209280	31.893018	26.371548	15.447904	18.136103	18.222683	34.726359	29.229980	22.022002	25.569610	25.036196	28.630197	15.430889	11.747564	14.297635	15.034869	8.881450	9.491304	28.891929	17.200225	18.098704	9.547624	27.066074	26.596248	12.761585	24.925007	24.044586	29.239762	12.125619	22.161709	35.102349	30.911041	14.103371	20.953772	14.372429	27.917054	33.755879	21.438159	14.884577	14.947015	8.003981	32.485727	16.312266	33.047724	29.950532	34.817200	30.071145	32.935607	33.594120	31.035840	29.043218	27.923447	30.245675	13.287279	22.663987	13.114961	35.486644	16.075923	9.918116	20.983554	33.260112	10.765232	14.084490	24.136230	30.091272	33.320780	16.428614	23.891431	12.307188	32.950056	21.828993	20.128527	9.904448	21.278360	22.881569	9.302378	29.483768	8.332339	30.761341	11.486418	14.082115	35.385935	25.006195	22.368303	7.746760	30.566184	10.664939
33.981937	26.531149	7.426512	26.430678	16.268327	8.621866	11.707707	34.861019	17.687001	31.296689	18.510324	32.942986	15.633321	11.044885	12.988703	35.111782	28.868329	30.731794	29.707184	12.102351	22.311550	18.902200	18.786086	27.018727	24.298446	17.006835	18.663634	20.236729	33.495163	33.022317	27.034602	30.554377	26.686363	25.648532	14.458354	10.959422	33.461091	30.982039	18.097211	17.721905	26.624154	11.987894	12.459986	10.127496	14.138494	0.000000	20.105241	33.662174	26.220247	25.853829	23.418158	20.800229	24.025520	34.640357	31.623442	29.245649	17.888239	31.542933	21.674128	19.308633	11.509707	7.232368	19.670162	8.503204	22.427106	12.594621	10.210243	16.411719	28.953916	34.261783	22.544120	14.862912	19.183308	17.609233	28.722472	14.952365	22.948969	9.193791	32.337416	15.950282	21.312336	29.098375	17.049554	17.116087	16.594755	9.836622	23.857627	18.675865	27.623390	30.520823	29.018140	15.193660	19.032030	26.710103	13.854454	30.946030	19.344398	9.168516	35.142680	24.312903	31.750466	32.689917	19.043491	10.239427	23.854753	32.193303	28.104319	22.261381	33.509126	26.314948	20.722036	29.147391	19.756296	19.625113	17.704997	27.529207	19.855858	35.068642	28.285482	27.704831	21.462125	15.965165	11.609687	24.934312	24.105279	14.474700	29.134873	26.575040	9.216102	15.509384	17.758913	20.618487	8.633382	28.180713	21.091275	15.954724	17.134040	32.242857	26.617035	11.742337	13.557045	10.339992	17.633561	28.708230	18.719977	31.998136	18.988964	7.267985	35.049746	27.999414	28.257682	8.720766
27.337350	29.150636	17.944656	18.179884	15.601950	20.647317	10.482774	7.813629	28.928977	27.790624	9.944947	10.589744	25.355478	13.201870	12.469051	24.030600	29.811274	9.905571	19.439781	11.817084	26.937445	33.687892	28.124234	15.112094	10.813607	21.488843	11.593707	32.289890	9.261117	21.188219	19.063244	18.875104	9.125082	25.199659	14.207009	10.456068	28.727620	17.891783	19.163810	32.354123	34.060201	13.510231	30.787225	7.665682	7.681717	17.941515	0.000000	30.393366	15.704054	28.173481	9.038641	20.535301	25.680374	27.673274	30.551871	34.422859	7.926267	16.526744	23.385118	34.671230	17.211088	8.526721	19.810356	7.350517	34.439019	21.945398	13.638876	22.624637	33.045182	22.167947	15.946884	27.427162	23.419402	11.025141	34.092607	23.089221	13.823421	28.198665	10.353280	30.038343	10.247632	9.987259	23.155459	30.876506	24.619092	22.255742	18.562539	23.124960	17.989455	9.601401	32.534926	16.826826	28.004427	29.077411	32.174562	32.498349	25.778115	8.511972	32.420322	21.757925	26.472637	8.370015	34.260466	20.577667	21.050430	22.112801	25.520268	18.033639	21.195569	13.782166	18.853163	31.909793	28.854371	18.869035	23.168178	24.264845	8.185051	21.211093	22.622184	35.389243	24.279249	24.133939	26.385189	32.580803	32.424796	12.788857	22.316456	24.232311	26.955036	30.119660	17.193565	29.643451	9.230396	31.219020	13.356435	10.614799	33.381427	26.564187	18.123109	24.070733	22.667475	17.751101	31.742859	14.012265	30.526886	22.492550	30.974049	26.706641	8.316456	24.901098	8.312825	23.143884
30.584486	30.066126	24.417529	19.435237	11.384995	16.963412	18.232238	15.462010	16.198385	21.156877	18.141253	22.209488	31.003490	22.508453	32.671619	15.760482	19.159580	23.820046	20.981083	20.984391	7.780165	12.983346	34.998121	8.806775	32.745769	14.789528	14.272839	13.549481	30.254252	12.617809	34.003967	21.655010	33.858265	15.334351	28.222372	16.153102	12.513226	32.770793	31.666206	34.699514	21.193655	27.136998	27.058607	22.781970	23.394341	9.396142	22.256481	0.000000	20.523025	7.538761	24.794922	8.692697	8.760858	35.392597	17.831625	30.582333	15.738309	25.593944	34.924369	26.560325	15.455685	34.733346	22.563930	19.706212	26.289763	10.907547	21.188073	30.423961	33.204339	26.204151	23.885499	19.254702	16.149260	13.834501	12.871819	26.237594	11.692023	20.297589	9.883452	16.853707	9.289327	30.915824	15.630249	29.400134	33.314026	17.102987	14.288378	16.670912	31.636943	27.408559	33.569347	8.097856	22.011602	20.922032	20.431572	35.278892	21.071027	32.530651	10.763176	13.852944	11.612023	11.425463	15.274767	16.210804	24.842924	15.908875	25.034108	30.940476	14.874904	19.151410	8.016356	20.368423	9.111580	24.095120	18.663896	10.727544	12.030564	29.590019	23.324114	10.988415	29.298066	27.483085	10.020511	34.648596	27.860790	25.234056	28.022756	32.915685	11.829537	18.920133	25.811122	12.823508	11.254276	13.205001	20.930730	31.968536	31.431829	33.574929	29.808053	12.230248	24.731092	21.582671	31.914423	14.470807	7.929675	23.427095	29.837747	15.815532	29.368130	30.926990	9.191125	29.058405
34.608386	8.527056	25.692696	33.168356	17.019012	30.616855	8.488855	35.435168	20.722264	18.517319	34.606815	27.233313	19.023410	31.289556	33.901619	16.720098	14.219853	8.912961	8.319333	8.634541	26.833297	33.310603	9.315960	17.943233	18.467059	30.009300	35.090802	11.239727	16.266428	22.223369	33.407819	17.562377	16.923243	24.166010	14.109537	18.046262	12.995781	18.222563	8.551458	15.615014	34.576958	8.379226	10.789299	21.639279	19.127935	22.487165	19.621999	30.844757	0.000000	16.267271	22.415099	29.322111	7.954971	22.893292	8.443916	8.605608	18.342318	26.196471	23.798145	12.671858	26.380880	33.791193	9.915744	8.810570	10.559366	11.939920	24.645728	16.509599	18.521736	34.904529	32.774319	10.186352	15.929812	10.945615	30.028181	18.927447	20.620365	24.695381	30.671675	7.185496	29.083966	15.244679	18.990964	7.661269	9.712780	14.116141	34.930230	13.946503	8.668829	32.509466	15.613953	31.215747	28.099069	12.321374	13.065780	11.547324	25.460718	35.060104	21.180938	17.802160	35.315309	23.919283	17.345453	24.528574	18.113633	31.534340	19.535948	13.188573	32.321234	18.842043	15.083324	12.855650	18.185828	16.867009	7.545898	16.215236	28.235265	28.688526	31.937145	34.120462	24.827381	8.617846	12.499069	29.139028	17.617553	33.082332	32.671145	31.211994	9.120329	34.491377	8.663681	19.195124	16.103793	15.295292	33.693447	31.603187	30.356810	23.187212	33.320799	11.905178	8.486325	32.579969	25.632789	17.330047	34.391045	8.346793	10.238136	29.912384	9.571984	13.205305	28.902940	20.676695
11.972298	19.381240	15.568161	19.703032	30.096669	34.424942	28.329211	25.741479	21.559625	11.180816	25.657190	24.869800	27.711754	16.868390	8.311097	13.674465	21.668727	19.962608	9.967521	24.371791	29.851835	34.486037	34.031762	25.238504	8.449098	17.700412	33.213684	25.855376	10.815729	8.595075	30.203220	12.930459	17.226377	16.521802	11.430749	29.002091	24.102645	21.536707	30.988856	12.242175	9.021262	31.891710	34.967506	13.365134	31.046457	24.122288	8.460798	33.332868	33.382459	0.000000	21.378005	9.977593	12.805656	24.567995	30.485770	25.295756	22.563136	12.470911	29.667183	16.705583	19.643741	26.711409	20.582868	10.330849	13.064803	26.379050	23.546542	25.046803	26.055215	25.142532	10.595666	35.248926	10.518446	29.553475	17.827009	20.764658	31.961243	27.052665	21.162422	17.727578	19.744295	9.596426	8.254169	29.220119	15.043320	7.491415	15.051854	20.054220	7.856174	25.475985	7.912676	9.671710	21.091352	16.537101	9.316522	13.768053	25.491092	24.693608	35.040108	15.410020	19.368618	21.427107	29.983597	28.634443	30.860672	30.631527	12.966192	17.004195	28.005372	10.090891	32.976521	26.350832	12.107581	15.746375	10.124468	26.342062	16.697741	31.821094	33.657925	10.841220	18.832510	28.582141	26.531236	20.851877	20.934232	34.674215	26.007942	33.202450	9.926881	17.072947	29.548708	24.862104	9.921297	7.484637	21.571199	26.577996	18.637337	33.991085	21.048845	32.760813	11.837727	30.753974	15.118892	34.991321	10.576748	28.676435	10.873887	23.256064	29.060365	20.890907	21.240869	9.421785
27.899405	20.483249	20.814049	11.785373	22.278367	28.987444	29.567168	18.136176	22.904219	30.629586	33.099481	8.590281	35.636043	11.586390	31.684039	26.862979	14.749171	34.683412	19.747565	13.664600	22.344760	34.135792	28.010756	9.712105	18.503104	34.863618	10.003267	21.235773	12.030455	35.580351	25.101140	23.256318	19.030775	23.186373	12.456573	20.678712	27.631769	20.729285	31.903079	12.991503	22.241137	11.546623	13.209402	23.619988	18.299006	32.539155	34.368743	25.685861	27.683378	27.442886	0.000000	12.420008	30.971619	24.390561	29.952885	25.253509	16.596519	7.373535	10.174466	15.212699	10.164533	24.028598	25.564016	28.709617	27.680677	23.180385	20.345343	35.309649	12.783291	16.579073	35.115751	9.992541	25.215985	30.411012	12.529348	30.059096	31.422309	9.760652	25.712475	8.340824	35.682801	10.935821	27.896983	9.152816	33.699349	22.224602	31.082422	9.421433	22.057809	25.903759	31.771487	34.199756	22.853842	35.718960	17.215358	17.968402	16.248648	26.651431	15.878709	25.398329	32.489563	15.990080	35.452766	29.535423	33.317773	18.956652	28.748895	18.853029	24.988880	14.297922	33.729800	10.838993	15.433508	23.188650	19.519904	31.653794	9.704757	11.615058	15.581222	20.822799	23.141225	24.022098	11.512137	34.291369	9.788121	34.928260	16.755276	33.744394	19.757835	14.990265	20.307904	26.039477	31.522615	11.332828	12.901531	35.348140	28.818645	26.060970	9.230443	23.664030	8.468800	8.057656	28.570948	26.355804	20.202696	27.889472	25.824089	26.821272	13.447113	17.211356	25.271729	14.809834
29.233744	11.168477	14.849111	16.001760	17.023282	11.124041	33.707582	15.212534	13.422374	13.369973	11.876938	16.070320	23.032047	13.071099	23.014889	34.546996	21.865784	28.319017	14.839119	32.674384	14.436902	16.899633	8.503415	32.117913	31.036603	7.358811	12.556052	11.537368	20.483919	13.066429	24.105265	30.956783	21.999832	24.408360	11.376988	16.495212	11.378942	22.178975	11.234561	9.992069	27.182777	15.633105	31.653403	26.943920	21.099317	13.514597	30.837652	28.239072	18.007901	32.708412	24.142407	0.000000	17.532088	35.178944	29.401106	30.514808	19.140059	16.859257	12.069131	21.201226	29.787661	27.805167	29.714374	24.824731	15.699538	15.484724	28.384475	24.392306	12.804063	29.566396	10.030970	21.707291	11.267254	32.945697	11.218440	12.667473	31.572449	8.088217	9.219980	18.404526	27.344389	30.820306	18.867859	25.405408	31.976797	17.097577	8.334500	17.095912	21.413355	18.519156	14.186403	10.642657	11.690251	11.367710	16.417064	15.571872	7.943475	13.143926	28.539574	21.001231	35.632702	22.843406	30.335355	32.932262	22.785331	30.658891	21.251409	24.317368	34.922033	30.662363	15.360260	26.856836	13.423190	8.476278	25.954420	33.871990	25.251515	30.856694	14.479123	22.242945	33.557369	21.515787	9.894442	9.120269	19.315611	20.816068	26.819845	19.290482	23.206878	13.299230	11.129894	29.822734	17.203102	33.132750	11.156935	18.936526	11.974026	23.527536	11.061418	24.589641	12.788965	28.707085	21.559817	10.717218	22.921361	33.750396	13.944434	11.653913	13.290058	25.396979	25.475786	35.572253
14.000607	16.284276	35.152424	15.883456	14.073879	23.304374	28.356057	10.682991	25.848423	21.754586	19.448315	19.474914	27.865058	25.585724	23.540025	24.077239	29.148421	27.548142	28.449254	26.510087	26.599082	31.203875	14.454487	23.604021	22.469781	28.949612	23.371208	30.487035	15.405427	35.136791	15.888646	22.145901	26.103129	24.591580	18.754108	14.609570	17.285229	10.969553	27.245167	9.214871	28.095853	8.598276	17.381643	13.921504	31.512781	11.489199	14.915353	22.133876	29.025804	25.839518	28.962075	23.703840	0.000000	13.329709	35.662311	18.026505	13.797853	13.435580	11.804183	25.517396	24.519229	11.256314	34.121059	23.563326	8.260534	25.789434	7.758132	22.823825	35.502644	13.832377	24.761079	34.808323	12.598831	20.122418	26.747621	29.321689	26.097847	22.501698	25.318391	10.033360	21.625605	12.618848	10.884478	9.398160	11.383485	27.136226	7.910754	12.972265	27.415531	12.080988	13.182401	27.436739	8.743533	29.263414	24.447796	23.451105	13.641563	22.373291	23.202353	9.830434	19.029808	33.508253	33.357821	25.825807	30.002056	28.862220	26.428833	7.591599	27.870555	27.311865	27.346089	15.857516	31.363610	30.601865	35.333802	23.035257	24.550773	29.466554	21.417278	10.401874	27.460164	22.692304	17.270677	21.360288	29.369549	17.987934	16.570868	15.235158	10.157075	24.449542	12.605430	18.229170	9.656849	13.820042	19.977359	34.875407	23.288002	15.253672	10.128985	9.846192	10.313844	31.194722	20.757811	26.287145	30.469470	31.749142	18.666675	24.014067	28.472386	27.209156	11.797957	13.382155
16.167145	12.034802	23.587142	18.707718	8.065873	17.184020	7.263285	25.877651	34.547700	13.565022	9.776663	14.180638	7.325813	10.116173	32.500649	31.111464	7.310345	26.253892	14.867475	11.174573	29.491613	23.140049	27.555253	28.548820	25.107132	8.189438	33.378685	27.399317	16.465255	15.556325	7.156167	30.073834	17.377248	24.478541	29.801662	7.679235	14.077324	25.912495	15.022323	33.592476	11.913489	33.423717	27.870737	21.507544	20.668973	27.404266	35.473121	31.729296	27.102338	8.479344	8.319697	21.317989	20.640075	0.000000	21.592408	10.358785	18.691638	23.669163	21.995649	19.237082	11.925750	8.766410	25.119559	20.051915	14.671788	19.248991	33.848087	28.602780	26.624933	34.544457	21.421028	16.354957	10.677979	8.349632	12.005117	28.872877	24.023532	18.765836	25.473256	31.617303	35.660292	16.787357	14.078736	22.164731	19.599209	27.889724	28.247977	13.163330	14.555379	31.852072	15.677199	30.354106	22.210756	19.405686	28.437806	19.631307	7.194093	27.601980	16.087758	18.357267	25.358868	33.417947	15.795089	24.562564	10.246541	25.063562	28.848244	34.769982	12.636776	18.713163	32.879581	34.931204	32.331759	26.675460	30.056011	31.539856	24.730710	24.242845	16.018107	21.068464	35.286854	25.180946	10.692383	15.037855	28.715850	25.030582	20.180623	29.179306	27.630278	28.180390	15.227587	33.458623	16.468835	20.276686	19.453327	31.079347	30.841985	19.190634	9.241683	35.726757	26.956001	27.575789	11.316484	24.682595	34.464842	25.966283	15.472214	8.265855	20.413206	15.896241	15.398506	26.037597
27.697800	13.112950	13.801952	14.306357	17.993300	34.945377	13.226595	10.895961	13.518374	26.641980	16.105078	28.136621	16.794424	24.678151	13.275309	28.013074	8.815713	18.805342	29.365398	15.535752	25.680167	8.819270	18.308768	7.928818	12.287514	14.827988	31.155888	10.058169	26.806947	8.641536	16.496407	15.538265	13.592389	32.355370	35.350269	22.297534	14.386214	24.108544	29.854125	11.836809	35.545051	19.316359	23.594713	28.204138	14.759800	28.745337	7.979332	20.262839	23.049008	15.493436	7.792095	22.411686	27.953080	10.471628	0.000000	32.748033	16.318356	33.753125	10.908676	29.722379	25.666157	27.827638	30.742432	10.174411	22.431302	28.081122	9.578812	22.749442	33.247330	13.864957	34.809850	25.502109	27.077338	32.583937	13.855600	22.084611	29.887681	15.472721	13.648483	9.065313	20.474834	8.672806	22.067049	25.085217	8.073927	33.771562	18.769791	22.052030	26.843152	23.644358	24.066205	24.466335	34.952121	32.344810	13.284618	7.565763	16.840191	16.010159	22.634322	27.868070	19.891030	32.756549	11.548430	15.230327	27.262188	14.775018	23.098817	30.515071	22.035391	26.964387	9.450406	16.444320	13.783180	19.247023	7.311575	13.430831	27.325553	30.118357	16.151906	16.429051	21.419042	7.989301	17.865695	17.253112	31.741924	22.868880	23.525825	16.004446	7.795029	25.903012	14.006342	19.964233	27.309949	8.721161	28.734215	19.892948	22.711102	27.915667	19.480376	35.137591	8.347972	18.756135	33.532651	21.550801	25.392294	22.666723	8.377909	12.622548	20.627397	27.856836	34.694313	30.599742
32.508388	34.089067	11.870876	31.323291	29.462083	33.624723	29.950008	9.748398	20.907418	9.873191	9.445335	12.284097	35.522074	35.605965	20.954394	30.718703	26.508640	8.229032	30.049404	8.790925	27.788195	15.297939	21.514119	8.600746	18.320323	13.125791	21.700259	15.254794	29.965577	12.955747	12.175668	10.112600	16.422434	30.095648	14.452561	23.622583	13.962482	16.054718	21.093757	15.151176	14.331428	27.701565	28.804948	30.796611	13.294095	12.202222	28.997360	34.526342	19.893030	31.687857	15.162607	19.990923	25.437739	26.004679	16.767959	0.000000	14.383655	17.989003	17.973355	12.543191	29.670340	25.830236	10.423370	18.299007	34.509113	12.583488	12.403931	26.980459	7.245031	28.915084	23.215140	11.008673	11.948188	16.626550	30.077569	18.410403	28.822888	16.601136	34.937713	33.754570	9.184833	30.516881	28.588217	25.121789	8.107259	34.624646	19.911206	19.026333	33.641822	25.234865	34.843231	9.392665	18.379529	11.641012	10.887170	22.169981	19.702128	18.205171	31.783603	35.631988	15.134439	33.540173	29.306404	10.853058	9.301805	27.993135	22.952117	8.661002	29.546981	34.868405	24.781530	21.014711	15.576154	24.854127	11.228414	17.368275	16.286067	26.081752	10.349356	11.168866	11.347407	29.322200	32.714380	20.611902	31.154257	33.178577	9.751374	33.220225	22.787751	16.878660	29.900160	18.268338	21.301411	30.889934	18.329458	26.764781	12.308921	10.065251	28.166192	15.568097	19.197447	8.869569	18.213501	9.704102	21.811272	17.719603	32.832814	13.737516	35.130783	8.539419	14.509459	35.250876
18.883557	34.934089	9.316420	12.969045	31.985763	30.480237	21.696861	24.771579	19.379996	16.724617	28.153841	10.207240	18.905648	9.135878	25.125923	29.768621	23.726640	9.288675	31.497397	25.305125	22.538405	20.519928	26.599540	28.068139	23.034010	19.380194	12.773670	30.843784	9.434253	17.240002	8.993390	9.242123	32.690430	8.786928	11.970754	11.763143	31.130325	12.444711	18.237143	33.894035	30.808478	13.252735	7.847731	12.413357	11.930115	7.238762	11.738547	12.078805	10.507669	15.740171	23.967686	14.531300	33.520074	19.834090	24.875094	19.991724	0.000000	19.912236	11.229285	15.486418	22.625069	29.092030	25.862701	30.907237	31.376592	29.769929	15.817347	11.568589	17.187847	32.024070	9.721559	19.708200	26.149434	9.055842	16.705007	12.346279	30.505249	26.254751	15.095234	17.007614	31.438462	11.239511	29.487767	10.754484	7.363521	7.669053	31.671668	18.445460	8.415443	26.759775	14.558505	32.900715	17.982190	31.079773	24.222999	9.762044	29.443564	9.194441	9.765812	24.652042	14.915208	21.651005	23.607449	22.411438	20.874834	15.876540	22.533075	11.792491	16.237415	23.382963	22.213257	28.913609	14.061978	27.219769	7.547367	9.482324	17.805151	12.724483	17.363946	33.494321	22.212481	19.665565	21.822072	32.403692	14.891416	32.316494	32.746909	34.513313	15.699838	27.322967	9.504800	34.145795	31.373711	13.572803	34.951823	17.711319	21.162006	8.136402	24.695558	18.814987	30.642785	9.708327	16.303076	29.130633	27.430315	22.512863	28.423041	34.428352	14.614512	9.909583	30.582158	9.782897
31.322268	17.318762	35.622975	26.585293	12.515357	8.802973	12.642254	26.528868	28.900438	30.685283	31.385274	8.901470	30.016181	28.549694	8.878420	12.803085	21.778270	7.306377	25.005766	33.448357	14.431366	8.579332	31.293618	24.861263	10.528870	12.645035	14.810438	33.847387	8.343299	9.711253	18.484912	22.090902	32.491051	33.319569	15.895466	28.339544	33.309129	8.726416	25.550125	9.554179	16.386993	12.440203	29.889763	8.328003	21.945750	22.309749	17.687337	29.498541	29.096239	15.436946	31.996211	29.022507	14.774373	17.207454	9.881198	9.443950	27.713670	0.000000	20.456029	35.253236	20.585674	28.280965	19.453478	17.267245	23.876896	28.988081	9.930492	28.922045	27.382065	18.995255	17.033278	25.694357	35.320891	29.172375	15.065148	24.460909	23.636370	25.993677	17.775729	13.810749	15.311372	18.683901	25.647634	8.445503	33.149153	26.598021	7.265349	29.204967	33.154444	7.830614	15.821939	20.244579	9.362573	18.928246	31.757935	27.354108	24.560824	19.892713	10.707435	34.503038	33.965151	7.658419	18.131778	26.305701	16.755651	21.554570	9.032922	14.823864	25.892350	30.142375	32.909272	17.382933	28.419465	9.778129	21.713905	26.112250	13.284780	17.421124	33.677977	9.996341	12.610798	10.983847	29.488220	33.309957	33.729687	26.596168	24.024656	22.288398	28.311848	12.293415	10.317990	12.166881	20.895784	22.764356	24.692753	12.273303	14.475487	29.332340	27.853672	16.949612	33.838129	25.606531	27.428491	21.248198	30.892416	25.966304	23.338952	25.774483	16.435302	28.199189	31.744062	31.906306
31.968360	10.841753	10.599293	16.548279	9.005178	34.974091	21.210453	20.618548	18.761294	23.180882	13.725915	21.449460	34.778940	33.971539	31.441594	15.332238	19.114641	15.952034	34.523124	29.211978	30.331199	14.468651	7.857784	20.454909	24.579146	33.484486	31.401054	19.875633	14.575595	32.707156	34.854061	27.812034	31.698962	12.766544	15.097518	7.538091	34.313436	11.083857	34.872785	11.772096	35.054364	18.224151	26.859614	30.140883	29.643687	32.864561	15.565299	32.851704	30.693510	29.239725	20.134442	11.976596	15.131407	14.493064	34.944364	8.810507	28.582115	27.730694	0.000000	29.111583	28.216226	12.238949	18.500411	8.185688	28.500309	20.475772	32.580016	17.150081	35.309450	7.171231	8.460176	9.135577	9.985125	24.015257	18.423510	29.240876	28.755899	34.563275	23.941433	15.386028	10.727004	27.742210	7.998732	35.154447	34.390260	28.832618	14.798556	31.192935	26.154069	23.692931	20.319839	24.890498	24.806664	31.392439	31.517485	9.313079	9.897609	17.384978	9.466886	28.478391	15.236549	9.401047	35.444991	9.166371	20.247709	31.892674	25.091746	20.028552	33.936608	14.268146	33.196860	25.103560	20.490223	14.642974	30.629192	17.232070	21.526518	8.158071	27.144154	27.930870	23.234792	24.641315	19.393790	9.502872	7.517073	17.807621	24.594494	35.423724	8.950999	19.074692	35.477418	18.251218	31.045529	11.391418	16.662133	17.666890	20.019192	17.695316	18.448779	25.439992	27.861003	24.481975	22.489592	19.845380	29.447544	34.459492	11.247122	32.324287	35.272219	33.129331	19.531523	14.193100
32.560827	31.601254	27.060398	20.875885	10.750354	25.860043	13.704920	28.849893	9.664992	31.634897	20.228325	28.402888	26.096520	27.001372	7.582531	8.258013	19.156512	26.987176	18.938815	35.144242	35.266877	18.397473	33.189576	24.635807	8.165813	34.334196	19.793278	26.456021	31.674897	13.758198	19.985658	11.262507	33.309035	12.988541	26.642359	18.316552	12.030663	21.505154	33.950623	21.017829	19.343196	8.475505	24.902898	34.984522	29.293169	27.280261	27.514290	16.394596	7.699436	21.734093	25.212314	26.242749	32.470795	24.881395	14.087016	12.336664	27.533077	29.862375	24.160396	0.000000	7.338052	30.903830	11.950230	12.068688	35.704400	14.513008	19.557254	30.751173	7.844081	8.855925	8.125830	14.250363	17.730047	32.507530	15.616216	16.238993	23.595388	18.418037	10.002254	13.219129	10.531321	19.113399	33.986023	32.164312	22.999224	19.140113	15.464499	7.429711	17.467746	23.558403	19.577076	17.830224	22.502616	25.657560	9.084092	32.165727	33.802797	28.714136	35.058878	29.645669	9.157699	30.494744	23.787196	7.579757	30.735163	9.774823	34.099345	16.639074	26.131350	26.199282	26.962737	31.390364	9.260220	12.262152	31.649212	18.656188	22.671035	7.929963	9.505263	22.828632	19.931473	16.927537	7.199444	32.071428	31.999659	26.615807	21.684155	33.375650	21.865630	29.389482	27.391618	23.896702	7.481915	7.664051	26.011233	18.242669	15.779891	34.230312	35.490799	30.299373	15.250082	12.913887	8.943568	35.474925	7.354744	27.804288	17.542152	8.812024	34.907412	11.268759	34.466387	33.390616
31.502638	24.515181	19.617207	34.283500	17.584106	12.214742	13.502059	15.763160	27.786914	27.358643	20.785215	28.873800	29.346633	34.727844	28.451389	22.231286	31.777778	35.283654	31.135360	18.514647	27.138484	35.067782	28.897028	18.957877	24.856534	19.323208	11.262940	22.298143	20.926748	9.788703	14.846093	29.360236	14.753941	21.268860	33.601698	17.494153	22.728151	23.742140	24.778077	18.079697	25.436132	7.511479	18.099537	30.862728	26.784894	34.054990	22.697424	22.457427	30.635665	8.881357	10.037503	31.075844	13.998674	24.036045	11.174319	24.022685	16.127296	10.459734	16.509645	25.979967	0.000000	24.649303	9.472134	15.401309	8.997375	14.518075	21.908470	9.103670	9.179336	26.325856	27.613584	18.558120	30.816801	10.844790	21.628120	8.016521	35.689029	24.670505	16.628653	23.591133	13.263339	28.466507	20.410914	19.997224	16.418886	17.212872	13.281929	10.421523	17.415183	33.744160	34.755383	22.103029	21.009392	21.365362	15.850662	10.892000	28.889805	7.957400	32.280341	17.782217	22.512301	25.026276	15.699154	16.069937	34.162586	14.272749	29.165230	26.608521	17.748121	21.514630	19.891771	16.624152	33.576963	17.874268	16.400163	7.759509	16.980205	11.664285	28.226448	30.441556	8.674056	33.863400	28.990485	13.260766	21.013186	7.666088	24.100464	26.698289	13.856225	24.143921	23.288096	14.192583	13.950276	18.042969	34.780723	20.989161	29.555710	26.454384	28.319259	9.057380	32.172701	15.702522	24.308353	14.136447	27.626428	22.886365	18.915057	11.563741	15.003284	29.211053	30.938248	12.644118
15.803191	17.692548	21.093986	14.670430	31.674229	11.746689	28.781684	12.028226	14.491140	31.131336	21.415675	32.711901	28.171151	31.817606	29.566905	14.482746	16.181051	18.305906	23.914375	28.631442	31.331286	21.210199	20.365321	16.959881	16.268540	25.714936	20.007124	26.090645	34.100815	20.625002	19.245804	7.700032	35.047192	14.236953	7.940351	31.166113	28.550037	19.800278	19.073063	33.659357	29.344613	34.840445	9.222495	10.839627	33.608846	14.648820	14.271741	30.164826	32.841881	34.659818	14.816257	21.910076	9.041176	22.359483	27.185401	8.955988	8.561147	22.639862	11.089967	22.488256	21.185280	0.000000	26.176437	19.089833	32.284424	11.389341	8.738129	29.657305	13.356090	18.640843	25.236664	17.870225	21.435714	27.582650	12.894885	16.023456	26.285353	33.778937	23.356256	29.538108	27.742452	22.155339	7.792788	12.062064	13.046804	10.296231	30.848157	13.944274	18.382095	18.593392	30.977947	12.586225	10.075757	19.356588	14.983623	19.029073	14.348000	15.109434	10.510177	7.836480	13.758815	24.411756	8.822446	28.253588	12.302485	35.577515	12.897585	26.677484	28.998571	9.256788	19.375602	26.576456	12.692799	16.841868	20.625836	9.808474	12.302169	16.942695	12.056470	16.128679	16.120680	8.728750	17.024313	25.650181	10.517794	19.692517	25.133246	30.194589	21.390956	33.122722	23.700860	12.270904	27.876343	20.945806	12.269553	24.622866	31.988209	25.240481	16.135467	17.393449	9.473758	16.534270	31.533445	15.080305	34.853007	21.528483	17.741632	11.056236	16.209598	32.499296	9.967573	34.978204
15.615958	20.204800	12.579565	10.139884	20.818903	8.942410	20.371399	21.448833	28.393462	34.563867	32.962069	16.283703	20.468523	23.321385	10.072802	18.925627	20.015331	8.584345	17.186438	12.429347	33.850785	23.301493	22.621119	17.907533	24.577380	23.448662	28.037834	33.667921	14.268792	18.726952	21.742585	22.049708	11.008024	13.935191	14.528315	21.638402	29.587402	22.931513	23.491279	20.131072	7.198184	8.362810	28.972058	18.640862	24.812423	10.815273	25.742557	10.708181	10.270446	19.803572	31.721374	22.161692	20.153855	21.532594	34.183397	14.518539	11.049470	32.688287	7.617605	17.791701	23.917990	32.742386	0.000000	29.375537	7.309101	14.332295	9.508610	24.914989	8.086169	33.985039	12.007809	19.366470	20.301814	11.842521	18.814573	22.051937	29.252887	32.095738	31.199898	34.770868	18.701104	13.020757	8.279130	22.002970	22.926080	19.578038	23.402970	21.499823	15.373750	9.000292	8.897820	33.127731	17.291210	28.902552	30.040296	30.166012	18.227574	32.301024	19.536988	30.574679	30.261653	8.892492	9.717534	13.809222	28.551344	8.940036	30.408914	31.384255	13.343056	26.261620	26.031465	30.970940	14.737418	7.580348	30.484297	26.908382	25.819640	33.889126	21.791062	20.495818	22.298420	18.165834	30.453903	35.103985	9.749750	27.438243	9.001365	10.757011	27.442659	9.166055	15.307278	26.209063	30.346784	15.021554	12.211550	13.311044	15.548601	9.087068	7.581904	25.734837	34.422169	17.116872	9.094920	29.001855	22.830064	35.163426	30.205747	30.235737	14.796444	17.629198	34.965649	23.401677
20.908842	22.984891	15.127820	21.461549	27.406962	11.768384	35.536852	29.366232	14.294841	12.170030	34.118597	21.868037	29.693421	14.301526	27.240125	24.193654	26.301303	28.449459	26.548996	20.429382	34.454685	17.905966	26.348940	18.156532	33.606178	10.766820	14.110729	29.389368	20.601803	31.052005	14.633940	25.155983	19.280925	23.076943	32.694019	21.955276	29.014964	15.604958	33.166605	34.603894	33.119960	20.632291	24.989955	17.148460	15.495771	33.086653	29.428916	34.973392	7.542358	33.381839	31.287983	24.226128	29.614789	21.325030	14.932673	20.821498	11.105229	24.235936	17.265393	18.648091	17.841081	22.691188	21.354176	0.000000	11.590165	28.972560	15.275932	11.591365	34.088104	29.714138	18.357527	22.767005	15.583729	14.427726	28.086098	22.544685	20.237101	22.380615	7.313753	21.996223	23.241307	20.638762	31.460148	22.311405	9.825229	35.359243	17.388707	18.572800	33.078257	33.758294	27.587509	32.528578	34.885376	9.381432	19.257812	31.604653	19.404434	31.384766	12.013978	34.983733	17.775954	9.715770	12.078756	15.373450	24.175695	12.553028	15.485205	7.989722	15.015593	32.874627	15.097281	15.671532	16.124137	14.917060	29.674130	16.855239	24.005638	16.092835	19.735131	7.544747	17.559901	22.449104	19.314351	8.490244	31.695409	8.582471	18.941502	11.799495	34.968936	18.964815	9.842385	11.996646	8.807015	15.036363	35.361204	12.608179	10.487064	33.458157	11.474623	21.342718	27.939676	18.653678	29.257332	11.010070	20.175665	35.459141	32.747379	25.190306	22.226177	28.401179	15.219410	29.769227
24.775225	17.738234	26.872169	17.135088	14.480885	21.753489	32.376331	16.300811	17.477101	31.976980	9.170985	13.835624	19.757013	33.011738	26.622676	13.428558	25.928832	20.020752	18.540146	24.047676	8.897924	17.491792	25.379635	30.301237	34.866807	21.511766	18.729575	30.459239	16.323195	7.320550	21.243183	24.360225	24.104378	18.507731	31.018035	11.084488	31.454646	23.130790	14.898638	18.443919	22.586892	11.857075	31.765130	22.181834	21.773859	7.714478	22.135938	23.215646	13.936497	28.956499	33.458437	23.974142	16.317886	31.030649	15.540262	34.301334	23.073488	32.758873	33.626760	22.464351	33.565326	28.774623	34.106983	20.528122	0.000000	20.060592	17.118980	15.620314	12.690515	7.150176	11.265488	32.538358	26.988316	35.636006	25.759016	25.501618	23.957661	33.026193	25.004941	9.126826	10.906094	30.255726	16.127309	9.521280	10.148171	14.909148	25.315127	24.283485	31.769696	12.496029	9.497177	11.098851	28.310771	7.782632	20.687519	13.497934	15.053328	24.563190	13.640201	13.849979	22.777899	22.052226	8.021505	22.334901	30.717490	26.898727	9.690233	10.340146	28.114489	11.491486	9.363089	32.297981	13.620045	18.273298	29.880751	31.171246	28.380675	8.841266	22.645579	9.207642	25.184312	18.268058	10.471124	18.256863	8.617594	29.092647	15.598149	31.835657	17.652998	15.142636	14.366316	10.876121	31.153826	19.100771	32.720241	10.673148	27.158712	32.840706	26.212813	26.740714	33.768818	22.253345	16.685910	35.326023	24.144071	32.458684	28.128716	14.437359	30.469471	7.795853	14.149870	17.919791
15.223053	9.928368	18.016091	15.975024	30.309088	9.406322	13.371931	29.809084	30.459289	19.644222	32.462998	26.544585	25.223127	22.085210	27.593490	9.524115	17.610560	29.123627	23.636307	10.464430	26.183955	20.030667	21.465344	29.855879	12.807952	19.329502	10.759913	30.084022	12.251368	22.925585	28.464461	19.358610	11.717156	31.444293	31.149997	13.333332	19.839588	13.789380	15.950292	25.682809	15.253578	15.809098	25.531030	13.267086	33.218986	26.497691	19.473608	24.633156	12.147457	30.824761	35.540651	9.238880	22.132620	9.483221	24.595555	7.474755	10.446844	25.887243	11.192044	12.748762	12.119283	29.660451	21.954716	17.690803	20.930565	0.000000	27.150541	35.131884	20.051282	30.705511	31.401304	34.960982	34.199860	26.894999	23.981632	10.033288	10.192312	9.062655	31.425448	16.768462	28.556093	16.227215	11.560131	20.942042	19.647329	9.989563	35.669095	10.504852	21.590017	20.645991	23.220402	19.885136	14.177253	35.679945	20.334954	30.478969	17.048337	20.673015	9.342312	16.413415	28.787545	11.020344	18.127654	10.572285	10.079609	13.763495	27.585457	33.876129	10.878567	20.443535	31.010330	10.804070	22.972841	17.497131	31.724445	35.179373	8.213520	19.935478	10.239228	32.080891	16.062624	14.643214	17.900144	11.726546	35.646288	32.677897	27.136874	23.565667	16.945853	15.876942	29.456193	21.902693	19.679552	30.102706	30.874119	24.354908	33.383693	12.899930	17.147196	13.244738	9.458638	9.545838	15.920002	12.100297	27.077107	33.046594	19.449222	16.383311	35.001814	17.543406	7.871879	34.082697
22.346254	9.582252	16.892445	16.302702	13.669655	26.353678	11.443829	25.451914	15.853962	8.125925	35.136737	26.478757	29.390101	8.639724	33.235481	13.080954	12.470503	32.140158	19.956546	12.288591	28.335933	18.581986	8.751224	31.646775	21.785790	13.648637	8.630095	7.195142	21.896328	20.393196	27.887085	12.597363	18.203998	35.127595	23.691496	16.616600	19.618230	21.781380	23.046374	32.590706	28.563128	18.882530	18.750855	9.216924	10.822328	21.218082	15.586044	32.412386	7.843850	19.620419	7.935737	11.551636	8.601967	35.520275	21.742021	8.307732	18.904045	31.060266	10.267655	30.810653	15.306880	22.225764	20.891075	29.918396	12.184055	16.443978	0.000000	10.835892	22.739742	12.479839	13.929299	7.976370	9.477132	18.166678	28.868616	20.013514	7.562467	22.858771	30.947672	7.576243	28.392381	34.581573	26.057763	9.168605	11.476551	24.953304	17.072981	29.180400	12.144117	31.687503	27.616210	34.799115	19.631432	27.113517	13.078983	19.893408	34.689564	24.644387	22.390117	28.818755	22.021525	8.901579	8.002680	27.233384	22.762552	14.035994	33.713991	14.774979	20.455090	8.870631	17.403319	13.526807	30.069291	28.631329	20.111691	7.205544	12.818344	26.227987	18.675880	23.928704	16.569439	28.953124	17.379977	13.289851	12.421470	16.943663	11.441976	21.205789	12.082124	27.158488	9.118131	17.867572	34.321829	27.168478	23.936110	16.715417	32.224694	20.292763	25.727628	29.354299	14.460012	11.917311	7.690251	33.059036	10.552234	10.469320	11.986240	30.829611	14.254249	17.445473	19.856701	14.072463
20.624266	15.780862	23.100816	11.241620	10.484086	23.138061	7.649436	16.505813	15.661714	12.552892	16.417167	26.502404	13.969560	35.678652	16.910840	17.097861	7.981518	26.392881	15.826219	34.966121	15.910864	14.169243	18.917887	31.028769	33.253714	22.791344	13.637560	22.600493	21.353490	23.758471	15.484361	11.560001	22.754436	22.512884	24.467273	14.742974	7.795802	23.792974	35.693858	16.696109	30.439659	24.996564	7.608429	25.886328	24.236480	21.745011	26.452940	31.876651	24.118559	18.465669	9.477053	10.240697	24.967141	9.609384	26.510613	10.124305	8.200510	24.677935	27.701811	27.030091	7.779924	13.780335	8.732067	30.827158	20.220880	14.290813	21.563178	0.000000	19.662003	15.703402	8.356092	9.422051	14.592940	22.879591	16.436320	21.212901	9.479347	32.868817	14.005512	15.666429	34.222103	11.102553	34.191424	21.613860	10.988194	24.525082	26.858249	10.600152	20.307248	25.337538	26.901698	21.507788	23.980058	11.640212	30.727235	17.937091	19.756327	18.573807	27.455338	13.074818	32.263047	21.206509	14.930614	28.991664	20.248605	31.019347	29.608507	16.037760	13.885653	30.800275	35.453662	20.073589	19.614496	25.068719	17.531140	19.713113	15.670904	33.972386	25.222559	26.254842	23.493021	19.973882	33.366080	32.313630	14.594632	23.710025	15.364788	24.179095	8.187392	28.794224	26.224400	26.195884	23.566451	28.996864	33.209937	31.928113	27.734895	24.572056	15.873465	27.303264	25.487903	33.581705	12.573642	16.620479	8.527931	20.708581	10.318284	11.901758	20.338007	28.903363	27.302027	31.596048
33.140229	23.751199	16.692880	8.079473	30.554856	28.588087	30.509459	23.241573	30.602466	26.025141	19.963781	29.060754	29.597148	8.276875	25.615839	8.595401	21.131112	34.453943	15.574127	14.883170	31.269654	29.024759	29.526687	27.264637	32.136960	28.290632	8.354858	29.379356	31.958663	13.615607	29.856271	23.563420	13.571614	29.200277	11.579081	11.652036	19.597471	13.037693	14.146203	29.042930	15.654678	26.747022	25.869060	9.305334	21.880248	19.768662	12.932613	23.663908	13.573064	26.475576	33.912535	22.487254	35.194097	9.321383	28.871721	29.292616	22.439797	30.793629	24.405038	30.258370	26.832353	26.221135	23.959466	30.801938	32.131586	18.097511	22.310013	30.867045	0.000000	16.839818	14.204968	29.114040	7.639414	28.651975	34.775353	33.579541	17.405152	22.175586	17.429648	25.240965	8.304173	22.603918	25.217524	8.579790	23.321881	22.415696	13.818254	22.841783	11.397305	11.184237	30.063743	17.152840	21.395903	28.274226	26.857167	8.008714	28.074547	28.265221	13.439330	30.472329	19.680957	15.818292	24.451258	23.269707	11.758358	30.888059	21.705924	17.595591	20.614413	31.224096	30.896271	27.365222	11.434641	11.628515	31.633176	22.438989	21.882065	20.222163	14.048085	31.785283	34.368574	15.280564	22.181821	15.286879	33.203231	29.542466	21.783673	32.880430	27.548436	27.631815	8.862456	9.647910	29.269987	8.388910	20.206831	21.390085	35.607585	31.543988	22.562338	33.486575	13.600537	16.909550	11.467729	32.169209	23.418654	16.564978	26.839081	28.510561	12.187776	34.641387	16.324406	27.184875
21.473818	32.611509	17.622858	23.190074	10.812295	32.524196	14.755074	11.576415	32.195938	32.625452	19.376517	9.681760	25.394883	29.571371	21.406671	17.828660	28.541783	29.285160	7.212393	22.341362	8.522089	11.483498	33.101209	21.945254	17.437680	17.900264	34.699409	23.348344	26.247455	7.968276	35.121300	20.271254	12.171632	30.471227	31.798868	27.626901	22.884759	33.912249	24.425759	22.256881	32.594228	20.635159	35.722679	33.224770	34.475008	20.466447	30.040676	9.400380	20.346811	10.652834	32.453540	24.385043	12.874465	21.052199	15.175331	31.499197	9.533445	28.164103	19.189730	14.395353	18.311597	23.064472	14.336746	13.805765	14.029432	34.647605	10.417135	10.248079	18.667923	0.000000	33.196380	18.293933	21.097949	13.029560	16.048065	13.063715	26.171867	27.584358	31.836486	31.835295	23.188661	13.630809	12.425259	29.249052	17.591216	35.392242	13.675192	35.308893	19.043926	14.243302	21.362460	35.509531	26.163232	22.110759	29.746168	32.733393	18.830957	9.094717	18.894591	30.448407	35.323248	24.965678	15.982433	30.771587	30.797749	29.113627	23.823237	30.024743	34.083163	21.576620	26.173021	23.141556	9.793350	15.738788	14.192448	33.144745	28.331349	20.594208	30.904603	26.968133	11.788209	23.094186	21.172770	8.712230	34.835850	18.860742	18.216691	16.646949	20.992104	21.205660	23.850235	15.896337	31.246787	24.266557	20.138261	9.723767	11.580262	27.716641	32.720580	12.113359	35.227680	34.961170	18.769738	32.305420	18.877368	21.733276	14.045294	31.032410	33.893120	23.424624	18.213097	12.661627
18.366173	7.158342	19.892176	27.077959	20.461870	23.101646	10.140749	19.351789	29.991429	24.436807	17.380530	27.637856	19.046913	8.172035	31.170350	32.407412	30.290315	34.058352	21.012546	15.438596	18.476700	29.786693	23.966672	17.911895	29.537509	24.592508	25.120986	27.555269	15.687591	26.173302	27.311473	19.979552	11.774023	10.569166	28.425067	27.987355	17.850019	25.449981	21.121501	29.879566	17.163643	32.862318	20.734513	25.951487	21.992102	29.029416	27.241060	14.629206	12.357145	24.638203	22.511073	12.393713	7.504276	21.688232	7.756590	34.172223	17.444794	34.909890	24.933860	8.741184	15.202010	26.017486	19.918108	14.782557	33.668068	18.050462	26.764133	15.544020	26.656998	15.510396	0.000000	9.853125	13.384859	31.773704	30.055839	8.278447	10.841660	27.784873	11.748995	19.243675	32.903612	8.422423	17.405411	33.261099	32.339881	33.640835	29.537297	32.908279	13.224750	8.577700	23.454520	22.669378	19.933197	25.061076	12.610331	13.829556	27.659419	22.677555	7.343663	14.144453	27.630176	29.503571	20.215086	16.256188	7.423853	15.600611	32.306441	28.582834	33.085230	26.980287	23.542122	7.567105	21.644892	34.472979	31.001995	28.778045	21.112602	27.800734	21.957230	31.819217	26.906406	15.904605	12.170030	29.520100	34.671563	32.136368	18.400985	9.872640	20.876363	24.802272	16.778358	30.774501	15.512632	14.748817	18.270554	24.794104	30.460490	29.087966	32.513304	34.891160	12.960452	23.053827	22.514956	27.192529	27.815274	30.167758	30.275654	32.909405	8.730880	26.521853	10.447131	24.480389
10.890782	11.326784	14.996727	18.032492	29.484041	21.077185	33.784472	25.464289	34.579415	29.974511	17.610881	20.306594	11.095921	15.150457	25.550818	21.719264	17.561328	14.886445	30.004907	8.236352	23.588213	35.582590	17.120986	21.997247	8.240071	12.677899	35.598588	28.952208	34.065750	21.752544	29.315711	8.080886	7.705495	19.886930	30.872323	32.166167	11.180300	9.261496	15.239569	25.408874	33.749460	16.109474	20.457443	25.877755	17.456976	16.353044	10.146423	16.981953	16.910249	26.229682	20.519139	11.205751	19.045638	8.291892	10.619165	15.471452	9.977976	10.977637	35.461322	22.204397	20.591872	10.785140	7.655109	22.559289	24.130029	34.844507	13.396257	9.508134	25.948429	33.178108	33.032052	0.000000	23.306653	32.444004	10.228852	23.224822	15.450094	16.510004	30.401270	10.402097	27.885008	17.849614	16.472506	10.630698	21.902536	7.412861	15.416429	22.013816	23.357895	15.114847	31.327706	21.444174	35.567208	16.685419	34.285923	21.553278	13.196734	35.736938	17.388734	8.823567	15.349702	19.630700	16.739552	13.748744	23.580671	30.363386	28.505080	9.603791	34.100171	14.530388	22.510061	22.895928	30.313559	7.672133	30.374154	28.330421	22.957036	13.855649	21.602240	35.129628	31.982641	28.691091	24.407125	28.412852	28.248259	28.074863	8.495364	25.286076	9.028633	11.785752	16.977947	22.388389	14.394961	25.827710	34.395674	8.101156	29.520006	18.704734	14.506913	22.260113	31.879371	18.572448	34.572497	27.002948	29.582681	13.336244	28.164457	18.800078	14.381241	34.983707	17.553247	20.904634
35.465559	8.925283	23.693271	30.148546	15.078021	13.543629	19.870716	22.933990	25.213731	20.389395	24.891709	13.985473	16.578027	28.705854	29.091828	30.422532	20.499238	9.665976	31.961266	24.583283	12.049625	15.862167	25.231011	17.382377	13.804632	16.557856	15.662959	23.838673	22.810343	11.912985	18.271602	14.166135	33.729919	17.959447	9.358033	24.189339	28.588541	30.462414	16.316356	16.434265	30.758667	33.598704	23.863241	31.838030	31.329873	28.754838	11.333947	13.379262	23.845978	24.906182	30.358069	22.849441	18.904304	25.842894	18.748525	15.499059	31.026758	17.819334	27.681865	29.330554	10.677222	25.124466	14.543000	32.175531	10.005832	13.912125	16.771427	19.118873	12.744045	10.648060	19.889982	11.786528	0.000000	7.212375	14.162859	8.907383	25.268818	25.006108	34.250729	20.638549	25.692637	21.009482	8.279910	22.361251	24.076608	13.873942	13.416104	27.805715	15.420553	13.844069	23.439743	14.449235	26.690125	12.738429	29.906172	11.943460	33.507349	13.095299	9.678541	25.245071	8.274366	19.078174	31.738095	7.806367	29.298670	35.180079	28.286112	19.832886	24.371766	18.017249	21.289003	21.602151	12.309287	17.454051	12.097719	26.433599	10.791674	34.380958	31.180658	35.095480	18.191149	21.789338	21.179577	31.930712	34.846354	30.089084	34.635516	35.440104	29.574466	14.273936	21.091388	23.737923	27.877192	11.210818	7.835657	14.751204	16.249624	13.616865	35.513622	27.044599	29.492910	19.076722	7.725916	15.524268	15.996568	12.270883	19.277294	35.656129	27.995026	26.557373	20.813007	17.416880
10.568181	35.320845	7.325370	13.838928	28.766505	18.347125	25.272714	26.852036	17.824631	16.519518	25.651173	8.254397	15.463845	10.106314	14.712588	19.555265	33.208799	23.120183	17.585047	29.851258	8.377547	34.922063	30.719198	9.000036	23.254994	19.313870	33.179067	19.064870	34.657737	30.951941	13.503256	9.775948	24.684805	14.876325	8.373644	26.135789	7.484807	31.169839	19.208043	21.311993	22.330794	34.232367	24.370206	28.496636	30.442208	17.352754	24.192354	20.005640	18.015004	17.458353	7.183495	24.205662	33.939630	24.398934	31.037491	30.783055	28.289546	8.098478	8.506356	15.088296	17.657850	11.192825	18.478390	7.792365	33.208559	17.506916	25.016179	10.479233	12.120464	20.453421	22.339064	16.645135	15.351785	0.000000	28.076247	28.515202	30.334617	25.042240	31.789749	23.150941	20.639781	31.398006	21.180906	32.432434	17.797325	13.088269	15.484869	17.712528	34.777232	17.323252	23.438467	16.323029	8.474130	29.558843	31.409240	19.708074	30.378825	28.133263	11.145056	33.321673	29.919717	11.587666	17.401346	10.079565	34.250038	15.101087	15.599628	15.042680	29.002634	31.485630	34.639084	34.354473	10.200161	26.994571	10.067063	33.106088	10.283882	26.820756	14.946766	7.335555	21.213853	15.942796	22.632422	18.832519	18.609096	21.545683	35.575880	34.504613	32.744869	9.356725	14.049719	11.620467	33.884525	10.192505	29.820061	28.627138	31.278148	29.509385	21.831940	18.075288	18.655521	8.952245	12.708941	29.521395	33.754555	16.169529	28.135167	14.016239	29.391247	20.637820	34.771403	34.596695
9.536781	26.909800	14.823149	24.700922	15.177447	25.436021	34.290849	24.054408	30.775667	24.784970	19.440802	26.222611	16.136341	14.571994	8.925042	22.341234	27.741017	12.863531	19.441045	22.815836	7.681051	26.818148	29.235578	19.222257	11.284770	23.603150	35.337466	14.258262	21.511491	15.739639	11.159230	30.614734	16.326449	7.180170	14.227713	11.784592	11.119212	12.100652	32.252872	34.675894	32.092600	23.805760	15.923414	11.827526	35.180896	12.148039	17.577974	15.795167	13.909597	20.227667	22.602035	13.484626	31.047257	14.053591	11.475155	19.230595	13.904031	17.622953	28.114226	14.634123	14.657630	8.039100	9.792836	24.710813	22.329270	34.509095	7.881773	28.040914	9.755342	28.992898	7.172668	7.559537	18.718856	18.362234	0.000000	8.492915	28.864113	15.621823	23.187087	9.132456	28.893028	16.306073	12.478743	7.387249	26.202413	26.645140	34.591918	32.980891	17.464931	35.064730	35.000732	17.026379	33.314751	15.683584	18.972930	29.411005	8.962738	31.561415	23.367077	20.709888	18.742378	16.141830	22.630640	23.484365	19.152069	8.292983	9.128829	7.571724	18.103277	18.573397	16.817389	19.094000	17.777226	14.701265	28.788889	28.143101	7.847556	7.255065	8.182751	23.000412	29.467444	19.999564	33.366108	7.855280	21.206441	23.676015	18.762013	10.462511	11.321019	19.557306	31.959052	18.556794	30.063628	22.222879	12.488574	24.601552	29.260132	25.703782	13.866404	24.011570	8.979792	7.880988	33.882086	22.324683	30.717198	9.212637	13.574169	19.630254	24.071192	30.409719	28.064817	22.351178
28.673069	11.413758	15.486870	8.368516	32.832071	30.587549	26.793973	31.053313	17.097368	20.069279	28.879380	17.857905	24.245437	31.594187	8.479607	15.443691	34.024527	17.380569	11.777096	27.545041	12.315699	24.362088	26.011501	14.398324	10.942939	34.557231	28.604728	14.962372	31.149337	17.216157	23.739846	34.392979	33.642693	32.094215	19.761577	21.082171	21.994938	34.123877	23.258014	34.419949	9.070266	10.663289	19.423221	22.964274	13.282276	31.160914	20.653604	17.381582	13.471996	34.744876	16.020858	23.521807	11.858080	30.846630	35.140862	21.853538	33.983816	15.467546	14.533975	10.371059	30.350966	24.512644	26.574120	35.430048	14.225783	33.415327	17.714835	19.662713	27.187361	28.126458	18.363985	31.893456	12.689167	27.138520	13.365719	0.000000	34.869485	16.812452	30.533827	22.286884	19.978234	27.525205	9.873637	35.192271	34.574656	19.882977	8.712706	18.321344	14.670577	16.490233	16.488771	15.939384	27.874603	13.592844	13.685870	35.101426	23.099777	13.011622	31.391910	23.073734	25.288183	21.838869	30.854089	29.793344	15.069113	23.042424	18.941529	34.917082	32.343407	21.081243	21.719336	28.102661	25.868340	33.364680	26.594233	23.467901	22.592267	32.522688	21.219534	26.722861	23.226911	19.409256	14.510163	31.752981	31.206290	34.224541	15.229438	33.780395	25.168315	26.261558	15.511673	10.661974	14.936633	16.671679	15.508434	33.217293	9.553848	10.601378	17.480845	9.494959	34.294763	19.775755	20.412565	28.702771	23.106149	28.836461	22.267592	32.014027	11.494142	23.559619	28.054120	19.625284
7.324699	11.266314	12.350261	20.705894	26.723696	11.074404	27.036910	23.294431	24.194198	15.529637	29.713905	12.600740	18.135619	9.215644	28.826685	28.166171	24.949998	29.042724	8.281843	13.805591	26.399207	19.677922	34.956271	8.928849	27.594314	25.913059	9.410281	28.928171	22.127655	31.098651	30.897990	7.665197	14.909545	22.018293	34.000251	18.304507	30.985127	12.466889	19.932041	13.104124	27.000114	25.063091	33.393509	24.357150	35.343206	26.736289	21.800674	27.107211	11.650475	32.594738	12.579489	23.737116	14.102945	14.967698	15.637108	15.520549	11.975179	30.606790	22.590718	16.984920	23.112791	18.517466	25.034820	8.085951	34.965646	8.856098	28.430631	28.962233	13.344124	23.367705	14.253639	8.269712	16.037991	26.513979	26.467254	25.122355	0.000000	28.805893	13.694569	7.358176	22.693611	34.018416	11.992509	33.051857	8.157266	33.143340	11.868370	29.397872	19.516600	12.593532	35.209664	15.711777	15.014175	12.539900	32.868994	22.333338	24.164207	13.785312	27.057542	28.420945	15.827349	28.228345	29.558983	12.717666	17.718434	26.164671	32.287610	9.555946	28.833587	34.135183	21.017601	29.336013	33.982452	29.756561	29.580139	13.912700	18.270234	28.197805	34.619933	8.268675	16.869141	25.775279	23.887035	17.180412	25.921774	22.667338	8.420772	26.425670	9.621481	19.077551	20.606127	18.788264	10.833373	29.415644	33.794950	23.292112	12.787757	21.370389	24.732713	25.527819	27.422331	32.768996	19.566718	24.928054	33.492491	27.955366	35.257216	10.333924	26.930220	11.947690	14.092423	10.646295
12.139119	29.587341	35.212299	8.922538	12.529625	7.754670	29.721833	33.452314	22.935825	32.321264	11.550776	30.235091	20.999028	15.857324	28.670238	32.359222	32.055337	27.425195	12.036058	10.588868	28.598704	28.164652	33.965568	11.148245	22.842064	13.378925	15.805711	30.719621	17.539035	17.387265	25.299147	26.347649	7.500797	21.525315	11.376983	32.344030	35.472290	22.583417	17.418985	11.841456	16.876878	8.730358	21.745579	25.276312	13.430183	26.002695	16.993213	26.420039	22.248974	26.759882	26.102671	22.799710	30.780789	27.519930	19.253356	13.364727	30.744479	12.551514	34.435575	12.753657	9.089850	12.329959	33.580400	12.727302	32.968172	32.647913	18.212542	13.807836	21.370735	8.297137	35.201750	24.696143	28.840676	10.174710	18.715840	25.500146	30.060522	0.000000	18.783899	33.900650	23.349680	12.654323	27.788634	15.028454	21.459085	31.153657	18.252428	12.069351	15.647069	17.553880	30.598147	14.188712	21.340877	7.311353	33.954284	23.175270	21.544223	29.942269	19.897873	17.347699	11.976124	10.486227	21.323248	12.906394	18.283580	28.997544	29.996575	22.802545	10.636163	25.489022	16.871972	19.584902	25.560949	8.206054	11.857589	12.763497	31.470233	19.304136	9.678691	11.177930	24.927806	8.253048	20.534951	25.779085	10.785611	17.345734	11.589945	21.149581	11.234219	19.552282	12.580725	18.528795	18.468186	16.688169	24.858175	31.882597	15.744698	17.726074	12.428929	20.822886	32.044637	21.932836	7.971592	23.462877	25.892903	26.312382	30.425895	29.896266	22.794090	9.239149	18.965676	26.501141
23.028493	31.266021	7.687249	32.565918	25.823215	24.059587	9.261332	35.655493	17.538893	22.681898	24.916326	10.315969	30.586954	9.485992	19.053343	24.369289	8.405426	12.589188	29.999484	17.082710	27.643551	22.567893	25.745271	28.190551	11.819901	10.003472	19.552953	16.948738	26.513565	22.867056	32.403689	19.597108	14.141754	35.408973	27.745485	27.218309	18.117243	18.953570	9.383654	32.059932	9.499434	19.631647	28.639566	29.967382	14.371088	7.576107	22.722471	16.999320	30.228037	28.049692	13.475039	7.458246	14.988659	14.674578	25.139324	24.026303	7.435170	15.649797	10.864286	18.022435	24.631910	7.221019	11.212392	31.325324	9.892160	24.216855	10.168552	21.625907	25.214724	31.440856	8.643002	35.201575	34.379705	24.840084	29.769213	28.009081	26.383984	30.088736	0.000000	35.602411	18.204567	26.574593	16.270393	9.652601	20.533000	22.999797	16.819254	19.728380	35.514960	18.104735	30.298843	21.524678	13.264851	34.371434	24.415410	12.321919	18.090920	32.427283	9.398440	12.358664	32.023251	33.623291	30.916270	15.642871	25.746552	33.829103	32.398682	29.484209	7.368126	30.020082	22.777285	16.155672	24.176681	20.877001	20.610913	8.589814	16.624352	26.818606	15.329888	9.539975	22.083974	32.397509	29.876624	17.881210	29.670799	8.165238	29.287982	18.384875	26.703061	27.493086	15.533663	32.350974	20.377208	10.361387	31.971048	10.577256	13.974867	30.560159	22.040364	13.387371	7.707579	9.627759	34.898489	29.230259	15.475049	30.323977	21.643029	31.411542	11.929719	27.858899	28.338912	25.306070
27.219344	25.205837	20.090385	13.444886	12.072994	12.904064	28.549058	12.583690	30.032242	33.872303	16.445300	29.221601	23.521055	10.851849	29.073788	16.100655	12.049287	14.628558	13.623248	22.852856	27.007303	35.305101	28.557406	12.837339	14.721753	21.030469	10.938776	15.610827	20.534865	12.982940	18.716106	11.908461	8.462337	16.000420	22.430967	26.352693	26.433691	12.093796	29.206703	20.118652	31.639331	32.745437	32.882672	22.318929	11.338898	26.015843	32.316082	7.236787	10.768335	26.161241	22.261906	30.651954	33.896542	21.004584	14.606645	30.271560	12.756475	20.607418	20.236099	24.987214	21.399802	16.053884	27.857968	10.644919	17.133207	18.121759	24.316371	12.900642	16.259973	18.331856	10.765874	23.329468	13.192828	16.602966	8.977011	28.028592	26.386524	17.419834	35.362046	0.000000	30.234675	18.081981	17.898045	16.252652	17.470756	34.850262	11.089303	19.352355	18.332360	35.328602	17.142578	22.934722	25.811592	30.878205	32.109736	20.978028	17.602837	20.680475	29.569594	32.194111	16.262589	25.622188	7.629505	32.430215	28.109172	33.703404	16.882679	25.565102	10.413226	17.041391	8.112920	25.927537	9.941514	19.864804	30.696420	27.420262	25.422744	33.028311	22.381771	9.626822	24.501151	18.100083	28.842496	26.007618	13.809846	19.031228	18.608921	15.571951	32.475440	12.567469	34.336032	34.342862	25.094372	35.260171	32.351217	14.204599	13.110380	20.098024	23.368452	31.567404	26.790137	21.500385	25.238858	10.244208	24.769768	10.736502	8.139457	19.230576	22.435144	32.077262	28.415472	14.606710
28.925981	20.819741	13.653273	34.247096	28.991450	8.341395	14.524956	13.135574	35.279588	20.028424	24.406262	8.261155	28.893670	12.997640	30.150453	28.655391	15.942144	18.398067	11.975800	23.768522	29.904876	35.301339	21.029294	25.195977	23.891817	23.063454	28.066256	27.870345	15.134688	32.075202	12.362822	35.247506	10.164781	12.747520	14.791982	16.317794	15.774586	34.619543	11.806400	24.461693	21.443142	19.928519	20.113288	12.318769	12.406615	8.767831	23.880926	17.557319	34.252900	11.801253	12.471446	16.182550	27.778042	26.161462	24.183691	28.669254	33.529891	11.912409	17.059737	8.060614	25.022264	14.207680	33.909787	21.254970	35.212231	21.036953	35.048485	16.029766	7.743779	8.476865	16.520776	35.272475	19.209719	11.434965	33.547085	30.860487	15.461135	33.181843	21.173934	31.418472	0.000000	25.159688	24.227153	10.069648	35.001150	16.153625	22.989173	25.159042	9.053861	15.085134	28.968252	18.627732	23.895459	8.782463	33.122866	32.427776	23.677131	35.236740	33.852378	26.552481	17.794900	27.817799	21.031886	26.475166	15.300940	31.839537	30.504495	8.779151	16.181077	32.479321	30.717746	9.386968	11.873037	33.030766	23.937701	23.030571	25.165197	32.134897	13.776515	11.449087	28.562341	9.631343	10.391883	21.704240	14.914984	24.482110	28.040517	12.956267	28.103093	21.652990	10.103151	26.249557	30.826320	31.508354	10.218863	31.245372	28.256734	17.094605	24.520967	7.294780	12.522920	12.822719	16.717984	15.288674	21.524042	28.141137	26.768112	15.220746	13.252742	21.016540	30.286105	15.780406
20.522230	8.939874	22.859024	29.316520	23.555029	9.658010	31.186322	22.767270	25.921553	18.171903	29.385598	11.100615	21.020671	35.475518	26.549081	30.211686	30.698134	10.867940	24.415774	12.138372	8.603174	16.969927	10.174910	27.637215	33.020891	8.430430	20.503978	11.249649	15.755151	15.066560	10.046405	29.693373	14.622968	26.834114	35.554405	30.209377	20.553889	33.451810	15.894536	25.433163	23.710909	23.901438	13.221011	7.965388	20.469819	28.382905	18.453289	11.307485	25.346627	31.924029	31.512426	13.448902	30.464568	18.754030	19.917730	21.339999	32.065288	31.761636	12.925396	19.599019	17.995838	10.730793	7.717797	34.310533	29.538027	31.746798	27.680139	19.275812	26.560300	34.253954	24.267581	26.906774	19.434474	15.290256	30.093126	24.271731	34.630539	18.105474	24.062852	32.831082	17.746128	0.000000	10.005388	19.218301	33.723571	19.640547	23.994404	9.908584	26.115344	29.970215	8.995124	26.667201	25.201953	20.380438	34.640315	12.514074	9.272469	33.675143	22.217725	34.251277	15.769006	8.043728	8.563647	11.935269	12.051721	28.877783	18.368575	29.031727	11.399755	11.891551	29.115647	28.251864	22.718309	7.198091	14.202854	10.468524	21.620081	13.566860	11.886173	31.120609	31.638646	12.311224	12.584569	14.142661	34.804912	10.212850	24.677141	24.559483	25.002229	11.652978	21.679944	15.921977	32.241532	26.232346	29.846672	28.640435	7.179073	32.464428	13.383114	27.138623	8.878374	33.623161	22.778923	33.104017	13.535764	15.527357	11.578734	26.306585	9.621952	33.469031	21.370333	12.879292
19.484272	7.731755	16.412006	17.371191	18.792026	34.609476	14.805947	18.331667	9.673961	32.926474	13.090620	16.977121	8.599366	27.003132	20.553138	19.888092	25.568835	18.734270	15.375639	11.887145	26.399322	14.586478	12.523283	34.835274	19.792444	20.947124	32.223695	9.546421	7.359461	26.897388	11.844892	22.300299	29.379769	17.213697	27.670320	8.830176	22.634900	8.588775	34.739949	28.418338	26.836852	22.847553	18.486540	7.692219	26.454208	18.649653	31.260421	19.987832	17.319283	35.287427	18.277900	12.882716	12.845585	10.783193	22.228793	14.179294	29.157801	35.681762	18.511693	7.545886	16.701934	34.003231	14.645560	27.911448	15.842541	30.136081	15.517987	33.333401	31.749667	18.207813	15.083177	31.734293	8.012932	16.706224	27.692754	32.925170	16.687184	7.675444	29.494143	24.949368	26.875100	33.749742	0.000000	9.468786	10.784063	22.040923	34.340495	13.908906	30.288245	29.186239	11.072709	31.583784	19.886486	16.298842	10.869886	7.312905	33.914369	28.795762	24.341450	7.765175	18.932896	19.986450	34.601759	13.751823	27.734324	34.102444	20.741629	31.495133	15.059621	18.412550	13.729289	10.796727	31.565128	35.600423	14.188313	29.363834	18.372110	25.254031	21.434962	20.019655	18.246382	19.251399	14.909696	30.913896	9.471647	29.294300	18.798196	26.698798	14.139349	21.444391	20.826745	34.313249	13.847482	18.503589	32.238585	28.733832	17.817211	13.599925	21.703874	28.276367	8.663593	32.358334	15.130121	28.047032	21.044262	16.416157	18.040309	12.421740	27.273657	30.824774	11.855657	17.877510
23.121884	14.808401	12.621679	28.471786	30.478194	21.783628	9.028918	10.658927	12.561841	23.297494	20.987682	30.473966	11.057953	32.957586	22.350114	8.547610	27.962912	11.200990	33.487865	20.551485	19.493131	32.350238	16.954157	26.925013	10.796709	24.900108	12.195888	26.842941	15.348963	22.385122	15.695431	26.820878	26.640627	29.232024	35.579496	8.215410	26.054643	12.603563	18.812971	32.785153	33.409280	28.716263	33.133280	15.327491	28.099298	11.550292	9.531801	23.577626	9.364830	7.969723	11.749125	31.582554	35.601042	34.603188	15.693137	29.189079	35.315811	18.587281	34.715074	20.606474	13.504684	28.691043	29.857621	13.506196	19.668190	29.324820	16.297533	23.334826	17.878627	10.391525	24.029728	21.422332	27.746945	34.157387	31.809601	15.459025	21.137837	25.644862	13.174500	13.669090	28.126183	31.633889	34.735795	0.000000	28.833465	16.108419	31.388804	7.461500	34.638025	30.531262	8.216741	24.895254	21.619946	20.414421	14.660222	19.653003	19.226479	10.671356	25.351309	31.143036	20.180205	10.249069	24.557522	32.587432	20.154329	17.016738	12.849316	23.071944	24.869234	9.617302	23.578765	35.652750	28.247354	29.853971	32.447215	28.941701	13.541320	18.977388	8.174516	34.698171	8.405555	8.346571	19.863042	28.777125	17.912012	17.701649	8.371959	27.535965	15.265150	8.166789	21.801942	29.490433	26.587842	27.780248	9.140342	9.975599	12.079415	11.858543	21.435532	29.946978	12.228321	19.122986	17.274061	13.459726	30.661228	30.259317	34.536921	26.781932	28.978342	17.557242	35.536364	28.723208
10.818042	33.156042	23.760962	22.195080	25.247404	19.067495	26.388272	9.020289	9.633047	34.850681	16.436869	7.686035	8.726618	11.698959	19.599229	10.665230	11.025090	10.388913	11.479622	24.537656	9.201190	16.914558	16.453884	29.962275	35.485830	10.414356	22.281888	30.428115	25.846695	35.200543	30.194517	22.583235	22.905003	26.557476	9.988186	18.183495	21.259838	34.441317	29.914496	14.043977	19.571309	28.942558	31.378039	30.561300	12.387313	35.184647	17.690689	19.532645	15.108892	20.920870	7.868293	22.669409	31.772854	27.441093	19.479733	17.044615	13.815042	24.974807	13.521375	11.967681	14.566642	14.951047	9.373780	24.214717	16.655749	15.359563	13.489891	23.634297	9.839508	12.153704	29.736119	29.305811	29.246683	19.084096	35.586588	18.177861	22.678815	32.184209	8.933790	29.816611	21.676744	12.512882	30.066084	12.003388	0.000000	26.483416	16.162369	13.178754	19.195813	8.988386	25.514219	12.878665	32.401707	9.839430	34.116113	19.689808	35.509509	22.143198	35.547568	12.551275	21.133243	32.342341	7.153838	9.294078	23.994371	17.353256	34.131626	25.821323	34.669463	8.238553	8.313462	30.942011	30.499575	17.484281	28.902709	22.687886	12.902843	22.478320	24.706202	20.175789	35.414934	30.023015	24.913066	29.145018	34.577344	33.475201	17.456772	17.630499	8.055275	35.604478	25.800378	27.374309	12.501565	10.775017	31.259025	15.031736	7.937174	20.214962	11.656713	29.864453	29.846858	26.308251	8.055774	9.423930	22.024926	27.005979	18.142654	23.808070	21.667254	24.627243	16.667075	27.507783
31.777063	28.947055	35.431104	24.233758	19.764641	27.300990	7.478845	13.618578	10.746330	34.053417	21.145159	28.471619	15.286193	20.035245	16.825580	30.190737	23.153810	31.676212	27.389291	7.476359	27.482797	11.996885	13.579823	28.242572	11.147941	31.128253	15.771626	8.645147	15.377269	29.434358	31.530473	18.865665	23.692801	31.815449	20.974940	22.393817	16.626058	18.665529	34.916334	8.276574	14.400960	23.903304	12.303075	25.216033	14.241636	27.019656	31.105567	35.185849	24.551655	20.955082	8.922342	34.128650	28.296139	32.570600	10.807043	34.438366	33.703638	31.147726	24.981974	27.879105	7.323993	34.039352	20.103636	30.732935	22.416803	29.152579	32.534505	35.000998	24.556128	28.691029	14.499160	18.259643	10.718954	35.102962	9.784519	13.935962	8.146432	25.799388	28.289614	35.730987	14.010006	25.366745	10.446661	34.086897	24.463088	0.000000	10.306229	20.449806	21.349365	15.299653	16.911140	12.423102	25.771398	18.862782	21.727818	14.925416	13.996409	33.386908	7.470181	24.663189	13.289807	27.282302	22.033864	13.669450	7.302865	13.852901	33.571477	13.857099	34.454252	23.780970	21.165966	10.339527	9.077800	10.324587	28.070590	33.373852	11.202777	15.600510	7.515875	11.935838	28.121941	32.480726	18.636954	14.405896	9.812609	14.692610	11.559018	26.508906	30.462976	10.719267	24.903292	21.133389	19.952109	18.644191	31.578712	10.872272	8.980054	23.807436	14.336728	27.650112	12.646273	34.553203	20.171747	18.864129	28.288595	20.404978	21.167244	9.374990	21.263262	15.617569	8.125166	29.781511
17.386384	31.922971	9.455692	18.191970	33.278372	23.346876	23.577696	9.889867	24.666421	17.453717	31.416747	12.713903	18.092636	7.519236	16.594041	16.147697	34.034194	29.622356	17.639351	23.133609	32.836068	14.486795	24.436920	16.425213	12.846957	12.048819	21.193350	34.240591	12.341483	13.380388	7.234004	11.085819	18.214505	10.692388	26.549685	31.345151	17.696281	33.972920	13.686368	20.833237	11.909605	12.060580	31.637095	23.569919	9.042326	17.743372	11.755150	26.724843	33.159136	18.024386	20.736032	21.341206	15.283867	25.479699	9.900839	19.701984	17.423229	11.757972	16.996521	18.149363	29.210445	13.004519	20.868198	32.874509	8.123948	22.166367	30.673795	11.090928	28.681243	20.602922	20.530955	23.906609	30.335311	30.185744	25.617197	25.804737	29.563007	30.665128	12.852567	21.611893	15.950717	21.884605	20.759280	22.282947	22.391183	19.845911	0.000000	18.770569	35.582523	34.358758	20.942457	14.544922	29.459892	15.914313	30.653855	28.289587	9.127251	7.162989	7.867592	32.038615	29.180436	15.918826	23.862566	29.728654	12.035952	35.144949	32.537793	15.449536	17.168124	7.878630	25.845388	20.694941	17.649525	34.113526	15.036536	30.942628	22.152815	27.946017	9.896823	30.246984	35.219519	25.021455	17.139542	14.910796	7.479061	10.890520	22.733233	16.033975	26.821641	28.720661	12.742890	8.120074	10.818323	26.704308	11.911157	24.993526	25.084278	26.245447	30.200182	19.370833	14.926198	33.140014	13.079115	11.612343	32.601748	17.903713	20.706643	13.633826	34.002745	25.141997	16.738817	11.613619
30.185771	21.299176	31.607677	16.975512	34.821256	35.442113	25.305007	32.601460	35.240404	19.843747	11.971104	29.871582	27.051650	9.957532	14.487204	20.159241	26.142609	13.671844	26.230087	18.984850	21.513007	20.479607	27.900454	19.210376	20.692072	22.408771	22.817453	34.682671	26.094502	18.513072	33.119790	26.104563	35.373283	26.473179	20.796948	30.608556	20.051735	33.523865	32.339822	29.543702	20.050915	18.102183	21.507726	21.064561	11.647387	35.186905	32.589002	18.254888	18.794970	34.217253	28.955362	33.203197	28.065519	16.222436	14.674727	16.290106	22.215576	32.295263	19.303724	16.620580	21.926436	19.792677	28.306213	8.606366	13.335810	29.534810	29.021853	11.402399	8.995813	12.916694	16.680748	18.349691	9.711389	8.882842	13.490758	15.036622	33.678022	23.010053	8.142372	29.505657	28.827588	16.769030	17.882166	31.727848	24.845017	31.888051	12.828190	0.000000	28.860876	7.675869	34.938366	23.620891	34.493418	34.843298	13.653938	25.119319	13.800547	26.740566	8.556877	26.628004	11.788323	16.091946	23.119372	31.747524	13.869343	30.626511	27.543583	27.231013	25.146346	14.935309	19.465309	18.631167	18.361973	13.610639	19.880556	20.530881	22.040308	19.342170	24.807520	33.498876	8.558880	32.926751	26.482378	35.091953	7.909698	21.472724	17.311619	9.956968	13.808927	11.772333	18.649790	13.827405	22.945190	30.936644	22.616515	34.321044	35.603279	23.356966	12.943844	35.005138	11.196694	16.374432	10.482599	22.394985	9.709307	15.348681	18.859753	20.910221	20.019277	21.207679	7.998538	19.797795
21.399533	17.726885	17.673087	20.313092	25.927377	11.663486	28.233757	30.180364	25.506349	25.854995	27.689477	18.079629	19.325768	21.990465	16.683559	10.257674	29.424754	13.678315	19.835673	21.760043	21.902692	13.800858	32.679864	32.930695	31.849047	16.128913	15.759738	16.658775	21.903135	17.065741	16.314614	18.263664	8.557485	23.150379	35.682280	10.246040	19.438959	9.247598	16.909150	17.732949	34.176681	17.316466	17.657982	26.792979	29.051061	18.869574	11.936627	9.868524	22.604914	29.506064	9.013303	26.059138	29.931174	31.630569	35.164020	27.014107	29.787383	33.403291	27.891311	33.263019	25.629488	35.075058	31.523765	33.316900	8.156482	14.652181	17.383329	16.269851	20.604044	28.529363	7.221391	9.200280	26.972346	18.553819	11.350647	13.246322	14.525086	29.137339	16.339141	23.377579	29.157013	27.313683	29.720527	23.917645	16.877516	24.084997	9.275693	21.735849	0.000000	11.462047	10.108213	31.157566	17.888126	10.779391	34.805444	17.883129	26.222641	27.030811	30.260223	13.434867	12.066465	31.799219	32.325886	21.250013	27.088930	29.114002	29.178397	7.272443	25.085535	30.165636	17.236619	11.436599	15.483767	7.320277	29.265565	29.361206	27.432873	32.906064	30.250441	21.771350	30.352099	11.820958	23.145592	35.411753	33.735677	26.120554	8.946609	12.042862	27.839411	13.645567	20.248240	17.822022	12.710196	21.322961	20.131956	22.631587	10.987759	32.999316	29.230288	19.029253	31.527233	35.157653	25.790047	19.145071	24.018142	17.651497	28.296337	13.909822	7.924544	35.438681	27.838346	24.509995
19.135009	11.154382	34.400816	8.500612	28.156305	22.580914	29.296741	35.551573	14.491638	10.220596	34.130719	34.623520	11.981007	33.871219	33.417955	26.070177	14.510112	29.786225	32.459945	24.266837	14.348583	35.498783	22.213523	8.902795	18.968988	19.568814	25.280595	13.621814	23.455217	27.294332	8.229263	28.333383	27.074379	33.640313	34.871497	10.254304	31.864202	12.800324	22.707029	17.836003	31.510209	23.761288	25.138259	10.711309	7.501429	32.498328	23.327361	28.481145	35.607288	32.507250	13.856863	28.377334	22.119179	12.412149	12.730570	20.577843	19.700032	10.235912	11.263771	10.955005	20.275029	20.828564	30.921405	9.334739	7.478488	15.366089	25.557632	27.222342	19.650879	32.180211	11.725084	12.039874	25.287014	12.592518	17.872200	29.568478	35.185352	33.135558	16.747532	16.993656	19.007337	11.309568	24.219411	20.123055	21.878689	16.506578	8.984134	8.139143	18.216658	0.000000	16.236009	7.271618	25.316291	14.339325	30.970003	28.649695	20.270169	31.805860	10.842586	23.125854	27.797838	20.104497	13.589594	16.106865	10.410357	8.836125	9.032767	20.925764	11.701424	21.992000	25.795716	21.809100	31.181534	24.230484	10.112105	9.719897	27.490405	21.112392	18.512500	25.065998	7.797820	27.629167	17.204529	10.916351	28.978209	20.363392	23.116734	29.956785	7.244638	27.125276	9.919461	22.519783	10.814131	20.022639	27.000495	12.155101	19.598332	17.666344	18.344306	33.793523	10.522805	24.608926	16.363736	20.641659	8.937244	26.686173	8.378642	27.382570	15.631271	24.497151	35.126990	13.900815
14.879456	9.043502	29.708375	31.619401	24.917967	19.345799	33.636010	10.509671	11.305310	23.869370	31.658607	24.689230	17.608163	28.019140	25.071612	24.048768	7.729367	29.072480	30.067692	22.122338	16.732429	12.231472	23.035569	29.152866	35.318555	7.308962	19.714534	22.983231	9.503344	19.955375	12.805460	20.932339	31.850915	14.657123	25.692721	34.610327	33.853044	10.221635	15.931966	28.345973	11.459493	14.791571	18.852233	11.509300	17.510881	21.844747	20.240540	13.508008	27.977819	15.848685	9.571519	8.120107	18.576986	26.530123	18.662758	11.246784	12.583311	20.997082	30.275220	26.958391	34.493191	29.612607	25.757250	18.328511	11.000601	25.384892	27.199480	23.834348	23.347323	14.305812	13.922509	15.154641	35.734395	11.923235	17.235142	17.035693	8.347718	27.188918	20.837639	23.265126	32.203714	17.280612	26.040101	8.566184	26.933235	17.551961	13.688121	19.059227	27.446619	29.016413	0.000000	31.254873	18.952589	27.750741	7.892404	22.267944	31.968700	14.909613	23.861821	23.820604	25.783278	15.739131	22.137754	29.443058	8.411599	15.817412	25.502442	21.418849	24.840572	34.822087	34.319407	17.068428	33.670699	10.395617	14.501336	27.378847	20.311807	13.630413	17.808859	15.503042	14.409760	20.136645	12.667608	31.151012	26.559321	25.583535	31.226742	23.307481	27.246421	12.545658	9.596938	17.447653	34.844677	31.460553	22.491155	34.804786	30.384769	14.533931	11.321103	10.972836	31.129138	12.675777	30.797089	11.231686	22.256630	35.680096	22.538166	11.126554	15.073812	13.934729	13.010164	27.178735
10.340432	11.463492	17.497926	15.906907	13.880799	15.992169	33.372307	14.918569	29.754978	25.771444	18.252533	29.224084	14.157629	9.714520	26.453068	14.595441	21.842042	29.182192	29.706481	31.432780	12.529087	26.705187	35.674856	32.255278	24.986184	20.179906	32.716126	28.250491	34.425772	21.020415	9.377389	31.190551	13.802738	19.588444	9.454913	21.760786	20.509202	13.523698	16.941810	19.126601	23.220592	9.378940	11.305906	14.738251	8.463006	15.245726	27.935941	22.177136	11.134000	19.865021	10.254149	30.277723	30.493105	18.131934	13.164401	12.791072	10.799766	12.554220	28.065542	21.516669	35.435808	18.750625	13.588966	35.729858	14.834694	30.898985	33.245043	26.008478	31.214511	20.829109	17.497721	12.767808	14.531591	24.938297	14.660762	32.720663	32.017220	29.352690	24.002822	19.163726	17.396040	35.172088	20.115571	26.802268	12.118029	26.024653	14.096615	23.803024	21.648193	31.121449	24.798572	0.000000	28.237438	34.030682	32.791670	29.146170	10.915020	32.657173	15.047064	25.566441	16.623177	14.594852	7.166650	21.437482	27.364575	34.111270	8.475553	17.161629	16.803455	35.737231	24.182260	15.843263	20.008884	11.572268	34.636146	27.439484	32.073811	28.447927	28.523936	18.536068	8.993558	14.146605	15.013293	18.479105	16.224144	13.544950	10.530608	13.176510	24.035975	15.902119	34.142798	26.785418	31.848293	22.061883	7.461067	12.137982	10.143895	12.597949	14.611550	31.857408	32.223562	9.846677	7.503872	13.426706	20.704322	8.149306	11.243443	35.659889	16.005896	20.009704	23.989329	31.227744
15.978460	19.421234	18.534911	14.449066	22.916613	34.293839	27.617349	28.888486	34.815601	26.292615	14.124976	32.563501	17.653693	7.793953	20.389936	21.541886	18.831730	18.987196	22.384399	11.492378	9.302641	25.253580	18.282736	7.236922	25.570608	22.435164	28.292551	34.002694	34.402381	31.912457	26.890034	29.454961	19.013026	10.848839	7.621864	30.088193	31.239163	27.376643	7.709050	28.808120	13.622835	12.149359	22.137658	14.713846	10.835086	15.119381	12.037762	8.507204	34.193499	32.110567	20.553113	9.904467	33.653165	27.195133	22.521199	33.856575	8.998280	23.249162	27.761624	33.744080	12.364263	22.110373	13.493374	35.362156	28.841523	30.430461	34.661592	30.403801	29.709382	13.934536	27.298022	31.528336	9.996032	32.291111	29.140353	26.299287	11.802531	34.950540	23.364306	16.328104	14.040866	21.847105	14.227787	18.690511	27.633036	19.661613	15.533378	21.075292	28.421660	13.971056	14.580196	18.999377	0.000000	7.718017	28.998268	12.844107	7.460363	18.516448	33.269128	31.186288	27.511309	12.587112	9.576337	10.658823	25.581406	17.564140	22.874034	9.101951	24.593566	29.157279	33.099386	22.690688	12.056843	7.407360	27.148820	30.849488	13.174933	21.135215	25.502112	18.720099	15.570740	13.733664	34.776335	32.326070	19.525213	14.973732	33.190627	10.878562	22.381740	26.629841	7.471265	31.968368	8.338573	18.181587	8.918534	27.345362	22.494249	28.047760	21.000826	29.279157	9.533783	25.677932	17.783250	24.715947	19.972187	32.509593	11.323093	26.454262	14.029512	19.873560	34.142614	26.336733
24.129920	9.241342	10.880396	26.608974	29.653476	25.404681	9.532358	19.011659	26.780178	19.278168	34.181743	12.106523	9.894691	32.946048	33.142928	16.629223	21.998424	28.488057	20.160512	25.847070	12.687981	22.938788	13.876794	15.139020	32.544030	35.126205	24.762575	28.616795	28.521603	9.304966	34.944735	22.548500	19.470889	7.697331	24.473532	19.329970	35.179795	7.837527	29.735519	15.067347	24.012325	21.774418	16.586697	11.929990	34.247465	15.975623	11.719223	9.178524	7.805067	18.174142	21.046224	23.449184	20.311911	7.605487	19.745649	17.081556	25.184259	31.323645	25.365014	22.694466	31.727743	16.399752	23.526504	23.243457	32.565197	9.958821	20.238835	26.019015	29.003976	28.019762	30.425789	7.256112	24.189762	20.603919	21.478213	10.982244	30.575912	23.395984	15.428658	22.807603	28.235218	29.820690	12.638831	22.993422	18.477395	15.468693	24.774752	24.443594	7.404124	22.458925	8.715458	22.558220	14.030791	0.000000	16.054112	8.724051	12.132399	20.855828	13.294084	28.415115	14.961670	22.837549	25.518279	17.187271	8.343069	7.935293	13.152893	34.034974	14.087452	15.169552	7.755698	12.376254	9.280099	10.658796	26.960350	26.158462	7.493708	24.374363	32.703956	8.258293	10.508324	9.618376	26.442873	8.494738	20.015511	29.150649	10.579766	17.883675	17.055701	9.538777	21.223899	11.460817	12.429488	31.531936	25.854541	7.727360	27.679669	7.855709	9.257969	23.376891	10.013748	23.434045	34.682553	19.637502	14.710961	8.401881	8.082962	22.277294	26.471111	14.970022	17.963450	19.849492
31.730345	16.673493	10.432808	27.374402	29.348534	21.217074	13.499546	31.010116	32.271346	9.083120	9.421707	25.290178	9.577156	10.059570	31.171828	33.736124	26.137299	24.825816	29.506347	13.500942	27.314773	10.792569	16.984163	22.683851	35.507473	21.265697	11.212407	21.266253	16.818980	14.304501	12.053407	22.863115	10.995823	14.822952	9.534951	9.761318	28.205998	24.275029	16.022482	20.738038	25.189420	9.415181	21.522871	10.368630	22.693844	17.655758	31.336196	18.914964	14.573859	13.040357	8.558521	22.660658	9.623179	8.519597	27.326880	13.110020	20.784888	9.988597	15.847826	34.037733	7.436718	13.137055	21.746750	13.844735	17.933737	17.866480	28.665579	30.014495	11.718998	14.511506	31.318363	33.655879	19.401169	20.444348	34.259197	15.810836	23.868790	20.579976	34.713848	30.021029	29.472942	17.195274	14.621512	30.688464	23.088620	26.512184	19.841354	32.158702	19.364675	16.802073	32.733146	30.112866	14.286592	17.598456	0.000000	10.190635	12.634615	32.920438	25.570091	13.971178	28.027424	35.530930	22.900628	26.188559	9.825669	7.877551	19.725838	12.673596	32.243279	11.099174	18.635926	11.055975	18.155297	17.400862	35.566048	9.395975	14.368118	7.500786	14.496368	23.291737	31.651809	14.041911	18.628150	7.446702	34.988408	27.524783	9.720949	34.650721	26.185250	12.932164	24.236869	27.940088	29.603207	27.476054	25.215857	7.408444	27.872311	15.696479	11.861592	21.683091	18.865797	31.555580	28.492470	35.575571	12.513086	32.681941	11.548089	34.760452	7.520154	27.263665	24.987845	33.390807
27.909020	22.023416	15.583707	16.756720	26.091511	33.512767	29.852859	11.971819	32.458548	17.666102	25.757451	12.268962	26.591795	24.076170	23.176609	31.822449	32.704324	10.868346	29.163672	14.031395	24.319804	8.186861	22.946914	33.150034	9.858341	8.772829	16.714539	12.801364	35.424519	19.010873	23.117247	17.245169	14.581973	31.630693	28.011023	30.121673	27.638910	11.635620	24.806999	17.369145	11.259141	32.156111	18.483097	8.803182	23.690511	34.880644	18.441302	34.465604	28.633263	32.714415	9.242748	10.547151	17.121862	34.955001	8.363866	8.307304	22.221415	14.854643	11.663814	32.906120	30.727617	24.677401	11.686175	8.432346	7.994842	25.589954	7.860602	19.443711	8.060083	24.770511	14.802050	22.645074	23.058295	29.492911	31.793118	17.524001	33.099823	10.123721	13.327005	16.711806	19.544512	18.767098	12.840242	22.951384	21.725178	21.646202	9.194148	12.930580	34.442054	14.290525	35.477970	21.696146	22.765949	33.342121	26.099915	0.000000	19.802801	34.923291	19.669327	20.466195	19.327445	24.370520	27.568160	35.110157	17.139989	15.782750	13.059044	34.966973	35.167386	23.443938	27.816594	8.295855	7.536859	22.762594	13.183135	16.371603	34.902856	26.902845	27.880296	24.660978	27.179651	19.896183	23.586795	24.632586	18.272050	23.508387	9.244127	16.119151	24.653518	12.374673	34.974423	34.547302	20.450781	33.145966	31.372970	35.256219	15.369695	35.232956	9.573720	13.390242	19.501778	17.758496	30.246920	35.132941	13.095544	29.878948	18.258702	27.692455	15.177763	29.227323	12.860603	29.214920
34.276880	16.285355	22.734121	32.547738	25.820264	23.616461	12.768530	17.500633	9.153704	11.622196	26.205065	24.457861	12.584324	22.406063	31.864799	8.021923	13.275732	25.184829	10.283420	10.687989	13.668272	14.748504	28.213587	32.388415	7.234392	15.384249	31.265576	10.628657	12.192635	23.923002	27.225898	20.884576	20.427165	21.282086	7.791279	13.544496	28.726634	27.055542	30.056362	22.320625	18.832892	31.081630	26.897095	25.252447	29.430311	13.341270	32.458926	34.255911	29.936316	23.457738	15.994174	31.500382	27.944090	27.791525	7.882144	19.035835	23.406840	31.909673	22.094646	9.218310	25.455982	25.678981	26.429782	26.904099	25.605549	33.098825	26.801855	10.669544	34.706215	28.306542	33.008195	29.586264	31.798021	26.494608	14.152569	34.717337	26.591565	21.271440	28.944698	31.939091	27.517920	21.254666	11.559881	25.127355	25.480805	34.773754	16.741034	19.814918	29.141620	12.093498	29.259562	30.175907	11.024257	25.859656	31.936732	8.945901	0.000000	13.637556	16.771634	9.924819	8.006557	35.473411	8.546614	18.652283	28.127438	10.339073	29.605662	25.628380	9.728402	26.963792	28.540778	35.078489	21.657206	18.158369	34.470252	17.936551	34.143343	32.205065	34.371156	25.451954	25.695942	26.831583	9.581261	18.243868	32.821601	12.264305	34.220319	20.041008	25.166450	9.679697	25.969279	14.974533	35.006574	31.650473	11.848338	34.026986	28.370323	14.170962	24.503888	20.594827	10.985359	26.547934	18.462413	13.985853	17.855296	24.866777	12.435122	31.669643	28.264463	34.571231	22.451856	12.756772
14.842363	34.670240	21.284325	14.806366	24.442531	22.341839	12.856074	26.760764	11.193426	26.376514	8.775710	21.653695	23.763334	19.684006	21.258142	25.125060	8.528619	30.385216	33.560867	15.809699	24.839468	10.628256	15.182977	22.912289	26.936791	32.557539	32.036978	22.685555	27.347790	27.459324	7.296189	34.864013	11.650853	34.790837	16.922265	35.114512	12.150396	30.074601	27.500808	13.663952	22.654298	15.127237	30.245218	15.854844	28.353876	32.579016	18.511659	25.920721	29.448210	24.157691	26.078011	27.394062	34.296238	30.082595	31.276489	27.276162	34.532739	12.680288	16.822659	27.927308	15.619456	17.576222	23.394824	18.957776	19.492041	21.572344	17.839301	12.343606	20.694836	25.402701	32.119810	7.172416	29.830906	14.109420	14.298329	28.064016	19.960252	12.054600	8.155957	25.710198	20.900010	8.213885	10.807016	21.456816	25.692111	20.842454	19.253559	14.139082	14.261025	29.605989	11.516644	25.005921	30.230611	17.496924	18.684420	14.268902	32.419772	0.000000	31.208728	16.913783	21.736802	12.588364	23.606796	8.096108	8.026627	24.349021	21.344373	20.064922	28.343758	30.611433	13.736252	34.210808	13.704886	27.426225	29.309156	20.226801	30.202350	33.982698	14.335588	13.932474	8.788336	26.329463	17.061335	25.344204	14.812197	25.237972	20.218524	9.152519	7.463347	14.789377	19.905524	16.901468	23.676299	17.574048	24.943969	34.158300	27.088221	23.166759	11.900020	28.044206	26.335027	8.932309	11.078069	30.686198	34.779801	12.830785	10.418766	14.466099	33.848253	21.373703	11.079176	10.916036
30.901001	24.360581	33.029760	10.599584	9.260413	23.606351	20.287292	22.277177	30.102283	25.605400	16.785303	10.932565	22.207407	13.468730	15.575039	35.008922	35.235603	20.595831	33.879619	10.103174	19.863329	30.635806	20.429992	17.717111	19.930536	32.924789	15.508874	20.051959	27.354536	22.299629	22.603162	14.909660	8.227930	34.587814	30.286945	32.923523	11.887690	13.793199	21.750483	19.392624	13.909223	16.443070	33.337551	17.436978	16.791670	23.483050	27.624131	23.045487	32.128575	18.485579	30.620139	28.748391	10.010460	23.282259	32.961471	7.782258	18.650448	30.696600	7.809326	32.708422	33.251095	24.624571	32.886126	16.483646	31.657098	20.842737	22.040839	10.969614	33.121728	11.670209	34.381950	29.228783	19.252112	17.806379	33.461775	21.696445	21.803606	34.930096	16.965693	8.854899	12.634192	26.235776	9.909132	10.037209	22.456919	22.978217	17.847321	15.441062	16.618609	18.185275	18.662656	30.356405	7.588629	11.360176	19.581117	21.821824	30.231487	16.123051	0.000000	28.605100	34.092035	24.436210	8.742950	25.399137	10.662653	32.945012	7.354931	15.886008	33.805845	31.793852	17.855010	29.755667	16.192930	19.094673	15.614941	18.082373	12.209590	25.278882	17.113950	27.537107	18.967379	12.397132	14.108385	25.939711	24.654136	30.859559	25.291142	33.419365	14.111653	29.585067	30.195602	11.864060	30.359922	32.996135	22.493700	27.997111	21.851067	10.965839	26.908336	20.072908	20.650424	31.710904	15.612655	7.932343	33.331401	18.996609	22.627929	19.046045	11.600161	32.381472	34.535015	13.048463
35.050242	16.793897	19.001119	28.425545	13.362421	26.510298	32.370885	12.647615	27.388334	17.711872	22.061470	7.976019	24.373244	34.116948	24.349260	18.100051	26.989106	14.721146	25.600845	32.289159	33.672341	30.932792	25.002452	8.592586	13.804283	12.217047	30.910731	11.024963	22.320626	30.885221	34.755830	22.595653	26.921039	27.604601	23.448270	7.688427	26.957562	8.974936	30.331184	12.562308	27.879979	10.151010	9.249521	27.559764	27.328854	31.275235	11.006560	21.671029	23.442558	31.836063	30.711463	21.798398	15.113441	17.600350	12.458505	32.149376	20.048201	7.934646	10.656145	32.702697	17.918186	14.307076	15.090331	15.219095	23.288135	11.908147	15.353017	7.993352	7.550209	22.605732	20.421201	11.034292	28.073428	26.406682	18.618860	32.382299	14.118098	9.626015	28.230415	13.441622	8.373254	28.032013	32.308839	12.089268	12.018009	8.185712	17.872360	32.040830	33.304750	29.944312	18.299171	21.571302	27.599917	16.270119	17.685876	7.777128	32.774668	14.121744	35.573495	0.000000	13.931072	31.114129	11.221846	20.993256	29.158345	28.057451	7.874547	15.822594	25.605893	15.378057	27.040290	21.652659	30.220161	10.862546	7.165607	30.829506	18.316636	31.827496	16.108837	10.986820	21.854519	8.325365	20.657980	25.843556	26.035162	7.385613	35.414357	7.433075	30.703417	27.862554	21.243275	15.087775	15.139354	27.849279	29.315636	8.574052	26.054968	24.201544	35.562767	8.481308	18.511479	20.798651	15.186471	8.255423	27.491576	16.476282	10.559263	32.342544	10.898380	21.018818	34.203669	7.990481
24.872936	20.533959	10.808327	22.437207	21.328104	24.491523	9.832503	25.834966	35.578435	9.337598	7.753739	21.541752	27.163657	22.033862	29.069821	16.686038	22.894067	25.984068	34.358961	30.603287	23.255579	26.445254	14.860546	22.380033	26.071795	26.239240	27.262035	35.054379	31.448926	8.383655	12.948212	23.011343	30.820732	15.676690	29.327163	20.310608	7.463681	12.617668	34.898316	29.072621	9.811731	14.290295	27.311680	22.457023	14.180707	25.425927	33.353427	17.330798	23.206415	27.768747	15.243713	33.149131	25.192941	14.072178	31.388957	19.828852	28.714350	31.908569	20.673652	20.763429	11.470147	24.086820	13.820819	18.613426	8.773294	22.527637	20.267306	30.881472	25.706418	11.277578	19.806582	20.209231	11.657754	15.887517	15.714074	11.570847	17.065675	25.549075	19.343938	18.020935	35.408991	11.495807	29.673101	25.799845	29.016377	20.106981	23.913477	27.852996	9.603620	33.192903	27.147511	34.852877	22.117933	26.099145	14.975409	28.297521	20.598154	18.465729	28.238082	12.470363	0.000000	17.613815	12.544680	31.358527	17.198367	17.053661	34.248576	13.394775	14.831969	12.438920	32.355032	16.154527	25.164963	8.715064	31.266360	34.422618	22.715947	11.708909	32.957968	9.966458	31.817334	20.583807	34.504207	22.318528	15.995021	7.326924	13.893384	9.261552	13.011734	27.593353	30.489973	24.398365	14.283636	15.439235	26.812089	35.078444	33.034986	12.119251	25.749861	22.520405	7.980834	20.412410	33.412689	18.054139	17.615784	34.207685	12.932370	19.609952	22.982486	25.705287	21.367267	34.085655
35.168544	26.713674	28.800333	15.620788	7.302243	19.482154	9.148908	16.959926	29.898337	24.046670	10.081818	14.342537	19.361243	11.288436	24.386724	28.435011	31.244616	21.945121	23.793381	25.751150	30.823780	15.125328	10.113588	9.940033	31.557298	25.814749	31.460199	11.008704	31.160128	12.066860	10.409164	17.026156	21.846304	12.878072	25.302604	14.821079	19.774727	15.492321	27.357089	12.805712	10.509998	27.176723	33.970223	35.347139	33.302775	24.762570	26.134461	18.608996	27.148925	9.175983	13.854555	24.375422	17.538700	24.488502	12.486188	20.530591	26.610594	9.910530	8.501920	14.766539	29.521317	28.945491	7.305956	7.832392	21.104376	23.418070	20.089538	33.767504	25.442075	22.062234	30.559187	19.395976	18.496425	9.003340	16.053945	28.639463	35.123428	30.502036	10.069698	11.550543	8.932455	35.140250	10.072965	31.860896	9.164977	11.081203	9.848638	35.253716	17.204260	8.436441	30.503948	24.097916	22.408442	16.851809	31.356364	13.585847	28.885518	23.209723	13.490738	30.614261	23.745642	0.000000	32.893937	15.051745	19.532050	20.184494	18.175972	19.974676	29.921773	29.670063	21.021779	24.724123	8.674381	26.990107	26.977797	20.716846	16.107378	17.518689	21.974116	20.216877	10.616041	18.137353	10.205711	11.992376	29.023510	17.434818	12.586568	16.223650	24.909041	15.220085	10.264192	19.889426	8.166151	21.463914	8.989816	16.968098	20.620003	18.520583	21.881848	34.883721	30.473797	24.808426	17.411169	32.631503	14.192554	24.932930	18.686159	31.677522	31.471167	32.083789	10.938228	32.563445
7.475268	26.340820	11.820753	10.910205	10.101778	16.268752	15.903202	26.888708	8.549796	28.113233	7.527649	33.877837	22.961766	18.788902	13.736505	11.481863	20.430339	18.738782	25.796893	20.533109	35.305802	12.299499	19.677234	12.233274	26.268047	11.858326	25.102074	14.835933	32.065725	32.998069	20.705723	22.734942	15.802144	27.421675	19.346353	31.214032	13.532758	16.432480	25.844568	22.076068	19.970152	22.365438	20.753814	30.321787	30.434477	15.903107	12.210521	26.163044	18.995475	11.620512	26.511367	34.963756	8.823003	27.040806	24.624124	25.811281	11.329346	8.216165	15.258140	11.615634	24.879582	14.619855	17.194548	22.610489	13.862242	27.762856	34.078202	24.919088	20.532124	32.207645	26.865677	19.697614	22.843004	8.735278	12.095718	20.291003	35.682435	19.980333	29.678031	32.411392	14.058224	18.855454	20.169603	7.301783	14.044810	10.231456	26.848401	23.664991	29.761085	18.075000	20.763274	28.368658	23.036062	32.601878	15.926680	27.504274	20.826262	34.195291	15.855105	30.497314	16.683449	9.214672	0.000000	14.849758	28.553547	28.401325	24.175115	22.576135	23.636668	23.074047	32.606959	33.606465	23.050281	25.757339	15.881772	25.531870	21.480365	25.545262	29.948806	18.198686	11.427150	23.510159	33.447042	10.638579	13.218354	27.073655	15.701577	19.518260	13.119002	12.666360	18.460120	27.884895	7.936967	22.424617	21.590553	7.422855	25.721632	18.454447	7.167714	34.887856	33.576515	27.640353	32.656028	20.739160	11.034748	17.029858	10.247371	34.785290	19.487990	7.299833	24.396219	7.828693
16.207707	32.297505	30.610437	20.094523	35.049614	13.549713	32.477603	23.544922	27.120239	14.940833	27.299114	35.701043	32.327832	10.348564	18.829019	8.074570	15.235335	17.543369	9.642081	25.767227	14.550381	23.511561	16.618535	31.120044	23.399888	27.222311	15.126963	15.635108	19.477808	9.991376	7.634367	24.746027	9.524931	29.997804	20.635265	27.592842	33.452236	8.468911	23.539714	9.650616	26.962658	34.673174	30.085602	31.588014	18.999056	29.873520	18.809240	27.130211	17.683714	24.813594	30.283564	8.438525	26.209101	22.088280	33.967604	16.198578	26.342001	29.613038	25.430561	18.185451	17.791856	19.859805	11.634230	8.100866	21.946260	10.827235	32.835332	25.916162	12.267848	16.438675	16.815202	26.373662	27.283389	11.853257	8.923121	27.899546	27.772261	31.372474	14.441373	31.166881	35.524230	14.225999	25.580733	34.401845	32.414032	22.109343	12.046531	24.987976	9.978083	24.437829	27.949888	16.914043	34.897770	28.945289	19.929132	27.604986	35.223148	31.052326	25.302801	17.371877	23.195598	12.599854	31.040846	0.000000	7.157326	27.357380	21.019283	7.816017	13.184301	28.935398	29.881514	17.762029	17.690164	22.273724	28.081965	21.380050	23.757559	14.239866	22.964003	24.256358	19.923805	7.939774	22.935623	19.004933	28.834824	28.355175	11.547725	16.122746	22.504294	33.061175	33.909837	19.971367	21.875034	15.600195	32.527098	29.440875	28.869394	34.886253	24.780419	34.779181	10.234001	16.046895	21.002295	13.671141	13.444225	16.399934	33.856185	7.931904	7.516234	27.441967	30.810749	27.052789
9.777802	31.483871	20.316893	23.580341	10.909609	8.435826	16.721216	24.843978	22.304928	34.092229	14.828565	11.703050	30.826828	27.341718	17.627214	11.877761	11.542296	24.922558	31.794698	32.695729	17.165855	12.498857	18.520994	15.883286	16.848335	31.684266	22.007025	27.339411	12.807318	12.161729	29.744535	22.137665	12.310374	9.999888	23.828631	18.241145	20.053602	23.033029	17.406432	32.524933	21.010778	10.025167	26.057122	10.025536	14.112724	26.478049	19.804061	10.666932	16.090642	11.802654	18.089043	34.482515	19.556958	25.394346	25.679661	27.192341	32.050650	28.884634	33.050878	27.627756	29.694093	30.867979	32.549343	16.004418	20.246984	28.041384	15.732252	35.682524	13.382051	16.446702	35.427434	24.120766	30.216126	10.057047	11.369151	29.645886	15.401526	10.023283	12.248697	18.167247	26.605741	33.283828	29.543113	16.638366	19.916074	10.142399	30.861141	10.702406	28.320305	7.518836	33.522276	12.765780	10.335566	28.976012	19.740590	12.422698	27.049807	11.593207	17.508984	10.913638	29.122322	13.175857	24.390542	33.353993	0.000000	9.206776	21.791424	8.799137	10.932843	35.017270	23.231972	13.195567	28.666204	21.165452	35.109923	19.243040	32.421791	31.200842	33.330241	8.193817	25.493702	25.765524	26.928011	31.598590	8.768705	33.424363	20.168254	34.735444	27.531485	31.860956	32.962714	7.828169	32.203271	35.447367	25.382353	23.985098	30.487871	18.310361	32.494899	34.925785	8.293138	15.299051	8.711270	17.259738	13.433462	27.205898	13.193424	35.116248	13.149774	15.585011	34.948928	31.141139
29.887141	33.326940	13.955749	8.226690	31.675466	21.993433	9.461584	31.837367	32.621261	21.391004	25.094152	9.519175	15.850777	7.452514	22.002458	33.786450	28.003329	11.954875	29.363209	32.651376	19.420128	29.719540	8.160295	32.797981	19.141297	16.335579	27.895349	21.561048	33.913774	27.510109	18.495221	31.221872	33.423611	23.529693	22.542275	34.232564	21.840620	28.063045	9.511329	21.056968	7.311024	28.273299	23.249089	18.561571	33.261816	32.444526	20.358980	28.468916	25.252083	7.941707	31.002624	30.599497	11.812593	25.986342	33.804876	14.496963	23.347054	12.990437	25.454727	23.163779	19.211519	33.719562	11.068800	31.173699	22.761860	35.072540	21.562878	27.572040	24.873450	28.469964	15.240313	19.666826	18.107205	28.030277	23.470182	7.635549	17.899055	13.234015	13.494127	7.879620	33.358511	23.988211	18.577222	7.197895	25.149824	15.744703	23.432334	22.804632	19.017188	27.950231	13.024517	9.220484	28.089604	11.895756	30.912283	25.970675	13.028114	17.789411	23.352743	17.831409	25.950128	15.459250	28.879065	9.009945	33.726777	0.000000	32.958967	18.604335	20.488468	25.486173	8.787110	35.543751	13.784146	25.580489	34.797356	17.453145	14.919201	19.595268	28.167229	11.658373	12.307243	32.012281	10.908304	28.862184	29.868827	10.898388	12.373126	8.572031	12.336649	24.507406	25.091310	7.548672	32.599060	22.096670	17.024650	24.837755	17.569577	16.434177	14.946595	14.267907	23.980230	29.332683	8.942203	10.102589	35.443323	32.944602	7.280215	19.058779	23.853659	22.197667	34.307525	29.896065
24.068808	30.088860	20.867662	17.843285	12.743617	34.646207	11.087289	33.356427	17.013107	14.318331	26.294115	17.255339	11.125093	25.121473	35.561455	7.806686	8.566776	21.018905	24.813118	20.240200	17.548969	28.757810	8.184486	7.753756	20.400183	13.400258	24.785048	19.367708	18.703696	7.172997	20.282896	8.248583	15.958579	8.023409	11.697394	16.400733	11.699995	35.395435	15.342244	22.265281	35.166166	30.056586	9.045155	12.363557	21.607252	15.064651	12.626084	13.191147	28.356715	26.782680	13.193129	7.927919	22.167719	32.850483	35.255823	24.939757	8.622121	10.400470	25.666274	14.891711	11.757742	15.573185	18.626679	19.190389	26.279880	19.942902	25.356855	12.104569	34.248055	13.158037	27.515770	32.257684	13.396790	21.314317	29.829915	27.447718	34.875659	19.161134	34.381758	10.021509	14.127309	11.185584	11.658865	32.631039	27.721761	34.853010	33.293537	31.576841	8.543192	24.398854	33.055885	30.642942	34.060009	19.950960	9.631849	11.924133	11.849798	26.256690	28.013814	19.145719	16.318213	10.446745	19.599347	30.797028	24.319623	8.189459	0.000000	16.651859	21.576663	20.158185	16.676102	19.248417	35.169812	25.121762	28.002849	31.907626	16.445813	17.030358	31.730504	10.128476	10.855758	24.184510	16.241675	11.481535	34.699967	17.038835	17.134245	17.376247	20.867455	9.603600	20.479545	34.414312	8.020427	19.945839	12.911038	17.069246	16.491452	11.187730	28.987566	34.633498	29.949778	25.219634	17.802578	14.442258	28.554102	17.896507	24.818620	27.077194	23.092073	14.415667	31.330381	31.561804
18.773509	24.513472	29.038833	19.950952	9.079146	30.803746	27.203477	18.517180	9.948401	22.415215	28.966735	8.125351	20.888347	28.809511	17.949380	15.607601	8.361230	32.617974	11.396863	32.500969	29.531353	25.341229	32.069092	25.455889	19.890310	21.737452	26.526315	15.750392	28.246241	13.357290	27.373881	30.155767	17.840499	16.067841	18.179037	21.229425	7.159013	15.273683	20.690582	24.868249	19.886172	34.934384	14.399468	12.632615	28.107618	12.959189	31.065041	29.128938	16.419332	7.356452	18.722572	12.708594	8.091238	13.846860	30.332879	19.594674	30.199033	9.491366	17.534815	21.342398	35.388133	35.504414	33.467362	16.639041	10.519611	20.257195	8.404064	31.746716	18.507379	30.972014	27.556332	14.145396	22.391093	35.514037	11.026806	17.199119	27.776478	24.080668	20.827734	11.241183	9.850705	20.045676	30.037688	20.503016	35.435017	19.339798	32.641897	16.497007	33.735322	20.964923	12.107998	26.091808	32.734258	18.139467	25.900496	25.105926	35.728768	35.635158	15.419172	26.226254	14.712444	33.638887	11.923918	12.195364	18.381031	15.708689	14.199079	0.000000	34.119704	23.647151	24.463722	34.934943	12.803851	24.414018	17.608824	18.393470	12.664965	19.097399	17.093351	16.084424	25.879929	15.454233	35.668694	8.640820	30.127734	26.270207	22.199539	24.156065	20.030817	17.350157	16.932547	32.729790	12.427627	26.203496	21.598074	25.406993	32.512119	32.322944	30.984146	28.707442	16.348443	11.373919	12.046618	22.336301	29.444243	23.686899	14.880467	30.945836	29.380443	11.714051	14.728649	17.293505
11.175276	9.458096	15.969863	12.987061	31.641276	12.009643	34.043539	16.122053	19.544365	7.198572	34.861232	34.347937	10.798881	26.788417	32.563929	19.417848	17.167229	11.123001	12.120616	21.293373	29.782854	9.474230	25.860152	12.646102	14.345521	16.117379	34.519653	11.936601	26.473595	16.913377	19.667981	11.640444	35.310347	8.104549	21.055924	26.016852	34.048173	10.323663	8.353264	33.710487	31.921998	32.302524	33.008031	15.995550	25.925212	7.487045	25.378292	25.516648	14.324627	14.124220	14.850077	21.984479	16.610313	8.991082	19.052159	12.354213	16.702288	16.055675	17.503642	26.307672	22.507840	25.583289	30.920949	30.393645	19.141373	12.147748	14.290596	25.660523	8.710062	13.635000	8.811374	27.701979	12.646958	20.496236	14.392594	7.875693	27.933983	15.374638	35.706562	30.103263	21.771647	17.352253	16.427862	21.340380	11.446033	12.895890	16.761485	28.207371	35.328074	16.129566	34.814407	7.590251	15.655631	25.413926	25.340335	21.010215	11.446688	16.255301	13.933335	10.086819	15.712984	11.753228	21.893389	27.194363	22.819258	22.625999	31.412927	18.235880	0.000000	28.429744	17.222474	12.599055	16.742778	27.576005	35.728826	22.562845	35.433201	16.831737	19.786949	17.994642	28.188279	34.643556	16.060375	28.176588	18.365546	17.382254	22.503129	30.051359	16.744747	34.417541	15.437896	10.177787	9.794346	14.495800	18.756764	8.638597	13.097071	30.454103	30.989510	25.639630	18.570934	24.430318	19.289024	13.265514	10.445518	34.679177	26.693940	24.626419	20.606966	28.989051	28.975946	7.840034
19.779615	9.722545	27.860284	34.182363	14.318330	14.427470	33.415262	11.934363	8.516016	8.347994	31.513933	23.691868	12.156521	8.226336	10.704349	28.311483	14.222718	17.858883	16.277808	17.078541	14.707672	30.201005	23.034481	20.472514	19.375903	14.725393	12.352308	32.297307	16.396292	32.105873	28.912966	16.723127	13.206562	24.382800	20.648660	15.633732	11.124546	11.266720	14.991480	10.251494	31.388339	12.636629	9.504135	31.297283	26.622023	24.571053	33.961950	9.007906	10.001616	17.153383	29.857607	27.056740	13.402325	30.331309	34.441548	29.933219	9.416324	23.950410	13.376898	16.818232	34.325431	31.232949	11.422032	32.970465	14.675546	15.181857	29.254029	15.326152	20.564695	18.512222	7.814732	27.777575	24.764995	14.814113	25.836998	10.136313	26.833470	27.408056	12.808797	18.774910	8.573539	16.002726	9.534869	13.640327	7.270524	18.304561	7.756948	18.463576	16.587088	14.232885	10.261664	7.970796	7.378458	21.799551	20.027362	23.287034	24.509147	17.385278	29.664579	21.774261	7.943239	30.279268	8.641944	29.617775	7.902353	21.246410	29.777478	20.611330	9.881893	0.000000	19.341307	17.004130	7.979368	18.625006	17.477486	26.087940	34.609843	9.868390	20.117976	34.702013	20.491027	22.800990	31.219615	26.280044	21.944385	23.038396	16.377543	13.247996	10.774430	7.570066	14.808597	16.153060	23.142266	34.221873	11.252424	16.928005	27.935758	10.070770	34.875480	7.228732	11.077490	12.052146	31.701940	20.121411	11.773370	16.397581	32.111517	26.431133	34.149946	19.837101	15.622513	33.031064
17.939654	30.909736	27.582634	16.476018	35.719123	16.353492	18.933891	31.887502	16.173416	10.071564	22.968369	18.127496	15.952505	17.659677	27.304027	13.860521	17.634550	24.350655	16.252953	28.714712	35.494148	26.326315	15.068631	35.446851	18.487226	33.660015	32.129369	32.948591	29.525904	14.971567	14.579804	10.656729	13.399510	29.187128	22.599146	22.094266	24.669668	30.227870	17.517505	33.188424	16.588967	29.411448	17.861423	9.299478	14.429476	22.519507	29.186064	18.928914	19.306929	11.021338	13.072819	34.837462	32.842170	16.622735	24.527967	8.418475	24.362567	14.615218	29.233086	21.957824	26.575558	28.710854	33.786787	9.048482	24.177765	34.641039	32.122344	24.314715	35.369027	19.707537	22.181555	7.969346	28.214526	28.137963	12.937667	20.643568	18.663002	31.378209	8.627095	32.936685	33.002531	9.440964	30.797348	13.388938	32.985230	18.744255	18.140617	32.787900	22.020931	28.300539	15.371121	26.095550	9.988777	21.855301	32.827134	23.393537	27.146589	9.514394	19.189840	23.124232	31.096876	34.700037	19.805336	18.944608	11.188340	33.220058	10.177137	15.174080	24.818754	18.384644	0.000000	27.721121	26.502017	29.588321	23.667064	27.260642	9.564163	27.568774	13.066895	28.883581	20.072942	32.173744	35.162903	22.777514	23.416354	16.921664	18.259409	24.249686	19.153662	31.472675	30.925812	32.926453	23.171418	33.320458	18.257878	21.571587	16.607066	24.925723	19.097979	28.464100	23.041986	16.132681	24.333221	30.213305	8.979444	34.808094	17.779137	9.934016	34.192693	15.788847	27.413027	19.121957
33.978824	11.913839	34.337684	24.246942	33.226895	23.969252	18.130238	20.917895	12.069362	12.629413	19.102220	27.419728	9.176737	33.702400	30.335941	10.320641	22.985267	22.020988	7.998168	12.508832	30.979795	32.979308	32.200608	16.383456	23.343495	22.039639	26.799856	19.454845	31.367966	29.240459	31.659706	28.358271	13.411877	26.626226	16.303501	23.812803	15.967504	18.386628	22.771370	15.858281	26.922406	23.656746	10.416485	34.334245	32.681952	7.826589	14.299673	18.598649	32.097375	8.738099	22.835130	19.903793	21.269110	11.057515	15.620753	18.504134	24.070167	13.025634	34.420176	12.425121	35.572267	18.330276	23.844952	25.243412	23.861231	17.754563	9.884740	20.955596	19.569611	9.518499	31.178231	16.158990	19.668027	15.733699	14.407105	19.406636	33.653540	15.794202	16.464683	14.416565	28.746578	29.870486	11.157957	27.356459	8.779468	12.929679	7.360801	31.103855	25.812897	12.767186	8.166340	27.123517	29.705331	27.192208	31.020354	24.672282	20.334497	28.649048	8.136352	11.813172	10.761135	32.715010	29.237031	24.031754	27.948074	11.578057	12.377174	32.576817	31.573804	17.434636	17.217755	0.000000	26.348126	20.346625	22.561698	8.826444	34.504747	35.474687	18.052946	21.643547	20.128416	31.202125	24.908031	14.655729	16.433384	14.190545	19.534161	7.562255	10.246985	33.436257	7.411323	11.141725	18.709853	21.006252	12.783909	9.489350	19.434951	16.196835	33.163162	12.423823	8.491208	15.670267	21.094064	26.456687	33.162991	35.629271	16.957451	10.068305	23.079249	32.501277	26.669223	22.417624
29.476839	25.277813	15.813832	11.146068	15.273409	15.983071	7.951834	13.991085	22.206031	19.431773	17.004043	17.067092	26.109235	16.812176	9.082271	13.410218	29.951766	14.734406	32.820156	14.195119	30.048057	25.420074	34.149272	26.294719	29.821642	13.091256	34.583753	11.336146	9.548194	14.698403	7.371149	13.461920	19.966866	11.710435	11.673145	30.138977	34.839160	23.812058	29.574649	16.588448	7.499037	24.721309	11.921292	14.973110	18.365559	21.260379	35.342329	30.430181	17.187993	18.561985	32.079923	14.483056	28.716805	32.356100	15.107044	31.737403	30.774770	19.884101	22.500724	33.465596	7.577941	26.623235	17.198570	33.652193	24.432210	35.000362	30.596669	14.440212	16.749227	33.264461	12.730255	27.146255	32.193588	28.465070	23.907000	8.028713	13.284506	13.524477	28.535316	12.876772	35.108329	34.742684	22.677687	34.301854	33.857960	34.375879	22.475463	11.904424	30.671926	14.584639	31.635225	14.909715	26.387398	28.361566	23.359609	15.219251	32.512816	32.240285	35.401153	31.120757	21.328294	7.844362	26.345851	27.706380	13.576689	34.535873	25.458612	22.463793	14.624096	15.797367	23.369462	31.077191	0.000000	19.095323	33.083631	22.363455	34.762325	21.274907	19.982760	19.806175	22.228624	18.718930	13.516780	8.363812	25.740092	30.473494	20.402616	13.849472	25.158545	26.171791	17.899772	15.415542	35.179978	10.188973	29.759221	11.639245	17.429560	8.335393	13.231170	30.254000	24.205119	8.811455	33.431527	19.037377	15.041866	33.245492	17.456999	8.442635	7.689598	27.893014	14.118533	9.093885
34.013170	13.859082	10.026672	14.177112	24.086736	13.882945	17.960542	19.109737	23.210898	11.960977	11.413545	13.440436	22.905531	26.854075	10.963601	22.815035	9.522022	14.139671	7.983584	7.978331	27.835339	21.357070	14.226208	19.159501	28.564776	23.173201	12.063892	29.756557	34.374168	10.311215	32.775310	26.733304	28.648090	19.580927	31.429139	32.009020	21.619394	10.613525	11.713691	11.829504	27.119843	16.870218	34.321877	30.980434	28.803331	14.484829	31.149843	27.811490	8.682971	20.214315	19.964228	32.969189	25.290698	17.135229	12.373599	25.816004	33.778344	26.423058	35.552927	26.582790	19.443411	34.111225	25.566263	25.461556	12.288287	15.016917	21.626807	9.502223	20.492379	25.875629	26.647004	13.630666	15.222892	9.991879	13.123986	21.321681	19.805476	23.709300	13.208873	11.231370	33.568961	30.224369	10.362496	27.985869	9.298096	8.394877	15.232506	13.513988	18.988035	34.201823	24.583291	34.806231	30.620491	12.635511	14.336995	31.299697	18.560049	20.251059	25.505079	16.240436	32.963407	11.971470	17.134025	8.574829	20.459631	32.071268	15.988916	28.873917	28.011633	25.139137	18.998322	32.959663	20.940116	0.000000	29.966356	31.142311	13.642060	17.777742	35.297720	32.500598	13.982659	15.413185	31.803662	30.664117	31.057610	20.094696	23.105161	12.897711	28.682681	27.188896	13.802073	16.049050	14.893170	14.007847	23.881640	25.736064	11.225130	31.158135	29.990006	26.989821	29.478572	35.341426	11.702226	13.783971	16.830686	21.230115	11.357778	21.759060	19.257315	35.476093	15.716370	19.688583
27.059973	10.592204	33.376329	25.727447	24.537940	18.456387	10.368583	7.965414	29.921695	28.697228	10.200686	31.560938	11.570721	23.420147	22.642887	28.748029	20.490809	25.846378	13.926739	25.440967	35.459053	8.234337	14.446826	32.156041	13.972742	17.677653	26.438212	31.051673	34.052120	16.443605	8.351094	32.311473	23.376606	23.296494	35.170137	17.098564	17.638015	26.933291	15.539112	18.331188	12.176880	14.931621	11.130099	32.818125	35.578884	35.525416	35.150287	26.168546	27.207699	16.264369	24.114287	16.158212	24.640465	21.881897	9.467216	19.253897	32.981102	8.880408	26.184776	13.899179	11.206341	34.918529	30.849173	18.644444	21.124229	22.004653	14.327031	30.090371	8.737235	21.916159	34.315960	7.320960	15.216637	17.491658	28.392171	34.065431	31.151872	27.382525	11.032025	33.226933	20.758981	17.448606	15.141974	13.614074	27.048499	14.247199	12.497116	15.569963	24.304173	35.367685	21.817669	23.026532	11.378312	16.158048	31.118290	28.928200	13.443032	9.187987	27.796944	8.562903	18.676315	22.601365	8.547848	35.109513	21.855364	12.506240	33.548267	9.765875	28.211793	19.412249	11.757616	29.135742	23.708770	27.745668	0.000000	19.819010	23.300036	25.996770	15.706410	19.316010	20.646268	23.032600	12.918534	11.712702	8.233206	14.858538	16.481461	27.556290	28.556315	35.246990	32.275247	26.399056	15.933563	35.365074	26.231646	29.866029	21.959941	34.487198	7.248102	23.303015	32.930337	30.289865	15.890672	7.509309	20.214510	27.095242	25.875676	12.047133	30.362831	34.716114	25.585885	33.350654
17.084657	11.351630	17.044830	22.342449	22.886489	32.644802	13.337549	23.551461	12.677877	11.686025	35.694270	20.391249	13.539598	12.884786	35.499356	24.601496	23.444469	25.640692	13.663864	9.394614	8.836117	33.806255	34.493587	28.678242	23.373044	20.976048	11.214098	17.881959	10.197145	10.973759	9.128050	15.050599	14.352029	15.709570	30.587923	10.572019	22.327406	11.857627	30.207574	29.145347	30.072159	18.930971	18.149203	7.477885	30.712303	7.518203	17.805536	14.583350	10.131377	7.975829	29.334330	18.118433	10.645941	17.031665	31.170304	30.245047	21.446431	33.168857	28.474999	12.249203	23.917528	35.464281	18.947588	33.720840	26.361474	16.746523	32.112373	24.327283	31.662685	12.559241	33.330554	33.786080	9.482783	8.177814	27.821277	33.421453	28.849327	34.103999	11.755967	12.710737	26.519050	16.838828	11.405090	26.290656	11.651397	34.721456	13.690577	24.807783	26.403505	9.337243	22.494768	11.151197	16.223196	16.078558	31.392146	26.800235	11.882269	9.039943	15.503636	8.390001	31.559073	28.683073	28.724459	18.139594	26.971421	10.052292	21.895874	25.213135	25.632252	30.290840	10.671015	14.417593	9.044201	7.397744	14.286638	0.000000	27.052110	21.334142	11.856386	15.619601	23.218074	11.849427	34.614133	20.140353	7.192061	10.059778	22.489745	27.432691	11.428273	11.023202	23.610612	12.096948	14.169715	35.361439	8.323856	7.274134	30.761239	17.451078	30.128064	27.714479	13.810147	17.638910	25.957625	26.246940	21.478350	13.495427	33.514116	28.728629	25.027093	7.385865	22.933593	34.466871
32.651870	9.347665	16.682913	16.104934	28.307447	35.660778	30.572106	27.664819	9.527170	26.738959	7.448089	29.123119	28.782703	31.531887	34.888711	9.514742	23.670121	30.079464	28.638563	13.268395	14.121852	18.198651	13.239338	29.869486	25.152006	23.343509	32.401025	28.650527	35.054309	9.244950	19.568850	22.471285	33.041350	22.356290	11.668273	27.285441	21.276269	19.351622	18.450455	20.728573	12.076429	10.547652	31.714494	16.180524	13.391320	29.031375	19.364906	22.574235	26.592965	25.513902	33.227274	14.849498	18.755207	15.892300	31.611900	12.957936	32.212338	31.362177	14.642820	28.091421	13.323938	11.182757	9.325557	12.142925	22.979806	20.049423	16.872163	23.760178	31.330725	22.392261	17.007676	31.278583	21.202207	21.010177	26.225323	22.039089	9.652235	17.231351	20.894914	28.165175	20.986230	22.521893	31.373076	12.823248	13.907035	18.152042	26.800398	20.979593	19.649148	32.990660	15.191188	21.554461	15.388241	32.449975	20.138000	34.797877	18.752970	7.473405	21.575780	19.188270	32.954623	25.410102	26.186364	17.013031	23.294190	13.345464	17.340230	32.288214	10.664599	17.955589	12.889586	25.057100	34.448929	18.485613	24.638715	26.226940	0.000000	24.658224	24.990829	29.352390	13.460917	23.015287	34.416810	33.175312	22.905553	23.869625	7.853554	26.220163	34.243543	10.363375	35.409913	27.780162	32.874478	23.235617	18.556875	25.315677	9.977175	30.302240	12.957600	11.404064	20.776957	18.970882	29.751363	26.069497	33.279627	14.398267	22.486383	20.593472	34.858354	28.157782	33.931320	10.861805
16.601442	35.662745	19.369058	26.913100	14.802469	7.332954	27.430516	10.883131	28.893184	33.192817	28.730457	17.482105	11.803457	8.516742	15.462524	16.619549	27.489567	30.752275	22.211462	13.526803	15.411903	27.603187	32.291499	7.950330	13.338147	23.076784	19.082260	27.869232	33.942714	11.094749	28.441702	31.046668	28.592941	33.570298	35.254690	28.272767	24.047774	16.212912	30.890739	17.133538	18.434526	9.479862	35.530774	35.135135	17.362929	30.911979	27.132562	31.970472	34.074936	15.081710	18.505299	9.720252	34.708696	28.995618	14.607055	29.034092	33.460731	29.291921	29.008737	17.300809	18.336079	25.212140	13.974898	11.337863	19.809947	17.117018	12.406455	15.781218	10.808822	10.484600	34.913011	16.020326	28.473442	32.757910	32.927236	30.581381	35.098883	12.197521	10.317213	8.440242	20.538548	7.345681	25.374219	13.477738	19.202174	29.194857	30.841891	9.452848	25.604492	31.828126	23.602056	33.132251	16.033264	18.337783	23.348137	16.612894	22.057014	33.673491	32.461421	14.098986	13.516450	23.171571	22.971642	11.821421	19.958781	25.309189	18.487904	7.402396	23.265577	16.351801	20.776783	9.581636	14.453278	14.117369	33.746386	10.605380	23.537333	0.000000	10.826274	27.590458	11.106965	8.336412	21.458337	26.725865	26.285384	8.692247	18.491909	12.397913	34.089721	33.380729	31.621313	12.341372	12.523455	14.574182	18.057048	19.719044	25.861837	33.834394	14.173923	27.542727	31.848675	8.920272	31.524666	10.842564	26.473357	31.605175	16.720144	24.413002	22.332776	29.981237	28.421366	10.123586
34.397819	23.584122	16.419971	23.300933	35.582225	23.301616	16.103751	22.171155	28.308449	23.004180	19.272699	34.854761	20.233513	30.418874	34.803059	15.003414	16.336872	14.993673	25.572069	28.669517	22.767208	10.205644	35.271864	11.819900	24.093770	17.384963	35.381201	28.373360	7.734270	34.763245	25.664883	13.558179	29.549450	15.391691	9.870113	25.950667	17.286169	14.899010	12.633790	12.362095	22.168322	21.868718	30.587981	8.808736	33.085344	33.618961	15.649772	29.996583	30.348820	7.800802	8.256823	21.425375	9.495310	14.489935	18.832598	18.599834	13.117993	26.809656	28.830430	15.048455	23.303622	35.163820	20.080064	35.464546	30.071029	30.382079	9.032881	30.353686	21.342219	31.056596	20.011656	8.000992	28.766201	29.455006	20.323564	21.372689	28.681782	34.583670	34.212825	31.431319	22.961542	32.037037	26.690711	28.135506	31.664684	34.687500	25.028964	34.702927	13.346330	23.940766	8.215410	30.984568	16.548838	33.105069	15.391615	29.421364	18.060625	18.566238	29.834251	33.446683	22.177431	21.341706	27.537612	20.659906	11.284215	30.776668	9.473284	17.965895	19.557177	10.837625	18.631536	34.398122	18.356924	7.231736	16.484365	9.986074	13.988504	33.700942	0.000000	18.709835	31.261497	8.933094	30.771179	15.531145	18.245072	29.312118	9.211367	25.097532	18.733477	16.800528	24.385675	12.993182	16.707867	7.987914	10.419493	28.224034	16.864976	8.880496	19.333682	26.202205	15.069013	20.311586	21.575417	14.288641	17.916097	30.989917	21.753491	26.209010	7.770470	29.561049	15.769870	30.066950
32.693756	13.345414	14.634172	18.022400	17.345157	32.710632	20.849037	34.555308	23.673853	33.156693	28.110038	27.315961	13.061453	24.792564	13.615631	25.268630	13.670021	16.046763	12.912440	13.592145	8.461452	20.174785	8.239825	11.372193	30.097681	18.894686	20.449655	33.681267	33.432984	33.080097	27.576436	33.795878	29.090789	29.957902	12.941429	21.545249	7.403025	18.170465	10.182853	24.859819	10.878307	10.963917	19.063308	31.148165	28.220117	26.585557	35.307597	11.440464	24.134013	33.307707	13.534642	32.008131	15.890688	32.426935	17.128323	30.321067	35.103562	31.577943	20.723488	15.701078	31.632604	33.450091	20.015808	8.069685	8.809226	28.696669	15.813621	29.076978	35.052166	32.313380	13.795655	19.500856	24.434146	27.111867	26.263906	30.055552	22.119255	20.210833	9.624267	30.388460	32.986932	16.932959	32.963068	10.490843	24.729606	7.584870	18.630332	29.913710	19.440015	8.604954	9.261145	21.944987	24.654243	7.367452	22.680333	7.983469	18.846058	26.470065	20.521257	27.764424	13.395686	17.304849	17.192244	8.349425	28.537330	13.721875	10.274728	16.931672	23.650979	24.866978	11.176003	31.157433	23.646905	14.197678	35.105880	21.858947	29.346796	34.336052	18.766486	0.000000	8.646247	28.210564	32.973710	21.176688	25.835726	32.652508	19.006944	22.672823	9.748763	10.935087	12.512720	34.080908	21.535891	26.551553	26.355686	11.644688	23.850837	22.322114	31.299350	11.148178	16.350547	29.820560	35.733134	13.087219	25.048786	10.276422	18.581980	19.121545	23.323725	11.264615	29.032540	30.682471
10.141850	12.904790	30.955784	11.673902	33.245895	34.097657	7.297567	32.578322	30.054206	27.469478	12.393382	35.223393	27.248460	32.956507	26.692721	31.582835	33.684444	33.467094	17.467354	18.415920	15.950860	7.425341	26.169618	21.383100	29.726033	7.421035	20.838054	32.474539	9.333764	15.644118	34.060144	20.571535	32.562843	22.871404	12.625098	30.528060	16.613189	16.072554	14.819792	25.100411	9.418751	27.598385	23.530866	17.341997	21.105305	17.502114	14.855157	21.373283	30.589674	20.178076	27.285256	15.566863	16.127893	7.470811	26.437468	8.995568	21.120481	21.126687	34.489991	24.587166	9.886223	20.483653	21.641314	24.073935	20.445208	32.345589	28.287650	28.295590	16.242209	10.922921	13.847084	29.785555	26.685466	15.625091	9.277886	20.750687	25.225817	7.338360	19.222299	13.230406	14.338403	33.030133	33.481531	35.297237	22.606991	9.730160	9.433752	23.671273	15.595549	14.975764	28.945443	13.148766	11.239742	33.775821	33.508237	32.810285	16.538648	24.918137	19.584973	30.163733	8.823822	19.115293	7.200416	32.463069	25.161297	19.415246	32.121499	16.383452	31.952774	32.459969	16.876510	29.077991	27.169242	23.914264	35.257765	26.856078	16.869492	10.311619	34.771970	20.655852	0.000000	31.050250	8.486255	34.485746	24.435897	22.798858	34.955622	9.256573	15.510086	27.471992	34.583364	32.527848	18.432311	29.318178	29.559201	22.787593	30.097033	19.057458	21.085536	17.841559	10.499615	32.522265	21.464124	28.802707	24.413930	20.657693	31.428332	11.812618	15.124233	31.703063	35.667270	16.408989
11.980294	12.731216	28.754836	20.206712	30.868313	17.098106	28.119346	26.519142	28.013803	8.004946	28.872977	22.954334	14.639307	10.042982	11.529384	35.678645	19.024508	30.349567	20.728101	29.969789	28.341230	24.567423	35.442785	22.187260	11.638458	25.292808	34.891696	30.243227	24.726106	19.241852	32.121051	18.375109	32.327678	34.923194	14.185318	24.098195	20.059236	34.325747	9.314840	24.270387	24.693791	16.568547	16.234543	30.248434	8.591908	18.128504	25.486209	15.688252	24.399693	7.530242	18.335834	29.182782	19.810253	15.053170	22.954571	16.955066	24.079333	21.745308	17.599746	26.350168	26.470630	27.809074	34.125185	27.107511	35.107741	23.099420	9.932784	11.326883	33.485793	33.249616	33.058947	33.905677	27.728224	18.119987	9.958250	29.548414	35.399817	17.921960	34.175757	26.398940	22.912913	18.399599	22.155158	31.600985	16.013218	15.251189	12.977354	16.267816	32.497010	33.763263	26.593583	27.435130	14.388051	28.375342	23.260643	21.812008	7.409576	24.747216	21.249113	28.871955	16.218281	25.495027	32.181165	23.832861	29.044543	16.280417	16.072418	17.812456	25.039293	26.263033	34.225565	31.224361	17.761303	20.892989	20.787497	35.243686	16.117198	13.563643	26.033698	13.671807	22.239027	0.000000	29.078600	28.234765	28.103022	26.283883	10.548397	27.560647	18.895534	7.526361	7.994923	22.058887	15.213250	21.625553	34.737145	32.673214	15.244508	23.007755	24.793344	28.401682	15.194578	28.560418	32.876769	15.675070	27.949997	10.819285	24.172114	17.476478	26.543539	30.638292	19.581505	33.392703
18.103316	10.913574	17.970593	14.647431	32.407448	28.752114	7.534462	21.657327	32.026974	8.402962	21.306680	8.286558	16.027118	19.850366	30.616970	19.235981	34.070138	24.593972	26.533939	30.878122	30.772377	12.822108	24.255594	12.925607	25.373792	30.919426	9.327463	12.250267	21.936010	8.839691	21.839349	16.106056	34.636936	18.389541	13.757993	29.653760	14.100133	14.362673	20.944784	29.902466	7.397523	30.534429	31.602560	34.410031	12.821055	29.808342	16.870052	27.333923	27.629776	10.318839	27.887508	16.012937	24.859450	18.372202	16.059640	18.665141	17.301643	12.087416	17.778854	12.880498	26.505070	31.509372	30.790872	12.887773	16.974938	33.513166	20.031536	33.613981	29.709480	34.259782	30.508656	12.527213	25.191182	20.378009	20.983663	32.987562	7.356704	9.078359	21.742848	33.686358	23.910521	19.371269	30.071901	16.122415	21.215958	12.048190	17.053914	16.917967	14.559195	28.832427	7.330667	9.615569	24.805812	19.943962	9.705952	30.891222	16.787145	24.212304	26.336564	35.044548	23.229045	30.346559	22.622745	15.947182	20.797206	21.526401	18.802252	26.518146	21.524405	20.312357	17.944930	21.774419	9.632401	24.375462	8.916634	8.847380	13.767398	12.135011	11.341513	19.970241	23.383272	24.174127	0.000000	26.614066	14.054556	18.036678	25.887183	11.989134	22.664071	12.630817	25.889552	18.018818	15.902607	12.790637	16.290433	8.347922	15.101168	24.373497	15.917681	10.990772	17.427186	9.482110	34.688516	8.517584	24.664363	16.613511	19.555931	7.305489	25.847047	18.027733	15.881496	8.763477
31.868948	26.618680	21.110765	33.921772	17.842536	35.642734	30.257568	13.778343	17.327450	34.962589	32.692464	7.302516	19.693712	19.212127	30.347305	23.940922	12.729732	22.613418	29.942245	17.182053	31.063970	14.993784	23.496404	19.922970	27.867184	11.839711	22.050946	12.738889	17.738649	15.191264	11.985188	18.976809	33.615162	13.186728	34.916875	9.381023	30.771633	26.423358	19.791429	32.793965	31.431788	17.647357	33.710676	11.558332	29.935073	13.286742	9.891641	19.585891	17.718950	11.731161	35.501105	9.938861	23.685066	11.904716	32.008295	32.710421	15.963191	8.887433	31.601084	13.868644	17.816771	7.786186	20.677145	27.913545	26.700963	34.976756	13.192841	35.489062	21.018029	8.242622	15.774734	16.044437	33.239475	20.875222	12.228780	9.196140	31.617074	34.288701	32.597940	14.268542	28.299260	14.972537	22.385988	21.733674	13.351399	31.204475	28.247443	14.829176	34.544760	8.185830	29.681314	10.841226	19.009194	16.850067	26.758987	31.903454	24.362444	14.444536	17.717392	29.799486	13.189235	21.158493	18.818026	18.779764	12.373558	13.697514	23.119825	15.687346	24.343488	21.675627	23.329161	8.276393	13.699332	8.665466	15.712740	29.609197	21.849441	26.074056	34.934987	25.372618	19.219238	9.629738	15.308233	0.000000	7.782810	15.509539	33.696163	23.633454	22.007251	8.906477	28.303906	9.095185	32.277912	34.971976	30.360559	14.799598	31.409869	28.744226	33.233380	28.652498	21.455969	15.320180	34.269306	27.149612	20.798075	14.989203	14.753636	22.877076	34.350466	18.894123	15.425846	34.535247
13.599241	17.727716	28.738708	31.065192	15.620131	17.668805	18.874103	16.039244	24.702458	25.501387	27.533233	26.797677	21.895029	25.336829	16.752162	30.132149	16.010225	25.393527	26.382569	13.040887	23.805999	16.303338	28.331235	27.853049	35.441468	23.311958	15.510504	16.876055	8.472999	24.964737	15.533903	11.622885	35.611378	12.600015	34.017057	23.466519	10.787509	14.470286	23.857809	28.955737	33.856027	31.609198	29.139252	35.328702	31.615314	24.031093	35.176363	31.991255	34.688501	30.919925	22.162402	20.361679	18.095914	34.046592	29.953546	33.331286	13.255226	32.339537	23.377900	26.600836	31.591779	34.154973	33.987983	24.831429	11.160408	19.296940	31.327706	26.370031	19.035556	30.062950	29.208308	31.980346	16.829006	29.509871	9.767038	10.608376	21.421050	15.384795	28.140107	28.952571	17.895628	7.753256	25.748422	14.708519	22.507045	25.371370	34.913630	25.248657	15.326738	31.134570	9.004964	9.249460	28.971337	33.145502	28.437641	28.433533	22.107567	21.213558	13.840859	30.419689	10.246463	16.006197	30.804145	16.783393	18.632917	19.141236	17.066509	10.217319	14.004750	28.120702	26.598442	16.884504	27.778841	31.426029	26.792567	12.180452	20.486042	8.265915	16.255529	16.329120	33.188803	11.845561	11.019860	19.885532	0.000000	20.907740	20.892198	26.265527	12.633603	26.173302	16.674456	25.121898	18.412232	20.319772	22.849967	20.914665	7.210207	7.565649	22.049830	31.840482	26.278916	12.264215	8.708540	19.545674	13.906923	29.746526	21.839590	17.625647	14.645762	27.117163	22.937608	23.180863
10.167425	12.532425	33.730627	21.878397	13.789474	28.953874	14.349966	14.151069	22.621387	18.765160	11.962832	19.246696	12.027239	29.317641	31.201551	17.025512	16.792499	30.667328	29.778900	23.181070	30.967442	14.540751	15.419608	28.734607	29.353549	31.309309	10.033060	13.396821	17.204390	29.581399	22.066277	14.584994	14.875697	16.408733	17.290162	7.633936	22.504064	17.929330	32.290216	10.940048	11.112010	35.738164	33.451836	35.430335	20.580547	35.725871	10.562941	10.559967	31.793618	29.559511	29.251129	22.051010	35.368415	35.342286	33.794529	18.588809	8.863141	25.049202	23.842927	35.651862	23.865806	11.101088	12.029103	15.113353	13.423204	18.711642	25.110111	24.728691	14.263697	31.265029	19.326279	8.220223	12.785733	26.285907	10.923672	15.308675	25.719483	20.541311	32.159155	11.447388	27.793456	17.286846	15.095958	9.012210	7.869405	9.437681	28.724749	19.021793	23.529690	16.698402	17.298431	35.621083	27.399533	25.543647	35.499933	26.434714	28.870727	22.020388	25.867861	12.463870	11.641265	17.488670	22.316281	11.437968	35.036976	15.823639	25.715752	7.172411	30.949011	32.762966	7.807473	12.324412	19.540910	17.892354	35.248179	13.693469	22.720819	30.492737	29.805836	22.604332	33.146676	30.945433	33.668864	31.857872	27.879887	0.000000	11.494010	11.795707	22.796008	11.522556	33.080292	12.162259	17.179573	9.107648	26.487709	28.952144	19.592424	20.671152	7.629304	30.593898	33.280173	22.178473	29.924034	33.255694	29.773399	9.333304	12.557992	14.705625	9.368254	32.284240	7.644565	10.910456
24.034662	22.157803	32.757994	31.358423	15.186872	29.244587	35.639374	30.412345	25.071991	20.749184	29.829726	35.346152	12.712292	20.320433	13.520956	14.360966	18.569872	23.513582	18.395313	31.877297	7.974574	7.535496	31.067009	21.575559	32.920971	27.311737	12.463174	32.445289	13.849807	29.102966	26.892804	8.513635	32.436937	28.123627	22.892941	9.647277	29.809919	31.813173	19.877776	13.806154	7.474700	34.189296	23.012426	34.554073	29.470244	16.434189	12.640504	32.064304	16.071294	17.400663	24.302914	33.222494	27.894134	8.705041	18.073928	30.319959	23.897911	30.549305	16.570363	19.083907	21.785461	21.440132	22.551359	13.144350	35.694427	12.160957	18.557239	19.495320	28.849660	21.959707	28.325333	24.663644	8.135148	17.342063	26.106980	13.129715	31.613314	35.460007	23.408028	20.099965	12.229799	12.741300	25.926521	25.557983	34.316098	15.308161	25.879210	24.211817	27.690902	27.202423	15.770394	16.240365	26.083699	21.633926	14.337480	19.362591	26.033571	19.986207	22.786018	27.794263	12.561326	25.972625	29.645163	18.486831	13.071165	21.045838	11.816837	19.128998	22.669537	22.678710	32.546448	18.681409	12.143832	14.413431	13.029670	34.612779	30.412456	27.486187	28.908287	35.067400	7.618296	33.238535	31.656008	12.501640	31.556381	20.453669	0.000000	19.218547	28.249840	8.606782	13.637505	31.175408	31.752549	22.752681	30.307626	26.001470	7.960664	19.758482	31.450074	22.556930	34.164418	20.505279	32.781766	8.107806	20.709295	17.655029	16.787748	14.520302	32.319847	15.969009	21.781222	12.293203
26.343549	14.844151	32.656844	27.231398	28.640258	34.402935	28.164409	24.947624	25.279066	19.634938	29.371005	7.388816	33.777421	33.716496	30.518960	16.805225	26.659884	27.939703	7.426852	19.575173	25.815356	17.705374	14.629188	8.586483	28.553883	32.331191	15.754528	18.947406	16.144527	25.769136	19.076322	35.471443	33.338991	9.228173	18.005026	17.610755	21.619634	15.128688	30.969497	21.276834	12.295721	10.369612	23.041803	10.471526	20.352420	14.960846	11.968910	28.457709	24.616741	34.565027	35.106784	17.631076	10.829018	19.979861	35.653773	13.835020	25.937639	24.837331	23.481335	32.683484	26.425767	35.002845	15.567920	8.524943	21.175501	29.545348	18.018812	31.881905	7.155059	10.387824	18.730172	31.597090	12.873729	20.363197	11.896964	11.378939	7.965671	25.510061	14.800592	33.723071	27.877443	20.768551	24.618544	8.338261	10.915924	13.664553	19.811781	20.519676	34.682524	18.126984	26.368628	17.093928	11.653452	19.504922	9.754412	21.485718	12.374491	26.249077	13.074207	31.023638	17.631317	21.662229	22.948934	33.269444	16.365861	7.609477	31.661058	12.473083	15.075754	10.587330	11.111115	13.171346	18.782068	15.167299	14.637491	26.906200	22.130789	9.179031	25.217781	23.726977	34.714110	8.121883	27.271992	33.702601	8.862151	20.301381	16.814158	0.000000	26.958302	13.873865	27.073483	32.340946	35.084662	8.047481	11.229985	20.148463	13.893369	28.465336	30.619089	25.684473	27.840040	11.553666	17.498273	35.359615	12.117204	25.383792	12.546990	22.433173	23.925491	16.052292	26.989447	15.418982
9.244149	10.279405	9.317140	33.103303	9.059900	12.399787	25.025063	26.306373	29.206790	30.752851	21.498078	18.163884	33.203323	25.006360	16.407650	23.246321	25.886774	30.262358	32.089396	7.221237	20.607979	31.668202	31.236823	14.680727	8.472934	22.084843	9.622172	22.531873	13.187186	18.577611	13.208631	12.654946	27.987469	31.156988	30.487245	35.123829	12.877329	35.283228	7.443951	11.053822	24.304271	30.042311	32.789249	18.724521	28.961566	29.215920	12.393519	15.141710	30.671843	18.471946	12.909146	22.486366	30.714669	19.935113	10.257239	18.196028	27.640810	16.837615	24.506179	31.768341	24.261005	18.714939	10.874928	19.345997	8.353636	15.422039	26.010840	33.033222	7.962309	25.686677	9.421006	19.193703	31.625620	9.016450	16.471589	26.215748	19.779756	35.274179	32.577391	11.466679	29.715238	14.710997	26.900440	31.436082	12.702953	10.544343	16.185353	26.909666	20.027820	29.611287	31.805662	17.747673	20.309544	17.049758	21.740182	15.827340	23.583433	19.021325	7.696370	33.431081	29.768062	25.723397	9.456765	21.767751	28.928054	8.501403	35.408624	29.729843	13.394209	32.388704	12.213920	9.338980	16.908854	28.620004	22.360925	7.839010	32.768708	21.555879	7.939143	13.531863	25.194756	28.392973	25.520063	15.629967	14.912038	21.726279	7.585386	33.501690	0.000000	9.115134	17.014017	21.690608	19.683051	16.041101	16.634134	7.466290	22.566114	27.151219	30.649675	17.954354	14.029296	15.655750	28.305179	30.381072	20.539661	13.186152	20.402529	35.220519	30.883094	34.605144	13.638381	10.384920
33.571019	29.187827	14.905307	19.932718	33.798333	20.898999	19.878864	28.561833	15.047581	12.175024	35.437772	26.285214	24.098419	16.603509	30.621055	11.106551	34.874568	23.309826	18.225998	24.822130	29.298954	9.587089	28.788331	14.439633	19.781725	17.450273	9.763158	20.393082	23.977759	32.101598	28.726959	33.002469	21.564255	18.812900	7.431420	8.572649	21.113289	24.744495	17.892988	32.769809	25.064106	27.348073	19.054525	35.375393	28.514912	17.849536	19.358110	8.061789	14.328603	24.627518	16.955806	21.582354	35.250929	24.866160	9.057725	11.808108	21.400233	17.220215	14.333019	17.750808	32.278365	21.929781	29.641983	24.149096	12.889105	30.862430	33.436661	35.188370	22.243937	23.888388	23.478508	29.147465	17.485902	16.092935	15.523528	26.298382	7.364516	26.431051	25.811057	33.869302	20.936235	21.366167	24.649263	19.812635	22.024603	21.269668	20.730267	9.196462	12.992765	12.914965	10.150964	30.034897	14.061343	29.854864	27.700882	25.868771	34.544612	13.490973	28.644747	20.285550	29.777181	13.622716	31.675651	24.150155	17.315581	8.457792	30.884370	9.087839	8.513571	29.349390	26.073782	29.688536	18.647470	13.579042	23.314644	13.544212	33.085079	31.282239	31.086152	20.461660	8.684008	27.161964	16.587945	23.537548	19.285549	10.264945	14.761766	12.520470	8.698324	0.000000	21.136003	19.665023	8.679105	8.202777	26.764204	31.017444	24.828700	29.895104	15.151675	18.022950	23.273486	30.795141	14.303259	18.961438	12.980080	9.773992	9.998554	17.406720	18.213374	29.226764	33.313419	19.844879
26.268177	13.087527	30.245546	9.843099	18.988376	12.065429	29.183459	34.572681	35.159601	7.391501	10.636431	29.731026	17.166662	18.256528	7.687892	19.749379	21.965480	15.038817	21.213479	13.443006	20.670296	32.265098	29.524201	10.444157	9.503913	30.074579	25.588961	11.489095	8.570270	12.604290	19.265612	34.442148	13.470493	25.525790	24.610921	29.259261	18.193713	31.080260	29.644751	24.493025	10.454596	26.238491	21.513141	34.903456	19.590513	21.279452	21.741365	9.764518	31.543889	33.388485	22.050466	35.235780	20.693846	23.785613	9.065018	30.188674	20.694765	9.925937	25.682602	23.459065	23.528559	30.631774	15.794739	7.304114	31.344400	14.255882	34.083190	16.544786	35.158513	28.260884	34.550591	9.921027	31.376287	17.393573	20.388506	19.173637	35.357482	13.367955	32.670023	30.880397	21.993172	31.307855	18.117929	7.312490	26.810636	18.535305	20.956834	11.550795	21.014136	21.506704	19.428083	34.206596	24.768106	14.042053	20.909891	21.808559	28.655608	13.730355	34.263989	32.623569	34.192484	30.691041	13.343936	24.878983	30.728839	23.411704	33.656217	17.739314	22.920642	12.105321	8.776720	35.044767	8.687955	10.032348	12.381868	14.837249	7.753924	28.838225	30.494317	11.576989	9.709228	33.841151	7.413158	35.427306	13.288895	18.668859	21.180902	12.621059	25.507189	12.886227	0.000000	11.149956	23.941671	30.647154	19.600464	26.641958	32.158865	24.449536	26.206292	23.827720	14.413359	9.415862	16.242983	35.629315	28.773804	15.634746	31.589150	12.464230	26.941897	9.803318	21.250329	29.822235
22.542904	33.735395	25.543994	19.933944	28.211930	31.533206	29.741095	34.115507	20.442488	14.274008	12.298979	27.738882	18.974909	18.179718	18.875136	14.526245	15.827992	24.488905	24.729072	24.864315	21.115674	33.094621	31.170067	11.825833	28.342517	11.651206	7.450223	14.097759	34.440499	29.124215	24.284801	31.532130	27.302124	10.315498	7.373228	15.120634	27.464407	16.159005	33.112649	19.246673	27.964355	16.262615	33.048957	11.763869	25.514699	26.012962	28.739594	31.834933	16.594245	34.307272	20.261860	16.458270	18.673046	33.333970	19.909902	24.587115	12.463046	19.447673	7.432929	23.809308	27.991067	8.012059	28.837603	30.924751	18.592009	18.434951	20.402393	21.203176	29.397567	13.575267	29.819989	23.247887	8.376301	19.096127	33.516540	21.403782	23.440787	16.855735	27.687723	11.534971	30.138394	31.251649	15.521661	12.973522	34.327701	26.768107	16.951025	15.179081	31.594606	9.979601	17.864034	25.629097	11.634811	13.926828	32.761794	30.282647	31.180039	27.408189	8.374803	17.975926	19.712552	23.110871	15.840538	9.562225	29.079829	12.868013	13.300733	19.223787	29.964770	12.886036	10.458089	32.671962	10.320651	33.842005	31.898301	31.914138	34.461347	13.695135	32.557493	31.353323	25.398616	8.942297	14.702712	24.434618	16.156938	10.234710	20.105189	21.675416	8.068986	13.339990	19.331311	0.000000	15.126040	30.306217	29.217677	26.229284	24.711835	29.383589	11.336253	16.338616	8.190615	8.012241	33.169522	27.908625	18.124163	13.585795	22.349792	18.922247	10.569601	24.196881	35.418959	26.566856
18.123562	28.147791	27.107418	16.427266	34.732328	11.791727	35.671298	17.781653	23.653545	23.700739	31.704818	17.028068	8.039185	25.661925	35.431221	11.645263	13.459214	17.703318	32.728356	25.872529	29.684665	24.811769	31.626054	18.378348	25.766133	12.201545	12.669412	31.435422	10.259179	25.796970	10.388171	29.153429	29.891015	16.739533	9.885706	34.198236	30.924002	9.262486	15.793154	33.301635	29.478245	10.253956	32.213068	16.762363	11.650028	19.076210	11.321705	26.289208	17.742610	8.108919	18.866448	33.061750	32.760529	27.223213	19.449882	28.873948	25.375265	31.262190	15.742042	19.078508	16.822261	12.152883	16.347796	21.120671	31.981701	23.917983	21.087312	15.154258	24.286844	15.196545	33.857678	33.746722	17.148001	19.571718	17.604147	11.509932	25.027699	11.094806	29.454424	25.377984	10.890479	20.503000	33.232236	34.443553	28.367781	14.750278	13.497501	27.805496	20.867141	8.228003	12.447626	12.422829	15.248340	12.629878	24.475787	19.432252	35.187349	25.082773	29.064376	15.392773	26.940166	12.770771	18.697842	10.809502	22.846742	27.526151	19.735616	34.839052	29.866958	25.015725	27.871139	10.261127	12.459125	16.329821	13.630737	12.410204	16.879784	22.559194	29.779143	17.685517	32.547567	18.763458	18.779330	35.210910	12.416298	16.159409	15.708220	18.496356	28.119983	30.306352	21.746083	29.384041	0.000000	16.092394	12.510110	28.009599	32.758000	34.188704	8.184523	28.242877	17.781998	29.072956	19.107919	28.760933	11.530926	29.424492	7.501790	29.716776	14.982210	34.550289	16.589076	9.962243
22.912997	27.717419	28.211599	21.871464	9.140745	15.705321	17.462594	17.464970	20.810033	12.273518	18.650852	26.298682	10.566044	25.966133	8.168012	18.293543	19.257409	8.377390	13.307509	23.586670	18.172420	20.568903	23.240392	34.349875	19.737833	26.348372	22.922472	20.579535	27.732412	11.917282	25.944892	13.397026	15.146879	34.067058	33.117007	11.510653	27.514239	15.106708	22.222356	8.486707	11.091019	18.778997	13.748980	18.136751	19.006353	24.291095	14.612783	32.578521	7.603673	17.895997	29.638760	29.742061	18.746153	26.008377	22.744586	35.734996	21.248853	31.625918	20.153398	25.041092	9.814290	7.770372	20.183322	29.742405	34.158530	24.854760	9.057404	32.881954	27.534545	20.653149	28.172022	13.537314	35.271895	25.413037	14.050869	27.915869	13.391815	21.010608	32.053995	13.015391	11.686261	13.399267	27.760637	13.639490	27.509761	12.676846	10.867652	16.577481	26.477945	27.744285	33.301314	23.980912	21.546711	29.674751	14.820439	34.634879	24.829759	20.961251	35.020317	8.493878	28.473134	25.325119	30.918278	20.445365	14.698884	35.108063	25.198438	14.299260	9.686040	20.595904	14.485814	14.304768	30.457697	24.428158	7.846415	27.084604	14.308576	16.289303	34.094499	17.958301	15.120956	8.413105	16.759755	30.386738	31.943944	29.342623	34.878728	14.398038	26.194018	18.903009	23.507303	31.742771	13.448961	0.000000	17.639455	25.940057	26.559732	21.985450	22.886449	27.886266	28.608808	20.189719	26.563448	7.669071	25.875752	23.936103	8.562400	34.837502	12.778708	10.745935	20.373994	11.124755
16.892290	32.910847	15.496114	35.052609	13.875964	34.507707	15.425376	16.182575	27.504655	24.429115	18.999900	32.463787	10.594319	13.565639	17.901730	23.465949	28.898461	21.151133	22.177065	17.894316	29.334679	30.466140	22.938545	18.140043	20.203153	8.736199	17.202484	17.029756	30.812686	16.068796	20.542474	21.150712	10.016147	34.817885	10.628515	15.702649	30.520140	8.514954	26.280640	7.631756	28.925314	19.846092	16.261177	31.136633	25.069827	35.218583	16.677965	7.979199	31.552401	31.334166	19.746008	29.596252	14.242807	12.072948	34.171690	33.626233	16.638015	22.313840	15.985293	32.426792	13.982477	16.700641	14.907114	8.473366	28.342441	31.742594	17.350120	33.313747	28.929874	22.021192	33.638507	11.782801	11.095050	28.795570	31.524035	30.361777	34.280742	13.868975	28.547399	9.432537	12.455555	9.718739	15.438806	26.610425	14.647689	19.963975	30.213022	22.143900	12.775440	21.390970	10.701346	7.604094	21.146268	33.100824	13.906467	7.554651	27.656754	31.907288	29.242387	34.900250	17.457528	15.169308	7.152236	11.691306	14.546337	11.786954	15.346394	23.891388	20.975719	35.012802	21.840399	30.406912	25.389970	28.682540	32.373385	19.027061	25.246324	14.506652	16.128578	30.559247	7.355304	10.438691	31.937222	35.273142	23.895633	19.993320	22.743145	31.813551	11.176053	7.907528	14.281738	22.400217	24.616158	26.526002	0.000000	16.247466	10.341966	14.542580	29.892209	24.571215	25.582180	24.799627	31.911830	13.864353	18.994096	26.083956	19.146726	18.706271	23.589496	13.377952	34.634012	14.469605
12.632361	7.758343	33.195631	21.237579	7.218093	19.703373	26.993745	14.602030	26.677292	26.534480	18.819451	16.351529	29.027180	7.999372	32.660831	34.955877	10.394576	13.482739	33.419939	10.513298	28.462430	18.494944	16.996133	18.950216	19.797762	21.596892	24.094762	7.483487	12.553507	12.745413	30.207286	15.839288	27.388915	31.690395	28.179956	25.200415	17.487945	23.117913	8.131335	32.927526	7.189133	35.541920	17.837496	25.261078	20.179762	32.591214	24.009293	29.530002	21.291055	33.098582	7.594077	25.997594	15.401054	29.949901	16.645253	27.832001	34.162656	24.073548	17.898258	19.442783	15.317000	22.984974	21.256978	11.730074	34.782281	34.342363	30.464404	25.418719	23.737290	32.447968	14.055200	32.068742	20.395833	17.491409	16.685966	11.836090	29.007468	27.435869	18.129563	34.342617	25.245957	15.636912	21.377675	11.930604	13.853772	7.617896	8.705251	18.761870	25.741883	22.987755	15.484159	22.523541	12.484886	18.972945	28.334365	33.239976	28.017868	31.476316	28.384176	9.940680	14.292790	32.610090	28.420259	13.689277	19.921912	25.839951	27.126572	19.056270	29.535004	27.622624	20.021129	26.932113	27.004841	35.656578	26.693893	18.754438	34.839229	35.249717	24.012217	17.686829	12.499107	26.011223	34.135193	24.087166	10.513923	32.952490	12.826358	17.712239	10.554413	17.459239	31.402281	11.854968	19.245497	34.509475	24.386382	0.000000	22.039355	23.110439	12.167478	17.389880	21.547803	22.867199	27.881879	23.779288	14.755502	34.001875	27.779863	7.564653	12.396080	11.112326	16.903693	21.825357
12.932361	29.969014	10.010133	34.183331	16.948919	30.491051	32.571982	10.877004	10.975378	23.936346	14.218612	25.132032	27.550019	34.105839	23.020790	20.533109	22.961089	34.682344	16.702111	23.283889	25.977375	23.855627	20.572103	7.297409	27.372814	7.257606	18.230152	10.827337	10.066038	31.434255	20.823193	34.165607	32.832454	14.161466	13.801324	33.157789	13.717479	17.367033	34.091214	28.840789	32.033698	7.325098	27.872860	27.282677	25.829027	35.123812	34.975612	19.974970	25.428453	19.450957	7.766578	22.514178	30.640736	16.020137	33.339854	27.164004	33.172528	24.926264	32.421507	19.347182	15.811482	21.801117	34.724672	19.847915	31.277562	14.573870	17.437586	9.130691	32.811549	14.842514	15.715337	11.430350	34.118132	31.889228	21.061435	10.568506	17.867736	10.259575	10.698444	16.283771	21.618423	7.768257	7.408230	16.786792	18.588204	32.929892	15.273215	13.713703	16.814954	14.877116	20.878273	24.669452	23.544636	18.649891	35.566118	31.687974	31.047399	18.853916	11.920553	15.624540	23.820442	24.256796	20.631100	12.656453	32.284341	9.907574	16.491543	22.946144	30.834558	32.685082	17.378234	14.572650	7.186346	20.789630	32.242597	12.702183	31.962819	25.503668	28.426367	11.813679	25.211690	20.050042	26.020121	11.064235	26.373818	33.599403	21.423946	11.773346	18.501209	15.778220	18.189895	27.718010	25.981163	25.090461	28.816915	22.623036	0.000000	30.340178	22.458816	30.197574	24.289386	18.900582	11.393049	29.026951	12.052061	9.861047	21.087127	11.858869	10.375547	31.498290	12.401398	9.478539
34.819919	25.961766	23.703866	11.919904	24.418379	27.293354	31.173977	9.623448	31.413165	26.884334	13.544475	35.260088	30.659288	11.939940	24.178681	30.863238	14.451384	18.383911	13.768481	17.165499	12.204518	28.276282	7.784540	23.569461	8.591094	8.518951	31.085587	27.017035	25.934325	22.490539	17.351505	20.373367	33.793640	21.886375	35.456970	24.477912	30.423401	26.951518	29.294913	15.754380	21.917829	35.080751	26.284133	15.514364	17.861603	30.532422	11.713611	35.665024	27.085521	18.269045	32.532594	32.380191	26.297424	23.354389	23.210302	21.636991	35.665716	29.978078	25.937536	20.347744	30.838676	18.170550	7.364597	19.370094	14.775762	11.285438	33.682840	30.192131	9.540847	23.464158	12.558027	25.678684	19.442845	18.976851	24.917508	7.378273	25.838380	10.214430	13.797806	30.684152	7.204020	25.143390	8.941671	26.156515	25.820811	14.701006	31.446358	15.310028	22.621337	23.518844	23.507755	23.806493	17.932824	18.646330	11.933610	29.830172	30.452318	14.787636	27.305181	26.857760	12.393837	14.936251	34.454038	28.102385	7.477399	25.472303	31.455789	18.177907	12.362260	30.409422	12.610513	28.705603	22.504670	31.183819	27.902649	21.277810	32.349343	12.678838	10.864367	35.318517	18.883897	12.763841	19.097594	18.935193	30.190363	20.889732	31.605717	31.492849	19.422057	34.182538	32.311004	17.820169	13.166711	7.347742	16.119596	8.574520	32.598516	0.000000	20.431934	10.557204	22.745652	13.102650	13.821852	34.071020	8.324962	19.693545	25.937453	19.017429	27.295056	16.648327	15.219372	25.269527
24.574648	32.345331	9.031604	26.355955	31.389155	22.261221	9.543166	29.716696	34.569865	28.111517	30.876332	13.975804	20.830921	19.238945	20.822519	29.526028	31.835772	28.239739	19.941124	21.292386	19.743602	32.114387	14.669641	26.102710	12.187543	19.210961	29.376042	11.640608	16.354989	27.876577	7.547271	26.419290	20.811701	27.128884	33.397889	24.264969	29.954932	21.606127	13.172123	21.521417	19.000161	19.283445	12.000947	29.201030	33.989994	29.880741	19.157125	30.053946	11.598083	9.140976	23.937819	25.260525	25.835389	20.223840	34.272382	18.822546	11.822443	8.296188	17.278381	25.925769	12.627163	22.704902	32.683663	10.274075	10.895837	11.713444	11.477859	31.614546	29.181237	12.939812	25.631541	19.290842	23.041020	10.495515	22.087109	21.197911	19.646531	30.389980	33.083049	28.022996	11.228913	34.219681	33.121027	33.128486	21.438930	8.625225	24.449224	30.252307	30.652315	13.567135	15.635192	31.700775	28.090741	32.790035	11.710382	25.582914	20.206297	31.403672	8.564011	26.520371	16.205286	18.991689	23.860025	17.699562	9.110097	29.171613	21.014374	8.179191	25.795264	7.298602	14.871565	15.025912	11.814449	23.352136	24.575883	32.998497	26.322721	10.964446	21.613137	32.270366	13.052561	26.437589	11.864191	33.791052	12.055635	19.561551	25.704220	23.789092	20.297290	17.215923	26.511666	26.330910	14.298470	12.625517	10.427268	23.712648	9.454739	28.794612	0.000000	31.526978	17.356945	13.007536	11.541200	17.831592	15.172376	21.086997	20.663294	24.202397	21.452313	13.708489	13.409679	26.038694
19.238292	7.953255	33.659530	13.500603	21.435022	22.414321	22.852856	16.010543	23.431599	17.729347	33.565285	30.050442	17.095264	30.524905	29.642868	18.798038	32.460800	18.717065	30.220460	34.540171	11.018837	26.485860	17.733306	23.988424	14.928646	14.648934	33.862728	7.673229	14.968563	10.129365	25.452901	14.856398	7.373674	20.149646	25.034668	20.077807	13.863865	14.640085	19.703092	17.136494	15.045216	32.091087	13.399510	12.045414	18.906382	27.213172	20.793935	26.110498	31.601007	34.914330	9.608505	18.831571	22.017716	10.924084	17.350932	16.903944	24.870501	19.563352	34.409848	34.877991	26.261967	11.056878	27.478776	17.368532	24.579804	21.508539	30.245553	10.238562	17.737149	21.558093	26.263809	30.758591	28.062885	14.671460	24.894963	32.795449	14.937731	17.310612	24.978355	9.248857	32.285376	22.948659	8.460229	24.109385	24.044947	9.022088	18.215210	26.840286	10.134004	8.884800	10.283014	7.496226	18.762549	24.104785	34.885269	20.013922	16.497210	25.970329	26.584315	17.851101	10.417938	30.925475	18.267110	35.022631	30.368777	21.422143	26.780857	7.854112	13.310175	14.254417	33.252057	27.995964	18.902663	27.027999	14.295423	29.393872	18.526469	33.556758	15.904480	26.013516	17.992346	32.335255	24.618448	21.517354	9.993901	10.352051	19.488811	28.755627	7.912800	18.237859	13.654456	19.524858	18.536797	30.007648	10.034064	16.240430	22.143689	9.407472	7.743474	0.000000	19.382799	17.610431	17.848318	17.841763	17.268663	22.249994	17.417260	18.708666	27.396116	17.751655	14.685943	10.448456
16.364390	33.968928	32.102653	24.648233	21.572552	35.458166	28.938765	9.512277	11.314854	18.894941	32.721079	19.611468	26.936515	28.763673	35.094659	31.150393	18.254353	27.625670	16.410862	15.216856	34.202796	12.420258	21.285093	16.317834	29.898021	22.931453	18.371199	14.830724	24.157225	13.519505	22.278864	16.582774	24.126030	24.623386	17.346519	22.000885	34.705361	27.992953	34.523693	20.064076	28.689258	14.421793	7.497241	23.528770	9.031500	35.688101	32.731757	26.105352	13.934880	22.907863	21.537566	22.770853	30.735926	16.770728	19.485344	35.723345	9.594554	33.876562	19.704007	24.661957	29.100798	31.020913	34.691977	10.063836	32.391922	9.702770	16.790363	31.455930	18.974514	29.561028	20.207016	29.876842	25.888738	27.761215	28.195595	31.295477	9.603430	10.475386	11.246994	10.885774	13.046699	32.918567	25.097403	28.787593	12.446857	11.162098	12.872935	28.761723	9.077202	34.503179	27.026556	7.734650	30.255479	22.014721	16.554776	24.674455	30.166387	25.079811	31.626219	9.830556	32.648851	11.575024	12.279086	12.765752	21.959390	35.023279	13.145847	23.824824	16.174232	34.696707	12.964875	7.501749	17.089799	35.620334	24.835942	29.048217	32.400301	35.030166	32.347841	20.427355	21.148710	13.843041	15.427365	16.749734	12.284121	34.382228	31.899535	26.913024	13.953234	13.189276	20.468231	29.195217	35.250558	17.402137	30.042056	7.683839	21.894812	22.812424	15.652618	8.707938	0.000000	34.965151	28.136251	16.271613	25.069538	29.353666	33.859089	13.659958	25.107380	34.029451	21.836574	13.757089
10.858952	25.417503	23.802745	15.689157	28.616931	10.534620	22.674739	23.521821	35.453457	16.222533	19.567733	22.663664	22.449354	21.012039	21.094232	20.385804	9.427514	32.420205	22.103914	7.297157	11.631989	25.203162	30.456269	12.559157	17.146908	20.162588	32.602836	15.156590	14.149641	29.360108	13.637931	19.703960	24.386242	35.379428	14.085889	19.898635	26.158315	29.302788	23.055900	24.646925	32.609838	26.656068	33.598532	19.708229	32.107702	17.631711	20.143626	17.111235	14.101259	15.503233	27.755910	8.377170	22.889090	29.066362	18.479524	23.609662	19.880268	34.426531	12.308436	24.937277	23.472132	9.692673	18.439590	24.205977	34.850123	32.322914	21.863987	33.732405	30.461912	30.709264	11.674716	33.817832	18.628637	16.666193	13.959536	9.359106	26.728060	23.591685	14.327744	34.927574	8.990461	20.996230	34.531652	12.073683	15.482556	9.113791	7.672194	9.231936	14.808413	34.222724	32.501551	33.534795	21.452284	17.540726	13.509593	23.267288	13.605558	24.629541	19.725258	24.775284	21.031063	23.128464	12.246578	31.971649	16.633949	22.665414	15.040701	25.499679	30.670144	33.786321	20.400575	22.736524	26.146615	17.522074	25.492417	20.669039	21.768807	17.227756	15.359812	7.165911	9.150139	27.434711	32.362231	10.783331	17.104821	15.961829	25.644380	17.126687	29.532584	28.269773	26.131344	34.969068	12.444129	28.657587	13.915619	16.260110	8.151366	14.400764	12.755098	26.671892	18.444541	0.000000	34.108925	34.395887	14.895504	17.217656	12.571903	21.784116	17.640733	29.136667	11.272785	10.304041
35.603729	34.273967	8.770084	30.975779	13.209559	10.953054	24.944599	29.486566	30.741513	12.480992	27.464023	32.034704	30.316104	28.740276	31.868676	23.768673	30.805257	35.586953	8.464532	27.832910	29.775857	21.578302	16.105235	20.563184	22.972922	23.793234	11.040497	33.391746	32.172003	23.740058	31.542305	9.727964	29.280196	8.958391	29.328790	10.235094	29.876558	30.666668	23.297917	34.974686	35.449327	29.519998	15.971384	11.662820	35.166467	19.865553	16.345520	33.700253	35.136938	31.595878	33.476116	20.769022	35.572779	34.385063	33.438856	24.760913	25.862442	19.012937	15.641977	15.454870	31.149152	12.340147	8.691697	8.842251	8.692631	22.030608	11.493970	13.835488	8.436364	9.254028	12.670949	18.421000	31.162699	33.657118	8.944920	17.603286	17.073700	33.405783	9.945618	8.388462	13.915583	28.848879	35.270537	16.310585	30.900181	12.105962	26.918108	25.849250	31.434478	25.822668	14.926771	7.911266	30.380105	7.758283	16.898518	26.605483	24.920197	26.435916	24.790943	26.190886	10.052936	8.225213	20.310590	19.101860	24.105891	25.955566	34.266544	22.473621	20.654720	18.111442	25.472055	35.620253	32.609064	35.002469	29.612032	12.562080	13.444096	35.595103	33.356009	12.281785	19.980633	27.622939	18.434006	10.798406	28.249181	24.590851	32.902855	33.257616	18.837782	18.346993	22.517025	27.648969	28.306423	19.940360	9.479675	27.382495	32.488777	25.912728	32.699895	22.418831	13.525431	9.958544	0.000000	9.764583	8.509724	21.041955	15.965592	21.575877	18.680828	10.260563	11.305237	31.880096
10.463053	33.991517	10.062021	16.763164	34.875176	23.641556	19.132219	18.067875	32.559505	32.179190	7.665099	17.369937	23.956881	7.510606	11.076267	18.970590	9.607211	29.071559	8.661122	11.559334	34.038336	7.872617	21.191397	9.919516	20.633630	27.709152	22.888981	34.912187	32.604816	31.727916	31.419341	29.727812	35.099262	17.564290	22.504380	23.026469	26.934948	27.802688	20.749549	14.742142	32.505160	17.632676	33.166695	24.222257	30.916226	11.170384	34.650691	24.051598	27.096327	27.852906	29.366856	34.905272	16.958551	26.030939	7.490214	8.278719	12.299839	12.883214	26.903537	12.041771	27.485673	27.439436	32.584829	25.328713	32.653358	11.354015	22.213685	24.733415	29.863681	9.436201	29.272566	13.071142	27.916689	8.614478	31.354219	13.140574	16.845445	25.537596	23.983439	23.164494	27.770928	10.977497	17.693791	20.350263	26.370311	13.931228	10.481701	22.387112	32.834226	17.806694	10.737681	34.745839	31.658529	35.409075	25.974525	25.606751	18.524123	15.229157	19.303226	10.841918	7.536860	26.354479	28.157579	7.630220	22.826306	8.174887	12.175171	24.770996	29.167324	27.601076	23.913133	20.863806	12.514100	31.283418	35.314786	21.128411	14.739888	14.537110	8.133006	33.768987	34.876399	34.044219	8.542580	29.746188	15.813357	29.102480	23.508602	21.766551	21.243769	8.899130	30.896095	14.341883	15.350133	13.615658	26.150752	8.689471	30.500881	31.806926	18.757904	14.790113	34.468723	27.063120	33.679728	0.000000	18.851059	32.619478	17.094064	25.198284	15.174711	19.345398	26.347996	34.470261
25.909975	8.530339	8.489706	11.730994	12.437694	16.998993	11.955047	22.760110	23.123667	13.620457	13.063669	7.513869	32.529690	28.538367	20.311332	14.142976	34.804640	21.396969	19.741743	30.461566	33.516759	32.767585	31.306135	15.989410	13.529133	20.485818	22.183740	15.273033	8.347234	17.336414	8.992816	18.757208	31.750923	24.257623	20.782526	35.373152	34.795889	10.853553	32.969644	16.914906	23.658958	13.074802	27.760987	16.548337	12.500350	17.822715	12.209555	18.952198	14.349885	31.537656	27.720266	35.543800	28.362753	8.485790	25.220193	8.040840	27.832416	30.397609	13.423168	30.500671	19.446636	31.572374	16.130522	19.140219	30.763984	18.728102	17.417100	33.602079	8.515847	16.793468	27.796171	24.587327	15.567971	23.600493	22.767144	35.726527	29.199262	9.788301	32.326453	26.999696	24.737506	31.593359	27.929496	12.205901	11.540344	17.781563	24.883793	33.832974	14.554164	22.167845	32.590123	20.562766	7.743514	13.059366	23.844458	22.486329	8.485333	28.594048	16.007588	34.691932	12.511002	13.167381	8.978811	10.044628	14.124234	32.864985	16.037812	33.374524	19.760121	9.935600	35.228146	34.868323	34.185764	9.385622	12.625654	33.573550	28.668362	18.778720	27.057837	17.904454	27.004779	31.059854	31.530666	9.351798	28.095019	21.409880	35.144887	9.875817	34.976028	25.664303	13.649125	25.027825	31.180553	9.608884	13.654416	14.049526	26.220696	9.502997	31.801835	13.446263	19.545778	28.957441	24.293653	23.181960	0.000000	9.682968	21.451062	25.718593	18.121576	20.890965	12.932003	16.979589
22.189612	11.270154	16.785172	21.682299	29.606141	33.921719	17.111615	35.095964	16.633785	10.153266	21.291373	15.274691	32.638905	32.733065	11.918281	16.792445	23.840566	17.380313	17.098826	19.210231	35.136897	12.299199	32.103750	20.978837	17.340910	16.617591	26.907510	34.850859	7.433115	7.653089	25.055094	29.717862	28.712010	21.882939	23.074109	25.191052	16.252797	8.367125	27.251776	21.858402	32.218761	8.153334	15.067340	21.559034	33.994114	31.551630	23.915307	29.048353	9.265760	18.073350	25.333354	33.466877	25.264856	19.994365	22.503268	26.359511	21.110058	13.370083	34.234555	26.364915	31.707613	25.157069	29.190932	7.508662	13.570862	34.488546	24.619764	27.365653	26.823250	26.140721	10.972920	21.558940	14.225023	27.654830	15.583364	9.307759	25.201888	22.384967	9.513571	25.318998	11.349743	26.614549	7.463888	30.477072	13.778261	32.931884	18.971805	27.486897	24.899458	11.034055	33.863686	11.552641	28.688879	29.520909	29.599114	27.601891	35.492545	25.552353	12.819281	23.849670	14.401947	24.040881	13.749122	15.484214	12.971470	31.492421	28.004961	10.665566	22.538643	17.784117	8.251757	12.403378	24.424671	31.329047	14.355822	32.269978	33.191276	17.684992	21.369086	7.323128	29.887124	8.621693	22.148510	7.257040	34.884961	34.009054	11.826261	14.842593	28.342854	21.466360	18.533870	19.091485	9.014481	18.580689	25.672701	9.128247	14.789538	16.219898	33.473426	8.555637	26.795136	24.310931	13.506813	20.805689	33.701413	0.000000	18.186132	25.548704	9.861511	19.790496	8.354974	29.519903
13.242280	30.156460	15.508047	19.330373	15.553858	19.721390	10.551503	27.834746	32.991337	8.548632	22.360549	29.432194	9.638041	19.231796	23.650042	8.963503	16.720914	24.704640	26.898269	24.715215	11.885854	26.333891	20.100052	25.232040	30.434692	30.285255	25.690170	26.519767	33.750682	22.089349	14.446095	26.764464	24.609971	30.161364	8.623167	25.519218	12.961499	31.870124	14.824829	26.375653	28.164421	27.080562	24.837792	15.540693	32.387477	17.558304	33.857286	33.030010	35.455258	28.687829	22.707697	25.435217	20.990763	16.114906	17.461229	24.971697	15.948191	18.893751	17.959084	15.742941	33.134485	15.685104	13.703738	13.828086	11.596228	21.489108	9.679478	25.801721	11.122793	26.786602	33.054421	20.471634	26.269163	32.250806	25.256995	17.152927	31.932527	14.093863	22.157809	25.091596	30.139992	27.765832	29.928970	34.574347	15.181528	23.614443	14.749285	13.302514	10.143790	15.710962	12.600264	7.889285	8.727391	11.747535	9.468357	12.136043	13.025439	15.208444	22.192104	25.919200	34.372603	21.419409	8.230261	18.773333	27.219317	10.773560	31.452667	35.143948	25.025719	22.785096	33.018629	24.670797	25.884466	25.124313	32.572994	7.456084	14.216082	26.316012	32.896131	8.215584	21.544511	28.065704	8.189036	20.796746	20.345537	24.227977	14.397306	23.154546	24.994383	28.040897	24.424875	31.109513	11.758121	35.318102	26.376406	21.362263	25.419623	20.404095	27.909151	9.214383	24.484676	8.704718	17.760465	34.178832	14.249483	32.027959	0.000000	14.159037	28.892372	15.171907	21.578076	13.975805
22.849758	28.486037	33.826409	20.697679	17.197905	16.621458	10.896581	21.673491	23.943949	14.209627	31.750213	14.789141	33.242792	8.016207	32.063907	20.451199	26.081419	30.738266	16.277262	15.203473	31.444752	15.222849	21.956397	30.310502	27.604991	10.446021	14.033101	21.557773	9.549730	12.849157	35.095048	27.432758	8.363577	17.330499	8.665674	29.955748	27.997778	31.615733	26.030458	9.854871	18.060240	25.646228	35.195501	31.438598	17.919021	20.281140	19.152612	33.317096	20.135060	34.527111	30.804172	10.867275	34.789712	21.259423	30.246496	9.814769	15.408656	13.546736	33.639949	31.432959	29.769020	15.625712	32.052484	16.494569	22.600086	20.258451	15.554031	32.067540	20.421406	26.330452	17.150766	14.405345	9.213619	23.316828	8.896486	31.915960	7.528662	19.600642	29.854114	30.069029	12.841514	31.370995	25.300760	29.994077	11.329207	14.426726	25.141218	17.600525	16.750337	32.224330	8.068858	17.457603	13.555532	9.724637	33.329988	14.622649	10.839553	30.086714	24.845959	21.327225	20.903907	34.680001	7.257888	31.871276	11.051741	7.670521	20.289435	16.519653	21.818856	13.335224	16.806047	21.063999	28.424605	13.308101	29.285069	15.834768	23.171456	18.637177	19.400743	18.935853	13.146821	34.893933	17.613282	13.260719	31.945950	9.094242	13.518286	20.773818	20.085745	14.733549	26.912740	23.486198	8.619275	22.868103	15.816597	22.150681	16.434323	10.403421	7.650904	31.686078	15.208450	8.314102	21.404769	17.858248	31.148596	17.001243	25.118635	0.000000	9.035049	12.262534	17.754092	16.437790
27.659530	19.762137	21.387235	16.635653	13.247313	24.908053	23.532265	25.941596	15.862783	17.765898	17.174711	19.439652	29.374055	19.830315	32.387259	7.300451	27.115295	24.706211	28.686780	15.302441	9.336474	18.181560	11.882607	27.567415	24.529072	28.538638	24.252379	13.416519	20.834628	23.184905	34.498901	7.222147	29.788703	30.657511	27.361244	14.693432	26.445308	13.360820	12.601874	16.641020	20.065885	8.752653	33.557542	23.400299	30.527978	7.606975	7.346994	31.048551	10.056429	30.901964	30.926319	27.386490	35.044770	14.397100	34.231681	24.038483	28.640943	35.616876	35.053876	10.525354	31.025053	20.337051	26.171734	19.498757	9.283924	19.480448	18.851075	28.980136	21.650981	32.811663	35.592789	18.367138	10.761543	12.912469	15.410135	17.001473	14.354032	7.909641	19.668169	33.888061	17.967685	32.542295	8.245926	34.113786	16.500745	31.035596	17.131409	20.787918	19.774885	15.871932	18.426375	11.122672	18.182261	16.730446	23.630761	29.108260	7.170984	17.799533	10.482930	24.126615	7.307789	10.451479	20.776764	7.958198	31.054841	8.966551	21.609340	31.825719	26.170291	32.523160	13.886877	29.649592	12.019755	7.723705	7.673122	11.840459	31.112202	33.946502	21.024189	16.737136	34.121357	19.985696	29.539199	12.323765	34.060833	33.043592	16.043400	26.827849	25.914808	18.847383	32.427151	21.819318	22.886023	23.388037	24.961593	31.080500	24.398267	12.101719	25.623642	24.033476	24.774736	30.155830	20.052232	22.966860	27.793665	17.983951	25.261781	14.549941	0.000000	14.247552	14.132887	29.990685
10.268056	11.238235	34.475543	16.734976	17.657609	32.444638	27.096353	22.784250	20.347359	31.750709	21.500614	34.105042	31.797019	28.459317	25.959144	21.025434	18.852365	30.511801	17.573188	26.655150	7.872469	16.081903	31.058240	35.024096	30.073610	20.614910	34.672439	17.747783	14.559344	27.733649	25.555339	31.824952	29.990263	9.764230	15.969848	32.066517	19.219809	14.663981	22.119166	11.683262	10.240707	24.145454	13.252441	14.856879	19.406464	11.263903	23.091505	20.668989	29.675133	8.842524	25.336575	30.613619	17.971427	27.431646	28.062546	33.884027	30.775694	27.007517	16.896357	8.219068	29.716016	29.928983	23.927532	24.622323	16.170617	23.716057	18.484228	35.621007	28.813089	13.746151	8.144638	9.773981	8.466515	30.971485	33.403254	10.608130	15.299135	28.771682	35.735420	33.584886	21.535762	14.283026	10.322054	35.155199	24.737823	23.862639	27.791989	11.660572	25.386306	28.785140	32.956949	29.625432	23.972626	35.725666	23.220178	17.656365	33.587867	32.171600	21.831364	8.611724	18.344487	11.282648	12.142960	24.406003	8.987453	30.517857	8.696630	23.464699	20.626031	28.704903	14.483063	35.364269	10.692191	29.946375	17.401269	30.728118	11.296378	34.227745	28.431983	31.468587	7.259917	15.789834	28.562385	22.501094	10.425213	9.696801	15.464432	9.940192	18.310145	13.306063	35.206958	12.189915	15.642585	29.743527	28.501957	27.227047	15.435049	17.898442	17.545949	26.039450	29.716754	13.460411	33.800789	9.658337	24.620728	16.702906	34.438760	19.630909	34.424021	0.000000	11.918762	7.401572
8.041271	27.178030	28.275524	29.817728	34.702493	27.666341	12.098879	9.323694	21.583049	14.989790	25.611475	17.036852	7.328316	15.542289	29.945898	28.645613	23.795280	16.208269	26.961517	13.450753	26.509040	17.426174	14.091058	27.551701	17.370497	27.930998	8.460627	34.551283	11.420747	17.545242	24.323537	17.532464	17.626758	26.564294	25.917991	23.447703	22.069647	32.104685	19.774271	32.819097	24.464877	31.243965	17.566126	18.931015	12.845358	11.222532	17.146080	10.792855	31.401417	25.811497	17.235503	18.164032	8.670464	15.194032	21.903678	13.472282	22.814916	32.449386	33.042677	11.736821	16.970209	26.664354	26.837672	23.722493	32.528596	8.319046	27.044231	11.375706	16.874071	16.255870	26.233271	34.116919	20.547748	26.059745	31.005109	25.112971	32.036873	19.510168	31.620561	22.256778	34.405590	23.532010	12.499668	18.532665	16.710404	34.851202	21.021997	31.762232	17.627027	13.105487	16.648706	30.148918	35.238733	24.718789	18.387898	31.151136	21.018221	18.663880	15.209070	13.998419	34.763179	29.518212	13.759929	25.101348	33.002890	7.662250	26.294169	35.256942	23.228105	8.796141	28.269460	19.668283	19.441629	10.496543	31.351243	34.551238	29.221913	18.072239	27.165881	34.308922	21.928307	22.331837	25.933998	10.728829	21.945238	8.916139	33.788295	16.677791	31.740566	22.136613	18.056900	8.265155	13.163212	10.901930	25.610694	30.039536	27.721334	27.858784	25.198039	13.467474	8.483453	18.879693	16.232779	18.315499	26.202493	29.030180	16.908902	34.206957	7.774052	31.513905	0.000000	27.545593
23.634999	34.839573	20.053697	9.923866	23.967604	18.983578	31.573195	20.916732	27.026346	14.332314	31.980655	17.058727	11.083322	23.070731	19.281384	16.747210	17.589392	9.906105	17.760098	30.386229	28.077987	22.797844	20.447476	29.138524	24.535010	18.675773	14.740127	8.820078	25.353128	34.411310	24.051330	30.190059	19.020823	16.868530	26.982500	9.689356	30.751341	30.722465	9.951333	33.373825	33.825245	8.064469	25.616455	19.388216	33.844654	31.641035	34.871479	11.119019	25.466000	24.169018	19.134634	35.708561	25.450277	19.486855	20.277772	34.112923	13.402730	22.560468	12.377205	21.052417	30.099612	25.610754	28.733298	27.565140	19.295065	14.470537	14.224735	10.633569	21.362899	24.381671	31.751843	34.783499	32.407389	28.487682	15.355156	10.743257	28.358920	25.741429	18.771983	32.902253	23.230641	20.224373	20.292842	20.194103	17.325618	13.574840	33.127918	23.117084	32.007045	24.491748	27.745593	8.735616	7.309611	10.462312	29.255729	25.288457	18.395271	14.641623	32.850383	32.337634	30.428117	13.119784	21.023401	12.329469	33.923804	14.162793	27.302195	23.977540	15.513548	13.846825	24.944372	34.231072	8.651183	14.752932	23.608919	26.825891	35.696954	20.811798	15.857078	14.575147	21.583082	32.766221	11.517974	8.714640	31.060604	8.768853	24.257333	23.153659	17.575653	8.461565	10.761428	10.603169	19.404383	31.076194	27.845111	21.360403	14.559773	13.759078	25.590091	24.861521	22.415433	15.404183	15.252136	30.112890	28.562456	22.117293	32.937252	8.552530	11.268231	28.955347	20.737725	0.000000
