0.000000	27.334049	23.840661	16.432668	28.862543	28.699765	28.443816	32.164497	16.265401	14.559649	23.125832	12.614940	9.720469	27.467698	26.896331	32.707530	24.415091	27.166186	35.382878	33.794079	11.961962	28.975517	23.966226	26.201783	18.999655	19.612187	24.550331	24.386814	24.769335	29.231214	33.975549	20.353437	31.122404	27.794793	28.148695	28.383390	26.964251	8.313942	29.788398	15.567782	18.217157	15.865258	10.577765	34.823142	16.515462	9.687153	16.967855	23.510619	17.072341	14.769629	30.234801	20.634413	31.375131	10.736682	34.523941	30.222659	7.505670	8.434393	7.689735	26.463659	32.202549	34.464852	23.511727	31.077027	10.920685	14.711519	29.010768	7.448024	16.858984	15.330647	30.171365	28.512601	23.556704	12.480049	21.892271	13.780572	26.737315	18.225219	25.002149	10.693511	9.485963	17.512818	18.383591	28.272528	26.162057	18.350574	23.868800	34.402594	23.650659	8.190587	13.228958	31.637083	19.120569	14.819873	19.306273	30.028578	28.250729	31.597282	22.047680	34.417730	16.122360	25.454971	19.262390	10.118554	22.933256	28.338709	10.774833	20.120016	10.992363	34.137135	8.590475	24.413114	24.473180	26.482375	32.564369	31.548325	36.369170	23.671925	16.597906	36.479688	13.913920	31.429172	23.317187	29.138004	12.854120	25.575315	34.872142	30.946499	22.755644	7.911326	25.298406	13.350501	35.999854	27.953450	24.208759	31.398572	19.844702	33.847580	20.740037	8.431039	28.975354	15.045005	13.276217	28.431917	33.068711	19.269792	21.915459	35.042363	22.698106	8.350324	10.300335	14.202487
31.351049	0.000000	16.805970	16.481950	20.437526	19.293052	21.287631	11.129857	25.683524	23.628656	24.810464	24.705379	19.373151	13.949377	25.439322	33.768770	10.719068	22.766717	9.412518	29.222188	31.376281	17.853605	14.054384	20.160804	35.254623	18.173188	29.389543	19.990624	11.716805	17.618635	28.674524	36.105311	24.762278	33.361102	12.689157	16.082266	18.161801	19.017525	28.405264	11.110106	15.436416	16.108022	8.414646	35.343042	18.218659	7.607327	32.013337	33.323118	16.105933	16.001699	9.176018	11.975982	27.316989	21.430651	29.726640	18.624064	26.036048	26.084605	21.510817	12.356608	13.323171	26.909642	33.235984	30.991671	16.695950	24.905852	27.584317	20.923679	36.350125	23.440484	7.799250	29.215959	31.302581	24.617707	11.919226	30.005497	26.058118	11.219082	35.409814	16.736936	10.628323	16.870735	19.980043	26.576377	23.231833	26.031605	36.409103	27.442406	13.594357	10.021046	19.581572	7.539334	33.558461	19.128090	19.110076	9.344320	28.308358	20.929869	25.126378	8.051415	9.886447	20.122879	21.795564	26.208352	24.782159	31.473907	24.803471	19.468988	9.056914	30.917731	7.713128	34.740232	21.876589	14.724878	35.078557	36.154664	25.270531	12.100828	19.350853	17.107817	35.240555	12.498291	36.610389	32.837548	27.926614	34.384411	19.459118	9.606444	23.238080	35.799339	27.519829	22.170525	19.335317	16.105692	18.906623	30.086287	35.222747	28.475822	14.913815	14.062462	28.081948	14.506385	18.388218	17.380617	21.162442	19.684230	18.054406	29.453878	30.205630	20.647641	23.689216	14.059892
21.252309	28.931651	0.000000	21.632762	30.356802	12.458225	14.494699	36.700911	28.446542	18.594588	23.305621	9.783228	36.196022	28.609841	24.567790	26.428224	26.222643	33.707732	11.549889	19.994758	27.470008	31.733514	35.310338	25.842224	27.834453	9.573950	21.072703	8.356669	24.436964	33.621111	13.248400	25.771625	23.475878	16.051070	33.738658	33.812824	30.049583	35.209349	34.593986	25.314345	17.566569	7.680948	20.145073	12.374129	21.134432	15.189485	9.760783	13.504542	29.344566	18.039166	34.902471	14.159960	31.040189	14.602136	11.688209	21.656675	27.963611	33.573984	18.938713	33.805401	34.014684	18.914365	22.535784	31.138963	27.690971	8.538947	20.565654	10.996786	21.320960	17.675361	30.202543	8.317933	30.149433	31.375682	12.843329	11.560934	22.475861	18.822496	24.362360	18.701453	32.719072	15.341909	27.520639	25.237825	15.160448	16.193935	17.004743	30.191900	29.665465	26.601800	18.771436	26.434267	11.762027	25.798993	28.050224	30.990135	27.567289	23.534672	12.359391	27.676545	36.121297	27.272535	25.090713	35.704548	27.191601	22.556694	25.186233	18.331769	11.348193	30.272607	29.072944	14.479544	27.669833	9.663255	13.014686	14.719795	11.163124	24.369386	8.076795	31.067414	14.128011	28.970512	9.210447	16.180234	29.980540	18.601351	24.850941	12.502196	25.623525	24.508060	10.288410	23.283847	26.930562	25.526113	32.579805	30.936942	30.359268	18.881843	25.288649	29.917905	36.428090	32.201866	13.158020	17.126322	25.903810	20.682224	7.801383	19.582949	11.517334	19.318948	12.783049	16.585510
28.514702	34.674105	11.044145	0.000000	31.772362	13.229323	10.214040	21.112986	19.979918	14.038178	10.553469	8.059666	36.513376	34.960505	34.355467	11.635058	17.557185	11.085231	22.537349	7.696869	32.279515	23.189089	32.376157	35.749382	25.507197	16.651195	26.679398	31.373677	12.986556	21.002663	12.651702	33.545494	27.263234	30.544499	18.348723	24.696262	34.597755	12.377662	28.398816	32.731218	29.132971	22.177258	12.873219	29.124912	34.612146	25.815177	12.978850	30.178761	29.206693	29.546862	22.393273	36.233378	33.832089	10.241589	13.661234	22.624776	16.517190	16.163451	14.908404	28.121369	9.715303	23.321854	30.878271	21.922919	11.185246	27.326598	17.560167	9.972428	14.750670	17.122907	12.743491	34.322603	28.448677	13.786893	32.896576	36.644416	8.284881	28.113800	15.661845	15.121118	21.266359	14.007547	18.894344	17.967867	21.333353	15.788817	24.675276	27.703229	20.568873	19.294559	31.071770	8.196543	15.516754	31.616534	17.994368	31.874028	15.224444	12.844802	16.981927	27.306880	31.806304	34.858081	19.674443	23.051110	32.492607	9.192993	25.006464	13.267812	31.324655	29.305952	15.627779	36.327838	17.415876	7.849565	18.492180	23.594187	17.398040	19.099075	12.193397	23.870500	35.579241	23.399884	35.674862	32.072549	21.496706	13.673701	15.305924	9.970360	7.380946	17.078039	33.823430	35.720886	36.089498	33.449942	35.004752	12.803891	13.431271	16.472151	19.084325	12.942897	11.271090	32.622331	36.608759	15.314018	7.647331	16.218232	10.777804	10.423436	34.293454	30.619018	23.076362	14.555134
30.449235	9.675309	28.766237	14.610115	0.000000	22.435380	20.169500	36.194094	20.957898	18.870895	13.342170	31.307691	23.315329	28.095196	14.661919	10.484631	8.027547	7.790541	27.650721	11.755091	12.389439	9.773310	30.890913	26.594982	19.667600	31.101214	25.002961	19.978806	28.702019	27.009345	14.867980	36.763062	15.472855	29.538684	17.119222	7.466810	19.614985	30.912436	33.024087	32.203908	30.421397	15.739566	26.464266	35.739360	31.609896	36.436521	33.533128	21.160175	28.135223	19.958338	14.649503	22.916742	27.932189	28.121944	24.649629	15.465685	33.170378	21.997354	29.709019	19.362095	16.161173	9.090248	15.911378	31.346056	20.511602	30.608734	18.753284	33.370224	14.513077	34.406860	8.766584	27.401620	20.699520	20.141106	20.875843	24.320754	21.951918	28.933760	28.495069	11.307218	36.483888	19.126085	19.165983	15.786825	11.722465	24.352067	27.284773	32.606292	33.811643	11.785480	25.764081	32.949689	26.484703	32.241508	26.135912	14.686420	30.916514	11.628071	28.139142	28.920547	32.386894	24.689257	21.873055	27.299426	15.792226	7.512380	16.700059	20.042344	15.205890	8.908675	36.448967	25.566976	25.971547	12.124323	8.409565	28.470498	28.712654	26.631236	21.856346	21.241853	36.739304	16.722127	36.474827	9.045636	21.547012	9.539359	14.937869	12.583737	14.686337	18.551199	17.265661	24.460228	32.682700	28.989886	22.264061	26.995468	34.637775	23.549342	33.424988	20.983405	12.783833	9.582044	35.387076	10.679310	28.922011	18.786874	25.583869	33.944886	25.298947	27.598270	10.282963	8.373897
35.857025	26.961714	22.608949	23.681755	14.831802	0.000000	33.322545	13.810423	17.999980	19.496926	22.194435	9.539661	8.638892	21.655750	18.342397	26.846903	19.738675	11.305599	7.746518	23.231906	16.285869	27.719631	13.691124	10.464866	17.422797	26.445101	12.235801	34.973007	29.486758	12.529174	10.445439	9.082902	8.945445	14.501211	20.138979	30.898940	32.741740	10.337922	22.596485	33.444730	25.786218	31.449620	18.178363	13.699047	36.238014	34.149068	27.705874	26.570505	22.955996	11.029198	7.511488	25.155725	8.568608	30.820332	27.956769	12.745937	29.970950	12.027061	11.613894	13.045952	20.418018	36.648292	18.133465	19.217246	8.673446	36.709693	17.140181	14.410054	11.698650	11.789560	21.327643	13.197437	17.870824	15.781417	20.939353	24.126405	15.177669	10.342197	11.828170	15.134102	8.597520	32.898058	19.823873	16.556979	21.941942	9.162846	12.838893	26.617624	16.381110	25.578926	10.377343	31.385985	22.851790	30.004240	11.188113	26.765301	33.770939	21.319788	34.544098	10.614565	23.879412	33.628138	9.111423	9.334232	19.360633	12.555433	36.051068	34.523104	27.591505	8.094295	31.254699	27.305915	33.270553	12.487878	11.618362	19.232683	16.535637	26.465629	36.363660	18.634290	10.510323	20.662410	26.277632	7.374353	23.693208	20.137173	18.091454	15.367636	32.729616	20.719816	9.487313	17.956176	17.737581	21.483156	8.023901	33.019868	16.391025	24.329604	33.844918	16.481300	30.571571	19.374341	31.172381	20.660321	27.370769	15.269568	18.418595	20.135721	17.850481	21.174789	13.023363	7.833946
33.202116	25.418155	22.562857	33.515358	11.119676	21.836289	0.000000	11.394032	24.583460	35.779577	15.623437	31.469474	25.669416	21.588193	23.097869	30.989223	25.281992	33.535613	28.869599	12.892693	28.806517	31.028672	26.618809	17.113611	17.709592	15.094261	21.942298	24.026793	36.248790	9.739030	25.264758	20.864011	8.343004	12.760389	25.464697	27.301623	9.709237	28.822151	34.944480	32.583378	33.098337	29.443866	15.951239	19.302843	16.323842	29.844783	8.865419	9.160403	17.478832	29.974293	15.734760	27.123966	10.207112	21.375244	20.676750	31.427983	14.878373	26.810429	9.828142	17.180222	28.428878	27.082288	26.634006	35.822573	33.066364	26.987703	21.579513	31.121515	32.192624	33.532291	18.093630	33.169222	28.161077	12.284855	13.743503	22.067270	11.497428	32.183413	23.439588	26.591514	15.028413	25.197350	8.352423	33.456961	34.535926	12.506639	32.136595	27.834693	31.312671	35.505179	26.144620	10.026542	16.999572	35.324678	33.492120	10.109619	15.617415	18.829015	16.420813	10.560006	29.574084	26.673791	35.362320	27.820592	21.408394	29.433010	15.980817	21.621368	22.980975	20.345215	22.680320	26.729651	26.304796	28.578135	17.045910	18.474783	28.147389	20.967391	35.015724	28.152085	12.120515	8.007873	28.645224	31.361028	16.956691	24.085492	30.650163	34.850651	14.485125	20.826520	15.716490	25.890341	36.313711	20.431335	34.025004	18.963743	14.189496	20.276230	34.658539	32.896450	22.648594	19.722799	14.116937	29.213091	19.279443	11.501089	28.882290	27.368834	16.067821	34.313233	13.198629	32.764841
21.010795	35.564807	33.895148	20.125365	22.278864	26.582567	16.035422	0.000000	10.196359	20.162205	10.647710	36.760980	36.385097	18.196215	22.441571	32.615269	14.688802	23.211763	35.192328	8.665428	18.380973	27.270619	35.555883	14.653700	30.939948	7.917808	10.535393	16.116091	15.157368	10.372036	11.974962	36.645396	35.211873	27.126289	14.795064	23.584479	28.961646	30.034711	7.517607	20.414549	9.816590	36.273098	26.822265	17.145950	9.786983	34.204902	10.465012	20.988870	14.324327	11.421779	20.746970	32.524136	29.871892	17.157148	26.637001	27.343297	35.973328	22.218618	27.824743	22.018165	14.769038	17.858268	33.979263	34.418761	25.415169	16.178378	27.510401	28.822971	27.619037	34.931430	8.710005	9.999730	22.501883	16.740402	35.567590	22.864443	10.802036	25.168769	8.437939	19.293074	20.034078	21.509258	15.273286	20.283810	8.252151	18.042686	22.729051	7.452054	31.907599	21.338508	9.361428	19.833417	22.883374	34.397647	8.722579	12.716269	10.927109	11.116357	21.052677	17.519498	9.782375	8.067412	29.331900	20.483153	15.883673	14.212627	26.988880	28.015743	22.176804	21.400124	7.553020	19.275491	34.309442	18.502358	22.445849	12.879396	30.336179	24.602811	16.102691	10.858379	32.454600	20.624078	10.426976	28.344524	29.093281	26.628700	33.249295	22.115913	26.389232	30.231491	8.955519	10.022326	29.060022	17.019875	7.850476	10.066441	36.711940	25.107397	33.494652	25.783153	31.760986	21.029355	23.667398	32.565366	31.575802	30.204749	13.186946	15.352727	33.605077	31.628122	34.903561	15.978114
16.725036	29.551633	21.147445	30.436061	21.113542	35.089765	20.827248	26.957145	0.000000	27.954651	23.163968	29.079529	10.592959	28.510394	28.898828	16.796011	7.430652	27.787299	22.453802	24.739588	13.115652	10.715901	30.543836	22.064184	22.753303	29.066055	9.955582	20.301407	17.643306	19.904592	17.522722	34.981946	12.114331	19.187641	14.891407	17.569284	26.512373	9.475462	28.312944	19.606237	33.160211	26.152272	34.233786	30.797039	13.615731	30.032892	32.557892	28.305684	19.128569	28.458168	22.696792	19.654704	15.400480	32.478931	12.802383	18.546022	35.510429	17.963482	34.824251	26.142333	23.036526	18.418064	19.145519	34.017476	10.948974	18.670054	28.934878	26.743923	24.223369	31.536616	29.341915	18.040909	22.929739	15.886436	34.080272	11.931241	24.960942	26.638284	12.098950	15.890482	22.929372	11.414045	26.882730	10.338819	34.879868	11.346737	22.498837	9.308703	8.575811	24.483675	15.989738	18.923188	35.274363	15.799828	33.875336	9.595557	13.650193	10.623005	35.447974	26.526278	20.522634	18.634937	8.217408	7.755475	34.402355	7.389771	8.999694	22.182933	34.511054	13.251937	15.238479	20.162392	23.400435	14.448234	24.632543	9.474635	16.105043	29.660765	28.565745	13.971590	30.197035	14.297902	28.743780	35.830037	31.120177	12.344245	23.119948	20.868673	21.748436	25.933420	25.242193	15.970244	22.419352	7.716149	21.799809	17.043739	13.261593	13.302472	32.139638	27.820326	31.314223	22.586372	7.846473	21.334540	28.716409	13.740543	24.607836	18.287120	17.677810	32.248021	14.953139	34.382197
26.906672	12.746565	18.500628	28.850263	25.932867	29.418342	29.304753	34.922856	30.188494	0.000000	15.485235	32.559865	31.799226	13.958728	17.669366	28.646371	28.028173	21.656303	17.955098	9.079708	9.131836	16.547307	35.449497	21.468682	14.627761	35.515044	30.482412	10.259292	15.661370	29.540472	19.600308	34.347128	30.420228	18.609788	26.493703	13.133563	24.707755	16.179722	31.409254	12.777023	11.274925	27.127003	26.154969	21.881934	15.010436	12.803251	33.136326	22.830316	8.677699	30.221688	35.291069	10.709864	23.790254	28.583296	31.613407	9.614729	22.358665	23.933507	31.887223	13.805990	24.787874	24.554249	21.971992	9.606088	23.980174	31.523542	25.392371	23.838376	15.634262	28.407140	21.391312	34.258515	27.907902	8.611884	34.422555	22.707799	8.348219	33.766631	25.756507	35.504756	30.207796	11.400721	35.266203	14.165880	12.294533	30.656634	9.725836	32.494401	29.942406	33.227329	9.473614	30.700244	18.457004	32.845576	29.254880	28.269973	14.145519	10.244988	14.210773	9.817639	8.440494	29.251235	12.050855	25.781942	30.931012	7.837928	16.137400	14.501999	26.232936	10.737820	22.903211	17.845180	18.930797	21.346535	9.828576	32.781664	10.492135	23.577359	28.139415	33.804753	9.420454	22.036636	24.613368	19.936501	9.727169	22.481199	19.682749	8.222422	27.710943	18.479065	30.942613	14.300805	11.293634	13.394873	30.995102	16.868426	30.799273	9.992857	15.104527	34.517132	23.222491	20.382875	26.611794	17.573244	31.997057	18.266988	31.062060	28.563092	28.611429	30.537193	35.003113	10.295013
19.925848	25.639845	34.063678	23.619358	32.636917	23.150113	18.167313	36.701986	33.160924	36.426133	0.000000	36.627591	13.534254	16.672654	27.951939	25.869534	20.935202	34.469653	27.186096	28.113517	31.529920	33.840477	17.264053	23.197065	14.130889	16.248104	20.444872	36.766619	29.377162	10.893610	18.535889	10.867014	28.275507	16.186366	25.921683	14.860343	35.117211	27.065174	14.621643	14.221394	8.242730	32.034050	12.535628	12.844434	28.381310	19.150044	27.671952	22.253124	10.985420	20.889434	27.172754	22.975177	19.871077	13.064594	29.555004	8.847352	11.737170	16.662919	7.718787	13.609291	29.286832	24.120321	34.644318	34.418502	25.401899	19.844102	21.795584	22.188864	15.073939	27.656552	13.243706	25.138120	7.406459	12.130372	20.530614	26.297270	20.105664	21.140018	11.657367	20.774402	10.943196	22.028584	28.711021	33.457253	22.583041	32.849696	15.312934	18.652424	35.910566	28.031306	24.862932	15.319788	25.045583	30.018031	24.123274	14.410034	18.736204	14.768459	22.726803	21.704204	14.663794	30.286350	8.203795	26.782197	30.795046	28.716201	32.494051	32.172745	9.504922	33.778180	17.191954	13.197117	13.073601	29.165168	19.596182	7.924084	22.236093	33.541587	33.377396	32.472461	32.820404	14.070024	10.433587	21.195264	13.667851	17.032548	11.307841	21.233717	33.035341	12.898080	19.404565	30.845217	15.875813	20.078535	34.844275	24.315098	22.925722	35.641500	32.440122	36.227354	8.171670	8.504513	33.064934	19.139097	36.233856	21.347110	33.245875	28.597633	12.804966	31.287651	20.660677	8.676295
22.851789	14.392624	35.116937	26.667278	19.982906	13.883860	20.495587	16.880144	10.598384	29.206439	23.737870	0.000000	13.555386	19.880130	9.254128	30.901819	12.980319	9.570007	19.959054	22.093524	16.315171	15.762179	29.329108	13.499106	24.721736	23.762917	25.477796	8.185220	29.404480	18.830593	22.938414	23.940471	33.282288	25.031542	8.617664	32.186143	9.264091	11.878040	18.008131	27.772908	19.535142	13.671462	13.721488	33.422030	36.023011	27.253631	27.168042	35.936375	29.561275	36.119260	13.373101	14.212843	17.832731	24.070117	18.412381	24.166544	10.650764	22.910067	32.109933	23.731228	34.635992	7.734934	19.894491	31.764925	17.109067	24.779686	32.004200	20.021289	31.003930	16.781165	9.423258	8.166861	25.502229	12.292218	12.262982	10.420424	12.982492	21.128598	28.975744	23.384339	13.178450	13.858438	14.259852	11.097276	18.743083	8.284271	35.283347	34.939347	21.710825	12.100795	12.961596	10.852470	17.830679	22.263277	21.206327	20.647969	25.673355	31.738757	11.231103	11.754723	17.587029	33.336021	24.159467	15.013104	28.459437	28.100199	23.620054	11.870232	14.514609	7.670355	28.770060	24.523934	27.061308	14.031720	30.265743	31.828642	34.816370	22.018824	21.377987	19.078625	29.725601	35.990878	35.955730	23.974373	8.063603	11.575375	11.822617	30.544434	8.859885	30.992354	22.554316	31.554945	27.564592	16.602336	12.018766	23.768592	8.283991	25.457534	32.699024	21.903970	34.283840	29.900694	30.182371	36.001318	9.714456	24.669295	16.350176	20.787996	22.003781	24.584290	11.962336	30.752272
11.189320	7.868282	9.522862	32.804796	11.114555	12.284612	32.052389	31.391619	16.052913	13.635556	14.557187	20.755399	0.000000	26.814147	7.453112	32.995193	16.989630	11.054693	30.810883	26.343750	16.022993	11.692595	35.119115	17.373563	23.080575	34.259898	35.386810	14.184917	33.293984	19.715985	28.680238	27.763231	29.426081	8.600413	13.246824	36.381600	12.546661	27.901733	36.609637	22.003045	10.026510	31.879396	32.392271	13.497761	8.770841	7.676503	26.006554	26.506864	19.036566	29.487197	25.790660	8.225609	17.830756	8.264984	34.879260	17.966508	23.486998	10.608201	12.901599	22.353574	27.789454	25.873064	20.173468	15.692254	27.440945	24.897069	8.887876	30.757264	22.782166	33.651353	13.207221	18.171825	26.021385	8.468733	29.232311	36.692070	13.473682	33.997675	9.123690	30.755359	19.935098	26.897024	21.454595	27.022718	32.355647	35.633872	7.948184	28.925742	31.687484	14.010251	29.304815	23.586462	11.823929	15.695211	23.155980	23.463653	9.133648	9.361087	11.435157	9.307783	24.654450	20.655223	15.825320	31.372896	26.932504	24.118839	36.259490	21.774146	13.690117	28.992551	33.109374	14.053962	9.428765	13.246575	25.351542	9.346852	24.370602	18.296897	10.683679	29.639126	30.470926	30.062199	25.012352	19.197909	13.535978	23.154102	33.854190	21.511653	27.059069	20.410668	21.362464	11.046302	26.267977	22.917630	18.872586	27.193733	27.613669	14.088306	18.460884	13.227808	30.571512	30.947185	35.499687	25.714790	11.423456	13.837020	16.581035	18.519310	19.658221	9.025305	33.950064	27.581750
17.718551	26.123183	23.723524	11.005528	33.518149	28.003590	34.186371	34.524374	11.513782	28.750707	21.538489	9.518468	24.244802	0.000000	30.672443	18.202234	32.517792	33.092883	31.779888	33.377722	29.316281	20.677100	27.021936	22.054408	30.041997	28.246404	20.281237	23.145666	34.695784	25.223483	14.362881	19.056424	28.601519	34.094158	36.450219	10.702796	31.354818	35.657344	16.187617	34.544333	7.916066	34.844475	16.486927	27.890828	29.996669	13.281828	21.869164	21.325909	12.671681	33.816074	19.142908	15.103223	27.567873	34.464384	24.940349	30.328126	19.504856	36.292625	27.791289	27.587257	19.046343	8.696063	28.035453	8.077528	31.004836	15.399738	12.747812	24.008729	27.784236	23.370709	31.859412	7.568546	10.086361	29.655273	27.321587	33.623448	27.964612	21.936033	12.487212	15.547061	13.637666	15.738963	36.124363	15.351146	16.724174	12.774937	18.694177	12.291043	9.964304	27.424768	31.640497	19.645079	12.801793	9.701294	15.767522	33.967510	33.963293	29.828925	29.063155	17.926795	25.760638	19.662093	18.488691	20.961172	29.402940	17.578609	8.482640	27.768211	25.299043	19.866894	25.758198	26.432872	29.431343	22.431083	23.855972	36.557587	11.190276	24.476991	25.160706	16.233428	34.406634	31.719190	21.753725	11.835835	18.873934	12.906459	31.372048	17.273602	20.788153	13.846784	34.136839	33.117964	10.241009	20.745807	24.317110	14.937921	28.649859	7.397057	7.391918	8.776703	17.415915	31.043443	16.636487	20.062807	22.144373	28.692908	12.829454	20.766133	14.088094	21.201655	9.945384	14.745993
25.149606	21.221694	30.650584	34.809722	36.199464	20.036695	27.445411	23.102172	11.118437	16.415445	19.512192	17.317281	10.199462	32.359132	0.000000	10.940620	18.387640	19.350276	18.557619	20.693426	31.367548	25.516458	21.797681	32.341191	17.867761	33.462499	14.627859	34.314408	20.987926	27.380098	10.668644	17.351239	10.225091	15.020633	29.459690	21.201143	26.859945	22.161659	31.710769	11.420248	33.315005	32.984850	28.545410	27.144080	29.109777	13.816114	17.937737	33.970551	16.752066	10.533858	22.437717	29.194850	16.563429	11.274267	29.662105	19.156266	16.748330	31.058503	19.554722	24.845759	7.587522	21.475518	9.859210	10.732098	12.506124	19.652213	24.926758	28.298010	14.665791	28.261930	19.993175	13.654959	26.232429	23.677702	9.469241	27.179542	32.582190	9.560948	24.832774	32.830587	23.219878	18.344756	24.912187	32.980906	22.381625	15.764587	13.929034	9.606052	9.239659	23.434133	21.911552	28.476658	36.556852	11.843935	20.690916	17.180557	18.162572	19.116993	18.096908	31.883547	23.568674	12.027400	8.727285	22.753484	31.791462	10.963083	22.635312	13.750568	11.511964	18.180850	17.946417	11.452483	29.699536	23.615836	33.714978	21.128600	13.241794	19.308495	18.081767	29.532630	15.160697	32.705178	12.750015	33.632118	14.188864	13.640127	14.974016	7.472242	17.989011	15.726161	19.808980	13.446172	27.176510	35.372093	12.894482	19.788853	35.969658	15.337362	28.363812	22.074209	17.060934	9.378232	28.092852	13.747255	18.119451	31.393159	15.685755	26.292293	28.559368	31.441724	29.091199	9.479439
12.237090	16.036204	11.942739	20.386929	27.974017	9.251297	34.915273	11.066635	8.359775	35.265810	21.353862	23.544718	35.715091	28.641500	17.016719	0.000000	10.326603	21.218155	31.960895	14.457425	16.980316	10.294358	14.725900	26.789247	25.573900	30.995015	27.652684	22.348324	28.220306	19.188748	34.234315	11.703380	12.486604	9.705564	35.814027	33.436380	11.443147	22.264943	34.905703	23.706789	36.023533	18.502025	20.858022	28.075703	15.426412	21.496743	19.194205	9.363918	8.640137	22.384983	18.727873	19.497053	35.146683	33.412213	27.759737	23.038462	21.674132	30.558481	12.035927	17.262950	29.315394	19.952257	19.474138	19.522821	27.152663	27.861205	13.681608	13.935504	14.285117	16.612659	20.833864	20.833321	25.003296	36.557059	11.033102	22.095534	20.395395	11.215906	11.834016	8.988282	24.399584	36.645983	22.137016	11.379988	8.914565	20.215182	28.685940	8.712823	35.330688	18.711268	9.852076	8.936704	19.956575	25.883056	17.888348	27.217078	11.736370	28.508893	8.909597	18.747645	10.232843	34.411158	29.301606	36.055680	23.057599	18.078588	16.091805	14.064596	23.934375	30.445559	15.412600	25.693315	27.095323	30.534921	23.529105	16.424749	17.332796	28.356083	22.719512	29.020091	31.627764	29.043628	25.321668	30.721854	31.048581	22.391198	21.071181	9.272731	18.263874	9.547973	20.110378	10.326244	34.780025	28.300896	34.276068	9.485888	13.245588	12.079071	22.161933	24.329984	16.001185	23.949784	8.937338	30.647488	13.548955	22.722521	29.017365	13.135861	20.494634	24.873030	17.020935	21.393003
28.119986	36.363346	20.334265	8.071923	13.412365	35.393012	25.747822	20.496478	35.185634	13.202356	30.266892	23.417705	8.823385	22.762562	12.310834	18.412858	0.000000	31.868187	34.749947	15.762695	22.014873	19.127190	7.928927	34.146202	12.804978	35.797271	14.661420	7.572981	31.241052	21.115447	30.868222	34.427044	33.346575	11.656210	26.634514	11.602162	27.883422	27.337770	9.153245	16.423016	36.100139	18.550397	31.669118	32.696817	28.473257	19.989065	27.699597	25.062516	32.883016	29.443180	28.781006	11.121693	36.032669	36.131025	14.343212	17.223756	27.595127	19.743480	12.992260	24.760459	28.475937	20.425884	19.685441	20.846015	28.475597	12.365541	14.976091	13.845528	21.891982	30.043656	11.957351	25.365992	16.751793	24.427932	27.657264	12.860257	9.193369	30.844675	35.112318	11.399264	23.993861	25.208686	16.058755	9.539979	16.739306	17.363499	22.351460	14.752954	16.578654	7.549279	15.125576	32.195454	22.407225	36.125477	36.380229	32.612573	20.919332	30.835405	11.089229	12.464717	15.545064	27.719175	23.182474	31.655457	25.860002	35.362668	18.883623	12.487701	17.081871	26.923060	22.863965	33.199489	26.664503	7.637065	8.640751	27.481352	9.056761	23.896383	11.902474	24.145352	11.120872	35.468719	12.070987	31.705898	14.260883	24.565445	29.588659	32.909081	26.869946	24.946951	25.120605	26.725744	20.994625	13.468828	19.748517	25.570833	26.450361	8.745861	16.225479	20.130513	7.987951	20.642836	8.261064	14.246098	19.810353	26.565916	10.856619	17.585373	8.317710	17.530582	10.799967	33.297792
11.316586	36.476389	23.194393	18.571198	14.484261	35.024028	17.555095	25.772841	19.626582	16.024912	26.372105	14.035028	12.857712	24.724237	12.462091	26.733295	31.799350	0.000000	20.335148	26.082183	27.385852	7.932005	22.013905	32.115471	22.595182	18.600812	27.652737	36.359315	17.914801	9.265934	20.996458	29.249055	31.841421	21.536614	36.471257	14.206274	13.074701	9.936813	34.522531	11.241544	26.658221	28.278630	24.776888	31.338676	7.942982	9.790110	9.557338	32.567750	33.142502	15.951766	9.676151	28.053138	9.908669	9.756730	9.380748	14.152332	30.810815	14.336874	14.112803	7.756413	24.961291	16.623378	34.919673	11.380375	9.997677	25.612062	15.142807	13.436909	29.284178	12.197147	30.427089	32.246036	28.444768	8.837086	12.590823	24.338820	17.842605	26.315003	17.380949	23.623075	8.662298	18.746986	18.369184	9.929580	11.975096	11.726098	10.290175	18.991459	12.205845	10.981281	24.635464	16.703479	36.216643	32.551196	16.105276	18.642278	11.152654	33.128463	8.676091	30.561308	25.308723	10.889480	22.965114	34.974132	22.227754	22.003884	13.756066	28.128223	8.406572	21.886940	23.416202	29.249378	34.705164	24.650316	26.999723	33.039215	13.125136	34.782139	10.784427	19.916940	22.879202	34.064549	22.354240	25.426203	9.271328	32.559119	27.212860	9.779165	23.711144	20.059413	36.344648	13.483646	31.155203	14.209380	10.700899	33.277367	10.982396	28.895942	21.799226	9.138425	22.409794	29.758099	28.839178	25.689230	30.928658	33.860232	23.637180	31.072615	28.223497	15.496038	15.180163	11.208767
11.305517	33.940826	8.160119	21.935664	18.422756	27.812938	16.058285	12.468406	11.962273	36.707509	22.442634	23.321869	7.765163	32.453411	16.767446	16.838723	29.708863	22.466488	0.000000	31.686476	24.627451	22.097765	28.074219	29.754795	33.158663	25.118071	20.191252	25.621409	20.172428	12.475794	31.117236	29.461751	20.400407	20.143061	26.382726	28.874819	27.015641	27.083686	22.282273	35.622641	34.876629	20.807778	33.463818	14.789307	34.046832	17.714404	24.656275	9.283236	33.682638	13.836692	33.054306	33.112808	36.566715	33.056382	33.577884	24.640814	20.988974	29.590702	33.718414	12.416405	27.593056	8.923976	17.315033	20.619897	7.672913	28.263209	12.993188	27.395519	20.222825	11.985816	25.925737	28.609755	27.754837	28.408301	18.036476	31.384719	7.670891	15.118409	34.272686	36.525828	26.657819	26.653991	19.458517	30.489586	25.490236	18.245557	25.539194	18.089006	19.440483	26.422661	26.862839	28.100482	22.638891	34.694211	11.607159	19.739973	35.577330	23.574556	19.287587	32.863629	24.054016	12.892126	34.651884	23.517722	32.543313	8.835715	35.746428	17.860948	13.208697	19.781491	12.411482	27.463609	31.257659	8.340438	20.654313	10.378920	7.491066	26.708426	11.957691	35.376698	17.054831	34.345716	34.635106	13.376656	17.526797	33.787451	20.667742	26.189784	31.856797	10.029929	11.089900	21.846221	34.631311	24.454386	24.473397	35.673486	22.759338	25.267591	7.691922	21.583107	30.574546	21.701865	36.114559	12.800750	25.110331	12.323909	10.749541	10.591135	19.250261	26.402911	18.788079	17.880197
23.681784	11.298086	17.528395	10.407126	35.512423	30.721075	31.471703	25.511309	21.710374	30.389146	32.138127	23.155056	9.126300	28.460144	9.597186	9.063667	21.673109	27.981574	33.667378	0.000000	14.303265	33.233885	34.054387	25.365378	8.166839	35.276970	32.466051	24.577105	35.308298	10.888877	17.572625	22.191859	13.285907	19.011917	32.492374	28.759749	9.996879	31.777115	20.551896	24.936296	11.350538	25.958374	30.410342	26.136669	22.370364	27.118884	26.674570	20.129235	33.821013	25.394950	26.631641	25.063237	14.401219	17.689673	25.668653	16.710283	36.465326	11.937394	17.703688	24.419794	21.104951	19.195516	34.132854	25.707758	23.427778	22.834410	18.512339	20.055659	18.035287	25.665829	20.481514	10.886221	31.230884	34.720801	23.595884	17.118593	12.209797	25.523673	9.151157	17.668687	27.199429	10.469590	11.298482	12.301763	20.457474	21.133251	26.695634	23.088526	15.630019	8.402976	16.289250	15.474147	27.236270	7.673994	35.892752	25.255287	31.536370	12.928440	9.727745	18.929881	34.900593	24.288667	27.581320	15.137938	12.059051	12.168917	9.611254	21.169465	20.862750	19.486296	10.889239	32.299656	36.153186	21.761183	18.223068	22.038341	24.358471	8.755132	35.583662	31.374672	19.962220	13.960011	7.367193	11.492358	20.243184	17.043730	17.654548	21.786116	13.646912	32.900382	30.215218	33.847393	18.232011	10.115757	14.570036	34.857061	31.649038	18.564793	24.582903	36.504195	12.599521	7.531115	22.580720	31.413498	15.090055	32.246746	26.161568	18.532389	35.428544	19.794461	33.168403	11.217489
15.671118	26.309345	26.348478	18.047825	13.762814	25.406141	15.911644	7.454333	17.283832	13.285487	11.726498	11.069466	7.663445	15.034933	25.488728	22.645113	32.094399	18.588372	15.609101	20.864844	0.000000	31.165708	26.558228	20.437790	15.230507	22.792342	22.562589	29.041939	13.237333	16.865224	25.464130	20.810103	30.160443	33.138114	31.576225	25.573543	29.234632	17.162165	16.126468	8.789868	12.849281	9.362031	30.478856	11.553309	21.108093	8.799137	36.283358	30.721436	35.027437	23.446067	33.563562	8.704998	11.780670	22.640667	11.566904	11.007692	18.951670	26.614214	17.909041	34.145442	15.993797	16.465632	36.347190	10.208991	29.912178	10.730077	24.327707	30.994205	7.706451	8.002580	30.652672	23.596561	16.583085	22.251540	21.472090	16.278490	7.392103	26.123402	34.421806	23.648452	12.939656	13.393575	27.518176	21.662314	35.245840	19.135207	16.342233	15.928701	21.951918	10.267628	9.422759	20.320939	34.232796	17.628312	29.691764	31.322861	28.638318	24.854619	36.320324	23.217814	27.907923	29.630856	23.705164	17.019968	34.067992	11.467061	22.292404	32.776393	26.651558	30.326649	24.227648	22.651472	27.588793	9.395526	17.505205	36.532638	10.691977	10.952587	11.931985	18.420425	19.980528	23.923732	28.463182	10.729170	8.338179	30.213077	30.936182	31.361289	21.396865	32.609420	23.832244	10.034243	36.231543	18.082701	27.466331	28.907027	12.489726	9.322230	23.202774	35.192851	28.873091	29.672571	20.918351	18.936026	36.428608	10.791644	14.356126	8.092104	35.522100	11.639024	29.738973	34.944636
23.145544	20.078606	18.348371	16.551383	24.756774	32.689388	20.387008	28.943125	29.585034	7.417652	15.858783	8.083133	10.962121	35.685063	34.944794	11.754197	12.862480	18.281989	13.128376	34.850352	9.679472	0.000000	33.176048	31.709224	22.784332	8.243350	30.100686	29.574400	13.453139	22.399736	30.665142	17.710643	9.160527	10.511606	11.672422	28.477081	36.152062	22.600885	9.410059	11.472610	29.798956	15.207570	8.880236	30.931980	31.250830	15.793979	36.738222	31.327952	16.719610	32.710098	24.212980	9.548641	19.130915	13.771733	11.471283	23.995638	31.618993	35.305644	31.042798	10.141152	23.208068	14.923881	10.426137	13.862091	33.166145	10.774297	14.945484	34.883853	18.303423	13.251980	35.088079	26.115672	36.463177	27.336952	16.142470	15.169992	33.488501	8.794563	7.795964	14.388143	28.567413	34.719185	20.745228	33.001117	10.313835	25.810224	15.746964	31.707419	29.532109	19.501756	26.562386	24.175143	29.474083	7.764125	14.006314	28.731333	21.733240	16.692566	17.473312	16.219795	12.518682	28.918494	8.540124	9.282048	15.092780	21.570953	17.170077	31.122015	20.008674	31.451507	19.068825	29.952368	13.854030	13.170572	10.081411	29.431699	33.780113	18.798501	26.121189	36.396318	19.446097	33.323089	19.899648	16.163738	35.823673	24.302157	23.287165	29.709673	34.990126	12.561735	35.048787	22.187377	28.271998	11.809652	33.323693	10.391991	11.572772	21.767887	20.761546	24.143986	21.488772	32.086340	11.297686	13.213887	36.133363	29.424902	35.341802	10.251777	13.556221	9.794777	30.874918	13.343978
29.691236	7.469277	10.727809	15.338573	19.458463	21.096330	32.499878	27.883375	35.083483	25.249188	21.844512	23.592573	11.809185	10.665718	28.800755	30.613158	14.770008	26.597812	23.420189	28.196993	11.836959	23.158759	0.000000	31.666485	22.578649	32.346426	33.416776	12.258550	8.468156	12.337859	19.821499	17.121753	15.376476	22.467090	10.201584	31.436734	9.039443	9.693818	34.815442	14.375063	18.925959	24.004193	13.107377	21.726809	10.012282	24.251320	16.398569	8.506246	21.607530	9.769201	25.448009	21.249873	15.807679	13.657090	28.131423	28.415388	28.423567	24.845249	36.483627	18.262782	12.854724	30.228214	10.606528	8.385843	26.232404	8.483095	29.175183	16.832088	18.164619	34.133567	22.764327	7.467675	35.646627	20.036735	23.206163	11.497044	27.350342	35.317858	15.360193	32.144498	30.226482	12.634815	33.499728	29.709641	32.936258	35.263745	19.988581	25.623812	28.165908	13.391305	34.197867	35.625840	29.040884	31.631110	33.334248	23.595035	21.599712	8.827047	18.433073	22.861495	8.488021	18.521828	33.360219	28.428410	35.315810	31.854808	10.684440	30.092478	32.797083	9.101680	15.431276	24.420505	26.342577	27.230211	13.597124	15.048954	29.389679	22.384541	26.179295	13.072367	10.646257	28.399343	34.829904	36.411485	9.534659	8.718559	31.073188	21.491140	33.457594	28.868405	34.985611	11.396704	27.502816	23.064364	12.557568	11.881509	22.292294	18.471205	34.599580	18.818240	12.179703	30.319358	14.233045	27.495953	22.767748	27.472708	24.181823	32.604615	35.125021	36.694307	13.689001	35.540003
34.835828	34.265938	25.110419	12.865104	17.535410	33.208978	27.286071	11.626735	36.303594	22.797742	25.345384	13.858044	21.445292	16.018226	8.133726	27.324738	14.279607	15.120556	23.543675	11.735959	10.874173	32.974469	21.459997	0.000000	30.132530	21.423920	9.718317	31.827629	12.827540	29.417599	15.782673	26.151681	10.844810	15.849019	13.441751	32.717657	8.390959	25.527088	8.588108	29.378370	14.774262	7.950672	21.100097	14.562284	24.540760	12.017521	14.222346	18.874390	24.560701	32.357724	21.917497	23.226993	22.081580	23.333162	24.764034	27.536878	18.964157	9.320376	25.204439	33.522562	31.925548	15.828687	24.951206	21.336775	35.612265	26.571820	34.568500	10.577366	18.967161	14.222916	30.456004	19.041890	28.961565	11.915638	22.491462	29.183841	34.214628	15.650290	8.849240	26.017085	16.626692	11.695072	27.121563	27.459985	18.689159	29.676951	26.355192	31.844238	12.217545	9.273456	14.241801	11.065685	34.524033	18.379137	27.006562	29.734077	27.904428	18.837955	24.563031	13.250955	17.535863	33.059433	17.398339	25.493154	14.007092	17.538208	36.401120	28.416837	18.221001	21.552183	14.394259	22.600895	7.964962	11.822569	24.891449	12.865486	9.277691	21.552479	21.348169	7.592548	30.317394	23.907787	11.735780	22.240148	18.955562	30.381743	8.640311	15.306812	17.665596	17.559336	12.730930	17.417968	22.628117	26.897789	31.894604	18.885515	28.275831	28.023920	32.171454	24.948814	31.292489	32.041688	28.576762	9.038094	18.475397	33.695159	25.618437	9.463434	12.232737	33.336625	34.202086	28.644599
14.270826	36.140591	7.772961	34.382394	27.021752	14.572391	18.781084	36.580976	20.046254	33.271436	24.253284	23.583862	34.690923	11.432961	13.813308	17.859212	14.539055	24.787609	7.641835	36.080772	26.611131	26.776001	27.451749	15.971037	0.000000	36.446662	26.415079	23.114442	31.269308	35.115289	24.765064	15.346325	33.796466	19.621745	33.514918	23.045101	17.071442	27.701953	17.498513	36.096028	25.312714	30.586934	36.356288	21.555409	23.492349	19.683960	14.712949	17.631903	32.407780	13.810352	29.042903	22.573899	29.514786	11.644996	35.940072	8.322158	32.153123	29.015039	10.836005	28.363347	22.608538	35.006046	13.992466	26.949904	16.386272	21.973743	33.179954	16.786325	12.336992	13.212237	31.862440	20.907268	12.167662	32.183513	11.906711	27.905300	13.573784	33.563548	35.861000	22.747793	16.396413	33.048799	34.169720	14.376837	28.793766	29.893877	14.523292	15.200229	35.632268	31.748797	22.809019	20.175317	19.259625	13.937215	13.180601	20.401460	31.715966	29.254402	10.025907	19.956048	21.109670	23.641464	13.049380	32.637409	29.295857	30.511807	27.884875	9.551658	27.344520	20.116252	9.517139	15.070263	10.317751	8.252142	18.891605	27.233001	8.617346	25.846170	30.991919	22.165057	22.289843	35.377321	28.396353	33.458494	17.364784	27.820630	12.126620	9.356687	30.357320	28.943128	30.625372	33.818155	17.811830	34.347778	36.683753	13.683980	18.756482	17.676580	34.264685	23.424219	28.778258	24.984472	10.132038	9.651777	24.510051	21.281734	32.592533	7.431178	35.055572	32.277997	14.080464	31.580623
11.634635	12.825132	21.566980	23.191513	34.886020	10.883882	9.724046	31.484641	32.535268	24.463474	18.954564	35.155997	24.316784	29.016095	18.984985	20.602812	8.065133	29.340209	24.393386	33.473604	30.115196	21.824935	27.679001	29.652496	32.774021	0.000000	33.904615	36.305396	35.665558	17.861384	8.671386	8.588993	33.756041	32.248240	10.429409	15.752603	33.676779	35.341799	9.694653	29.826488	14.568330	36.259535	30.863323	21.070034	29.817513	34.332561	35.264149	30.341046	8.740564	15.003878	34.849837	28.568457	30.018558	8.838053	11.131831	21.531058	9.284547	20.941978	20.196068	22.536319	10.880652	8.266014	12.522524	20.137240	34.129148	28.097342	20.598985	30.153913	25.810498	8.068187	33.144315	23.730733	33.170621	34.586521	17.214556	15.829952	12.133589	29.984760	25.600342	21.000313	15.626569	31.347661	25.999388	34.786245	36.088619	18.157882	7.409944	36.721743	27.558670	13.473680	17.583309	13.849698	9.337169	25.548981	32.888843	35.708790	10.287211	35.218410	23.189755	28.662594	19.611076	8.530897	31.797635	16.948966	29.667939	28.708220	15.531149	31.973189	13.992148	23.965530	28.215639	7.852252	8.956965	19.165094	15.401794	27.585414	10.633127	7.678164	29.045009	19.597341	34.362094	32.285710	30.464214	25.994293	10.898104	26.991617	29.008929	31.534780	9.190443	15.021642	9.787666	28.598958	34.917617	32.883788	31.020572	20.462133	15.682804	23.105760	9.936339	20.889372	32.625604	22.583762	25.196810	7.442283	17.201071	7.969340	14.271641	19.531613	24.903286	36.708919	25.350225	30.851922
21.526428	16.206075	24.769085	13.069689	8.073830	19.956720	25.753840	29.304316	17.001895	14.454413	11.365833	22.754710	23.633548	13.220473	8.327785	17.195970	11.512999	36.252482	12.616332	19.600651	32.990622	22.092521	29.351579	17.340646	25.955401	29.197873	0.000000	25.246531	19.578797	7.801804	8.898184	29.550216	34.714763	14.657458	18.180077	24.288019	24.050346	34.343592	28.733033	14.403482	13.784115	13.011556	25.511872	11.589494	16.079422	23.411364	25.607590	11.965483	14.946909	11.535818	13.553869	36.735535	32.608593	17.341284	8.953918	24.584215	31.149962	28.332958	30.130839	35.944770	32.690580	36.551109	25.723989	29.680784	32.035103	33.517362	11.011585	31.103174	16.187585	12.971122	28.619126	20.611449	22.912961	28.376156	18.634786	32.378945	26.017237	34.724796	12.483163	20.413647	26.340574	36.720036	34.566424	27.505073	11.333762	13.598672	20.213130	31.101027	20.482151	21.908057	24.344207	36.511040	15.371158	35.096041	16.905058	26.805338	17.853966	34.477784	24.456787	7.887517	28.559198	9.736962	15.388768	33.044220	23.231837	22.576683	32.095578	32.404865	9.223663	11.136777	22.488586	34.174845	30.442190	8.902168	16.259012	32.526414	32.315281	17.107771	36.065351	22.205216	12.801381	12.276415	10.073742	27.377168	15.775306	24.541411	18.601339	17.522409	21.513726	30.248244	34.364089	22.615062	11.910016	9.114046	34.800961	32.772997	14.337865	12.725486	30.065732	10.913476	12.772873	26.550684	30.466848	21.300863	10.094899	16.532036	12.518733	27.534637	31.358746	18.006399	12.653878	12.838833
31.829891	36.298020	16.041469	11.823962	26.830414	31.363939	33.265238	11.026966	18.997043	23.952309	25.331832	26.183066	7.736217	31.430015	28.752022	24.128580	14.125576	22.389901	14.282615	10.132829	15.607891	9.159867	26.525015	22.380321	30.525594	25.213018	25.420811	0.000000	17.407538	29.644638	24.247052	33.448212	18.955161	26.536925	13.706262	18.967697	14.157526	31.716539	10.513563	29.182877	13.302929	11.232345	34.399106	15.055948	22.064360	7.755476	36.345639	26.348782	19.266073	26.745578	15.943196	14.931051	20.096037	11.854180	7.462438	26.273197	14.082662	27.138115	13.198371	8.423063	19.675542	30.382917	33.341383	10.381327	9.925286	18.258328	11.289038	33.863910	29.587205	12.322592	17.788265	12.289574	25.113913	25.485689	24.423742	31.057864	13.727732	25.541164	16.655020	31.447630	29.741053	16.708617	21.240898	32.911817	21.954064	28.542885	17.580351	19.484002	20.475719	8.838015	12.263147	32.816697	7.387408	25.758580	27.152707	30.894103	12.985562	34.967220	8.192480	12.738227	11.015002	34.914228	34.961240	30.097670	13.750124	28.036335	23.434175	35.304002	31.982435	18.908203	14.860827	31.590114	29.636701	23.939316	14.618567	33.245895	22.052024	36.263368	22.468945	13.724753	26.038910	25.205102	12.257776	29.978923	11.386939	15.866411	24.741529	12.332414	33.454625	34.213054	23.284486	31.826891	36.001039	20.066582	9.716279	20.802103	11.404552	24.071437	35.905301	7.920030	34.655937	12.321889	10.682495	11.334427	10.549097	24.616349	9.666177	33.915617	11.116907	23.169571	22.552657	17.677873
21.771246	16.123648	19.064689	28.751451	20.737179	16.493448	34.313835	14.835550	14.317156	13.122256	7.929912	34.395446	34.766515	26.229069	20.641085	25.540490	28.548733	17.796384	10.944027	28.936931	13.564206	28.816349	16.655651	36.743961	28.956248	27.567563	30.769075	34.081298	0.000000	14.279325	28.701395	16.741278	31.673057	28.817797	15.013328	32.893024	8.392019	12.313373	18.435866	31.979326	21.598476	22.614761	28.144220	36.081884	12.430603	12.325368	16.854041	34.922751	29.275446	15.541446	12.489745	8.025807	10.684403	21.267452	30.057526	36.514317	15.097584	19.873749	21.386079	34.892861	10.194689	31.940695	29.666968	25.715577	21.577594	8.060959	18.847762	26.569958	17.107039	21.968633	20.868315	27.726636	12.645746	21.726200	14.267138	28.685288	14.882331	12.722505	31.532992	13.246876	15.334310	16.477617	32.994142	11.413439	28.823756	28.568654	22.657781	26.323341	18.650215	27.195770	26.239707	24.780663	35.957989	16.171261	25.929488	14.067132	29.407166	20.020988	7.912186	15.622030	26.716898	25.854444	29.485265	16.098153	8.372125	24.110188	31.807876	22.349469	31.642124	10.653984	34.335760	15.416012	19.463407	28.355306	15.858606	15.960575	10.823958	12.837003	14.382502	32.726179	36.375588	13.696646	32.481435	13.489662	27.239340	20.876107	34.436300	18.819548	15.504722	32.962965	33.826051	8.709151	19.609358	19.674672	22.760244	35.140051	26.989043	27.540465	27.157274	21.107771	35.362987	15.644574	27.395878	28.460123	15.988105	33.196111	7.797816	13.917010	12.612231	17.803922	28.371519	34.383289
19.298157	31.325087	30.644712	35.592300	22.973353	25.953028	33.573662	30.643223	28.650735	36.296979	21.925627	27.392601	12.782785	7.910549	33.573690	18.780644	20.807184	12.756793	29.980549	20.683679	23.973132	26.727404	20.009016	10.727263	19.642622	20.690003	26.197221	28.828293	12.477710	0.000000	11.739631	35.245083	20.737958	18.046897	33.439365	9.677707	22.124339	23.531025	21.985259	33.757497	33.700196	23.161380	8.319075	33.340717	21.345594	26.877332	36.172435	21.324786	22.557987	27.647008	21.368848	17.701639	22.909624	8.993675	26.379607	25.908634	36.550062	28.367867	17.423160	8.245062	21.903002	29.530389	15.745627	9.633977	32.000211	19.430274	21.035716	8.040152	29.549589	8.459779	27.207987	7.447802	32.951209	8.697102	11.437767	20.561577	36.430522	28.017362	10.078884	23.370068	24.331035	19.062980	15.508110	35.910386	8.346814	30.008004	35.905331	13.300817	33.865334	18.859454	14.075618	30.159244	8.590697	22.102516	11.458563	9.004392	24.238279	20.195222	21.648278	14.985156	12.726529	9.433120	34.243591	25.375483	25.885092	28.655764	16.106913	35.209939	29.440700	27.956197	23.640101	17.532671	12.355244	14.452692	21.206873	10.520640	28.959032	8.433601	33.830156	32.660711	35.139210	30.994405	31.922872	13.664465	24.932533	28.695444	32.560334	17.264105	31.831698	9.236457	29.515534	11.771625	29.754773	12.871017	15.133957	14.025236	12.989338	7.691854	30.362302	19.957135	12.871091	18.998303	14.903550	32.971019	31.801691	12.970711	27.080403	18.574961	26.781253	19.298823	36.712617	16.416025
20.576246	13.642205	27.609838	11.592624	22.555148	10.095619	14.934416	16.893040	9.180067	34.291518	24.696120	28.174264	19.770995	10.673986	17.079181	36.185520	34.300250	10.042556	8.777160	35.399666	30.565314	30.744373	26.810770	36.653620	19.032028	34.188823	7.741726	10.276792	20.351264	21.906031	0.000000	10.401202	20.350706	24.028673	29.810211	16.083459	29.274988	30.574448	17.976563	23.339528	18.728119	21.286700	30.976473	27.103411	19.018790	35.104387	28.821546	29.057947	19.920371	13.146894	30.608632	33.445850	30.442546	16.878984	20.376553	34.037854	17.417186	21.943561	13.610793	24.623188	20.869644	30.619604	23.100447	14.062025	20.127964	31.219928	24.190434	8.407991	21.708700	9.520652	20.743061	29.908105	7.937363	21.131308	22.104945	15.055354	8.501449	28.598555	11.742440	32.139665	17.056297	11.198888	34.477526	12.053238	25.437823	19.976938	30.728501	20.531114	31.128150	26.225404	18.551789	21.074655	15.739354	21.936735	18.745864	26.018425	17.031139	29.224920	14.650017	17.723037	31.504795	23.984677	25.747637	26.035799	17.098715	9.529594	7.886507	13.893873	23.078226	20.249498	19.946416	35.107803	26.409756	28.689032	31.176149	25.230612	21.368203	35.507646	14.787390	16.274288	17.310015	10.786061	35.834739	28.371685	9.974590	27.513521	20.825801	36.638169	27.985645	24.230853	8.146729	8.450487	28.390521	14.932661	8.572470	12.001256	18.133718	23.199352	32.772736	35.266065	29.370408	16.148026	15.140803	15.842208	29.129543	13.019908	8.522435	25.384166	20.653352	27.867393	36.710279	35.436457
32.829454	27.828280	18.423489	19.851538	10.013634	15.408831	11.102136	17.610344	9.296641	24.631968	25.002782	19.148388	19.291298	22.550250	14.968312	26.924208	29.894801	17.395396	29.903904	26.010213	10.591690	9.810011	8.154395	8.407729	16.621924	13.305739	17.905865	10.712270	31.267113	25.370286	8.311187	0.000000	21.771640	32.219753	17.305810	12.379101	14.136605	30.256439	23.866364	8.941298	31.845224	36.475530	15.881961	28.406006	16.847657	18.106576	15.630589	10.034406	25.930794	33.505387	16.431493	26.150318	30.996067	36.749980	22.932023	19.829101	29.997343	25.481300	28.715089	35.613950	33.986688	14.516506	24.271867	36.013685	34.219220	20.879476	13.470292	32.787651	11.200085	20.316027	25.449334	9.338963	19.930764	29.076600	17.437648	10.976364	20.743909	14.951463	10.697455	27.688700	34.108017	8.040159	35.691649	29.192641	29.128332	8.284250	12.223537	14.533035	22.386640	17.488111	27.782303	19.392864	28.367658	18.015148	11.923864	35.849085	13.699814	31.542708	24.004701	11.543813	14.613474	9.534489	33.891354	35.748980	14.139317	33.175743	12.343676	35.324431	10.355561	31.201554	28.426649	34.821683	19.584143	27.149871	11.592728	20.418262	12.207250	32.577999	8.137319	15.173747	30.940008	19.112582	10.658832	21.697835	30.425733	15.431487	13.853762	23.295486	33.456895	12.095053	35.903574	13.842003	18.279708	25.431148	10.785433	12.228779	12.089319	20.025559	30.128657	16.043130	18.688058	18.096842	7.383902	10.373579	11.482730	31.508342	11.673737	33.067507	12.668285	36.484714	30.182379	23.623938
21.216254	21.327817	19.877409	22.552879	26.431252	13.712079	20.283093	7.863066	29.877438	8.417813	12.254149	35.134503	15.167767	13.657509	10.000447	19.550639	19.852916	21.760849	33.864695	16.709657	29.632977	24.122408	17.331906	16.019850	14.123883	15.212531	33.886034	29.603761	22.363641	8.129413	34.127670	8.733740	0.000000	35.649301	25.781362	10.482064	13.396890	32.514180	24.718081	13.302839	12.088248	28.150526	15.304258	19.723447	15.981372	35.812461	19.754134	23.825143	36.142193	36.668172	13.741588	34.419386	32.787783	23.161500	9.150880	27.786344	24.865889	17.535887	17.663198	29.223354	14.943070	24.855341	16.420250	30.388864	19.188774	25.918814	26.858425	13.242715	36.595082	13.603332	10.073759	32.305036	13.184347	14.948117	17.382345	19.621339	30.018344	14.186042	21.702496	30.577060	14.563593	8.710687	23.839297	9.435916	13.994073	12.983299	23.235766	24.487350	12.624175	15.268828	15.934341	28.710787	20.632592	13.425120	34.815121	16.776627	20.640332	13.745167	34.524286	29.197940	26.897750	8.691784	29.817710	11.051029	28.256651	24.447882	14.604748	26.568275	21.722040	17.684892	12.382340	15.039806	13.284265	20.698165	8.279657	26.215330	12.894580	21.127402	33.600601	9.420886	11.633711	24.505400	34.771140	30.833771	32.419501	10.656442	35.837152	25.306977	23.794944	33.182575	10.267806	21.018833	30.589237	19.211459	11.568797	16.618808	8.338874	25.352078	29.435392	20.668911	26.165025	35.846508	32.904297	21.564961	20.052145	29.151073	11.018559	34.533589	14.719377	30.002276	9.098510	18.020159
36.632199	31.686499	24.027681	18.899263	8.895706	35.260822	27.490520	32.947662	10.159629	19.705424	19.940342	16.439861	33.759026	12.252749	8.546173	34.013938	24.127526	14.769551	29.727728	16.883077	29.861745	36.059708	22.121489	35.209115	12.180773	8.338678	25.697722	19.340294	12.521040	29.949501	19.237235	14.150059	34.022528	0.000000	25.490114	36.455425	36.651240	10.449860	7.858509	32.882814	33.309683	8.214016	28.499619	27.194578	20.736076	28.179191	15.662420	18.909364	11.709918	16.108084	10.774728	11.811033	34.062789	24.624295	12.839935	8.549941	18.231493	10.673649	8.157448	18.193646	16.765788	35.541950	28.421398	17.002912	32.848843	36.778972	26.175063	34.876424	8.754044	30.476057	28.320707	25.248924	21.896167	22.228172	33.569681	22.778252	30.257436	22.438832	11.223780	11.373397	27.944506	23.112808	16.805603	14.733535	32.278906	33.100708	22.814164	20.902077	25.391123	34.297507	32.745194	29.516724	27.852855	25.783353	36.297905	27.511784	33.995961	9.245627	36.183681	18.481602	30.187780	19.747415	19.318100	11.633500	32.881107	36.437707	20.210546	19.745396	30.841081	33.164617	8.094528	14.106602	32.183498	11.284424	33.575753	10.900323	22.852860	31.095835	35.103323	33.196691	18.680426	10.889709	9.383271	21.666722	29.515518	34.709870	26.104849	34.761305	33.124775	16.712315	11.905632	21.113779	13.887949	22.389659	21.976229	35.729664	24.667387	30.535149	25.080339	34.914263	8.237263	10.171294	21.949538	30.127354	27.041504	31.295584	29.686999	8.616986	12.460333	12.936278	10.056044	30.311713
31.317530	33.844887	31.193912	29.902825	14.145900	17.854388	24.798646	18.349304	9.474128	17.301618	18.621168	23.409915	22.967496	9.352760	9.159204	15.748593	14.514103	34.951117	10.328961	16.785503	9.235511	19.223820	12.464327	31.015244	10.314125	7.936823	9.463860	33.086849	20.554747	17.995755	19.616192	34.383480	14.080368	11.824279	0.000000	18.075271	15.717773	21.242149	9.077210	14.703371	24.797268	9.297530	15.795520	7.521849	31.938061	11.548804	21.113083	10.151516	27.688385	33.625790	12.960038	36.562902	28.212415	21.613489	19.268851	31.693384	31.116341	19.307579	33.114707	34.600616	23.256147	19.461120	31.638311	35.236854	23.315571	36.695797	10.690670	19.786714	10.960372	28.205816	36.174979	12.717807	25.564531	16.023035	25.035145	15.109974	26.419997	19.334020	35.950603	9.288284	20.932232	28.104256	28.029551	8.858654	13.332772	36.224024	35.802789	17.324927	23.884071	30.810925	20.595974	7.932263	21.298146	28.899359	17.651237	34.511584	12.967625	20.301620	9.912882	32.080290	36.178126	19.664181	19.875474	20.646813	25.963396	9.411106	29.783261	9.840783	12.449026	34.745224	32.783247	7.748791	8.055410	34.407421	18.356184	26.438752	15.887053	17.718271	8.193733	14.932727	14.270937	33.947316	14.406333	10.174734	32.774500	35.700127	20.329739	12.905682	13.751257	10.394726	32.932897	31.632565	19.453342	36.305750	17.938034	19.112694	10.261986	25.364351	26.910421	27.771029	18.940280	21.875554	16.176731	33.362094	15.687788	14.483472	9.315929	8.200453	12.672107	35.273202	15.905172	30.231940
11.264663	7.490465	26.596460	18.214788	29.234878	13.687994	33.279669	18.975003	13.608960	11.887316	14.137944	18.940175	20.120593	29.455674	19.877264	25.067452	11.197644	15.419476	24.575329	34.023739	11.394308	12.913658	15.020152	29.900091	24.184670	18.372801	13.467498	14.486205	13.215468	23.882032	8.084074	21.716947	35.490770	34.650739	21.512681	0.000000	19.390318	28.399406	16.509954	32.744384	26.902917	26.985471	33.138386	30.847847	29.188035	22.752064	24.408731	9.569920	8.273696	15.025672	19.732945	16.268306	32.634009	20.924430	12.746305	17.401716	34.112092	32.342751	32.924467	30.792672	18.202340	22.103776	20.464190	22.132200	30.918283	26.696495	32.478524	16.323356	19.132356	15.590059	29.506426	24.938532	14.483283	20.687831	18.235123	29.415179	35.222053	17.917711	12.687395	25.513248	35.751726	18.548887	32.063247	28.894588	26.700960	27.331948	10.986698	28.737392	20.115522	24.655876	20.188224	9.275092	18.709197	34.824108	36.629874	9.299623	28.155243	18.285920	28.946013	13.767311	10.248381	12.361837	16.288162	22.341562	21.048923	21.600909	21.991963	12.952049	36.237280	20.825571	18.307936	10.945281	15.767549	25.403396	26.980299	7.377642	34.881853	26.799015	27.617667	19.932427	32.175903	12.981389	14.443717	14.108787	29.775460	16.286741	25.230129	8.802541	24.457523	15.886247	16.263362	30.218964	20.291764	10.707536	16.265432	36.487690	15.926722	9.983421	27.981334	9.774174	27.380178	13.835120	8.482056	12.699659	7.903910	16.879530	17.553656	32.908741	18.697590	21.773045	32.265031	16.553082
17.537393	36.204359	8.605529	22.641097	36.550686	19.922534	21.121454	19.031887	16.968028	33.307075	22.901938	24.436805	13.777610	13.176191	29.150529	20.204411	9.739383	29.717821	8.890608	21.888947	22.784664	17.769488	15.024546	11.403246	27.211550	20.180382	14.509688	9.453347	18.209313	14.553785	28.406161	28.005771	33.799691	27.809951	19.253878	16.404072	0.000000	33.938484	30.686985	21.738109	26.962657	24.761585	7.862750	11.644003	22.103048	24.733428	35.888197	26.726868	10.925090	10.555038	25.346175	32.948846	36.603744	14.464854	21.876169	21.934409	7.574818	28.659147	26.220348	33.473058	35.297978	8.666559	35.449381	12.947800	23.331799	14.115576	27.144221	34.533518	36.284161	15.294955	26.938788	31.251820	16.452264	22.022163	17.081187	13.684064	16.086889	17.836994	23.092628	34.071260	9.903857	15.767764	17.102192	12.307152	27.310320	35.624980	20.911296	25.133421	23.904554	23.007023	9.737670	32.454070	31.025364	21.975744	32.218629	33.698343	18.239340	12.097496	27.185661	28.861095	13.815840	25.303673	7.446366	36.068456	12.775722	28.351872	33.425337	13.067150	20.595531	17.529115	35.771115	20.701693	24.475565	27.588249	19.263290	21.839724	22.657495	27.488895	30.940581	22.022065	11.861904	16.405454	36.421327	23.374335	27.900822	21.707520	31.492307	33.619450	26.055588	8.043636	23.988943	34.018712	34.591007	11.853687	36.607697	35.769454	19.433573	25.859511	32.863935	12.574365	10.627405	15.305850	12.582788	15.983851	31.032437	32.702903	28.202470	36.141123	12.264935	8.739436	27.542961	11.197202
30.495806	28.497617	26.954681	29.707796	19.946473	20.586595	18.271818	28.953088	29.044988	29.005517	31.517313	11.124316	30.883004	7.569831	20.545826	35.222616	10.438830	15.032817	32.434861	34.327710	25.316229	31.094322	14.440268	18.895148	19.493297	15.404126	22.836213	21.544559	7.768820	27.969543	32.994334	31.331998	35.857108	26.303235	34.951346	28.712960	10.459817	0.000000	30.499347	14.979087	32.825873	33.877164	8.033715	17.484810	11.988816	36.079315	30.525395	15.372880	14.135872	11.657348	17.063868	14.624548	15.110445	31.936182	11.517874	36.636873	16.081927	26.854138	12.363016	25.112631	15.706699	29.973514	32.709152	25.446547	35.081149	32.868377	34.429778	16.442128	26.626078	13.439278	12.239793	27.724775	26.243948	25.272238	19.486746	15.051109	16.533430	33.050051	21.483700	10.175373	16.911436	21.597974	28.558299	19.863801	16.307835	10.557341	33.796950	29.747802	16.069368	7.987991	9.337664	11.226075	19.243624	16.904613	34.747185	16.699079	8.453145	30.772830	33.672120	31.662022	10.983409	24.688540	34.761895	20.602221	22.584709	18.595832	8.898439	13.945676	15.935765	20.550591	13.425509	32.289408	12.644624	20.856976	27.902232	18.831287	14.541260	23.553778	18.578135	26.037275	14.801487	31.937155	28.217960	22.388230	30.396081	34.223621	34.392402	8.356944	34.475624	27.144798	33.710512	13.533779	18.063455	11.124580	9.060283	10.526529	29.783501	32.938858	9.332711	31.038240	28.969816	36.541401	19.868215	26.988543	22.856838	20.782075	22.047490	13.509769	35.774345	17.261322	33.074076	16.419096
16.987589	25.778494	11.283900	11.888567	35.920947	16.096128	28.470493	9.666670	9.931785	16.572595	27.716171	23.725146	31.767977	20.736421	31.521995	19.277216	24.443443	35.543347	14.287113	25.118230	23.067545	8.749615	35.817177	17.322351	24.699601	29.145404	14.612730	24.635831	23.763910	8.082672	31.301857	10.354688	9.074189	33.711160	29.919139	16.143450	10.233795	30.596914	0.000000	7.587319	12.869501	11.520804	29.721425	25.993207	26.750120	12.139822	31.855005	8.111302	22.008117	34.562496	32.662701	15.318339	8.804101	23.498300	12.952832	9.751628	36.343028	29.116761	27.080464	26.267004	26.117714	36.333348	19.778005	8.957612	19.286809	10.672686	12.561628	29.976560	14.313985	13.714117	18.466445	19.122909	32.683284	28.057098	19.915270	33.110155	20.725271	36.219500	7.816214	30.038766	9.119094	9.292864	12.165348	17.338572	10.276350	10.012900	29.484384	26.684306	8.556964	17.968445	13.170438	17.153244	9.550120	31.939790	14.309699	32.949516	14.180765	8.958842	32.874067	23.590394	10.547669	12.244325	16.698887	30.950648	27.809428	9.413738	29.437357	19.100778	25.097308	15.377412	32.772154	35.895114	33.257584	29.731765	24.674630	16.440668	25.188578	7.570714	17.193072	14.846985	25.248487	16.601700	14.775246	11.276376	24.485518	29.332575	11.089943	12.857395	32.352856	34.383194	32.040975	22.257669	23.183066	9.407353	11.455078	9.433488	11.880956	29.187426	22.314204	32.294440	36.129133	18.972131	33.152952	7.919849	8.321794	8.965021	26.415816	30.422941	11.754058	35.703161	10.610414	17.916446
17.717453	19.769173	35.925755	9.756110	25.165925	11.737643	36.263619	19.122658	10.235385	19.496038	30.285336	17.034011	24.004016	30.708113	29.054329	32.278883	27.319983	9.708496	33.289024	29.406080	27.315960	34.689354	18.440620	20.419047	29.880941	29.893563	9.976288	32.120816	32.880364	18.815952	33.853853	14.598119	21.952418	20.397064	35.815468	20.771045	34.442383	34.019797	29.420540	0.000000	15.561370	17.113534	7.991953	28.781798	13.318043	25.900034	15.542178	15.870712	31.068198	15.811175	20.363912	25.226670	33.122946	8.799564	14.765534	15.357952	31.994909	31.742258	31.361255	31.553272	21.158803	28.921323	35.492009	36.475695	8.286452	33.979060	32.890035	17.628032	24.743938	7.505644	10.127214	18.133624	19.816395	14.332763	20.980981	33.395351	18.309917	17.206946	17.559483	13.408031	12.090076	8.883174	26.591733	18.267830	34.565349	19.911626	25.212954	28.651986	21.588726	21.740587	11.216056	14.331672	19.760861	18.879526	36.610606	10.235502	21.698212	14.567934	36.303534	24.667397	31.080451	24.565607	24.737941	25.369047	10.453222	21.103901	11.911682	15.955990	24.837773	17.305658	8.428289	8.178814	15.215361	18.742423	29.304781	31.850447	11.731391	13.486531	22.671910	19.492104	34.299833	21.379908	18.262615	15.581711	9.730367	20.078457	16.626418	10.791671	13.123098	7.640596	22.190050	11.171288	7.864647	26.561023	22.831918	29.752293	12.243622	22.545120	29.275772	29.700926	21.387966	7.478756	28.809653	18.837478	20.448126	15.536534	20.105468	14.369109	29.650620	18.817151	16.999175	29.760848
36.519547	16.970475	10.952315	19.315077	30.086650	34.512247	7.697485	33.333886	7.864530	33.588967	13.692729	16.432333	36.333245	8.982397	29.746600	35.988618	36.146700	16.664181	9.216282	19.857974	13.243041	34.098430	22.698227	35.184761	30.901521	20.422344	31.680009	16.824463	17.195029	27.624560	28.264257	20.963451	19.161861	15.049928	30.695180	31.134545	35.355786	12.407310	16.817356	16.610464	0.000000	18.381682	25.168013	31.768975	33.022005	10.998746	30.401082	22.292856	24.936323	8.018969	26.753054	35.609044	14.087649	26.844345	35.295843	14.016755	26.363050	32.373703	10.540569	10.574660	21.816350	15.592126	33.637881	34.691970	11.280251	14.612782	15.233104	10.422910	33.435598	19.465243	27.981126	11.074280	12.271942	23.710286	8.550818	12.000022	19.532521	34.536917	20.418982	7.816695	8.412987	29.091451	16.630506	13.075972	28.534322	18.251309	26.515434	22.567790	11.604411	7.992490	11.518999	25.225985	8.519195	8.372021	12.906599	14.820466	17.566663	27.807152	21.295572	21.402145	20.813465	34.876369	22.537706	32.128079	32.497404	12.874707	26.284352	13.249859	17.493418	9.066920	19.491661	9.149427	26.478492	25.152990	11.268070	9.494737	31.097183	36.555710	12.784111	22.400870	17.424624	21.166331	22.868858	25.069247	23.946894	18.024269	25.527064	9.418632	7.920741	34.007074	18.993889	9.409351	23.428945	32.520493	33.261283	16.108921	13.347088	35.030201	10.276741	13.733430	34.226702	7.488576	8.663351	22.324507	31.163878	16.707654	22.277591	15.269903	30.099524	9.298950	25.573928	8.146692
17.249880	19.320693	9.320925	35.039369	21.721374	35.521789	18.171869	12.774308	10.879151	23.303730	9.607694	35.474351	14.812487	21.279057	11.527254	28.470544	13.338303	21.246665	27.110884	15.331817	32.219667	27.184446	13.553001	11.499806	20.422760	36.779295	23.111470	22.491402	27.421904	30.245997	15.721215	29.003969	16.532715	10.407471	16.036762	33.220931	28.964591	22.186132	13.659765	14.909945	28.509713	0.000000	16.314696	17.229395	12.251506	36.287683	12.647876	22.427594	31.420732	12.381205	32.124176	12.706782	22.084037	34.560068	9.472371	36.429943	21.558778	22.827647	33.666642	35.673761	24.678478	20.724820	24.022424	7.553277	27.217932	19.312857	32.082388	33.121956	9.350558	15.300241	31.403165	36.442069	9.579019	30.823726	14.286511	15.959485	35.971975	19.303122	21.265249	31.259638	19.909718	30.309116	28.235863	10.334592	35.868399	31.324606	9.288798	11.879016	19.926899	13.983954	16.857308	11.335025	19.447431	31.580487	17.430626	17.625015	31.112302	11.735926	20.178145	19.307063	27.752131	32.077160	35.965621	15.486893	29.128381	20.768155	25.457527	34.063498	23.007465	30.526408	29.836015	36.638941	20.121037	9.602369	35.774531	22.761028	17.147464	32.047298	13.227825	27.580037	21.696659	16.125399	30.878875	13.771348	9.249469	32.850502	16.043272	36.307960	14.453091	9.658513	12.267487	33.895759	9.548148	8.740968	14.431283	9.930686	32.765073	12.590516	12.576941	13.668099	22.652486	35.098637	28.605515	13.931046	30.997724	32.158808	16.116649	24.672131	28.876236	25.842616	17.242458	16.884439
7.976587	15.919335	11.454588	26.456468	20.326234	12.368356	34.363125	17.545946	16.502043	16.103470	19.044525	12.164065	26.325883	13.429783	29.797965	17.812852	26.035100	20.311366	23.773978	15.411071	14.565432	11.258616	15.764602	17.198086	11.902126	30.648208	30.214160	13.926729	15.135985	31.536006	31.984659	10.583740	30.401407	12.886447	16.764016	35.037075	26.787810	17.304812	13.139816	14.750435	16.398835	17.436305	0.000000	26.827584	23.832345	26.015256	33.403887	18.412160	10.335031	19.719215	15.343324	21.199590	21.524410	10.263683	14.352513	29.427528	18.637574	10.959046	20.309501	12.168360	10.057636	11.708049	26.521022	28.912461	36.245393	29.746839	20.993755	20.429413	21.645233	18.775178	32.647142	24.292170	23.963104	28.221022	16.019568	19.952394	10.364315	28.017533	28.730786	31.236571	25.244870	34.623874	36.132187	11.861705	19.885813	36.559408	14.125902	31.706807	33.311635	25.491751	35.531769	19.165791	31.836923	19.113943	35.118805	10.052036	26.229178	28.603965	14.054251	25.514643	25.635593	12.054179	25.459989	11.791694	36.463038	9.709870	36.720966	20.078694	33.939089	28.028580	26.277856	33.795674	8.476569	33.664158	14.679375	9.966704	35.370486	15.688057	23.614657	27.807603	31.244679	17.456833	10.686788	12.618112	9.714516	35.924002	29.501201	35.504252	28.718376	16.485410	12.445460	30.927798	35.795775	20.402125	18.701074	31.956766	25.571047	29.430110	28.262013	24.582431	30.509211	22.097424	36.761994	14.742618	28.279732	33.188094	22.922752	8.823290	14.650348	28.832769	30.139501	23.608629
8.588716	29.746861	33.327374	19.189104	27.755677	26.149487	24.472310	20.361923	36.546437	23.876450	32.654639	16.348251	22.078404	12.093811	29.925340	25.565914	25.334182	24.476242	22.333722	12.721987	34.916996	32.634824	26.393111	7.542731	9.138954	21.428069	19.313965	23.710224	19.897548	24.965190	30.392098	33.953844	9.535228	32.101815	32.971437	17.373292	27.773462	31.034553	31.021181	20.009864	23.998691	28.122067	7.535340	0.000000	31.161662	26.784370	9.148291	18.317132	28.559713	35.560529	28.013719	13.427459	32.374624	25.388749	10.514471	20.600067	29.443597	26.787867	33.494613	31.174856	14.093560	9.573040	10.180086	22.308411	22.025432	13.433908	34.083599	30.830277	30.176927	22.532224	30.165698	23.876870	35.888161	32.271708	26.512126	35.318361	7.750964	35.172771	28.250111	23.357276	31.925201	14.238788	33.097106	10.211259	28.989595	12.568698	36.495227	32.350023	30.031598	21.053161	15.475378	28.934727	29.514308	29.859526	7.642227	18.121906	24.578074	22.761437	19.341934	21.866361	12.042777	10.160985	32.973942	31.327443	7.508470	33.160800	19.476176	33.964984	15.589360	36.655309	34.150725	33.147698	34.430832	32.560636	27.883115	17.047267	30.788304	13.997268	10.144683	14.974006	11.682940	17.489576	8.772487	33.750478	22.804546	14.843307	12.118232	18.483181	9.693164	19.046326	28.216886	10.819609	30.422742	8.194285	26.305764	11.562311	19.861613	13.275741	17.030755	21.991715	11.215073	22.545368	25.188742	10.652160	22.275618	16.480297	11.919880	32.101257	15.697496	7.763134	8.507316	12.542260
33.848623	8.652472	8.227380	22.964417	14.391721	33.627930	34.259671	34.376660	28.009333	35.560380	12.649787	7.812525	8.454476	32.393893	10.539351	17.978443	14.295456	23.148612	11.831080	21.172000	8.638849	7.533703	29.932613	15.437803	36.454584	23.712581	18.191321	15.074399	11.156823	31.620585	17.903636	14.153445	19.922075	20.308152	20.787646	18.642103	20.777927	28.280530	33.694173	21.939515	29.324877	8.930763	9.258655	32.251552	0.000000	20.499519	27.073255	32.405253	33.053756	32.930251	23.910290	16.651725	32.257671	27.723238	19.331151	23.204984	22.375005	21.219175	30.254229	14.464356	35.894211	25.740414	30.500761	26.029617	12.232078	9.479064	32.821335	27.139571	15.898802	18.665041	18.754135	35.736932	30.080987	22.663753	26.314352	25.765452	29.463792	15.881292	12.091036	14.715139	15.473776	9.141716	9.769275	29.733122	17.701994	18.626557	9.827230	27.854260	27.370795	13.134496	25.651036	24.745055	30.091053	12.480067	22.807516	36.123838	31.810851	14.515235	21.564511	14.792105	28.729945	34.738278	22.062961	15.319121	15.383372	8.238773	33.431252	16.788257	34.009564	30.822458	35.830410	30.946572	33.894193	34.571823	31.939273	29.888803	28.736524	31.126169	13.675451	23.324376	13.498130	36.519288	16.545052	10.208477	21.595158	34.228118	11.080187	14.495806	24.839359	30.967283	34.290547	16.907982	24.587454	12.666907	33.909061	22.465141	20.715308	10.194413	21.898522	23.548275	9.574864	30.342143	8.576664	31.656805	11.822310	14.493363	36.415656	25.734581	23.020107	7.974084	31.455982	10.976982
34.970899	27.303806	7.644539	27.200418	16.743043	8.874596	12.050022	35.875501	18.202902	32.207694	19.050127	33.901786	16.089601	11.367958	13.368207	36.133545	29.708837	31.626401	30.572045	12.456124	22.961707	19.453380	19.333895	27.805538	25.006285	17.502990	19.207888	20.826651	34.469993	33.983420	27.821874	31.443833	27.463525	26.395565	14.880523	11.280014	34.434932	31.883910	18.625021	18.238819	27.399510	12.338344	12.824141	10.423936	14.551378	0.000000	20.691346	34.641852	26.983878	26.606822	24.100441	21.406511	24.725436	35.648433	32.543934	30.097111	18.409982	32.461088	22.305780	19.871612	11.846274	7.444759	20.243636	8.752489	23.080617	12.962684	10.509085	16.890597	29.796908	35.258869	23.201029	15.296827	19.742649	18.122876	29.558745	15.388877	23.617631	9.463125	33.278635	16.415765	21.933485	29.945562	17.546949	17.615414	17.078946	10.124618	24.552668	19.220474	28.427756	31.409304	29.862997	15.637176	19.586979	27.487955	14.259092	31.846856	19.908415	9.437116	36.165339	25.021162	32.674645	33.641370	19.598773	10.539116	24.549711	33.130338	28.922647	22.910081	34.484361	27.081329	21.326047	29.996000	20.332271	20.197280	18.221420	28.330839	20.434723	36.089152	29.109069	28.511561	22.087622	16.431079	11.949157	25.660611	24.807509	14.897344	29.983119	27.348971	9.486083	15.962066	18.276902	21.219492	8.886446	29.001258	21.706006	16.420335	17.633888	33.181331	27.392185	12.085658	13.953049	10.642601	18.147910	29.544090	19.265866	32.929506	19.542662	7.481410	36.069707	28.814696	29.080462	8.976367
28.133411	29.999339	18.468037	18.710094	16.057320	21.249160	10.789528	8.042895	29.771245	28.599844	10.236088	10.899604	26.094004	13.587563	12.833469	24.730663	30.679156	10.195569	20.006567	12.162575	27.721897	34.668317	28.943140	15.553243	11.129965	22.115116	11.932713	33.229729	9.532406	21.805764	19.619098	19.425497	9.392421	25.933661	14.621882	10.762047	29.564043	18.413629	19.722585	33.295828	35.051435	13.904876	31.683440	7.890653	7.907153	18.464805	0.000000	31.278147	16.162387	28.993816	9.303470	21.133891	26.428332	28.479087	31.441254	35.424621	8.158802	17.008961	24.066442	35.680202	17.713173	8.776689	20.387901	7.566338	35.441250	22.584925	14.037255	23.283884	34.006948	22.813935	16.412268	28.225831	24.101721	11.347640	35.084781	23.761955	14.227158	29.019731	10.656275	30.912818	10.547560	10.279628	23.830116	31.775313	25.336239	22.904279	19.103858	23.798731	18.514137	9.882568	33.481879	17.317755	28.819855	29.923989	33.111053	33.444240	26.528910	8.761512	33.363948	22.392009	27.243595	8.615433	35.257514	21.177487	21.663975	22.757188	26.263578	18.559603	21.813327	14.184705	19.402919	32.838597	29.694474	19.419252	23.843204	24.971709	8.425099	21.829303	23.281358	36.419060	24.986530	24.837002	27.153608	33.529088	33.368551	13.162560	22.966755	24.938230	27.739999	30.996495	17.695141	30.506461	9.500792	32.127770	13.746615	10.925386	34.352955	27.337803	18.651671	24.771961	23.327965	18.268863	32.666817	14.421485	31.415543	23.147962	31.875688	27.484393	8.560320	25.626432	8.556583	23.818204
31.474815	30.941407	25.128825	20.001891	11.717942	17.458307	18.763968	15.913317	16.671070	21.773513	18.670342	22.856682	31.905984	23.164326	33.622540	16.220454	19.718231	24.513996	21.592615	21.596019	8.008459	13.362694	36.016583	9.064873	33.698843	15.221312	14.689623	13.945265	31.134994	12.986546	34.993568	22.286107	34.843636	15.781952	29.044127	16.624472	12.878926	33.724593	32.587940	35.709307	21.811358	27.927243	27.846576	23.445784	24.075933	9.671350	22.905039	0.000000	21.121259	7.760047	25.517174	8.947484	9.017623	36.422512	18.351725	31.472600	16.197638	26.339392	35.940690	27.333828	15.906808	35.744122	23.221414	20.280733	27.055412	11.226633	21.805615	31.309630	34.170725	26.967315	24.581349	19.816115	16.620518	14.238560	13.247929	27.001728	12.033883	20.889279	10.172807	17.345417	9.561434	31.815773	16.086441	30.256081	34.283598	17.601934	14.705613	17.157315	32.557827	28.206688	34.546331	8.335373	22.653051	21.531849	21.027152	36.305505	21.685170	33.477480	11.078071	14.257538	11.951561	11.759585	15.720638	16.683849	25.566570	16.373155	25.763304	31.841140	15.309167	19.709825	8.251508	20.962169	9.378527	24.797056	19.208158	11.041404	12.382252	30.451478	24.003666	11.309848	30.151049	28.283378	10.313845	35.656912	28.672047	25.969056	28.838716	33.873692	12.175389	19.471833	26.562875	13.198216	11.583428	13.590784	21.540800	32.899046	32.346758	34.552074	30.675842	12.587733	25.451491	22.211668	32.843363	14.893338	8.162310	24.109638	30.706398	16.277102	30.223147	31.827262	9.460382	29.904431
35.615534	8.777033	26.441012	34.133699	17.515521	31.508124	8.737724	36.466319	21.326282	19.057325	35.613917	28.026354	19.578109	32.200355	34.888249	17.207929	14.635099	9.174142	8.563280	8.887639	27.614726	34.280075	9.588840	18.466572	19.005606	30.882932	36.111955	11.568456	16.741088	22.870966	34.380114	18.074660	17.416972	24.870005	14.521580	18.572593	13.375491	18.754012	8.802144	16.070763	35.583193	8.624912	11.104952	22.269919	19.685667	23.142421	20.194075	31.742643	0.000000	16.741956	23.068262	30.175792	8.188340	23.560338	8.691479	8.857866	18.877244	26.959411	24.491459	13.042163	27.149174	34.774616	10.206036	9.068778	10.868344	12.288977	25.363649	16.991319	19.061870	35.920275	33.728222	10.484501	16.394700	11.265806	30.902360	19.479359	21.221425	25.414743	31.564536	7.396526	29.930734	15.689676	19.544720	7.886112	9.997181	14.528376	35.946721	14.353813	8.922923	33.455680	16.069671	32.124403	28.917244	12.681505	13.447522	11.884984	26.202298	36.080366	21.798272	18.321404	36.342980	24.616114	17.851439	25.243093	18.641919	32.452245	20.105526	13.573880	33.261983	19.391477	15.523637	13.231291	18.716210	17.359105	7.767391	16.688410	29.057394	29.523814	32.866744	35.113445	25.550576	8.870459	12.864359	29.987395	18.131438	34.045176	33.622053	32.120541	9.387530	35.495128	8.917625	19.754807	16.573732	15.741759	34.674033	32.523091	31.240530	23.862790	34.290566	12.253226	8.735120	33.528230	26.379365	17.835585	35.391883	8.591537	10.537788	30.783202	9.852297	13.591097	29.744452	21.279390
12.322295	19.946327	16.022550	20.277461	30.972836	35.426764	29.154067	26.491211	22.187953	11.507835	26.404474	25.594226	28.518685	17.360525	8.554805	14.073878	22.300222	20.544573	10.259317	25.081759	30.720895	35.489633	35.022170	25.973633	8.696812	18.216703	34.180342	26.608414	11.132149	8.847027	31.082481	13.308272	17.728905	17.003876	11.765024	29.846482	24.804799	22.164370	31.890925	12.600007	9.285587	32.819989	35.985080	13.755566	31.950198	24.825013	8.708852	34.302986	34.354017	0.000000	22.001060	10.269681	13.179846	25.283659	31.373234	26.032547	23.220597	12.835383	30.530882	17.192993	20.216448	27.489299	21.182839	10.633193	13.446517	27.147291	24.232553	25.776367	26.814054	25.874875	10.905697	36.274669	10.826236	30.413873	18.346975	21.369907	32.891541	27.840462	21.779218	18.244657	20.319921	9.877449	8.496224	30.070840	15.482472	7.711327	15.491254	20.638844	8.086675	26.218009	8.144817	9.954918	21.706085	17.019619	9.589418	14.170183	26.233554	25.412919	36.059789	15.859817	19.933339	22.051587	30.856482	29.468161	31.759020	31.523222	13.345043	17.500273	28.820826	10.386268	33.936294	27.118253	12.461506	16.205937	10.420820	27.109229	17.184923	32.747323	34.637480	11.158381	19.381666	29.414340	27.303895	21.459658	21.544403	35.683274	26.765409	34.168782	10.217497	17.571021	30.408968	25.586306	10.211751	7.704352	22.199862	27.352012	19.180827	34.980312	21.662344	33.714324	12.183817	31.649224	15.560238	36.009586	10.886230	29.511372	11.191995	23.933641	29.906447	21.499821	21.859943	9.697738
28.711784	21.080329	21.420732	12.129943	22.927560	29.831410	30.427963	18.665117	23.571582	31.521224	34.062824	8.842094	36.673025	11.925183	32.606290	27.645269	15.179784	35.692738	20.323286	14.063726	22.995882	35.129220	28.826368	9.996486	19.042698	35.878175	10.296101	21.854699	12.382140	36.615717	25.832281	23.933902	19.585687	23.861927	12.820628	21.281466	28.436378	21.333507	32.831689	13.371089	22.889250	11.884262	13.595313	24.308130	18.832674	33.486231	35.368934	26.433978	28.489485	28.242011	0.000000	12.783002	31.873187	25.101074	30.824879	25.989074	17.080762	7.590025	10.472270	15.656768	10.462049	24.728603	26.308596	29.545517	28.486706	23.855765	20.938419	36.337155	13.156831	17.062810	36.137628	10.285063	25.950461	31.296305	12.895517	30.934173	32.336962	10.046442	26.461365	8.585395	36.721140	11.255727	28.709291	9.420960	34.680106	22.872235	31.987207	9.697375	22.700600	26.658201	32.696276	35.195041	23.519743	36.758349	17.717567	18.492473	16.722792	27.427580	16.342113	26.138099	33.435200	16.456717	36.484428	30.395297	34.287453	19.509412	29.585935	19.402781	25.716762	14.715434	34.711441	11.156088	15.883987	23.864270	20.089017	32.575167	9.988924	11.954684	16.035990	21.429736	23.815468	24.721914	11.848775	35.289314	10.074708	35.944695	17.244128	34.726460	20.333854	15.427877	20.899893	26.797860	32.440179	11.664260	13.278504	36.376763	29.657710	26.819977	9.500840	24.353450	8.717086	8.294006	29.402822	27.123370	20.791631	28.701563	26.576219	27.602352	13.839925	17.713449	26.007823	15.242207
30.084860	11.495138	15.282625	16.468736	17.519914	11.449412	34.688579	15.656599	13.814468	13.760546	12.224166	16.539287	23.703120	13.452995	23.685465	35.552361	22.503000	29.143578	15.272343	33.625386	14.858449	17.392676	8.752706	33.052760	31.940058	7.574873	12.922996	11.874738	21.081017	13.448189	24.807496	31.857920	22.640940	25.119390	11.709702	16.976515	11.711713	22.825283	11.563141	10.284578	27.974351	16.089379	32.574765	27.728560	21.714281	13.909369	31.735332	29.061312	18.533118	33.660401	24.845716	0.000000	18.043492	36.202656	30.257081	31.403114	19.698144	17.351128	12.421939	21.819149	30.654858	28.614810	30.579443	25.547848	16.157741	15.936690	29.210936	25.102870	13.178206	30.427169	10.324608	22.339905	11.596783	33.904576	11.546551	13.037652	32.491460	8.325455	9.490074	18.941257	28.140655	31.717481	19.418042	26.145383	32.907547	17.596367	8.578887	17.594653	22.037437	19.059215	14.600677	10.954053	12.032060	11.700155	16.896097	16.026368	8.176511	13.527937	29.370537	21.613348	36.669587	23.509004	31.218453	33.890750	23.449242	31.551381	21.870789	25.025756	35.938287	31.554954	15.808613	27.638948	13.815308	8.724782	26.710334	34.857760	25.987022	31.754926	14.901896	22.891110	34.534005	22.142842	10.184116	9.387468	19.878792	21.422809	27.600883	19.852934	23.883028	13.687749	11.455435	30.690949	17.704954	34.097059	11.483260	19.488702	12.324073	24.212994	11.384971	25.305934	13.162670	29.542912	22.188151	11.030778	23.589221	34.732636	14.351684	11.994667	13.678311	26.136710	26.217804	36.607383
14.409488	16.759454	36.175366	16.346998	14.484887	23.983354	29.181692	10.995558	26.601259	22.388574	20.015348	20.042720	28.676439	26.330934	24.225846	24.778656	29.997060	28.350323	29.277596	27.282133	27.373711	32.112186	14.876545	24.291700	23.124531	29.792479	24.052128	31.374535	15.855092	36.159279	16.352339	22.791249	26.863360	25.307929	19.300988	15.036129	17.789466	11.290439	28.038553	9.484816	28.913935	8.850321	17.888679	14.328089	32.430060	11.825171	15.350790	22.778875	29.870883	26.592096	29.805304	24.394416	0.000000	13.719113	36.700056	18.552263	14.200847	13.828058	12.149299	26.260623	25.233477	11.585525	35.114060	24.249823	8.502774	26.540558	7.985787	23.488853	36.535753	14.236374	25.482348	35.821276	12.967017	20.709022	27.526562	30.175358	26.857924	23.157375	26.055840	10.327067	22.255849	12.987615	11.202894	9.673426	11.716388	27.926449	8.142839	13.351292	28.213862	12.434140	13.567528	28.235686	8.999796	30.115391	25.159971	24.134345	14.040020	23.025241	23.878371	10.118250	19.584692	34.483463	34.328664	26.577987	30.875477	29.702550	27.198519	7.814419	28.682096	28.107187	28.142404	16.320305	32.276559	31.492699	36.362009	23.706424	25.265937	30.324429	22.041473	10.706279	28.259791	23.353515	17.774492	21.982828	30.224608	18.512572	17.054366	15.679879	10.454374	25.161767	12.973807	18.760811	9.939626	14.223681	20.559751	35.890307	23.966507	15.698931	10.425468	10.134466	10.615694	32.102767	21.362861	27.052718	31.356460	32.673282	19.211017	24.713650	29.301399	28.001496	12.142893	13.773081
16.638923	12.386613	24.274331	19.253252	8.302462	17.685319	7.476574	26.631336	35.553086	13.961257	10.062918	14.594746	7.540917	10.412285	33.446606	32.017093	7.525000	27.018499	15.301522	11.501411	30.350216	23.814258	28.357641	29.380051	25.838448	8.429614	34.350134	28.197178	16.945687	16.010370	7.366346	30.949339	17.884157	25.191608	30.669266	7.904599	14.488432	26.667191	15.460866	34.570131	12.261779	34.396473	28.682284	22.134359	21.271444	28.202270	36.505373	32.652861	27.891577	8.727937	8.563655	21.939302	21.241707	0.000000	22.221687	10.661940	19.236705	24.358733	22.636635	19.797984	12.274395	9.023336	25.851236	20.636473	15.100154	19.810238	34.833162	29.435578	27.400312	35.549749	22.045332	16.832188	10.990400	8.594459	12.356066	29.713516	24.723389	19.313057	26.215201	32.537616	36.697978	17.277141	14.489885	22.810626	20.170624	28.701822	29.070475	13.547904	14.980366	32.779201	16.134754	31.237748	22.857987	19.971482	29.265815	20.203653	7.405373	28.405724	16.557231	18.892627	26.097492	34.390535	16.256066	25.278070	10.546437	25.793613	29.688168	35.781821	13.006063	19.258854	33.836540	35.947724	33.272814	27.452306	30.930998	32.457922	25.451098	24.949069	16.485558	21.682533	36.313699	25.914405	11.005223	15.476849	29.551931	25.759675	20.768917	30.028841	28.434844	29.000926	15.672088	34.432392	16.949372	20.867768	20.020506	31.984043	31.739790	19.750187	9.512407	36.766373	27.740992	28.378772	11.647442	25.401586	35.467823	26.722541	15.923817	8.508249	21.008252	16.360154	15.847969	26.795926
28.504326	13.496061	14.205066	14.724115	18.518094	35.962308	13.613006	11.214711	13.913255	27.417855	16.575054	28.955886	17.284412	25.397013	13.663133	28.828752	9.074070	19.353710	30.220336	15.989200	26.428119	9.077730	18.842720	8.161428	12.646662	15.260888	32.062806	10.352597	27.587610	8.894837	16.977744	15.991786	13.989419	33.297110	36.378954	22.947284	14.806289	24.810869	30.723252	12.182872	36.579392	19.879562	24.282122	29.025363	15.190721	29.582274	8.213409	20.853520	23.720574	15.945656	8.020736	23.064750	28.767017	10.778058	0.000000	33.701173	16.794524	34.735444	11.227795	30.587680	26.413702	28.637933	31.637347	10.472213	23.084936	28.898776	9.859323	23.412312	34.214965	14.269900	35.822847	26.244892	27.865851	33.532312	14.260271	22.728180	30.757782	15.924339	14.047141	9.330917	21.071669	8.927015	22.710108	25.815897	8.310750	34.754416	19.317127	22.694653	27.624866	24.333208	24.767301	25.179047	35.969248	33.286243	13.672713	7.787833	17.331509	16.477380	23.293850	28.679539	20.470917	33.709936	11.886122	15.674908	28.056067	15.206381	23.771829	31.403386	22.677531	27.749621	9.727190	16.924145	14.185749	19.808213	7.526266	13.823170	28.121272	30.995155	16.623241	16.908433	22.043289	8.223667	18.386784	17.756417	32.665855	23.535217	24.211234	16.471501	8.023755	26.657433	14.415390	20.546244	28.105215	8.976774	29.570829	20.472890	23.372858	28.728518	20.048340	36.160102	8.592751	19.303074	34.508569	22.178873	26.131889	23.327191	8.623557	12.991423	21.228661	28.667979	35.703956	31.490514
33.454571	35.081139	12.217928	32.235069	30.319828	34.603314	30.821918	10.033832	21.516812	10.162248	9.721971	12.643145	36.555747	36.642074	21.565151	31.612929	27.280643	8.470358	30.924199	9.048563	28.597345	15.744483	22.141126	8.852863	18.854610	13.509275	22.332670	15.700085	30.837939	13.334295	12.531568	10.408607	16.901623	30.971786	14.874563	24.310801	14.370256	16.523232	21.708561	15.593459	14.749912	28.508200	29.643616	31.693099	13.682465	12.558894	29.841613	35.531108	20.472974	32.610218	15.605222	20.573710	26.178653	26.762052	17.257179	0.000000	14.803657	18.513671	18.497570	12.909762	30.534131	26.582545	10.728399	18.832675	35.513379	12.951228	12.766459	27.766159	7.457790	29.756949	23.891529	11.330695	12.297485	17.111665	30.953182	18.947306	29.662076	17.085513	35.954422	34.736931	9.453906	31.405248	29.420592	25.853531	8.345049	35.632266	20.491678	19.581116	34.620909	25.969889	35.857197	9.667772	18.915535	11.981391	11.205664	22.816028	20.276530	18.736116	32.708744	36.668852	15.576237	34.516309	30.159629	11.170562	9.574274	28.808235	23.620870	8.914868	30.407191	35.883102	25.503394	21.627219	16.030774	25.578098	11.556815	17.874923	16.761297	26.841362	10.652237	11.495538	11.679263	30.175884	33.666543	21.212716	32.061128	34.144216	10.036894	34.187073	23.451733	17.371094	30.770623	18.801116	21.922243	31.789131	18.864010	27.544220	12.668691	10.359884	28.986315	16.022484	19.757198	9.129490	18.744687	9.988251	22.446905	18.236450	33.788415	14.138759	36.153096	8.789755	14.933112	36.276677
19.434195	35.950692	9.589314	13.347978	32.916773	31.367540	22.329173	25.493153	19.945047	17.212579	28.973606	10.505995	19.456928	9.403530	25.857784	30.635266	24.417879	9.560763	32.414230	26.042189	23.195148	21.118072	27.374182	28.885416	23.705141	19.945250	13.146932	31.741642	9.710568	17.742926	9.256906	9.512860	33.641898	9.044450	12.320706	12.107068	32.036501	12.808423	18.769015	34.880444	31.705311	13.639905	8.077987	12.776158	12.278888	7.451339	12.081758	12.431894	10.815146	16.199553	24.665922	14.955587	34.495627	20.412324	25.599673	20.574534	0.000000	20.492738	11.557711	15.938434	23.284328	29.939032	26.615952	31.806937	32.289918	30.636611	16.278969	11.906866	17.689257	32.956192	10.006214	20.282779	26.911009	9.321171	17.192400	12.707132	31.393278	27.019384	15.535894	17.503792	32.353583	11.568234	30.346258	11.069126	7.579719	7.894122	32.593560	18.983380	8.662180	27.539069	14.983582	33.858287	18.506661	31.984482	24.928647	10.047875	30.300771	9.463793	10.051752	25.370146	15.350641	22.281985	24.295228	23.064495	21.483281	16.339882	23.189663	12.137268	16.711233	24.064224	22.860560	29.755431	14.472640	28.012417	7.768903	9.760034	18.324482	13.096317	17.870468	34.469127	22.859762	20.238906	22.458019	33.346836	15.326158	33.257106	33.700017	35.517701	16.158049	28.118611	9.783163	35.139514	32.286952	13.969264	35.968941	18.227926	21.778791	8.375039	25.414925	19.363635	31.534807	9.992598	16.778800	29.978756	28.229075	23.168864	29.250621	35.430274	15.041216	10.199697	31.472420	10.069333
32.234016	17.823973	36.659578	27.359521	12.881119	9.060961	13.011700	27.301459	29.741878	31.578539	32.298852	9.162317	30.890012	29.380951	9.138598	13.177201	22.412945	7.520917	25.734139	34.421828	14.852752	8.830827	32.204534	25.585441	10.836962	13.014562	15.242829	34.832443	8.587941	9.995609	19.023978	22.734653	33.436731	34.289301	16.359357	29.164701	34.278558	8.982181	26.294301	9.833975	16.865153	12.803784	30.759924	8.572202	22.585287	22.959853	18.203248	30.357344	29.943363	15.887526	32.927524	29.867490	15.205717	17.709433	10.170488	9.720546	28.520656	0.000000	21.052318	36.279105	21.185727	29.104421	20.020662	17.770960	24.572497	29.832065	10.221213	29.764112	28.179425	19.549136	17.530201	26.442720	36.348724	30.021709	15.504934	25.173464	24.324988	26.750730	18.294206	14.214119	15.758306	19.228743	26.394641	8.693113	34.113937	27.372619	7.478698	30.055248	34.119382	8.060373	16.283695	20.834730	9.636807	19.480182	32.682331	28.150656	25.276279	20.472648	11.020712	35.507128	34.953626	7.883179	18.660592	27.071812	17.244514	22.182751	9.297585	15.256645	26.646461	31.019869	33.867093	17.890006	29.246942	10.064426	22.346711	26.872745	13.672880	17.929306	34.658115	10.288974	12.979331	11.305148	30.346724	34.279410	34.711326	27.370712	24.724547	22.937882	29.136200	12.652734	10.619960	12.522527	21.504840	23.427658	25.412039	12.632038	14.898154	30.186318	28.664723	17.444106	34.822915	26.352345	28.227199	21.867485	31.791685	26.722563	24.018935	26.525173	16.914865	29.020271	32.668055	32.835010
32.898865	11.158929	10.909430	17.031121	9.269036	35.991856	21.828644	21.219556	19.308383	23.856277	14.126821	22.074589	35.791039	34.960199	32.356806	15.779777	19.671988	16.417567	35.527796	30.062463	31.214175	14.891119	8.088332	21.051165	25.295134	34.459005	32.315090	20.455072	15.001168	33.659109	35.868341	28.621876	32.621646	13.139599	15.538243	7.759358	35.312021	11.408062	35.887608	12.116281	36.074459	18.755646	27.641806	31.018335	30.506704	33.821084	16.019605	33.807853	31.587005	30.091015	20.721395	12.326717	15.573117	14.916242	35.961266	9.068713	29.414313	28.538175	0.000000	29.959153	29.037802	12.596687	19.039926	8.425755	29.330133	21.072634	33.528278	17.650394	36.336951	7.381847	8.708212	9.403221	10.277432	24.714874	18.960793	30.092199	29.593143	35.569114	24.638908	15.835130	11.040848	28.550025	8.233372	36.177448	35.391075	29.672089	15.230603	32.100928	26.915778	24.383191	20.912174	25.615524	25.529257	32.306224	32.434900	9.585876	10.187375	17.892111	9.744148	29.307578	15.681310	9.676398	36.476427	9.434909	20.837951	32.820981	25.822616	20.612431	34.924254	14.684793	34.163030	25.834772	21.087504	15.070504	31.520820	17.734764	22.153884	8.397336	27.934607	28.744162	23.911751	25.359108	19.959241	9.781179	7.737730	18.327024	25.310927	36.454542	9.213284	19.630879	36.509795	18.783499	31.949243	11.724551	17.148281	18.182207	20.602799	18.211458	18.986795	26.180971	28.672267	25.195142	23.144918	20.423941	30.304867	35.462318	11.576066	33.265125	36.298639	34.093541	20.100972	14.607569
33.508532	32.521101	27.848419	21.484363	11.064876	26.613216	14.105217	29.689866	9.948005	32.555722	20.818004	29.229884	26.856559	27.787680	7.805087	8.500179	19.715074	27.773072	19.491058	36.166947	36.293142	18.934000	34.155534	25.353440	8.405303	35.333384	20.370327	27.226497	32.596882	14.160041	20.568292	11.591898	34.278461	13.368040	27.418245	18.850730	12.382354	22.131900	34.938675	21.630428	19.907178	8.723986	25.628284	36.002590	30.146010	28.074666	28.315489	16.872977	7.925387	22.367485	25.946683	27.007033	33.415886	25.606158	14.498405	12.697238	28.334821	30.731741	24.864227	0.000000	7.553512	31.803430	12.299586	12.421483	36.743367	14.936764	20.127450	31.646342	8.074231	9.115450	8.364159	14.666495	18.247198	33.453687	16.072000	16.712857	24.282816	18.955161	10.295059	13.605323	10.839485	19.670710	34.975103	33.100506	23.669345	19.698200	15.915879	7.647832	17.977282	24.244757	20.147848	18.350282	23.158320	26.404855	9.350241	33.101962	34.786558	29.550167	36.079104	30.508744	9.425985	31.382469	24.480193	7.802233	31.629867	10.061025	35.091715	17.124553	26.892400	26.962305	27.747923	32.304089	9.531483	12.620564	32.570452	19.200225	23.331629	8.162606	9.783639	23.493800	20.512534	17.421390	7.410880	33.004925	32.931073	27.390921	22.316098	34.347011	22.502842	30.245119	28.189255	24.592878	7.701551	7.888974	26.768796	18.774701	16.240427	35.226484	36.523564	31.181425	15.695237	13.291219	9.205637	36.507230	7.570688	28.613905	18.053848	9.070274	35.923241	11.598332	35.469412	34.362410
32.419622	25.229311	20.189144	35.281216	18.097020	12.571777	13.896466	16.223210	28.596027	28.155323	21.391061	29.714466	30.201026	35.738460	29.279792	22.879113	32.702750	36.310406	32.041682	19.054576	27.928772	36.088267	29.738369	19.510673	25.580575	19.886610	11.592343	22.947911	21.536703	10.075307	15.279519	30.215024	15.184692	21.888747	34.579620	18.004456	23.390402	24.433829	25.499840	18.606998	26.176999	7.731973	18.627415	31.761136	27.564917	35.046072	23.358783	23.111819	31.527480	9.141620	10.331331	31.980438	14.407499	24.736266	11.501149	24.722518	16.597917	10.765819	16.991366	26.736623	0.000000	25.367327	9.749548	15.850854	9.261007	14.941978	22.546925	9.370387	9.448250	27.092553	28.417665	19.099311	31.713875	11.162054	22.258436	8.251677	36.727549	25.389145	17.113829	24.278438	13.650816	29.295350	21.005893	20.580193	16.897972	17.715009	13.669946	10.726499	17.923193	34.726219	35.766798	22.747132	21.621745	21.988050	16.313252	11.210634	29.730936	8.190839	33.219903	18.300883	23.168286	25.755244	16.157346	16.538892	35.156792	14.689531	30.014357	27.383423	18.265797	22.141651	20.471679	17.109197	34.554168	18.395606	16.878705	7.987204	17.475587	12.005340	29.048321	31.327736	8.928301	34.848920	29.834539	13.648168	21.625650	7.891071	24.802555	27.475797	14.260914	24.847274	23.966604	14.607037	14.357696	18.569204	35.792874	21.600927	30.416173	27.224812	29.143827	9.322754	33.109138	16.160812	25.016479	14.549271	28.430882	23.553210	19.466610	11.901877	15.441273	30.061510	31.838848	13.013619
16.264403	18.208610	21.708796	15.098757	32.596195	12.090136	29.619676	12.379847	14.914262	32.037541	22.039824	33.663992	28.991419	32.743734	30.427693	14.905624	16.653232	18.839775	24.611064	29.465073	32.243296	21.828382	20.958977	17.454673	16.743262	26.463897	20.590381	26.850514	35.093228	21.226196	19.806959	7.926000	36.067079	14.652695	8.173295	32.073328	29.381304	20.377529	19.629203	34.638953	30.198947	35.854329	9.492662	11.156741	34.586976	15.076519	14.688493	31.042972	33.797745	35.668459	15.248817	22.548577	9.306079	23.011032	27.977051	9.218418	8.812114	23.299550	11.414349	23.143543	21.802740	0.000000	26.938796	19.646459	33.224105	11.722414	8.994234	30.520717	13.746260	19.184435	25.971741	18.391445	22.060444	28.385833	13.271666	16.491063	27.050874	34.762005	24.036742	30.398060	28.550275	22.800961	8.021449	12.414667	13.427995	10.597570	31.746142	14.351519	18.918175	19.135606	31.879700	12.954045	10.370695	19.920959	15.421042	19.583936	14.766966	15.550505	10.817727	8.066409	14.160677	25.122884	9.080999	29.076249	12.662067	36.612798	13.274444	27.454389	29.842860	9.527951	19.940525	27.350428	13.063712	17.333234	21.227055	10.095652	12.661743	17.436988	12.408911	16.599340	16.591109	8.984583	17.520975	26.397263	10.825565	20.266641	25.865320	31.073600	22.014387	34.086740	24.391350	12.629570	28.688052	21.556314	12.628180	25.340123	32.919290	25.975668	16.606325	17.900828	9.751219	17.016706	32.451324	15.520531	35.867256	22.155907	18.259119	11.379638	16.682609	33.445215	10.259371	35.996088
16.071735	20.793796	12.947191	10.436684	21.425727	9.204445	20.965231	22.073944	29.220184	35.569722	33.921422	16.758865	21.065174	24.000859	10.367654	19.477487	20.598826	8.835986	17.687808	12.792612	34.835939	23.980389	23.280263	18.429836	25.293316	24.131831	28.854232	34.647766	14.685458	19.273044	22.376225	22.692263	11.330027	14.342173	14.952516	22.269017	30.448785	23.599668	24.175685	20.717927	7.409583	8.608020	29.815577	19.184455	25.535183	11.131680	26.492320	11.021479	10.571037	20.380920	32.644708	22.807499	20.741372	22.160137	35.178207	14.942456	11.372676	33.639692	7.841181	18.310642	24.614784	33.695362	0.000000	30.230769	7.523720	14.750805	9.787083	25.640727	8.323347	34.974090	12.358837	19.931128	20.893626	12.188750	19.363209	22.694557	30.104558	33.029941	32.108094	35.782733	19.246445	13.401191	8.521909	22.644169	23.594077	20.148838	24.084812	22.126414	15.822494	9.264008	9.158561	34.091894	17.795620	29.744054	30.914827	31.044193	18.759169	33.241187	20.106596	31.464724	31.142610	9.153078	10.002073	14.212547	29.382650	9.202003	31.294147	32.297803	13.732847	27.026452	26.789616	31.872489	15.167689	7.802842	31.371718	27.691990	26.571640	34.875393	22.426109	21.093262	22.948195	18.695637	31.340442	36.125521	10.035224	28.237233	9.265112	11.071727	28.241778	9.434584	15.754093	26.972369	31.230213	15.460075	12.568492	13.699906	16.002422	9.353303	7.804443	26.484376	35.423910	17.616221	9.361383	29.846239	23.495274	36.186687	31.085082	31.115942	15.228429	18.143421	35.983169	24.083482
21.518276	23.654596	15.569425	22.087029	28.205044	12.112461	36.570954	30.221195	14.712264	12.525767	35.111525	22.505319	30.557882	14.719142	28.033364	24.898451	27.067287	29.277806	27.322170	21.024897	35.457371	18.428224	27.116307	18.686064	34.584231	11.081821	14.522807	30.245002	21.202324	31.955907	15.061208	25.888717	19.843099	23.749320	33.645590	22.595089	29.859729	16.060415	34.131896	35.610912	34.083897	21.233697	25.717869	17.648727	15.948058	34.049624	30.285698	35.991137	7.763748	34.353379	32.198736	24.931868	30.476968	21.946547	15.368613	21.428397	11.430054	24.941960	17.769054	19.191893	18.361455	23.352366	21.976539	0.000000	11.929068	29.816094	15.721837	11.930303	35.080148	30.579201	18.892894	23.430385	16.038570	14.849007	28.903897	23.201611	20.827034	23.032777	7.528507	22.637226	23.918455	21.240356	32.375899	22.961558	10.112894	36.388189	17.895948	19.114416	34.040983	34.740763	28.390833	33.475347	35.900565	9.656213	19.819315	32.524599	19.970194	32.298329	12.365184	36.001778	18.294437	10.000258	12.431844	15.822186	24.879970	12.919884	15.937186	8.224100	15.453940	33.831442	15.537999	16.128922	16.594666	15.352547	30.538031	17.346993	24.704977	16.562456	20.310492	7.766207	18.072112	23.103254	19.877495	8.739153	32.617990	8.834057	19.493823	12.144475	35.986551	19.517813	10.130548	12.347350	9.065120	15.475313	36.390207	12.976636	10.793943	34.431913	11.810172	21.964748	28.753223	19.197642	30.109133	11.332132	20.763814	36.490987	33.700500	25.924036	22.873855	29.228124	15.663674	30.635889
25.496905	18.255622	27.654726	17.634966	14.903709	22.387445	33.318680	16.776470	17.986908	32.907735	9.439656	14.239715	20.333009	33.972534	27.397990	13.820832	26.684002	20.604404	19.080815	24.748234	9.158668	18.002026	26.118862	31.183343	35.881457	22.138704	19.275743	31.345933	16.799503	7.535501	21.862324	25.069857	24.806583	19.047459	31.920951	11.408711	32.370238	23.804730	15.333589	18.981794	23.245042	12.203726	32.689735	22.828225	22.408406	7.940865	22.780997	23.892050	14.343517	29.799566	34.432201	24.672566	16.794040	31.933932	15.993841	35.299568	23.745764	33.712327	34.605410	23.118944	34.542193	29.612410	35.099575	21.126504	0.000000	20.645401	17.618391	16.076217	13.061362	7.360181	11.594966	33.485410	27.774245	36.672987	26.509257	26.244386	24.655607	33.987408	25.733290	9.394216	11.225138	31.136512	16.597931	9.800121	10.445211	15.344404	26.052482	24.990889	32.694433	12.861231	9.775318	11.423491	29.135092	8.010998	21.290529	13.892222	15.492771	25.278715	14.038619	14.254487	23.441595	22.694855	8.256806	22.985735	31.611681	27.682055	9.973978	10.642760	28.933111	11.827524	9.637337	33.238056	14.017878	18.806220	30.750650	32.078610	29.207025	9.100366	23.305433	9.477378	25.917869	18.800828	10.777540	18.789307	8.870200	29.939666	16.053408	32.762310	18.167912	15.584671	14.785814	11.194294	32.060684	19.657716	33.672574	10.985429	27.949587	33.796536	26.976228	27.519454	34.751592	22.901813	17.172748	36.354005	24.847428	33.403423	28.947751	14.858920	31.356462	8.024603	14.563084	18.442451
15.667423	10.219028	18.541546	16.441225	31.191423	9.681826	13.762561	30.676903	31.345984	20.216944	33.407863	27.317632	25.957810	22.728796	28.396988	9.803038	18.124242	29.971546	24.324923	10.770651	26.946532	20.614607	22.090935	30.725056	13.182208	19.893087	11.074713	30.959822	12.609467	23.593568	29.293244	19.923040	12.059746	32.359584	32.056744	13.722841	20.417981	14.192129	16.415774	26.430837	15.698834	16.270482	26.274652	13.654672	34.185798	27.269376	20.041376	25.350712	12.502539	31.722066	36.574864	9.509522	22.777583	9.760957	25.312019	7.694183	10.752555	26.641207	11.519389	13.121300	12.473547	30.523955	22.594514	18.206814	21.540631	0.000000	27.941179	36.154230	20.635821	31.599355	32.315347	35.978366	35.195148	27.678218	24.680274	10.326993	10.490634	9.328182	32.340192	17.257697	29.387536	16.700737	11.898162	21.552441	20.220140	10.281999	36.707036	10.812247	22.219227	21.247795	23.896944	20.464851	14.591262	36.718201	20.927728	31.366236	17.545697	21.275603	9.615957	16.892343	29.625707	11.342705	18.656347	10.881638	10.374659	14.165493	28.388721	34.862019	11.196812	21.039461	31.913023	11.120151	23.642196	18.007520	32.647869	36.203097	8.454395	20.516655	10.538911	33.014663	16.531367	15.070750	18.422233	12.069408	36.683567	33.629001	27.927116	24.252232	17.440237	16.340295	30.313767	22.540981	20.253299	30.979048	31.772857	25.064386	34.355287	13.276857	17.647426	13.631675	9.735661	9.825392	16.384605	12.454010	27.865613	34.008401	20.016283	16.861365	36.020384	18.055139	8.102836	35.074583
22.997418	9.862863	17.385279	16.778415	14.068928	27.121182	11.778484	26.193239	16.316648	8.364257	36.159224	27.249893	30.245756	8.892972	34.202772	13.463136	12.834963	33.075650	20.538335	12.647770	29.160985	19.123870	9.007709	32.567944	22.420684	14.047300	8.883064	7.406453	22.534430	20.987661	28.699106	12.965506	18.734908	36.149816	24.381714	17.101426	20.190197	22.416145	23.717864	33.539279	29.394775	19.433139	19.297641	9.486929	11.138940	21.836494	16.040952	33.355782	8.073994	20.192449	8.168547	11.889420	8.854120	36.553896	22.375644	8.551342	19.455279	31.964408	10.568164	31.707548	15.753683	22.873430	21.499994	30.789388	12.540200	16.923793	0.000000	11.152898	23.402330	12.844570	14.336110	8.210360	9.754691	18.696505	29.709132	20.596957	7.784441	23.524814	31.848545	7.798617	29.219071	35.587943	26.816677	9.437207	11.812155	25.680154	17.571057	30.029967	12.499102	32.609855	28.420367	35.811800	20.203782	27.903081	13.461108	20.473363	35.699069	25.362269	23.042555	29.657824	22.663262	9.162429	8.237434	28.026427	23.425802	14.445903	34.695174	15.206341	21.051352	9.130583	17.910985	13.921933	30.944664	29.464957	20.697984	7.417156	13.192902	26.991843	19.220490	24.625809	17.052896	29.796093	17.886965	13.678098	12.784507	17.437984	11.776576	21.823844	12.435309	27.949357	9.385268	18.388715	35.320658	27.959637	24.633429	17.203112	33.162640	20.884313	26.476957	30.208915	14.882230	12.265711	7.915935	34.021205	10.861005	10.775684	12.336642	31.727057	14.670493	17.954362	20.435591	14.483430
21.225439	16.241425	23.773886	11.570405	10.790878	23.812212	7.873935	16.987423	16.118819	12.919744	16.896204	27.274226	14.377539	36.716871	17.404208	17.596659	8.215657	27.161523	16.288100	35.983654	16.375202	14.583019	19.469522	31.931996	34.221534	23.455430	14.035901	23.259038	21.975833	24.450634	15.936316	11.898029	23.417451	23.168886	25.180013	15.173406	8.024550	24.486138	36.732519	17.183243	31.325784	25.724670	7.831738	26.640265	24.942519	22.378721	27.223326	32.804493	24.821175	19.004175	9.754610	10.540424	25.694393	9.890783	27.282673	10.420653	8.441007	25.396791	28.508453	27.817233	8.008211	14.182821	8.987996	31.724533	20.810342	14.708119	22.191609	0.000000	20.235241	16.161717	8.601106	9.698011	15.019017	23.546238	16.915913	21.831163	9.756971	33.825463	14.414535	16.123670	35.218037	11.427300	35.186467	22.243763	11.309621	25.239500	27.640402	10.910314	20.899217	26.075543	27.685112	22.134611	24.678654	11.980568	31.621708	18.460252	20.332303	19.115453	28.254825	13.456822	33.202107	21.824585	15.366494	29.835752	20.838872	31.922301	30.470503	16.505782	14.291197	31.696869	36.485349	20.658776	20.186354	25.798920	18.042516	20.287834	16.128275	34.961070	25.957226	27.019478	24.177477	20.556174	34.337163	33.254159	15.020758	24.400782	15.813272	24.883469	8.427508	29.632580	26.988152	26.958808	24.253039	29.841103	34.176486	32.857449	28.542498	25.287838	16.336717	28.098336	26.230273	34.559048	12.941097	17.105418	8.777934	21.312202	10.620263	12.249707	20.930870	29.744888	28.097064	32.515744
34.104755	24.443150	17.179921	8.316457	31.444325	29.420458	31.397610	23.918729	31.493318	26.783108	20.545780	29.906848	30.458814	8.519589	26.361923	8.847362	21.746999	35.456608	16.028689	15.317672	32.179875	29.869808	30.386307	28.058588	33.072360	29.114369	8.599836	30.234699	32.888886	14.013311	30.725460	24.249920	13.968041	30.050421	11.917662	11.992735	20.168835	13.418619	14.559311	29.888507	16.111578	27.525945	26.622496	9.577905	22.517884	20.344996	13.310489	24.353325	13.969533	27.246619	34.899482	23.142512	36.218249	9.594421	29.712327	30.145441	23.093677	31.690030	25.115971	31.139232	27.613754	26.984792	24.657464	31.698580	33.066830	18.625330	22.960126	31.765578	0.000000	17.331124	14.619781	29.961681	7.863622	29.486201	35.787348	34.556820	17.912871	22.821796	17.938078	25.976166	8.547680	23.262563	25.952045	8.831298	24.001369	23.068877	14.221841	23.507333	11.730609	11.511356	30.938955	17.653234	22.019478	29.097487	27.639288	8.243644	28.892010	29.088220	13.831917	31.359403	20.254744	16.279942	25.163533	23.947680	12.102143	31.787201	22.338499	18.108838	21.215300	32.132994	31.795652	28.162093	11.769029	11.968531	32.553950	23.092846	22.519754	20.811663	14.458345	32.710473	35.368760	15.726603	22.828212	15.733101	34.169586	30.402545	22.418506	33.837413	28.350625	28.436425	9.122171	9.930428	30.122155	8.634876	20.795886	22.013490	36.643740	32.462173	23.219775	34.461155	13.997803	17.402880	11.803077	33.105545	24.100951	17.048305	27.620678	29.340683	12.544028	35.649493	16.800749	27.976510
22.099654	33.560685	18.136897	23.865735	11.128616	33.470838	15.185858	11.914919	33.133050	33.575033	19.941467	9.965260	26.134552	30.432289	22.030559	18.348674	29.372811	30.137769	7.424205	22.992384	8.771923	11.819304	34.064602	22.584777	17.946343	18.422356	35.709199	24.028601	27.011875	8.202032	36.143339	20.862178	12.527416	31.358269	32.724452	28.431369	23.551557	34.899187	25.137293	22.905450	33.542903	21.236649	36.762176	34.191750	35.478284	21.063038	30.915219	9.675711	20.939929	10.964526	33.398130	25.095395	13.250653	21.665796	15.618316	32.416081	9.812639	28.984166	19.749257	14.815694	18.845630	23.736487	14.755385	14.208989	14.439150	35.655892	10.721983	10.548020	19.212301	0.000000	34.162536	18.827454	21.712874	13.410250	16.516386	13.445397	26.934093	28.387591	32.763162	32.761937	23.864282	14.028954	12.788406	30.100612	18.104336	36.422146	14.074625	36.336377	19.599220	14.659229	21.985064	36.542841	26.925207	22.755087	30.612160	33.686108	19.380069	9.361175	19.445550	31.334786	36.351150	25.692887	16.448849	31.667349	31.694270	29.961256	24.517279	30.898823	35.075063	22.205441	26.935280	23.815809	10.080090	16.198130	14.606898	34.109402	29.156267	21.194509	31.804226	27.753476	12.132861	23.767064	21.789867	8.967583	35.849601	19.410718	18.747969	17.132656	21.603956	21.823712	24.545062	16.360253	32.156344	24.973470	20.725325	10.008486	11.918877	28.523714	33.672923	12.467451	36.252806	35.978559	19.317072	33.245710	19.427826	22.366645	14.455473	31.935743	34.879503	24.107095	18.744271	13.031636
18.901791	7.368584	20.472095	27.866490	21.058328	23.774740	10.437574	19.916020	30.864542	25.148662	17.887534	28.442641	19.602293	8.411706	32.077688	33.350663	31.172105	35.049532	21.624991	15.889223	19.015527	30.653861	24.664879	18.434325	30.397443	25.308884	25.852704	28.357657	16.145447	26.935570	28.106783	20.562008	12.118263	10.878429	29.252706	28.802287	18.370652	26.191250	21.737109	30.749431	17.664351	33.818775	21.338887	26.707316	22.632985	29.874600	28.034326	15.056336	12.718315	25.355905	23.167023	12.755944	7.724561	22.320293	7.984200	35.166709	17.953663	35.925791	25.660145	8.997378	15.645768	26.775231	20.498780	15.214139	34.647917	18.576914	27.543553	15.997708	27.433308	15.963108	0.000000	10.141600	13.775864	32.698558	30.930821	8.521207	11.158833	28.593927	12.092509	19.804768	33.861269	8.669362	17.913138	34.229134	33.281171	34.619893	30.397225	33.866071	13.611107	8.829148	24.137858	23.329923	20.514307	25.791054	12.978851	14.233471	28.464831	23.338337	7.559285	14.557510	28.434739	30.362520	20.804380	16.730551	7.641803	16.055941	33.246761	29.415053	34.048159	27.765982	24.228004	7.789214	22.275696	35.476196	31.904445	29.615932	21.727952	28.610248	22.597101	32.745393	27.689957	16.368761	12.525767	30.379529	35.680545	33.071751	18.937614	10.161681	21.484855	25.524738	17.267880	31.670347	15.965409	15.179419	18.803396	25.516332	31.347219	29.934849	33.459630	35.906517	13.339135	23.725533	23.171018	27.984386	28.625210	31.045989	31.157018	33.867230	8.986775	27.294240	10.752850	25.193510
11.209381	11.658041	15.434526	18.558423	30.342424	21.691507	34.767701	26.205973	35.585722	30.847132	18.124572	20.898545	11.420475	15.592719	26.295015	22.352226	18.073581	15.321043	30.878410	8.477890	24.275433	36.618020	17.620455	22.638280	8.481717	13.048380	36.634483	29.795150	35.057144	22.386472	30.169206	8.317911	7.931621	20.466697	31.771009	33.102415	11.507304	9.532795	15.684418	26.148949	34.731673	16.579578	21.053773	26.631443	17.966200	16.830219	10.443413	17.477386	17.403600	26.993587	21.117260	11.533494	19.600982	8.535042	10.929879	15.923033	10.270075	11.298757	36.493232	22.851443	21.192105	11.100672	7.879773	23.216638	24.832978	35.858510	13.787593	9.786594	26.704168	34.143733	33.993437	0.000000	23.985698	33.388318	10.528234	23.901492	15.901055	16.991736	31.286281	10.706509	28.696969	18.370236	16.953149	10.941746	22.540819	7.630492	15.866413	22.655330	24.038429	15.556075	32.239612	22.069150	36.602192	17.172243	35.283709	22.181422	13.582278	36.776849	17.895976	9.082153	15.797748	20.203029	17.227948	14.150312	24.267672	31.247297	29.335042	9.885028	35.092565	14.954649	23.165981	23.563050	31.196024	7.897291	31.258378	29.155313	23.625932	14.260322	22.231805	36.151908	32.913561	29.526453	25.118119	29.240136	29.070765	28.892336	8.744421	26.022587	9.293172	12.130333	17.473264	23.040777	14.815290	26.579945	35.396647	8.338769	30.379432	19.250181	14.930493	22.908777	32.807292	19.114054	35.578603	27.789302	30.443927	13.725838	28.984531	19.348293	14.801172	36.001751	18.065265	21.513946
36.497592	9.186822	24.383541	31.026220	15.518180	13.939243	20.450013	23.602217	25.948141	20.983750	25.616770	14.393914	17.061734	29.541645	29.938824	31.308160	21.096782	9.949018	32.891565	25.299390	12.401867	16.325091	25.965924	17.889435	14.207823	17.040976	16.120100	24.533164	23.474980	12.261259	18.804475	14.579821	34.711564	18.483257	9.632134	24.894010	29.420926	31.349200	16.792465	16.913797	31.654054	34.576540	24.558446	32.764752	32.241842	29.592051	11.665411	13.770104	24.540681	25.631664	31.241826	23.515214	19.455545	26.595570	19.295243	15.951441	31.929927	18.339076	28.487929	30.184480	10.989621	25.856286	14.967627	33.112050	10.298740	14.318437	17.260748	19.676343	13.116447	10.959612	20.469838	12.131132	0.000000	7.424186	14.576450	9.168401	26.004828	25.734491	35.247494	21.240137	26.440950	21.621838	8.522713	23.012851	24.778007	14.279145	13.808016	28.615374	15.870656	14.248406	24.122653	14.871140	27.467397	13.110668	30.776809	12.292620	34.482532	13.477898	9.961948	25.980391	8.517007	19.634462	32.661916	8.035422	30.151671	36.203824	29.109717	20.411084	25.081734	18.542738	21.909474	22.231713	12.669067	17.963189	12.451357	27.203423	11.107396	35.381504	32.088295	36.116768	18.721686	22.424334	21.796871	32.860124	35.860411	30.965032	35.643451	36.471398	30.435474	14.690752	21.706122	24.429489	28.688925	11.538708	8.065562	15.181875	16.723797	14.014606	36.547050	27.832162	30.351550	19.632968	7.952636	15.977383	16.463394	12.629548	19.839363	36.693694	28.810181	27.330791	21.419660	17.924939
10.877415	36.348677	7.540462	14.243115	29.604057	18.882191	26.008837	27.634008	18.344528	17.001525	26.398283	8.496459	15.915205	10.402139	15.142138	20.125404	34.175315	23.793815	18.097988	30.720301	8.623184	35.938318	31.613438	9.263745	23.932540	19.877001	34.144720	19.620772	35.666317	31.852938	13.897698	10.062182	25.403860	15.310629	8.619167	26.896968	7.704527	32.077162	19.768101	21.933131	22.981509	35.228599	25.080129	29.326353	31.328407	17.858952	24.897113	20.588854	18.540428	17.967616	7.394467	24.910807	34.927363	25.109690	31.940972	31.679150	29.113251	8.336014	8.755733	15.528754	18.172905	11.520193	19.017266	8.021014	34.175069	18.017589	25.744854	10.785884	12.474762	21.049635	22.990019	17.130790	15.799892	0.000000	28.893760	29.345458	31.217693	25.771672	32.715069	23.825466	21.241404	32.311953	21.798239	33.376412	18.316429	13.470664	15.936839	18.229170	35.789282	17.828593	24.121340	16.799332	8.722571	30.419397	32.323514	20.282649	31.263184	28.952431	11.471037	34.291466	30.790748	11.926497	17.908954	10.374613	35.246783	15.541916	16.054930	15.481814	29.847041	32.402121	35.647123	35.354249	10.498710	27.780681	10.361748	34.069622	10.584862	27.601821	15.383114	7.550942	21.832143	16.408061	23.291894	19.381675	19.151767	22.173606	36.611115	35.508748	33.697917	9.630788	14.460025	11.960250	34.870659	10.490832	30.688198	29.460644	32.188615	30.368504	22.468173	18.602461	19.199539	9.214566	13.080324	30.380861	34.736916	16.641376	28.954390	14.425574	30.246936	21.239387	35.783284	35.603504
9.816072	27.693449	15.255909	25.420445	15.620492	26.176884	35.288779	24.755162	31.671547	25.506933	20.007618	26.986310	16.607224	14.997463	9.186574	22.992253	28.548797	13.239401	20.007868	23.480633	7.906468	27.599136	30.086747	19.782729	11.614807	24.290803	36.365780	14.674623	22.138422	16.199006	11.485623	31.505942	16.802852	7.391046	14.643187	12.129139	11.444443	12.454375	33.191636	35.685001	33.026711	24.499296	16.388116	12.173320	36.204664	12.503138	18.090710	16.256146	14.315836	20.817326	23.260625	13.878527	31.951021	14.464010	11.810719	19.791309	14.310108	18.136994	28.932842	15.061396	15.085585	8.274912	10.079561	25.430624	22.979942	35.513361	8.113017	28.857401	10.040978	29.837022	7.383326	7.781426	19.264713	18.897738	0.000000	8.741901	29.704498	16.077769	23.862662	9.400009	29.734252	16.781884	12.843442	7.604137	26.965526	27.421106	35.598587	33.940791	17.974385	36.085126	36.019271	17.523101	34.284343	16.141324	19.526164	30.267267	9.225364	32.480106	24.047878	21.313547	19.288918	16.612873	23.290061	24.168570	19.710503	8.536165	9.396277	7.793967	18.631263	19.115031	17.308044	19.650748	18.295747	15.130487	29.627090	28.962555	8.077807	7.468115	8.422733	23.670568	30.325345	20.582602	34.337191	8.085755	21.824515	24.365784	19.309123	10.768676	11.652108	20.127504	32.889287	19.097946	30.938837	22.870462	12.853559	25.318190	30.112014	26.452420	14.271388	24.711080	9.242913	8.112209	34.868149	22.975222	31.611381	9.482518	13.970670	20.202570	24.772433	31.294975	28.881998	23.002485
29.507908	11.747540	15.938898	8.613891	33.787651	31.477968	27.574260	31.957253	17.596151	20.654340	29.720209	18.378767	24.951736	32.513830	8.728207	15.894466	35.014725	17.887574	12.121426	28.347132	12.675666	25.071775	26.769072	14.818751	11.263053	35.562894	29.437583	15.399174	32.056065	17.718389	24.431468	35.393873	34.621805	33.028373	20.337705	21.696638	22.635903	35.116959	23.935648	35.421626	9.336014	10.975283	19.989526	23.633380	13.670303	32.067978	21.255629	17.888616	13.865530	35.755986	16.488389	24.207099	12.204761	31.744570	36.163468	22.490398	34.972832	15.919013	14.958340	10.674570	31.234516	25.226701	27.348024	36.461049	14.641201	34.387839	18.231544	20.235971	27.979068	28.945428	18.899540	32.821787	13.059976	27.928810	13.756168	0.000000	35.884213	17.302964	31.422686	22.936324	20.560652	28.326720	10.162707	36.216369	35.580825	20.462630	8.968073	18.855661	15.098908	16.971391	16.969886	16.404550	28.686262	13.989887	14.085614	36.122887	23.772817	13.391791	32.305680	23.746018	26.024755	22.475304	31.752246	30.660706	15.509014	23.713799	19.493851	35.933192	33.284800	21.695683	22.352300	28.920940	26.621755	34.335721	27.368721	24.151628	23.250574	33.469286	21.837988	27.501083	23.903642	19.975156	14.933836	32.677233	32.114671	35.220545	15.673993	34.763505	25.901407	27.026388	15.964422	10.973930	15.372688	17.158104	15.961089	34.184055	9.833634	10.911576	17.990761	9.773036	35.292807	20.352295	21.007592	29.538472	23.779374	29.676044	22.916473	32.945857	11.830257	24.246009	28.870990	20.197455
7.539771	11.595815	12.711230	21.309437	27.501942	11.398334	27.824250	23.973122	24.899010	15.982907	30.578960	12.968981	18.664544	9.485612	29.665984	28.986294	25.676752	29.888295	8.524701	14.208811	27.168033	20.251622	35.973518	9.190491	28.397836	26.667772	9.685900	29.770416	22.772473	32.003907	31.797421	7.890154	15.344813	22.659936	34.989744	18.838335	31.887088	12.831245	20.513118	13.486979	27.786385	25.793128	34.365388	25.066693	36.371687	27.514901	22.435999	27.896592	11.991129	33.543428	12.947113	24.428658	14.514796	15.404654	16.093498	15.973556	12.325260	31.497767	23.248980	17.480439	23.786209	19.057476	25.764037	8.323123	35.983166	9.115628	29.258432	29.805467	13.733946	24.048524	14.669866	8.512219	16.506019	27.286137	27.238056	25.854113	0.000000	29.644588	14.094565	7.574220	23.354859	35.008436	12.343092	34.013818	8.396508	34.107956	12.215350	30.253753	20.085616	12.961564	36.234268	16.170335	15.452480	12.906375	33.825646	22.984128	24.868149	14.187943	27.845481	29.248464	16.289262	29.050274	30.419541	13.089302	18.235247	26.926688	33.227383	9.835794	29.673086	35.128594	21.630193	30.190098	34.971428	30.622855	30.441311	14.319029	18.803067	29.018847	35.627417	8.511151	17.361299	26.525992	24.582931	17.681607	26.676740	23.327823	8.667664	27.195264	9.903231	19.633822	21.206774	19.336136	11.150305	30.272041	34.778483	23.970735	13.161427	21.993223	25.453159	26.271348	28.220860	33.722745	20.137190	25.654171	34.467243	28.769370	36.283200	10.636357	27.714462	12.296972	14.503969	10.957796
12.493958	30.448722	36.236980	9.183997	12.895802	7.982224	30.587118	34.425900	23.604105	33.262014	11.888535	31.115277	21.611081	16.320107	29.504995	33.301074	32.988367	28.223806	12.387906	10.898702	29.431384	28.984731	34.954054	11.474319	23.507623	13.769758	16.266996	31.613874	18.050640	17.894464	26.036037	27.114978	7.720981	22.152647	11.709697	33.285442	36.504518	23.241466	17.927105	12.187654	17.369260	8.986238	22.379305	26.012539	13.822504	26.760010	17.488973	27.189470	22.897314	27.539179	26.862889	23.464039	31.676818	28.321292	19.814730	13.755147	31.639453	12.918326	35.437706	13.126338	9.356166	12.690339	34.557704	13.099218	33.927702	33.598147	18.743700	14.211121	21.993579	8.540440	36.226124	25.415528	29.680380	10.472521	19.261609	26.242871	30.935641	0.000000	19.331644	34.887251	24.029975	13.024120	28.597797	15.467175	22.084494	32.060510	18.784744	12.422165	16.103749	18.065917	31.488873	14.603054	21.962854	7.526037	34.942443	23.850502	22.172103	30.813955	20.477958	17.853750	12.326232	10.793081	21.944714	13.283509	18.816800	29.841803	30.869837	23.466956	10.947370	26.231425	17.364212	20.155901	26.305440	8.446712	12.204255	13.136463	32.386277	19.866985	9.962102	11.504866	25.653916	8.495071	21.133532	26.529908	11.101157	17.851728	11.928842	21.766005	11.562789	20.122334	12.948385	19.069135	19.006766	17.175072	25.582263	32.810612	16.204212	18.243110	12.792182	21.429825	32.977357	22.571999	8.205444	24.146459	26.647030	27.078687	31.311621	30.766615	23.458256	9.509800	19.518699	27.272927
23.699464	32.176137	7.912846	33.513771	26.575319	24.760491	9.532627	36.693040	18.050494	23.342806	25.642103	10.617881	31.477355	9.763808	19.608910	25.079185	8.651872	12.957094	30.872831	17.581068	28.448502	23.225492	26.495113	29.011382	12.165474	10.296311	20.123025	17.443207	27.285711	23.533340	33.346833	20.168461	14.554733	36.439363	28.553395	28.010914	18.645635	19.506241	9.658499	32.993096	9.777641	20.204004	29.473432	30.839796	14.790724	7.798478	23.384558	17.495257	31.108018	28.866433	13.868662	7.677195	15.426224	15.103025	25.871575	24.726241	7.653449	16.106555	11.182116	18.548074	25.349430	7.433081	11.540328	32.237160	10.181768	24.922325	10.466184	22.256159	25.949163	32.356047	8.896345	36.225944	35.380214	25.563647	30.635874	28.824643	27.152369	30.964673	0.000000	36.638417	18.735493	27.348511	16.745169	9.935255	21.131524	23.669935	17.309963	20.303545	36.548427	18.632763	31.180881	22.151991	13.652373	35.371703	25.126644	12.682066	18.618547	33.371111	9.673715	12.719878	32.955350	34.601840	31.816232	16.099429	26.496431	34.813628	33.341680	30.342596	7.584459	30.894027	23.440963	16.627117	24.880985	21.485512	21.211699	8.841613	17.109403	27.599607	15.777359	9.819359	22.727524	33.340473	30.746404	18.402749	30.534603	8.404712	30.140673	18.921037	27.480709	28.293669	15.987050	33.292587	20.971209	10.664617	32.901631	10.886753	14.383001	31.449782	22.682648	13.778449	7.933766	9.909692	35.914059	30.081273	15.926735	31.206744	22.273778	32.325882	12.278479	28.670101	29.164050	26.043161
28.011980	25.940018	20.676059	13.837634	12.425914	13.281111	29.380296	12.951436	30.906539	34.858082	16.925153	30.072365	24.206325	11.169318	29.920260	16.570503	12.401519	15.055669	14.021174	23.518727	27.793783	36.332475	29.388887	13.212449	15.151569	21.643435	11.258768	16.066455	21.133443	13.362277	19.261883	12.256604	8.710435	16.467358	23.084591	27.120169	27.203519	12.447320	30.057034	20.705147	32.560284	33.698501	33.839721	22.969301	11.670506	26.773540	33.256682	7.449307	11.083380	26.923159	22.910622	31.544242	34.883025	21.616798	15.033120	31.152805	13.129237	21.208102	20.826003	25.715048	22.023490	16.522374	28.669143	10.956381	17.633031	18.650281	25.024730	13.277590	16.734445	18.866478	11.080847	24.009177	13.578258	17.087396	9.240051	28.844721	27.154982	17.927979	36.391073	0.000000	31.114849	18.609349	18.420073	16.726912	17.980379	35.864432	11.413665	19.916603	18.866997	36.356658	17.642674	23.602970	26.563359	31.777062	33.044345	21.589471	18.116294	21.283280	30.430460	33.131169	16.737138	26.368456	7.853425	33.374128	28.927641	34.684279	17.375230	26.309713	10.717961	17.538549	8.350875	26.682670	10.232555	20.443929	31.590000	28.218730	26.163222	33.989588	23.033966	9.908726	25.214875	18.627976	29.682254	26.765076	14.213188	19.586153	19.151587	16.026450	33.420666	12.934745	35.335274	35.342302	25.825317	36.286241	33.292837	14.619402	13.493417	20.683919	24.049292	32.486269	27.570312	22.126993	25.973998	10.544037	25.491290	11.050623	8.378182	19.791289	23.088889	33.010928	29.242832	15.033187
29.768163	21.426589	14.052070	35.243755	29.835532	8.585982	14.949059	13.519342	36.306222	20.612299	25.117230	8.503413	29.734913	13.377404	31.028182	29.489716	16.407389	18.934611	12.325899	24.460977	30.775476	36.328604	21.642225	25.929872	24.587851	23.735439	28.883479	28.681880	15.576493	33.008808	12.724156	36.273208	10.462304	13.120023	15.223838	16.793946	16.234968	35.627014	12.151580	25.174271	22.068088	20.509494	20.699627	12.678824	12.769221	9.024799	24.576644	18.069456	35.249728	12.146284	12.835933	16.654775	28.586898	26.923387	24.888198	29.503982	34.505729	12.260667	17.557428	8.297050	25.751116	14.622572	34.896654	21.874453	36.236909	21.650107	36.068410	16.497556	7.971017	8.725385	17.002820	36.298902	19.769826	11.769363	34.523422	31.758829	15.912416	34.147577	21.791065	32.333013	0.000000	25.892529	24.932922	10.364409	36.019700	16.625010	23.659002	25.891865	9.319132	15.525500	29.811660	19.170943	24.591599	9.039856	34.086888	33.371619	24.366932	36.262130	34.837578	27.325757	18.313933	28.627808	21.644893	27.246198	15.747571	32.766303	31.392502	9.036447	16.653259	33.424660	31.611944	9.661909	12.220152	33.992113	24.635067	23.701602	25.898198	33.070237	14.178890	11.783894	29.393966	9.913379	10.695999	22.336766	15.350410	25.195281	28.856992	13.334829	28.921385	22.284028	10.398885	27.014039	31.723670	32.425505	10.517955	32.154888	29.079487	17.593308	25.235265	7.508983	12.888902	13.197405	17.205753	15.734949	22.151337	28.960534	27.547648	15.665049	13.639911	21.629101	31.167772	16.240957
21.120441	9.201836	23.525074	30.170039	24.241286	9.940820	32.094123	23.430657	26.676512	18.701882	30.241123	11.425305	21.633352	36.507840	27.322258	31.091193	31.591762	11.185876	25.127019	12.493190	8.855362	17.465010	10.472726	28.441983	33.981953	8.677602	21.101659	11.578667	16.214968	15.506387	10.340491	30.557833	15.049917	27.615566	36.589017	31.088817	21.153019	34.425381	16.358400	26.173944	24.401691	24.597751	13.607259	8.199059	21.066508	29.209321	18.991436	11.638182	26.084896	32.853247	32.429694	13.841766	31.351417	19.300908	20.498392	21.961951	32.998607	32.686139	13.303063	20.170428	18.520705	11.044748	7.944281	35.309034	30.397977	32.670871	28.486152	19.837838	27.333803	35.250812	24.974524	27.690335	20.001106	15.736577	30.969191	24.978794	35.638330	18.633524	24.763851	33.786633	18.263746	0.000000	10.298283	19.778658	34.705031	20.213162	24.693416	10.198669	26.875929	30.842711	9.258690	27.443807	25.936022	20.974533	35.648390	12.879799	9.544086	34.655198	22.865158	35.248057	16.229225	8.279674	8.814687	12.284191	12.404023	29.718565	18.904263	29.876979	11.733130	12.239204	29.963334	29.074475	23.380274	7.409487	14.617607	10.774865	22.250164	13.963149	12.233669	32.026503	32.559579	12.671060	12.952341	14.555666	35.817766	10.511768	25.395974	25.274900	25.730499	11.993705	22.311765	16.386637	33.179968	26.996328	30.715582	29.474327	7.389917	33.409334	13.774069	27.928915	9.138550	34.601707	23.442649	34.067492	13.931150	15.980561	11.917305	27.072723	9.903716	34.443102	21.993166	13.255620
20.052350	7.958644	16.890892	17.877924	19.340008	35.616656	15.238208	18.866284	9.957234	33.884794	13.473083	17.472413	8.851443	27.789491	21.152247	20.467893	26.313555	19.280574	15.824439	12.234670	27.168151	15.012367	12.889275	35.849008	20.369468	21.557670	33.161613	9.825992	7.575542	27.680677	12.191190	22.950129	30.235124	17.715857	28.476048	9.088953	23.294444	8.840545	35.750916	29.245782	27.618383	23.513270	19.025653	7.917960	27.224631	19.193501	32.170374	20.570529	17.824509	36.314289	18.810956	13.259143	13.220934	11.098669	22.876547	14.593363	30.006712	36.720071	19.051536	7.767379	17.189238	34.992811	15.073164	28.724177	16.304895	31.013393	15.970919	34.303535	32.673823	18.738833	15.523486	32.658003	8.247984	17.193652	28.499133	33.883452	17.174059	7.900698	30.352818	25.676104	27.657741	34.731963	0.000000	9.746103	11.099564	22.683224	35.339866	14.315124	31.169974	30.035976	11.396589	32.503125	20.466240	16.774444	11.187879	7.527634	34.901369	29.634163	25.050537	7.993034	19.484967	20.569107	35.608715	14.153481	28.541910	35.094904	21.346209	32.411899	15.499247	18.949515	14.130293	11.112596	32.483926	36.636371	14.602643	30.218727	18.907901	25.989611	22.059670	20.603276	18.778523	19.812716	15.344969	31.813789	9.749047	30.147174	19.346356	27.476322	14.552257	22.069373	21.433796	35.311829	14.251918	19.043197	33.176935	29.570435	18.336893	13.997173	22.336390	29.099689	8.917535	33.300161	15.571793	28.863697	21.657628	16.895164	18.566467	12.784785	28.067870	31.722079	12.202268	18.398941
23.795566	15.240733	12.990528	29.300781	31.365437	22.418459	9.293465	10.970795	12.928953	23.976274	21.599405	31.361088	11.381405	33.916810	23.001390	8.798184	28.777134	11.528594	34.462483	21.150546	20.061466	33.291829	17.448783	27.709104	11.112577	25.625413	12.552376	27.624649	15.796988	23.037415	16.153514	27.601946	27.416462	30.083090	36.614836	8.456340	26.813466	12.971886	19.361560	33.739370	34.381616	29.552356	34.097604	15.774892	28.917480	11.888037	9.810947	24.264539	9.639129	8.203521	12.092643	32.501859	36.637008	35.610185	16.151153	30.038898	36.343496	19.129318	35.725319	21.207130	13.899168	29.526404	30.726848	13.900723	20.241607	30.178580	16.773096	24.014690	18.400091	10.695630	24.729766	22.046674	28.554898	35.151442	32.735497	15.910245	21.753920	26.391789	13.559398	14.068346	28.945145	32.554684	35.746642	0.000000	29.672960	16.578493	32.302484	7.680543	35.646033	31.420046	8.457710	25.620418	22.250025	21.009502	15.088252	20.225979	19.787073	10.983585	26.089714	32.049581	20.768486	10.549038	25.272882	33.535909	20.741859	17.513180	13.224774	23.744176	25.593643	9.898931	24.265711	36.690217	29.069834	30.723093	33.391621	29.784339	13.936867	19.530751	8.414259	35.707926	8.652005	8.591309	20.442116	29.614985	18.434445	18.217975	8.617434	28.337793	15.710742	8.406308	22.437305	30.349001	27.362144	28.589167	9.408124	10.267630	12.432521	12.205238	22.060258	30.818800	12.585751	19.680575	17.777974	13.852905	31.553786	31.140206	35.541994	27.561870	29.822044	18.069376	36.570452	29.559502
11.134529	34.121027	24.453197	22.841856	25.982792	19.623474	27.156781	9.284586	9.915133	35.864863	16.916477	7.911597	8.982389	12.041020	20.170644	10.977281	11.347589	10.692942	11.815316	25.252440	9.470738	17.408034	16.933986	30.834541	36.518451	10.719124	22.931184	31.313905	26.599481	36.224882	31.073526	23.241279	23.572388	27.330897	10.280581	18.713809	21.879462	35.443615	30.785375	14.454116	20.141914	29.785220	32.291406	31.450957	12.749359	36.208524	18.206697	20.102127	15.549948	21.530653	8.099146	23.329955	32.697683	28.240167	20.047679	17.541867	14.218535	25.702281	13.916343	12.317544	14.991956	15.387521	9.648339	24.920125	17.141712	15.807896	13.883946	24.322854	10.127588	12.508968	30.601820	30.159019	30.098175	19.640556	36.622134	18.708013	23.339634	33.120980	9.195576	30.684648	22.308471	12.878572	30.941364	12.354288	0.000000	27.254687	16.634008	13.563776	19.755517	9.251757	26.257353	13.254974	33.344792	10.127508	35.108970	20.263853	36.542817	22.788467	36.581982	12.918080	21.749192	33.283703	7.363949	9.566323	24.693382	17.859468	35.124933	26.573373	35.678385	8.480155	8.557239	31.842720	31.387440	17.994297	29.744215	23.348968	13.279855	23.133318	25.425878	20.763942	36.445497	30.897044	25.638748	29.993558	35.583590	34.449451	17.965989	18.144759	8.291556	36.640544	26.551819	28.171443	12.866927	11.090255	32.168937	15.470551	8.170026	20.804253	11.997548	30.733879	30.715774	27.074437	8.292070	9.699944	22.666761	27.792421	18.671783	24.501673	22.298706	25.344627	17.153367	28.308792
32.702014	29.789848	36.462137	24.939719	20.340858	28.095996	7.698392	14.016368	11.060736	35.044454	21.761454	29.300610	15.732396	20.619318	17.316473	31.069636	23.828418	32.598236	28.186861	7.695834	28.283081	12.347596	13.976488	29.064913	11.474005	32.034368	16.231922	8.898553	15.826116	30.291298	32.448266	19.415784	24.383057	32.741515	21.586293	23.046362	17.111158	19.209838	35.932422	8.519279	14.821464	24.599671	12.662675	25.950510	14.657514	27.806495	32.011024	36.209761	25.266845	21.565859	9.183795	35.121870	29.120035	33.518589	11.123211	35.440578	34.684520	32.054407	25.709657	28.690895	7.539045	35.029981	20.689694	31.627574	23.070016	30.001339	33.481446	36.019544	25.271447	29.526389	14.922515	18.792168	11.032564	36.124468	10.071002	14.342966	8.385359	26.550801	29.113321	36.770725	14.419160	26.105597	10.752367	35.078906	25.175706	0.000000	10.607858	21.045915	21.971588	15.746246	17.404517	12.786186	26.521998	19.412817	22.361028	15.361145	14.405168	34.358595	7.689476	25.381616	13.678053	28.076766	22.675960	14.068717	7.517303	14.257494	34.548523	14.261814	35.456925	24.473786	21.782865	10.642122	9.343766	10.626749	28.887939	34.345160	11.530434	16.055838	7.736497	12.284776	28.940781	33.426106	19.180433	14.826543	10.099908	15.121581	11.897017	27.280917	31.349778	11.032887	25.628691	21.749342	20.533768	19.187881	32.497905	11.190333	9.243182	24.501020	14.755366	28.455254	13.015836	35.558749	20.759783	19.414204	29.112272	20.999785	21.784181	9.649584	21.882986	16.073392	8.363476	30.648529
17.893558	32.852158	9.732629	18.722531	34.246908	24.027090	24.264611	10.179408	25.384943	17.962846	32.331238	13.085429	18.620313	7.739955	17.078212	16.618911	35.024672	30.484754	18.153869	23.807631	33.791764	14.909790	25.148779	16.904483	13.222346	12.401038	21.811045	35.237061	12.702198	13.771263	7.446443	11.410081	18.745720	11.005227	27.322880	32.257564	18.212452	34.961620	14.086126	21.440477	12.257782	12.413140	32.557983	24.256607	9.307262	18.260910	12.098842	27.503123	34.124211	18.550082	21.340449	21.963193	15.730002	26.221831	10.190699	20.276382	17.931472	12.101746	17.492377	18.678687	30.060884	13.384482	21.476453	33.831320	8.362223	22.812309	31.566717	11.415337	29.516320	21.203476	21.129419	24.603072	31.218406	31.064498	26.363321	26.556305	30.423682	31.557799	13.228119	22.241738	16.416212	22.522367	21.364373	22.932274	23.043652	20.424487	0.000000	19.317927	36.617951	35.358659	21.552868	14.969605	30.317573	16.378751	31.546199	29.113293	9.394653	7.373366	8.098425	32.971160	30.030004	16.383395	24.557751	30.594138	12.387796	36.167674	33.484829	15.900480	17.668961	8.109783	26.598137	21.298166	18.164338	35.106308	15.475491	31.843355	22.798364	28.759749	10.186566	31.127515	36.244409	25.750284	17.639550	15.346101	7.698614	11.209111	23.395632	16.501887	27.602731	29.556882	13.115258	8.358237	11.134819	27.481992	12.259379	25.721544	25.814931	27.009809	31.079355	19.935618	15.361950	34.104533	13.461244	11.951890	33.550641	18.425905	21.310208	14.032059	34.992311	25.874325	17.227191	11.953203
31.064525	21.919943	32.527711	17.470758	35.834584	36.473465	26.042067	33.550344	36.265901	20.422261	12.321066	30.741215	27.839418	10.249037	14.910211	20.746914	26.903986	14.071181	26.994003	19.538429	22.139982	21.076581	28.712863	19.770503	21.295213	23.061750	23.482297	35.691975	26.854482	19.052955	34.083722	26.864836	36.402637	27.244153	21.403135	31.499585	20.636287	34.499528	33.281111	30.403817	20.635443	18.630137	22.134547	21.678517	11.987951	36.210848	33.537525	18.787276	19.343036	35.213046	29.798396	34.169551	28.882720	16.695819	15.103178	16.765453	22.862946	33.235258	19.866560	17.105522	22.565413	20.369708	29.130402	8.858646	13.725391	30.394666	29.866817	11.735851	9.259400	13.294108	17.167436	18.884831	9.995749	9.143149	13.884837	15.475580	34.658161	23.680488	8.381181	30.364667	29.666913	17.258282	18.403733	32.651371	25.568723	32.816224	13.203034	0.000000	29.701168	7.901136	35.955094	24.309060	35.497228	35.857266	14.052755	25.850989	14.203620	27.519302	8.807720	27.403473	12.132979	16.561541	23.792981	32.671617	14.274413	31.518060	28.345632	28.023987	25.878800	15.371325	20.032837	19.174479	18.897469	14.008198	20.460138	21.129343	22.682590	19.906122	25.530138	34.473814	8.809781	33.885079	27.253619	36.113139	8.141753	22.098529	17.816623	10.248458	14.212243	12.116524	19.193641	14.231258	23.613742	31.837197	23.275525	35.319850	36.639310	24.037472	13.322046	36.023804	11.524175	16.852227	10.789348	23.047565	9.993606	15.796698	19.409700	21.519695	20.602887	21.825790	8.233172	20.374975
22.023213	18.243944	18.188584	20.905232	26.682506	12.004517	29.055842	31.058961	26.249254	26.608022	28.495761	18.606929	19.889244	22.631301	17.170329	10.557894	30.281415	14.077840	20.413952	22.394189	22.540979	14.203940	33.631025	33.889137	32.776089	16.599581	16.219688	17.144826	22.541435	17.563606	16.790673	18.796306	8.808345	23.824888	36.720604	10.545922	20.005721	9.518493	17.402469	18.250184	35.171296	17.821610	18.173041	27.573237	29.896874	19.419807	12.285588	10.157446	23.263587	30.365086	9.277397	26.818092	30.802537	32.551267	36.187298	27.800785	30.654572	34.375454	28.703455	34.231109	26.375968	36.095754	32.441363	34.286554	8.395701	15.079978	17.890414	16.744610	21.204630	29.360030	7.433464	9.469802	27.757811	19.094884	11.682596	13.633305	14.949194	29.985657	16.815912	24.058684	30.005902	28.109058	30.585775	24.614429	17.369917	24.786640	9.547404	22.369292	0.000000	11.797230	10.404093	32.064533	18.409866	11.094756	35.818313	18.404724	26.986341	27.817973	31.141139	13.827324	12.419196	32.724814	33.266770	21.869352	27.877780	29.961641	30.027906	7.485998	25.816223	31.043806	17.739445	11.771044	15.935706	7.535221	30.117605	30.216023	28.231708	33.863792	31.131073	22.405824	31.235682	12.166561	23.819962	36.442224	34.717489	26.881291	9.208766	12.394907	28.650048	14.044141	20.838496	18.341843	13.081615	21.944418	20.718837	23.291035	11.309173	33.959751	30.081303	19.584121	32.444931	36.180746	26.541189	19.703302	24.717844	18.166367	29.120239	14.316067	8.157030	36.469933	28.648952	25.223975
19.692947	11.480633	35.401938	8.749821	28.976141	23.238891	30.149685	36.586102	14.914774	10.519739	35.123999	35.631107	12.331257	34.856967	34.390544	26.829451	14.933784	30.653380	33.404722	24.973758	14.767566	36.531780	22.860834	9.163680	19.522107	20.139346	26.016947	14.019698	24.138575	28.089144	8.470596	29.158361	27.862806	34.619357	35.886283	10.554425	32.791683	13.174359	23.368667	18.356230	32.427414	24.453532	25.870479	11.024697	7.721632	33.444219	24.007008	29.310412	36.643436	33.453399	14.261571	29.203588	22.763751	12.774915	13.102581	21.177668	20.274374	10.535500	11.593199	11.275468	20.866064	21.435668	31.821516	9.608165	7.698024	15.814611	26.302027	28.015065	20.223794	33.116867	12.067904	12.391833	26.023552	12.960521	18.393478	30.429312	36.209250	34.099948	17.236159	17.489428	19.561569	11.640325	24.924955	20.709678	22.516279	16.988210	9.247381	8.377859	18.747936	0.000000	16.709786	7.485149	26.053679	14.758040	31.871525	29.483855	20.861063	32.731647	11.159786	23.799651	28.607269	20.690581	13.986543	16.576893	10.715009	9.095075	9.297426	21.535690	12.043557	22.632880	26.547023	22.444671	32.089196	24.936350	10.408098	10.004504	28.290910	21.727736	19.052366	25.796119	8.026627	28.433700	17.706423	11.235693	29.821906	20.956991	23.790266	30.828891	7.457386	27.915181	10.209862	23.175985	11.130505	20.606347	27.786777	12.510405	20.169721	18.181646	18.879290	34.777015	10.830721	25.325778	16.841221	21.243337	9.199129	27.463330	8.624311	28.179944	16.087492	25.210759	36.149194	14.306799
15.313851	9.308473	30.573270	32.539775	25.643791	19.909857	34.614929	10.817206	11.635944	24.564752	32.580120	25.408414	18.121775	28.834994	25.801897	24.749358	7.956187	29.918915	30.943018	22.767002	17.220617	12.588993	23.706745	30.001634	36.346320	7.523576	20.289297	23.652888	9.781665	20.537130	13.179644	21.542455	32.778010	15.085063	26.441037	35.617532	34.838264	10.520808	16.396916	29.171316	11.794603	15.223414	19.401962	11.845856	18.021669	22.481352	20.830573	13.902588	28.792474	16.311218	9.851818	8.358270	19.118724	27.302750	19.206987	11.575718	12.951046	21.609078	31.156571	27.743451	35.496995	30.474722	26.507440	18.863036	11.322388	26.124272	27.991539	24.528714	24.027550	14.723553	14.329123	15.597024	36.774232	12.271807	17.737925	17.532686	8.592489	27.980671	21.445006	23.942966	33.141052	17.784715	26.798502	8.817297	27.717564	18.063942	14.087930	19.614965	28.245853	29.861220	0.000000	32.164664	19.505231	28.558804	8.123957	22.916835	32.899215	15.344884	24.556984	24.514570	26.534223	16.198483	22.782865	30.300251	8.658225	16.279037	26.245234	22.043089	25.564149	35.835439	35.318166	17.566372	34.650625	10.699841	14.924754	28.176113	20.903909	14.028547	18.328297	15.955541	14.830519	20.723662	13.037791	32.057788	27.332796	26.328681	32.135717	23.986551	28.039843	12.912300	9.877976	17.956606	35.858685	32.376316	23.146526	35.817636	31.269300	14.958294	11.652195	11.293817	32.035280	13.046197	31.693591	11.560182	22.905193	36.718357	23.194902	11.451998	15.513849	14.341697	13.390291	27.970192
10.643054	11.798717	18.008338	16.371130	14.286202	16.458868	34.343570	15.354099	30.621226	26.522046	18.784852	30.074920	14.571069	9.998971	27.223458	15.021591	22.478569	30.031812	30.571321	32.347737	12.895248	27.482897	36.712965	33.194112	25.713989	20.768179	33.668339	29.073062	35.427619	21.633088	9.652053	32.098475	14.205874	20.159546	9.731827	22.394954	21.107035	13.918734	17.436077	19.684295	23.897139	9.653648	11.636557	15.168547	8.711124	15.690754	28.749380	22.823390	11.459660	20.444152	10.554266	31.159147	31.380782	18.660752	13.549006	13.164839	11.115723	12.921111	28.882744	22.143750	36.466977	19.297405	13.985896	36.769564	15.267789	31.798445	34.212612	26.765961	32.123131	21.436229	18.008127	13.140899	14.955887	25.664711	15.088808	33.673008	32.949144	30.207259	24.702078	19.722498	17.903494	36.195601	20.701976	27.582795	12.472256	26.782605	14.508283	24.496480	22.279092	32.027367	25.520930	0.000000	29.059631	35.021058	33.746077	29.994744	11.234322	33.607675	15.486325	26.311091	17.108194	15.020985	7.377133	22.062263	28.161427	35.103986	8.724035	17.662278	17.293706	36.777151	24.886725	16.305638	20.592192	11.910652	35.644100	28.238511	33.007378	29.276230	29.354445	19.076618	9.257078	14.559724	15.451574	19.018002	16.697577	13.940602	10.838751	13.561466	24.736194	16.366203	35.136429	27.565456	32.775312	22.704791	7.680097	12.492789	10.440812	12.966109	15.038167	32.784692	33.161476	10.134965	7.724146	13.818925	21.307820	8.388317	11.572281	36.697563	16.472992	20.593035	24.688194	32.136748
16.444760	19.987482	19.075428	14.870966	23.584335	35.291855	28.421540	29.729579	35.828765	27.058347	14.537468	33.511283	18.168627	8.022648	20.984306	22.169698	19.380864	19.540843	23.036671	11.828442	9.575135	25.989147	18.815932	7.449446	26.315379	23.088909	29.116343	34.992258	35.403548	32.841339	27.673110	30.312499	19.567423	11.166221	7.845563	30.964115	32.148498	28.173845	7.935280	29.646880	14.020749	12.504496	22.782767	15.143433	11.152068	15.560741	12.389659	8.756605	35.188602	33.045201	21.152221	10.194432	34.632582	27.987066	23.177442	34.841897	9.261937	23.926539	28.570003	34.726137	12.725638	22.754690	13.887529	36.391187	29.681252	31.316319	35.670284	31.288885	30.574307	14.341499	28.092941	32.446067	10.288656	33.230986	29.988758	27.065212	12.147599	35.967621	24.045025	16.804555	14.450915	22.483779	14.643263	19.235545	28.437681	20.234839	15.986757	21.689559	29.249200	14.379079	15.005903	19.553378	0.000000	7.944508	29.842548	13.219413	7.679374	19.056429	34.237395	32.094088	28.312421	12.954957	9.856777	10.970688	26.326491	18.076475	23.540521	9.368618	25.309972	30.006175	34.062726	23.351852	12.409295	7.624832	27.939409	31.747510	13.559844	21.751222	26.244894	19.265992	16.025204	14.134795	35.788358	33.266960	20.094480	15.410864	34.156615	11.196807	23.033935	27.405363	7.690592	32.898873	8.583078	18.711847	9.179877	28.141656	23.149710	28.864446	21.612931	30.131591	9.812987	26.425819	18.301945	25.435907	20.554430	33.455810	11.654243	27.224686	14.439232	20.452939	35.136240	27.103746
24.832866	9.512056	11.198693	27.383890	30.516777	26.144635	9.811520	19.566016	27.560064	19.840262	35.176505	12.460416	10.184373	33.904936	34.107533	17.114416	22.639490	29.317525	20.748221	26.599867	13.058755	23.607155	14.282081	15.580950	33.491247	36.148386	25.483888	29.450000	29.352045	9.577527	35.961648	23.205536	20.038578	7.923221	25.186454	19.893568	36.203531	8.067486	30.601202	15.507196	24.711857	22.408981	17.070655	12.278758	35.244135	16.441841	12.061872	9.447414	8.034084	18.704186	21.659647	24.132367	20.904016	7.828710	20.321315	17.579880	25.917814	32.235434	26.103817	23.355740	32.651262	16.878283	24.211933	23.920668	33.513029	10.250365	20.828819	26.776803	29.848421	28.835635	31.311512	7.469193	24.894445	21.204502	22.104177	11.303498	31.465992	24.077623	15.878997	23.472161	29.057346	30.688845	13.008178	23.663375	19.016242	15.920194	25.496419	25.155646	7.621501	23.113361	8.970905	23.215538	14.440548	0.000000	16.522609	8.979747	12.487044	21.463724	13.682453	29.242465	15.398451	23.502976	26.261531	17.688665	8.587705	8.168091	13.537164	35.025475	14.498855	15.612369	7.983282	12.737978	9.551939	10.970660	27.745467	26.920299	7.713686	25.084406	33.655816	8.500468	10.815820	9.900036	27.212967	8.743777	20.599011	29.999353	10.889336	18.405285	17.553275	9.818125	21.842481	11.795965	12.792757	32.449771	26.607555	7.954121	28.485669	8.086197	9.529166	24.057976	10.306886	24.116789	35.691854	20.210028	15.140464	8.648224	8.320047	22.926456	27.242025	15.407046	18.487376	20.428173
32.653940	17.159971	10.738112	28.171539	30.202983	21.835457	13.893881	31.912802	33.210647	9.349240	9.697658	26.026807	9.857620	10.354038	32.079208	34.717949	26.898522	25.548965	30.365377	13.895317	28.110179	11.108317	17.479660	23.344816	36.540722	21.885492	11.540343	21.886064	17.309681	14.722205	12.405758	23.529284	11.317471	15.255707	9.814188	10.047128	29.027277	24.982188	16.490060	21.342514	25.923125	9.690942	22.150131	10.672070	23.355099	18.170752	32.248349	19.466514	14.999382	13.421360	8.809412	23.320950	9.904979	8.769358	28.122637	13.493046	21.390724	10.281004	16.310334	35.028314	7.655041	13.520866	22.380510	14.249090	18.456802	18.387592	29.500201	30.888277	12.061641	14.935219	32.229998	34.635374	19.966834	21.040298	35.256208	16.272269	24.564155	21.179864	35.724057	30.895001	30.331003	17.696900	15.048419	31.581812	23.761336	27.284290	20.419798	33.094733	19.929281	17.292283	33.685853	30.989504	14.703775	18.111786	0.000000	10.488908	13.003840	33.878583	26.314847	14.379204	28.843519	36.564860	23.567887	26.951270	10.113347	8.108673	20.300929	13.043953	33.181765	11.423823	19.179375	11.379370	18.684794	17.908456	36.600997	9.671178	14.787669	7.720970	14.919641	23.970350	32.573124	14.451991	19.171374	7.665315	36.006588	28.326286	10.005586	35.659098	26.947865	13.310026	24.942920	28.753647	30.465049	28.276142	25.950329	7.625947	28.683903	16.154593	12.208375	22.315003	19.415919	32.474102	29.322066	36.610798	12.878782	33.633162	11.885771	35.772014	7.740900	28.057588	25.715697	34.362607
28.721677	22.665208	16.038547	17.245614	26.851404	34.488108	30.721949	12.321802	33.403284	18.181397	26.507647	12.627571	27.366212	24.777556	23.851879	32.748718	33.656195	11.186293	30.012754	14.441169	25.028263	8.426963	23.615516	34.114845	10.146967	9.029941	17.202209	13.175429	36.455360	19.565208	23.790794	17.748243	15.007732	32.551395	28.826642	30.998566	28.443727	11.975842	25.529602	17.875818	11.588434	33.092067	19.022109	9.061176	24.380701	35.895696	18.979101	35.468607	29.466946	33.666579	9.513503	10.855774	17.621356	35.972212	8.609106	8.550902	22.868955	15.288317	12.004855	33.863850	31.622102	25.396241	12.027865	8.679574	8.229368	26.335287	8.091232	20.010611	8.296504	25.492054	15.234197	23.304914	23.730130	30.351551	32.718536	18.035170	34.063176	10.420051	13.716330	17.199396	20.114339	19.314355	13.215436	23.620116	22.358311	22.277043	9.463492	13.308397	35.444373	14.707823	36.510363	22.328437	23.429298	34.312508	26.860052	0.000000	20.380126	35.939581	20.242777	21.062780	19.890970	25.080451	28.370922	36.131871	17.640009	16.243368	13.440590	35.984531	36.190762	24.126970	28.626569	8.539121	7.758090	23.425846	13.568283	16.849316	35.918553	27.686292	28.692120	25.379342	27.971134	20.476219	24.273974	25.350126	18.804936	24.193290	9.514922	16.589535	25.371665	12.736352	35.992197	35.552677	21.046917	34.110658	32.286190	36.282174	15.818322	36.258236	9.854083	13.781403	20.070365	18.276472	31.127450	36.155317	13.478150	30.748795	18.791201	28.498825	15.620818	30.078252	13.236388	30.065490
35.274404	16.760565	23.396545	33.495063	26.572283	24.304501	13.141642	18.011123	9.421874	11.962029	26.968255	25.170327	12.952089	23.058964	32.792297	8.257236	13.663569	25.918401	10.584387	11.000701	14.067505	15.179097	29.035087	33.331115	7.446842	15.833298	32.175678	10.939646	12.549028	24.619941	28.018724	21.493307	21.022616	21.902356	8.019896	13.940135	29.563028	27.843423	30.931359	22.971045	19.382060	31.986393	27.680375	25.987982	30.287133	13.731010	33.403673	35.252826	30.807829	24.141170	16.460930	32.417301	28.757766	28.600772	8.113399	19.590895	24.088795	32.838474	22.738506	9.488356	26.197425	26.426898	27.199496	27.687582	26.351334	34.062149	27.582371	10.981720	35.716203	29.130740	33.968888	30.447614	32.723581	27.266204	14.565861	35.727648	27.365976	21.891401	29.787423	32.868746	28.319224	21.874140	11.897905	25.859258	26.222968	35.785703	17.229472	20.392594	29.990062	12.447014	30.111428	31.054376	11.346731	26.612819	32.866319	9.208038	0.000000	14.035897	17.260961	10.215375	8.241423	36.505671	8.797160	19.196208	28.946437	10.641656	30.467575	26.374829	10.013255	27.749009	29.371777	36.099284	22.288366	18.687955	35.473389	18.459697	35.136990	33.142441	35.371417	26.193280	26.444352	27.612961	9.861843	18.775936	33.776877	12.622779	35.216201	20.625249	25.899488	9.963137	26.725624	15.411688	36.025282	32.571749	12.194736	35.017255	29.196373	14.584789	25.217691	21.195146	11.306704	27.321078	19.000825	14.394306	18.376083	25.591115	12.798556	32.591476	29.087440	35.577301	23.106087	13.129543
15.275681	35.679184	21.904660	15.238639	25.154553	22.992875	13.231727	27.540087	11.520812	27.144681	9.032906	22.284754	24.455638	20.257883	21.877717	25.856896	8.778642	31.269761	34.537605	16.271100	25.563014	10.939234	15.626184	23.579886	27.721224	33.505148	32.969475	23.346570	28.144155	28.258927	7.510433	35.878582	11.991518	35.803282	17.415965	36.136353	12.505563	30.950128	28.301615	14.063059	23.314405	15.568826	31.125698	16.317555	29.179449	33.527249	19.051501	26.675656	30.305552	24.861444	26.837513	28.191770	35.294323	30.958354	32.186908	28.070447	35.537691	13.050839	17.313467	28.740497	16.075334	18.088907	24.076429	19.510569	20.060344	22.201041	18.359624	12.704382	21.298058	26.142597	33.054712	7.383067	30.699358	14.521460	14.715853	28.881174	20.542148	12.406986	8.395161	26.459021	21.509188	8.454771	11.123184	22.082159	26.440410	21.449962	19.814939	14.551983	14.677467	30.467912	11.853413	25.734299	31.110667	18.007307	19.229277	14.685572	33.363382	0.000000	32.117180	17.407237	22.370274	12.956246	24.294556	8.333575	8.262076	25.058328	21.966451	20.649856	29.169037	31.502544	14.137458	35.206414	14.105182	28.224866	30.162461	20.816436	31.081585	34.971681	14.754194	14.339377	9.045898	27.096265	17.559072	26.082403	15.244639	25.973087	20.807918	9.420654	7.682443	15.221157	20.485831	17.394564	24.366076	18.086670	25.670548	35.152381	27.877050	23.841743	12.247918	28.860789	27.101990	9.194052	11.402105	31.579481	35.791926	13.205704	10.723662	14.888494	34.833333	21.996633	11.403244	11.235368
31.800519	25.070223	33.991079	10.909730	9.531680	24.294097	20.878683	22.926336	30.978613	26.351181	17.275027	11.252378	22.854540	13.862170	16.029628	36.027698	36.260960	21.196179	34.865610	10.398908	20.442412	31.527626	21.025525	18.233886	20.511569	33.883060	15.961542	20.636518	28.151096	22.949440	23.261785	15.344932	8.469224	35.594365	31.168636	33.881757	12.235231	14.196058	22.384352	19.958041	14.315451	16.922858	34.307806	17.945621	17.281578	24.167217	28.428518	23.716950	33.063731	19.024664	31.511504	29.585417	10.303503	23.960597	33.920807	8.010613	19.194319	31.590184	8.038467	33.660412	34.218840	25.341878	33.843275	16.964612	32.578567	21.450253	22.683137	11.290502	34.085716	12.011436	35.382524	30.079755	19.813450	18.325746	34.435636	22.328745	22.439017	35.946584	17.460654	9.114394	13.003405	26.999857	10.199233	10.331027	23.111296	23.647728	18.367876	15.891760	17.103494	18.715641	19.206881	31.240113	7.811362	11.692403	20.152007	22.457764	31.111569	16.593548	0.000000	29.437966	35.084193	25.148048	8.999195	26.138930	10.974630	33.903870	7.570881	16.349625	34.789694	32.719291	18.375788	30.621935	16.665456	19.651440	16.070688	18.609752	12.566475	26.015184	17.613215	28.338967	19.520450	12.759462	14.520395	26.695197	25.372301	31.757874	26.027800	34.391994	14.523758	30.446383	31.074642	12.210915	31.243733	33.956478	23.149145	28.812327	22.487856	11.286617	27.691942	20.658075	21.252357	32.633934	16.068336	8.165055	34.301476	19.550530	23.287270	19.601401	11.939354	33.323971	35.540032	13.429702
36.070217	17.283870	19.555170	29.253198	13.752775	27.282350	33.313075	13.017217	28.185876	18.228495	22.704366	8.209999	25.083255	35.109829	25.058574	18.627944	27.775058	15.150944	26.346494	33.228977	34.652315	31.833233	25.730729	8.844466	14.207464	12.574150	31.810532	11.347457	22.971047	31.784281	35.767259	23.254057	27.705015	28.408421	24.131428	7.914058	27.742598	9.237916	31.214159	12.929433	28.691793	10.448133	9.520473	28.362283	28.124668	32.185618	11.328521	22.302591	24.125549	32.762728	31.605479	22.433658	15.554629	18.113735	12.822616	33.085136	20.632651	8.167425	10.967933	33.654520	18.440798	14.724854	15.530848	15.663350	23.966643	12.256282	15.801160	8.227836	7.771827	23.264429	21.016479	11.357057	28.890859	27.175725	19.161814	33.324822	14.530389	9.907897	29.052403	13.834275	8.618766	28.848242	33.249229	12.442661	12.369333	8.425780	18.393642	32.973439	34.274052	30.816057	18.832844	22.199968	28.403601	16.744887	18.201745	8.005334	33.728581	14.534141	36.608661	0.000000	14.337934	32.019835	11.550056	21.605141	30.007273	28.874418	8.105581	16.284369	26.351689	15.826926	27.827728	22.283688	31.099914	11.180325	7.376060	31.726949	18.850816	32.753912	16.578922	11.308207	22.491408	8.569488	21.260132	26.596251	26.793420	7.602454	36.444903	7.651293	31.597199	28.673863	21.862419	15.528218	15.581294	28.660203	30.169129	8.825394	26.813801	24.906570	36.597622	8.729957	19.051315	21.404887	15.629779	8.497514	28.292115	16.957035	10.868237	33.283912	11.217199	21.631446	35.199068	8.224882
25.597453	21.132510	11.124533	23.091012	21.949710	25.204967	10.120379	26.587412	36.613745	9.611106	7.981266	22.169561	27.954676	22.675957	29.916178	17.172880	23.561136	26.740842	35.358868	31.494162	23.933142	27.215417	15.294392	23.032178	26.831116	27.003423	28.055910	36.074475	32.364351	8.629470	13.326540	23.681815	31.717920	16.134229	30.180991	20.902675	7.682787	12.986401	35.913881	29.919059	10.099004	14.707586	28.106996	23.111403	14.594816	26.166498	34.324142	17.836358	23.882550	28.577333	15.688682	34.113916	25.926748	14.483137	32.302641	20.406933	29.550387	32.837338	21.276259	21.368642	11.805566	24.788515	14.224481	19.156222	9.030420	23.184067	20.858116	31.780423	26.455131	11.607406	20.384016	20.798355	11.998619	16.351177	16.172698	11.909189	17.563539	26.293221	19.907942	18.546531	36.439382	11.831971	30.536972	26.551272	29.861183	20.693136	24.610140	28.664027	9.884851	34.158958	27.938061	35.867122	22.762470	26.859260	15.412589	29.121458	21.198569	19.004238	29.060293	12.834819	0.000000	18.127591	12.911294	32.271328	17.700082	17.551176	35.245278	13.786068	15.264986	12.802463	33.296762	16.625939	25.897958	8.970500	32.176486	35.424373	23.377844	12.051259	33.917202	10.258223	32.743454	21.183806	35.508330	22.968887	16.461801	7.542060	14.299152	9.532852	13.391907	28.396847	31.377559	25.109105	14.700733	15.889881	27.592902	36.099238	33.996456	12.473514	26.499836	23.176625	8.214954	21.007432	34.385125	18.580699	18.129617	35.203201	13.310239	20.181678	23.652121	26.453967	21.990010	35.077628
36.191954	27.491630	29.638866	16.076705	7.516662	20.050171	9.416939	17.454719	30.768747	24.747199	10.376932	14.761344	19.925749	11.618580	25.097125	29.262939	32.154110	22.584640	24.486557	26.501162	31.721057	15.566861	10.409625	10.231031	32.475869	26.566608	32.375952	11.330726	32.067169	12.419602	10.713781	17.522872	22.482954	13.254364	26.039595	15.253779	20.351237	15.944509	28.153724	13.179903	10.817542	27.968121	34.958844	36.375733	34.272019	25.483882	26.895601	19.151663	27.939517	9.444799	14.259196	25.085496	18.050296	25.201858	12.851104	21.129045	27.385557	10.200671	8.751167	15.197656	30.380782	29.788238	7.520484	8.062203	21.719487	24.100350	20.675187	34.750240	26.183115	22.705154	31.448782	19.961491	19.035824	9.267144	16.522436	29.473326	36.145528	31.389972	10.364460	11.888296	9.194201	36.162838	10.367822	32.788281	9.433474	11.405331	10.136982	36.279599	17.706146	8.683788	31.391940	24.799933	23.061412	17.343464	32.269103	13.982687	29.726525	23.885955	13.884817	31.505455	24.437433	0.000000	33.851313	15.491141	20.101515	20.772900	18.706068	20.556991	30.792864	30.533846	21.634492	25.444319	8.928635	27.776088	27.763420	21.320706	16.577420	18.029703	22.614477	20.806223	10.926664	18.666328	10.504421	12.342956	29.868522	17.943398	12.954398	16.697068	25.634606	15.664368	10.564601	20.469266	8.405651	22.089463	9.253228	17.463128	21.221053	19.060684	22.519530	35.898863	31.360913	25.531070	17.919062	33.581259	14.607007	25.659189	19.231067	32.599583	32.387238	33.017645	11.258205	33.511226
7.694710	27.107951	12.166350	11.229368	10.397471	16.743479	16.367317	27.671745	8.800434	28.931819	7.748612	34.863776	23.630799	19.336793	14.137719	11.817622	21.025882	19.285218	26.548233	21.131635	36.333197	12.658994	20.250914	12.590847	27.033066	12.205014	25.833243	15.269064	32.999057	33.958467	21.309261	23.397390	16.263326	28.220185	19.910427	32.122638	13.928057	16.911961	26.597292	22.719389	20.552336	23.017159	21.358748	31.204490	31.320451	16.367220	12.567434	26.925015	19.549363	11.960296	27.283449	35.981220	9.081572	27.828258	25.341417	26.563039	11.660677	8.457116	15.703529	11.955277	25.604292	15.046713	17.696153	23.269325	14.267106	28.571270	35.069958	25.644944	21.130623	33.145097	27.648045	20.271885	23.508590	8.991301	12.449298	20.882501	36.720764	20.562812	30.542045	33.354759	14.468777	19.405276	20.757577	7.516189	14.454975	10.530914	27.630268	24.354440	30.627511	18.602165	21.368483	29.194660	23.707252	33.550775	16.391477	28.305182	21.433299	35.190446	16.317824	31.385113	17.170216	9.484612	0.000000	15.283290	29.384916	29.228275	24.879373	23.233974	24.325295	23.746340	33.556003	34.584526	23.721885	26.507531	16.345265	26.275516	22.106392	26.289297	30.820681	18.729442	11.761320	24.195113	34.420475	10.949857	13.604525	27.862061	16.159839	20.087324	13.502289	13.036507	18.998466	28.696852	8.169813	23.078056	22.219779	7.640777	26.470788	18.992628	7.378228	35.903118	34.553706	28.445211	33.606496	21.343668	11.357527	17.526682	10.547291	35.797574	20.056175	7.514183	25.106896	8.058397
16.680663	33.237565	31.501520	20.680318	36.069571	13.945504	33.422892	24.230885	27.909997	15.377009	28.094066	36.739912	33.268773	10.651422	19.378074	8.311411	15.680062	18.055100	9.924428	26.517706	14.975223	24.196556	17.103417	32.025921	24.081640	28.015032	15.568544	16.091441	20.045698	10.283864	7.858428	25.466859	9.803878	30.871101	21.236757	28.396321	34.425819	8.717201	24.225526	9.933212	27.747842	35.682203	30.961449	32.507477	19.553048	30.743209	19.357720	27.920259	18.199520	25.536388	31.165157	8.685932	26.972409	22.731955	34.956150	16.671269	27.109166	30.475166	26.171266	18.715822	18.310801	20.438785	11.974413	8.338470	22.585812	11.143989	33.791007	26.670964	12.626424	16.918336	17.305794	27.141746	28.077884	12.199797	9.184597	28.711928	28.580948	32.285680	14.863049	32.074118	36.557966	14.641424	26.325798	35.402997	33.357476	22.753629	12.398683	25.715832	10.270186	25.149714	28.763732	17.407504	35.913319	29.788031	20.510124	28.408818	36.248143	31.956237	26.039797	17.878629	23.871420	12.968070	31.944425	0.000000	7.367538	28.154023	21.631924	8.045353	13.569483	29.777852	30.751436	18.280108	18.206156	22.922783	28.899644	22.003164	24.449695	14.655693	23.633101	24.962975	20.504643	8.172702	23.603898	19.559095	29.674359	29.180785	11.885396	16.593235	23.160046	34.023405	34.896705	20.553586	22.512518	16.055514	33.473823	30.298004	29.709933	35.901468	25.502250	35.791287	10.533533	16.515182	21.614443	14.070457	13.836953	16.878470	34.841496	8.164604	7.736867	28.241066	31.707647	27.840589
10.064090	32.400311	20.909143	24.267332	11.228755	8.683155	17.209080	25.567655	22.954892	35.084393	15.261482	12.045230	31.724193	28.137906	18.141379	12.225013	11.879809	25.648515	32.720161	33.647350	17.666627	12.864140	19.061107	16.346823	17.339888	32.606523	22.648341	28.135533	13.181557	12.517225	30.610479	22.782774	12.670185	10.292624	24.522831	18.773134	20.638209	23.704131	17.914187	33.471596	21.623172	10.318636	26.816017	10.319017	14.524860	27.249164	20.381423	10.979033	16.560199	12.147726	18.616616	35.486009	20.127146	26.134000	26.427598	27.984193	32.983544	29.725615	34.012810	28.432248	30.558573	31.766539	33.496715	16.471471	20.837204	28.857884	16.191405	36.720856	13.772974	16.926596	36.458360	24.823447	31.095762	10.351442	11.701638	30.508967	15.851077	10.316698	12.606718	18.697090	27.380563	34.252523	30.403210	17.123824	20.496687	10.439271	31.759502	11.015536	29.144902	7.739544	34.497893	13.138812	10.638047	29.819646	20.316109	12.785770	27.837521	11.932198	18.019717	11.232901	29.970203	13.560795	25.101054	34.324725	0.000000	9.476487	22.426482	9.057013	11.252663	36.036288	23.908850	13.581077	29.500844	21.782337	36.131631	19.804114	33.365460	32.109065	34.300283	8.434120	26.236240	26.515954	27.712189	32.518360	9.025698	34.397137	20.756189	35.746280	28.333182	32.788343	33.922087	8.057857	33.140596	36.478871	26.121659	24.683840	31.375396	18.844359	33.440690	35.942147	8.536324	15.745628	8.966595	17.763235	13.825878	27.998144	13.578871	36.138140	13.533954	16.039889	35.965962	32.047629
30.757226	34.296886	14.363327	8.467948	32.597468	22.634354	9.738692	32.764069	33.570720	22.014436	25.825091	9.797955	16.313371	7.671296	22.643642	34.769736	28.818725	12.304366	30.218084	33.601710	19.986343	30.584760	8.399625	33.752571	19.699418	16.812246	28.707610	22.189417	34.900757	28.311186	19.034586	32.130705	34.396364	24.215214	23.199130	35.228801	22.477105	28.880174	9.789881	21.670703	7.525699	29.096532	23.926464	19.102862	34.229871	33.388855	20.952451	29.297829	25.987607	8.174691	31.905092	31.490262	12.157954	26.743182	34.788697	14.920254	24.027272	13.369991	26.196134	23.838677	19.771679	34.700906	11.392567	32.081134	23.425090	36.093163	22.191300	28.374915	25.597982	29.298906	15.685184	20.240203	18.635305	28.846455	24.153976	7.859645	18.421112	13.620641	13.888305	8.110802	34.329374	24.687044	19.118968	7.409286	25.882379	16.204217	24.115029	23.469103	19.571706	28.764086	13.405061	9.490593	28.907504	12.243530	31.812129	26.727060	13.408762	18.308285	24.033127	18.351502	26.705917	15.910477	29.719884	9.273941	34.708331	0.000000	33.918230	19.146867	21.085699	26.228493	9.044637	36.578053	14.186742	26.325547	35.809990	17.962257	15.354749	20.166568	28.987383	11.999257	12.666963	32.944061	11.227412	29.702514	30.738380	11.217208	12.734759	8.823315	12.697223	25.221311	25.822166	7.770246	33.547875	22.740588	17.521323	25.561250	18.082069	16.913707	15.382939	14.684548	24.678831	30.186671	9.204232	10.398306	36.474710	33.903448	7.493995	19.614505	24.548585	22.844518	35.305939	30.766409
24.769980	30.964801	21.475902	18.363724	13.116006	35.654453	11.411593	34.327229	17.509445	14.736436	27.059890	17.758708	11.450495	25.853205	36.596272	8.035750	8.817907	21.631534	25.535899	20.830223	18.060863	29.595109	8.424518	7.981284	20.994851	13.791710	25.507013	19.932402	19.249112	7.383664	20.874159	8.490476	16.424302	8.258765	12.039410	16.879293	12.042087	36.425432	15.790074	22.914095	36.189507	30.931590	9.310174	12.724912	22.236962	15.504422	12.995061	13.576528	29.182369	27.562639	13.578568	8.160503	22.813700	33.806597	36.281767	25.666214	8.874859	10.704835	26.413823	15.326462	12.101510	16.027720	19.169860	19.749935	27.045242	20.524295	26.095420	12.458406	35.244742	13.542457	28.317011	33.196589	13.788141	21.935523	30.698338	28.246984	35.890567	19.719830	35.382327	10.314872	14.539868	11.512742	11.999762	33.580782	28.528983	35.867260	34.262513	32.495979	8.793638	25.109608	34.017962	31.534969	35.051237	20.532587	9.913900	12.272731	12.196238	27.021379	28.829514	19.703969	16.794376	10.752453	20.170765	31.693528	25.028076	8.429636	0.000000	17.137709	22.205485	20.745828	17.162655	19.809648	36.193259	25.853502	28.818231	32.836368	16.925681	17.527196	32.654104	10.424945	11.173340	24.889041	16.715616	11.817284	35.709774	17.535919	17.634099	17.883127	21.475688	9.884831	21.076517	35.415825	8.255696	20.527317	13.288287	17.567213	16.972645	11.514950	29.831535	35.641375	30.821681	25.954216	18.321834	14.863961	29.385488	18.418490	25.541560	27.865703	23.764889	14.836598	32.242364	32.480506
19.320953	25.227553	29.884291	20.532578	9.345151	31.700441	27.995652	19.057182	10.239642	23.068382	29.810100	8.363667	21.497187	29.648311	18.472898	16.063135	8.606393	33.567338	11.730155	33.446936	30.391109	26.079341	33.002521	26.197330	20.470176	22.370943	27.298831	16.210071	29.068688	13.747494	28.171003	31.033650	18.360856	16.536736	18.709222	21.848166	7.369275	15.719523	21.293681	25.592630	20.465917	35.950996	14.819928	13.001782	28.926041	13.337837	31.969322	29.977011	16.898431	7.572445	19.268537	13.079967	8.328563	14.251277	31.215904	20.165957	31.078172	9.769338	18.046298	21.964419	36.417918	36.537574	34.441384	17.124519	10.827434	20.847712	8.650471	32.670787	19.047097	31.873594	28.358751	14.558480	23.043559	36.547477	11.349354	17.700857	28.585288	24.782184	21.434814	11.569955	10.139110	20.630052	30.912143	21.100670	36.466163	19.903682	33.591956	16.978361	34.717123	21.575986	12.461935	26.851710	33.686998	18.668504	26.654845	25.837207	36.768442	36.672115	15.869235	26.990059	15.141990	34.617889	12.272510	12.551837	18.917081	16.167157	14.613722	0.000000	35.112665	24.336081	25.176359	35.951571	13.177989	25.125212	18.122455	18.929880	13.035071	19.654245	17.592017	16.553801	26.633680	15.905314	36.706624	8.894101	31.004803	27.035289	22.846444	24.859770	20.614762	17.856279	17.426545	33.682400	12.790843	26.966641	22.227518	26.147014	33.458409	33.263743	31.886078	29.543279	16.825485	11.706544	12.398772	22.987176	30.301470	24.376984	15.314891	31.846656	30.235818	12.056551	15.158665	17.797982
11.502134	9.735103	16.435913	13.366517	32.562285	12.360724	35.034288	16.592522	20.114188	7.409982	35.875721	35.347524	11.114812	27.568543	33.511724	19.983998	17.668040	11.448341	12.474919	21.913971	30.649911	9.751705	26.613329	13.015660	14.764415	16.587712	35.524225	12.285562	27.244581	17.406818	20.241392	11.980807	36.337874	8.342260	21.669628	26.774578	35.039057	10.625798	8.598196	34.691568	32.851157	33.242730	33.968719	16.462346	26.680278	7.706830	26.117480	26.259853	14.742915	14.536689	15.283619	22.625141	17.094956	9.254531	19.607692	12.715297	17.189601	16.524216	18.014220	27.073841	23.163696	26.328428	31.821046	31.278434	19.699496	12.502838	14.707896	26.407904	8.965352	14.033267	9.069606	28.508626	13.016540	21.093692	14.812854	8.106761	28.747366	15.823409	36.745591	30.979622	22.406130	17.858436	16.907209	21.962343	11.780752	13.272699	17.250518	29.028690	36.356115	16.600253	35.827536	7.813032	16.112559	26.154149	26.078421	21.622593	11.781425	16.729638	14.340263	10.382078	16.171578	12.096865	22.531406	27.986274	23.484155	23.285285	32.327308	18.767716	0.000000	29.257519	17.724889	12.967248	17.231267	28.378995	36.768501	23.220298	36.464294	17.322809	20.363814	18.519474	29.009044	35.651725	16.529054	28.997013	18.901146	17.889307	23.158847	30.926211	17.233294	35.419148	15.888503	10.475687	10.081115	14.919057	19.303721	8.891813	13.479721	31.340648	31.891598	26.386405	19.112497	25.141985	19.851434	13.653055	10.751190	35.688380	27.471323	25.343779	21.207637	29.833064	29.819577	8.070067
20.356267	10.007229	28.671527	35.177143	14.736435	14.848743	34.387772	12.283259	8.765673	8.592773	32.431246	24.382097	12.511866	8.467584	11.017535	29.135825	14.638047	18.379774	16.752799	17.576778	15.137080	31.080202	23.705626	21.069281	19.940835	15.155316	12.713336	33.237362	16.874722	33.040370	29.754769	17.211046	13.592391	25.093088	21.250542	16.090024	11.449931	11.596233	15.429127	10.551534	32.302005	13.005912	9.782478	32.208306	27.397318	25.286806	34.950331	9.271844	10.294401	17.653792	30.726834	27.844655	13.793837	31.214288	35.443852	30.804642	9.692118	24.648145	13.767672	17.308912	35.324364	32.142104	11.756054	33.930062	15.104021	15.625031	30.105734	15.773515	21.164139	19.052080	8.044029	28.586417	25.486378	15.246611	26.589502	10.433009	27.614904	28.206171	13.183079	19.322394	8.824866	16.469731	9.814104	14.038749	7.484023	18.838391	7.984569	19.002022	17.071057	14.648509	10.561999	8.204624	7.595090	22.434844	20.611206	23.965510	25.223103	17.892419	30.528202	22.408820	8.176268	31.160737	8.895257	30.480040	8.134195	21.865645	30.644380	21.212127	10.171203	0.000000	19.905234	17.500206	8.213446	19.168139	17.987304	26.847730	35.617033	10.157308	20.704451	35.711879	21.088332	23.465355	32.128383	27.045411	22.583882	23.709654	16.855429	13.635028	11.089652	7.792261	15.240935	16.624429	23.816540	35.217801	11.581522	17.421872	28.749192	10.365563	35.890382	7.441018	11.401509	12.404460	32.624710	20.707985	12.117591	16.876048	33.046178	27.200886	35.143784	20.415421	16.078480	33.992420
18.462890	31.809508	28.385816	16.956763	36.758517	16.830680	19.485991	32.815659	16.645376	10.366380	23.637594	18.656185	16.418051	18.174785	28.099121	14.265335	18.148928	25.060009	16.727222	29.550760	36.527011	27.093025	15.508518	36.478340	19.026358	34.639630	33.064548	33.907553	30.385501	15.408636	15.005500	10.968533	13.790940	30.036891	23.257652	22.738115	25.388284	31.107846	18.028485	34.154349	17.072990	30.267723	18.382388	9.571880	14.850808	23.175701	30.035795	19.480870	19.869858	11.343727	13.454765	35.851261	33.798042	17.107739	25.242469	8.665301	25.072267	15.041942	30.084183	22.597712	27.349504	29.546790	34.770083	9.313597	24.882100	35.649135	33.057319	25.023026	36.398257	20.282097	22.827938	8.203132	29.036053	28.957267	13.315690	21.245301	19.207237	32.291582	8.879977	33.895302	33.963059	9.717473	31.693858	13.780062	33.945256	19.290849	18.669687	33.742197	22.662651	29.124563	15.819789	26.855560	10.281190	22.492213	33.782570	24.075106	27.937113	9.793035	19.749370	23.797982	32.002080	35.709846	20.382734	19.497018	11.515578	34.186901	10.475018	15.617028	25.541698	18.920798	0.000000	28.528324	27.273828	30.449731	24.356573	28.054476	9.844249	28.371554	13.448669	29.724531	20.658110	33.110212	36.186149	23.441198	24.098584	17.415347	18.791927	24.956109	19.712142	32.388790	31.826050	33.884773	23.846538	34.290216	18.790352	22.200262	17.091615	25.651773	19.654842	29.292873	23.713348	16.603458	25.042070	31.092859	9.242555	35.821040	18.297713	10.224839	35.187773	16.249642	28.211286	19.679516
34.967695	12.262139	35.336974	24.953286	34.193937	24.667534	18.659007	21.527592	12.422177	12.998486	19.659206	28.218181	9.445575	34.683246	31.219055	10.622689	23.654983	22.662710	8.232791	12.874405	31.881601	33.939162	33.137855	16.861514	24.023610	22.681902	27.580314	20.022069	32.281041	30.091770	32.581251	29.183971	13.803667	27.401643	16.779238	24.506543	16.433486	18.922840	23.434876	16.321093	27.706421	24.345956	10.721315	35.333435	33.633174	8.056231	14.717237	19.141016	33.031625	8.994204	23.500487	20.484050	21.889004	11.380954	16.076668	19.043758	24.771379	13.406211	35.421860	12.788264	36.607398	18.864852	24.539625	25.978685	24.556376	18.272426	10.174133	21.566388	20.140166	9.797259	32.085798	16.630531	20.241439	16.192893	14.827786	19.972460	34.632968	16.255153	16.945099	14.837522	29.583551	30.740088	11.484312	28.153076	9.036773	13.307470	7.576920	32.009263	26.564702	13.140259	8.405845	27.913371	30.570138	27.984056	31.923338	25.390974	20.927258	29.483190	8.374986	12.158549	11.075971	33.667191	30.088242	24.731851	28.761866	11.916609	12.738925	33.524986	32.492855	17.943211	17.720033	0.000000	27.115469	20.939738	23.219117	9.085113	35.508886	36.506984	18.579471	22.274311	20.715195	32.110385	25.633566	15.083629	16.912891	14.604940	20.103688	7.784224	10.546894	34.409377	7.628910	11.467610	19.255448	21.618514	13.157467	9.767264	20.001597	16.669475	34.128354	12.786928	8.740145	16.127620	21.708876	27.227182	34.128177	36.666056	17.452172	10.363027	23.751693	33.447253	27.445888	23.070860
30.335012	26.014084	16.275352	11.472078	15.719241	16.449505	8.185112	14.399690	22.853125	19.998327	17.500117	17.564996	26.869643	17.302680	9.348367	13.801959	30.823727	15.164590	33.775389	14.609647	30.922813	26.160475	35.143091	27.060512	30.689825	13.473737	35.590186	11.667675	9.827816	15.127542	7.587569	13.855162	20.548954	12.052829	12.014457	31.016373	35.853008	24.505777	30.435662	17.072457	7.719170	25.441424	12.269808	15.410224	18.901159	21.880019	36.370784	31.316031	17.689407	19.103288	33.013667	14.905942	29.552913	33.297862	15.548046	32.661203	31.670624	20.463786	23.156373	34.439567	7.800364	27.398565	17.700291	34.631582	25.143932	36.018890	31.487353	14.861855	17.237904	34.232594	13.102257	27.936768	33.130632	29.293871	24.603475	8.264223	13.672597	13.919536	29.366156	13.253027	36.129991	35.753731	23.338474	35.300103	34.843322	35.376277	23.130379	12.252451	31.564794	15.010475	32.556058	15.344988	27.155882	29.187361	24.040192	15.663511	33.459128	33.178685	36.431315	32.026655	21.949906	8.074520	27.113128	28.513155	13.973263	35.540916	26.200131	23.118369	15.051077	16.258409	24.050331	31.981824	0.000000	19.652110	34.046514	23.015118	35.773942	21.894969	20.565310	20.383598	22.876373	19.264789	13.911615	8.609051	26.489783	31.360601	20.997355	14.253965	25.891353	26.934015	18.421850	15.865500	36.203719	10.487198	30.625592	11.979573	17.937987	8.579806	13.617713	31.134735	24.910248	9.069689	34.404509	19.592481	15.480975	34.213073	17.966222	8.690162	7.915263	28.705207	14.530837	9.360318
35.003038	14.263854	10.320186	14.591117	24.788429	14.288410	18.484384	19.666941	23.887164	12.310646	11.747321	13.833055	23.572931	27.636107	11.284314	23.479809	9.800885	14.552589	8.217784	8.212379	28.645858	21.979517	14.641638	19.718151	29.396472	23.848373	12.416548	30.622851	35.374516	10.612989	33.729242	27.511829	29.482203	20.151811	32.343990	32.940706	22.249457	10.924075	12.056180	12.175355	27.909590	17.362407	35.320708	31.882258	29.641952	14.907767	32.056586	28.621317	8.937475	20.803587	20.546240	33.928749	26.027343	17.635111	12.735246	26.567899	34.761395	27.192576	36.587496	27.356946	20.010302	35.103940	26.310908	26.203161	12.647457	15.455302	22.257085	9.780511	21.089723	26.629255	27.423024	14.028807	15.667257	10.284382	13.507417	21.943101	20.382878	24.400036	13.594769	11.559857	34.545933	31.104244	10.665758	28.800758	9.570458	8.641017	15.677150	13.908741	19.541707	35.197168	25.299399	35.819123	31.511866	13.004761	14.755642	32.210790	19.101296	20.841398	26.247948	16.714342	33.922800	12.321443	17.633872	8.826194	21.056025	33.004761	16.455520	29.714587	28.827270	25.871382	19.552292	33.918947	21.550459	0.000000	30.838741	32.048835	14.040531	18.296277	36.324880	33.446555	14.391019	15.863075	32.729385	31.556758	31.961675	20.680495	23.778357	13.274573	29.517799	27.980648	14.205191	16.517400	15.327963	14.416938	24.577379	26.485638	11.553435	32.065119	30.863077	27.775794	30.336796	36.369855	12.044382	14.186562	17.321727	21.848876	11.689934	22.393177	19.818804	36.508431	16.175061	20.262592
27.847982	10.902135	34.347709	26.476771	25.252731	18.994625	10.672022	8.199086	30.792783	29.532768	10.499251	32.479615	11.909059	24.102488	23.302663	29.585044	21.088108	26.599155	14.333475	26.181974	36.490896	8.475817	14.868661	33.091995	14.380814	18.193282	27.208171	31.955566	35.043119	16.923408	8.595963	33.251939	24.057683	23.975245	36.193593	17.597382	18.152494	27.717622	15.992658	18.865790	12.532816	15.367530	11.455646	33.773300	36.614206	36.559186	36.173167	26.930676	27.999997	16.738969	24.816780	16.629730	25.358233	22.519581	9.744487	19.815286	33.941008	9.140643	26.947377	14.305115	11.534101	35.934681	31.747187	19.188140	21.739917	22.645900	14.745388	30.966356	8.993315	22.554837	35.314618	7.535923	15.660820	18.001888	29.218855	35.056816	32.058674	28.179898	11.354724	34.193976	21.364065	17.957586	15.583991	14.011733	27.836175	14.663238	12.862349	16.024404	25.012178	36.396877	22.453488	23.697446	11.711065	16.629561	32.024117	29.770446	13.835726	9.457153	28.606348	8.813921	19.220937	23.259935	8.798429	36.131209	22.492278	12.871738	34.524639	10.051817	29.033241	19.978236	12.101381	29.984013	24.399490	28.553584	0.000000	20.396806	23.978890	26.753913	16.164812	19.879203	21.248080	23.703690	13.296001	12.055162	8.474652	15.292325	16.962364	28.358708	29.387764	36.272677	33.214661	27.167877	16.398560	36.394190	26.995608	30.735501	22.599890	35.490828	7.460950	23.981956	33.888769	31.171642	16.354424	7.729740	20.803787	27.884275	26.629304	12.399302	31.246726	35.726390	26.331099	34.321289
17.583071	11.683608	17.542088	22.993503	23.553337	33.594945	13.727180	24.237614	13.048358	12.027711	36.732943	20.985657	13.935095	13.261273	36.532370	25.318133	24.127516	26.387498	14.062969	9.669778	9.095067	34.790116	35.497402	29.513231	24.054017	21.587434	11.542083	18.403520	10.495607	11.294767	9.395475	15.489962	14.771112	16.168064	31.478353	10.881364	22.978024	12.204294	31.086961	29.993897	30.947615	19.482986	18.678522	7.697404	31.606343	7.738892	18.324879	15.009149	10.427930	8.209804	30.188366	18.646859	10.957432	17.528541	32.077641	31.125523	22.071472	34.134213	29.304087	12.607239	24.614309	36.496276	19.500086	34.702222	27.129204	17.235121	33.047058	25.035959	32.584316	12.926277	34.300605	34.769355	9.760506	8.417652	28.631387	34.394143	29.689283	35.096504	12.099683	13.082171	27.291356	17.330106	11.738621	27.056331	11.992078	35.731886	14.090458	25.530409	27.172456	9.610741	23.150244	11.477356	16.696601	16.547764	32.305923	27.580703	12.229652	9.304810	15.956151	8.636000	32.477696	29.518202	29.560790	18.668635	27.756859	10.346549	22.533964	25.947528	26.378813	31.172644	10.983234	14.838580	9.309192	7.614936	14.703823	0.000000	27.839891	21.955924	12.203018	16.075483	23.894548	12.195857	35.621447	20.727478	7.403282	10.354252	23.145075	28.231521	11.762476	11.345645	24.298482	12.450564	14.583505	36.390448	8.567935	7.487738	31.656700	17.960130	31.005143	28.521489	14.213499	18.153415	26.713631	27.011346	22.104318	13.889642	34.489496	29.565081	25.756086	7.602712	23.601808	35.469910
33.602218	9.621466	17.169664	16.574905	29.131672	36.698479	31.462076	28.470387	9.806181	27.517648	7.666742	29.971023	29.620725	32.449720	35.903997	9.793393	24.359719	30.955133	29.472400	13.656019	14.534253	18.729406	13.626118	30.739059	25.884624	24.023625	33.344091	29.484712	36.074403	9.515769	20.139383	23.126079	34.003005	23.007745	12.009444	28.079996	21.896370	19.915849	18.988520	21.332774	12.429449	10.856289	32.637629	16.652690	13.782512	29.876616	19.929519	23.232018	27.367416	26.257027	34.194327	15.283023	19.302119	16.356099	32.532056	13.336547	33.149926	32.275084	15.070345	28.909374	13.713175	11.509833	9.598716	12.497876	23.649363	20.633908	17.364408	24.452391	32.242719	23.044761	17.503856	32.189063	21.820159	21.622554	26.989101	22.681336	9.934878	17.734024	21.503945	28.985269	21.597911	23.178156	32.286299	13.197948	14.313199	18.681444	27.580872	21.591081	20.222012	33.950844	15.634633	22.182638	15.837406	33.394462	20.725056	35.810526	19.299818	7.692793	22.204577	19.747755	33.913760	26.150213	26.949011	17.509366	23.972874	13.735325	17.846064	33.228005	10.976632	18.479287	13.266213	25.786963	35.451448	19.024698	25.356433	26.990765	0.000000	25.376508	25.718769	30.206950	13.854130	23.685875	35.418396	34.140856	23.572955	24.565015	8.083979	26.983791	35.240099	10.666663	36.440330	28.589079	33.831289	23.912601	19.098029	26.053047	10.269251	31.184376	13.336201	11.737564	21.382563	19.524056	30.617506	26.828752	34.248200	14.818692	23.141615	21.193751	35.872759	28.977662	34.918812	11.179563
17.085828	36.700502	19.933791	27.696845	15.234629	7.548265	28.229282	11.201508	29.734413	34.158869	29.566962	17.992057	12.148552	8.766420	15.913846	17.104461	28.290047	31.647475	22.858713	13.921929	15.861756	28.406967	33.231385	8.183565	13.727796	23.749157	19.638667	28.680735	34.930537	11.419270	29.269824	31.950415	29.425454	34.547309	36.280601	29.095985	24.748336	16.686019	31.789959	17.633372	18.972129	9.757500	36.564700	36.157575	17.869422	31.811816	27.922678	32.901038	35.066598	15.521977	19.044956	10.004870	35.718756	29.839821	15.033542	29.879412	34.434562	30.144726	29.853320	17.805499	18.870824	25.946505	14.383033	11.669442	20.387480	17.616372	12.769055	16.241792	11.125042	10.791408	35.929003	16.487841	29.302486	33.711337	33.885578	31.471621	36.120271	12.554056	10.619161	8.687699	21.137233	7.561362	26.113289	13.871440	19.762062	30.044844	31.739693	9.729703	26.350246	32.754560	24.289678	34.096545	16.501156	18.872577	24.028387	17.097612	22.699781	34.653498	33.406240	14.510723	13.911275	23.846695	23.640962	12.167038	20.540634	26.046371	19.027056	7.619723	23.943431	16.828940	21.382384	9.862229	14.875300	14.529639	34.728509	10.915694	24.223076	0.000000	11.143001	28.393868	11.431840	8.580855	22.083724	27.504175	27.050906	8.947020	19.031178	12.760266	35.081811	34.352236	32.541743	12.702084	12.889452	14.999714	18.583692	20.293937	26.615063	34.819072	14.587835	28.344751	32.775706	9.181665	32.442290	11.159763	27.244336	32.525136	17.207976	25.124166	22.983549	30.854054	29.248898	10.419912
35.398854	24.271223	16.899089	23.979813	36.617644	23.980516	16.573689	22.817237	29.132703	23.674445	19.834634	35.869062	20.823342	31.304396	35.815859	15.441408	16.813577	15.431383	26.316883	29.504253	23.430593	10.504353	36.298273	12.165472	24.795667	17.892096	36.410785	29.199498	7.961232	35.774888	26.412391	13.954215	30.409732	15.840957	10.159081	26.706471	17.790433	15.333973	13.002991	12.723408	22.814321	22.506019	31.478412	9.066891	34.048276	34.597385	16.106530	30.869845	31.232308	8.029696	8.498955	22.049805	9.773397	14.913021	19.381757	19.142235	13.501250	27.590398	29.669837	15.487756	23.982580	36.187093	20.665438	36.496550	30.946452	31.266532	9.297543	31.237316	21.964235	31.960632	20.595044	8.235697	29.603744	30.312545	20.916008	21.995589	29.516874	35.590101	35.208490	32.346233	23.630569	32.969536	27.468000	28.954739	32.586373	35.696945	25.758011	35.712820	13.736217	24.638221	8.456340	31.886513	17.031697	34.068574	15.840879	30.277926	18.587373	19.107665	30.702801	34.420105	22.823695	21.963707	28.339488	21.262114	11.614236	31.672576	9.750731	18.489892	20.127372	11.154681	19.174858	35.399166	18.892274	7.444109	16.965353	10.278409	14.397033	34.681746	0.000000	19.255431	32.171481	9.194859	31.666929	15.984459	18.777174	30.165510	9.481211	25.828570	19.279758	17.290694	25.096046	13.372816	17.195342	8.222239	10.724410	29.045837	17.357012	9.140734	19.897388	26.965312	15.508911	20.903682	22.204203	14.705884	18.438649	31.892016	22.387447	26.972314	7.998483	30.421667	16.230115	30.942255
33.645320	13.735274	15.061446	18.548038	17.851133	33.662686	21.456735	35.560916	24.363559	34.121696	28.928532	28.111402	13.443069	25.514748	14.013336	26.004635	14.069305	16.515046	13.289730	13.989168	8.709525	20.762910	8.481464	11.704768	30.973878	19.445647	21.045759	34.661500	34.406009	34.042877	28.379439	34.779438	29.937755	30.830041	13.319561	22.173159	7.620371	18.700401	10.480901	25.583955	11.196544	11.284639	19.619165	32.054859	29.041807	27.359793	36.335044	11.775021	24.837078	34.277095	13.929996	32.939790	16.354440	33.370753	17.628005	31.203749	36.125086	32.497114	21.327541	16.159325	32.553362	34.423613	20.599317	8.306385	9.067395	29.532193	16.275136	29.923543	36.072197	33.253901	14.198586	20.069415	25.145925	27.901383	27.028804	30.930526	22.763829	20.800004	9.906097	31.273099	33.947007	17.426970	33.922450	10.797831	25.449962	7.807495	19.173619	30.784566	20.006808	8.857193	9.532433	22.584502	25.372411	7.583765	23.341196	8.217665	19.395608	27.240949	21.119440	28.572884	13.787005	17.809656	17.693781	8.594246	29.368229	14.122664	10.575443	17.425645	24.340021	25.591322	11.502882	32.064396	24.335829	14.612280	36.127471	22.495965	30.201194	35.335293	19.313726	0.000000	8.899685	29.031976	33.933401	21.793899	26.588193	33.602875	19.561164	23.333468	10.034208	11.254972	12.878406	35.072743	22.163530	27.324802	27.123249	11.985173	24.545681	22.972578	32.210433	11.474249	16.827649	30.688712	36.772935	13.469583	25.778408	10.577186	19.123863	19.679093	24.003267	11.594067	29.877815	31.575645
10.438707	13.281858	31.856892	12.015236	34.213489	35.089978	7.511851	33.526535	30.929141	28.269376	12.755603	36.248395	28.041941	33.915699	27.470069	32.502148	34.664769	34.441109	17.976879	18.952982	16.416358	7.643334	26.931778	22.006303	30.591441	7.638903	21.445434	33.419739	9.607161	16.100711	35.051376	21.171178	33.510607	23.537814	12.994046	31.416752	17.097916	16.541586	15.252454	25.831531	9.694615	28.402024	24.216421	17.847882	21.720443	18.012648	15.288846	21.996201	31.480155	20.766296	28.079805	16.021214	16.598531	7.690125	27.207405	9.259147	21.736060	21.742446	35.493702	25.303387	10.175659	21.080744	22.272013	24.775256	21.041182	33.287045	29.111300	29.119470	16.716166	11.242453	14.251508	30.652690	27.462603	16.081132	9.549661	21.355531	25.960578	7.553829	19.782772	13.616927	14.757091	33.991462	34.455966	36.324383	23.265724	10.015065	9.710052	24.360904	16.050733	15.412955	29.788190	13.532917	11.568472	34.758799	34.483446	33.765233	17.021211	25.643966	20.155974	31.041848	9.082415	19.672659	7.411879	33.407936	25.894185	19.981320	33.056450	16.861509	32.882827	33.404746	17.368882	29.924585	27.960423	24.610949	36.283765	27.638168	17.361660	10.613405	35.783867	21.257942	0.000000	31.954102	8.735048	35.489333	25.147726	23.463162	35.972851	9.527730	15.962789	28.271962	35.589786	33.474595	18.969849	30.171746	30.419766	23.451570	30.973211	19.613145	21.700100	18.361947	10.806858	33.468851	22.089679	29.641310	25.125122	21.259837	32.343159	12.157979	15.565734	32.625866	36.705158	16.887788
12.330523	13.103245	29.592048	20.795763	31.766882	17.596911	28.938110	27.291450	28.829503	8.239766	29.713619	23.623152	15.066730	10.336969	11.866523	36.716864	19.579238	31.233077	21.332289	30.842273	29.166435	25.283070	36.474157	22.833808	11.978763	26.029514	35.907068	31.123649	25.446360	19.802892	33.055989	18.910986	33.268615	35.939481	14.599561	24.800220	20.644006	35.324690	9.587687	24.977412	25.413107	17.051978	16.708277	31.129007	8.843768	18.657222	26.228529	16.146127	25.110471	7.751281	18.870571	30.032418	20.387794	15.492608	23.623396	17.449719	24.780811	22.379026	18.113114	27.117571	27.241530	28.618831	35.118305	27.896900	36.129386	23.772449	10.223571	11.658143	34.460351	34.217317	34.021113	34.892425	28.535633	18.648458	10.249777	30.408665	36.429941	18.444682	35.170345	27.167758	23.580528	18.936187	22.800774	32.520824	16.480528	15.696376	13.356528	16.742516	33.442862	34.745876	27.368052	28.234030	14.808180	29.201537	23.938353	22.447663	7.627112	25.468083	21.868426	29.712568	16.691544	26.237604	33.117848	24.527183	29.890166	16.755483	16.541446	18.331999	25.768639	27.027906	35.221599	32.133267	18.279361	21.501963	21.393409	36.269277	16.587526	13.959838	26.791913	14.071143	22.887079	0.000000	29.925212	29.056880	28.921312	27.049361	10.857056	28.363191	19.446520	7.747287	8.229452	22.701708	15.657335	22.255795	35.748031	33.624182	15.689501	23.678123	25.515550	29.228642	15.638122	29.391987	33.833646	16.132563	28.763844	11.135809	24.876286	17.986268	27.316555	31.530184	20.152406	34.364558
18.631303	11.232835	18.494727	15.075090	33.350700	29.589247	7.755623	22.288492	32.959181	8.649337	21.927665	8.529554	16.494830	20.429072	31.508243	19.796851	35.061660	25.310390	27.306676	31.776976	31.668161	13.196776	24.962189	13.303279	26.112850	31.819480	9.600677	12.608334	22.575264	9.098745	22.475798	16.576061	35.644913	18.925837	14.159831	30.517070	14.511903	14.782065	21.555262	30.772996	7.614709	31.423306	32.522445	35.411421	13.195692	30.676139	17.362237	28.129885	28.434327	10.620834	28.699541	16.480238	25.583575	18.907995	16.528297	19.209438	17.806357	12.440755	18.297421	13.256861	27.276969	32.426552	31.687193	13.264347	17.470167	34.488518	20.615501	34.592261	30.574407	35.256809	31.396784	12.893319	25.924938	20.972033	21.595270	33.947656	7.572705	9.344342	22.376495	34.666738	24.607098	19.936067	30.947350	16.592894	21.834309	12.400390	17.551436	17.411542	14.984293	29.671893	7.545912	9.897148	25.528380	20.525385	9.990154	31.790456	17.276922	24.917642	27.103571	36.064358	23.905838	31.229982	23.281936	16.412575	21.403400	22.153764	19.350530	27.290425	22.151710	20.904475	18.468319	22.408982	9.914468	25.085537	9.177922	9.106657	14.169509	12.489732	11.673197	20.552427	24.064543	24.878357	0.000000	27.389130	14.465004	18.562731	26.641144	12.339620	23.324462	12.999931	26.643582	18.544352	16.366705	13.164391	16.765790	8.592699	15.542000	25.083515	16.382217	11.312274	17.935545	9.759814	35.697990	8.767287	25.382825	17.098248	20.126089	7.520003	26.599843	18.553526	16.344981	9.020318
32.796567	27.393877	21.726062	34.908987	18.362953	36.679911	31.138407	14.180771	17.832913	35.980019	33.643990	7.516943	20.267870	19.772304	31.230749	24.638382	13.101718	23.272338	30.813929	17.683295	31.968219	15.431498	24.180959	20.503783	28.678628	12.185858	22.693538	13.111141	18.256049	15.634711	12.335558	19.530155	34.593476	13.571981	35.932978	9.655793	31.667395	27.192885	20.368424	33.748438	32.346716	18.162107	34.691762	11.896311	30.806549	13.674899	10.181234	20.156919	18.235778	12.074158	36.534170	10.229825	24.375098	12.252751	32.939960	33.662469	16.429048	9.147873	32.520927	14.273694	18.336439	8.014656	21.279854	28.726335	27.478549	35.994598	13.578272	36.521777	21.630634	8.484342	16.235120	16.512653	34.206882	21.483681	12.586223	9.465542	32.537381	35.286568	33.546723	14.685202	29.123247	15.409634	23.038306	22.367055	13.741433	32.112803	29.069926	15.262112	35.550061	8.425902	30.545424	11.158387	19.563480	17.341671	27.538258	32.832075	25.072140	14.866304	18.234175	30.667026	13.574561	21.775175	19.366761	19.327389	12.735203	14.097596	23.793447	16.145195	25.052634	22.307322	24.008860	8.519093	14.099466	8.919462	16.171326	30.471213	22.486182	26.833442	35.951616	26.111641	19.779622	9.911728	15.755076	0.000000	8.011181	15.962226	34.676828	24.321987	22.648574	9.167470	29.128028	9.361656	33.217404	35.989680	31.244388	15.231675	32.324160	29.581131	34.200611	29.486740	22.081287	15.767369	35.266610	27.940223	21.404294	15.426784	15.184379	23.543651	35.350126	19.445068	15.876104	35.540272
13.996470	18.244799	29.575453	31.969477	16.076028	18.184178	19.424467	16.507309	25.422025	26.244148	28.334982	27.578072	22.533094	26.074813	17.240924	31.009347	16.477447	26.133158	27.150912	13.421906	24.499541	16.779070	29.156150	28.664082	36.472802	23.991158	15.963219	17.368413	8.721407	25.691919	15.987297	11.962738	36.647644	12.968235	35.007038	24.150206	11.103110	14.892802	24.552856	29.798782	34.841333	32.529276	29.987625	36.356762	32.535570	24.731170	36.200000	32.922425	35.697975	31.819993	22.808229	20.955229	18.623686	35.037430	30.825559	34.301359	13.642468	33.280818	24.059015	27.375516	32.511351	35.148958	34.977120	25.554740	11.486835	19.859579	32.239612	27.138010	19.590608	30.938138	30.058686	32.911199	17.319999	30.369004	10.053014	10.918777	22.045355	15.833860	28.959473	29.795524	18.417585	7.980769	26.498355	15.137951	23.162877	26.110357	35.929639	25.984081	15.774118	32.040869	9.268816	9.520410	29.814835	34.110181	29.265645	29.261418	22.751802	21.831839	14.245102	31.305234	10.546357	16.473303	31.700852	17.273062	19.176279	19.699355	17.564397	10.516366	14.413752	28.939505	27.373052	17.377108	28.587720	32.340790	27.572813	12.536492	21.083202	8.508311	16.729873	16.805601	34.154739	12.191879	11.342207	20.465259	0.000000	21.517142	21.501149	27.030472	13.002798	26.935570	17.160962	25.853643	18.949187	20.912105	23.515754	21.524269	7.421954	7.787715	22.692389	32.767274	27.044250	12.622686	8.963786	20.115534	14.313084	30.612529	22.476046	18.139767	15.073373	27.906832	23.605940	23.856257
10.465024	12.898683	34.712292	22.515979	14.192225	29.796865	14.768989	14.564318	23.280539	19.312362	12.312554	19.807877	12.378831	30.171193	32.109795	17.522209	17.282432	31.560062	30.645843	23.856470	31.868890	14.965313	15.869684	29.571233	30.208143	32.220682	10.326758	13.788173	17.706280	30.442608	22.709313	15.010840	15.309983	16.887524	17.794542	7.857985	23.159810	18.452266	33.230065	11.260078	11.437032	36.778111	34.425408	36.461346	21.180451	36.765461	10.872023	10.868962	32.719051	30.420085	30.102749	22.693603	36.397627	36.370740	34.778050	19.130890	9.122875	25.778836	24.537541	36.689303	24.561085	11.425793	12.380749	15.554538	13.815322	19.257289	25.841514	25.449020	14.680216	32.175116	19.889771	8.461293	13.159344	27.051444	11.243226	15.755531	26.468576	21.140075	33.095199	11.782146	28.602759	17.791130	15.536638	9.276272	8.100290	9.714095	29.561088	19.576444	24.215211	17.185603	17.803052	36.657631	28.197400	26.287635	36.532963	27.204571	29.711304	22.662092	26.621262	12.828138	11.981652	17.998813	22.966576	11.772452	36.056566	16.285445	26.464737	7.383061	31.849923	33.716539	8.036560	12.684631	20.110632	18.414217	36.273901	14.093433	23.382857	31.380404	30.673561	23.262988	34.111388	31.846241	34.648736	32.785169	28.691699	0.000000	11.830122	12.140577	23.460229	11.859496	34.043078	12.517770	17.680743	9.374481	27.259105	29.795084	20.163641	21.273686	7.853219	31.484500	34.248762	22.824766	30.795190	34.223572	30.640182	9.606688	12.924992	15.134974	9.642653	33.223915	7.868922	11.229626
24.734843	22.803496	33.711423	32.271221	15.630191	30.096018	36.676453	31.297677	25.802287	21.353984	30.698144	36.374718	13.083772	20.912785	13.915913	14.780309	19.111403	24.198635	18.931777	32.805158	8.208512	7.756688	31.971347	22.204349	33.879132	28.107055	12.827421	33.389640	14.254310	29.950285	27.675959	8.763223	33.381046	28.942515	23.559976	9.929776	30.677762	32.739172	20.457278	14.209390	7.694126	35.184277	23.682930	35.559644	30.328226	16.913719	13.009900	32.997595	16.540289	17.908251	25.010882	34.189407	28.706359	8.960185	18.601062	31.202609	24.594122	31.438613	17.053847	19.640362	22.420345	22.064991	23.208478	13.528372	36.733104	12.516430	19.098404	20.063719	29.689625	22.599650	29.150077	25.382085	8.373748	17.847950	26.867323	13.513313	32.533511	36.491878	24.090016	20.685917	12.587271	13.113622	26.681625	26.302387	35.314760	15.755002	26.632940	24.917141	28.497227	27.994568	16.230654	16.714268	26.843365	22.264411	14.756141	19.927137	26.791782	20.568857	23.449950	28.603589	12.928423	26.729067	30.508223	19.025952	13.453064	21.659250	12.162321	19.686761	23.330086	23.339526	33.493736	19.226178	12.498809	14.834296	13.410364	35.620054	31.297792	28.286569	29.749955	36.087873	7.841891	34.205914	32.577445	12.867004	32.474926	21.049890	0.000000	19.778911	29.072393	8.859074	14.035844	32.082892	32.676789	23.415645	31.189918	26.758749	8.194198	20.334521	32.365533	23.214210	35.158677	21.102997	33.735885	8.345612	21.312937	18.170001	17.277543	14.944271	33.260556	16.435034	22.415983	12.652516
27.110759	15.277521	33.607336	28.024384	29.474144	35.404119	28.984481	25.674309	26.015374	20.207390	30.226106	7.605749	34.760446	34.697751	31.407388	17.295527	27.436278	28.753251	7.644890	20.145889	26.567232	18.221809	15.056317	8.838185	29.385262	33.272229	16.214327	19.499898	16.615648	26.519671	19.632557	36.503647	34.309287	9.498505	18.530159	18.124443	22.249703	15.570318	31.871004	21.896952	12.655107	10.673081	23.713160	10.777954	20.945701	15.397604	12.318808	29.286296	25.333820	35.570916	36.128401	18.145353	11.145825	20.562326	36.691270	14.239093	26.693066	25.560814	24.165452	33.634750	27.195364	36.021444	16.022301	8.774860	21.792677	30.405510	18.544346	32.809900	7.365206	10.691822	19.276357	32.516817	13.249895	20.956791	12.244774	11.711709	8.199351	26.253074	15.232697	34.704518	28.689184	21.373913	25.335675	8.582757	11.235253	14.063678	20.389367	21.117813	35.691824	18.655658	27.136567	17.592611	11.994192	20.073600	10.040022	22.111900	12.736163	27.013545	13.456194	31.926717	18.145602	22.293536	23.617595	34.237721	16.843408	7.832817	32.582642	12.837618	15.515848	10.897120	11.436111	13.556152	19.329760	15.610050	15.064862	27.689745	22.775699	9.447936	25.952309	24.418225	35.724327	8.360098	28.066157	34.683453	9.121857	20.893181	17.304719	0.000000	27.743360	14.279066	27.861885	33.282268	36.105637	8.283536	11.558431	20.735823	14.299137	29.294144	31.510424	26.432550	28.650695	11.891510	18.008695	36.388572	12.471407	26.123140	12.913671	23.086861	24.622503	16.520736	27.775408	15.869040
9.514944	10.580256	9.590055	34.066756	9.325347	12.762194	25.753996	27.072504	30.057123	31.648068	22.124619	18.693629	34.169680	25.734750	16.886410	23.923615	26.640724	31.143336	33.023415	7.433305	21.208680	32.589993	32.146091	15.109352	8.721341	22.728418	9.903942	23.188426	13.572452	19.119367	13.594520	13.024761	28.802404	32.063938	31.374751	36.145941	13.253599	36.309968	7.662485	11.377154	25.012278	30.916900	33.743585	19.270542	29.804781	30.066518	12.755745	15.583718	31.564709	19.010635	13.286340	23.141598	31.608778	20.516279	10.557446	18.726706	28.445681	17.328858	25.220048	32.693040	24.967757	19.260682	11.193067	19.910061	8.598579	15.872186	26.768391	33.994641	8.195891	26.434818	9.696936	19.753345	32.546175	9.280635	16.952205	26.979248	20.356412	36.300656	33.525576	11.801997	30.580332	15.140502	27.683818	32.351134	13.074161	10.852885	16.657659	27.693311	20.611677	30.473363	32.731444	18.265335	20.901580	17.547160	22.373752	16.289253	24.270514	19.575963	7.922232	34.404050	30.634690	26.472604	9.733733	22.402121	29.770296	8.750636	36.439004	30.595361	13.785485	33.331412	12.570931	9.612529	17.402165	29.453303	23.012515	8.069013	33.722449	22.184098	8.172053	13.927135	25.928616	29.219681	26.263367	16.086150	15.347378	22.359444	7.808026	34.476709	0.000000	9.382184	17.510381	22.322738	20.256900	16.509219	17.119470	7.685472	23.223661	27.941877	31.541897	18.478017	14.439009	16.112681	29.129338	31.265496	21.138378	13.571388	20.997265	36.245438	31.782092	35.612198	14.036746	10.688833
34.548051	30.037610	15.340453	20.513814	34.781964	21.508148	20.458397	29.393443	15.486857	12.530906	36.468998	27.050731	24.800450	17.087955	31.512446	11.431415	35.889443	23.988964	18.757547	25.545172	30.151963	9.867841	29.626516	14.861259	20.358438	17.959301	10.049021	20.987543	24.676288	33.035972	29.563363	33.962995	22.192718	19.361488	7.649590	8.823950	21.728659	25.465283	18.414869	33.723581	25.794173	28.144445	19.610127	36.404808	29.345160	18.370156	19.922525	8.298259	14.747006	25.344910	17.450480	22.211341	36.276731	25.590480	9.323108	12.153338	22.023934	17.722565	14.751550	18.268562	33.217870	22.568854	30.504951	24.852599	13.265718	31.760829	34.409792	36.212356	22.892131	24.584323	24.162543	29.996076	17.995965	16.562559	15.976620	27.064282	7.580743	27.200802	26.562809	34.854993	21.546465	21.988878	25.367287	20.390246	22.666429	21.889578	21.334517	9.465873	13.372387	13.292329	10.448085	30.909271	14.471987	30.724012	28.507498	26.622198	35.549908	13.885058	29.478764	20.876890	30.644074	14.020626	32.597658	24.853689	17.820700	8.705759	31.783405	9.354096	8.763157	30.203863	26.833161	30.552855	19.191255	13.975684	23.993921	13.939843	34.048004	32.192825	31.991045	21.058112	8.938542	27.952934	17.071939	24.223297	19.847858	10.565375	15.192744	12.886381	8.953274	0.000000	21.752032	20.238348	8.933497	8.443340	27.543626	31.920343	25.551933	30.765420	15.593972	18.548604	23.951569	31.691587	14.720926	19.514338	13.359334	10.060169	10.291251	17.914485	18.744556	30.077678	34.282973	20.423426
27.033200	13.469900	31.126036	10.131283	19.542057	12.418129	30.033115	35.578792	36.182751	7.608512	10.947646	30.596579	17.667457	18.788963	7.913508	20.325153	22.605590	15.477838	21.831758	13.835699	21.272805	33.204218	30.383749	10.749790	9.782250	30.950105	26.334265	11.825064	8.821502	12.972634	19.827342	35.444470	13.863984	26.269259	25.327831	30.111118	18.724325	31.984983	30.507799	25.206513	10.760532	27.002651	22.140119	35.919170	20.161675	21.899646	22.374969	10.050420	32.462071	34.360218	22.693043	36.261142	21.297039	24.478564	9.330613	31.067513	21.297985	10.216525	26.430625	24.142536	24.214047	31.523476	16.255705	7.518588	32.256791	14.672173	35.075091	17.027528	36.181632	29.083757	35.556061	10.211473	32.289604	17.900956	20.982835	19.732697	36.386377	13.758470	33.620898	31.779317	22.634086	32.219185	18.646341	7.527208	27.591406	19.075833	21.567662	11.888555	21.626628	22.133495	19.994529	35.202079	25.489579	14.452137	21.519356	22.444114	29.489940	14.131390	35.261139	33.573096	35.187558	31.584464	13.733753	25.603675	31.623360	24.093799	34.635723	18.256734	23.588482	12.459179	9.033945	36.064584	8.942604	10.326026	12.743755	15.270419	7.981457	29.677858	31.382028	11.915509	9.993525	34.826025	7.630797	36.458228	13.677114	19.213264	21.798235	12.989890	26.250119	13.262756	0.000000	11.476080	24.639152	31.539303	20.171915	27.417832	33.094900	25.161762	26.969518	24.521894	14.834223	9.691643	16.716963	36.666102	29.611568	16.091068	32.508646	12.828509	27.726478	10.090347	21.869677	30.690436
23.199777	34.717199	26.287992	20.515077	29.033381	32.451078	30.606940	35.108346	21.038384	14.690826	12.658460	28.546600	19.528200	18.709923	19.425530	14.950386	16.289924	25.202273	25.449412	25.588582	21.731113	34.057823	32.077397	12.171578	29.167759	11.991881	7.668939	14.509461	35.442773	29.972152	24.992244	32.449971	28.097163	10.617396	7.589709	15.562031	28.264157	16.630546	34.076374	19.807853	28.778619	16.737165	34.010833	12.107815	26.257847	26.770575	29.576364	32.761564	17.078422	35.305678	20.852512	16.938499	19.217573	34.304121	20.490336	25.303334	12.827289	20.014689	7.651143	24.502947	28.806107	8.247085	29.677219	31.824959	19.134184	18.972565	20.997125	21.821156	30.253439	13.971800	30.688125	23.925227	8.621901	19.652937	34.491991	22.027585	24.123727	17.347504	28.493957	11.872271	31.015773	32.161347	15.974699	13.352586	35.326701	27.547643	17.445560	15.622175	32.514260	10.271747	18.385074	26.375566	11.975010	14.333567	33.715333	31.164214	32.087658	28.206308	8.620360	18.500215	20.287257	23.784233	16.302834	9.842255	29.926477	13.244013	13.689296	19.784302	30.837108	13.262560	10.764126	33.622894	10.622698	34.826904	32.826772	32.843069	35.464227	14.095148	33.505101	32.265973	26.138394	9.204329	15.131976	25.146410	16.628420	10.534262	20.691292	22.307105	8.305665	13.729692	19.894948	0.000000	15.567594	31.188468	30.068326	26.993177	25.431675	30.239055	11.667785	16.815372	8.430825	8.247273	34.134898	28.721272	18.652755	13.982634	23.001060	19.474009	10.878876	24.901771	36.449639	27.340550
18.652137	28.967380	27.896804	16.906596	35.743074	12.136482	36.709303	18.300302	24.342661	24.391225	32.627672	17.524839	8.274999	26.409347	36.462257	11.985766	13.852377	18.219693	33.680925	26.626065	30.548872	25.534510	32.546622	18.914320	26.516581	12.558197	13.039647	32.350455	10.559442	26.548312	10.692178	30.002214	30.761212	17.227928	10.175126	35.193477	31.824188	9.533814	16.254074	34.270847	30.336460	10.554067	33.150677	17.251421	11.990669	19.632442	11.652814	27.054841	18.260125	8.346757	19.416589	34.023997	33.714032	28.015961	20.016962	29.714619	26.114365	32.172194	16.201479	19.634806	17.313058	12.508123	16.824818	21.736256	32.912593	24.614776	21.701928	15.596631	24.994346	15.640145	34.843032	34.728855	17.648254	20.142334	18.117642	11.846506	25.756709	11.419329	30.311946	26.117163	11.209069	21.100652	34.199433	35.445915	29.193758	15.180922	13.891776	28.615148	21.475365	8.469299	12.811423	12.785906	15.693444	12.998965	25.188774	19.998820	36.211305	25.813382	29.910575	15.842070	27.724697	13.143949	19.243089	11.125742	23.512437	28.327693	20.310990	35.852897	30.736457	25.744387	28.682697	10.561447	12.823255	16.806322	14.028880	12.772913	17.372251	23.216541	30.646093	18.201375	33.494887	19.310610	19.326943	36.235550	12.779185	16.630962	16.166675	19.035753	28.938766	31.188607	22.379824	30.239520	0.000000	16.562002	12.875720	28.825176	33.711429	35.183669	8.424556	29.065227	18.300656	29.919405	19.665071	29.598322	11.868109	30.281146	7.722003	30.581915	15.419587	35.555750	17.073103	10.253886
23.580614	28.524514	29.033041	22.508845	9.408538	16.163691	17.971981	17.974425	21.416600	12.632259	19.194735	27.064590	10.875216	26.722387	8.407567	18.827053	19.818901	8.623023	13.696268	24.273845	18.702413	21.168469	23.917515	35.349518	20.313272	27.115723	23.590365	21.179410	28.539942	12.265681	26.700529	13.788385	15.589037	35.058490	34.080858	11.847247	28.315436	15.547700	22.869923	8.735513	11.415432	19.326600	14.150556	18.665708	19.560557	24.998720	15.039436	33.526740	7.826843	18.417966	30.501634	30.607934	19.292803	26.765857	23.407315	36.774851	21.868158	32.546482	20.740901	25.770490	10.101637	7.998382	20.771694	30.608288	35.152618	25.578749	9.322778	33.838982	28.336332	21.255161	28.992315	13.932745	36.298305	26.153234	14.461209	28.728726	13.783022	21.622997	32.986986	13.395670	12.027953	13.790691	28.568987	14.037887	28.310827	13.047296	11.185580	17.061171	27.249057	28.552160	34.270516	24.679532	22.174664	30.538670	15.253120	35.642797	25.553022	21.572207	36.039424	8.742893	29.302169	26.062763	31.818298	21.041345	15.128036	36.129718	25.932404	14.716811	9.969664	21.196253	14.908781	14.722479	31.344345	25.139763	8.076633	27.873328	14.726398	16.764627	35.086729	18.482078	15.562362	8.659775	17.248737	31.271327	32.873740	30.196900	35.893724	14.818457	26.956887	19.454212	24.192173	32.666726	13.841827	0.000000	18.153975	26.695554	27.333219	22.626140	23.553295	28.698263	29.441781	20.778276	27.337042	7.894140	26.629382	24.633423	8.813404	35.851302	13.152115	11.060329	20.967902	11.450147
17.385119	33.868713	15.948411	36.072653	14.281226	35.511932	15.875619	16.654800	28.305574	25.140747	19.553916	33.408675	10.904311	13.961892	18.423865	24.149619	29.739844	21.767602	22.823318	18.416236	30.188725	31.353034	23.606904	18.669096	20.792101	8.992248	17.704319	17.526577	31.709641	16.537718	21.141272	21.767169	10.309354	35.831114	10.939500	16.160943	31.408602	8.764580	27.046024	7.855742	29.767476	20.424674	16.735685	32.042992	25.800059	36.243446	17.164573	8.213272	32.470831	32.246260	20.321684	30.457892	14.658719	12.425866	35.166160	34.604868	17.123463	22.964063	16.451792	33.370605	14.390831	17.187907	15.342311	8.721785	29.167682	32.666545	17.856241	34.283310	29.772168	22.662920	34.617498	12.127297	11.419579	29.633965	32.441641	31.245641	35.278378	14.274034	29.378589	9.708801	12.819582	10.003312	15.889439	27.385384	15.075355	20.545979	31.092567	22.789190	13.148753	22.014401	11.014445	7.827277	21.762596	34.064206	14.312615	7.776398	28.462088	32.836020	30.093754	35.915871	17.966767	15.612118	7.362301	12.033146	14.971061	12.131570	15.794345	24.587410	21.587096	36.031690	22.476878	31.292087	26.129497	29.517654	33.315648	19.581866	25.981681	14.930224	16.599236	31.448844	7.571264	10.744165	32.866823	36.299589	24.591778	20.576176	23.405832	32.739562	11.502934	8.139520	14.698781	23.052948	25.333220	27.298509	0.000000	16.721576	10.644632	14.967195	30.762441	25.286973	26.327287	25.522016	32.840694	14.269278	19.547943	26.843630	19.705005	19.251762	24.276753	13.768757	35.641903	14.892101
13.001521	7.986004	34.161765	21.856558	7.430070	20.277811	27.779831	15.028371	27.454191	27.307233	19.368228	16.828660	29.872299	8.234030	33.611439	35.973113	10.698770	13.876586	34.392585	10.820939	29.291154	19.034300	17.491978	19.502789	20.374941	22.226301	24.796688	7.703169	12.920377	13.117854	31.086665	16.301548	28.186473	32.612831	29.000480	25.934439	17.998068	23.791480	8.369824	33.885877	7.400269	36.576169	18.357766	25.996863	20.768031	33.539801	24.708737	30.389719	21.911586	34.061899	7.816969	26.754761	15.850591	30.821807	17.130911	28.642423	35.156864	24.774858	18.420292	20.009657	15.764098	23.654681	21.876519	12.073038	35.794478	35.341788	31.351248	26.159081	24.428838	33.392397	14.465666	33.002161	20.990374	18.001631	17.172806	12.182132	29.852015	28.234790	18.658312	35.342049	25.981303	16.093297	22.000720	12.279391	14.258390	7.841479	8.960402	19.308975	26.491627	23.657543	15.936109	23.179852	12.849763	19.526179	29.159371	34.207398	28.833686	32.392536	29.210628	10.231696	14.710153	33.559225	29.247759	14.089119	20.502695	26.592542	27.916514	19.611922	30.394866	28.426967	20.604792	27.716411	27.791249	36.694156	27.471274	19.301328	35.853078	36.275484	24.711746	18.202725	12.864397	26.768786	35.128604	24.788871	10.821581	33.911565	13.201149	18.228873	10.863246	17.968527	32.316353	12.201558	19.806643	35.513752	25.096774	0.000000	22.681610	23.783788	12.523141	17.897155	22.175787	23.533487	28.693749	24.472055	15.186298	34.991415	28.588771	7.786691	12.758379	11.437357	17.396853	22.461399
13.310230	30.841476	10.303166	35.178139	17.443392	31.378668	33.520011	11.195203	11.296433	24.633673	14.633822	25.864071	28.352254	35.098397	23.691536	21.131636	23.630103	35.691639	17.189419	23.962274	26.733955	24.550611	21.171762	7.511688	28.169905	7.470730	18.761822	11.144094	10.360694	32.349255	21.430142	35.159901	33.788044	14.575017	14.204419	34.122824	14.118141	17.873645	35.083348	29.680497	32.966099	7.540181	28.684468	28.077152	26.581300	36.145924	35.993421	20.557294	26.169097	20.018068	7.994478	23.170217	31.532699	16.487648	34.310175	27.955033	34.137992	25.652329	33.365167	19.911280	16.272935	22.436455	35.735195	20.426550	32.188012	14.999394	17.946246	9.398192	33.766533	15.275836	16.173998	11.764613	35.111047	32.817436	21.675300	10.877749	18.388884	10.559849	11.011459	16.758935	22.248458	7.996205	7.625726	17.276559	19.130268	33.888312	15.719041	14.114255	17.305539	15.311443	21.486821	25.388062	24.230591	19.193746	36.601070	32.610340	31.951168	19.403694	12.269047	16.080566	24.514404	24.963426	21.232472	13.026311	33.224020	10.197629	16.972738	23.614724	31.732147	33.636395	17.885171	14.998137	7.397402	21.395604	33.181063	13.073369	32.893163	26.246495	29.254044	12.159071	25.946041	20.634545	26.777942	11.387870	27.141907	34.577259	22.048335	12.117567	19.040748	16.238707	18.720396	28.525122	26.737853	25.821292	29.655931	23.282236	0.000000	31.223415	23.113249	31.076672	24.996961	19.451714	11.726229	29.872064	12.404373	10.149752	21.701738	12.205573	10.679188	32.415148	12.763852	9.756139
35.833208	26.717892	24.394443	12.268380	25.129699	28.088138	32.081420	9.905255	32.327552	27.667244	13.940114	36.286156	31.551789	12.288997	24.883043	31.761660	14.873351	18.920044	14.170623	17.666260	12.561256	29.099602	8.012961	24.256137	8.842931	8.768693	31.990464	27.803797	26.689655	23.145892	17.857666	20.967256	34.777135	22.524188	36.488753	25.190961	31.309054	27.736378	30.147805	16.214175	22.556556	36.101612	27.049619	15.967191	18.382573	31.421240	12.056098	36.702847	27.874272	18.801843	33.479479	33.322652	27.063295	24.034820	23.886551	22.267564	36.703560	30.850803	26.692959	20.940890	31.736385	18.700489	7.580827	19.934857	15.207146	11.615495	34.663118	31.071070	9.820256	24.147777	12.925028	26.426593	20.009720	19.530197	25.643319	7.594900	26.590924	10.513394	14.200800	31.577375	7.415588	25.875759	9.203685	26.918296	26.572846	15.130220	32.361708	15.756923	23.280487	24.204050	24.192639	24.500050	18.455861	19.190082	12.282484	30.698603	31.338811	15.219365	28.100309	27.639899	12.756072	15.372295	35.456705	28.920656	7.696904	26.214220	32.371414	18.708060	12.723578	31.294670	12.979038	29.541386	23.160433	32.091548	28.715122	21.897956	33.290909	13.049346	11.182199	36.346281	19.434545	13.136817	19.654446	19.487331	31.069250	21.498612	32.525694	32.409549	19.988329	35.177323	33.251457	18.339936	13.551383	7.563483	16.589994	8.825875	33.547315	0.000000	21.027524	10.866119	23.408411	13.485462	14.225543	35.062567	8.569072	20.267698	26.692874	19.571954	28.089890	17.134075	15.663635	26.005557
25.290505	33.286780	9.296229	27.123526	32.302845	22.909916	9.822643	30.581833	35.575895	28.930053	31.775135	14.383965	21.438093	19.799901	21.429447	30.385630	32.762428	29.061998	20.522465	21.912956	20.319209	33.049131	15.097945	26.862928	12.543788	19.771104	30.231289	11.980975	16.832220	28.688293	7.768804	27.188699	21.418316	27.918894	34.369895	24.971835	30.826985	22.235805	13.556952	22.148635	19.554185	19.845693	12.351776	30.051196	34.979189	30.750640	19.715706	30.928873	11.937216	9.408777	24.635188	25.996294	26.587847	20.813389	35.269775	19.371413	12.168090	8.539463	17.782420	26.680851	12.996171	23.366478	33.634934	10.574770	11.214583	12.055926	11.813502	32.534779	30.030829	13.317897	26.378081	19.853305	23.712354	10.802639	22.730750	21.815738	20.219319	31.274663	34.045914	28.838962	11.557329	35.215544	34.084995	34.092671	22.063753	8.878052	25.161440	31.132993	31.544614	13.963431	16.091527	32.623512	28.908674	33.744394	12.052776	26.328042	20.795336	32.317784	8.815061	27.292714	16.678171	19.545467	24.555136	18.215828	9.377001	30.020925	21.626873	8.419070	26.546557	7.512916	15.305730	15.464559	12.159863	24.032502	25.291776	33.958908	27.089327	11.285183	22.243019	33.209639	13.433919	27.207529	12.211049	34.774472	12.408052	20.131872	26.452870	24.482144	20.888971	17.718148	27.283757	27.097753	14.715998	12.994478	10.732411	24.403481	9.731648	29.632979	0.000000	32.444670	17.863264	13.387587	11.878682	18.351690	15.615274	21.701603	21.265600	24.907447	22.077526	14.108890	13.801405	26.797054
19.799229	8.186574	34.639131	13.894968	22.059733	23.067461	23.518728	16.477775	24.114273	18.246478	34.542151	30.925268	17.593986	31.413505	30.505862	19.346194	33.405601	19.262870	31.100222	35.545338	11.341154	27.257201	18.250551	24.687262	15.364469	15.076637	34.848229	7.898419	15.405544	10.425859	26.194255	15.290124	7.590167	20.737041	25.763880	20.663115	14.268776	15.067531	20.277522	17.636413	15.484423	33.025155	13.790940	12.397533	19.457683	28.005628	21.400034	26.870943	32.520847	35.930359	9.889879	19.380700	22.659343	11.243650	17.857077	17.397112	25.594947	20.133726	35.411232	35.892966	27.026809	11.380299	28.278943	17.875188	25.295810	22.135384	31.126043	10.538226	18.254506	22.186377	27.028704	31.653975	28.880009	15.099816	25.620120	33.749965	15.373818	17.815586	25.705932	9.519789	33.225085	23.617312	8.708266	24.811735	24.745426	9.286436	18.746446	27.621918	10.430633	9.145163	10.583969	7.716278	19.309675	24.807002	35.900455	20.597376	16.978570	26.726704	27.358515	18.371766	10.722810	31.825703	18.799852	36.041805	31.252845	22.046479	27.560763	8.084554	13.699012	14.670666	34.219830	28.811146	19.453856	27.815080	14.712862	30.249637	19.066741	34.533376	16.368633	26.771145	18.517111	33.276412	25.335577	22.144455	10.286462	10.655010	20.057021	29.592863	8.144945	18.769752	14.053287	20.094114	19.077369	30.881232	10.327792	16.714336	22.788973	9.683009	7.970704	0.000000	19.947931	18.124110	18.368902	18.362157	17.772419	22.898363	17.925330	19.254227	28.193883	18.269433	15.114720	10.754214
16.841894	34.957512	33.037056	25.366227	22.201255	36.489984	29.781318	9.790857	11.645765	19.445910	33.673436	20.183239	27.720940	29.601142	36.115924	32.057152	18.786725	28.430102	16.889715	15.661046	35.198169	12.783260	21.905451	16.793986	30.768422	23.599607	18.906963	15.263704	24.860964	13.914419	22.928072	17.066618	24.828863	25.340658	17.852535	22.642023	35.715324	28.808047	35.528383	20.648986	29.524567	14.842901	7.717322	24.214264	9.296122	36.726595	33.684424	26.865647	14.341852	23.575331	22.165253	23.434344	31.630652	17.260029	20.053453	36.762862	9.875522	34.862464	20.278464	25.380349	29.948054	31.923913	35.701551	10.358428	33.334724	9.986879	17.280233	32.371559	19.527793	30.421645	20.796075	30.746628	26.642745	28.569582	29.016572	32.206448	9.884655	10.781926	11.575935	11.204228	13.427887	33.876658	25.828436	29.625757	12.810631	11.488574	13.249078	29.599135	9.343151	35.507273	27.813595	7.961623	31.136257	22.656260	17.037808	25.393210	31.044579	25.810334	32.546791	10.118376	33.599112	11.913488	12.637989	13.138783	22.599324	36.042472	13.529913	24.518913	16.646216	35.706419	13.343687	7.721961	17.588363	36.656860	25.559385	29.893947	33.343345	36.049559	33.289363	21.022812	21.765109	14.247348	15.877666	17.238425	12.643170	35.382811	32.828042	27.696767	14.360740	13.574603	21.064874	30.045215	36.276349	17.909768	30.916638	7.909337	22.532870	23.477122	16.109459	8.963166	0.000000	35.982656	28.955505	16.746424	25.799762	30.208263	34.844485	14.058950	25.838703	35.019792	22.472942	14.158900
11.176627	26.157829	24.496193	16.147058	29.450141	10.842879	23.335440	24.207113	36.485139	16.695919	20.138234	23.324044	23.103511	21.624470	21.709049	20.980054	9.703633	33.363828	22.748043	7.511429	11.972106	25.937266	31.342876	12.926191	17.647130	20.750358	33.551760	15.599030	14.562849	30.214892	14.036283	20.278416	25.096629	36.408960	14.497246	20.478742	26.920148	30.155908	23.727666	25.364880	33.558966	27.432351	34.576363	20.282809	33.042252	18.146007	20.730845	17.610421	14.513062	15.955737	28.564123	8.622796	23.556014	29.912619	19.018433	24.297504	20.459842	35.428399	12.668191	25.663661	24.155982	9.976489	18.977339	24.911131	35.864289	33.263712	22.501150	34.714123	31.348683	31.603216	12.016074	34.802029	19.171875	17.152459	14.367224	9.633239	27.506433	24.279006	14.746122	35.943989	9.253891	21.608201	35.536573	12.426623	15.934459	9.380802	7.897354	9.502377	15.240745	35.218676	33.447536	34.510775	22.077495	18.052380	13.904219	23.945191	14.002971	25.346992	20.300332	25.496966	21.644046	23.802337	12.604538	32.902249	17.119278	23.325844	15.479776	26.242391	31.562960	34.769603	20.995254	23.399018	26.908108	18.033187	26.234918	21.271512	22.403208	17.730325	15.808152	7.376373	9.418205	28.233599	33.304171	11.098811	17.603820	16.427646	26.391292	17.626322	30.392376	29.092904	26.892394	35.986687	12.807824	29.491976	14.322033	16.734587	8.390436	14.821261	13.127821	27.448635	18.982434	0.000000	35.101573	35.396866	15.330365	17.719932	12.939307	22.418961	18.155291	29.984965	11.602474	10.605606
36.639772	35.271406	9.027117	31.877468	13.595475	11.273461	25.671197	30.345022	31.636401	12.845757	28.263762	32.967135	31.198642	29.577066	32.796288	24.461131	31.701995	36.622510	8.712695	28.643358	30.642711	22.207172	16.575215	21.162584	23.642280	24.486406	11.363443	34.363573	33.108420	24.431686	32.460442	10.012806	30.132660	9.220891	30.182666	10.534658	30.746336	31.559383	23.976709	35.992468	36.480888	30.379424	16.437478	12.003833	36.189817	20.444699	16.822476	34.681037	36.159430	32.515570	34.450393	21.374398	36.607924	35.385728	34.412051	25.482178	26.615685	19.567331	16.098509	15.905970	32.055874	12.700823	8.946454	9.101379	8.947416	22.672609	11.830080	14.239575	8.683708	9.525110	13.041228	18.958209	32.069815	34.636650	9.207029	18.116757	17.571796	34.378018	10.236778	8.634416	14.321995	29.688822	36.296908	16.786527	31.799676	12.459839	27.701998	26.602110	32.349484	26.574756	15.362540	8.143367	31.264502	7.985942	17.391528	27.380298	25.646086	27.205808	25.513079	26.953665	10.347212	8.466428	20.902656	19.658836	24.808139	26.711513	35.263768	23.128483	21.256778	18.639665	26.213965	36.656777	33.558170	36.021057	30.474130	12.929199	13.836821	36.630897	34.326799	12.640767	20.563121	28.427292	18.971593	11.114323	29.071714	25.307179	33.860490	34.225549	19.387092	18.882055	23.173147	28.454077	29.130618	20.521679	9.757308	28.179867	33.434390	26.667431	33.651637	23.072102	13.920517	10.250079	0.000000	10.050487	8.759198	21.655254	16.431519	22.204677	19.225581	10.560867	11.635869	32.808038
10.769234	34.980756	10.356560	17.252245	35.890069	24.330324	19.690077	18.594833	33.507172	33.115816	7.890053	17.876633	24.654804	7.731074	11.400251	19.523755	9.888547	29.917966	8.914991	11.897342	35.028934	8.103596	21.809035	10.209918	21.235075	28.516007	23.555901	35.928154	33.553798	32.651441	32.333907	30.593271	36.120661	18.076629	23.160135	23.697381	27.719328	28.612259	21.354360	15.172550	33.451249	18.147000	34.131989	24.927884	31.816187	11.497100	35.659067	24.752270	27.885391	28.663935	30.221836	35.921039	17.453304	26.789074	7.710091	8.521487	12.659345	13.259656	27.687004	12.393785	28.286041	28.238461	33.533231	26.066462	33.603749	11.686063	22.861001	25.453881	30.733085	9.712572	30.124809	13.453040	28.729570	8.866993	32.266895	13.524487	17.336914	26.281408	24.682133	23.839413	28.579577	11.298613	18.209889	20.943481	27.138298	14.338095	10.788424	23.039462	33.789868	18.326070	11.051835	35.756978	32.580040	36.439468	26.731022	26.352571	19.064327	15.673704	19.866048	11.159098	7.758091	27.122007	28.977453	7.854161	23.491407	8.414641	12.531058	25.492553	30.016512	28.404794	24.609786	21.471933	12.879826	32.194038	36.342441	21.744220	15.170231	14.961566	8.371544	34.751766	35.891327	35.034989	8.793008	30.612181	16.274864	29.949785	24.193510	22.400886	21.862927	9.159909	31.795471	14.760672	15.798192	14.013364	26.912365	8.944164	31.388783	32.732744	19.304895	15.221914	35.471816	27.851221	34.659916	0.000000	19.400754	33.568886	17.592751	25.932246	15.617677	19.909444	27.115336	35.473399
26.664598	8.780411	8.738600	12.073985	12.801202	17.494921	12.304543	23.423289	23.797401	14.018301	13.445349	7.734433	33.476491	29.369295	20.903420	14.555990	35.817485	22.020575	20.317296	31.348327	34.492216	33.721292	32.217415	16.456028	13.924327	21.082972	22.830186	15.718854	8.591991	17.842137	9.256315	19.304178	32.675116	24.964277	21.388293	36.402502	35.808480	11.171072	33.929217	17.408392	24.348232	13.456806	28.569347	17.031181	12.865676	18.342556	12.566440	19.504829	14.768906	32.455657	28.527444	36.578104	29.188583	8.734569	25.954791	8.276702	28.642849	31.282513	13.815285	31.388567	20.013621	32.491384	16.601237	19.698308	31.659525	19.274228	17.925165	34.580013	8.765499	17.283429	28.605552	25.303553	16.022354	24.288069	23.430528	36.766136	30.049377	10.074894	33.267354	27.785955	25.458091	32.512977	28.742748	12.562679	11.877800	18.300209	25.608625	34.817611	14.979115	22.813830	33.538678	21.162154	7.970744	13.440921	24.539117	23.141560	8.734099	29.426593	16.474733	35.701505	12.876638	13.552072	9.241903	10.338662	14.536704	33.821520	16.505835	34.345851	20.336208	10.226469	36.253286	35.883017	35.180642	9.660525	12.994619	34.550655	29.503064	19.326315	27.845784	18.426668	27.791186	31.963984	32.448465	9.625718	28.913076	22.033860	36.167610	10.164950	35.993849	26.411795	14.047802	25.756838	32.088187	9.890269	14.053246	14.459827	26.984340	9.781307	32.727505	13.839051	20.115642	29.800536	25.001353	23.857386	0.000000	9.966503	22.076238	26.467661	18.650093	21.499881	13.309861	17.474953
22.836229	11.599766	17.274892	22.314188	30.468068	34.908932	17.610812	36.117267	17.119110	10.450454	21.911913	15.720560	33.588876	33.685771	12.266709	17.282376	24.535112	17.887310	17.597652	19.770353	36.159389	12.658686	33.038185	21.590304	17.846763	17.102446	27.691092	35.865047	7.651334	7.877694	25.784900	30.583033	29.547979	22.520653	23.746404	25.924804	16.727061	8.612460	28.045354	22.495403	33.156535	8.392461	15.507189	22.187344	34.983429	32.470037	24.612023	29.894087	9.537183	18.600467	26.071238	34.440885	26.000751	20.577252	23.158991	27.127185	21.725335	13.760659	35.230851	27.132746	32.630549	25.889835	30.040805	7.729075	13.967267	35.492215	25.336931	28.162537	27.604387	26.902043	11.293903	22.187248	14.640419	28.460108	16.038194	9.580401	25.935955	23.037255	9.792188	26.056464	11.681666	27.389626	7.683000	31.364283	14.180687	33.890362	19.525005	28.287300	25.624745	11.356813	34.849214	11.890454	29.524177	30.380362	30.460837	28.405633	36.525361	26.296594	13.193867	24.544480	14.822479	24.741242	14.150702	15.936166	13.350473	32.409109	28.820404	10.977627	23.195393	18.302838	8.493743	12.765890	25.136174	32.240992	14.775015	33.209239	34.157284	18.200835	21.991882	7.538154	30.757208	8.874418	22.793933	7.470148	35.900139	34.998803	12.172018	15.275917	29.168107	22.091980	19.074357	19.648159	9.278609	19.122535	26.420436	9.395678	15.221322	16.693207	34.447625	8.806444	27.575456	25.019132	13.901359	21.412129	34.682230	0.000000	18.716524	26.292839	10.150229	20.367464	8.599956	30.379327
13.629145	31.034364	15.960691	19.893983	16.007831	20.296351	10.860252	28.645247	33.951540	8.799236	23.012129	30.289072	9.920271	19.792544	24.339057	9.226151	17.208768	25.424271	27.681584	25.435153	12.233341	27.100821	20.686007	25.966982	31.320673	31.166897	26.438412	27.292093	34.732930	22.733055	14.867909	27.543894	25.326854	31.039410	8.875934	26.262497	13.340213	32.797778	15.257638	27.143795	28.984494	27.869168	25.561289	15.994284	33.330149	18.070469	34.842628	33.991336	36.486992	29.523096	23.369355	26.176058	21.602576	16.585167	17.970576	25.699081	16.413613	19.444685	18.482884	16.202404	34.098844	16.142888	14.104001	14.231959	11.935307	22.115388	9.962911	26.553201	11.448127	27.566675	34.016455	21.068376	27.034214	33.189510	25.992662	17.653324	32.861991	14.505452	22.803503	25.822461	31.017417	28.574333	30.800270	35.580506	15.624692	24.302424	15.179901	13.691128	10.440703	16.169496	12.968492	8.120747	8.983185	12.091006	9.745662	12.490793	13.406009	15.652390	22.838794	26.674091	35.372906	22.043666	8.471622	19.320771	28.011952	11.088756	32.368201	36.166644	25.754672	23.449000	33.979625	25.389445	26.638348	25.856128	33.521052	7.674970	14.631219	27.082423	33.853570	8.456519	22.172400	28.882911	8.429201	21.402927	20.938619	24.933770	14.817703	23.829176	25.722426	28.857384	25.136384	32.015085	12.101900	36.345854	27.144570	21.984861	26.160011	20.998877	28.721813	9.484314	25.197922	8.959853	18.278499	35.173510	14.665589	32.960194	0.000000	14.572517	29.733577	15.614792	22.206939	14.383966
23.515539	29.315446	34.810855	21.300983	17.699607	17.106425	11.215349	22.305124	24.641496	14.624576	32.674385	15.220914	34.210295	8.251354	32.997186	21.047348	26.841019	31.633060	16.752237	15.647275	32.360056	15.667212	22.596244	31.192877	28.408822	10.751708	14.442926	22.186047	9.829397	13.224610	36.116324	28.231589	8.608808	17.836050	8.919676	30.827825	28.813012	32.536001	26.788579	10.143396	18.586977	26.393194	36.219694	32.353724	18.441658	20.872352	19.711062	34.286757	20.722030	35.531900	31.700879	11.185192	35.802124	21.879036	31.127013	10.102131	15.858414	13.942441	34.618982	32.347921	30.635676	16.081772	32.985431	16.975853	23.258619	20.849004	16.008009	33.000925	21.016690	27.097282	17.651100	14.825976	9.483528	23.996169	9.157188	32.844944	7.749655	20.172098	30.723240	30.944394	13.216745	32.284158	26.037697	30.867266	11.660534	14.847977	25.873524	18.113915	17.239045	33.162266	8.305533	17.966844	13.951491	10.009381	34.300023	15.049588	11.156665	30.962592	25.569693	21.948806	21.513199	35.689228	7.471020	32.798963	11.375013	7.895632	20.880887	17.001665	22.454709	13.724788	17.296373	21.677939	29.252231	13.696877	30.137675	16.296897	23.846577	19.180663	19.966396	19.488010	13.530915	35.909370	18.127043	13.648120	32.875804	9.360685	13.913164	21.379333	20.671284	15.163708	27.696475	24.170456	8.871929	23.534417	16.278198	22.796168	16.913858	10.707872	7.875446	32.608388	15.652396	8.557897	22.028602	18.379120	32.055303	17.497236	25.850285	0.000000	9.299774	12.620956	18.271941	16.917425
28.464944	20.338282	22.010558	17.121032	13.634325	25.633590	24.217861	26.697138	16.325725	18.284090	17.675740	20.006434	30.229244	20.408439	33.329925	7.514818	27.904910	25.425888	29.522017	15.749116	9.609950	18.711818	12.230000	28.370156	25.243606	29.369574	24.958880	13.808443	21.441909	23.860416	35.502870	7.434241	30.655930	31.549960	28.157999	15.122427	27.215473	13.751127	12.970149	17.126555	20.650848	9.009180	34.534182	24.082063	31.416667	7.830241	7.562713	31.952352	10.350806	31.801510	31.826572	28.183978	36.064587	14.817491	35.227893	24.738775	29.474850	36.653302	36.073957	10.833345	31.928173	20.929886	26.933957	20.067255	9.555874	20.048415	19.400770	29.823890	22.281961	33.766650	36.628515	18.902784	11.076390	13.289760	15.859936	17.497473	14.773173	8.141694	20.241585	34.874298	18.491734	33.489462	8.487742	35.106576	16.982208	31.939022	17.631181	21.393842	20.351400	16.335139	18.963741	11.448003	18.712540	17.218577	24.319216	29.955733	7.381593	18.318701	10.789689	24.829465	7.522370	10.757324	21.382364	8.191661	31.958826	9.229288	22.239111	32.752083	26.932472	33.469772	14.292456	30.512780	12.371129	7.950360	7.898309	12.186629	32.017851	34.934434	21.636972	17.225462	35.114366	20.568331	30.399183	12.683965	35.052085	34.005313	16.511585	27.609119	26.669572	19.396971	33.370975	22.455185	23.552858	24.069445	25.688683	31.985229	25.109004	12.455473	26.369953	24.733623	25.496402	31.033716	20.636798	23.636041	28.602973	18.508473	25.997586	14.974770	0.000000	14.663602	14.545609	30.863776
10.568577	11.566921	35.478835	17.223238	18.172657	33.388970	27.885419	23.448130	20.940493	32.674895	22.127228	35.097577	32.722549	29.287951	26.715195	21.638253	19.402098	31.400020	18.085785	27.431406	8.103443	16.551206	31.962324	36.043312	30.949108	21.215812	35.681446	18.265449	14.984446	28.541216	26.299667	32.751293	30.863342	10.050124	16.435898	32.999871	19.780209	15.092120	22.763737	12.024867	10.540434	24.848852	13.639602	15.290619	19.972283	11.593335	23.764305	21.271461	30.539063	9.101660	26.074551	31.504794	18.495585	28.230445	28.879661	34.870146	31.671575	27.794003	17.389305	8.460105	30.581133	30.800282	24.624603	25.339564	16.642496	24.406988	19.023274	36.657552	29.651993	14.147645	8.383513	10.060158	8.714735	31.873050	34.375416	10.918523	15.745714	29.609384	36.775287	34.562321	22.163397	14.700105	10.624142	36.178221	25.458417	24.557825	28.601249	12.001519	26.125726	29.623233	33.916154	30.487919	24.671005	36.765250	23.896714	18.171376	34.565389	33.108005	22.467581	8.864160	18.879475	11.612624	12.497911	25.116964	9.250796	31.406252	8.951531	24.148333	21.227256	29.540667	14.905951	36.393361	11.005024	30.818179	17.908875	31.622618	11.626752	35.223842	29.259823	32.384583	7.473109	16.250658	29.394011	23.156753	10.730297	9.980737	15.915809	10.231194	18.844137	13.694781	36.231483	12.546230	16.099134	30.609442	29.331828	28.019906	15.885573	18.420481	18.057755	26.797832	30.581893	13.853610	34.784491	9.941157	25.337923	17.190238	35.440983	20.203243	35.425817	0.000000	12.267205	7.618876
8.277146	27.969466	29.098821	30.685798	35.712373	28.471953	12.452550	9.596799	22.212056	15.427388	26.357432	17.533879	7.543492	15.995927	30.817688	29.479655	24.488511	16.681241	27.746668	13.843671	27.281055	17.934503	14.502564	28.353986	17.877210	28.744294	8.708676	35.556774	11.754732	18.057028	25.032104	18.043879	18.140910	27.337913	26.672847	24.130844	22.712781	33.039147	20.350767	33.774299	25.177548	32.153440	18.078518	19.483032	13.220701	11.550763	17.646277	11.108611	32.315463	26.563262	17.738297	18.693781	8.924605	15.637559	22.541994	13.865825	23.479686	33.393856	34.004371	12.079982	17.465301	27.440878	27.619227	24.413611	33.475365	8.562985	27.831783	11.708383	17.366372	16.730224	26.997280	35.109799	21.146700	26.818716	31.907649	25.844457	32.969367	20.078998	32.540970	22.905345	35.406850	24.217598	12.864975	19.073117	17.197953	35.865399	21.634717	32.686753	18.141187	13.488382	17.134464	31.026603	36.264181	25.438830	18.924147	32.057916	21.630831	19.208141	15.653033	14.407236	35.774821	30.377586	14.161823	25.832496	33.963428	7.887121	27.059946	36.282918	23.904871	9.053930	29.092582	20.241702	20.008469	10.803697	32.263832	35.556727	30.072686	18.599324	27.956965	35.307376	22.567338	22.982583	26.689319	11.042727	22.584760	9.177412	34.771635	17.164393	32.664458	22.781692	18.583540	8.507529	13.547782	11.220852	26.356629	30.914045	28.528543	28.669983	25.931994	13.860878	8.732164	19.430219	16.706462	18.849646	26.965609	29.875386	17.402214	35.202451	8.002169	32.431217	0.000000	28.347700
24.323578	35.853433	20.638306	10.214395	24.665838	19.537120	32.492228	21.526396	27.813379	14.750824	32.911517	17.556389	11.407511	23.742928	19.843572	17.235828	18.102460	10.196118	18.278121	31.270803	28.895550	23.462118	21.043516	29.986876	25.249716	19.220379	15.170477	9.078562	26.091585	35.412737	24.751994	31.068938	19.575447	17.360670	27.768260	9.973076	31.646514	31.616800	10.242659	34.345133	34.809658	8.301017	26.362557	19.953505	34.829630	32.562038	35.886265	11.444244	26.207734	24.873099	19.692561	36.747649	26.191555	20.055008	20.868886	35.105688	13.794253	23.217851	12.738957	21.666020	30.975866	26.356690	29.569885	28.367815	19.857650	14.893060	14.640122	10.944701	21.985515	25.091926	32.676062	35.795731	33.350640	29.317139	15.803360	11.057574	29.184639	26.491159	19.319382	33.859870	23.907480	20.813937	20.884393	20.782788	17.831028	13.971361	34.092086	23.790626	32.938673	25.205198	28.553506	8.991648	7.524245	10.768472	30.107483	26.025037	18.931734	15.069113	33.806494	33.278859	31.313907	13.503094	21.636161	12.689835	34.911078	14.576382	28.097236	24.676062	15.966351	14.251242	25.670963	35.227267	8.904764	15.183654	24.296740	27.607104	36.735704	21.418416	16.319854	15.000707	22.212090	33.719888	11.854782	8.970063	31.964756	9.025850	24.963978	23.828263	18.088321	8.709641	11.076272	10.913419	19.970141	31.980798	28.655913	21.982947	14.984887	14.160947	26.335427	25.585706	23.068606	15.853812	15.697351	30.989528	29.394084	22.761811	33.895885	8.803247	11.597788	29.798381	21.342192	0.000000
