41.603648	14.599806	21.613793	18.107971	44.929274	40.324493	22.899952	37.693523	10.835634	21.721263	23.164428	39.597248	46.378711	27.966899	18.858186	33.338601	47.022582	28.737217	31.309052	41.039887	41.980070	38.368107	36.700013	14.146861	46.866834	19.416764	22.189234	34.000720	41.568878	17.105009	29.388230	20.185027	36.152273	13.374543	40.651848	38.302205	41.948969	31.713411	37.561364	16.070820	46.738919	36.329327	37.505698	43.299233	41.007562	14.242572	17.393529	45.391385	25.747205	29.574907	36.230394	42.135087	43.729602	38.356331	13.265891	15.292448	27.701867	35.985596	41.653618	42.227575	15.039347	24.196611	13.570529	31.338830	27.313918	20.852388	24.945962	42.547157	27.872536	12.366085	40.654201	43.542109	39.904281	10.552824	30.877212	25.803316	42.375238	46.637162	17.873917	34.608443	19.720383	11.765086	31.082224	28.348563	46.713429	47.368368	44.827752	10.245922	10.668589	40.946621	43.042029	20.631085	27.984304	47.364118	15.464470	46.264093	16.839345	43.460808	18.340634	46.000996	38.104206	22.015545
23.333571	10.668198	12.138118	15.440635	33.744227	16.259763	20.917617	40.777446	36.374483	27.020174	24.317765	34.926610	12.199884	45.594085	31.128303	17.384442	29.455337	39.522990	34.352844	40.206930	29.403007	29.596700	18.405012	41.896809	29.065045	12.852265	37.192712	11.685364	43.577429	20.850361	13.131790	28.748766	27.972807	38.414785	28.984689	43.513726	22.585677	36.212651	29.601651	21.713819	18.471203	45.145581	32.427571	33.733162	37.891135	25.918590	40.423659	29.096893	17.246103	31.261503	31.528492	39.340125	29.650286	20.814892	15.270658	40.210472	16.792467	22.008049	20.557889	12.336634	16.281442	41.853688	31.071987	34.280458	45.964019	22.969702	30.961353	42.042907	38.478764	30.083616	44.993199	15.243641	23.776249	41.427948	40.726211	17.253165	23.595329	13.503675	23.244357	27.608634	14.984966	46.543469	12.075213	43.227486	37.278864	21.464058	46.498997	46.565303	38.776349	27.090244	16.252767	13.712139	34.453229	46.490625	10.872455	25.599665	42.298503	38.071658	10.395852	39.182876	43.549071	35.504547
31.727430	13.935045	21.171065	33.888608	23.779488	28.950841	23.439494	14.852362	28.045110	45.865942	38.673431	19.058723	45.722096	29.576618	38.592193	45.825984	22.163563	23.825193	15.607040	21.846955	44.738322	12.672919	46.764031	9.822878	23.647587	13.400188	24.133213	41.009964	41.892882	45.036448	22.431082	36.845302	41.971788	45.797565	26.850009	33.829545	27.036315	12.967292	45.858370	14.709364	16.684004	13.061160	45.892217	27.382777	34.241715	12.834631	34.133119	37.707466	19.423849	28.851643	46.287495	40.368233	14.645348	9.678672	43.593747	14.118394	21.354652	16.369821	45.350965	38.680331	28.080951	22.353618	18.245823	41.347669	12.177449	43.803918	22.503424	14.639698	46.073989	33.941005	27.940177	24.230903	44.913572	25.099690	22.308597	16.691972	36.647081	17.491991	9.615898	20.006069	35.152028	19.208267	20.277847	11.874362	32.783546	13.193662	18.095028	36.673990	24.565264	34.317254	21.334172	29.725437	24.700067	10.840841	44.261400	11.301632	9.878254	20.829958	23.994433	29.997168	38.553186	40.579618
46.042910	21.901432	46.047571	12.776555	31.736387	25.165175	21.233908	39.678856	22.358082	10.491745	38.503050	46.587211	38.960427	30.976468	13.925642	24.960986	29.777296	32.380895	27.998168	26.874589	32.152550	12.816540	27.062738	42.510085	14.472851	28.519739	15.976063	11.319942	17.184081	18.626869	46.459474	39.322687	44.072843	17.527221	35.248801	38.378683	30.163619	25.376790	30.264347	12.850925	40.125021	39.001172	39.188328	26.813556	33.269678	10.425486	42.412515	9.981073	27.709439	19.177874	26.590337	22.531160	41.563203	44.054615	31.124004	15.045227	23.396843	18.509862	12.070422	39.051989	14.718864	24.468864	12.441526	35.069682	23.983568	25.695670	11.837855	13.014043	31.211036	44.735612	37.814602	46.860938	34.746689	9.703054	20.458386	11.042271	45.733675	17.585479	16.104558	44.267328	18.226258	15.591641	17.604108	44.863524	38.378778	34.606731	19.425208	45.347002	28.272393	38.468057	26.984847	32.043528	37.566408	43.031113	36.795298	40.578227	32.690552	25.113314	42.949405	35.722231	34.431394	35.279390
9.893559	38.713255	32.686685	12.466045	12.483696	15.576727	31.904267	24.895373	45.543361	30.552604	25.376927	38.148635	36.898243	12.692432	9.668917	25.638199	24.164775	42.571143	43.512542	29.889628	22.459007	31.928727	36.417655	35.840390	36.119006	31.434482	31.791362	11.903573	28.511044	36.046653	30.492427	45.447671	24.417177	9.692362	23.860095	24.985259	44.938240	17.082785	46.359506	47.086323	23.863665	13.725960	9.760209	34.893007	34.468076	20.277590	37.923090	11.628758	33.872831	39.262827	40.287188	32.362741	28.161621	29.997883	39.237879	13.132920	45.041768	14.905311	16.432435	31.389153	25.550361	30.359985	38.148898	44.899740	35.776774	39.270805	25.128676	17.246639	45.064049	46.072573	46.670669	43.907946	22.082952	32.798966	40.540095	23.501245	45.985309	19.311540	17.463630	25.937624	13.172412	39.649092	20.895374	14.307190	12.596069	15.119704	44.117325	38.386423	25.226080	36.485612	30.791071	41.246505	31.669487	19.643145	15.553961	31.016746	16.134972	12.000054	23.222204	36.448999	28.000082	36.570654
29.066402	41.707204	38.867498	28.265896	42.413578	11.162043	43.603408	19.150122	32.422193	33.368459	31.626567	41.095573	35.323194	23.091782	28.237605	30.621206	27.677978	22.022681	40.810845	25.175806	18.260256	23.912891	42.611818	31.185006	31.078679	11.809231	25.281382	28.094447	30.301504	12.366734	45.833403	12.109962	31.156417	45.962992	34.794143	13.095751	27.649144	14.374724	25.747818	31.752625	47.002461	41.863214	24.277589	43.656924	47.414075	26.978996	41.535153	46.316741	21.765520	27.775529	46.212145	20.925308	27.244385	37.784110	20.702646	27.095487	12.675348	47.461469	31.313258	20.703981	46.924152	11.652697	26.889226	35.883606	32.221861	38.790378	12.045970	16.610223	17.182363	21.241925	43.398896	25.238471	19.979301	37.643269	15.012683	23.458200	13.069121	38.683743	45.593117	25.538627	30.321298	37.472949	23.599810	37.662827	23.271840	21.956117	32.084958	30.736766	38.086827	44.872889	36.043140	44.635747	26.300206	36.473518	18.394562	37.565806	39.937271	33.983051	18.291167	18.776525	31.039257	27.734943
35.964973	11.375263	20.824393	25.555782	12.946297	10.308091	27.710721	10.202794	40.442513	22.422222	45.915706	36.403279	20.803686	23.110176	34.772145	19.263750	43.539233	42.577599	29.640968	36.142037	46.319508	41.279893	44.347947	26.834843	17.737427	13.128779	18.187366	18.001345	40.805352	12.766540	43.374394	44.862191	39.451045	27.238472	19.341758	35.995678	37.004801	32.027396	24.237752	41.930883	29.143906	29.430341	45.957963	47.007295	17.431078	23.313957	29.122592	39.291869	36.898981	14.202789	22.561348	27.479085	46.444040	12.669887	39.291319	45.847112	32.580976	30.903254	33.365364	27.467186	16.786267	14.611416	36.574378	41.821647	45.518902	35.415345	43.722768	19.174604	35.381215	44.584321	26.032390	17.896313	26.987489	32.146496	18.533387	43.403639	29.988048	35.307655	45.454079	26.034885	35.657997	44.711281	37.757158	18.683682	14.691865	36.179338	42.686963	39.933926	26.253386	40.341726	15.904920	32.458494	47.010593	41.277433	19.832382	18.736560	40.090131	27.041150	23.611940	42.087968	46.343557	19.351629
16.790622	40.400755	18.580141	16.974525	10.404889	44.720102	14.191351	17.614942	29.004357	30.948224	17.845317	19.121313	20.043407	12.111929	34.851865	15.120080	19.943103	24.095210	38.408826	12.407519	46.169380	30.121497	17.639159	9.536087	22.404820	16.779180	44.687657	26.966275	41.295969	40.585042	46.809774	24.986084	42.386477	27.539554	12.902599	33.833792	37.882083	46.624509	44.433901	14.479514	26.942665	41.488186	31.610078	27.763367	31.906686	42.252364	30.477600	22.939824	45.669479	41.142151	33.910187	37.444328	22.636442	32.647285	21.361048	13.965394	34.188205	11.549614	30.091760	39.690355	41.603383	16.502954	41.384872	43.084594	36.291306	26.071165	40.145414	9.928894	40.598796	24.301905	17.575288	10.872162	30.088625	15.163797	32.818166	28.354105	34.585062	37.377207	34.336138	22.677402	19.934662	23.095117	35.233102	14.462812	31.683205	46.046662	44.111025	28.385981	33.119880	34.943914	31.352395	27.222583	28.831782	22.763598	42.593746	37.114795	36.716367	37.837740	23.532469	34.732280	43.098240	44.032229
11.782658	34.088449	38.641057	22.323336	41.229491	16.198705	42.547316	18.876374	19.049962	40.667581	39.437065	17.419729	19.788890	38.592845	28.740436	26.908052	12.440232	40.475980	25.101058	23.556513	12.231634	45.905386	20.115714	35.396858	45.612579	38.951322	41.631339	46.458071	21.242408	16.080575	12.287851	21.445890	27.786513	41.148517	15.672848	11.162500	22.781592	18.389504	37.677800	18.504516	24.421831	36.895281	31.167577	28.986280	20.095393	9.815191	38.423451	13.078928	41.089405	43.722880	37.616138	21.850439	32.102372	20.043694	17.560222	17.241680	43.221668	33.003067	41.499432	43.121294	34.020918	25.487343	30.825453	43.097682	32.799301	39.074085	17.661329	27.062782	41.329858	42.150213	27.944915	10.123063	19.875039	10.568413	12.558028	16.027297	36.007629	30.503062	20.845642	19.070597	21.940128	13.989401	36.349650	23.108014	32.676584	30.412355	11.130846	26.779940	40.573977	27.990577	38.562805	23.224533	31.467181	22.326608	44.101166	35.495259	37.754750	11.784492	20.538641	26.834544	39.628239	34.735425
18.900259	28.161343	15.038149	23.817321	11.822203	44.979842	25.801920	13.856457	16.013383	36.588923	25.642076	39.292030	39.496069	39.949737	14.253970	15.224902	12.253093	11.665636	42.058767	45.816757	35.547624	46.877550	16.701882	35.928981	39.069111	38.223421	37.262024	9.769158	16.366010	42.553839	19.119616	20.527542	24.579032	16.130492	30.100733	15.032122	25.846860	17.845370	15.495649	19.777078	34.554235	44.610939	36.185886	11.461963	22.752837	30.334549	18.223427	41.212705	28.484226	20.362779	40.252158	16.710334	10.656984	15.381746	38.673149	25.198441	36.235294	11.131270	19.467378	15.234227	12.764697	12.909254	22.810739	12.192444	24.581434	22.627011	18.030230	34.533412	17.488586	28.642589	31.439926	30.266290	20.017931	45.813758	39.309032	46.138500	43.651183	13.704242	47.263316	38.666403	45.047372	12.036117	34.602968	18.902991	31.745960	31.895333	25.834372	22.864681	33.624739	33.900445	18.565577	22.809389	16.349519	33.414633	30.466582	32.944622	11.455418	44.933960	29.781642	13.542807	12.677771	32.485225
46.638354	26.185734	47.403660	37.992992	46.859519	35.691305	35.074556	19.603057	40.875728	24.949884	14.567361	12.046995	24.609822	37.524626	18.336755	14.344825	19.719226	33.708762	24.754598	19.158860	21.077411	20.220742	35.470552	34.343223	26.744299	39.359574	10.266796	35.791090	45.693882	36.505260	24.514763	15.980724	43.852416	44.565274	37.319812	16.661016	45.226437	34.341526	20.123309	39.879096	15.649375	34.999750	15.894584	32.622456	37.793588	28.715168	38.595962	39.252601	40.604145	27.685019	34.608260	41.597509	30.301716	44.112948	41.524477	21.497897	16.452348	20.616837	22.323904	32.302885	13.858009	35.589343	24.414026	18.155303	20.057232	26.867375	20.615094	22.728350	12.060639	37.796598	19.270925	14.320631	39.416579	43.508953	34.497859	34.533055	42.188572	32.487334	36.534170	40.459020	10.516941	10.454226	22.683330	24.247373	25.804530	28.665081	19.004210	36.130414	22.920282	37.549046	12.503906	11.816033	21.429289	31.471922	19.421884	26.067288	26.915669	29.636299	46.964236	47.008532	10.982894	25.826691
19.188792	37.346658	19.698769	17.045078	42.624050	30.288730	35.872753	34.489758	22.669396	41.820689	34.302281	13.923677	26.261596	30.374745	28.027431	19.683771	13.773365	17.377059	42.666614	23.141180	26.367233	33.777742	20.904618	26.565243	30.439380	25.769546	21.549447	22.456661	36.133083	11.030402	17.498773	29.749374	47.378522	10.964710	40.646897	22.312805	33.516934	10.148124	30.427225	35.729053	40.273520	24.126085	16.917393	18.540288	20.173398	18.048708	17.379009	46.450849	19.053668	43.858849	22.497792	24.807550	36.372237	42.110426	22.081555	14.703521	45.123328	38.038561	13.876230	42.443517	29.086811	20.430386	31.338574	17.625427	47.197597	12.723332	22.010467	44.538904	32.985547	31.949591	30.505528	14.658050	40.499115	23.283457	45.649431	27.193499	9.898868	16.894410	9.555215	39.182436	11.126019	11.610020	14.412183	30.474168	34.763902	26.591736	25.154405	11.131347	24.743192	23.393992	36.989435	37.999753	25.761562	12.555799	38.424951	36.638729	43.496875	20.919806	39.261819	43.848279	40.965299	35.162341
14.138750	30.260164	43.610709	30.809894	11.821440	19.425545	21.301080	18.893149	13.585124	15.424115	16.436566	37.161179	26.312195	42.780273	42.690937	39.027090	12.412887	13.906523	46.368033	13.463807	17.705138	18.277035	42.440536	42.134122	24.353816	39.565136	34.347020	40.344605	38.967150	30.496374	18.608190	28.782248	43.547085	14.415169	30.805382	33.919183	26.031084	31.806684	36.664120	18.619882	18.076789	29.240136	39.389409	30.559766	37.687948	31.013383	32.492538	43.240777	28.797124	35.282339	10.000664	34.208765	30.799851	44.275581	12.609827	27.519673	22.566889	38.347286	33.036166	16.383866	32.390364	14.362885	27.503654	15.926834	19.682416	20.502573	29.031372	15.983899	26.115666	16.995404	21.506825	21.972915	27.410902	10.394894	12.824445	33.726224	35.387829	23.879631	23.305713	44.343148	32.086063	21.816790	35.576950	10.806974	11.666881	45.426057	17.263086	42.493929	18.336295	22.234233	10.485108	35.971730	34.944543	10.959466	21.860144	28.269335	35.085960	25.136771	13.261826	17.355516	41.005380	27.446176
20.238621	10.933628	34.739939	40.563591	23.407626	15.764962	12.913823	20.281257	24.573002	40.093040	23.345033	20.402440	27.736099	38.458267	45.769762	36.071155	17.082173	23.660477	40.993732	44.939901	25.053585	19.430456	25.029639	30.390387	29.032129	34.511426	11.228988	46.261870	15.578137	11.739794	12.237807	24.083612	36.463947	15.107785	33.929350	43.939839	22.027514	40.691283	38.146892	25.325337	12.506126	42.417145	34.739532	39.165541	19.354289	10.394735	22.100097	38.670225	47.208101	14.227003	11.171976	17.039025	23.533656	21.699136	39.478630	18.301925	15.129880	37.417460	43.414760	29.525436	32.996713	22.032987	28.392662	31.713241	27.156629	44.676060	29.456544	18.803357	39.388698	21.542197	36.520311	15.409479	42.862532	43.634969	45.687898	21.848208	30.176114	34.675822	16.643438	29.487785	27.578581	27.327521	32.292394	24.684739	35.885690	39.943880	38.147483	40.709698	42.287132	34.515248	37.483532	12.388945	41.367132	20.025148	41.540942	31.947013	41.789610	33.980404	30.925538	47.284177	19.923213	18.725195
16.424743	11.696016	30.191291	24.064684	36.313601	36.556744	33.491649	28.974822	43.042232	38.493359	24.286425	12.117731	31.812588	35.749024	12.979713	23.952167	34.907115	11.340982	43.594179	10.071480	35.367632	26.404806	28.929119	16.475586	29.671242	44.643516	33.460497	25.773017	26.881618	30.880932	19.811002	37.222361	29.145975	47.265693	28.651840	22.617692	25.374783	13.818412	22.758629	40.209027	10.159926	21.556029	31.064658	39.473107	34.294827	10.213668	23.844581	11.614705	24.708357	27.946619	34.845986	27.185840	34.031514	35.841278	46.532495	42.277007	13.785559	26.319378	20.905898	25.075596	26.489939	45.694904	17.866504	24.469452	21.768314	33.696161	18.007507	36.286851	26.846843	36.509593	15.061807	23.502699	12.001158	24.600401	10.865524	23.153201	10.065287	10.663416	36.201930	32.538105	15.386636	28.144059	18.621582	41.753895	9.652338	41.458952	11.049817	22.902223	28.608188	9.521238	11.796105	10.555797	28.650822	10.746964	47.112946	23.474438	15.942851	23.999232	16.781791	28.677197	41.858119	37.545633
27.101077	28.187377	35.276064	33.759706	16.261247	44.145070	25.543255	22.029311	37.196411	24.441615	42.994123	34.449569	21.868774	29.123037	43.810454	18.158033	32.621006	44.178500	22.607312	39.073666	10.888720	19.553548	14.806070	25.492779	21.367113	29.363600	37.663937	37.649734	39.090939	37.620857	38.737089	39.638606	13.190011	24.833277	32.272797	37.087725	33.919092	13.169201	41.306591	30.850514	20.634967	15.795770	24.881903	10.354281	24.892564	28.017713	37.212617	11.694079	30.619930	38.683651	11.113950	36.822025	25.231439	33.493525	16.048967	11.125317	38.161231	25.304062	26.873489	41.489268	12.076237	15.072525	28.081833	34.237534	46.375940	41.475007	36.758509	23.843215	11.698837	26.645540	34.837244	21.846498	39.799426	26.688342	18.989195	15.087433	32.921629	43.347661	15.581690	39.387605	13.517372	46.787755	19.757021	46.481834	40.759820	40.307628	26.130669	19.376053	38.595861	37.957621	45.378797	17.425115	36.165055	37.113403	46.681872	12.814733	36.871445	36.961133	34.395387	46.946325	15.928989	25.121421
30.552328	38.023132	36.919480	35.876585	24.794293	23.112519	40.774480	16.292229	23.340938	26.265771	32.256487	32.300756	43.798121	10.328599	14.313738	41.266929	26.129874	20.590339	30.474478	26.590027	33.281828	20.066987	28.189103	12.422919	10.287290	38.541682	39.367120	41.853127	13.882361	17.717871	30.159335	31.591624	34.612903	17.168064	24.824110	28.197424	29.828931	28.253613	25.081424	24.750159	41.355731	32.611086	43.819824	19.965469	32.826779	16.415653	38.195303	45.895711	41.604532	46.854718	23.474041	24.053187	13.589958	26.251830	12.596926	36.349543	42.976239	21.137318	15.114432	41.448070	39.677378	44.794665	40.806706	39.413487	47.440311	15.968168	14.671194	20.500628	19.087466	11.934303	32.727636	14.975873	39.863124	24.959994	24.936152	39.468264	37.218063	45.051914	21.557272	35.437750	19.395685	18.592009	30.947873	20.653399	41.214212	24.660372	28.274082	47.010527	17.159820	25.214502	45.516300	14.768937	23.330863	36.719071	44.915820	44.857987	30.791986	16.922911	15.444021	12.806943	34.271959	35.149236
44.305422	20.294138	43.241873	24.193618	24.607578	24.355643	42.472190	20.648101	22.992003	46.913868	13.772535	27.394458	19.426913	34.193395	17.036527	26.814774	10.814895	30.140873	29.255558	12.832047	44.704050	32.913202	12.009781	42.837679	14.147865	30.193072	30.277767	35.613677	46.920845	35.252236	34.717584	27.143699	19.959643	15.363740	40.725477	17.951911	34.405339	16.829721	40.805131	19.358348	32.134280	11.781234	17.908661	46.191177	31.167384	21.597462	35.337994	37.989753	25.846356	16.121746	36.920735	30.928899	31.572011	22.206431	36.025241	33.005449	31.610805	34.511508	28.700240	9.855814	10.957980	33.857581	31.104803	32.376333	36.083212	42.100067	38.239403	32.438570	41.800667	19.766325	24.263703	37.553690	32.720716	23.962045	34.706169	22.026139	36.744349	17.921144	26.005318	40.458451	37.460091	35.807464	22.874087	14.337788	20.915461	40.059050	14.724442	28.287837	37.325059	44.002169	30.672235	11.818302	35.785335	31.021832	42.223931	27.943744	11.218534	14.978524	46.991428	30.451382	31.889411	31.325603
47.438125	47.272460	11.747328	24.473706	41.204277	18.214353	39.477330	12.878401	9.615697	19.614121	32.734559	41.137986	24.407472	11.500842	27.751391	37.761288	21.070736	35.545202	35.405727	19.087250	35.459854	32.272711	32.652879	42.320504	34.834311	34.981989	36.469268	15.043986	38.601995	30.401941	15.244406	10.696015	32.439244	26.749644	9.900887	29.869744	44.186247	20.930228	47.046601	41.758161	35.733936	28.197317	37.174550	44.491261	30.719139	37.418930	19.642598	24.546393	45.073568	44.899898	45.478493	12.070606	20.065805	44.394179	18.591696	27.064087	26.488811	33.988602	40.097031	14.903167	11.023824	18.462134	23.472606	27.710285	18.242414	36.824861	34.615665	34.663902	16.318114	40.195904	16.338020	29.091298	24.284708	37.376379	42.716632	9.726212	22.811922	33.922951	24.438207	28.140730	19.289095	23.476386	10.393649	23.915165	45.240264	32.758419	21.236527	27.220629	10.808070	25.395436	43.578575	20.053681	37.973631	21.376582	28.951082	18.883886	25.914131	40.793892	43.413617	20.003721	17.394702	46.418865
16.664817	19.870281	23.000419	29.683090	17.659897	27.394433	31.132784	27.551541	9.932794	38.591108	19.004561	37.727655	36.661229	25.177914	40.973013	40.408278	37.433689	24.575495	44.636571	43.747571	15.563850	31.944694	17.211013	42.379466	17.695285	22.991288	14.080581	17.197473	45.128585	31.498014	37.394293	19.783205	19.548599	35.679928	27.258133	16.127417	27.946787	32.488853	12.965627	37.409346	17.276999	36.506712	22.511917	43.005481	35.835966	11.493754	38.113346	12.075610	10.158673	38.364879	20.866842	41.485161	37.394024	18.870511	37.171684	37.615045	13.679234	22.175220	15.461711	46.138878	11.780627	36.599728	26.637740	17.435473	19.464050	28.278125	45.509858	25.345411	9.676344	22.460981	33.279375	12.086510	32.127258	38.431547	12.113688	24.645680	38.289220	11.740117	32.263786	32.812801	43.560366	46.152203	11.970221	38.945175	44.774798	24.357213	17.710801	35.348608	45.297774	25.894598	16.131898	26.424578	46.275236	15.489347	11.217304	34.000091	16.916340	38.765075	37.044673	14.576675	43.820848	11.830254
35.021018	32.770580	36.555719	39.384436	24.052116	18.224710	34.365772	27.077291	23.470678	42.986613	10.997211	32.219204	31.266028	44.416315	11.846028	21.712921	44.295915	20.785662	26.574195	26.291174	35.456268	27.373974	13.821291	31.843205	45.932123	28.023784	36.032671	26.837417	19.847029	24.297206	46.008365	23.473982	20.006329	12.764350	45.843417	17.875043	41.066327	19.860286	21.316728	21.506877	34.282350	23.464627	18.208387	30.461427	29.599572	32.365292	37.855679	33.175443	30.718213	33.780287	14.236825	47.226785	21.668476	19.541700	28.070675	38.610413	35.686082	39.837481	37.298864	38.280711	9.978763	27.000845	40.063880	32.061690	11.853113	43.251312	11.185411	44.335402	22.307802	13.381403	45.657870	31.669797	15.645824	29.980787	18.097034	10.233490	30.484213	29.823642	41.318389	35.302087	40.127005	10.633078	21.823199	46.736002	11.270604	19.516099	10.582049	30.992358	37.449195	27.982627	11.592777	11.933978	14.330241	9.515156	20.560682	31.298977	23.913739	15.862994	44.819800	11.984830	42.913069	39.458355
27.534759	39.750148	21.947826	18.248565	17.315598	13.587878	13.427386	37.754673	42.363071	25.661307	46.428221	33.306616	14.865517	37.699140	10.181584	37.467546	27.064244	42.010465	37.996654	41.728872	24.689568	21.904354	15.498380	26.256249	23.579467	25.270095	24.073966	32.179005	26.289078	19.338564	41.960433	14.903942	35.991808	39.351210	17.204105	16.628233	27.759186	39.574204	31.807628	44.189905	10.878394	40.491607	46.292865	19.401040	33.722237	14.337688	11.662980	31.142729	16.143602	25.140752	36.015362	33.805994	23.831739	41.594342	25.420374	46.148544	36.662165	23.904633	31.432050	44.932404	25.241696	30.553864	40.985800	21.645778	24.187199	13.246233	46.530667	27.280743	40.653095	17.813066	23.671777	42.712843	11.498073	9.835334	42.091826	34.152241	32.497014	24.964286	33.120753	35.602162	26.311417	21.724434	14.813357	29.730425	19.669525	10.490076	30.229762	29.996930	17.712430	25.820794	25.990629	21.568548	18.139353	30.475530	9.978682	29.750324	32.859835	39.228513	36.679592	12.453347	16.856219	43.823029
31.356653	19.792661	26.561016	18.408029	9.894343	17.351828	25.030303	13.675934	22.539424	21.197387	13.654042	38.411169	18.790023	41.657697	11.780080	33.299339	43.783098	24.564487	16.041283	27.969506	34.186046	9.605931	23.034536	37.242758	20.542561	13.519913	34.334623	42.752601	25.532728	13.930103	26.560132	28.771942	41.494471	32.801643	39.242730	46.563541	16.630120	39.716788	12.838796	11.790972	41.188604	10.641993	18.396477	14.931911	30.590344	38.401813	11.055408	44.410005	24.823576	21.897712	20.604051	10.676713	47.384870	12.003724	24.730075	11.615232	14.437853	33.679000	31.045353	31.800807	35.637979	42.802171	25.107057	27.288861	11.152986	27.339868	29.240061	29.923977	18.068281	44.232877	28.490245	18.095877	34.226053	41.040905	15.620170	32.153746	25.095529	17.968585	43.824645	24.641598	30.190057	25.171342	38.025424	16.413072	16.983686	9.947689	36.402854	15.100055	42.483271	26.178861	23.458119	22.186321	45.304344	24.355603	43.471558	27.532405	32.668909	14.001765	36.384226	36.531316	18.262482	15.019402
27.943618	37.290345	38.030040	36.159623	44.789015	42.741243	21.764331	29.291272	35.063688	30.805648	13.786558	38.723606	17.919129	16.697057	25.149087	43.467744	16.741387	42.879954	39.308264	33.529506	45.740570	27.403751	34.039469	37.427539	22.985722	45.523361	34.997749	16.813169	30.457647	33.396676	17.378670	36.731741	24.070996	13.677227	34.866874	45.462874	21.000533	46.370208	12.340240	20.737540	19.306669	21.382984	36.192331	20.719459	18.198860	35.666823	20.441193	21.268312	34.184465	44.094153	33.059407	23.100312	29.794507	37.927353	42.161919	47.070024	40.847870	23.446277	27.516161	13.642676	27.635129	35.843339	37.838102	22.815455	37.739664	12.119443	41.208690	19.628902	39.896144	34.701712	19.661058	17.006765	30.203969	27.762283	41.631648	21.968833	37.802745	22.048725	30.736614	34.747098	32.607132	17.758698	32.421291	22.329456	34.511697	21.921552	42.777774	45.176089	14.540467	11.705618	45.887514	17.464412	37.298240	10.088518	24.254638	40.470939	19.716815	40.394751	34.207900	47.029833	41.986190	35.829611
15.435163	9.548221	20.164872	28.474581	44.795286	33.694666	28.790540	26.286766	18.822942	15.493731	37.362742	32.756606	34.079434	34.696541	20.175832	41.311146	30.876831	36.173650	14.255245	11.556494	42.963502	12.192185	22.245219	26.487740	23.683855	43.042914	19.634591	44.101169	40.694638	12.835272	38.352726	40.989991	26.102565	34.540482	40.546009	30.261405	46.331396	31.576082	20.637270	20.552626	34.954766	13.428373	20.611550	37.066959	23.209895	38.697767	47.111439	22.874665	24.602960	40.378921	45.845005	39.024094	33.237903	10.102358	42.053266	47.083507	14.428677	17.881280	37.276729	32.224764	15.378316	33.351613	45.400563	44.178900	41.593618	42.045770	38.437418	35.155884	32.572350	26.805077	19.177737	27.804249	47.351646	33.615540	10.997057	42.737117	41.447692	13.663681	46.752445	16.693030	26.750092	36.944062	31.234220	40.151112	32.314356	46.004698	17.335439	44.307682	31.540826	33.417039	11.364483	19.171079	32.759606	21.271369	18.333793	47.362158	25.357020	28.301263	37.017718	30.374743	36.638080	9.510823
25.253522	23.662685	24.253244	10.913500	34.722625	21.364408	40.376186	41.253729	17.811733	33.466694	21.780847	21.755086	18.672364	43.933838	33.890210	28.760055	9.647882	26.278661	21.532615	30.290853	26.722510	14.827202	47.081251	39.948445	38.883566	39.473001	39.475415	34.986126	10.880260	14.385097	42.032472	21.480682	15.438934	35.222790	11.181490	30.322950	25.475408	20.461319	27.066137	16.913270	16.833815	31.109474	33.382789	29.601647	37.369823	41.560686	11.700609	30.598163	19.775806	20.859666	11.768752	23.681365	28.446973	32.820179	16.377063	38.036382	26.129867	46.080056	12.671396	22.538335	25.249228	30.419059	31.856794	32.979938	31.947532	15.575910	31.520786	41.133625	40.094662	16.703078	25.677329	28.541436	38.648627	12.827618	19.659102	36.060521	41.373053	15.720461	13.253191	12.393376	40.843042	26.837410	19.172926	41.390219	31.207668	32.775079	37.773922	25.096220	14.238036	46.504371	34.342467	42.745866	33.535042	17.439023	16.910758	26.049976	27.505556	34.947850	26.272855	38.892346	17.692254	14.087590
41.655897	16.549642	26.293476	36.864000	33.747489	37.890666	21.279195	10.254941	34.145147	44.112362	31.541536	27.268936	42.002696	43.069987	27.173211	12.905477	29.003149	21.530207	41.078503	41.164754	36.991763	29.944444	26.963685	21.285876	19.072600	13.752051	14.196417	18.578421	47.301115	22.010318	40.239765	10.047969	28.043935	17.924162	19.345541	27.258007	22.284249	42.508356	17.722344	27.661769	44.213116	11.819042	22.498901	45.115318	43.833750	23.702295	28.250841	43.809220	44.945715	43.953612	24.722978	28.786729	26.278966	42.136637	18.052375	42.539008	41.233679	43.043512	45.757823	34.155426	30.982215	26.532860	39.378178	47.077133	12.179213	9.934661	41.303443	34.869235	25.587706	36.290302	37.151817	23.814781	34.863139	40.529400	22.258594	14.519158	34.281823	38.791496	31.474502	27.174342	10.155036	31.036764	16.430960	35.442440	25.176186	13.142147	36.276563	30.550979	37.499911	30.011119	42.535279	21.833832	39.579185	42.802780	12.832520	13.499513	29.381412	25.858264	34.595108	27.477868	46.217335	42.110897
46.948323	25.914834	20.327421	29.364727	46.488255	16.330859	20.324662	41.172556	43.134089	40.520881	41.388857	25.766062	39.585010	17.547309	13.602060	17.338985	21.091541	25.870789	33.622826	12.231223	42.725610	43.378626	19.816303	28.875232	46.585952	12.195716	34.351615	37.480891	16.129139	22.112047	16.023396	27.053004	29.345894	20.849439	40.795381	34.751679	40.835836	18.220638	15.860961	39.185492	30.107859	16.760670	18.714157	36.860839	22.371903	29.995988	29.158519	16.538097	25.977690	30.157582	24.064518	17.494024	35.932099	35.730676	36.904764	40.552641	45.556880	12.483788	38.231420	39.851726	37.738563	16.398923	26.945113	42.122053	33.906038	22.222151	11.748429	43.497683	26.022554	29.419507	10.263483	30.254527	29.033441	21.299736	46.381615	21.880809	27.180439	17.489954	12.603498	42.014836	36.259447	39.498821	21.536959	26.434113	33.542019	38.287011	30.400069	42.067363	10.712224	47.009114	25.464002	26.134720	41.574713	14.289061	17.432895	37.098341	33.526531	13.233028	39.719279	30.468673	29.949738	33.402499
46.463864	38.141706	21.543214	10.637408	39.922247	36.119009	42.783751	31.485452	31.256099	16.519280	35.177956	20.952924	36.112874	46.702043	40.581253	10.099503	24.907320	29.565772	46.166202	46.224053	21.681946	29.529179	43.305192	44.248416	28.617824	25.802306	28.122765	17.122418	13.734506	28.636134	31.030400	43.358731	41.035639	16.335054	33.884510	41.610313	20.843102	9.612089	21.160422	44.792734	16.014141	14.557047	29.968721	39.257891	13.820740	37.136995	12.649948	25.676232	17.927960	32.638229	22.924280	19.266274	31.942304	27.106286	15.886167	33.832063	11.778543	29.328325	42.618729	20.997176	15.238379	19.510512	13.352600	43.368543	34.935137	31.896746	13.149854	47.443935	13.253584	20.460945	42.218922	33.760945	22.945711	41.567743	16.287917	16.021407	32.621935	46.013438	44.400947	22.648212	19.452263	25.371979	14.100601	39.545465	15.357039	21.345406	13.457471	43.274921	44.811655	35.877163	9.533466	13.729155	11.876761	26.441440	44.815778	12.582987	12.282388	45.463803	34.546423	37.386987	21.673732	12.418471
33.952920	27.577712	32.417280	45.612150	25.599145	19.635721	13.119145	39.692159	35.922070	22.694153	14.804763	39.656572	41.607979	18.991940	35.517927	43.630111	38.649629	28.661402	15.518270	32.836158	39.155902	40.119189	34.731813	12.018945	42.463441	13.465901	33.786866	12.906006	11.459224	20.789944	29.588203	46.115573	27.119513	31.295266	30.284643	17.942445	17.911500	16.695322	31.905279	41.735926	11.192854	30.504224	25.231318	13.339825	16.602447	24.251400	17.859364	23.381074	26.826348	21.496795	20.133124	44.803303	16.328752	23.961767	26.506776	31.137192	16.495283	24.751109	33.529288	11.792309	30.512969	27.449912	45.806921	33.141833	10.577478	35.229066	30.481364	20.778689	15.909784	12.605686	26.475576	32.225826	47.448441	24.968188	30.765914	22.749605	33.320216	17.864050	11.244413	46.301290	42.689971	35.908519	12.325650	47.008127	32.829890	45.312597	43.435123	16.700663	23.065093	23.059061	13.005989	16.960270	15.364971	33.422986	22.906626	37.512618	44.683039	33.823085	23.358586	40.437366	21.306947	21.524250
10.346501	20.441514	24.571924	39.426790	30.528356	24.360512	37.379354	16.329275	28.464356	21.402611	23.311496	13.377531	25.783682	22.238073	18.725970	27.006277	18.545195	13.506568	30.453900	22.384398	14.242009	13.072289	32.476216	14.812436	38.227324	33.245727	20.754533	30.509754	33.113204	39.635559	41.364779	39.671115	27.258824	39.602296	28.029877	20.054692	35.136174	45.911818	35.260904	23.885467	17.712889	11.430005	32.274755	47.132086	24.230812	37.162498	44.965494	13.107389	27.128451	29.255480	19.631078	34.061549	27.513541	36.813373	13.644322	40.193636	19.957605	16.554650	23.764293	41.480709	22.290737	16.881797	37.289996	21.518066	44.255220	20.874658	47.454388	38.126980	30.296750	24.045129	15.632134	47.437329	33.036810	26.939881	31.706659	28.690745	34.571274	35.589958	23.665995	40.088410	21.139972	42.979865	16.426948	21.771242	27.068510	26.482032	42.172759	34.539792	10.780410	36.954605	22.432682	15.145585	46.034611	11.230786	31.118853	30.852540	32.088120	36.431881	28.974991	16.965730	39.481100	15.971404
25.910566	45.573524	21.067391	31.111009	30.608519	25.890837	41.383713	34.699406	25.982954	46.149002	43.266196	27.900491	30.920688	25.167792	34.443897	19.117566	41.252857	28.658997	40.817917	46.313718	36.517640	22.407524	45.819814	25.396077	12.581377	29.734498	36.797421	32.263144	14.005786	26.692218	32.249540	36.404633	29.940884	44.493722	36.734948	27.393421	13.707499	34.566011	38.615183	24.449834	40.211691	20.644070	14.022115	33.699485	24.779934	17.717251	20.609186	16.375431	23.278164	29.964600	16.277341	43.450395	10.310211	14.145010	10.247095	46.024687	32.571016	23.305869	10.729259	39.619322	45.296709	21.973020	13.038336	17.205102	19.160411	19.046015	42.703544	32.532149	19.660030	31.759518	25.301662	17.264430	42.151801	44.130887	24.431008	15.455992	36.995504	47.291295	32.136900	26.185799	20.464773	26.577051	37.140037	22.127285	36.571788	25.608569	18.970875	44.830603	39.015227	33.334591	39.554929	14.377274	15.077795	24.471174	33.238272	28.887026	38.370842	12.626209	27.811065	28.169027	33.610414	16.588321
33.144695	34.096450	23.044593	41.575513	25.484892	20.452053	40.607505	9.757686	20.807030	11.905089	15.372910	39.943793	15.637177	35.172962	33.162900	29.333889	45.844873	13.688245	28.569621	30.723219	37.077572	19.404051	45.541149	41.964946	26.374797	31.038386	11.990176	11.697992	25.703576	43.916546	19.905761	19.766216	35.949208	43.751328	11.938099	13.411287	10.790699	33.933374	32.274552	10.605591	34.924841	16.617770	11.320174	19.354836	10.920657	28.667262	15.385540	29.770979	34.171018	25.700339	37.448013	42.125033	39.313564	28.050458	45.642322	19.335252	14.998714	35.448414	14.903210	47.140564	44.533526	10.987788	35.843468	9.900879	44.943814	25.955194	12.745484	23.596446	44.709700	37.733157	27.987322	40.013601	24.161198	16.247027	36.504370	18.789409	27.160281	47.301848	25.717570	23.206520	19.067934	25.919629	22.235663	43.601045	13.741862	28.367074	38.002819	30.366802	41.418828	27.067410	16.520926	14.313583	47.479249	30.305615	43.864368	12.928040	30.185329	40.514205	15.532252	38.997059	38.959843	47.456598
20.050153	36.532028	29.803038	40.661918	20.149609	24.836838	44.018808	25.535069	35.392599	27.321208	34.015320	13.325617	23.793798	41.744259	12.500786	36.849774	19.931737	24.622033	13.740694	40.245980	31.083190	11.992315	16.821654	33.948495	31.566156	20.483723	15.175620	37.669673	34.895110	18.518624	11.003499	45.046183	44.536492	12.733910	36.934916	47.243865	15.579523	36.826599	44.769501	25.319773	29.117491	13.095214	34.043339	15.864507	13.499525	34.114049	21.578330	31.159462	32.997480	41.140488	15.012301	10.808063	46.791101	15.979564	46.148218	14.199779	46.400741	23.735716	26.903058	20.237560	41.357954	10.312720	41.897806	24.774210	14.043725	30.846374	19.614329	22.289609	28.929270	39.443138	23.773992	46.239129	22.889844	30.328310	23.282493	46.303606	31.936401	23.777569	16.501645	29.098286	31.397170	14.223866	21.564990	34.115192	28.234359	25.134037	28.671338	32.477599	39.535037	11.204619	42.565952	33.757193	40.049958	14.682712	37.261691	43.951145	36.049679	45.286754	12.481801	24.427106	42.049628	42.131804
40.745047	41.101789	47.129213	32.623024	34.780109	15.674185	29.533339	46.228479	36.255941	11.323321	30.124827	16.502001	22.982409	14.424315	12.931566	36.186615	37.992916	39.582687	33.283796	25.049298	34.235283	23.892052	46.923563	14.664496	16.636374	36.423038	18.577910	32.393795	12.431749	10.785362	37.231772	16.928844	30.363910	46.559583	31.543094	40.001955	15.545688	15.116558	10.753834	24.666727	34.015628	38.774688	41.713776	15.429348	26.905139	25.008243	26.671121	19.514456	19.655879	47.159241	24.332673	10.666685	21.109999	20.865256	39.143198	46.596135	46.600021	30.478954	47.458750	33.747656	12.225294	40.536986	12.039587	26.395636	21.348677	12.133711	21.097124	22.938683	36.480929	9.595942	29.426148	42.676192	14.571410	30.958335	32.172551	12.995583	14.631479	20.544489	10.683057	20.505896	9.608549	40.612263	22.607259	36.332515	32.384465	26.720398	16.881968	26.942195	22.695133	36.574605	21.511010	24.877843	23.514382	41.444071	23.966233	34.126520	46.793740	33.917704	26.003949	16.647758	9.788473	29.040610
17.927284	17.794896	40.177669	26.316766	47.349453	30.047428	27.788023	20.084468	46.332308	30.495197	21.970287	40.650528	20.642112	40.820004	37.696351	9.812439	13.297263	35.543361	24.509497	27.946126	28.222190	31.113665	30.111493	43.392167	47.414031	16.702717	38.239416	36.416895	22.433209	44.606754	44.090965	22.256328	33.039796	9.883944	45.790842	28.474005	46.066579	34.709959	23.766334	29.529645	19.549063	46.594798	22.425532	43.605139	21.952588	36.850249	38.785877	41.496671	17.175211	34.212104	43.058180	15.233609	36.991051	41.882983	37.629189	23.908673	34.588748	34.735554	18.146580	41.539697	22.676019	38.154165	32.172794	36.471368	17.271852	22.957073	20.728319	37.914653	11.863633	20.300469	16.561179	24.864921	12.310166	31.303037	25.139708	24.607635	37.845440	32.354428	13.076103	25.936999	14.368250	18.209198	19.850413	33.829441	26.409912	13.799444	25.073425	25.117222	44.602699	45.146555	15.111267	36.174648	28.329711	22.298307	27.163927	19.700928	31.923109	10.941685	33.894274	10.497733	38.489031	42.277387
11.654763	18.614218	18.344742	33.079142	36.778529	21.264062	13.534901	32.106444	19.185152	38.939182	36.956116	25.743547	10.489180	41.075463	32.788112	46.791057	32.633499	10.038767	37.646384	15.829188	22.250693	37.749002	18.076541	13.220581	44.190601	39.009591	22.858862	26.855884	40.328090	22.733186	16.602414	32.991675	35.016187	36.564408	13.077071	16.184189	24.713009	11.804339	35.282857	16.080653	31.682891	46.864928	12.776993	17.418455	20.062617	28.698057	31.463908	31.029353	33.049937	31.238684	45.337721	24.025788	17.089964	27.489203	16.321377	14.773559	18.971071	46.646591	44.125466	39.481756	37.072950	10.413569	32.521562	40.407664	40.852683	23.603280	10.175635	16.361235	13.668871	46.285283	11.628273	35.795246	46.304728	23.573488	20.839290	36.746385	14.122825	22.112275	32.137098	11.280450	13.989190	45.355393	17.486614	31.047859	20.202173	38.353986	11.221008	47.316747	32.589982	27.359095	13.568879	33.946065	17.178733	36.863538	16.118612	17.761089	45.516921	27.997060	15.844436	40.917514	40.622486	23.355821
37.059854	33.027470	45.472678	20.411828	33.077826	16.116388	30.414518	22.445377	32.113951	16.279730	10.966062	35.481601	39.514509	16.765602	17.623913	24.332243	36.784904	27.585741	32.336263	17.469322	10.246494	42.733987	10.872954	27.827927	12.053609	27.365354	28.770732	30.726533	12.529351	43.775881	25.003505	9.667296	28.131329	18.534379	10.722840	15.696737	42.502342	41.500738	29.607307	39.873954	16.814826	37.174317	40.181191	11.318983	10.924666	11.288943	13.104637	21.878399	12.587831	10.334813	38.363733	20.442199	22.703639	37.109479	26.004266	37.111338	27.587351	45.211684	20.334026	29.115430	34.096014	27.344169	29.452183	11.708802	23.640688	15.068043	45.684473	16.324346	30.016475	21.675948	42.262512	37.441774	47.259253	41.588992	19.647448	30.159824	45.541563	36.049875	37.397484	41.576255	15.092255	28.045870	46.043556	30.724142	44.338617	11.387322	31.903550	43.417512	42.836482	16.710403	14.632544	39.800947	12.428216	23.038399	42.793028	15.738251	15.007802	43.906188	35.277202	17.483992	44.812057	25.488963
13.929633	31.651787	22.286017	30.133737	44.959411	26.393219	10.014431	32.804876	20.904428	38.977316	42.514530	38.634249	18.907974	42.309548	43.579269	22.997237	18.967355	14.567778	25.519380	33.173215	25.260148	39.251585	22.698980	30.379223	17.968039	23.499335	36.699691	28.552702	32.440271	46.973074	38.685184	45.356807	21.642258	13.860704	15.435428	32.984675	19.643657	40.239575	43.204257	27.757353	30.033317	31.675791	18.514062	41.953280	44.802185	40.345968	39.928124	37.236102	43.515276	17.411033	41.278367	12.641226	31.523893	16.310413	39.995448	39.321454	30.961085	26.341771	33.760934	38.441805	11.633109	43.976086	36.894168	11.116928	25.722201	45.299902	30.315304	12.045938	43.495990	12.289144	22.912620	9.695958	28.351931	38.646732	14.430796	39.883121	32.407317	37.434586	15.934854	17.603456	9.668686	13.819004	11.882729	30.022033	19.807083	47.005782	46.370529	11.624794	28.464865	28.849844	14.223639	34.612009	13.001147	19.820947	43.275726	17.597746	20.572590	28.652801	47.326988	30.568451	24.981883	31.430617
20.408410	42.573170	18.101675	22.635989	26.433938	41.317608	12.355748	45.806562	43.763450	16.637103	22.712217	20.193512	12.735022	47.439173	40.008617	32.838640	20.368890	45.304949	40.801557	13.463175	41.160418	42.386872	11.240326	26.688944	10.094157	32.765234	13.317997	42.536431	22.327685	21.270356	43.730556	14.903653	33.856609	13.278615	44.894955	31.568352	41.957907	13.203075	10.763939	43.487653	11.162240	29.903712	42.310662	41.818768	26.911140	21.435425	39.830443	28.575844	29.426476	45.101695	38.333958	28.623220	31.735294	25.524219	26.831803	15.603665	34.802903	15.368829	42.090342	25.643573	19.238823	47.405639	27.711190	34.150286	28.512925	9.968526	24.493561	10.695848	21.058007	26.947764	43.122428	46.548338	12.906775	39.482455	14.988902	36.869088	30.031735	34.699406	11.638743	21.121716	26.347549	41.421981	31.858319	38.165323	30.200062	33.265328	24.736490	32.236531	37.277578	35.013628	18.608730	39.082061	14.215148	15.760154	22.289043	13.630731	32.798302	10.901039	46.728592	45.678222	42.307627	16.596221
16.852359	14.238416	39.220304	11.100770	25.552146	21.458810	10.867449	15.198563	13.423963	11.400360	17.532657	43.028698	34.008299	43.031050	42.839336	13.519799	43.708945	38.712395	30.588072	42.036755	43.595945	36.641899	35.389026	22.785129	40.236910	11.845706	40.964965	27.114015	47.040559	36.746299	16.977769	37.182595	15.762898	33.591551	19.662270	44.592807	27.754857	36.840079	28.144253	14.835000	25.874277	33.376955	42.621440	18.208905	29.856635	20.248051	32.605293	18.742206	42.673293	39.083214	10.792484	21.100346	20.006779	26.017467	9.852943	42.010873	14.844997	16.622018	27.591075	32.468456	16.027286	23.886544	18.053991	42.650245	46.841056	32.321769	42.743818	30.186483	45.077461	38.901527	10.330308	21.641378	30.544295	37.010004	31.196809	23.242759	28.191093	14.840170	15.251404	23.716481	13.186955	18.465718	12.170257	15.604465	11.140236	17.780293	44.101208	44.129906	27.281643	45.122361	31.847224	40.713030	16.174685	11.632919	30.615418	12.660674	23.622224	15.973321	29.423003	15.436288	36.178003	42.421613
38.910511	43.839629	38.428481	10.264916	41.113238	10.304724	22.720388	15.013221	20.208157	19.830233	35.718151	32.975280	40.148349	28.147135	10.298368	21.161369	45.084696	24.888912	21.587185	40.354671	23.969739	35.269986	38.093618	13.400576	44.009801	32.169360	13.625568	22.506309	15.818982	40.761420	31.537639	24.614015	22.015461	35.768661	34.127604	44.447170	35.103762	45.990385	37.896607	13.953490	35.926294	39.060372	16.725611	38.070113	42.337649	30.896841	38.382135	17.111736	29.303421	38.826791	37.546539	32.462770	14.580450	33.913680	23.791118	34.180117	46.037896	13.534518	13.872705	43.339694	11.861400	43.539322	41.948794	25.829693	46.283576	20.998230	32.553703	34.841384	10.211891	41.238627	32.007033	32.347373	33.829437	31.853165	33.778223	40.402612	42.427853	41.626142	19.411017	36.363400	45.337935	20.046185	14.829634	26.360644	36.528742	23.436197	19.700742	27.182088	26.969009	12.000874	38.714795	15.419033	20.849553	41.773355	23.730956	35.937456	39.358897	17.174765	32.200113	32.103165	18.624993	13.885410
15.010883	14.384115	33.295419	26.536627	31.012970	42.396547	34.446138	45.439610	16.843126	45.045394	40.340982	23.164893	28.814837	22.417720	24.658519	21.904767	13.038668	22.138132	25.908168	15.380642	37.359397	42.473091	23.658536	32.678718	44.464604	42.558894	16.543901	20.208862	41.376106	26.935576	13.406998	44.839871	21.021159	26.899232	39.056230	40.125361	39.548600	12.868042	17.240951	11.040753	28.576332	22.277816	32.304930	14.566095	37.703857	14.384389	11.372531	22.645260	43.345358	20.826980	39.292431	37.226505	18.696289	44.275203	17.812938	23.389751	24.187653	21.865800	22.953756	25.118513	16.139375	37.904150	21.419238	12.903429	34.730406	13.782052	45.312787	15.914834	34.685076	39.359269	33.695536	27.697487	26.855608	41.838974	39.072231	9.755341	21.601366	10.976153	10.473355	39.116538	34.999264	18.757908	46.945423	15.766549	42.416134	39.377963	32.697287	30.035534	13.558130	33.097130	20.997732	19.216667	16.387866	29.417917	16.957718	44.972216	10.539548	24.315991	27.452504	39.350723	35.319001	38.217764
40.481042	36.359326	14.910377	39.261735	20.414845	42.941938	25.813178	35.726319	27.894018	12.135206	33.388132	32.308267	29.918455	20.845503	13.831766	29.997050	35.638611	30.029300	13.659005	11.952319	22.333918	25.970449	41.834136	25.322390	21.099068	36.316602	26.827793	17.346064	39.119375	45.417154	25.548278	31.715954	25.158204	29.646391	11.458384	22.597491	15.837444	13.185101	45.147931	27.162883	39.551909	28.410740	15.587315	17.931837	33.777746	41.279083	13.887025	9.539989	18.155587	9.857768	47.140648	42.216067	29.434437	10.592893	27.704502	16.611357	28.278480	36.179609	14.127395	43.504888	29.466226	31.614064	26.557955	32.502093	45.789440	15.164625	20.798493	25.970863	41.027861	30.593250	27.590225	37.435995	42.660648	35.609709	38.006554	43.943711	37.579869	29.634501	33.849273	33.936099	26.017097	22.846034	38.974640	38.830552	29.856780	27.656510	36.318968	16.249806	31.341658	24.324555	15.011055	11.468056	45.067619	41.213359	46.640397	43.247405	9.614714	32.926577	22.457500	22.565347	22.300959	22.379859
24.197529	38.225033	39.057410	22.842909	37.569645	18.864254	27.602592	26.179846	43.686951	20.812664	37.919649	13.154033	46.702993	32.921197	23.101834	10.496289	31.568595	28.030698	44.938303	29.079966	39.280891	14.307519	15.888650	18.126735	31.850385	25.534056	26.340520	18.002340	30.363327	37.258560	25.022179	29.868552	41.517038	26.365957	36.899298	29.339760	10.942134	28.386188	24.850192	47.034829	24.007213	18.241049	45.247615	16.359314	13.479803	16.803081	35.528578	22.484631	31.155323	46.068845	12.271673	18.187650	15.649544	39.838191	17.938073	26.723063	37.780956	15.554163	28.763713	36.770255	25.397028	19.970265	12.132989	38.724250	47.061678	45.384546	41.718346	13.414412	18.063709	42.017732	35.546886	26.810515	13.102515	22.711864	42.419567	17.384503	17.129455	11.370290	24.569523	35.683794	40.919519	22.120575	45.506431	27.105893	32.795251	23.462208	44.408127	23.964094	42.272805	22.771739	45.290508	34.383033	34.892848	26.654873	34.196664	41.730979	13.756489	14.142201	17.869801	32.625405	36.145337	31.647110
16.332263	27.598341	21.752554	24.514274	45.236006	14.038819	47.126898	33.891740	35.219807	41.062276	46.971610	37.126560	30.584592	20.288075	26.815297	9.592699	38.502778	36.309197	44.014805	23.313243	20.965830	17.786857	27.061178	36.566606	46.510757	12.189627	42.157605	25.059569	37.651878	31.333996	43.509789	28.865152	36.356030	29.863159	43.358436	14.706084	28.990523	20.517723	34.911815	19.839995	22.248519	15.960540	21.263054	38.838740	35.726240	27.092231	41.206072	12.520706	44.703200	23.352148	21.879233	31.320612	13.404234	36.625827	30.743062	35.627288	44.697856	14.857381	20.997051	40.743103	20.939671	16.914257	46.360500	17.901842	35.356586	33.098903	41.394078	46.429039	32.379562	20.466684	41.121655	22.046808	16.306245	44.924829	18.936313	30.930902	31.121464	19.649314	29.842776	12.661490	27.131010	20.841720	19.627146	36.601516	42.455061	44.919274	20.021890	34.075745	15.777488	41.154017	12.800202	38.190290	12.685845	46.124372	24.033278	18.506069	34.629286	19.582216	20.093399	19.903205	14.177929	44.837218
47.077910	16.282550	26.590922	11.079904	27.390552	31.441260	42.491096	20.273396	45.954519	16.756224	47.364789	25.861292	40.045883	22.238540	37.693540	42.215966	31.870301	40.906376	39.836679	19.359525	28.249902	44.531516	14.708504	23.520345	47.384844	19.940399	26.579029	17.050171	22.451518	26.341825	30.994880	46.217869	35.502054	10.466099	39.970059	28.623833	10.104497	42.264339	40.780648	31.561043	31.990651	42.385446	45.821369	40.158879	29.661798	37.696524	35.735695	34.587460	26.232834	22.459550	10.394460	22.449378	35.917426	22.414533	26.440612	29.928904	44.193332	42.211335	41.887441	32.664559	36.323236	32.402458	13.523112	33.090717	40.549703	11.619430	42.444287	34.599768	42.869075	9.895748	12.064797	45.109065	10.595951	12.011532	44.533961	17.889875	10.672123	12.717217	45.816624	33.578003	35.292335	32.989513	42.077538	14.423932	11.135510	13.308905	40.802579	45.353814	27.573882	37.864163	39.691570	21.164805	39.208544	41.074397	21.018188	17.358792	22.185150	20.394266	34.715579	19.882604	18.461768	45.235384
24.031819	23.561205	16.284393	32.739967	31.404077	17.351412	26.214790	19.666977	43.061363	27.148061	41.784194	19.749596	30.861322	22.013577	26.551864	36.742327	45.844575	28.907983	22.284010	9.760622	42.662416	21.519240	35.632982	46.111190	19.434016	19.285731	37.151953	14.250398	12.319089	14.338807	43.102111	12.714494	27.219745	31.271254	13.385228	39.724318	38.363489	42.581531	38.949106	33.491399	15.293810	21.930015	10.399555	27.915550	36.884616	15.515133	18.734383	43.346548	21.959969	24.600151	39.405420	29.090405	31.276148	25.781737	24.984628	33.789805	17.556690	37.536807	44.922924	18.669489	46.551438	20.467176	38.858248	12.122982	43.337049	11.842683	22.931988	31.459076	16.197137	11.925010	15.392938	37.952551	39.379684	20.215386	29.482197	42.814518	10.121038	27.100477	16.563671	20.959831	36.322120	47.390236	35.999204	13.234980	26.186689	25.257657	28.741099	19.590120	36.925165	35.213235	13.419240	34.123533	11.850279	9.589693	21.500153	45.756818	30.167527	21.803059	46.125657	33.943397	24.217816	10.670698
32.362926	41.027064	32.515540	32.187532	20.432878	38.914991	45.031469	36.955806	35.540717	47.073689	39.797956	13.506799	37.473314	25.277581	26.865392	24.690235	27.796165	40.296363	39.473809	15.548952	39.685565	10.668123	20.267304	10.179893	30.878452	24.075734	44.962536	38.921142	20.940555	27.375485	32.957106	14.155040	44.124102	30.442838	21.258978	35.863770	35.905649	18.775645	37.299528	38.983994	40.839270	27.695955	38.061733	18.276953	11.446269	34.021595	11.939929	15.429182	9.947347	14.631029	32.280266	17.327425	37.343514	12.346411	9.831503	14.724651	32.607409	46.885029	27.513137	21.539592	32.766612	17.627986	12.693868	44.368473	36.546103	18.238691	36.068124	40.530721	24.401575	15.259748	34.216420	45.413963	30.441467	40.168645	43.961122	13.375312	35.869884	10.336142	19.126573	26.693016	28.078246	28.376318	24.652675	15.156255	27.937870	29.027421	15.750353	29.008385	29.974307	14.895546	20.317915	29.484228	9.577150	20.519981	31.787053	13.700642	29.785312	26.243097	41.622141	36.912530	15.300648	37.520464
15.312725	10.409427	40.475649	25.734424	44.396638	45.552025	16.803190	40.885437	37.107938	9.780089	16.211945	45.572768	20.894259	15.263032	46.798450	42.519679	45.408004	14.609121	41.440124	30.236765	38.200529	44.898258	35.766686	42.027914	35.515439	40.423651	25.309291	22.451930	45.482152	24.981763	30.914459	36.771995	37.238055	15.152352	28.198660	17.521320	25.560625	37.855562	45.156296	18.103529	24.462939	13.389363	19.541191	31.562953	46.541110	13.749353	13.324092	45.665240	19.904641	19.614482	14.491138	45.074894	23.996103	37.129794	10.481001	45.876227	11.415799	35.392559	45.216982	13.298025	23.255124	38.657323	42.763656	15.099906	24.076679	32.381608	43.980015	20.937044	35.257320	45.490810	42.519709	41.310728	15.215873	17.745738	38.598859	36.619160	33.497609	22.148118	24.122751	21.135846	38.287969	41.024620	21.788069	10.080376	43.296562	41.389886	46.651830	21.994655	14.519591	35.862459	10.133472	17.672567	14.516275	34.282025	14.152356	45.565343	31.526610	39.205020	24.535152	12.859046	14.173096	28.624770
44.784886	43.865365	31.012413	12.640241	9.796789	38.114777	46.326271	26.377947	38.558079	34.330908	19.986935	26.903321	37.821668	22.797259	44.035717	43.485715	32.907590	15.788438	15.775928	47.071799	40.531821	40.634502	25.711385	43.859544	35.628966	28.309352	35.186587	19.223819	25.840324	46.824497	21.991798	43.824007	14.662043	31.230095	21.120107	27.544184	17.236164	33.112127	39.899085	19.433650	13.390129	35.669514	31.468827	23.299519	14.940667	14.072181	9.985196	43.096547	13.818237	21.666675	41.859885	42.865912	30.350203	41.180416	20.429976	21.675913	28.899727	24.754086	17.495340	41.292828	45.058331	47.197186	36.088365	25.313731	47.054557	12.885669	40.584056	37.541883	10.184949	18.933385	25.926555	45.814079	31.301588	46.199493	13.889182	41.990678	28.855742	46.687130	17.119917	41.185079	29.959021	10.794115	14.598328	41.161302	15.287512	40.636190	14.049356	34.509697	15.018857	37.459813	29.376279	29.524123	14.781878	34.419088	26.520559	18.494230	32.151511	46.255827	41.763334	46.492841	23.304659	23.903762
41.003844	19.989676	37.258082	44.681690	37.114053	25.230306	28.263962	30.185413	16.600037	33.233918	23.333999	33.093560	47.426220	36.292630	21.565678	38.053550	21.287932	14.312281	43.940744	29.883765	13.224953	28.934458	32.623467	47.039993	46.560699	33.355137	25.953646	36.084651	42.481764	25.023351	44.862872	17.824027	30.604363	19.040426	16.396985	20.004836	45.409280	27.925111	36.309013	35.099913	14.328381	39.596705	30.190791	45.037406	13.309122	32.343333	31.674919	24.422059	28.129774	12.083826	32.897393	30.271919	35.453233	29.067531	24.418224	39.485399	10.315891	22.543707	40.540865	40.870167	11.925824	25.779759	22.911745	24.893189	23.640018	26.012776	20.260800	37.263403	16.407893	32.106667	23.947296	46.333635	17.996858	13.042282	20.836855	21.873993	43.947410	36.433277	25.765441	38.114134	36.937567	41.947141	23.276267	30.408558	42.163108	15.555566	15.318421	40.675502	42.645283	24.402325	16.328901	41.545083	33.188522	43.604167	40.749383	40.494427	31.622047	28.964394	10.961503	41.294211	33.332788	46.034344
19.675718	13.841255	14.680919	18.050723	37.612734	19.340398	12.885579	11.856766	36.807160	34.442533	27.923764	31.048956	22.821405	33.014181	29.836588	23.370799	31.107407	37.609168	18.896035	24.985751	30.484723	39.150431	32.778649	9.756316	18.859565	15.686492	28.272279	42.897212	15.991281	34.478927	17.729794	24.824639	20.204032	29.825837	13.528335	39.636326	16.169688	14.207485	43.181890	31.461132	31.675973	26.661163	26.617216	28.204467	27.715780	18.265954	35.965466	24.967981	45.697709	43.916530	33.393462	12.539504	25.591648	10.558549	24.791023	40.881344	40.215101	10.179379	45.392566	27.174949	42.189373	40.113870	10.701105	44.263650	27.327392	14.621366	20.480155	43.521111	13.392118	12.972712	29.111619	35.273798	26.024795	15.108546	26.098501	34.920781	17.214387	24.721462	18.677286	11.933103	21.904800	12.567852	10.721025	31.938380	31.161600	11.783673	21.114222	25.323843	41.021888	29.371024	19.926568	43.410738	33.180074	26.891459	23.677361	10.840211	37.150116	46.289539	25.543184	33.937853	22.789593	40.255378
10.504461	29.195026	14.990445	31.987545	40.939631	12.900606	40.502365	24.257324	42.400845	34.756934	31.655368	26.588097	22.243678	47.385426	22.337209	31.077804	21.341193	14.559465	24.593801	43.816552	41.288199	42.232538	16.287823	21.473998	43.927706	21.090564	31.195944	29.786982	12.723661	26.255970	31.369090	31.303511	16.142872	18.361247	17.978741	21.974014	29.889953	45.933105	31.258837	44.985858	16.972468	17.881990	37.327533	41.556684	12.945999	44.072908	43.554692	15.950200	12.776392	21.768513	21.511705	24.513719	32.245144	24.546314	15.707534	33.798223	39.951315	42.605661	19.774491	41.384703	20.156435	12.915564	35.611871	47.344806	31.900606	19.031580	46.440203	45.267494	12.843663	17.345974	27.892302	32.158873	31.266690	23.480923	44.475629	11.440310	14.493478	35.677712	30.454795	17.965338	47.178466	32.887392	45.887621	44.629242	30.962292	21.179305	18.995282	38.867466	41.588769	23.941540	29.393416	12.733495	19.895709	23.980042	12.160380	36.146613	42.196305	18.368655	27.136132	16.322287	37.791346	17.674927
10.723828	22.088796	20.892316	22.703733	17.711002	28.353321	25.870425	14.255467	17.585913	43.283043	33.965978	30.727134	20.592384	43.455576	14.197005	27.641575	41.636936	43.925013	25.470824	13.156381	31.195070	10.604559	22.758780	32.385236	39.180782	38.879504	18.238019	35.656443	11.420531	46.864138	20.814631	27.797766	38.712662	24.224434	28.206717	22.743623	45.379030	27.715022	12.444504	47.222634	28.343225	19.338040	39.866328	30.487932	16.565391	22.075742	22.430766	47.379803	42.812692	36.949063	44.361400	11.985700	38.497155	19.892137	32.099503	31.671001	19.535659	21.984240	37.919666	27.029493	20.061208	15.017775	33.463550	12.442553	14.340371	44.642803	22.640706	28.092801	44.660783	44.669923	29.517450	17.540680	16.781524	35.081098	13.379078	28.341600	34.566171	36.146334	14.297215	11.666994	11.887645	35.412569	25.450373	12.912736	33.465955	23.732117	31.460759	11.772391	25.291322	12.562725	29.402149	42.675334	21.288916	32.801883	41.487731	26.788756	35.575790	26.243332	12.689632	40.059975	32.844322	22.743524
37.105381	14.096447	14.193040	44.650641	36.950069	37.415214	26.154892	18.919334	17.445753	46.864617	30.055641	24.827933	41.686467	43.401295	20.463966	10.307372	43.472430	45.492358	41.231930	39.630103	13.468098	23.644616	13.252724	14.652062	16.018770	38.949979	18.597334	33.576220	12.782290	36.579766	45.600041	43.916074	15.930167	17.224602	10.547372	36.752561	44.873286	14.533695	36.471161	21.530670	14.410213	22.508668	24.057037	42.898678	22.489934	17.011188	45.098238	23.265320	39.431535	13.557086	33.642302	30.379506	28.078596	20.970885	14.766913	12.223298	12.180533	31.058411	41.293500	20.317363	31.804944	28.967561	15.468781	45.084116	42.506014	11.455461	44.235880	15.166020	13.211697	32.422195	37.247734	29.941917	42.740224	12.967299	18.994115	20.089735	18.505523	31.206643	11.529447	42.309972	28.809110	26.625389	28.328039	46.667959	10.107432	10.025663	33.008862	13.312784	40.817845	19.207091	41.605474	22.484881	45.379956	12.818142	16.293820	10.074790	29.743107	21.142265	15.367420	27.289146	16.393773	14.485761
46.187851	43.889465	12.177264	43.463380	29.141251	14.435727	31.022371	14.777677	25.864615	28.760696	11.737553	45.497385	19.280029	13.053255	20.727360	32.538064	40.738708	15.417703	33.547611	22.777619	32.460664	39.842464	22.645817	19.360859	30.346840	37.707169	12.451639	40.445042	25.868089	36.241588	42.971730	38.549588	47.299452	40.416688	35.986272	24.311743	46.027358	12.735123	13.070289	25.380805	25.471744	15.130565	36.956228	31.441377	15.503825	14.512065	34.466663	47.072185	37.333363	42.835032	30.282535	30.422221	34.320497	9.682098	21.954314	14.709431	26.013899	30.420841	20.847493	30.584562	30.746475	42.065932	25.315352	47.383720	26.220384	29.281767	29.739457	24.966792	10.437396	16.708236	28.044412	35.801998	17.728302	40.507870	42.214886	36.256418	32.975247	20.868560	29.241932	27.808356	12.610084	21.410724	13.804554	14.980690	40.060528	15.749605	33.120978	28.798574	42.925816	40.369625	34.540428	34.959593	24.821409	41.222995	13.747558	42.268421	19.149948	23.202500	35.960785	19.779257	16.790303	40.763426
43.890333	38.581716	42.642259	28.065067	34.436561	15.908186	21.553621	32.481619	47.184873	20.994372	32.298876	24.196421	12.271273	41.758075	26.137656	16.373665	32.310364	9.877008	18.835454	11.526314	46.328840	23.686163	43.538206	32.239306	22.021972	41.113185	31.262953	11.418035	15.151378	33.767176	26.507695	20.427116	18.854385	15.257919	11.402069	20.234012	41.621710	33.593550	23.937393	12.495025	39.776580	25.224158	23.770247	13.650277	24.976587	23.718181	18.788394	16.986811	37.592468	41.378168	23.636614	18.424625	24.447346	14.015616	46.251669	43.482344	42.898494	21.590568	41.018528	15.546061	47.151530	21.481290	19.316350	20.132669	42.461116	31.915234	22.573975	46.181907	43.363551	41.332680	18.638506	33.938071	20.490949	28.825838	28.019556	43.178197	41.193568	36.187452	27.524866	36.282709	15.022999	15.537257	41.840108	38.116735	30.325771	23.931301	44.330869	28.567819	47.258429	15.852944	9.870336	41.452625	23.715478	29.832249	11.297054	29.489403	14.548645	43.506733	42.836378	41.979531	43.498593	25.924743
23.643193	20.872022	30.910110	15.695657	44.261694	40.397962	45.254466	35.121618	12.346360	11.403889	44.984124	42.009785	28.414571	30.537856	12.605837	25.699309	19.284043	15.657524	22.347007	41.782439	30.174684	13.183982	34.319464	29.408204	21.146233	31.581210	42.155324	18.215052	37.588098	12.639794	38.170117	16.690249	30.705370	45.249849	39.679772	19.991450	21.826632	39.227163	39.099906	30.144236	28.384106	43.489958	41.685910	24.674659	14.090119	12.021731	11.120382	26.912952	44.166160	29.735381	11.731256	37.405297	43.290186	31.410613	45.648850	45.090012	33.858064	34.882392	34.281634	38.728830	40.340070	14.328546	44.934979	24.740606	46.554331	42.035313	21.745368	23.207647	33.351398	31.061575	25.187894	29.882678	18.519173	46.951496	30.463080	12.096197	38.694120	45.873410	47.166609	29.162587	26.695245	22.925225	42.360228	35.808304	26.321788	31.907542	22.325697	26.160482	28.855043	46.532775	16.811385	27.931149	15.208781	31.695037	15.827212	32.129504	12.347695	20.422135	25.016083	41.437115	46.492128	16.872178
11.496596	29.614644	40.249076	10.218388	12.804242	10.669212	19.489504	11.870185	15.981750	45.551793	26.326754	38.596883	46.297922	21.137189	12.011154	22.880455	14.237064	35.876627	20.101230	31.917467	11.675082	37.063962	47.190631	24.621131	16.897761	40.770433	46.573857	30.134668	42.015933	40.747022	38.631191	20.473761	17.764976	10.000789	29.979201	46.435988	45.380676	38.512265	39.317070	47.044593	23.427648	29.443540	10.370870	34.094946	41.007283	28.794207	28.292608	32.495282	43.477652	21.426858	15.623073	34.602367	44.378829	22.396295	45.103168	26.652240	26.424481	20.368518	17.401451	33.356475	45.190168	47.206688	13.991987	10.944278	37.323983	42.870152	46.309844	13.925670	46.421329	37.543123	35.988887	23.249434	39.546695	32.384948	29.988344	24.477371	21.854497	30.568990	38.857953	31.896431	19.963492	35.946365	47.158804	29.816459	11.910668	15.124795	26.170505	42.331463	16.967074	44.483073	36.300911	27.906424	15.670717	23.267459	37.471286	28.368756	32.823969	32.364846	38.871358	40.987603	41.786646	37.714214
18.239360	39.835953	35.924770	41.040371	30.749861	16.306382	22.220781	32.887124	28.744662	29.926785	43.260249	20.999531	28.558140	37.343167	33.814991	38.243631	32.713847	26.797766	19.039593	46.603870	31.958629	31.793090	40.956030	16.169597	44.966720	14.819383	21.615422	28.500035	37.536290	35.267472	10.474060	29.296722	27.789570	39.229053	30.612211	22.071181	30.099332	16.669605	39.068805	29.517377	22.371393	22.953244	28.836371	36.067607	26.210627	43.136742	33.838855	35.804765	41.488108	17.611221	25.845139	41.571400	18.646526	22.982431	13.643162	33.274691	43.739696	29.856832	20.556890	43.550086	19.958712	46.588095	29.143111	36.308778	29.093366	40.690097	25.718867	16.287686	46.320627	22.429895	39.675592	42.445419	28.172839	14.184705	24.541778	21.366882	29.468895	21.167117	13.635473	32.432571	17.659663	14.798550	17.660892	35.478306	20.129608	36.109535	33.513906	30.679785	13.225968	19.844458	37.980215	12.409297	12.541571	32.247503	32.613689	22.366919	23.836088	46.188603	23.471378	28.235056	12.995006	36.134390
24.793858	35.898473	42.985171	17.546096	40.438950	46.675106	22.334757	31.016680	10.421996	23.879089	26.427580	25.161209	38.306689	32.928093	23.743472	45.303104	26.420049	40.081159	33.839361	24.589977	43.387418	25.107430	21.947688	19.161870	16.805761	33.955276	45.832146	30.526678	19.398435	23.024207	28.658386	18.395321	40.825714	14.217532	35.420467	28.254759	39.599115	22.079798	23.194251	29.218579	44.206369	12.025212	44.703167	22.423853	36.874694	22.103903	31.029135	30.231511	46.575786	20.032830	11.018087	26.012318	42.281659	34.710356	29.374376	19.596741	32.801600	20.479339	46.126201	10.155546	46.631567	34.488411	17.731404	41.771955	14.429383	32.410691	19.523307	37.203683	15.619459	12.525226	37.888108	27.580175	41.167140	28.524371	46.337125	15.985873	25.930114	41.988664	12.101527	32.222518	35.726164	40.342444	23.931699	35.008468	32.568177	44.667819	14.591976	14.006931	29.829426	44.436082	35.393460	41.873116	15.376137	16.020848	46.409312	31.554411	20.318085	43.515514	42.903053	16.028689	27.908439	17.774339
15.318472	44.148110	27.510252	32.875186	29.273614	28.092976	29.476482	33.008724	36.395176	39.674475	19.199423	24.031576	41.408378	13.606828	22.221269	18.788341	32.653724	14.189454	22.493118	25.875589	30.372900	40.475400	30.712648	17.038066	12.785562	40.063762	14.071798	23.287230	39.965807	37.227283	40.463689	18.226834	33.602648	25.824071	35.092592	15.315084	15.717266	15.457289	18.540578	25.216715	14.768953	27.712884	30.154556	9.695885	27.375191	34.099662	21.018044	29.330786	19.006019	32.874838	42.002964	20.059372	25.781806	13.018623	10.581380	43.707019	18.297027	31.523681	28.955179	29.085030	47.481861	36.041813	10.281139	32.828243	46.891312	24.895925	20.589897	40.214685	13.798316	26.645871	15.723322	39.309428	33.540972	38.149723	42.753509	21.113234	16.719396	26.450990	24.070633	41.249933	20.959788	26.551969	42.176908	37.717491	28.720029	16.715173	25.256027	29.780887	12.514020	17.924118	23.121886	39.194906	29.509560	24.723891	47.137383	22.606001	19.621200	37.470778	20.036079	13.616010	13.578031	27.954618
19.268190	27.225190	33.692952	22.118630	39.746326	34.228944	26.383898	46.763345	39.055994	34.579482	22.323360	41.178340	12.602078	41.834958	17.579188	42.904944	37.380839	37.351040	39.396122	44.787729	11.587097	20.572711	47.000332	47.008605	29.094919	44.287504	22.054433	23.396228	12.428109	12.779046	14.088805	35.916841	44.688445	31.778276	10.965057	17.285359	38.322395	28.340996	37.055037	32.584929	23.972520	13.132203	36.599931	14.627935	28.954399	30.648222	20.408628	11.690066	15.645922	11.357703	11.541950	21.621770	36.864931	16.429326	11.046621	45.748285	14.741847	13.436803	20.002969	22.496306	30.578389	40.238436	28.851394	10.647528	32.896899	26.869324	31.909907	43.923574	27.649045	10.105326	10.338431	37.968696	16.737393	34.213809	32.985441	38.752769	19.351660	13.872675	24.561416	24.836165	22.312550	45.225348	20.822205	15.188456	29.888117	35.922326	32.851450	35.909550	11.023550	36.588856	45.814862	13.081708	10.962264	40.765232	21.237156	11.577320	24.087570	11.902987	22.294464	35.062132	21.926092	17.362780
12.170673	34.011651	44.959056	21.321569	32.349358	30.699644	31.729567	23.721431	41.318641	27.834060	20.792721	13.006946	27.231598	14.639095	12.978376	40.905256	29.608979	42.856925	41.359069	42.123039	44.973581	40.280302	21.686054	17.968501	11.898218	40.996590	44.031013	40.999753	21.809422	13.200853	20.958097	12.510352	31.827180	24.390902	43.949731	33.362902	31.504491	18.982305	36.844281	28.512329	38.266296	20.182607	39.447639	22.272775	24.528375	22.990944	23.501636	35.640946	43.126751	11.231069	40.948833	38.073219	16.990374	45.642777	25.218943	43.079046	34.135378	39.637559	34.747544	22.006152	29.534612	21.432535	23.354734	35.370734	36.509819	29.429647	44.898640	39.258828	17.660871	39.100012	27.053683	43.333139	30.064065	30.388629	11.831129	23.263457	45.329338	10.270099	10.049211	31.224652	12.901835	17.802992	39.925176	39.234522	19.183828	43.266730	39.842453	12.434015	27.196660	18.632924	17.692081	18.740361	35.650509	20.046790	25.692545	35.647849	19.766130	41.252899	42.635138	36.825267	39.614612	31.575692
43.722630	24.752626	41.770558	28.182681	23.686187	13.776734	14.883584	18.985552	44.695620	32.936279	39.607927	40.870006	26.419328	43.819104	16.623295	23.203205	24.424709	38.863499	18.107929	33.232670	16.334796	21.765024	18.166540	37.774369	23.080548	10.854842	39.606201	33.182060	43.715297	41.975649	46.590736	17.133735	23.668770	23.729501	18.520088	28.853329	15.529884	18.628843	38.868279	41.980792	11.957308	23.153407	9.594250	16.801363	25.289021	39.140197	17.048462	26.176079	38.070146	34.854548	16.886454	26.552354	28.055837	40.086921	41.877611	28.506905	32.221508	24.334101	29.321337	18.003654	21.720965	26.556896	27.281142	15.449105	11.185122	21.477284	27.085374	16.329171	47.336338	44.783713	21.044496	40.808952	18.067301	32.658700	11.940724	10.906553	19.365993	12.146141	30.415094	23.634958	43.810232	14.286586	20.712620	42.058984	16.256188	26.728965	37.259126	38.904833	29.569019	30.088017	43.322904	25.610854	40.000477	43.112071	13.280557	38.560085	36.519614	24.500883	40.672869	37.750017	14.880229	10.780050
41.194925	17.509780	39.467245	35.292368	37.777521	35.846565	19.778567	45.590008	26.743196	43.157128	38.988518	30.366483	27.477711	35.606235	19.738905	37.663610	38.230658	45.036312	38.178834	17.464091	20.776552	40.838383	28.520407	19.715008	47.373218	16.214724	21.638340	38.316280	9.966562	27.732283	26.585126	9.857823	42.939810	40.570383	34.310125	32.678240	26.898958	40.343643	14.572618	44.021982	31.756244	32.902009	11.485547	15.962290	19.327886	24.811966	24.017594	14.660914	47.108895	45.979162	44.503225	28.696091	32.870265	33.397454	15.456120	25.258468	14.830680	38.711397	26.690992	26.773828	37.426878	43.399789	28.623693	41.099624	31.193478	27.862502	21.098208	19.608765	10.279702	44.062849	46.148779	36.720036	47.395838	25.677914	35.130079	11.050256	20.942206	47.327206	20.857410	11.420247	32.671308	46.955375	22.015477	36.203128	10.657849	23.144798	44.755273	11.896680	9.748478	37.096675	47.289105	18.747958	32.782160	27.315146	41.249656	36.020395	19.615399	37.241021	42.063545	39.748948	24.265498	11.032537
31.984361	13.721202	35.104374	41.487232	24.482470	25.964659	22.181165	40.925897	28.600307	12.146083	42.795637	29.555992	22.900486	14.412436	27.914794	35.329871	18.911294	24.002009	16.123015	32.260410	18.005953	29.864284	33.845435	11.267697	15.756580	12.073228	35.006994	43.642545	26.286474	37.356787	37.600693	11.133894	31.682749	16.532263	17.617385	27.953029	39.761007	42.439327	14.456071	40.724088	40.890099	9.504219	31.580077	33.950666	44.900626	24.196145	15.254156	28.541460	12.638505	13.603571	16.389599	32.114304	32.208938	21.894494	25.083549	13.822133	24.910305	32.385462	43.929101	40.856024	10.431645	18.075430	19.883822	29.317170	46.816226	39.446971	11.257634	14.676182	15.859314	26.640990	18.979633	45.202841	22.459776	27.159259	9.836233	45.231597	30.893350	37.602921	28.494553	24.387014	45.171173	17.511977	11.643889	13.208373	21.839590	28.306304	41.049005	41.037791	24.826623	21.238107	19.626883	11.276136	16.174414	30.208820	17.532302	23.069412	45.020011	28.750614	33.258139	19.240701	17.301400	11.907404
31.076061	33.239629	38.678394	41.866978	34.639046	45.585948	41.191060	21.114154	46.558687	13.153918	18.432554	21.584242	15.470121	22.423527	23.215191	17.136528	12.633714	35.178370	32.272546	23.420226	17.565004	32.361619	45.305006	44.174509	24.395375	29.211427	23.274860	23.158378	15.989472	41.201963	29.300150	12.028446	26.417440	20.924029	9.995062	22.394490	41.148663	11.256105	43.032906	35.895665	26.718569	21.391872	45.280907	12.982144	31.793394	21.074721	29.405553	11.329220	19.575236	15.139364	20.095005	32.602380	37.327229	15.623480	18.484246	15.852588	40.788465	17.702250	15.490460	12.271135	23.724224	46.950540	12.486777	42.876404	12.724863	38.679765	41.184808	30.569230	27.519035	22.813023	35.507192	23.795154	22.462849	42.732854	44.849389	23.165736	45.360075	39.068929	29.637471	11.492510	15.011671	19.807639	29.913987	22.555274	24.984614	36.680065	33.657768	18.805870	9.513382	16.018987	9.585215	41.089677	31.363823	43.994337	30.350993	18.916868	13.091850	13.215727	27.842546	27.414176	24.932492	23.429889
46.227525	30.108625	41.574940	19.683237	42.626268	28.452262	9.645269	10.055980	35.201531	27.601709	35.940380	32.038757	14.610856	39.684378	33.371297	46.284147	29.539895	47.366091	19.072287	41.231022	43.627444	22.884554	22.889834	15.007794	37.781424	38.418953	15.012672	47.413499	40.078718	14.879631	30.081324	34.036179	13.146442	13.184924	21.808713	37.827480	10.225401	31.330740	40.367866	28.897885	23.646855	26.154449	15.203354	17.644979	43.641612	24.651493	37.630900	46.147598	10.221631	41.626005	41.061109	47.240707	29.729741	22.019896	47.304505	21.027578	30.567105	39.204668	31.077311	19.636191	23.277955	11.648021	25.212400	28.121519	31.013917	32.292522	28.667425	43.903557	38.938178	41.833788	25.800207	40.473130	40.850028	43.308221	12.715735	29.281388	18.807102	18.566056	11.545292	39.936968	20.758067	42.654460	26.258317	42.307743	41.646722	16.904822	28.282769	23.391043	39.059879	23.155182	15.948247	44.858251	42.414912	44.760215	30.564920	45.547343	13.397125	29.944453	40.088224	26.722699	32.865651	31.343861
33.060255	26.052099	16.027962	21.905843	20.396909	46.113553	42.398893	32.761174	31.594571	27.855923	42.732678	32.757811	33.723767	32.483311	33.271464	46.719707	29.465687	18.978523	25.031149	11.885892	33.222527	14.453012	38.779334	18.208979	39.457449	18.237938	24.841706	39.123855	24.907421	11.149220	34.959359	11.035455	42.799739	34.467953	24.317406	35.679305	21.031563	40.615861	19.601991	34.036751	24.179583	10.738401	14.595434	47.135266	38.486536	25.473056	13.020370	44.924553	25.850858	21.537829	46.287277	44.532023	28.540664	19.967444	33.611964	36.019709	47.438255	22.877303	23.222989	18.146625	18.335404	27.487353	39.378966	27.823056	33.762353	17.867962	25.711137	11.261297	17.874832	33.107837	14.265025	12.016326	27.980106	36.376976	15.222400	10.330339	41.940061	33.058892	36.906942	36.171727	30.491203	47.083864	25.974651	28.065872	30.836769	21.476429	45.654687	22.523692	39.780558	43.721131	28.683068	29.485943	18.483961	42.313201	23.738756	15.786051	37.031497	31.910380	30.379832	44.410431	24.392749	40.975920
23.132328	43.814867	15.184677	22.392714	16.148533	46.708087	30.077298	39.422760	16.615194	12.366871	32.536317	35.201062	35.988536	41.285849	31.134142	35.047533	44.178151	29.591740	31.091919	43.715454	37.575938	18.357161	14.207502	20.729537	30.195844	34.017420	30.748326	13.378465	11.551235	36.421132	11.777869	14.745370	38.043061	20.850386	40.598196	11.328604	15.874102	29.393794	31.229191	46.996519	14.862531	34.831162	18.746736	11.851092	26.646625	17.903748	19.964276	16.042410	31.842214	25.721396	20.799424	11.858649	34.121734	15.452747	11.152936	20.180806	28.388382	34.487088	28.948924	44.374563	17.938900	44.284155	32.433906	25.939325	34.244470	12.044890	24.157360	14.046020	47.451353	21.558399	16.659255	39.009172	11.038729	35.566247	12.158100	26.489530	45.547915	29.997478	14.055319	19.342653	18.035444	44.887385	46.230081	37.213247	29.785567	10.782960	23.436431	39.580020	23.460574	20.986566	19.864732	33.496423	38.637712	9.959576	35.057869	39.803728	44.226223	22.195993	26.949630	40.354221	45.186097	29.707168
23.455153	31.946588	43.483140	15.215026	40.987967	34.096947	37.622501	35.877398	42.455913	16.342734	16.178973	26.243286	33.776558	22.736169	19.962336	27.488248	18.939321	16.679754	33.321423	35.373953	25.324397	10.412126	21.848450	19.294029	37.840598	18.091991	15.819822	10.458655	39.358094	28.599276	20.779623	13.122120	16.504938	32.994066	22.510574	35.986992	13.682671	21.221740	17.012686	14.462333	41.636851	10.239484	29.238818	15.275462	37.847267	31.420676	13.270526	17.644509	27.753532	39.621808	20.712390	39.470162	39.370488	23.102538	36.246812	19.712262	27.036145	11.791894	36.200124	37.912865	27.792975	17.421698	37.075048	31.594889	46.991732	17.320791	34.876710	11.646774	30.696286	44.685799	10.098627	21.949534	12.862226	43.762736	46.714027	18.427246	29.663879	40.104336	16.104344	41.494028	19.516721	17.242604	18.818483	17.583552	24.467880	34.510866	40.559645	13.864500	23.693243	22.768525	39.404088	41.929702	24.988958	9.910267	16.367986	10.124532	34.976668	46.828786	40.771082	32.912575	27.313002	10.694492
13.465704	31.058591	26.124412	9.715070	42.282721	11.548450	24.021220	12.500968	40.857406	20.215583	23.930422	18.154553	15.551576	45.255683	9.706310	16.364287	32.317697	28.091198	17.293336	14.397164	31.137743	12.450595	44.430293	31.941721	15.346046	44.493576	29.284793	26.824266	15.494147	35.249926	35.687384	30.422359	13.353056	29.854665	31.368300	26.099237	9.854751	45.753777	34.363718	19.307065	14.275889	33.362920	38.209925	38.854200	34.091481	22.414632	43.596228	19.637482	31.524660	30.623010	26.263487	17.107820	12.613762	18.482630	44.671454	45.381065	44.710650	29.568283	16.924504	42.320800	39.961405	30.556163	37.159288	43.627551	19.620520	28.592411	44.452003	17.748886	20.492105	16.399448	18.603025	26.049714	38.802638	21.339932	46.522306	11.163905	25.931631	18.094825	34.992724	29.011528	21.611059	35.161551	32.890337	33.004682	21.079629	15.183995	17.562133	39.491806	17.389968	40.840792	16.126279	9.967784	35.031560	45.804533	40.727425	33.774389	11.018895	41.621488	13.422235	24.005825	34.363104	42.676179
30.080226	32.760418	46.493380	12.953107	27.706644	40.198617	23.628762	35.724146	40.374141	39.227758	22.080224	46.151849	17.114939	19.450639	19.363566	31.068007	41.628200	42.078277	34.245305	29.005071	22.192143	40.195472	38.601445	26.617548	20.376099	30.102688	44.997550	24.833636	37.018067	18.868652	37.504005	41.831116	21.973658	37.433253	46.351764	20.599855	28.831325	42.127804	20.190793	25.222249	41.694301	28.984750	19.989216	14.378977	19.784649	47.135405	33.307799	33.160979	14.958835	26.204896	32.326891	23.042667	35.975881	19.191189	36.324329	28.896836	33.503993	43.859752	45.679578	18.514794	39.925613	21.942767	11.918789	43.986926	20.843815	40.308856	40.242453	42.657850	37.184917	16.354009	45.907226	33.891753	18.918414	41.568265	29.546722	30.712100	44.745654	17.469893	15.967332	27.674275	24.713485	20.452556	18.875626	44.918010	41.040350	31.698435	10.209353	14.457779	25.814839	30.473612	16.559649	26.062452	23.241327	39.020778	40.366611	26.546537	10.985327	39.111045	14.752617	10.027509	9.506949	33.259094
18.599030	20.597884	40.149788	40.858183	43.572569	27.871133	37.688327	23.352229	21.448404	18.531100	31.945942	20.847278	10.336193	23.122418	40.087103	11.035865	46.705646	43.362917	26.108340	24.494731	40.077512	31.907348	18.642307	47.373223	20.106506	36.872195	16.759054	38.197329	16.316798	17.968040	40.811398	11.016261	31.320577	13.509609	16.190975	12.461197	32.275435	26.789921	23.588464	11.707616	22.779899	38.772619	16.056742	30.934180	23.600547	18.648368	34.608658	19.389045	23.521105	42.267739	47.303333	13.166603	31.899647	26.376246	23.206693	45.064751	41.109964	36.288263	37.069414	42.433551	16.737633	37.381399	31.504527	30.352923	45.927494	20.008245	44.894555	20.632617	40.471989	11.469853	34.606296	17.681383	21.285826	9.796934	21.433846	23.574937	42.595322	37.226881	33.594848	38.528558	22.595382	11.523257	31.288079	14.722490	32.792466	19.737788	19.976039	19.382603	30.771871	37.219709	35.077308	40.331459	45.866559	41.213318	42.538793	42.450670	37.193933	37.650042	33.891442	30.375844	20.923031	21.918098
28.147561	35.099238	45.501992	42.236261	34.753595	46.436588	42.161113	43.673404	18.508078	44.959789	47.094314	14.940602	13.019775	43.944608	22.734197	22.917994	14.091812	34.176243	36.644466	25.453753	45.281991	43.771700	35.322038	36.652634	24.179544	45.414763	25.516783	47.440938	33.182210	29.374846	14.716359	21.286089	41.575562	40.155850	26.796714	27.406481	17.049202	28.594067	31.169403	14.624303	17.130199	33.915220	32.732522	29.906473	9.829925	20.392050	32.088872	33.051868	31.628506	25.879138	41.723542	41.697739	17.685523	25.601919	28.722334	30.727835	13.205955	23.677879	33.406413	11.594766	46.552457	40.341102	41.201118	24.569444	15.582030	16.190289	41.506128	30.703894	12.243013	27.837573	34.782896	47.130681	44.798075	27.405059	28.819929	21.820380	42.800826	35.693191	31.176375	9.775511	46.253670	19.091531	15.868012	12.525179	21.575975	28.606824	19.261979	23.383159	19.643930	27.998138	46.159818	15.114963	32.126522	20.866576	34.079199	41.971662	34.418214	30.303254	17.933839	24.623337	9.922010	40.873823
46.775687	38.325586	24.691002	41.071740	30.727498	26.306540	32.620110	34.010969	23.594447	41.476900	19.718404	32.180557	32.502299	46.470175	23.180581	17.211172	38.952754	30.931418	10.012676	15.092609	23.302751	44.715439	19.380715	42.350299	21.354724	11.550579	13.822979	12.709208	24.447278	35.254116	18.343300	13.783169	45.326333	43.501349	16.396411	18.260869	14.549904	16.026537	23.432265	30.023087	20.791482	17.475846	17.729867	24.898108	31.751401	42.045947	45.379592	37.578091	43.093672	10.617254	37.582160	14.976120	32.642673	27.423138	12.129165	28.248456	18.981488	40.678855	34.474384	12.345458	20.702265	21.333694	40.781821	44.736008	39.806190	11.051467	43.150396	10.987323	46.782524	18.180676	42.014898	24.730376	39.386224	16.878429	21.495192	28.916139	26.317732	41.495203	42.249221	30.489017	16.265011	11.947749	37.680817	26.297584	10.258389	31.098786	25.846459	26.610017	34.495410	47.161591	29.614167	37.753481	9.866817	18.166541	44.534837	27.161244	45.972867	13.460769	42.807281	11.813664	43.843765	41.709340
31.954409	22.232471	38.072148	39.196122	47.348371	33.875877	36.842689	15.692745	42.590686	28.604918	12.601739	30.107532	18.310879	19.153296	9.717167	38.815054	26.286949	32.006636	24.067790	16.326661	46.852126	25.547089	43.921235	17.273319	17.849464	17.654569	15.502675	19.940057	42.316253	46.058351	30.112415	24.359725	29.451859	31.531293	29.429325	21.999159	24.325264	28.797252	30.133802	17.285871	14.170746	30.253532	21.787887	33.680825	25.729633	47.466609	27.573789	26.763132	20.291040	42.439177	29.902329	32.760250	41.540383	23.741722	21.387012	24.386098	13.652507	16.457979	43.698507	31.324882	38.472735	15.053980	26.400087	25.941658	41.555959	45.550604	19.448546	33.442975	29.955828	19.668861	18.428780	15.636565	38.406037	45.938875	44.991973	45.955805	36.600374	25.054561	26.066536	10.246954	11.891542	36.823408	20.077337	29.256840	28.982180	15.702809	44.920529	12.852205	37.027915	24.124476	20.002877	19.578202	14.545631	42.720196	37.150380	33.783058	10.543180	31.654859	26.518358	10.139323	39.895631	35.279766
17.063909	39.411602	44.254023	28.619617	26.374322	21.097353	13.425118	21.119708	44.576754	33.336252	9.732592	41.332863	45.254459	40.536912	32.340062	37.649615	33.575739	28.561482	9.618545	19.354265	32.199121	20.124956	26.430394	41.387944	37.911231	24.593749	45.207176	35.235227	21.488423	19.136735	22.647894	44.036419	30.835717	17.850478	14.042085	42.048915	24.405782	22.859550	39.703356	19.706282	43.019383	19.635337	45.762844	28.792036	12.428863	45.561237	39.891861	22.784547	25.996865	27.481309	27.854101	27.942021	24.005567	10.821539	18.772028	34.382031	43.919617	28.594133	43.704253	16.238659	44.464139	39.747128	25.340590	33.904733	15.040536	24.295381	23.141170	40.939017	23.714960	12.578016	45.839989	24.279553	14.787078	39.957739	37.039060	32.336946	10.889211	12.004515	35.906150	42.173488	39.142013	23.698065	30.428591	13.779791	16.585307	47.282151	35.653742	28.740893	23.297581	22.525863	38.978593	19.699238	42.422826	38.732383	35.762629	14.391206	43.749248	14.117544	22.472955	13.384933	45.174751	34.389500
19.834578	39.963555	34.413782	27.419536	43.788652	42.356199	10.856601	19.749208	18.590717	27.797951	47.383144	20.305480	22.840154	16.042787	30.018547	24.232600	39.463107	16.183816	10.035653	31.930080	34.538737	38.241904	23.034584	14.487274	37.771886	28.523420	20.506400	46.820936	33.866606	14.041555	35.635584	29.426064	12.186342	40.958050	30.420622	30.150359	26.577819	24.695911	26.467620	31.847829	11.255709	43.117117	41.389691	34.673462	21.068541	36.806148	30.371998	32.180515	23.395333	33.982023	19.054131	39.348546	10.245686	17.532497	42.772997	12.247308	22.121225	44.072638	13.114404	16.934918	42.365548	32.276885	45.055961	38.903438	42.713495	46.500311	30.896152	9.532915	20.859343	9.546178	16.646182	19.559652	43.991754	20.429094	15.378439	33.097491	45.224559	36.637234	20.050213	44.377191	35.756085	17.639387	10.199370	27.879271	40.202177	34.569491	14.521995	38.675359	27.705100	17.472646	46.569816	23.108970	41.037649	24.018098	12.989464	21.039787	34.726240	40.807276	36.064866	19.162556	26.335356	40.564358
43.547096	12.571961	19.496307	45.536501	17.292797	13.335190	38.708647	27.238966	13.207761	33.527959	32.164947	25.874916	10.041658	16.317406	28.216589	13.059650	32.233098	30.427449	28.532281	33.312483	17.569144	16.906664	44.618319	24.249316	10.697655	40.043038	25.260614	11.083956	10.803575	45.363184	45.481115	15.032841	22.093690	37.354295	27.126911	11.277430	42.337986	14.688283	39.551127	41.576200	33.790486	21.433547	12.886292	22.994964	20.998126	44.317227	44.559046	31.573487	41.677714	46.748150	20.005900	43.080058	11.529464	33.867447	42.197076	35.880645	22.647650	31.931749	20.765924	41.465034	25.662721	25.338049	9.670969	28.018174	31.340385	29.328596	39.733322	35.205017	14.949472	44.463046	31.451773	44.072946	21.649692	45.160623	20.210760	14.813561	38.885628	41.486359	17.472201	24.941872	44.313181	25.206036	10.640431	14.169973	42.885894	38.669522	15.408104	17.089872	32.951987	13.434835	31.018564	13.492055	29.760679	24.907278	20.662866	15.125865	35.766338	36.052498	43.660019	21.405328	26.598263	21.784018
25.179152	30.128173	30.522080	32.319758	26.943485	26.824239	22.168681	28.979712	22.125013	38.179843	32.353804	33.779768	15.053807	45.501769	29.456708	28.245200	13.117739	39.030746	26.051535	43.625579	45.305096	20.085872	46.050577	21.942716	35.895705	47.386712	28.748588	46.686846	40.672856	21.315216	11.946071	38.561339	33.763496	28.697641	34.895209	39.093863	19.814329	28.279216	11.499363	13.197808	23.083215	30.299358	27.320837	10.767412	38.531531	40.392072	17.044545	14.917702	30.085616	41.301882	31.647311	46.360568	12.413674	40.028052	45.982018	39.711069	20.275606	41.072061	19.471872	18.763209	42.863900	34.719347	24.804267	36.991790	23.028682	21.389361	20.231587	34.109938	47.215020	28.609268	17.625105	38.840905	30.222324	35.847542	11.059013	11.135444	32.505926	32.943491	20.659540	38.113319	12.635100	10.542333	23.043383	16.888742	32.650582	44.894421	36.738162	40.394829	33.964002	19.202608	10.352286	10.999041	20.446747	31.418549	47.063286	15.521679	46.868024	10.814913	12.666082	43.259570	23.307243	21.439726
21.831865	43.705814	13.427330	33.923346	9.647431	19.185764	29.573858	25.187954	15.276270	47.064443	44.686657	46.214093	38.091839	34.858094	16.640449	17.019872	37.384636	15.140950	38.964975	11.550237	10.015082	38.954702	32.435258	43.417740	13.053543	22.099882	39.468675	30.577275	12.225144	21.619129	32.830573	25.088484	34.985192	12.837618	36.732058	35.490074	13.947297	42.444919	43.421966	44.832737	17.225344	27.727857	43.697293	37.729600	37.654521	38.320619	33.536724	33.883971	23.223449	22.092882	44.482642	30.678582	17.086581	24.270383	41.953392	11.139374	41.487198	24.716753	29.604038	41.197838	19.272356	11.969998	44.207869	19.208248	36.906837	10.643544	21.349256	46.612153	19.698975	23.731178	31.859015	40.936098	46.309400	10.069782	38.971813	12.346415	20.131815	47.193837	11.114329	41.215149	42.738171	10.539654	34.994874	43.938492	36.808704	37.897716	9.777352	41.980340	20.045091	21.429881	18.353266	36.231279	28.958489	26.128835	22.035279	22.828798	20.151536	43.241171	16.702491	30.001454	33.054307	24.959726
12.451583	30.850265	26.572797	14.993276	15.617416	37.542275	18.392242	42.649465	21.279524	41.271777	26.073230	20.642168	43.015433	39.244993	34.525501	9.802230	30.123293	38.324344	13.469998	23.643040	23.764614	24.680217	34.448911	44.722178	43.581893	38.617720	37.178831	24.863667	22.918171	28.039158	33.198362	19.569004	26.616662	47.232116	40.890256	21.191467	27.430918	28.174480	43.743818	36.571414	31.426067	27.331764	34.093246	39.362361	20.903800	33.697780	30.457044	13.020329	27.809114	42.848937	42.291952	37.105820	35.574830	42.871746	10.811207	19.086711	9.722258	40.541293	11.718130	18.728469	13.895110	46.836887	44.780739	32.267548	31.147382	21.461703	43.145762	23.692766	17.784000	16.982234	30.525898	42.744240	40.963454	37.743226	10.692722	14.636213	32.956461	35.153528	38.701912	30.139617	45.577135	39.167359	10.211998	20.033122	24.055771	43.512417	41.746341	19.623341	43.087939	14.589938	40.099039	39.031894	27.358204	24.976277	10.064708	47.434700	18.138379	23.789287	24.875063	40.636504	33.852349	14.529450
15.065392	39.897817	14.232057	12.555871	38.746749	17.986378	30.120781	11.765387	37.912872	43.129314	29.896676	35.768040	9.998499	30.068579	38.280074	36.753718	36.096636	11.687038	46.969499	21.364176	43.815464	20.139442	25.568187	34.667962	24.258188	28.211001	26.445521	20.997643	44.100118	38.256144	35.533000	23.960583	30.871890	40.497992	38.541813	22.168911	24.938909	36.870716	12.092545	16.690083	11.613368	21.262055	10.917483	44.983114	24.285227	32.109250	16.024789	39.697484	20.331167	42.835202	10.398722	42.995431	12.514615	10.640248	18.858298	39.277909	27.555166	32.117462	43.663362	28.695833	28.773828	14.114044	17.264992	27.525533	46.079343	30.354987	26.816060	32.208309	40.131523	28.108271	24.034857	14.116405	34.446370	24.057700	21.967404	36.584952	17.519440	37.978925	13.561430	34.754908	17.713678	31.464773	21.400600	42.493714	10.848027	10.259628	43.925374	23.715557	29.181758	17.732771	33.282268	38.322030	19.316755	43.362692	37.333651	38.933979	23.849315	14.238317	12.829045	33.176735	18.693263	38.214789
18.294028	14.776112	9.832591	26.724481	17.179789	33.209019	10.185851	14.327698	17.433010	47.428773	10.355631	36.659131	15.910628	19.855537	24.110761	20.579503	40.261809	22.465161	11.080642	46.863698	11.415979	25.806767	25.712018	17.353672	24.063403	26.014333	28.017702	16.754844	24.671101	43.819419	17.973786	30.680821	13.103615	32.849750	43.502678	21.690173	26.468679	37.400628	40.787726	41.882281	33.120380	28.462433	17.530463	26.597968	37.540499	44.430346	31.519091	9.680432	14.827126	41.072064	19.177341	17.258070	20.214412	33.177533	24.376464	44.422032	21.557363	15.301954	23.754117	29.881560	32.600098	20.930670	24.749331	12.176443	36.712875	19.789983	21.967027	23.086435	34.786629	34.937763	35.456401	35.476629	29.266083	34.699674	12.231120	16.335430	45.702636	46.596371	31.251481	31.511143	35.193129	17.522062	39.680869	11.062725	46.892857	19.387404	38.894895	36.722243	43.432983	31.068637	32.705437	30.841393	35.068244	34.080872	21.393907	14.443323	46.580472	11.118218	10.423036	26.526408	25.362483	30.585317
35.178726	13.610309	38.823349	26.357422	35.653999	14.039454	24.597882	27.758681	16.040074	17.205911	20.525110	17.121483	30.292096	38.450927	17.471322	36.090537	23.087611	39.647662	31.125963	42.243605	28.115602	17.670358	34.745766	21.699167	19.081808	44.687014	37.385797	29.919942	29.246364	19.855083	21.011594	24.946849	12.953111	31.636335	30.106916	34.054940	40.272731	29.253382	16.347883	16.981452	17.775563	27.385004	30.465336	40.369122	19.136387	14.525657	21.063044	42.103127	17.448872	9.803649	20.141945	40.158970	32.631613	24.482841	25.685604	44.677294	26.416668	9.795704	38.212362	20.713348	38.709672	34.426586	46.424553	37.347675	12.775277	40.657354	30.244882	31.393685	17.222727	13.558054	27.442128	17.598752	21.061782	41.447630	44.393923	20.324811	38.373251	30.968794	24.816473	40.742417	18.210812	30.780600	14.554206	14.162637	14.796544	27.318375	15.138700	17.109388	18.759851	18.569276	29.558869	23.264654	44.860647	11.697750	43.321172	36.165954	39.834782	25.849146	13.364427	13.727478	22.537088	16.194096
14.894870	42.279576	41.449160	29.945480	34.732429	25.181680	26.510830	32.069084	30.904685	27.903463	14.899413	12.648922	20.052437	13.953330	35.306240	11.403841	30.325442	28.429083	19.079202	36.413129	19.675615	28.014819	28.435163	27.091674	25.324099	11.021898	21.527524	12.998893	39.280866	39.790816	36.951066	33.695452	36.840446	19.678888	19.922122	17.804349	36.084061	31.931346	35.953235	42.773708	42.117835	27.807721	46.144196	43.069464	25.600042	15.648880	25.563611	31.413965	36.874210	37.223451	9.510350	44.540393	45.687809	33.729676	29.371339	33.382079	29.430379	26.461329	36.619249	44.906586	24.787426	38.420662	22.371020	15.329204	14.644559	43.946265	14.820697	23.216434	35.717457	15.753498	45.945497	19.155788	9.538600	23.831982	16.660243	9.803370	37.320664	33.554787	39.022474	9.525534	21.062437	25.435817	17.008862	39.401894	38.789109	44.258764	24.914445	14.148157	28.250686	29.920858	42.765376	42.431773	19.761525	44.516882	27.277247	21.992115	30.540756	30.998893	20.683674	22.525296	25.150690	28.904059
19.621664	16.876238	38.736696	32.263554	29.510550	25.234151	16.363971	23.859134	21.476744	12.719751	41.951564	35.489518	17.990268	26.534169	20.235858	20.619302	22.211863	42.662973	16.896277	14.217477	35.659832	26.306769	46.649849	13.758267	39.982546	13.229101	19.535009	28.181943	10.917053	27.980381	38.438178	36.672504	44.045463	38.925652	17.950622	39.985641	12.703568	34.302515	30.821609	26.530119	19.597887	23.555297	19.022855	44.415509	42.987898	16.888915	29.938694	17.035308	31.668778	22.733749	21.476436	34.261568	16.162702	38.368019	24.921205	42.633356	39.545801	43.286567	25.325624	32.409743	15.762813	14.124809	30.044273	41.662934	19.027248	19.648244	26.467010	33.434484	28.801729	30.944277	26.807741	34.260961	32.797229	21.949434	39.126660	26.526423	18.325728	42.687653	21.332475	44.308680	38.623452	30.973360	47.128887	33.262053	9.631321	31.708410	31.965643	16.282898	42.387128	34.615345	11.559885	27.059218	10.702826	42.768698	36.244107	24.699875	43.866940	39.283668	41.007199	42.073270	47.425543	38.928264
12.032251	22.252962	47.161628	34.055538	38.580121	44.622244	12.420955	39.950930	35.167942	35.458766	15.997911	45.022750	20.967142	38.092982	12.939157	29.434464	10.606897	46.028778	22.699932	15.594426	27.122759	36.103995	41.415193	37.150478	43.573995	21.767513	34.611916	22.265019	10.398930	28.945993	13.949308	46.363665	21.810284	21.682380	35.731143	30.997864	31.701675	44.201726	33.257742	31.974654	21.812777	34.340102	16.351152	12.773289	25.530965	28.977897	25.811965	15.841867	45.863070	26.560595	17.887674	27.527097	9.772289	17.076138	11.388493	18.398676	26.282519	28.624564	32.936715	16.794810	26.475044	12.710603	21.765767	42.503555	45.010923	24.958833	17.877575	17.408894	27.021943	12.169429	39.000832	28.983624	24.518197	35.096800	33.674609	18.160454	43.140641	25.384241	13.312441	38.644912	40.038192	27.915286	9.843278	38.499501	19.833477	11.263515	43.008836	31.156419	25.067883	30.257377	40.733370	35.961071	23.541518	38.882739	12.724744	16.334988	31.449833	40.541490	34.835172	15.741229	19.113104	13.552790
29.743029	25.428149	34.370745	19.841454	20.653122	13.171537	10.369516	31.884399	20.654411	33.704641	21.232063	26.853518	34.267619	15.428666	38.842353	10.415574	19.239459	16.670513	17.161759	13.603058	32.501002	42.890765	11.443730	42.078809	44.973136	26.264764	47.448830	40.259059	26.086335	25.330256	36.028310	9.848935	44.008044	12.555380	36.993699	28.591492	12.496613	40.758917	14.238078	34.511756	31.606554	42.815240	17.457998	42.628624	44.800937	38.723291	17.454892	14.114774	11.992900	19.655344	28.206087	13.170787	22.701902	14.988762	17.635823	31.307048	37.471159	20.391536	13.480346	11.676651	19.304510	36.922279	36.888633	10.808504	11.034624	10.808528	25.447753	42.654536	34.681255	30.759171	31.179186	22.890817	19.746139	9.827519	46.105676	19.699739	46.967932	31.222770	36.005293	37.046147	11.444209	44.242706	47.220149	28.364986	28.303887	9.610871	37.060028	31.105448	13.621786	33.251696	12.648366	21.774965	13.174148	17.427985	40.553683	39.747999	21.688657	13.543073	26.736232	11.008617	18.009251	27.961373
15.945045	38.684971	34.985293	32.478053	21.714597	36.111941	27.657726	45.495376	16.513696	33.114381	11.092313	14.969501	32.539417	31.811639	28.494189	46.223313	15.206967	25.884120	30.425783	19.059229	38.238524	41.250868	38.161705	14.919762	32.801042	27.394379	41.341392	14.689467	39.637804	37.022066	44.791927	10.492228	41.961549	28.793662	22.137672	46.680718	37.142622	17.064982	13.437356	47.174517	30.572041	14.602150	22.685167	26.790498	26.570557	26.250388	24.974026	30.898163	42.514618	46.161828	45.077214	43.075230	42.497833	34.744569	42.820290	12.553462	33.634726	24.659800	47.339122	20.644189	38.062932	46.876790	45.619109	9.751967	28.857701	24.115701	44.527498	30.754582	13.861172	35.522610	9.956441	26.518631	37.838726	21.666484	19.342673	26.436401	22.656218	35.796767	12.040423	28.363886	16.645582	10.400883	31.805316	15.564189	42.861667	10.264232	16.706441	18.723305	15.316172	25.174847	25.280514	38.839946	26.500724	38.072458	29.651802	12.134492	14.620628	36.508295	35.905388	34.034889	40.304874	20.727470
31.359783	13.674664	35.846453	14.400719	15.403246	22.947297	28.719651	11.930374	10.788645	18.175958	34.698003	26.602213	44.384734	14.991314	12.255069	15.240332	33.497195	42.825479	38.057371	24.483630	29.541801	24.342905	15.407042	28.231798	13.359752	33.143753	47.364030	33.361192	47.189649	43.805939	31.623650	32.850517	31.683852	28.236959	32.244506	30.244351	33.785365	17.091874	41.740009	27.612793	27.004832	12.218205	16.953500	46.410846	35.821946	32.532928	36.036725	27.995374	11.026371	11.544352	36.563024	22.167568	12.385188	20.312824	40.094487	15.078112	42.810425	38.608902	34.051396	24.827881	36.281178	44.884921	42.395434	27.258787	19.665829	34.556835	20.624662	17.823298	27.594242	25.512663	13.785573	23.873128	11.889196	27.085687	28.467751	16.175387	47.471331	16.195298	11.026544	18.509406	36.698256	28.506425	25.154413	39.340329	17.692962	29.931114	43.030676	33.392809	33.786680	42.780622	27.953320	40.856944	23.559839	12.072401	40.329684	11.637606	13.412726	34.725055	32.719175	37.593048	36.308284	47.473495
32.687191	23.671616	41.870149	25.951539	39.762163	26.641439	47.133771	32.007293	44.143608	37.391809	11.635706	10.068435	19.177546	37.300361	29.814928	13.237615	26.508321	42.257852	27.017079	38.208622	39.154248	38.241171	28.206734	33.617666	45.516820	29.799189	16.032458	20.645776	41.042481	42.183353	35.706218	9.825656	32.521080	20.147475	20.492540	13.582053	34.094205	40.625475	45.530992	12.851237	37.811647	38.200072	27.225534	26.894927	37.855315	18.102937	24.970272	31.372991	40.043860	20.882192	25.308306	15.214880	21.832539	38.705130	17.848534	11.542333	27.799517	10.582046	27.263380	30.832870	35.521817	14.009122	33.432448	38.176908	18.998753	29.379513	22.455085	29.236607	33.483749	46.951402	34.631144	39.194262	46.657134	42.140053	42.558988	36.781540	37.974781	12.789495	38.326019	47.405027	42.141739	25.934774	42.320575	40.978338	38.900345	15.586691	37.982626	36.092106	21.311681	17.546201	32.824693	10.487395	36.584048	24.718752	21.666224	12.064580	24.366162	11.918447	36.228011	47.425641	39.590714	25.113936
17.221855	22.295871	17.140610	16.586007	42.269244	14.035942	35.579471	28.154444	32.965698	23.030531	21.355014	28.971016	33.943029	39.609126	45.380263	37.350246	14.420381	33.642881	19.489787	21.026905	27.018874	20.186925	27.657014	41.085126	13.573942	33.614523	19.671888	26.851355	26.019563	45.422213	18.315369	24.473075	22.878352	11.107890	42.531655	27.223452	28.095439	13.856416	10.987008	18.134714	24.625835	13.527290	31.183689	21.283585	40.831800	14.818917	35.085670	33.899331	16.655073	22.429167	41.033169	33.023111	41.810628	34.167334	24.251191	22.857573	16.658725	18.939535	27.391288	16.645832	43.133795	13.010907	32.648178	32.889508	13.398392	19.495958	10.449029	34.443642	40.044794	15.024430	33.278148	45.532876	21.837138	21.212546	23.807312	19.334496	10.708980	45.780096	23.555816	11.947853	38.288681	34.993927	46.621160	36.951765	31.178956	14.640361	16.620514	35.043004	10.889763	16.914086	40.473284	19.144964	40.330798	13.009362	31.471385	19.373585	29.540368	24.926111	31.404211	33.846381	36.173332	45.007827
15.181232	34.076095	28.107072	19.474352	22.487012	45.334371	46.668275	41.159974	10.696846	39.729676	9.676535	18.780757	38.155415	45.102151	23.397897	24.321776	22.947327	41.664107	34.106898	11.183822	40.509034	23.694201	24.987275	30.328227	13.972253	25.682384	21.785622	30.457002	37.071949	15.024235	25.300688	17.827918	11.184993	19.061766	29.359624	42.052401	47.192260	34.190106	36.786026	43.665531	34.297701	40.581880	18.485805	38.226384	34.191790	44.124002	28.521651	40.333840	45.384726	31.012765	35.110235	30.559216	36.614417	32.461343	34.456401	14.217410	37.691132	33.589458	17.306313	39.199991	24.523720	31.342148	27.781644	46.127916	12.076929	28.352335	44.806495	33.327760	15.463707	22.552945	29.548102	33.704967	13.914568	30.411396	20.929466	19.000637	44.750025	32.350705	45.969644	19.410694	43.379174	45.666491	11.695720	45.798726	19.968158	30.272249	47.024639	45.874551	22.237310	11.720590	26.838980	46.903993	32.963982	17.912745	22.581908	32.052223	42.324276	28.089817	14.598638	33.043200	11.396335	42.441754
36.034144	38.231169	11.154967	19.313299	18.830183	37.050143	20.757387	31.067184	31.229171	9.550659	44.586679	32.755763	45.034868	28.607764	24.691822	26.047996	26.049121	42.043146	30.860055	32.124170	29.665598	22.070347	24.779942	30.358833	34.645908	46.066369	19.898169	45.613644	23.250286	45.084731	31.623635	40.136091	27.501818	17.455142	40.456979	31.968072	27.311240	35.951868	25.253852	9.599097	31.868730	36.899359	45.008855	23.807679	39.777622	45.416025	31.196247	41.888154	34.114112	38.988991	43.399109	11.854869	16.661411	26.302080	16.584493	35.529137	11.593147	31.601052	44.694632	30.621359	26.620520	34.690463	36.333506	42.590021	12.094792	37.946101	24.953464	45.675007	20.417085	37.263678	12.472728	17.463696	37.490920	12.855811	42.998785	39.138587	30.356526	41.848801	16.919834	23.584010	22.894669	22.559386	15.718576	35.436441	16.146170	31.725644	13.912539	24.704084	34.206009	20.591854	28.829411	18.508917	12.639472	35.775130	36.233735	26.469656	45.199627	10.078181	17.770497	28.335869	46.787286	30.624783
31.806123	41.072899	36.075303	10.560249	33.120230	9.865096	24.061369	23.601405	31.292658	33.134133	39.604002	11.576673	15.603564	44.686157	37.900593	27.822994	27.078517	38.723316	34.859759	21.084904	31.317467	40.342491	33.403951	47.150363	17.065217	39.648562	16.180522	10.741929	42.428236	16.564374	34.627045	15.575899	35.245074	31.553152	18.977844	15.235360	33.633246	10.712211	31.162134	42.774139	22.386746	30.432957	14.364961	40.185338	22.829624	45.431856	24.350247	18.600772	15.196099	16.358655	36.875024	36.399064	34.741233	11.772811	38.658659	37.001620	37.336451	15.809630	25.546196	25.654095	39.038708	27.337994	41.228553	23.722864	22.970348	23.109042	43.151981	11.882439	25.464048	16.517526	41.381337	22.148108	31.263472	20.528609	25.118439	15.751215	15.706802	32.092822	38.984723	37.463853	19.738344	41.588960	27.880594	31.723447	26.483890	24.389155	39.757446	43.507424	14.733123	35.276332	16.798518	13.032324	36.998624	26.820560	21.042500	35.631808	27.052237	25.479282	20.848072	10.355088	19.276370	46.720625
37.852227	44.572153	16.996287	41.398658	13.097947	11.829786	36.659365	9.802217	37.585453	32.868293	33.529456	33.529313	27.497247	40.931933	15.847937	35.850734	30.520831	37.807859	12.117301	37.991965	16.216682	41.138150	11.863201	18.453239	15.768528	40.445248	36.646118	15.751001	27.009888	23.064528	46.624928	39.550472	46.519898	33.234385	41.349430	37.919756	13.469215	32.860587	22.315282	17.801556	17.677764	46.124672	12.865173	33.296771	26.213282	16.750265	10.318861	14.890124	22.873744	47.081725	28.664428	44.982794	13.531091	44.043704	31.783208	28.279441	11.195092	26.621904	40.115909	40.496864	36.807256	45.456228	14.536622	37.100336	28.010006	20.982401	24.715064	33.131081	30.930418	35.989810	22.545250	40.493392	17.577079	41.427840	29.386845	25.914723	29.660143	26.157200	28.362165	26.198920	46.569257	46.365811	33.787138	45.408952	37.777064	21.826848	38.109490	24.620114	29.932047	33.812237	30.123820	45.197389	10.372998	32.302537	22.987874	29.875964	11.351654	9.966242	25.946559	9.958789	22.159905	9.572506
41.344975	16.241966	26.133223	17.501707	42.007292	39.838406	36.419828	9.912430	16.016614	35.731070	33.332728	35.638733	35.647404	14.927542	26.835904	28.958749	28.789657	17.294164	13.773202	46.219603	13.685615	46.783970	17.002119	34.821572	11.527510	41.944888	36.630537	17.119155	32.872555	25.352456	25.766966	41.211450	27.723294	31.353480	26.683362	32.465894	14.450817	33.468541	45.503551	24.941200	46.300725	26.651243	47.436884	19.630725	45.918450	32.054720	23.858242	38.553016	45.491935	34.406586	22.802916	11.968634	10.388298	31.545022	41.590348	30.941672	25.548279	30.701378	25.273117	11.301815	12.110464	38.018858	32.645794	29.625278	24.717564	41.999734	30.149081	44.844181	18.687189	44.927394	44.736202	43.366826	33.206851	27.307256	13.751479	41.524412	23.201507	24.593989	25.913502	34.805135	45.006652	40.962028	10.182763	12.565846	9.707813	30.879911	40.612465	26.979152	16.037348	45.297136	37.449332	33.949229	34.099050	46.210082	42.950031	38.281639	47.351751	19.618938	24.666757	16.156029	30.571917	35.200257
33.221102	42.352649	21.784957	17.662199	13.229572	12.642865	29.173517	18.175856	28.588523	10.971922	15.556734	44.222483	22.200708	28.704282	39.067903	23.769754	11.348204	40.804973	30.437748	22.963271	27.708218	11.540374	42.133067	35.575087	44.554039	38.236738	43.537396	29.590314	39.978391	44.258123	33.936136	34.315379	25.797817	42.410907	16.251133	41.636339	29.445714	27.701943	33.142448	44.704749	45.367782	11.212633	38.254154	38.575355	25.460610	30.330707	27.738528	18.818586	27.864407	35.677142	24.626178	36.899699	45.920680	22.038479	18.764640	11.029205	16.756917	17.234446	17.231103	36.616390	43.300375	11.435331	33.730262	15.093095	36.354263	24.444240	36.175742	34.150040	15.597888	46.931849	29.351524	38.098335	32.550927	34.880763	23.951402	41.572207	12.558313	44.006208	23.901271	12.636444	32.751147	39.878787	31.761881	33.597450	32.786738	35.775664	40.177499	17.849738	44.707578	31.291384	10.506694	10.457764	29.259866	31.479059	19.023979	29.020712	17.319932	34.070218	22.156186	35.632730	10.196716	31.551733
