0.000000	7.308517	4.294660	3.612872	11.181810	2.514744	5.130413	5.329902	10.786444	9.592664	8.446044	2.730370	11.062180	2.495117	5.093248	11.265157	8.688915	9.707841	5.187722	8.840803	7.450423	10.366372	3.066461	4.826547	3.913166	7.878094	3.835747	7.664999	9.794633	4.235198	6.047537	9.982874	4.916408	3.241455	6.299432	4.354412	4.086030	11.345839	8.644734	8.541273	5.481442	2.827511	8.315445	4.044929	3.904789	3.963921	7.325147	8.781708	5.620321	3.172339	11.456572	4.822181	10.624515	3.528102	9.782232	9.280772	10.868672	9.903108	8.046887	5.200963	3.746941	9.204143	2.613322	6.318690	11.334440	2.834381	10.172964	6.509357	6.902205	6.630586	2.969696	9.440209	5.014555	4.819747	8.602030	8.582291	6.524347	2.834216	8.048889	2.828789	2.447427	3.820988	11.494064	3.207887	6.945988	6.850528	11.342429	6.559246	5.425771	10.677554	4.707474	3.962884	10.153388	5.760781	4.690334	7.655975	4.598286	4.967527	10.582120	2.493604	6.358690	7.175417	8.608030	4.606577	9.039138	4.525188	10.529884	4.441974	3.390739	4.944396	2.751743	10.325254	11.047901	11.453990	11.103124	5.605398	4.392220	5.483061	9.061301	8.388580	10.526698	7.200040	11.541445	3.294603	11.124409	7.910548	9.219785	2.481731	10.733858	3.812279	11.193922	8.260416	11.368250	6.802828	4.514517	11.595833	2.380633	2.380863	9.149703	4.848811	8.267509	10.109876	9.322215	10.099231	4.853901	2.642592	4.861374	7.920190	5.945897	5.601717	4.627849	9.721622	4.163094	9.480391	9.579695	2.743794	7.676492	6.527712	3.689606	4.755719	4.205405	8.633420	9.258630	4.033807	9.577028	11.260822	8.796619	7.018117	9.888375	6.983906	10.672259	9.694967	2.467724	6.229920	3.817544	9.263160	4.287580	8.506129	5.148904	5.210047	9.112734	3.823873	10.936298	10.647173	2.384080	9.692807	10.893827	2.724145	9.921805	2.393437	7.473977	5.044833	10.430761	5.168400	2.392932	7.216192	5.808973	2.573178	5.894815	2.941260	5.903514	2.374195
5.760178	0.000000	8.864458	9.918495	6.536731	2.581552	3.349292	8.980213	4.010915	10.719616	5.872730	9.147795	5.628628	5.552357	5.323910	5.342485	7.583923	9.822916	5.755638	9.248665	6.965686	4.750806	4.468992	6.870123	9.095170	5.031557	6.263589	2.915387	2.501199	9.250514	11.573901	2.350293	7.635232	5.575806	9.137866	7.523161	3.795091	10.148110	5.311395	5.818463	2.864101	8.502234	5.111117	3.377651	7.684975	10.497756	4.081100	3.846059	5.550055	3.589556	8.743190	8.302655	8.601960	11.108512	8.755048	4.855606	3.907896	2.811179	3.387459	3.840422	10.238279	5.028700	5.483138	4.880621	3.510630	3.524633	5.685628	10.875612	6.657336	7.914356	8.652587	7.254138	5.304022	7.966698	10.259357	5.176299	6.284308	11.102244	2.651811	7.519660	10.332195	5.956003	6.166671	7.476425	5.965050	4.188811	2.332868	3.562812	5.157214	11.255682	3.469978	11.272332	9.355213	8.967892	4.827091	7.356926	4.220635	11.536131	8.286390	9.163980	2.339481	3.071047	10.425741	2.956956	4.339054	6.424592	8.018218	8.930431	4.194988	8.745151	4.943773	10.503323	9.197318	11.024553	6.184860	8.535745	7.761682	3.984313	4.368158	6.825561	3.290870	8.665035	4.332679	5.094326	9.708660	8.952411	8.530347	9.715743	10.375463	10.369513	7.875867	5.115136	7.511683	5.191489	9.895013	10.278609	6.960569	11.594842	9.266231	6.223582	5.936625	9.323174	8.328635	3.944890	8.205153	6.106207	3.171480	11.079921	9.384621	8.744339	9.779971	3.547956	8.582600	9.405452	10.441854	4.587690	2.863833	8.104693	10.296026	6.241932	8.483519	8.829368	7.840124	9.543153	10.056471	3.719072	5.654040	6.236264	5.264682	7.980302	4.224698	8.688995	5.856143	8.627320	7.614043	9.273162	10.669157	5.480134	10.637356	6.216644	11.253144	11.453537	8.921538	11.297074	4.571925	9.149907	3.975510	10.411711	4.700975	6.637551	8.631919	10.066354	3.497741	6.523292	11.229870	3.624616	9.816334	7.627339	2.502708	4.195557	8.066296	7.345302
5.513979	9.202691	0.000000	9.651609	10.372942	4.834079	6.729762	11.330109	5.677552	10.278356	4.570187	6.035209	3.724396	4.606445	6.303924	7.722854	6.112420	10.462164	3.096939	10.673217	10.097093	7.891929	11.107199	4.902364	3.725224	5.537553	6.332498	2.642637	5.401349	10.462996	2.615709	5.692545	7.329687	6.351035	2.388015	5.525235	2.528286	9.435148	3.381070	10.912789	9.787688	4.345063	3.191638	9.152799	6.171132	11.242417	9.337802	4.803016	10.771526	8.012059	8.841391	10.612190	7.161643	4.710332	5.153277	3.135102	7.071959	5.238601	3.924006	4.982115	10.195827	6.704560	4.800590	2.586432	8.189105	8.545929	3.370754	8.121861	5.346088	2.837871	10.242091	11.377167	6.679539	7.794299	3.598139	3.111813	7.481724	6.850368	3.901553	7.013569	11.289610	4.336160	6.307521	6.619596	4.471152	5.770721	10.138154	2.969245	8.595038	8.313346	8.623351	3.405900	10.835674	8.930494	11.206594	7.867868	11.322707	6.748854	8.509135	8.405210	11.580876	7.390347	9.339979	9.064056	6.638418	8.694600	9.533296	8.911552	4.234100	3.065526	6.002433	4.763938	5.401972	3.355338	4.098615	10.330535	2.440248	4.553246	3.233892	7.267351	7.086408	3.204966	2.505742	4.542238	5.312003	3.670267	5.987555	3.102779	4.507409	5.641844	6.639960	2.685028	9.467523	5.060525	9.064960	9.601129	9.278160	5.290848	5.984202	6.205757	8.811415	9.250383	3.527953	7.123683	7.679982	11.069580	10.394364	7.527992	10.391092	3.943869	5.342578	5.205234	8.313111	9.743870	4.646766	10.583580	6.324292	3.738439	4.192944	6.979781	5.307199	10.029337	11.587927	5.136782	8.871600	10.175110	7.151586	6.492629	10.813258	8.593155	2.338279	4.665317	3.455473	6.155327	9.402267	8.433485	9.576052	11.018590	2.339789	6.042008	4.061081	3.772935	11.200515	3.580498	8.485020	11.561391	3.460540	7.798421	6.786494	7.143688	6.925533	10.741528	4.057514	4.019079	9.176923	7.957189	5.595721	3.775050	5.420762	2.847879	10.735743	4.234187
9.630224	6.401265	5.622212	0.000000	9.562120	10.877285	10.888044	8.179129	10.858004	8.795582	4.262864	8.654972	6.651165	10.936444	9.766743	7.529266	10.783243	3.833745	3.613147	3.583582	3.075542	10.868744	9.185871	4.857547	5.327540	5.702705	6.751560	4.387069	8.243996	11.128605	4.060269	10.358619	7.165228	8.170486	4.263843	10.699449	7.466107	2.338139	4.338591	8.989696	4.091538	5.352027	11.429905	2.877465	9.985303	5.955489	4.411761	3.697358	7.215709	10.365970	10.299212	2.488303	9.508102	2.777682	3.112731	5.977763	10.129980	2.552917	5.249380	5.343301	2.692157	11.598966	9.723965	3.634275	4.957320	10.105990	6.932398	11.517244	9.319553	2.435950	8.344083	4.582829	4.435292	4.920683	11.404212	4.709578	5.541775	8.016116	4.729844	9.770812	10.395742	7.302498	11.260245	5.311529	5.200744	7.251371	10.116749	2.827692	9.536284	6.405222	3.571334	6.136537	6.239476	10.985210	8.810356	5.879307	4.630454	11.469884	9.178619	2.680749	10.592216	7.230111	9.948335	8.433017	7.569579	3.950450	10.754569	3.395780	9.043098	9.330941	9.194960	5.926709	7.661793	10.580088	3.295459	4.938467	10.418804	8.468317	4.055012	5.600614	10.854638	7.559631	9.741358	3.435536	7.202161	7.550338	5.226715	2.480697	3.939810	8.367983	7.817400	8.207721	3.569596	7.796682	2.777643	4.912454	4.739564	2.469245	10.928793	3.213533	7.782854	4.049049	5.823076	8.164012	3.406944	6.404304	2.745915	6.832228	4.266034	9.478254	6.774400	11.199102	6.894075	8.972377	9.909691	9.529942	3.365354	3.356494	10.715244	3.939416	4.023772	6.659056	2.805666	3.233987	7.823951	11.408566	11.241985	3.524924	4.910477	10.647042	9.371991	6.337537	8.744308	6.392334	4.222199	4.777986	8.947148	4.098554	5.590493	10.076774	7.726213	11.016064	4.448978	7.492612	11.498255	10.784583	3.867232	6.088766	7.398912	5.972046	10.352352	9.763309	4.058188	10.690854	9.999615	4.665445	5.592287	10.227364	10.494738	3.556945	7.967563	10.771158
4.491455	4.768262	3.582118	11.144427	0.000000	11.255362	10.556199	8.142988	7.210734	6.929646	9.008690	11.004897	6.844156	6.005527	8.471266	3.517961	8.045952	9.088978	10.358037	11.292449	11.143765	8.444792	3.228492	10.616696	6.589100	2.794439	9.283511	8.659717	8.873865	9.888550	3.131266	4.634467	6.084894	3.756692	8.288075	3.501273	6.321166	11.008222	4.013934	5.899481	6.575292	10.817882	3.569405	4.055451	5.939312	2.859944	7.578140	4.650058	2.700584	9.591175	8.249173	5.284300	10.401555	2.395666	9.311939	9.728220	4.771457	8.713582	9.784602	8.320506	7.669547	8.506124	5.329733	10.032828	10.866612	7.323146	5.779493	9.505292	5.905023	7.085025	11.494544	9.543176	9.230689	5.917993	4.041521	5.555925	5.162016	9.589995	8.903915	4.476082	7.185169	8.676863	2.838941	5.133291	10.493986	2.334154	6.008253	7.279520	5.707961	6.639465	4.909902	7.888259	6.559108	4.179078	2.666042	6.670834	2.707507	10.341613	4.357138	2.990342	7.247693	8.347789	7.729351	7.126399	4.674062	2.993813	3.310757	3.759865	2.558767	10.718497	2.959586	3.594431	6.177648	3.437811	7.617797	11.248319	8.383302	4.284010	8.820841	5.830225	2.998667	7.292576	4.326470	6.162192	4.584431	4.691055	8.492751	11.330724	3.929151	7.164496	8.620424	10.170860	5.621627	11.519399	5.344471	9.793558	11.485395	4.442781	8.992617	10.314603	7.169028	10.958289	3.321280	11.552255	6.404958	6.235707	2.393114	5.583065	5.446052	10.083597	9.175855	9.311224	9.213443	6.959337	3.573688	4.316007	4.567302	10.991354	4.200652	10.175421	10.354463	7.119774	5.332394	3.743619	2.923911	4.014584	7.845955	6.388335	6.685280	10.555699	3.973184	6.282966	7.622179	7.061967	11.116908	4.068369	7.622947	7.540913	6.330313	3.240041	6.291827	4.476204	10.852701	8.680645	7.137020	9.272443	3.925642	10.615761	11.035204	7.818188	7.447482	5.163141	8.545896	6.415376	8.731264	9.380516	10.576071	10.635136	3.571235	4.435153	9.768907	6.443057
8.937411	10.399592	11.487940	2.955544	6.135593	0.000000	9.271646	6.779208	3.396746	4.916830	6.224095	7.755314	2.535816	6.220391	8.436220	8.965708	4.941321	5.307925	11.509981	7.174074	8.518538	5.327613	6.665614	8.393804	9.500085	6.077080	9.636029	5.730516	4.634620	4.359158	3.357839	5.579300	5.652410	5.532805	10.954520	6.935923	5.774794	3.898324	5.359296	9.244915	8.006143	9.896688	5.515899	3.594849	5.753828	3.702315	2.437984	8.459912	3.566602	2.723002	5.403442	4.975965	4.613645	10.228223	3.279326	4.853217	4.792225	9.343711	3.165294	8.085949	2.433066	11.555938	3.328970	2.859576	10.385077	4.961468	8.349048	5.013707	3.555199	5.834257	11.595217	3.552966	3.404730	5.118120	7.489597	9.053344	3.206383	5.715258	6.949845	8.917230	10.349011	2.349647	6.702838	6.852875	4.928554	3.340818	10.900539	7.450572	5.748044	9.420959	7.236750	9.074448	10.108960	3.448116	8.572711	3.814358	9.495268	7.203543	6.087177	3.195672	7.474138	8.791505	5.506792	6.857953	9.843961	3.055955	9.786377	2.701985	8.825739	7.695142	5.675312	2.695663	10.908410	11.015074	3.670294	8.012130	7.011668	10.471153	8.359689	5.157803	10.673169	6.380489	10.289246	8.118189	8.206688	10.425097	8.885535	10.211031	4.575980	3.834919	8.506890	4.272519	6.120310	4.813267	8.023954	4.665206	2.846940	7.947780	3.142639	7.522725	9.589849	4.403572	4.301421	8.426002	6.928756	7.224034	4.700014	4.712555	5.847799	10.651538	5.472205	5.918027	7.550289	4.809310	8.950954	4.481145	6.825481	7.465014	10.490214	4.116640	10.184522	5.964712	8.409991	10.055830	4.608415	4.391369	5.821334	2.716059	4.963489	2.332340	9.754855	10.978100	6.924338	2.379662	9.237558	10.011442	3.748432	11.111616	7.960336	2.505757	3.937700	11.219114	9.226529	6.681645	9.789569	10.179633	4.481585	8.171107	10.332591	5.005457	7.986502	8.263389	8.527469	7.998646	11.234829	7.788719	10.689691	2.907304	6.742435	7.190818	9.550344	8.955516
5.361661	6.400204	4.525527	7.528293	4.865589	9.821886	0.000000	3.165055	7.307018	4.033778	6.443948	5.846243	10.773242	10.282726	3.479177	9.014496	4.602774	11.179921	8.097181	6.581050	5.462259	7.187801	4.745743	8.817193	4.301270	8.314516	7.982318	8.313482	6.728744	10.514332	7.789567	3.980185	5.269291	4.655544	11.374673	4.122306	7.880254	4.837936	5.863640	5.149148	8.932770	10.627295	3.711355	6.422551	10.808372	9.737166	5.309085	5.274981	8.404153	9.192498	4.565808	11.204833	4.234521	5.649609	11.086021	6.998108	5.447842	2.952385	7.283298	8.382411	11.269058	6.087638	11.094074	10.934480	9.441349	8.054940	7.695279	8.380852	9.619998	6.118083	5.926163	3.489370	2.593595	9.643688	7.328272	4.767637	3.831213	5.457962	4.204994	10.971106	5.720584	7.940783	5.767002	2.402741	8.365537	6.745870	7.936384	5.925607	5.497135	7.738596	5.474822	2.363817	11.123743	3.522906	4.482400	9.006169	2.740801	2.588963	6.298981	2.323500	7.785519	8.988687	3.318984	7.631617	10.640020	7.305365	3.908692	9.159335	6.589526	9.069970	10.269128	11.037201	4.442303	9.140060	8.363964	4.063048	4.986787	4.450678	10.690413	6.052460	5.695624	3.022081	3.777064	9.745522	8.062345	3.366698	5.785936	11.266778	7.554776	9.776329	8.457687	8.904196	3.526497	10.488174	7.123379	3.390917	9.201618	7.411472	8.704904	6.134511	9.194498	2.843322	9.159204	6.425222	6.109585	5.887391	10.816364	2.900886	7.243289	9.520575	9.290628	8.863775	8.993279	2.558573	4.642124	3.521045	6.159448	9.199627	4.023756	6.707018	2.901941	2.370149	4.065902	5.719763	7.149115	5.664686	10.460601	5.408860	6.651538	9.928246	3.876517	7.316081	6.542763	5.909469	10.215715	10.815977	4.787158	8.145591	5.761779	2.692045	5.216072	9.534255	5.124085	10.251103	8.484135	2.625100	11.048989	9.660272	7.920514	5.009143	10.384370	3.991117	5.849994	11.330524	8.446786	10.926392	6.309901	11.197362	6.119504	3.436726	5.963686	8.429243
2.470738	2.915083	3.355995	5.338911	10.226478	8.106623	7.354702	0.000000	2.435033	11.231342	7.463426	9.165949	9.678395	10.396034	11.439835	11.119377	10.147131	7.728655	4.968697	10.727242	6.852649	6.209617	5.201296	10.904818	9.706435	9.440551	5.357582	9.019464	6.791536	2.911196	7.529748	2.811844	5.551916	6.824924	3.708133	9.950834	5.318503	4.564256	3.618410	2.384577	11.293277	2.941823	7.810732	4.783867	5.430821	5.874625	7.084030	5.279675	3.261020	4.222021	6.082114	7.043278	10.920942	4.106882	3.810346	6.763798	7.685615	7.993794	6.330486	8.351163	9.575421	7.902974	3.565348	3.094680	10.355933	6.068274	10.665344	8.830959	5.177624	3.156509	6.369997	6.345292	9.595865	7.046333	10.017976	8.509188	8.222065	5.727716	7.694896	6.969182	7.977418	3.249761	5.888624	3.727055	7.042434	4.447317	2.937594	9.379452	9.379316	3.293433	10.481568	8.083907	4.870377	7.167220	9.944358	4.477129	7.129980	2.791936	7.706440	9.803246	9.953247	10.523732	9.729833	7.337642	3.269355	5.365347	9.887154	11.562583	3.585037	7.936210	11.414751	10.944448	4.121745	5.239456	10.420372	9.672988	8.134337	9.960346	4.045559	2.802795	4.978742	9.411845	10.200901	11.595232	9.385813	4.746750	6.251993	3.216184	8.805674	9.723927	5.284077	9.148737	10.901991	8.242343	5.292877	9.652670	3.164392	4.417052	5.239074	3.801896	9.772776	9.090537	10.904746	8.156196	9.769634	5.144588	11.493486	5.102908	3.542003	4.636470	7.808086	5.023378	11.231452	2.966314	2.586980	4.029951	11.029979	9.939180	2.383144	11.497396	4.229112	2.398343	10.767636	9.295221	10.675469	8.037780	10.044910	3.520055	11.277675	3.502250	8.249398	9.569172	5.918723	5.402423	11.246049	5.382280	3.219628	10.464235	7.344673	8.780709	2.822108	8.873810	4.604900	8.835644	2.811648	6.711620	9.966976	7.232742	7.269494	4.386374	10.832390	7.982194	4.413662	7.192981	4.693309	4.142905	6.912893	10.234446	10.911403	4.783022	7.651748	8.869150
8.818883	6.707229	3.746851	2.515719	5.889546	3.072037	3.808979	10.976043	0.000000	7.366901	4.991690	6.184743	9.144710	3.580814	8.388685	3.701741	9.151175	8.465543	6.765218	6.372106	7.391088	3.610279	4.244714	6.006832	5.495447	6.528926	2.700527	8.749774	2.368321	5.825788	10.026503	6.415961	7.659094	2.525379	5.492274	8.544388	10.608542	8.810021	2.666889	7.344980	4.032310	7.111808	8.798795	2.570959	3.756790	8.160172	10.857866	9.631275	8.215470	10.610849	9.587296	7.357160	6.981571	6.670042	7.608362	8.409924	4.054674	5.213489	7.810002	11.045381	7.459727	4.451583	3.134187	7.798827	2.481116	10.705672	7.749422	3.025374	11.186344	3.268535	11.599257	7.545327	8.803285	5.858964	4.189699	6.126348	9.948661	6.206548	11.489333	6.840019	3.568645	11.409549	6.589251	9.086581	10.621754	8.881568	4.346875	5.880786	11.512626	6.622909	6.275172	8.693250	3.335476	2.332145	2.371062	10.297499	4.522266	5.617997	4.328353	4.881265	5.307958	7.681910	9.738589	8.853447	7.159330	6.588679	5.621232	2.412716	7.959389	10.829912	7.885017	9.642962	11.205093	6.287572	10.949553	4.504574	6.431780	4.993010	2.403664	8.016275	10.205898	4.078805	3.173930	11.053921	6.292927	10.244617	10.448233	7.756141	4.367775	8.348405	6.752203	7.739598	11.081813	3.958666	4.332668	9.900520	11.072521	9.426079	10.816653	4.451491	9.201293	8.933659	10.346337	10.862084	11.234453	5.190621	11.273780	11.190277	2.372375	10.191474	6.137590	6.588796	9.930554	10.241538	7.332480	4.941470	4.109358	8.253362	5.106655	8.124846	8.862069	8.606450	5.979976	6.725083	9.114299	5.922709	10.994146	7.182576	11.479855	6.306058	5.338848	5.345912	5.328128	10.764446	2.770146	4.506147	5.796258	2.415417	7.318091	6.462227	4.914940	4.969794	6.118775	10.598931	4.679178	3.117803	11.399689	11.324510	11.370331	8.951880	8.918890	6.515416	4.880450	10.727441	4.402641	9.795871	8.165785	6.549416	3.078674	3.359091	6.702666	9.432071
2.942479	9.091167	10.047261	6.625629	3.449900	9.307827	6.985434	5.500460	7.921766	0.000000	5.761096	3.457100	7.752285	7.988161	9.333292	2.452798	6.327085	3.822311	8.196381	8.367729	9.451069	3.545216	9.337908	6.141066	3.065198	8.920902	6.784299	8.442191	5.703560	11.222922	5.232132	7.176579	10.594750	2.852453	3.695686	3.271198	4.187508	8.568078	5.165509	3.475677	8.719316	4.464721	4.792768	8.505530	7.803779	8.803690	10.536107	11.039433	5.447612	9.959926	4.101396	4.910088	4.441748	2.338569	7.688125	5.714799	3.678137	6.648669	4.348681	5.839561	4.663102	11.496317	6.420067	6.245496	9.990816	6.124909	7.022014	4.731955	5.898844	6.967712	5.608635	4.999483	5.798931	2.336518	8.472971	3.256708	6.794689	3.927790	5.606580	9.148260	5.035221	7.079021	7.540021	7.784801	11.287623	8.897011	7.096402	9.185098	5.087171	9.734587	7.376545	6.072088	8.987137	5.713282	2.698004	8.278567	7.821145	2.865949	9.981316	5.938378	4.591138	4.845556	7.834833	8.652928	9.087338	6.800282	10.349433	8.605840	7.510485	5.532852	8.912140	5.301283	6.956155	8.845797	3.152427	7.158975	7.266719	3.096182	4.246143	9.826173	2.864752	9.055883	8.420447	9.475665	10.362914	7.585212	9.419406	3.556165	10.469092	4.912261	2.471950	7.982335	7.051448	3.349358	9.175799	4.034895	2.337049	10.129476	6.539626	4.597852	7.280723	6.577341	3.325378	6.504123	8.396068	11.051586	3.981075	7.704570	9.771507	5.543578	6.272846	5.673652	4.106685	4.037314	11.252044	2.920361	3.091985	7.865742	6.848077	5.937483	7.036325	11.549128	2.637835	5.372923	6.353116	10.499500	5.814587	7.808586	8.301551	11.396082	3.133333	11.370981	10.617103	8.574369	4.773866	8.386432	11.115127	7.662594	6.012241	7.617625	3.483336	9.758760	2.729409	5.445755	7.328600	3.108533	6.579116	8.606357	2.857811	6.330593	5.421009	11.288351	5.569986	10.285703	6.984065	10.401169	8.550597	9.767882	3.590177	8.431007	3.927830	11.591790
9.931746	3.578539	2.908039	7.670670	8.262912	11.010234	5.027698	8.696937	10.541437	6.843885	0.000000	8.309266	3.095200	4.728783	11.295105	4.183223	9.179893	9.786301	6.097827	2.340181	4.948638	5.549159	4.509617	8.571931	5.388128	5.938904	4.329377	6.958593	5.390452	4.725696	7.378319	3.313559	9.961445	7.192313	11.036030	4.672148	7.357924	9.053480	4.501936	9.527077	8.643683	11.193177	5.384576	8.884985	6.713814	7.947141	6.417699	8.623004	10.853476	5.142695	10.582111	2.464542	11.578860	7.718375	7.007516	5.226316	4.540640	7.106074	7.765079	10.837868	8.308909	2.345111	10.084167	7.459883	10.315465	4.985197	8.908933	11.212265	4.940471	9.237215	5.408066	7.476782	6.829829	9.622018	9.199756	8.375742	9.844869	5.389663	11.460928	6.971309	4.636099	11.088723	3.361665	5.349318	6.193384	6.104977	6.197011	3.237586	10.589147	8.960135	10.641534	8.863317	7.568380	7.173144	5.126117	3.060522	4.742786	11.297093	11.164808	2.407079	11.278639	11.500872	6.267138	2.371159	7.065789	9.882227	2.797283	8.109190	4.674743	3.836018	11.558549	10.718447	3.920744	3.929782	4.524339	9.837730	7.061760	6.088809	8.053963	5.079095	8.293813	2.844515	3.883829	9.930445	7.258102	2.562502	8.433018	9.667958	7.853379	4.822476	5.624179	8.684451	11.000232	7.069475	9.930308	8.221302	6.841664	4.624940	5.772656	7.708989	9.621150	11.140809	6.143395	8.838785	6.901416	2.709165	3.841419	5.830649	7.584925	3.111484	7.471904	2.686936	4.436291	5.963104	8.171598	6.302251	3.983003	9.903837	11.271144	8.725812	5.666400	7.502079	7.345390	5.838966	7.668939	5.177678	9.221742	4.397306	5.151740	7.778205	7.401249	8.672820	6.765705	6.110056	6.828102	9.243339	2.700011	5.152851	2.366052	7.684329	2.912122	2.834854	3.892779	4.917567	11.471237	11.476502	8.392598	7.170134	2.554732	7.054775	10.293843	10.429955	8.546411	5.341317	3.006510	9.205635	3.778051	9.459179	7.730116	7.777215	4.908119	11.209249
8.318904	8.233796	7.999519	6.476674	11.385871	8.127418	11.478165	7.077619	3.977538	10.029238	2.887283	0.000000	7.427064	8.404292	4.273050	6.384453	11.173867	5.557328	3.419736	9.170541	3.148922	9.171792	7.511109	5.878545	5.290233	5.470374	8.700178	3.472430	10.967324	11.429548	4.126747	7.507933	11.421659	2.459159	2.749287	9.705166	7.257231	4.140466	4.548919	9.022542	4.880410	2.747165	4.780928	8.302758	10.081236	11.169304	7.818180	2.423754	4.434837	10.733552	10.044533	2.623892	10.008688	7.407995	9.963369	4.070897	10.207007	5.026057	6.194253	6.640985	3.294751	8.237816	5.447781	4.364124	4.453819	10.009897	11.571357	6.884416	5.311518	3.680899	7.955657	9.801920	5.225571	8.895265	8.691023	8.362065	8.682597	6.158150	8.279943	3.439079	2.452923	4.062916	6.558823	10.210735	7.904932	7.789096	5.707808	4.422192	5.764052	6.702176	5.734518	9.201572	2.739872	8.964210	6.645362	8.488014	4.002451	5.370291	3.666243	8.829592	7.567359	8.507573	3.374286	11.023652	7.207211	2.412792	11.183081	9.530187	4.057307	7.684847	7.946742	8.305927	4.642478	4.030624	10.289887	3.762749	3.859821	5.072678	10.265146	11.281508	8.266981	3.262029	5.625635	6.528210	8.823495	11.148149	6.062018	9.328886	5.700362	8.048302	5.630311	10.532654	8.933574	9.078802	11.229394	9.290994	3.166436	2.868289	5.848451	7.302569	6.027756	10.402590	3.183891	5.646643	7.439404	6.053761	8.608436	4.480275	4.569138	6.330031	7.060991	4.724754	5.295869	10.459377	5.083450	6.530740	6.611557	8.427070	4.035344	6.031311	3.412445	8.422983	7.070678	5.039443	3.682943	7.816261	11.568119	6.191300	10.263183	9.599903	4.259706	7.027188	5.012310	5.675251	8.417110	5.554010	3.535338	4.831267	5.838006	10.496921	10.225015	2.653429	7.078472	6.491395	9.745530	10.429306	9.202808	4.769399	11.179034	11.408875	5.251301	11.536277	11.138968	7.854019	10.146945	2.602503	9.133213	4.432122	11.545364	11.300911	3.067735	2.943386
10.331766	9.014526	8.456736	7.812743	5.184768	3.918215	2.906871	8.046321	2.804794	7.017824	5.615941	5.079535	0.000000	4.074629	11.210745	5.087027	11.032554	2.721035	4.726268	3.315326	7.125441	6.093960	6.035804	10.698904	11.455668	10.492140	4.802891	4.863187	6.569397	9.677142	4.389109	8.974409	2.547090	4.162628	8.833528	2.399831	5.271370	11.080397	11.492401	9.974191	8.611572	3.199155	7.031002	3.376472	4.736766	4.784977	2.458184	10.440419	6.204257	7.255228	9.677563	5.556748	7.700211	4.593912	9.364479	4.437000	3.258414	8.973914	6.044134	6.325721	7.838808	8.952941	5.392607	5.784199	7.629336	3.906421	8.764702	9.354820	5.855511	11.561229	2.502066	2.945079	6.217462	6.778895	10.339424	11.447871	11.433659	8.302330	11.213173	8.134308	8.448666	4.154482	4.694166	5.404447	7.370613	2.976551	3.846967	6.248664	5.345080	6.140006	6.308867	4.285735	5.323627	5.814035	3.411386	3.683219	4.393565	9.496983	3.132941	4.075998	6.892945	3.934320	7.291722	3.987758	6.513929	3.416685	3.121633	7.653101	8.536268	11.065861	8.076530	8.991946	10.626351	10.028276	6.392336	9.507895	6.970960	9.548679	9.510029	4.938809	8.572084	6.942476	4.387467	6.536902	10.770211	5.448532	4.342051	7.153630	4.973121	3.660138	5.177670	7.525149	3.345197	9.887373	11.211483	2.412868	4.478805	5.782320	4.789889	2.732803	2.698686	3.337451	11.151753	3.884304	4.612714	10.972211	7.898834	3.040964	9.216729	8.267063	2.597767	5.202688	4.383234	4.359218	7.003823	3.036747	5.504143	9.201739	9.366649	6.539214	6.327227	7.533594	6.762987	6.088761	7.422041	6.411435	5.975757	9.072026	8.504860	4.084026	9.883481	3.603036	9.287736	11.411195	4.561585	4.702494	3.826418	10.302946	11.395981	4.122704	5.356117	8.100562	4.489230	10.476394	3.151688	10.510700	10.555869	5.114730	6.481649	6.401051	5.987025	7.665118	2.780305	7.202691	7.483327	3.328043	5.051645	11.070719	6.328608	7.340952	11.397404	4.582973
5.805294	2.953764	3.954166	10.312249	10.169816	3.734876	9.375157	3.274122	10.150012	9.109840	10.196537	6.813504	6.218902	0.000000	8.484501	5.243013	9.436185	6.850679	6.747917	6.181912	6.727584	11.112176	7.922360	9.965050	8.698108	6.543460	10.699248	7.255509	4.620799	10.632485	10.009464	4.286137	9.137420	9.701983	10.768794	7.882194	11.432785	5.064809	4.192439	10.482493	5.582700	7.796259	4.577626	10.255417	2.442312	9.300545	2.476739	10.116902	8.229008	11.564072	8.550901	2.652501	3.949506	9.891093	6.414350	2.455843	11.172708	10.121878	8.425910	4.260155	6.312976	11.133312	2.650526	5.143596	5.018222	3.235754	7.626728	4.434416	7.073590	6.231229	6.104780	4.326327	11.249028	6.075251	8.186959	6.071957	8.522646	8.202292	2.787302	2.553043	3.846424	6.624823	11.064828	7.985242	10.805459	5.621172	9.312999	2.861908	9.606727	6.513467	3.808754	9.787701	6.684198	5.143268	6.054941	3.167447	7.153837	8.887262	7.874630	8.762193	4.738602	7.074516	2.723049	8.186402	4.678391	7.303858	3.249304	3.842832	8.382405	9.418947	9.145497	8.878219	10.620940	2.875869	5.455441	10.308335	9.655099	3.655907	3.007787	7.978417	9.570898	9.067689	10.311236	4.351012	10.635550	3.639821	8.073353	2.360771	5.537374	4.402553	9.123048	10.150729	3.219491	6.167746	8.000604	5.460768	6.194506	5.142323	11.017660	6.846404	11.234704	3.954330	7.946397	7.058992	4.796825	8.610668	10.881651	6.358423	7.437337	3.245362	4.125807	10.566848	10.434918	11.203532	4.702902	10.947180	10.548741	2.932473	11.478661	10.427145	6.495423	11.032675	6.309152	10.566125	7.089981	11.229313	10.495253	8.127320	9.918580	9.972862	3.766342	6.713889	9.331610	5.791614	5.930257	10.303474	8.994136	6.833186	3.926195	9.796652	4.762585	6.736520	10.864407	5.305546	2.956014	7.080581	7.206398	9.993159	3.122032	6.141877	3.126036	8.994964	3.904391	11.106801	9.458899	3.471333	4.414673	8.784957	7.551768	9.804514	5.458598	3.529549
9.917824	7.844894	11.496689	11.151721	5.693662	5.154579	8.765654	5.619161	3.561262	4.257649	2.873840	2.526371	10.906423	6.008937	0.000000	9.753484	2.852677	11.054778	7.270608	5.623686	4.871275	9.530436	8.602247	5.448195	8.494255	6.197232	4.595830	5.291070	3.668617	10.853090	10.554257	8.312949	2.946382	4.707885	6.926974	6.588402	3.429493	3.109814	2.372543	7.925887	9.292106	10.086741	10.751855	10.597846	9.047462	8.130779	4.861145	3.061737	7.835768	3.934299	7.954242	3.577362	3.504500	6.070083	10.605593	3.479784	8.700757	3.310281	8.230563	7.582842	8.677526	3.462513	9.313226	11.120640	2.592357	2.349084	5.858019	7.686995	6.643165	4.334652	7.074126	10.434519	6.974852	5.303815	4.363634	7.825916	9.298834	10.661275	9.601635	3.895604	6.475578	10.652686	6.813431	5.228194	10.912250	8.186942	4.463535	7.411666	11.136419	6.818528	10.088037	3.817656	10.545815	2.563990	10.080657	2.389264	5.465060	5.545107	10.242304	11.417143	9.701312	11.383323	8.724822	7.627926	7.384702	4.296229	9.784485	5.066605	9.494315	5.932835	10.921412	6.790040	8.249441	8.931498	7.262647	5.546380	8.689343	7.141791	7.278803	7.087645	4.463871	7.355396	4.954854	5.481595	4.756332	10.574366	11.556877	7.685287	5.593424	4.706488	9.122407	6.007574	5.176142	3.475030	9.842449	5.176199	8.594911	8.005058	6.610416	6.964105	8.566559	9.176665	9.010368	6.290254	3.734477	9.505276	2.704455	6.349593	4.257845	5.844104	11.498926	10.291336	9.724565	7.726123	6.992107	11.033656	9.893493	8.418072	2.968289	10.847336	2.458500	7.596102	5.069105	4.367220	10.720977	10.548554	4.106962	9.729914	5.093130	4.096559	2.946987	11.350838	3.686354	3.750463	10.443367	10.859734	5.623669	7.897742	2.562509	4.499461	10.550804	2.772530	5.060036	6.148462	2.905088	9.388044	10.231801	9.517811	3.245610	6.272407	10.346438	10.058577	4.219735	7.623642	2.933426	10.704768	4.536761	9.225479	2.547643	9.160759	4.822896	6.737516
10.796741	10.245323	7.885126	7.213670	8.303612	5.597181	6.272300	6.340585	9.632275	10.389587	10.802316	5.893657	9.917446	4.945204	6.964263	0.000000	10.725462	5.868800	10.132003	9.540296	8.542114	5.951560	5.130804	9.034070	5.453785	7.494311	2.410093	7.072173	9.888564	3.672376	4.346883	9.869316	11.560073	3.770759	6.966294	8.148284	8.649851	3.164561	4.651587	2.464839	2.885163	10.693240	5.910713	3.880771	3.058099	10.696039	9.359327	11.391266	5.585070	10.217064	9.412026	5.224421	5.614744	2.681778	10.013504	7.615936	10.024068	3.443260	6.430647	10.169823	10.354630	2.688451	9.253547	3.228636	2.638725	4.181643	9.206496	6.666425	10.858039	6.660327	10.226058	7.302251	2.892884	4.108494	6.143487	7.286972	2.865330	10.204745	10.022353	7.482896	2.703650	10.736763	6.589738	6.505238	6.930952	9.980373	7.144807	7.855966	2.508811	6.414383	4.673621	8.826255	8.649782	8.174656	3.957305	7.798090	6.111572	2.589375	11.493773	4.161750	5.202412	2.545288	4.780904	7.807783	11.120966	10.613583	7.920260	2.524399	3.644091	10.307875	6.621722	8.625329	8.446605	7.243905	8.095071	6.384809	9.332261	6.257712	4.880679	3.304455	10.398772	5.560823	11.248839	6.138006	4.654378	6.887111	8.186052	4.286920	4.805471	5.248900	3.475146	3.032247	9.220385	5.605169	3.345227	3.091658	6.913878	10.219871	3.942489	10.397237	6.448852	5.804298	4.743208	2.786584	10.317448	10.731481	3.498254	2.644933	5.031673	10.620812	7.503022	4.062314	10.181111	7.496392	5.153254	8.944249	5.065459	11.305401	2.949194	7.021546	11.548844	7.140472	8.679919	9.644529	10.900480	2.609275	8.963259	4.115236	11.257167	5.436567	7.765201	2.796069	9.616085	2.618759	8.127702	5.648924	6.766085	10.110271	7.874191	8.696856	10.476391	9.209516	2.681076	9.972311	2.326954	3.371397	4.906158	5.793740	9.688450	7.802799	5.384657	5.255638	2.833543	6.432370	7.637512	11.102074	10.599760	9.663445	11.066360	11.193476	8.509355	2.741483
4.538672	6.581033	2.637639	7.164720	9.265257	11.316121	7.146437	8.365986	5.824681	4.784101	4.884486	7.111924	11.092052	7.853632	5.464353	9.047296	0.000000	9.079004	10.485756	2.506542	6.348451	8.727756	9.309942	7.221557	10.552597	4.908660	3.278160	6.465079	10.376504	9.845333	8.398060	4.522793	5.318231	11.202400	9.456095	4.493860	3.543452	6.632799	5.554032	7.424559	9.815031	6.055602	4.835964	4.850272	2.967941	10.938071	3.845846	4.394045	10.878203	7.728378	5.264132	11.065867	10.979221	8.804509	6.469205	6.308481	9.298393	6.483394	3.074833	8.710189	5.055315	3.767760	2.787882	5.221341	11.178521	3.242296	2.434151	9.196838	4.958277	11.599301	5.198983	4.209126	8.728468	3.772719	6.711834	5.527017	11.137346	5.945111	11.307306	4.380214	6.043228	3.324453	10.040470	3.177941	4.568322	4.041893	6.606192	6.358501	2.663320	7.930089	5.258752	2.347955	9.954146	2.339374	8.307329	8.288022	3.064491	8.055355	4.674069	4.143021	6.956758	9.473187	10.316605	4.061775	5.500598	7.663308	2.518549	3.752345	2.546593	2.564399	6.100245	5.073507	8.575912	10.960584	7.165019	8.587737	9.080192	5.887553	11.320745	8.572434	3.359428	6.531164	5.408908	6.018413	7.195706	3.002581	9.990759	5.461386	5.411794	8.479171	2.477099	4.399822	2.746329	11.560725	11.567666	6.944254	3.119577	7.721725	4.856736	10.664178	2.763707	10.472130	10.789098	4.289645	9.882281	3.986138	8.518951	7.877900	5.515204	6.584260	2.827509	9.505310	6.456650	2.773559	8.199859	9.285613	3.576285	10.370267	7.814601	5.125173	9.490695	8.685568	3.510525	8.888825	9.213761	6.402323	7.450917	8.598772	5.199416	2.384939	5.515516	9.979064	8.006610	10.386309	8.448610	11.454262	5.058029	2.544781	6.857806	5.894726	6.792673	11.243702	2.963823	6.555641	8.251521	3.470105	3.887484	2.392688	4.874440	4.427386	4.278777	3.448685	10.465438	10.074678	4.868261	4.391967	5.955675	2.660152	6.277672	11.351742	5.000218	9.796304
6.918168	5.313179	7.810473	8.014496	4.556191	9.127123	2.426888	4.084344	9.540349	11.320065	2.482740	2.396081	5.744763	6.063334	10.069712	5.889080	11.034180	0.000000	6.409484	5.507222	7.396632	6.041649	11.043901	11.594926	10.857721	8.894105	7.311532	2.905278	10.284091	2.747461	9.562899	7.903677	10.027713	8.736619	4.256560	2.940412	8.431535	5.022789	4.559670	3.524223	9.979065	9.264683	8.517676	5.300710	10.023831	6.699130	8.397269	6.618675	5.743281	10.165096	10.772689	2.596397	3.251876	5.294898	7.538265	5.145126	3.494041	7.583014	9.847230	10.786559	3.970472	5.523615	6.577998	10.833770	9.916271	8.658241	8.066348	10.004454	11.176582	3.090786	4.812703	3.342786	2.445287	6.770278	8.155410	7.827344	3.983239	4.888979	8.291502	10.993758	6.222382	4.725137	6.504103	3.909922	11.025965	9.720497	4.288541	3.321205	7.168532	3.944035	5.798099	7.707914	6.691482	11.079016	10.697316	5.545137	5.776056	3.041776	5.166749	10.970003	5.694405	9.881734	6.621265	4.748225	4.934156	9.268121	6.358391	8.214115	3.271188	5.306336	10.820758	8.005479	9.529102	4.022074	11.367358	4.528988	4.333433	10.687697	3.581226	7.627987	4.215701	10.245279	5.441144	6.591096	7.669765	10.761762	8.577706	4.932019	3.196934	3.947477	9.209796	2.643351	4.764376	9.418002	4.828450	7.017824	6.672088	4.661903	2.469721	3.979508	6.859727	9.923000	4.486450	4.088651	3.222274	5.382391	7.096890	6.373165	3.898537	10.804246	2.486516	4.771672	2.814270	5.507658	6.969301	4.454613	2.699665	8.239194	7.162273	4.330645	10.746804	8.664648	11.314338	3.609088	9.283434	6.493748	6.580293	2.961083	10.219466	4.554854	10.138946	5.830814	8.347057	4.528887	8.208621	10.533090	4.918240	5.404541	8.334615	9.218267	10.039564	8.762500	7.160147	11.393846	8.105062	10.245852	2.979387	4.138196	6.021601	7.567886	9.440766	2.327239	7.759571	9.754665	7.199631	2.949938	9.285414	6.529188	8.580836	5.369361	9.314237	3.054657
11.302488	10.435838	2.431992	6.204791	4.724478	3.305843	9.592463	5.479415	10.596363	7.007399	10.338143	2.392007	5.623780	11.345545	7.692714	3.204819	9.072116	7.377585	0.000000	9.976315	7.331138	8.372085	11.246650	6.215830	7.221659	10.697753	7.221782	11.507653	2.973934	4.806083	8.231633	9.833432	6.322813	5.190068	4.932135	11.135654	9.310908	5.338329	3.537500	3.978926	9.292764	8.450493	10.916371	7.620753	7.240154	6.831673	3.028071	7.577681	3.555523	8.304770	6.887501	6.633943	11.008012	10.637937	8.518664	7.063243	8.124074	4.984739	6.253564	9.394249	5.621489	10.411993	7.551691	10.495858	9.035894	8.539091	10.297337	10.129667	7.291388	2.906812	11.445801	7.072704	7.877901	7.902808	4.586693	9.839725	9.221290	8.491347	8.483445	10.577122	8.525754	11.225293	8.840417	4.723318	7.092949	3.398208	3.925617	7.036754	3.220846	10.150714	9.372289	10.279044	9.935897	11.220851	6.725488	11.268501	10.349208	8.055950	11.231003	9.293950	8.295403	8.076608	8.236097	9.244981	6.695094	11.270507	8.709791	6.661544	10.413972	6.495580	4.065783	3.018488	8.064512	10.255957	8.775905	10.878694	6.733977	4.144616	2.364508	5.071343	3.032050	7.813603	9.188260	9.192391	8.942666	7.823699	4.620503	3.283941	8.285302	5.578934	2.886401	10.389011	5.628078	8.609203	10.353862	5.641163	8.001256	5.849460	5.303765	3.230212	8.270241	9.286784	8.249228	5.207785	7.461350	10.325940	8.411281	9.654025	4.841832	7.978372	9.065456	5.268150	4.197192	6.705543	5.781449	5.767681	3.364052	5.738818	6.605734	9.652500	9.035917	3.320756	3.964069	5.695868	10.162830	9.341736	7.853761	8.723610	3.663424	5.430288	11.235432	10.270558	7.995126	10.692669	4.141092	2.707894	10.621497	4.425216	6.298417	5.615162	5.898234	10.138067	6.847503	5.972833	4.592629	6.422287	6.403320	8.287057	9.417920	10.899437	7.240886	4.530359	4.401153	4.240932	8.168818	6.401600	5.282425	6.411979	8.349610	8.819229	7.401808	8.379042
11.560958	7.389990	7.565537	9.939261	5.672934	3.003792	4.268869	8.888075	8.500901	3.151230	3.790733	10.434787	8.838536	6.520033	5.040888	3.580733	3.747884	5.942177	10.204889	0.000000	5.997330	9.147415	2.432197	10.383968	3.110076	8.456517	6.172901	3.788302	10.868988	10.883318	8.926054	2.413925	2.588525	2.850117	3.830944	5.515093	4.903852	3.317113	5.250867	7.866019	8.267861	3.546008	11.487461	6.434132	5.577985	3.070236	9.740796	7.712967	9.252675	4.503555	6.381173	7.326826	6.192744	4.200372	10.938392	7.504519	5.744113	8.557591	3.276860	8.415964	3.165868	10.609951	11.204390	4.140047	7.133694	4.901273	2.960772	8.042020	10.473053	4.032558	4.760971	11.256620	6.720489	4.736347	9.524534	10.119550	8.914701	6.645153	4.102235	6.294538	9.267041	2.666971	5.056166	2.547501	3.389387	3.340103	2.620297	7.000872	2.822961	8.553718	9.020930	7.872058	8.735538	3.233407	5.723499	6.749685	5.967876	6.178074	6.825057	4.971066	11.147586	3.556826	11.200273	7.987231	4.955368	7.504921	10.637975	4.648274	9.925710	11.027544	6.786041	9.252420	10.266460	5.642113	8.292392	9.242128	10.331873	8.045621	4.811938	7.511285	6.848483	9.293295	6.065813	10.474431	3.543336	5.080789	5.310984	5.474984	6.957842	10.469307	8.305263	5.256688	6.529192	9.893930	6.259853	3.287448	9.632527	7.623565	3.378710	11.049834	4.965113	6.257524	4.796512	4.893150	9.489137	8.550808	5.651904	4.173436	9.425280	3.355167	6.498519	7.613474	4.135266	9.207755	5.443934	4.205284	6.755669	7.735626	2.888174	9.242015	7.200074	11.034783	4.843607	6.260339	3.916557	3.009858	5.381089	2.559526	10.407941	11.343141	5.258262	10.426453	8.558757	8.418219	2.920417	10.171072	4.920353	2.911621	4.812855	8.454605	7.636767	11.491483	3.438310	9.352857	3.539859	7.349143	8.360744	9.635145	3.668309	10.247342	2.355986	3.246762	3.576561	6.735348	10.510995	5.452387	10.181712	5.619357	4.057773	8.485051	4.372816	5.538725
8.240925	9.806122	5.504003	8.727552	8.111851	8.370943	4.488016	3.504888	8.657002	2.447301	3.955189	9.566312	11.468481	10.830152	10.787479	4.390332	6.622869	9.376460	3.605298	8.937864	0.000000	10.904475	4.184717	3.352786	8.261892	7.294544	4.796934	6.833436	9.808428	10.611147	6.296442	4.340537	4.766117	8.881776	6.448312	9.514761	10.412758	9.556150	10.351715	5.585348	3.911316	5.950190	8.624020	6.351252	4.233310	7.752092	8.088548	10.777127	10.340260	3.080137	3.212949	10.381307	6.978753	4.349650	9.818057	9.533182	5.357855	4.907593	3.370173	2.902819	9.566401	8.502792	7.355847	6.504431	5.237676	5.525788	7.111492	5.181904	9.022796	3.795624	3.878698	7.205203	6.178784	6.359146	10.524765	5.442049	10.893361	6.453026	6.293094	4.571673	9.206437	6.726271	4.852523	9.748516	4.820152	4.893234	2.924879	10.616883	11.451095	6.199550	5.542164	6.294248	10.913775	5.940979	5.129336	7.635497	11.058546	2.369156	10.080529	5.984316	8.920655	9.695891	3.486343	5.870797	10.651397	6.311728	9.929721	7.164597	8.174470	3.158312	10.985725	9.578662	8.186506	8.377932	7.469899	10.420678	9.522178	11.268820	10.007070	10.284349	7.865889	8.128276	9.098252	8.876537	8.088929	4.979850	9.202531	2.908503	11.310272	4.084593	6.912616	5.861924	5.748869	5.786389	7.372981	3.618401	9.653888	4.458003	9.321809	3.723588	9.493615	3.665522	3.980821	9.630193	9.278991	10.872769	11.454553	6.179389	7.250452	7.647683	6.876949	4.850965	4.524194	2.330740	6.419416	8.481088	8.695123	8.184772	10.866706	8.045040	9.988153	6.415267	3.965858	4.947900	4.382952	8.677941	2.420473	6.960555	11.276891	3.971177	5.080878	5.536732	6.046268	4.893770	9.935400	2.538199	6.876124	5.811525	11.213004	9.589545	8.515764	3.227463	7.063161	7.148793	8.980611	8.999700	6.182939	2.682632	9.117557	3.244188	9.149286	9.589706	8.257870	7.044092	8.351721	11.414355	4.297241	11.561691	7.515362	8.406130	4.933448	6.942572
2.877716	11.029284	3.354949	10.155329	7.565430	11.075688	3.300106	5.096521	5.430494	8.320843	6.878437	2.691434	4.125203	9.753801	6.588669	3.624300	10.778999	10.255039	3.328431	10.120019	8.004293	0.000000	3.487344	2.718161	5.077870	4.566593	8.211101	8.608448	6.818852	4.280225	6.235262	5.012210	9.937542	11.509551	6.216456	9.775428	8.689726	6.995415	6.699307	8.789681	11.535385	10.887961	3.521158	6.580836	10.770304	8.837960	4.526157	4.596062	5.102521	10.512697	7.046751	2.421701	9.087280	9.140274	3.091924	9.416729	10.348430	5.749577	11.386446	9.098764	3.736236	6.634338	6.136732	4.425768	6.260258	7.439727	4.589519	7.964483	3.063431	6.588770	3.665629	6.126884	10.434949	11.067566	11.526843	7.407920	8.116800	3.718384	9.869399	10.818323	7.109348	3.715546	10.443946	9.587025	3.467127	6.203926	9.730344	6.376158	3.760961	7.322944	8.998508	10.766106	5.299531	3.664614	3.645797	5.260665	8.344490	7.109152	7.842304	3.056141	5.737162	4.545262	6.569231	4.879591	9.685793	3.453181	6.303453	4.042986	9.919562	4.296964	11.322698	8.254850	6.282817	3.282246	4.091779	3.463261	9.316751	10.142067	11.457046	3.181827	6.165214	10.889326	2.845423	7.246092	10.016309	7.683785	9.751204	5.602742	3.857808	7.377437	10.264429	10.149096	3.133648	10.670511	5.673072	3.498752	3.888051	11.036279	6.293829	8.282668	3.284625	4.886012	7.823154	7.501226	5.799477	6.930515	8.346383	9.703910	10.419879	6.523390	6.560597	9.651905	7.795277	4.278488	5.313885	9.473390	2.755633	5.043092	8.976096	10.755878	6.761688	4.868039	10.198609	4.864408	10.564231	5.520973	11.322671	2.559682	8.256599	7.010338	4.552925	3.755331	9.203577	6.964290	3.052033	11.533990	6.003203	11.308732	3.417768	11.144741	11.419538	8.748822	6.164372	8.096393	9.731794	4.497142	9.833953	9.523173	10.098511	3.006950	8.193817	4.964150	5.116196	8.160562	10.490754	8.497062	8.247716	7.787166	9.204517	9.105738	2.484791	3.640517
5.023862	6.012924	6.025855	6.275016	3.449157	6.271593	3.976306	11.051233	3.952790	7.191451	3.857456	10.739668	10.409181	7.529269	8.644021	11.391695	3.767230	8.680444	2.742452	3.262893	5.938110	6.839125	0.000000	6.861287	2.610787	8.609576	2.946028	3.665649	3.721522	9.359394	9.284325	2.850738	8.491503	6.693813	11.105962	2.934961	4.094917	10.299391	6.414778	5.835481	4.964668	9.050722	10.990138	2.656240	5.463431	3.117348	6.038775	3.271028	7.075009	7.009659	4.079298	10.275308	9.021390	6.105279	2.959941	3.398942	8.140969	8.410109	4.225236	6.269379	6.056154	5.273875	5.631361	9.979136	5.685947	6.961618	7.615453	3.437343	10.608291	3.631465	7.793803	2.776492	3.845829	10.658029	2.481686	9.432296	6.416523	5.642852	10.264365	7.413894	11.019251	8.544548	2.999435	10.350631	3.086284	8.209075	6.695851	11.584554	9.143008	9.121760	4.148045	7.369715	4.434917	10.841128	10.837159	7.775562	8.307287	4.583735	4.751280	8.059078	7.995513	10.468127	11.398585	8.598819	4.550394	2.615251	7.888463	9.757887	10.475237	10.813008	6.223075	3.132406	7.905294	9.618184	9.195921	7.695348	9.544437	6.979964	5.396645	8.688773	9.351102	2.773650	10.888678	2.634784	7.934011	10.681635	4.599337	6.482679	8.897277	7.834288	5.593634	9.437735	4.842860	5.526948	10.612240	3.404474	6.335951	5.752162	4.593165	2.514664	7.531740	6.193673	10.988997	10.589103	11.082999	10.188455	7.379964	10.328848	6.459907	6.224683	2.416622	8.346834	10.223753	8.107589	5.647446	5.082106	11.424475	8.367021	3.474888	10.086766	3.112322	6.630756	5.802481	9.092667	3.023449	8.961919	10.268366	8.742020	5.675900	5.823407	7.848831	7.916562	4.701280	9.229935	2.813310	7.198332	2.769783	10.617344	8.473734	2.942244	3.042886	6.930233	9.477636	3.218331	8.768223	7.245513	6.286699	10.849518	8.605831	4.086648	7.845544	3.865570	6.943735	5.781647	2.607807	8.423009	7.345348	3.980040	3.118317	2.333019	5.557867	3.847994
10.977434	5.910557	7.962084	10.105468	4.396591	7.642644	6.370050	5.876351	3.356077	5.382003	2.894003	5.905955	5.566663	4.491159	3.724517	5.877787	6.853212	6.019438	6.706446	7.345101	10.824045	6.665534	2.423697	0.000000	8.345346	7.762781	7.839738	4.958188	3.388483	5.988313	4.564331	6.292072	8.673876	6.189775	7.867368	3.849651	3.787733	8.773565	5.994222	11.423233	2.762249	6.622823	8.498200	7.843964	8.122500	8.474913	3.851116	9.477678	11.299710	4.212223	8.637061	10.762900	2.543734	8.494853	5.604587	7.305403	11.480377	5.908718	8.173483	6.241483	8.847431	4.077264	8.303493	5.461883	3.454464	7.150877	7.394127	4.078136	9.073685	6.436431	7.512768	4.881546	8.835303	10.093008	5.934080	4.458195	3.909990	11.067235	4.907746	3.872108	9.765889	3.172917	2.394874	5.224190	10.241024	11.427628	9.964286	5.037638	11.391084	9.336970	8.112816	6.666102	5.630924	6.894575	7.576940	8.997147	5.477083	2.385861	2.437416	4.830883	9.808643	3.453457	5.030094	6.451982	10.461480	8.566922	9.601029	11.178965	3.748633	6.295315	2.553164	8.550235	4.458598	6.495201	7.419628	9.268511	10.558457	7.160014	2.656208	8.801132	9.143832	9.245085	9.699267	9.406061	5.428280	7.217515	10.779059	9.479358	9.982814	8.193508	8.838573	8.067217	8.904312	4.990789	2.514796	9.059748	11.144830	10.527980	6.292854	6.465693	4.791385	5.318026	8.017632	10.587659	7.033782	6.542231	8.993449	2.509242	5.445732	11.315895	4.926826	8.292433	8.464811	4.808667	6.621639	6.421729	6.287282	2.784065	6.637880	4.954374	6.076003	11.390990	4.851299	4.995710	7.009433	7.754565	7.853418	9.496115	7.875835	11.142943	11.164546	4.372423	2.782950	8.510009	8.314957	5.926405	5.328915	6.174237	2.904044	3.672646	4.781719	8.845662	10.680967	4.503210	5.374146	9.319288	8.786935	10.716924	4.853687	10.323216	6.359456	9.962808	8.249294	4.415589	3.217602	5.208147	8.961629	10.871688	3.471839	3.534201	8.248291	11.383389
3.035202	7.269265	8.789679	2.722206	9.625809	8.308419	8.228545	5.945946	4.609721	6.966686	2.869788	11.394693	9.557017	9.626693	9.836934	11.299579	8.365815	7.720945	6.912741	6.361414	8.386836	9.158020	7.713845	4.726550	0.000000	9.955133	8.877573	4.692771	8.268538	9.704377	6.634552	6.290077	11.003912	8.991438	4.080359	4.079917	8.081602	6.269032	3.937059	4.322564	4.414058	7.038670	2.372730	7.712448	7.629636	6.726553	8.964073	4.419922	3.299172	7.473526	8.955479	10.433256	8.398242	6.913116	5.760432	9.401502	10.900077	6.823032	7.419111	5.640144	5.074307	7.447560	3.183909	9.372773	8.504051	9.991406	8.824304	2.360673	7.089332	9.627852	10.451968	5.299211	3.502966	5.943679	10.852560	9.166997	7.392030	2.328224	7.669679	4.715266	3.185827	7.139109	5.740256	11.458615	10.146512	6.179788	5.848474	3.698882	9.440632	4.117514	6.648676	2.337117	2.796771	3.105811	6.971099	10.625328	8.427697	3.660201	4.880581	3.682941	4.460322	7.927106	8.497268	9.127898	7.727736	7.932900	10.126044	8.317812	5.307623	9.630372	11.594738	5.346726	8.049715	4.406801	7.791103	5.365505	11.425639	9.799888	11.395445	11.137793	2.774984	8.510600	9.109789	4.693023	3.455800	4.157210	10.195134	8.215047	9.536082	7.849812	10.764851	2.885336	6.804827	7.926786	3.848373	9.416303	9.190568	8.588846	2.683837	10.047151	3.908001	8.457422	7.624663	7.248697	2.918065	11.373832	2.967718	7.982052	4.992527	9.566572	5.300454	9.871729	8.352023	5.192721	6.022471	9.154541	2.876277	11.344302	6.809693	5.763127	10.773566	7.181821	3.410638	3.623160	11.595304	3.822867	2.429378	11.561266	10.528305	6.315138	8.353379	10.957586	10.068418	5.222262	9.898915	5.582775	7.156594	3.144539	4.316438	6.588321	5.513112	7.284667	6.849523	5.778220	6.947335	8.032388	10.953654	5.149556	8.215338	4.594252	7.788040	3.958838	4.786938	9.158176	2.781431	8.348939	8.501675	4.438375	11.562039	5.271523	9.261002	5.178392
8.918798	3.137123	11.350251	9.683485	4.620294	4.696634	5.073943	3.506005	6.124060	3.085136	4.757049	5.899573	10.098603	6.733241	3.908565	9.028566	8.784357	9.861408	8.325134	7.035238	10.647684	4.234424	8.414666	4.219146	7.526677	0.000000	6.406331	2.851297	10.286630	9.733472	9.949474	8.494776	6.064681	6.313657	5.195765	7.529505	6.997763	6.787204	9.166636	9.385794	4.552086	8.788444	2.518795	9.492729	11.408040	11.349375	11.088873	2.984846	2.551006	3.849133	4.457945	10.693747	7.628244	2.828901	3.357746	3.325756	6.139439	9.674756	10.858865	10.980612	3.739533	8.666031	5.895611	3.180875	2.950682	4.820025	5.597742	7.353862	4.975283	9.313086	3.311392	8.590750	6.138710	8.511489	8.237625	5.275154	8.295585	11.246237	7.776566	2.577035	3.882406	4.543094	5.139918	3.572345	7.795376	5.583796	9.673862	7.125718	8.478853	6.159967	9.727897	2.749213	8.650433	9.140869	11.553031	2.337193	6.997425	7.380885	6.121031	9.246789	7.203872	9.036846	9.573555	9.494172	3.910358	10.943501	9.962227	11.093119	9.262402	5.705925	10.054042	4.087823	2.556649	11.161923	10.429987	10.899969	4.027057	8.267307	9.897801	3.005739	9.040357	9.060844	3.469696	8.987812	11.115366	9.782744	9.098172	8.070552	7.129227	7.643647	7.559681	2.827654	11.442067	3.797340	10.847950	3.849775	11.179960	3.367853	8.740270	10.662873	4.480878	7.474178	10.125195	7.203620	6.840209	5.934916	6.491496	6.542398	4.297202	3.900125	9.388006	3.333261	11.366481	8.363068	4.052582	4.298343	11.257805	10.894145	4.335641	5.531007	11.253342	5.755446	5.412499	3.447548	2.976248	7.144678	8.430678	8.909978	8.927475	11.057885	10.141266	8.963784	3.855318	2.403669	10.039799	9.020442	5.650710	9.675688	4.944148	3.674950	8.976255	9.803957	5.396198	3.038015	10.633448	8.562319	10.284358	3.147989	5.940553	4.396893	6.058690	10.316226	10.727658	2.621306	6.710505	8.620407	8.286529	5.489802	11.114864	8.618317	8.168484	8.687680
8.090062	11.254997	8.790589	4.498813	4.112534	6.689161	3.885331	7.385360	4.799015	6.397850	7.396286	4.820051	5.049206	9.884235	10.814422	6.560211	10.353050	6.493457	5.762513	10.364276	3.017045	7.817060	4.253827	4.779853	10.403288	9.142475	0.000000	4.494482	3.613422	10.877241	7.920537	5.765790	2.810509	7.869335	6.930539	5.075440	5.918114	10.952889	5.395209	4.720500	10.969323	6.274958	10.082262	4.387958	11.382305	3.501318	6.690797	7.177481	11.368077	5.304478	6.870917	4.488663	9.308309	11.297360	3.655457	5.964776	7.235716	4.499923	8.575196	9.169043	9.476120	5.058399	10.234458	2.618614	5.906012	4.700006	10.490853	4.341996	7.616255	3.813655	8.906912	4.061471	3.153882	8.875845	8.115911	10.662949	8.102125	3.514521	8.721371	9.223231	6.781690	4.419164	6.392737	10.801063	8.046793	7.869431	10.421934	2.490451	4.432458	3.092926	8.919475	11.067178	2.620515	4.831016	9.215842	6.730692	6.432791	4.180719	10.032079	5.903119	3.551465	5.294615	9.455435	11.093018	9.565507	6.140287	3.698412	11.293022	7.864780	6.032085	8.316677	2.402157	9.193031	2.460923	7.220169	5.908911	4.625850	2.464049	3.409746	4.644328	8.529986	9.275907	3.100391	3.166521	5.686985	9.183483	10.325820	3.031557	7.600633	2.430094	3.154608	11.360140	8.925370	6.842452	9.523283	6.831136	10.205835	5.414528	5.769915	8.250327	11.529380	7.207777	8.526142	8.114556	8.918637	9.064422	10.224903	6.988655	10.325726	11.588792	7.713857	3.065121	4.962543	6.607001	10.058670	6.116713	6.544148	10.224361	8.688318	2.417308	10.748137	6.575675	3.805132	2.987764	10.834179	8.392657	8.626714	5.188431	6.574609	4.961695	8.784134	3.496795	10.067100	4.989918	4.718568	10.864500	6.268555	7.327237	9.086068	11.305092	8.261172	4.802691	6.493395	7.302736	3.132086	11.156759	5.908229	7.878843	8.709881	3.237143	4.713106	2.760209	3.854869	6.721743	7.447693	5.643532	8.671219	5.477644	10.668319	10.123770	3.915128	2.788093
8.893062	6.753072	10.263314	8.172765	10.948211	3.857940	8.665524	9.910084	9.771996	11.032860	3.128271	4.771592	6.137266	10.476200	7.434343	3.605973	4.712259	2.769817	11.492434	3.949094	10.250398	8.776409	4.057940	7.470991	10.342592	8.930073	6.850727	0.000000	3.950195	6.028338	3.011817	11.521450	11.073962	8.103048	4.948959	9.132052	3.772236	7.097128	11.455968	5.259645	3.934250	8.813982	4.738429	8.076940	7.488576	9.881040	6.485377	5.575947	9.048439	7.710893	11.289611	3.205909	6.459382	8.441298	9.099815	10.875455	9.996440	2.606622	6.880039	7.668854	7.887766	11.068789	9.954297	6.859378	4.560202	2.321809	2.600508	2.596742	5.590356	8.371630	8.300335	4.604533	6.419148	7.109536	3.347000	8.759909	3.595681	5.748170	9.447924	10.144095	2.660481	7.520600	5.310899	7.025542	11.338469	3.043892	4.877795	5.044283	3.454159	5.997221	8.287438	4.426918	2.725343	5.276901	6.609952	2.486404	8.805227	10.130564	10.862029	5.808783	4.632908	4.474549	11.071715	10.537388	7.281416	3.103324	7.880763	4.848366	8.357381	4.545101	2.759054	9.366146	10.188499	7.004595	10.399867	3.400673	3.908823	8.093948	4.919107	6.907429	10.530766	4.913922	4.537493	4.381678	6.013608	4.479029	4.465811	3.261069	5.325722	3.854967	8.900227	5.840711	5.195738	7.239306	2.858554	9.249312	10.331647	3.873413	3.866301	5.352568	3.798992	10.067604	6.606306	9.455795	4.874816	4.851994	8.250563	3.667753	9.318604	4.439813	5.701641	11.041133	8.290369	2.692848	7.529434	9.190796	7.099517	6.015026	2.700160	3.113063	10.208123	7.704155	9.853936	4.371059	2.818961	4.778700	10.111071	10.681213	3.986806	6.222546	6.829593	10.291865	11.053827	9.146717	5.685412	4.347934	6.687412	8.584154	8.265923	10.728836	5.311948	11.405274	5.776668	9.821143	7.483075	4.898236	6.958655	8.095488	11.508399	7.476736	2.594859	9.600308	3.300620	10.432015	10.639907	5.158205	4.817105	3.572048	3.683142	5.175936	7.461319	2.422913
6.000525	4.049055	4.526494	6.466543	7.306165	6.844934	6.889935	3.600857	2.387460	6.591777	9.430807	8.297107	3.187920	6.803516	9.816710	3.180379	4.194800	3.528536	5.673236	11.178815	3.559753	3.686835	2.510125	8.648294	8.127659	8.611849	11.019407	7.330778	0.000000	4.381387	4.117091	8.666862	5.436420	7.731519	8.840011	10.070549	2.992625	10.524945	9.909913	7.201362	7.436544	7.209566	9.381651	4.380776	7.360120	10.838488	5.111427	6.558713	10.930018	5.143990	2.564894	8.498665	6.534297	2.430415	7.860953	5.610671	7.983326	5.411767	11.292683	6.564368	6.743001	7.387526	8.445258	4.650515	5.201288	9.015613	4.487771	7.112349	11.292577	6.262120	10.396554	3.627616	10.355526	4.663220	6.430606	6.837626	3.040786	4.850973	5.766948	8.619433	7.967149	10.956298	9.663056	2.352632	11.486241	2.668517	3.225542	2.670837	10.090166	5.300477	5.728307	4.609686	10.815266	11.184958	9.413153	9.337809	5.047151	10.285027	11.325573	9.947210	9.912205	7.312596	10.356637	6.358381	5.343139	10.862165	3.898509	3.624436	10.332862	10.359948	9.096403	3.150992	3.092769	4.485809	5.927889	4.498674	2.501590	9.234327	11.363052	3.175680	7.810300	6.917736	3.694070	9.705657	7.194167	6.034630	5.917284	9.342073	10.547093	8.104508	11.481243	4.028729	3.410411	10.711560	9.912349	11.334237	6.926293	10.282142	9.286236	6.439232	2.878207	11.294758	7.425465	2.770252	4.659005	2.441763	8.919876	3.739883	6.814989	3.360274	3.855158	3.308819	6.752587	3.680252	10.785826	7.479605	10.031589	5.645010	10.937042	7.206053	6.806879	7.468597	9.315106	5.362597	7.471407	5.921818	10.922386	7.517180	3.599884	10.910326	10.980043	7.517314	6.299280	2.991231	11.368068	6.831261	5.315368	3.446164	5.788671	7.623577	6.356942	10.054813	2.496838	10.532552	7.202394	3.712215	7.853068	2.681342	7.937695	5.317671	10.556730	6.267644	8.604289	10.528265	7.068581	6.840932	7.701333	2.492396	2.783370	8.629622	10.335488	3.141086
5.272042	4.513565	4.999498	6.491196	6.348800	3.311236	4.302741	9.079940	10.137748	10.228582	7.651396	10.390690	6.175499	5.796252	8.602978	5.176485	3.783653	5.187763	5.663728	3.479100	5.748784	8.001827	4.772502	5.903320	8.780751	4.728077	7.189470	4.966655	6.108674	0.000000	3.389909	8.698911	11.392108	9.297995	10.355988	11.196710	3.042936	11.512282	3.104716	2.384718	11.055981	2.629990	8.827197	4.916770	7.417785	10.648960	7.512452	10.810958	7.448264	9.707687	10.119500	8.741910	7.731895	7.119778	6.479523	5.168750	5.355847	4.499253	9.495519	5.850010	3.254973	4.910662	11.293490	5.312869	5.996130	5.521995	10.393109	5.134681	9.583049	10.652738	8.758477	7.479811	7.296919	3.212530	2.536845	4.000643	6.886598	3.398305	9.190938	8.771639	7.498804	8.544063	9.764457	11.154285	2.949550	6.832414	8.718366	11.063336	10.146950	2.922711	8.184095	2.658748	8.227304	10.316089	8.553296	5.112184	10.156205	2.890361	6.069664	8.072453	6.170827	6.838085	5.626282	4.653290	6.911989	7.446893	10.216143	6.796176	10.230058	6.700783	8.782629	6.452680	11.528443	3.291856	5.603989	7.082492	4.918453	9.352087	10.187509	5.226040	8.520673	3.801231	10.119710	9.615537	8.007296	8.383151	8.654969	11.120468	3.903697	8.978351	3.540443	9.203348	3.592328	7.057850	6.672220	7.237271	2.586219	5.877865	4.619270	7.644255	9.835313	11.598211	6.862048	3.771854	10.781171	7.463557	7.654710	7.536451	8.989741	5.216228	10.654437	9.738247	10.291285	4.336304	10.536553	6.019110	2.871558	10.215817	8.165248	11.027250	10.777362	5.259038	6.681658	4.397365	7.293049	5.192609	5.874810	2.717132	11.118948	8.562443	9.151710	4.182707	5.460926	6.188891	8.856073	8.674015	6.572909	6.973015	4.224073	11.399832	8.599522	8.053724	2.528566	2.400398	4.326328	7.513598	7.354456	7.420987	9.364779	4.070746	3.559223	3.699847	6.001868	7.624981	6.100050	9.211911	4.750865	9.145902	6.938767	3.747668	11.503376	8.765966
6.064323	10.538664	10.131883	5.844997	8.308568	6.251820	5.137742	9.975721	5.038467	4.358637	10.247431	7.911193	8.059648	8.576148	6.825727	3.595476	11.268849	9.219949	9.902329	7.746543	11.509239	2.821223	7.877980	7.085470	7.437495	3.716446	6.210282	5.408965	7.356695	3.382001	0.000000	8.082393	10.716796	7.418433	11.293930	4.239236	3.726502	3.521026	4.923873	9.709904	9.673083	9.761830	8.157709	10.608620	3.900584	9.603371	5.906662	4.674695	8.549359	7.650802	7.958315	11.460345	8.499217	8.655499	8.361538	11.515261	4.784835	10.587695	6.254632	7.124638	5.950267	10.982806	7.983433	6.541807	6.636368	4.249075	6.271676	10.414327	5.864782	7.635779	6.533406	10.553512	8.316046	5.045353	3.912345	4.578270	10.243304	9.838059	3.145996	2.587036	8.898484	8.766685	9.200278	6.250249	9.863939	5.444150	2.367305	6.388290	4.878099	10.583189	6.033434	9.637051	2.565352	6.553927	7.013680	10.936808	4.637928	5.154982	8.549974	4.474074	10.726086	8.862697	8.831460	7.858165	10.477975	6.375608	2.421761	5.126681	10.374405	7.091217	8.013126	4.628120	11.358543	10.949682	10.928384	8.528890	6.391386	3.995061	6.172602	2.972838	6.575973	6.949106	10.548833	10.086922	3.662466	5.661893	9.428354	10.397276	8.846148	4.448663	5.614608	2.902503	9.507701	5.181627	2.893765	11.528200	10.022444	10.212462	2.451225	10.312777	7.785261	8.691842	5.670095	7.413838	2.773987	5.590450	5.599419	11.493858	11.298767	3.506896	10.977495	9.288252	9.387567	5.370654	6.557932	3.083062	6.221078	10.584078	4.908396	8.632839	10.962204	3.851907	4.700556	8.598915	6.490434	7.350648	10.183420	5.071546	3.013305	8.968737	3.400501	3.770197	9.390726	3.558899	7.173680	6.338514	3.626370	10.515338	8.074989	3.674379	3.700635	11.111068	7.352166	2.805098	11.000565	9.746268	8.114858	5.000984	6.197841	11.123066	10.403096	3.073827	7.188166	8.482200	5.003436	2.557630	11.580694	7.548500	8.747557	9.525211	10.883500	3.949649
3.421073	3.551206	9.097200	5.279552	8.340316	8.995560	10.566051	3.654634	8.036515	4.898346	4.600639	5.333639	10.747687	8.017300	5.835224	4.043337	8.826709	10.882639	9.302318	2.327032	4.591601	10.502537	6.397559	7.755172	4.343774	11.269506	2.535614	7.004143	7.761300	9.519966	2.725625	0.000000	8.616011	8.152508	5.283331	7.078326	9.132602	9.566523	7.117587	3.438830	9.096080	10.703359	9.118917	3.193883	10.101073	3.661146	8.605442	7.387262	9.535596	6.875719	10.255472	4.288431	9.446461	3.036236	11.010919	2.495405	4.282899	9.870234	8.546568	7.083945	5.394664	9.305261	10.420956	11.013798	4.881207	7.608762	5.829952	5.889108	3.117722	3.249948	2.424776	6.462414	9.183624	7.115865	5.389714	6.711011	9.655130	3.533655	3.381220	10.133085	6.415741	6.591623	3.879636	2.996124	6.363000	6.469512	6.398480	10.176437	7.854989	4.156466	11.196353	10.417868	3.314482	5.584365	6.216842	8.369441	9.928984	9.241467	10.471076	2.360562	9.132017	3.848659	4.052898	4.180084	11.100995	10.986144	7.469177	10.907218	4.861188	4.576058	10.838755	2.714916	11.592180	7.383978	10.563476	7.367447	6.306213	4.889810	5.890418	6.331678	5.477588	5.718976	11.045977	4.969636	11.574913	10.195115	3.099452	4.291659	7.876903	7.976460	8.576684	6.907958	3.938151	8.214215	11.220541	8.000323	5.739082	3.891419	9.319787	9.577359	10.146355	10.693350	7.090725	7.115070	9.339594	8.539925	11.298858	6.915763	11.571578	2.337112	8.930739	3.998514	9.582762	3.653116	8.638470	3.661097	10.683152	10.592875	7.245024	10.329768	7.026568	6.811162	9.219027	5.176858	3.820268	11.061142	3.467460	3.713583	4.831720	6.318551	7.920362	8.457885	8.047974	3.409552	6.389115	5.572949	3.007458	11.573217	2.659627	6.785656	5.779014	9.553069	11.561738	5.950600	3.174621	4.324922	4.662527	9.352795	6.435547	9.808146	6.798569	6.466337	9.196395	5.391934	6.650774	5.284576	9.659186	5.598791	3.453607	6.800396	7.388577	8.788829
10.048001	10.701177	9.577117	10.282776	8.455330	5.542421	6.059872	2.740191	4.883172	4.599536	2.953890	2.880862	4.258960	4.406549	6.269688	9.417170	10.914359	9.111527	3.185750	4.327709	9.923125	9.769141	8.620423	7.226213	9.353440	3.025737	10.564420	8.033371	9.650212	7.057341	7.323507	3.096328	0.000000	4.928346	8.487378	7.891977	5.961374	5.794142	4.714589	3.517384	3.011953	3.479695	4.364736	3.756767	3.372532	6.700269	10.534351	6.697796	11.536077	8.876477	3.005009	11.425990	10.125857	3.871236	3.688406	3.350017	8.646627	2.543843	10.876460	10.397682	10.303227	7.613739	4.361750	9.568642	3.297066	10.233760	6.715490	3.487748	6.839775	8.202062	8.628952	9.488824	6.145310	9.364828	2.769314	8.376702	4.811895	4.834196	7.483592	5.106714	9.955845	6.264153	8.536649	4.135871	7.578191	2.869742	7.797828	7.082166	3.200448	4.560105	6.196294	8.678511	2.676582	3.473935	9.138782	10.203420	6.135659	5.624274	8.968396	10.672749	6.157365	5.616257	9.027643	8.125570	4.359531	9.006042	7.487961	7.910026	5.220948	7.241434	8.797497	8.453196	3.177890	5.795513	7.921070	11.292029	10.272656	6.146511	4.941361	10.831992	8.529576	2.437354	9.391239	8.560124	2.400221	8.866864	5.331724	4.602717	5.138093	10.334701	6.103472	4.231641	10.497811	5.175066	11.396338	9.461360	2.600650	10.057604	11.328064	6.931976	11.506924	5.090217	9.749084	8.948547	10.696433	7.620893	7.263328	8.744889	8.133553	9.007635	9.117393	9.124824	3.987674	9.177073	10.713537	6.675302	2.983966	3.937573	9.984767	7.638127	2.831445	6.972013	10.763177	7.095115	11.261848	10.755078	10.413345	10.072826	5.977609	5.285597	5.800803	10.731895	5.302130	11.292766	4.333712	9.519961	9.782109	7.742871	10.229089	8.842674	8.907363	5.796488	11.541894	11.043215	9.371405	10.382245	5.298043	8.910640	7.295069	9.025796	8.674534	7.822534	7.813117	8.637754	4.135570	8.439580	4.365068	2.440697	10.692716	10.776476	6.442093	4.588847
10.244890	8.170488	3.686678	5.559327	6.032477	8.435657	4.516617	11.066238	8.167466	9.412627	7.449172	5.471757	9.084119	3.989862	2.962628	10.216631	5.010946	7.955753	8.989553	8.892262	2.518027	10.403462	8.462476	3.853564	10.933641	9.976292	10.746582	8.769653	4.775903	7.265304	10.161748	5.321279	8.574874	0.000000	6.494394	8.070670	7.644337	6.419450	5.449870	10.133606	5.911515	7.786345	5.596408	9.951672	8.054467	5.303546	9.768558	7.149647	4.397929	7.097017	5.008778	2.510829	9.253260	9.649457	3.814618	8.667414	7.204789	11.472044	5.611618	3.212447	5.414038	4.149548	3.067270	8.293508	7.985715	8.049829	10.187941	10.380437	5.705268	3.505405	4.545261	8.272520	6.393809	9.748616	7.906888	7.949101	11.397037	2.586015	2.820162	3.410965	4.371246	3.184938	6.714485	3.660241	8.731413	3.125671	9.604127	10.409448	7.313230	9.896096	9.490746	9.551445	2.520284	10.827538	11.557524	11.532251	7.099744	9.713813	7.409830	11.172313	8.802497	10.118354	6.958039	7.150665	4.110039	9.629843	9.770663	2.436978	9.573361	7.075673	3.768012	3.122541	5.702002	6.345698	7.347839	2.686583	3.447451	5.993141	5.903857	6.334368	7.416868	10.140289	10.019424	9.375488	10.467124	10.916563	9.969065	3.385725	10.916884	10.008007	5.103685	2.549154	8.913326	9.886815	2.589271	11.521102	11.183891	7.086520	6.065643	7.594474	9.482889	10.799613	6.699280	7.344482	11.550108	2.591048	4.774915	9.930499	3.040154	5.631795	10.848182	9.297506	10.144450	6.734683	7.185120	9.732465	6.656225	7.567336	7.957235	5.022712	10.883724	8.781872	8.775208	3.770464	3.569282	2.871297	4.985893	8.267130	5.422259	3.106998	3.040521	9.087498	6.296452	8.825889	3.493422	5.120944	3.132758	2.392727	10.616704	4.936475	4.305186	10.599844	8.820007	7.259702	9.395127	7.747208	8.340807	11.121774	2.714944	11.040982	11.471052	6.762128	9.192333	7.743489	6.389820	2.763444	11.181561	8.335248	6.435669	8.158605	3.956025	8.675271
8.257731	4.992413	7.546680	5.572388	10.766405	4.251257	8.243975	2.722182	5.093272	8.936730	6.267501	3.595583	2.476588	2.567009	9.924902	5.689417	5.009426	6.493549	4.535024	5.065562	10.837132	8.156358	3.841527	11.158347	7.104455	2.613104	7.985776	2.950554	9.559139	6.572490	8.963724	5.176478	3.705630	5.780702	0.000000	6.777739	2.822926	10.526813	3.615764	6.437221	4.583241	2.327888	7.751106	8.878306	3.021507	9.011106	3.321350	4.196399	5.134719	5.447334	9.186613	11.346041	10.547079	10.013881	11.077403	3.740218	3.401026	9.901424	6.975919	5.883410	11.487335	8.668613	3.415492	8.390816	10.200305	8.071196	7.518812	10.000861	5.172662	2.439763	8.660993	3.767357	2.931764	8.263318	3.696616	5.905905	8.052661	6.008157	9.381818	7.716702	10.217567	3.342672	9.854472	2.846678	5.112534	7.330851	4.968846	4.050846	9.989501	10.701558	10.288901	6.928157	3.538481	8.582755	6.691880	9.012606	5.881848	4.519722	9.339802	10.553419	5.987131	8.044481	4.222846	6.916687	6.830714	11.564185	5.661642	8.985227	8.737744	10.827070	11.448032	4.981089	2.368814	3.734469	7.272935	11.089570	9.792241	5.424592	3.595735	7.775907	9.964945	8.616142	7.212647	10.161720	4.477654	5.921360	11.324161	8.760288	7.387111	5.422961	7.613475	3.588464	11.201833	7.617986	10.485543	9.674039	10.270543	6.466372	10.644792	11.138690	4.084735	5.870817	10.396643	6.258401	5.660939	9.910388	3.978347	3.847825	11.270464	2.713674	8.454266	9.588879	10.359144	2.713727	6.200001	4.394765	10.324278	4.541671	5.985581	8.736478	6.835047	9.966268	3.169634	5.815210	4.962739	11.496129	3.310216	9.357105	4.682143	3.008069	10.312331	7.731684	9.990667	9.827847	8.872044	5.780872	9.274566	8.595816	7.943914	9.354548	2.461354	10.961224	3.746543	10.300251	6.705303	5.038777	5.026290	10.746171	11.271997	3.986842	7.985985	3.436529	10.288854	7.044644	3.123767	7.276489	5.781181	7.837295	3.367375	6.764676	4.206650	10.542325
10.337863	5.042274	6.415282	10.032087	6.002738	7.853589	11.560230	4.411049	8.216000	4.802427	9.008960	3.932095	5.546230	7.292834	4.667021	3.543273	10.552832	9.060225	3.031751	5.934951	4.625593	5.343650	5.620357	8.032915	5.518635	7.303485	3.890878	4.623784	7.623131	5.184045	8.171170	4.727872	9.144432	8.401223	7.467956	0.000000	6.774925	9.717391	9.242495	7.745382	8.980023	7.982884	7.879970	11.083114	2.789617	9.087443	7.686619	7.749466	7.632337	3.649143	9.450119	5.131417	11.443645	6.486752	10.701426	3.642343	4.833707	8.548209	3.601252	9.363710	8.037327	8.011551	6.682868	10.615121	6.930216	9.810943	9.707550	9.512418	10.865153	8.812030	4.829846	2.469040	2.590054	4.800628	5.871387	11.200887	9.176967	3.769551	5.450525	7.178927	8.838869	11.414429	8.955011	3.296070	2.364324	9.760692	9.626720	7.639551	5.959359	11.516434	7.666457	8.065411	3.437890	10.486357	6.251156	6.327274	5.227953	3.840520	11.165174	2.798582	8.888675	4.314940	4.970037	3.802252	7.542766	3.715091	9.223258	6.602974	4.102662	3.528283	5.182063	6.270223	6.299465	4.703835	4.169376	11.071937	5.950440	5.016935	10.763526	3.043470	8.714209	8.236254	3.714594	8.040815	7.118630	11.117921	11.308301	5.241624	11.512594	3.568461	8.145095	8.034290	7.328497	9.050779	4.168125	9.701733	4.407659	5.520079	8.037892	7.454944	10.261907	4.309205	7.864566	4.299341	3.695026	8.462727	10.403532	2.746715	6.544961	7.727768	4.864514	6.898308	8.854971	7.158754	10.594301	8.507722	9.864677	11.292459	5.163191	11.354443	7.655361	5.048695	2.550002	3.574816	5.501532	5.686279	4.232664	4.493177	11.099802	11.146053	3.082720	8.636360	9.032807	4.286472	10.092010	3.180817	10.206635	6.685504	4.640613	10.257444	10.993218	9.470897	6.684532	4.079503	10.960399	5.819353	11.122747	4.727923	10.757601	10.049847	8.545712	8.311333	4.314322	6.483497	5.222401	3.067094	9.622954	10.721216	9.708418	10.681680	11.321870	11.137488
10.845700	10.106204	7.238682	2.775707	4.773324	10.775317	11.334922	3.392919	9.097881	5.889448	2.614299	9.186711	11.312829	4.359300	7.610729	4.278121	10.734051	11.549585	8.142042	6.020481	8.687694	2.383561	11.353757	6.123727	4.041177	4.348165	11.072892	8.905905	11.123106	3.861252	3.638533	7.988745	6.820415	4.304017	2.323179	3.432366	0.000000	9.967056	7.543609	7.980123	4.787916	7.847282	2.403239	11.316660	11.591376	9.176894	10.663745	5.301863	7.582241	4.192227	8.063395	3.866947	7.747719	10.483043	3.991401	9.704140	5.813660	3.814545	10.215494	4.966463	4.769506	9.925890	6.109522	7.147050	3.546085	5.161034	9.313504	9.585712	8.756129	4.943963	5.665535	8.894971	7.278443	5.656727	5.056360	6.974713	6.619788	2.903124	8.375158	11.220528	4.088834	7.216581	2.367499	11.500463	5.434149	3.497123	8.660992	4.096124	5.966379	5.285920	9.928098	11.295351	10.602602	3.299436	2.763561	3.260052	4.683157	6.457085	6.567946	7.646678	11.590660	8.625781	9.669085	4.472622	5.484518	5.414220	2.498307	7.454983	6.221145	2.501249	9.388638	2.414124	9.099590	5.357241	3.018594	5.108297	8.995908	6.846088	9.482176	3.801734	5.580938	5.061934	4.816282	3.177159	3.078601	3.789918	3.665526	5.648250	5.176491	9.147623	11.044279	4.538623	4.504300	7.090138	2.490503	10.529586	4.368062	4.104663	5.972033	6.275366	11.597824	11.382807	6.291041	3.027631	8.063995	8.167111	9.110432	7.546292	10.449773	9.323359	2.979052	3.544745	2.727829	3.651291	10.839292	4.004587	3.553639	2.972300	6.047540	11.201283	3.325393	7.288789	10.934405	4.050929	10.404403	3.452571	8.511489	7.531088	10.267695	7.478980	7.434255	5.673170	3.050968	3.178848	10.190124	4.215062	8.585372	4.467540	6.295356	4.666024	8.156939	4.328439	7.322780	10.961474	9.578399	10.275734	5.434842	8.752805	2.659216	7.489518	4.014638	11.134544	10.484778	4.513132	9.490086	3.865649	6.094784	7.566053	8.146634	4.803761	6.275300	7.728219
5.214066	3.511864	10.164272	4.211295	10.693071	6.947395	2.721396	5.908746	10.598747	10.348644	10.326235	8.040331	5.831897	7.608095	6.739656	8.496194	3.692542	10.678801	6.270807	4.032795	5.890938	3.724382	7.020701	8.497900	9.541450	2.936698	9.600436	8.723086	10.391358	10.585418	6.749274	5.150559	4.052033	4.915705	5.558615	2.518093	10.301343	0.000000	8.255124	7.779959	9.747896	7.101038	2.914496	7.422498	10.211166	4.135310	11.492016	6.284884	6.160476	5.935064	8.254789	9.490582	4.639353	6.431280	9.918697	2.394555	5.834797	9.088882	3.823941	6.139185	9.624956	11.332570	9.326155	9.227212	8.901469	6.028277	11.195189	8.258783	10.701673	8.602388	2.773817	6.652485	4.512824	10.936422	9.379857	3.338283	9.942552	8.194837	9.365871	7.630506	8.208494	10.132981	5.059924	7.101157	5.047121	7.770377	4.075398	2.961375	2.884012	9.234290	3.448543	2.782391	7.500506	10.140331	3.803274	4.004882	6.468711	11.349536	5.067540	9.278523	2.458287	7.651024	9.613129	2.718736	6.719988	4.002433	8.298649	9.528681	3.476932	6.135821	10.100321	5.415067	9.623382	9.088417	3.584602	8.085265	6.587467	9.097652	3.322852	9.048760	6.034066	11.173705	10.559482	2.525671	4.439673	8.025612	8.772759	8.141064	4.390167	7.394381	6.561317	2.966937	5.898331	3.072921	5.098424	6.647596	3.336036	7.572602	5.548412	4.987421	8.095582	6.677219	2.561685	9.226960	6.715115	9.783900	8.726986	3.517416	8.119888	8.242324	8.240121	4.004785	4.086660	11.584370	9.825762	2.958325	3.256452	5.224189	5.413253	5.191985	4.052203	5.520803	8.870890	6.612275	10.625196	6.403691	9.563158	4.913404	5.165963	11.209588	2.800421	4.991897	2.500823	11.236943	4.274821	10.632354	6.704618	10.737832	4.612259	9.156188	11.111035	7.939831	4.420876	10.687706	10.495474	3.269681	10.655902	2.489969	7.215997	6.032969	8.422376	5.701470	5.764880	4.523769	8.293992	6.458873	8.157233	3.788344	3.583991	3.070501	3.275394	11.420748
11.022185	6.530333	6.945062	9.192987	7.336008	4.758727	3.509384	4.743906	9.738393	7.325834	6.397055	9.594078	5.562197	4.192858	10.460007	3.567425	10.825242	3.156690	2.848243	2.729307	2.704684	5.965054	5.001759	3.410963	5.379339	3.470285	3.199852	9.659451	10.814270	4.701677	9.849036	10.356444	2.728726	5.219567	5.910647	7.824624	9.205373	7.702990	0.000000	7.542141	11.425719	3.770633	5.094514	5.521711	4.517816	4.203694	7.406434	6.632378	9.830252	6.511970	9.240774	8.977802	3.371359	9.037053	3.242986	5.246804	4.295500	9.481192	11.214233	9.762017	9.093160	4.975495	11.260865	6.567290	6.621080	2.613416	3.909863	3.892706	7.382340	8.730769	5.038200	3.168778	8.577464	9.711848	3.961540	10.945176	7.221327	3.335438	10.736502	10.106220	8.310554	2.681802	5.707872	9.127534	5.769088	9.088777	11.281972	6.483554	7.095219	4.005867	9.310233	10.149850	8.547449	9.570515	10.963430	2.323214	3.327990	7.381966	2.773205	3.206250	6.316098	3.011322	2.886894	4.684180	2.447122	6.955984	6.754050	8.401883	8.657472	7.994802	7.078863	8.189024	5.054978	6.305591	10.903443	3.842021	11.478787	5.850398	10.605312	2.827483	6.551165	3.461427	4.655376	2.780437	4.447209	4.618724	8.470907	6.540535	7.706265	10.475283	8.894455	4.106789	9.867502	4.740877	9.638465	11.313056	8.935814	11.236444	9.324381	5.769441	6.763129	6.856399	8.183336	7.469941	7.852645	11.568289	11.287340	5.818360	4.510950	4.053547	10.911159	8.084597	9.007547	2.331285	6.196189	10.176321	5.809673	11.590769	6.407441	6.180853	3.968903	6.344121	7.137544	10.261437	6.114386	11.133609	2.569658	10.929911	6.474395	2.763153	5.657873	5.212437	2.654153	5.260508	3.900939	10.245551	6.592935	11.223177	4.878217	4.357983	3.758566	3.526975	5.724992	11.304956	4.049580	9.828656	5.865245	11.589860	5.385724	3.472520	7.783251	10.118339	11.230090	5.873381	4.213460	8.756941	3.160522	3.414885	5.382151	2.903006	4.026124	4.530593
4.507552	5.637742	4.000617	3.972441	7.016841	8.133252	11.348996	6.233749	8.493194	5.216574	9.918616	6.467718	8.760770	3.923075	8.832025	5.093352	3.943069	3.530948	9.941691	9.300888	3.885118	6.734143	10.181723	8.890504	7.745237	10.950771	6.774261	8.026703	8.480069	9.456896	10.107188	10.122160	8.620036	10.165833	9.562445	8.342471	8.717407	7.150707	8.585089	0.000000	8.416862	8.370615	8.145615	3.848465	4.373624	6.549593	9.186723	7.085123	2.903073	7.769682	6.928842	4.851325	6.720037	11.090808	8.155738	3.837981	8.411474	6.033710	3.553995	9.836824	8.233048	7.053981	3.268438	6.928416	3.590646	3.947012	4.567488	2.889228	10.306839	8.856125	2.780812	3.351110	3.522624	5.620468	4.374557	10.596149	4.336803	4.507534	2.775515	9.952643	2.909259	2.591735	3.789905	6.068142	9.843470	5.365369	3.318861	9.234461	8.523384	8.826403	10.261685	7.103900	2.858731	8.301219	11.439963	7.331151	9.118207	9.589214	9.315093	10.281276	3.762528	10.373629	6.721551	10.353353	8.088779	8.880142	2.563304	11.241340	7.653591	7.279115	4.609654	2.897615	4.527708	5.372275	9.960342	9.305338	7.985150	5.862515	5.089398	9.982734	6.269805	7.318360	9.843094	4.980222	3.704963	4.146811	3.168514	4.599382	2.429914	8.363108	8.280374	8.188368	2.437687	9.635854	9.617466	11.367451	5.583402	4.588809	4.256590	7.547912	11.205902	9.714476	2.731138	3.918642	5.784483	5.610878	4.516714	5.708602	10.771214	9.463220	9.254999	3.142615	11.141351	4.490033	2.732022	7.090486	11.175524	9.631840	6.640744	4.231644	8.824287	10.340938	8.681378	10.806806	5.299924	3.972978	5.824049	5.273140	3.580155	8.347891	6.142695	8.808948	2.733341	10.725652	8.171587	4.730374	10.642906	8.834030	9.766316	7.255988	6.088007	4.885589	10.888367	3.555172	9.482889	11.273213	10.913293	9.810539	6.100338	4.758989	7.076636	8.172085	6.915272	5.571474	2.806302	5.841064	5.314041	4.185743	4.382460	4.728451	10.103017	8.195328
8.396240	4.211346	11.070075	9.032930	10.261436	10.233516	3.580838	11.332458	9.129793	8.771958	7.780512	5.548067	8.016702	8.635074	8.235656	7.040663	6.160872	5.042129	5.367305	3.932399	4.622221	8.453570	5.378898	2.586366	4.569230	6.321619	9.747241	4.222015	10.328824	6.463667	10.757404	7.256142	7.485245	10.310547	2.907697	9.879362	3.105985	4.072086	9.134579	11.462173	0.000000	4.931271	4.606015	5.497241	8.905033	10.523515	2.367047	7.713937	8.394777	5.385632	4.145225	3.840742	7.134766	8.916778	8.617833	9.418022	9.842871	8.030869	10.996179	2.464176	10.474023	3.090091	11.202129	2.635191	10.433035	10.843225	4.370304	8.458642	9.145868	10.091910	3.012042	4.805031	5.083505	6.172003	5.783830	7.867329	6.656209	5.926416	11.455535	2.981223	6.061817	11.565585	4.150836	9.725533	11.467818	2.554573	5.590661	11.408795	7.777256	3.120094	4.001073	8.344839	10.404081	3.737489	4.585748	11.211565	10.666981	4.137805	9.287853	11.319390	3.765110	9.171749	4.336552	9.033078	8.993255	2.817460	6.092295	8.792270	8.200109	6.666163	3.510508	11.165983	7.350110	8.195652	2.369534	8.629241	10.039030	4.766708	9.058237	9.303821	7.544836	3.259705	7.788307	5.102897	9.767491	6.806136	9.376005	9.731153	9.161769	5.008274	9.509838	10.154074	3.908629	3.950163	4.436810	5.173171	11.266626	5.873881	7.330638	7.800679	5.816595	10.250039	5.132504	8.522878	7.515718	5.327697	11.368083	7.120579	9.649230	11.422906	6.437295	6.921747	8.983775	4.965405	2.955724	2.829163	6.756349	9.479246	2.376894	6.210802	2.590233	2.653463	10.764785	10.302108	11.389261	2.509585	2.399802	3.816324	9.089307	4.354079	10.042197	11.568001	6.247548	6.689907	10.848441	11.367606	2.468115	4.611123	11.244274	9.556525	10.671510	3.269946	4.608635	3.954609	2.483126	5.950851	9.665839	10.189689	3.209139	4.982422	4.412781	7.015810	2.829422	5.741078	10.956509	3.698317	10.097206	3.279253	2.970161	3.424331	9.001428	9.304686
9.029377	8.148559	8.199908	5.751735	7.635890	9.155321	8.283496	8.635593	5.353658	6.714852	6.484597	10.116034	5.037994	6.535656	5.054902	6.580740	4.036174	11.110501	10.645632	6.607740	6.985465	3.560945	7.950632	7.699483	7.398121	3.200865	5.981995	4.458679	7.558007	3.111544	10.082209	10.442900	9.111885	10.169645	6.944083	7.727777	5.001962	2.900915	10.045461	5.070525	4.451500	0.000000	10.497924	8.121982	10.038344	8.867666	5.051207	8.626678	9.029434	8.364669	8.996753	2.553729	11.579128	6.235276	3.359209	9.459006	4.165389	4.605617	10.054525	8.593694	4.946292	8.875036	10.693420	10.620965	8.935790	10.469056	4.513852	3.257323	10.402301	4.473263	10.879840	4.193925	2.359526	8.977250	7.145214	7.188602	9.707645	2.591390	9.322945	2.796788	5.336951	9.673966	6.231640	7.071024	6.536379	9.406004	6.573399	7.681185	4.105340	9.468251	11.280869	9.796231	10.756693	4.074280	8.293845	9.107531	10.412407	10.076542	8.967929	3.544757	3.803173	4.697592	5.704996	6.675944	11.440537	3.340079	9.114515	5.677773	10.106483	4.881294	9.068714	11.074518	10.338587	5.682495	6.231173	3.602286	3.981092	7.043234	7.081742	4.782531	2.560806	5.143382	5.497183	6.066485	5.935945	9.204251	5.609720	8.257789	10.815555	6.538911	8.183070	5.166881	7.569044	6.842132	10.321416	7.012131	11.591128	5.459187	2.938390	8.553601	3.039742	5.231445	9.029717	10.065526	6.818916	4.378218	5.291651	11.277364	8.114332	3.591257	3.700601	9.033765	5.620723	3.310611	10.488730	3.362741	6.236062	4.063528	3.236356	3.951141	3.470508	8.483653	2.707658	4.371421	7.180741	11.285194	7.979088	5.803584	11.351923	3.851535	8.958875	7.115450	5.154380	9.781831	7.337284	4.249059	4.324432	6.087919	2.386874	2.432180	7.526673	11.502026	8.048295	5.177936	5.951010	4.607214	8.723611	5.321099	3.081307	5.736222	3.402676	4.029526	9.894287	2.718495	8.848585	11.549626	2.342903	7.388273	5.713484	3.422833	9.311573	10.309168
3.781521	8.781299	4.454736	11.354061	5.468896	11.178280	4.121832	9.830423	10.916996	2.565993	8.715529	10.887348	2.589942	9.770910	5.467469	9.791251	3.722372	5.627705	9.002757	2.947020	3.042644	3.345091	5.176679	4.139940	2.428634	6.786358	3.231748	5.945836	9.141058	11.427489	8.077400	10.881463	5.378175	11.549180	10.464956	4.140820	6.094777	6.269970	3.112181	8.113831	8.782569	4.186063	0.000000	9.029119	2.625539	2.413870	3.790218	9.241004	3.510122	11.025121	7.776682	3.130544	9.129868	8.167522	2.474168	9.147604	6.035776	2.539521	9.611306	4.526468	4.796463	10.544418	9.106032	7.749053	9.973031	4.911784	4.165186	8.619810	8.938082	3.904540	8.064442	5.204868	6.298239	5.644009	10.279791	6.390026	9.807818	4.567025	6.411912	10.419853	9.150433	2.944011	5.138266	2.764995	7.744879	10.027260	11.412234	7.278604	7.702830	6.116985	7.429553	9.981441	8.050842	4.746431	5.008646	9.918623	6.948355	11.535377	2.330570	4.338001	8.110527	9.556673	2.434500	9.346680	8.118936	6.320555	7.646927	9.168114	7.424689	3.439636	7.200733	3.983478	5.717580	3.005078	4.070800	2.855901	4.896740	11.413830	6.233058	9.374398	9.497340	9.154725	5.091991	4.196968	9.593430	3.454755	3.981662	8.004615	8.230898	5.213601	2.775735	4.319044	9.692921	5.613983	11.595725	10.003873	5.931711	4.684725	4.979479	8.831991	11.444709	11.057284	11.397100	6.084133	8.408756	5.278284	2.523761	3.120982	9.163669	10.681776	7.834284	4.169242	11.517873	8.793375	5.617360	6.163849	6.396117	4.892811	8.922638	6.590424	6.972023	11.009617	7.166920	7.639128	4.364127	10.573756	4.686279	9.529638	6.526204	4.084767	11.183362	3.984105	3.862710	10.350204	10.122626	3.349123	6.788463	8.140267	5.375936	9.164734	9.748330	9.856966	11.101241	8.645610	8.312955	9.517543	3.799757	5.594241	10.861912	9.978302	9.428294	4.627311	4.995484	7.073183	8.759083	10.528834	9.023523	5.090491	8.818219	6.928968	9.784859	3.442984
3.438312	5.021959	7.779611	10.778090	7.074641	6.223383	10.253629	8.566163	3.551439	6.705381	3.003009	8.457925	3.546188	5.160005	9.235398	3.638563	10.005405	8.905555	3.904323	10.765451	4.803008	2.605155	6.143015	5.153323	3.701589	9.319996	6.674880	10.733738	9.004041	11.007079	3.388275	10.426263	6.639035	2.746242	8.647338	2.664691	9.333548	6.910613	3.666909	5.472422	11.016295	4.773646	4.726101	0.000000	2.399491	5.736597	6.022973	10.491769	11.247021	5.338992	8.504832	9.554063	4.270330	11.398000	6.265482	10.083899	9.973485	11.332211	3.481201	9.857815	4.601406	4.467158	4.571196	3.249506	7.288610	2.607989	7.104007	8.629006	9.559714	4.397340	10.373219	10.669148	10.196826	10.516250	6.252483	9.295579	10.642831	7.239776	6.691341	5.558799	4.894672	9.906053	3.742889	9.781568	8.484442	6.286034	6.364765	4.109119	4.216982	8.652993	4.630221	11.492155	6.334827	7.948949	2.347610	5.982050	11.534767	4.266523	8.655358	7.256533	3.604704	9.698975	5.276156	2.933405	5.450770	4.257813	4.061710	7.372228	8.005726	5.704539	7.016961	3.674873	3.039084	9.801489	11.595619	6.424624	8.265476	4.053361	4.567182	5.312150	8.963029	7.843605	8.824042	4.259040	2.616305	7.973684	4.814112	9.000897	4.508722	5.635232	10.643551	6.934780	7.315269	11.154420	4.666571	11.351286	7.572691	10.493063	4.085567	10.866302	5.024252	3.152786	4.029807	6.301496	2.340365	3.727802	10.280753	8.683518	3.319386	7.794256	2.901573	6.353313	4.099359	3.169039	11.228084	6.831594	5.225312	5.961203	5.397584	4.422662	11.368592	3.194522	7.887899	10.123338	5.540285	5.910053	5.805477	4.872106	10.920568	6.821645	3.485216	3.287609	2.816323	2.535483	2.859922	8.876761	4.431056	8.728919	2.503212	8.092822	8.694179	5.205707	10.300241	7.928987	9.911706	3.319402	4.102431	9.530556	7.270516	10.368613	7.619658	9.173063	6.687041	7.252781	4.913574	4.934648	5.454265	7.580435	4.281538	6.418086	9.750821	9.575053
10.700032	5.076106	10.601504	5.955849	5.167545	6.145499	6.088945	4.502077	6.291636	2.774415	4.408365	10.273654	3.092200	5.484482	11.101589	6.350434	9.817705	3.308675	8.381759	2.871209	8.436113	8.960799	8.052534	3.067177	4.924684	7.942649	7.448253	2.883910	9.198482	3.822592	3.080601	8.474249	9.354862	8.011314	3.185715	5.805962	11.576866	2.526703	10.603331	5.211902	3.263800	5.227108	8.395350	11.527461	0.000000	10.712207	10.548037	8.319733	6.310156	11.586282	9.862669	11.247096	4.280942	10.142233	2.435487	7.313870	8.692868	6.544040	6.509334	10.875543	5.854045	9.990812	11.239396	10.689760	7.279228	3.419765	2.528393	7.231132	8.226316	5.341001	5.584042	4.519610	7.219867	7.106197	7.206226	10.075372	6.907119	11.278162	4.975114	7.131930	8.931670	5.067270	7.747913	11.213685	9.107007	2.342918	8.369631	6.912875	11.258196	5.234383	4.946069	7.802831	6.842439	7.425247	5.984151	8.635340	6.817776	5.195605	3.224375	10.025686	7.488344	4.357447	9.038596	8.123225	7.443872	6.208315	5.005692	6.954457	3.601394	10.694835	9.854850	2.517684	7.993211	3.240499	8.917610	3.591149	9.477332	9.850646	6.477966	10.508099	6.236810	3.628451	5.954459	7.871332	3.702094	6.349661	2.356242	9.132991	6.606204	4.930073	9.882484	9.889199	10.760006	10.344210	8.564870	6.993756	3.977365	9.492494	2.366421	2.461910	5.412846	9.591873	9.989025	6.176745	8.389780	7.398856	10.369924	5.936645	11.577683	5.358470	8.476031	6.445804	5.952320	6.292707	8.042299	3.021526	8.002556	9.345182	8.252286	7.584562	4.056691	9.814091	10.027766	4.550479	7.713150	10.972749	5.951626	2.616317	2.899816	6.461391	3.234283	6.030327	5.436451	7.492630	6.934319	3.658625	11.424465	3.586781	4.914800	6.450068	7.897598	3.148664	10.382447	5.978973	11.486899	3.165907	4.024208	9.900145	8.503203	5.045346	9.317101	3.408573	3.357384	5.628932	2.522402	7.679842	6.990452	10.680820	4.532629	10.303178	10.497212	4.823493
4.671511	3.507910	5.544592	7.340159	3.955036	5.548859	11.418052	7.926919	9.578226	8.520998	7.676524	2.560937	3.086565	6.850745	10.379503	9.240399	2.802986	5.974368	10.289146	4.783612	5.615364	4.858247	5.413994	6.325822	9.566822	9.469574	11.121383	11.588851	5.214653	7.760440	4.413243	4.922684	5.122251	3.790931	2.335016	6.592664	3.041008	3.182708	6.709202	11.514605	5.886322	4.734835	3.998885	6.710517	11.292582	0.000000	6.437487	8.965995	10.305685	9.263656	2.467792	6.447492	7.590378	7.430335	9.022027	10.869874	5.100011	5.488719	9.264286	6.246014	8.005659	10.608415	7.632630	4.915013	9.329641	5.694161	8.189830	6.063271	3.523833	11.359113	8.168654	10.686728	10.285530	9.869480	7.312308	9.792825	3.637838	9.197240	5.286819	10.178000	7.130368	7.092815	11.036855	6.402786	6.672061	5.428139	9.962445	5.729356	9.390614	10.322724	7.017836	4.387569	4.349490	3.025612	8.923161	6.447207	10.304713	3.816527	8.283198	3.598740	4.460176	2.403671	10.198506	3.544265	7.994524	9.784908	6.296692	3.397737	3.128865	3.761185	9.381947	3.753744	8.275344	9.760730	8.241641	2.843428	6.575018	2.662986	9.187859	3.536184	8.560883	6.361630	8.269040	9.704950	11.233047	6.759778	7.158507	5.533193	4.812404	4.856875	3.520812	10.224707	11.466708	6.244365	11.106050	9.540047	4.480374	11.028293	9.834735	6.080823	2.506643	7.900791	4.531302	4.168037	3.074322	10.349574	9.532343	10.234600	2.735012	10.070298	3.760978	8.748849	7.062421	4.855975	3.484678	10.201501	6.939155	11.382205	11.594316	6.199493	4.378319	10.528958	2.427023	4.695216	6.836988	2.402335	8.092758	10.280210	10.817171	10.383428	6.253778	4.566790	4.466623	7.371466	9.469242	5.852175	3.511931	10.614922	6.458817	2.756962	4.997613	5.568985	3.922858	3.320249	7.960236	10.399414	7.189375	7.680700	11.290702	10.861470	6.826117	3.432026	5.172809	4.068589	4.205070	7.512816	3.623185	11.090533	3.649079	7.746911	10.943952	7.461525
11.394798	5.496186	9.478703	8.929033	7.188681	5.694519	3.789216	5.287171	10.745976	4.484109	3.437798	11.134595	4.555266	4.345221	5.224258	7.446747	2.910842	8.631378	9.240227	9.118967	10.420912	6.969985	4.797732	11.117283	11.047439	9.193415	8.760747	10.061456	5.859503	4.710614	7.764136	4.055122	10.180385	11.278715	8.150087	6.778863	9.932499	4.511147	8.703118	9.756637	9.105322	10.368023	4.113273	5.709329	2.843184	2.641389	0.000000	6.729926	8.918240	8.625093	10.709514	10.532265	9.105945	11.242806	9.162799	4.098441	2.601246	10.390182	7.963686	2.810770	11.105235	2.950529	5.616405	8.071793	2.666314	3.655784	3.988407	3.240022	3.103204	8.938987	9.441813	5.668368	2.400901	4.120918	10.675416	4.688555	4.443205	7.835437	3.783684	7.589746	6.565192	9.091426	7.743149	5.261073	7.748022	6.750196	9.936673	3.421184	10.750403	5.745857	7.706945	9.937289	9.576903	9.321894	6.436642	10.871762	6.274366	2.839195	8.902733	2.389212	9.346815	9.982744	3.825798	9.922521	3.756183	8.253912	7.537873	10.097082	2.555584	8.682337	10.692058	2.746201	6.540880	8.095038	4.244019	9.188196	9.109751	5.189522	3.800922	3.454739	5.763158	8.217806	5.328677	10.580821	6.517484	4.132613	7.261485	6.412004	4.815698	8.344616	10.798763	2.663084	6.390334	4.136072	7.650360	5.716890	10.436951	5.741820	3.940883	5.780564	9.340545	10.026383	11.004272	3.984607	7.934777	5.432903	4.238823	2.585451	5.867789	9.897657	7.863796	3.572250	8.187071	9.330626	5.345612	4.266848	10.288397	8.876101	9.692143	11.215790	10.425988	4.462021	5.020830	8.201275	9.312902	2.381546	4.867020	5.617073	10.751018	5.842787	7.162833	9.635390	7.442537	10.843264	11.354464	8.742632	9.349208	6.089010	10.558328	7.859239	2.881096	4.664788	6.787141	6.339171	7.429091	9.030920	8.084304	4.938531	8.050248	4.689034	7.321515	5.434536	7.305198	5.583293	8.768254	7.909477	6.969307	7.492087	5.487019	10.864615	4.684145	4.131715
2.457675	4.197347	3.452097	3.310973	6.219644	7.880945	2.863119	8.650715	10.574502	9.414951	7.525755	4.036533	5.039005	6.707984	4.335623	5.581469	9.093598	2.944182	8.473301	3.282578	5.354064	7.818766	4.523890	6.491736	7.527260	4.533995	6.933539	3.155421	10.397974	4.794352	7.337634	6.232671	10.315032	7.102919	4.466933	10.426928	5.033171	7.173110	8.590559	3.177454	7.005592	3.219307	5.226583	10.500258	5.448213	7.419618	8.183039	0.000000	6.471137	11.321705	7.932372	3.193308	7.804467	9.714580	3.625138	2.998730	7.626798	8.910716	6.835109	2.953800	2.904183	11.393479	8.068583	10.290027	3.110745	5.983153	9.456956	7.695781	6.479615	11.145101	4.034680	5.561755	3.431552	3.257719	8.003167	5.283721	4.664758	2.535443	10.943854	8.785123	6.326990	4.251355	9.018247	10.829758	8.381018	8.337694	3.744313	9.564721	8.646302	10.178515	11.257549	10.074738	4.623579	7.061558	10.793430	5.944986	9.758479	11.526739	7.807135	7.724669	7.782676	7.488570	6.769180	5.854940	8.685619	5.696125	2.944307	5.141473	3.578957	4.244092	6.589940	2.819556	9.235114	9.298050	9.515415	7.868070	5.934954	5.581017	6.850826	7.757864	11.120241	7.476644	3.361021	5.737901	6.804670	4.886203	5.454147	6.838440	3.966209	10.540713	9.571238	3.067424	5.069480	7.503813	11.448429	2.475667	6.613661	9.549569	5.382457	10.761802	8.498192	10.703797	8.192237	3.572796	2.511886	3.899311	7.314373	3.498125	5.497155	3.414489	6.801473	2.962330	11.376114	4.059451	11.572807	7.817530	10.350287	5.659139	7.354795	10.403153	7.092321	9.056999	11.587762	10.213401	11.151961	5.896275	2.611652	9.571061	9.707068	5.359072	4.848535	2.456179	8.450317	9.408603	5.032029	4.432358	5.639858	4.627220	9.503540	8.484676	9.028760	7.133247	7.250743	10.758144	7.252393	3.813416	2.588537	4.990994	6.003626	8.429421	3.424106	10.503358	5.044239	11.570442	2.914152	3.473796	7.014705	10.475159	7.678982	9.635827	8.111857	11.308745
3.630058	6.553333	10.275394	5.458067	11.242539	2.671884	4.490558	2.689703	7.974292	2.817020	7.313636	2.884771	10.768782	4.687783	5.278358	5.944817	9.979938	7.593076	5.585578	5.176281	7.143695	10.671486	4.420649	6.507157	4.500876	7.199381	5.963353	5.865182	3.933871	6.543162	6.173957	10.270600	6.618356	3.158296	7.908212	5.903425	4.367033	5.298277	4.032105	8.868414	4.791806	5.364879	6.591175	8.999434	2.981839	7.707877	6.750361	10.284631	0.000000	3.560281	10.770505	7.681569	4.016128	8.146706	5.797491	4.182306	3.616247	11.230590	8.307235	6.936805	11.337939	4.338811	6.715622	6.493573	6.563609	10.707468	5.249255	6.414121	8.680011	4.076965	5.741574	2.492148	3.214682	2.824959	9.776934	11.289093	11.519172	4.011702	8.007819	4.944455	7.652098	11.124501	9.547151	9.417073	8.193062	7.432900	6.077867	4.350961	2.845844	7.019264	5.342763	2.849516	10.222877	10.018507	4.550572	6.959002	4.326495	11.373883	11.531925	6.304922	5.963608	10.745128	4.100856	7.410387	10.139758	5.540661	9.055750	2.420970	5.725850	5.922486	3.378864	10.170249	6.030239	10.542267	4.346933	6.334566	7.971810	10.199755	10.215569	6.985338	9.396972	10.042011	9.060848	10.147339	6.117303	2.734531	5.960579	4.681164	11.319870	4.512125	10.200578	3.445369	5.442586	7.038006	9.502504	7.627216	6.955430	11.211729	9.604188	4.931336	6.091195	7.007764	3.990250	9.333876	8.748513	3.828901	2.673933	9.462734	8.798710	8.121195	10.831610	5.314707	2.749442	8.268720	3.023439	9.135842	10.964747	7.685745	10.850922	2.481459	11.088689	2.889265	11.002196	5.280007	7.917123	3.176407	4.068393	11.175555	10.999002	8.148209	10.867250	7.517036	9.595776	9.529918	5.392973	8.689560	8.334071	9.260886	4.563616	6.503565	7.984668	10.520608	11.061712	8.946878	8.137201	2.867012	5.129903	7.417294	2.324265	10.520866	6.266535	3.937826	5.143316	3.344310	10.148175	6.236766	6.489853	7.100383	11.317279	3.759895	5.339402	7.879677
2.623517	11.569274	9.881047	7.020208	9.503769	7.891848	10.396724	10.708491	5.329501	10.873741	8.721560	9.523989	9.650741	2.719161	2.861609	5.497879	7.369257	8.147092	2.722844	9.259494	7.764027	4.089850	10.647172	8.527960	9.157262	6.641359	10.906747	6.597466	9.023723	5.900055	2.360998	3.669323	2.790886	5.257951	11.259668	10.163916	7.270404	3.085982	3.662951	3.306868	8.556785	4.902263	6.753396	8.524089	6.032362	4.871184	10.363981	2.541238	8.576162	0.000000	10.458314	8.798016	6.748865	5.554466	2.436282	5.474088	10.786279	6.246647	5.258149	10.263658	6.203104	4.899402	11.599704	9.429937	5.502063	3.700035	5.873350	4.993620	10.261537	11.567776	10.517064	4.244521	6.439445	3.512741	5.079505	6.991124	4.452625	6.110340	5.666322	3.797001	9.972630	8.533183	8.939361	4.350286	5.168007	10.624868	7.893493	9.173635	7.281729	4.171050	2.912828	11.073857	6.001094	9.587720	4.577235	5.191437	2.698667	11.089974	3.574417	3.387018	6.563244	6.875986	6.465724	11.355061	10.979224	9.278645	11.001429	6.086458	11.414387	10.115424	5.056762	5.314647	2.888891	9.040689	4.825545	8.883189	9.356913	5.512397	3.236789	10.882052	9.121850	8.397088	7.020003	7.496307	7.647814	4.195639	11.268386	7.597994	10.985432	6.571208	5.073071	3.300799	3.355757	2.743015	9.312670	7.911028	6.512576	7.532449	2.505661	8.878809	8.392131	7.164560	10.932206	8.170912	5.118283	8.688067	7.886109	7.520831	3.852664	6.954020	6.308114	4.807328	10.282724	9.665392	8.307881	5.719364	10.251391	9.413033	6.393987	10.068466	8.459384	11.583111	4.440384	9.928464	9.093799	4.956618	8.350480	10.475162	7.915694	7.886619	6.225008	4.253824	6.412437	3.170809	5.105636	2.968808	6.929905	6.361310	3.766172	8.442532	8.664660	6.197980	3.535728	5.641479	4.218799	8.458499	5.007794	6.436560	10.238826	4.703627	6.259411	5.719399	8.746711	2.785864	6.094413	7.465663	10.616322	3.107294	4.299558	11.059082	10.567589	5.149435
7.685101	7.596728	3.696980	5.118124	11.175811	5.315217	2.360420	7.497471	9.823285	10.586198	8.356576	4.045334	8.878517	5.455427	11.004856	10.977138	6.356603	6.974614	5.477821	2.542664	7.270482	10.297197	9.128742	6.861548	3.536170	2.370286	7.655371	4.722442	4.173458	8.581362	5.592822	5.782306	4.490158	3.863614	5.241324	10.035809	4.472625	10.173983	4.342510	4.750604	5.677411	8.020493	8.050064	3.335154	7.197707	9.269595	4.709713	8.531127	10.152437	3.255908	0.000000	5.875110	9.962491	6.845254	10.250975	8.665576	8.228991	9.141440	3.754814	6.270309	3.186949	7.421724	3.762139	5.183572	11.455434	11.567953	9.307958	3.888656	7.619089	8.623658	11.501360	2.695133	6.150198	5.723413	9.187304	8.304839	6.254501	10.218211	5.633556	6.506749	7.997465	5.199662	5.271331	4.485946	5.488929	10.825243	10.142361	5.418900	2.717955	8.988094	7.318691	11.115600	4.488938	10.356836	2.906385	9.036173	4.126870	8.526309	7.889158	6.078497	6.570320	4.000426	9.650707	9.780812	5.113614	7.118459	11.009832	5.660547	5.572282	8.819523	7.544294	6.276415	5.653557	10.067107	11.113286	6.835148	8.142864	5.100837	9.108600	10.375261	9.455968	10.325264	6.368634	8.476330	7.750736	4.055727	11.324341	8.704865	3.287369	5.210731	7.786514	6.129871	11.210924	3.453029	3.987414	8.828403	7.113791	7.583674	8.653686	2.377763	6.515611	9.629958	5.871287	8.364646	3.669520	6.352469	11.506158	7.836831	3.496071	9.323977	5.533079	11.013985	9.925917	11.027812	7.589460	5.626667	11.531601	11.306492	11.097771	4.227169	10.321722	5.659858	2.800947	4.941307	8.835848	10.900374	2.744793	4.815514	2.739091	7.657572	8.502486	4.568536	8.731626	3.493806	6.988936	5.560995	9.814353	4.966357	10.478069	2.903174	3.669725	10.766214	8.972458	7.380012	10.843599	7.205488	3.308936	9.400084	6.235739	7.022261	8.866854	8.236559	9.619059	5.046355	7.831049	8.721939	9.456726	9.608755	10.195164	7.924160	4.954145	10.321618
2.540513	8.609645	7.327192	9.844399	5.243975	9.835405	11.469625	3.601758	5.582775	10.795810	10.326645	10.617311	2.635624	5.313008	9.717142	11.113976	8.317740	10.945853	2.807344	10.139798	10.113860	4.813348	7.952270	6.471328	7.783734	7.232878	4.149035	3.435954	7.098236	5.046651	5.762640	9.059341	2.920303	7.987600	5.746921	5.035344	6.182407	5.258606	9.807319	10.256764	7.214176	6.327472	9.371939	3.323732	8.296503	5.390686	4.243795	7.218753	4.818106	8.253000	7.970398	0.000000	4.976426	7.412402	3.161005	8.686648	10.529445	10.635117	9.951676	9.439020	4.688519	10.933890	9.398766	4.869432	8.625185	10.924998	7.341822	6.105743	7.580827	3.087894	4.223505	10.786399	7.134943	2.521755	2.762474	4.353455	2.755724	6.782375	3.577476	7.350530	7.229661	5.769557	2.437035	11.481080	4.200821	3.879739	6.715305	3.259491	9.758749	9.727113	7.641724	4.140509	10.602641	5.876451	7.371306	3.590839	6.271191	2.696512	3.238357	4.683208	7.045658	4.748259	3.089269	5.444792	6.665083	6.233132	10.796928	3.700921	9.107791	7.657003	3.358074	8.299524	6.446830	9.131037	4.523153	8.092565	5.189007	3.804967	10.119265	9.480214	4.841199	8.639974	4.231715	7.568807	2.471267	3.081127	9.449875	10.915530	10.529112	4.366080	5.318397	6.783031	5.969889	7.304298	5.298600	4.294308	11.021091	6.410462	10.047831	8.232056	5.376819	10.652011	2.598535	6.428413	8.123650	9.756564	4.006418	7.006309	6.045021	9.886346	4.506755	11.058173	7.481284	4.914569	7.713937	6.840965	7.582773	6.784452	9.853095	9.139990	2.614220	5.626031	9.281728	9.508710	6.250809	7.508120	7.488691	6.375743	6.071400	8.139224	2.619903	11.224918	6.778592	5.238804	4.490408	4.101271	4.034986	7.409890	8.609726	4.214152	8.729100	10.719317	3.246711	7.964510	2.813728	6.984802	6.920144	10.995395	10.499812	2.804967	6.154122	5.164860	3.641484	9.141795	4.158231	3.256913	8.512647	11.149159	4.992054	10.071234	10.475164	9.288879
11.514573	3.595336	6.667642	9.346730	8.790259	3.993092	4.942973	6.427880	4.840386	2.553566	4.931831	3.505723	2.767279	8.846435	9.921167	9.565076	6.498955	9.130442	4.311550	6.680028	7.638339	5.294100	5.158609	11.211203	6.055529	5.832656	3.398177	11.561869	4.101619	6.375213	10.847805	3.408327	5.812180	6.340096	5.604918	10.684547	4.455128	3.529207	3.423593	5.898507	5.707937	4.390984	8.454828	4.741770	7.713707	3.534405	6.682167	5.894418	9.481849	8.983160	4.437690	3.100778	0.000000	4.690446	5.098968	10.479474	3.187666	10.163413	10.357672	5.340249	2.955496	6.561309	6.229116	8.598982	2.686344	6.467810	6.603034	11.159859	10.033083	5.457000	5.274022	9.681466	4.877916	2.530700	6.706160	3.619826	11.431323	4.544191	10.270851	4.311753	8.707445	6.372836	3.775476	11.237246	11.265348	8.421890	5.592741	6.427364	8.547079	4.355895	4.437835	4.052807	9.893092	4.446504	6.511093	8.581719	5.247591	4.180730	5.315319	10.508608	3.869801	5.293651	2.756612	9.248361	5.995663	6.114050	8.706778	4.299418	3.488230	8.567503	3.106214	5.597115	11.236132	4.387703	7.822441	4.657139	9.843313	2.390727	4.477050	9.612046	5.186594	8.190324	4.707161	5.650873	11.462802	2.799338	8.418491	2.479729	6.667045	9.873927	3.902269	3.065400	7.777530	5.270094	2.907957	2.972793	3.377599	6.454030	10.515638	6.884704	6.093362	7.559949	6.785301	8.107550	9.540746	8.004634	10.209558	3.563697	9.571314	11.506886	2.758503	5.687195	2.913907	7.594803	11.229672	2.652240	7.998613	5.205674	6.851580	11.160731	2.558742	10.787761	10.780611	10.101693	3.246988	8.274564	8.098980	7.708859	4.965801	6.715140	7.458129	4.079574	3.559455	4.257711	7.859114	8.858750	11.482075	7.023455	9.166370	2.494145	11.305093	6.044403	11.129965	5.662550	9.822247	5.907425	2.753353	10.276692	7.550297	8.015336	3.052501	8.402687	9.148778	4.978500	9.808785	5.769275	11.398326	2.884412	7.191869	2.443912	7.803116	5.364201
3.577162	11.423674	7.678638	8.262781	3.490410	3.701425	7.898147	4.577709	3.783926	10.768201	4.815450	4.514781	8.795121	6.804717	6.768624	11.373409	8.720166	8.344729	7.365219	8.452024	5.805081	4.345338	6.596742	7.729998	8.846719	9.630728	3.450598	8.846604	4.174310	9.372562	8.489111	3.024318	9.081945	10.329160	4.594316	4.965738	8.803660	3.112721	9.207492	3.704776	5.525616	8.076842	6.157619	8.488557	3.254762	7.822375	4.745089	4.222217	2.552671	9.187788	11.188653	11.118971	4.887751	0.000000	4.874264	8.592085	11.040363	5.084751	7.026846	10.994667	6.552913	8.606817	10.728793	10.550906	6.903084	11.489180	9.263808	4.945572	10.800029	9.046698	8.852199	7.632332	2.987058	10.013319	8.789508	5.212324	2.564771	10.473700	4.349743	11.069696	5.587677	11.428974	5.984942	7.135704	9.074607	7.258642	3.790819	7.701629	10.294599	9.837773	11.462176	11.151241	6.575291	10.143088	3.047338	4.670812	5.122197	2.560349	2.637361	7.491812	3.127684	4.346978	5.586184	10.359092	9.202646	5.357388	9.886531	8.239645	9.955712	7.221358	6.161418	5.914681	3.707125	8.695032	8.132103	4.723448	7.628066	9.219588	11.079235	5.539354	4.903869	4.182931	7.814118	9.817061	11.455179	9.469233	8.688181	9.551710	6.687797	9.136365	9.716613	7.813495	3.247495	6.202944	10.693281	5.769864	4.551229	7.807549	10.435798	7.055147	8.444906	6.750548	6.418149	7.088245	3.810896	9.812098	3.877492	3.999050	8.378024	4.547743	5.077832	6.405256	6.372992	11.268883	7.207895	3.025295	3.423714	5.243422	7.273164	5.435155	8.523152	4.898112	10.866671	2.792678	8.338360	5.246700	2.991577	5.006553	2.873522	8.995325	9.280172	2.434049	10.253688	9.170405	10.198099	10.004591	10.249918	9.395238	4.290323	9.331810	10.596146	3.313836	3.946439	3.073259	8.324782	9.249060	11.445330	9.612206	10.321817	2.913228	10.144621	7.060045	6.709480	8.022647	5.230144	11.126527	4.874686	4.739318	11.126132	6.833329	7.721481	2.900838
9.617553	8.707824	5.425766	7.014353	5.861235	9.032114	5.118858	8.953450	3.503415	8.178735	10.564078	5.902055	8.796898	8.315532	6.631688	2.626944	6.578580	6.597614	5.732161	8.148950	6.402100	10.706104	6.351728	10.568299	8.615779	6.507184	6.310376	2.881447	6.952229	2.809643	9.608822	4.694696	11.149269	10.117077	6.787792	8.163036	2.890443	2.622231	8.113404	7.412832	3.306332	10.592835	5.578279	6.351850	8.106341	7.675483	8.624334	4.415770	8.510731	9.967759	9.912443	5.307100	3.395556	6.312163	0.000000	7.788931	9.446956	4.007629	10.736209	7.983902	6.582022	3.532634	6.008634	10.620576	11.370100	2.787986	4.648937	7.969367	5.946089	5.448364	10.704126	11.579453	8.360524	5.526862	3.187514	4.172638	10.907102	4.692797	5.333238	8.654057	3.861775	9.585061	10.152557	2.759564	8.242552	2.915334	4.546072	5.542175	9.242685	10.101506	7.703349	4.189637	2.438215	3.202853	9.824528	7.043494	4.612438	3.091204	9.111563	7.396852	5.549352	3.672659	9.137637	9.919156	11.268998	7.172549	9.237345	4.847839	11.472940	5.131542	3.258622	5.030435	9.676444	8.791242	11.152954	6.285002	11.327147	10.488414	9.238750	5.857283	7.241919	8.159406	8.928159	11.042495	6.994450	9.915122	6.075981	5.528912	5.960818	5.596949	4.875421	11.549744	5.436940	3.060353	8.765120	2.547628	6.138886	7.216751	7.737111	4.932922	4.589559	9.666250	10.064226	2.378850	2.921513	11.303838	11.177542	2.362179	4.846791	11.585055	2.348673	9.098600	3.127388	8.272480	2.578243	10.702394	9.435783	5.472016	6.966505	8.049596	5.636180	8.054998	3.135789	9.071009	2.723074	9.782231	10.970226	10.458566	4.306111	4.586834	4.137067	9.014440	4.517154	5.684420	7.573415	5.934457	7.878654	9.690894	7.945526	8.941142	5.498130	5.705341	5.647893	4.892747	9.164786	3.285685	10.819202	3.887242	7.287143	6.482317	6.637406	5.682423	6.884215	9.110189	4.788783	10.214118	3.915975	9.018827	10.464245	9.256322	7.337466	7.530189
4.055464	8.620997	9.646884	6.124359	3.135087	5.093583	3.108203	8.957009	6.160159	9.048084	6.247272	4.572009	6.807896	6.485830	3.931443	9.921996	9.765968	6.400964	8.901974	9.582517	11.295609	6.971471	9.334192	7.001836	3.612674	7.968700	5.138433	3.951197	10.695803	10.225916	7.604493	6.837763	10.973832	6.276714	5.038490	9.671579	2.370127	4.454695	7.867542	4.373117	7.806667	8.915009	3.168243	7.031752	10.159366	11.173605	5.820210	4.912958	5.486936	8.201559	5.702838	5.254612	5.210753	8.375789	5.113448	0.000000	3.663487	3.247255	10.123458	10.025736	3.845853	6.968591	9.919843	8.819520	5.663670	8.241311	11.279209	2.329295	4.647943	3.334284	5.398488	5.587434	2.653706	3.694590	4.706919	11.088276	7.883329	10.735368	11.298561	2.602379	2.949989	3.798628	3.749598	3.796555	2.489747	9.564056	3.862332	10.461772	5.116876	6.329119	5.258664	2.540887	5.232229	3.446059	7.123272	2.795119	9.262084	8.423519	6.320021	11.599493	10.585310	2.997362	6.041479	4.894955	4.575672	7.565815	9.878622	3.934995	10.324317	2.490368	6.494847	7.976131	9.052099	5.309126	3.196854	11.221536	10.701068	3.859325	11.001085	2.854082	6.299318	10.954006	9.292752	10.128119	3.928037	3.795248	6.450063	4.236887	5.330382	3.027279	5.734187	5.385172	2.494521	4.385323	4.977279	4.659782	2.785024	7.448156	6.822196	6.203979	7.343652	6.181782	2.436975	8.348433	9.253022	11.004241	2.989503	5.648506	4.902639	6.753317	7.203467	7.776665	3.413180	8.170651	9.897914	6.932094	11.011069	8.625999	10.046587	4.769829	6.194121	3.966373	7.769760	5.333406	10.013993	4.363116	2.897293	5.808800	5.497009	2.669311	6.076249	9.917157	9.216162	2.633936	11.165774	10.297110	8.334219	6.225528	11.058736	9.418769	6.037641	5.545627	9.434255	7.952769	4.522363	8.735895	2.976648	6.116601	5.457979	3.927967	10.402858	4.011933	9.008450	4.565722	3.818976	3.299683	10.871089	6.988508	9.516562	9.624844	10.085974	4.914653
10.776536	6.498181	3.064306	11.448066	10.661964	11.005933	3.044800	8.793023	10.528287	3.479059	8.673748	2.544898	11.535367	5.558914	8.981078	6.087760	8.949137	5.976305	5.133581	6.819572	7.941780	3.376429	9.021482	4.234770	10.776530	5.285145	5.226678	6.585005	2.786447	9.850965	9.430144	11.430147	8.696677	8.082671	4.984231	7.285620	11.354952	7.198687	7.914006	10.310789	3.001570	5.542114	7.136278	4.280317	5.044480	7.637765	2.329017	7.020627	10.374740	5.710671	5.555968	5.917464	6.024952	8.517059	4.613412	6.573610	0.000000	9.239123	3.565249	7.324731	2.895099	8.596891	2.959131	8.176250	2.556336	8.099576	2.741075	8.138295	7.137315	7.664288	4.322377	11.035940	10.894008	2.853783	4.214010	4.743711	8.804598	5.081051	9.911524	4.787286	3.316930	8.560335	8.358526	4.798828	4.870062	6.136398	10.658621	5.021341	6.833871	8.142527	8.705363	8.613595	5.201367	11.504664	8.736632	5.511644	8.808100	3.305988	10.822604	5.900496	3.291620	7.788561	5.045367	10.532444	11.587112	10.020862	7.268027	3.505471	9.637005	6.991827	4.915094	10.251432	7.805864	3.652231	4.600514	10.754476	11.477798	3.803749	10.493771	11.058802	8.633912	10.871118	6.239982	7.038923	4.126365	4.914881	9.978202	3.744641	4.470565	11.500094	3.474554	11.464853	4.877556	9.933412	4.026152	8.399271	2.703587	6.715815	10.434176	4.962066	6.147881	10.998270	8.929045	8.373671	7.590868	8.058283	9.544793	5.749163	8.646937	8.726560	8.811575	8.636243	8.026161	7.942765	9.263517	7.440725	10.060767	7.003705	3.417399	7.156058	11.168346	7.050005	3.303512	7.918626	6.860919	10.123827	6.431597	2.873199	8.617431	4.986212	5.829265	6.408316	2.386017	3.785772	8.920852	7.645936	7.238865	7.775139	11.113381	3.465264	4.892924	9.692232	7.259487	5.864610	6.367728	6.618287	2.847170	10.956927	5.010084	10.529511	10.546444	3.830812	2.941740	6.720807	7.660562	5.523650	10.366203	3.438386	6.091378	7.566571	2.563984	4.488572
7.877247	8.658432	8.000623	5.021387	7.801762	8.326145	6.652675	6.533498	7.677594	2.422131	8.967978	8.945499	3.896486	5.165762	2.963928	8.506168	8.280723	11.324833	10.725710	8.965992	5.938919	8.715002	2.776726	6.481151	9.168921	3.872115	5.257646	3.037083	10.011018	9.308127	8.981756	4.870316	8.674700	7.735247	6.262374	4.721445	3.925370	11.389218	7.323251	7.190441	11.539607	4.876438	9.062499	5.080727	3.614939	11.546414	5.045214	10.248749	6.780606	3.995334	10.488526	6.360244	7.329635	6.328983	9.133992	9.935132	5.632531	0.000000	4.741213	11.375707	8.244840	3.092894	11.471681	8.290846	4.202360	2.533420	6.305144	2.377857	3.231531	6.556491	10.213454	6.294064	10.871884	4.331259	4.011115	8.157011	7.136463	6.192535	3.031432	5.818273	4.525486	9.206924	8.693592	4.746304	2.836561	11.014004	11.524102	8.523444	5.627782	7.086524	6.024722	9.105550	4.899570	7.572259	8.050498	2.432066	4.200781	8.404966	10.128801	6.491523	9.765660	7.010332	3.850693	4.684072	11.150439	4.071113	4.134613	3.039429	3.672488	7.198447	9.733339	5.255517	4.074018	10.897830	7.427150	6.970029	2.914169	7.105086	9.424493	6.039686	10.330951	7.440520	9.626385	3.961753	2.987369	9.277753	5.264530	3.720223	3.421829	2.757536	9.773471	5.776492	10.078150	8.006308	8.211123	6.812942	8.896390	4.268654	5.723733	8.528116	6.274570	11.303745	4.699003	5.009558	10.235653	3.352817	4.148864	10.281041	8.967593	2.639864	5.760185	7.476281	4.111492	5.261136	7.639199	2.401135	5.805232	10.712227	3.171775	2.562907	4.855080	10.048097	8.459489	9.362972	5.984014	9.002867	4.511993	5.146022	4.322804	4.582166	2.940032	2.724949	9.970236	10.143795	9.642364	6.995472	7.579099	9.427676	10.499100	9.111939	10.298957	9.629552	2.456582	10.678482	11.355315	6.988207	5.449076	10.496379	9.832754	8.470677	3.933600	6.533708	3.710455	2.807227	3.503832	10.443297	6.106612	8.324551	10.651416	8.926003	5.422726	3.263893
10.720324	4.536162	4.701440	10.955325	5.400588	10.112300	10.396418	2.789154	9.243272	4.904201	8.200483	11.363055	4.381229	2.402289	10.548141	5.743087	4.897964	5.757926	4.131474	7.853108	4.646669	3.296848	9.468746	5.498322	6.561080	4.988452	2.910981	4.515211	3.682906	3.878114	6.775016	2.810461	9.883288	5.645542	3.009353	7.452032	9.457248	7.269285	8.603236	4.398610	5.190601	9.996597	6.914604	4.490484	7.057558	7.886623	7.155231	5.960301	10.446678	7.889589	4.135580	4.455097	11.023757	8.293983	6.122539	9.230125	6.335081	2.676853	0.000000	7.609342	7.276383	8.124603	10.482745	2.509805	11.166350	4.297572	7.910202	9.306088	4.661979	7.623550	6.221980	9.125967	7.386998	10.159881	5.034949	8.699119	2.535921	3.722689	4.157003	9.226659	8.603559	11.431127	5.415219	3.369126	5.997987	4.194332	8.923877	11.553857	11.128672	10.736389	3.646477	7.974055	6.651297	2.451587	10.646599	7.037741	10.437251	4.711838	7.569651	6.000690	7.608589	7.638351	10.012150	10.428898	3.606216	4.885156	5.152377	10.423329	9.840629	5.814336	11.418263	4.816796	9.033650	8.635229	6.091817	2.645614	10.237079	4.237776	2.542348	8.020216	3.019205	5.717015	10.108759	8.600747	3.444942	4.042341	5.416222	9.681683	8.503145	9.689510	11.257960	8.690450	6.411358	9.265549	7.726214	7.021462	2.992985	3.644016	6.000466	9.675527	7.892468	9.104103	9.112471	11.084703	8.676122	7.941972	7.632358	3.051911	3.179940	11.328622	3.987624	7.287028	6.485131	3.296393	6.810037	5.845595	7.413725	7.464839	7.320748	2.534538	8.803210	6.469276	5.187245	4.056914	5.113995	10.274356	5.706865	9.516055	3.480199	6.152658	2.454611	9.366378	5.525168	4.657876	5.062611	3.205152	8.573256	7.932818	11.321693	5.365795	9.083241	11.232299	10.896412	7.616900	7.123161	3.775329	7.415657	3.070840	10.738912	9.338460	9.589642	5.634501	10.515742	10.625802	9.068084	4.713233	3.992684	7.852787	8.450013	7.572387	9.393552	11.219781
7.008808	5.102092	3.552605	3.730150	3.677019	10.864007	6.422814	9.624693	8.531228	2.628994	2.874547	5.461946	9.410943	3.598468	5.386412	2.543674	3.814150	6.056424	7.725455	9.248893	11.271897	11.160887	7.444755	9.070939	4.760636	3.034770	8.152858	7.039540	5.989565	7.633772	3.325128	9.704997	4.045456	9.076624	4.728517	8.878431	6.647175	9.282980	5.325044	10.051644	3.217472	5.900306	10.020297	5.673901	3.142235	4.751948	4.001063	2.941901	5.740057	7.797984	8.099551	2.636333	5.930137	4.382873	3.318961	9.666533	8.487539	6.402006	5.310076	0.000000	6.706857	9.823637	7.409194	7.591109	7.388116	11.545485	7.950571	11.376092	2.955997	10.257337	7.793894	9.949562	4.381918	8.457044	6.491212	5.437322	9.455313	5.146287	3.651080	9.730297	7.824031	3.885295	4.547187	7.527114	5.260133	10.339826	3.294164	6.068124	11.370475	9.909151	4.275391	3.810048	5.734088	7.057848	9.312010	10.924695	5.419278	3.373831	5.703966	6.848148	5.003204	5.077134	6.355366	4.563662	5.453619	8.155591	8.238664	3.661323	9.695014	2.766724	5.125978	3.350906	11.203917	8.853459	10.901155	9.952772	2.324555	3.917450	7.289126	6.012415	11.478227	10.080217	10.672669	10.937491	2.940641	7.101881	3.612319	3.519700	10.259727	4.659347	11.596951	2.665861	8.371340	3.845207	11.028918	5.760548	2.938068	9.490291	10.455271	10.510652	9.025346	6.181471	9.411568	10.790138	4.972878	11.485404	6.700255	7.358661	9.060611	2.901224	2.857210	4.598025	6.452847	4.298219	3.294035	8.160637	4.591698	2.521294	9.677864	2.660509	5.758836	3.642976	11.100938	3.728124	4.163632	10.619418	8.433799	8.118558	4.302442	10.798391	7.372255	3.159264	8.898897	11.531386	4.113675	7.065322	5.080443	4.636366	10.910885	5.465387	6.390747	7.619482	6.848888	5.681774	6.485509	6.307871	11.223222	9.472697	8.533190	4.914730	7.142404	2.806184	5.554167	4.914159	6.149168	11.117760	8.558047	9.085592	5.938929	3.476010	9.018160	2.801785
7.601839	8.546794	7.935204	9.223122	7.392451	7.322585	5.443708	4.728181	10.173553	9.533342	9.418434	11.426985	9.305664	11.360462	5.576236	2.959294	8.037115	2.714779	3.826468	9.164857	8.981379	6.939269	5.635202	5.232789	10.298933	5.611935	11.294241	9.845836	8.624600	4.179697	4.818072	7.145896	3.346026	11.357937	11.594396	3.983442	10.674151	9.764254	8.473456	8.444316	8.239329	9.666839	8.086552	2.628039	6.722918	9.887835	6.603009	8.165337	6.284986	10.125894	7.656915	3.402207	6.509239	6.346275	10.623281	11.194690	10.393816	6.268231	3.813265	8.993170	0.000000	7.216061	8.053340	7.403417	6.762663	10.035155	6.615211	3.433142	4.788524	4.068875	7.738619	5.386355	10.823966	5.686731	7.818131	10.895916	2.814262	6.807719	4.549617	9.402040	8.132658	6.786978	11.403595	6.932175	9.703837	5.480348	6.459407	11.409050	2.553773	3.100491	11.509928	4.815001	10.029159	10.845517	4.248072	5.501785	7.719400	10.593396	4.828565	10.058143	4.477063	8.226705	6.254976	2.437947	9.017306	10.065187	8.612158	3.901482	3.839756	5.129820	7.856920	6.698791	7.384894	7.318476	8.909383	3.308144	3.290667	8.742899	6.938688	11.206679	9.789550	5.606908	7.909620	3.563718	11.115834	8.126111	5.147199	5.552541	7.865364	7.633238	6.667612	8.115732	2.574888	9.479748	9.890370	5.684790	7.835624	5.729194	5.227987	10.488203	4.315386	4.507673	3.481340	7.001417	5.753664	3.947596	3.980786	6.815683	10.917183	4.322841	8.042149	4.536878	3.784363	7.578845	10.325570	6.347121	11.040307	5.235176	11.222248	8.790698	9.944748	3.419588	9.323802	7.226853	5.040207	11.260195	9.655360	8.181383	3.704355	7.439044	9.764394	10.106064	10.615886	6.109945	7.382357	4.057517	7.927694	10.136927	7.867906	6.625597	3.780095	2.651564	8.974903	9.926777	4.867464	5.061973	11.143057	4.610199	5.741416	11.350472	3.976321	5.805998	8.676140	9.399400	6.214422	5.544318	11.402612	2.813228	9.336718	8.161183	9.572800	9.140777
3.094210	9.235317	4.248540	4.450556	10.956228	11.448123	3.816539	10.638249	3.873352	10.053354	8.297198	5.355056	8.928365	10.995513	10.900277	6.959029	5.907107	7.724808	8.367583	4.231649	4.016909	8.460135	2.395326	7.944648	3.550903	9.436201	6.782738	2.861530	4.614843	6.114798	7.325318	3.458861	3.287075	8.172339	8.377966	8.224523	7.849837	8.516753	8.080225	9.607152	3.344750	3.396051	9.607133	7.077615	4.303607	5.775106	10.263824	8.366068	3.929912	9.650777	9.368739	6.363509	3.151638	2.751526	10.386483	7.687579	7.324402	3.524098	3.324056	3.122375	9.826011	0.000000	3.768275	10.967604	9.166195	3.009381	8.643487	10.301804	4.650082	8.970983	9.951665	8.603198	3.444311	3.208453	6.660157	7.346182	4.316794	5.676858	7.355078	8.305805	6.079751	7.950156	9.057180	2.541029	9.404687	6.112028	5.640317	3.499975	11.257937	9.898297	10.463299	8.718936	3.258973	6.430231	3.889419	2.343179	5.291415	6.097976	5.290137	3.384896	6.348516	5.285340	6.295652	4.225384	5.471421	3.185730	8.488205	10.510323	8.749084	10.951061	4.809929	11.292880	7.179041	11.435293	5.200566	11.453725	5.106213	10.159718	10.612165	10.633650	3.078140	11.229348	5.323532	8.621976	8.586059	8.365666	7.893397	2.378941	6.845783	10.435014	9.690555	4.597347	9.892826	7.878898	5.763499	6.013501	4.252333	3.093538	11.395047	3.348974	11.342720	6.034109	7.717744	5.110867	11.057424	8.895567	3.703611	2.350519	2.749351	4.620899	10.218342	11.413275	4.119315	5.725617	4.020137	6.991038	9.836237	4.684478	3.361077	8.135544	11.111009	6.482024	8.726129	8.296105	10.371514	5.026325	11.429001	5.741399	11.046434	8.883857	3.671932	8.795868	9.934189	3.683559	4.112401	9.140433	7.577192	10.459254	8.728457	8.517422	4.554885	5.225029	11.054811	4.895947	8.794289	7.176171	8.955230	7.253475	3.865692	3.904548	6.245326	10.910099	4.463554	11.483341	3.436856	9.336230	3.099714	5.701326	10.357533	6.537595	7.323400	6.229308
5.171617	10.657347	5.904062	3.503493	8.744590	9.487213	8.872989	4.911681	9.322878	9.236689	6.190257	8.619684	11.225249	11.425464	6.541089	4.737934	4.708089	9.652299	10.225195	6.759996	9.526019	3.006868	5.672804	7.942236	7.906128	7.763618	4.882633	10.305839	9.465102	10.924959	5.073078	7.824971	9.129451	2.514494	9.456077	5.886838	5.070114	7.628387	6.093110	7.152556	9.612497	7.201826	8.805352	9.852114	8.357996	6.580136	9.135663	10.100896	9.210413	3.581935	10.297662	8.254647	5.630925	4.290425	2.946525	3.849021	10.585660	5.167004	4.713384	10.687046	3.535225	3.974513	0.000000	4.078497	11.357708	9.439802	2.568322	8.266900	3.403215	3.338525	5.014720	11.200306	5.892981	3.481575	8.863487	5.702565	8.637400	9.933662	4.463521	4.486310	2.476442	4.561014	4.081742	6.824931	2.732739	2.580834	10.211781	10.437371	8.196601	7.176823	7.790938	3.381253	6.974271	9.461530	5.731884	6.216239	5.556439	7.068556	8.310388	7.527286	7.442912	2.425660	7.881985	9.251045	7.689164	6.598448	5.710293	6.393333	7.721208	3.570906	2.912538	9.900327	5.642911	2.714691	7.666409	2.519037	4.348201	5.870357	7.195500	7.786655	5.504949	10.287518	5.752902	4.794222	7.743111	5.982550	5.078125	3.415188	5.162729	2.733613	9.921575	10.358167	4.966774	4.738490	7.614295	8.061021	10.566774	2.460367	8.373650	11.307267	5.761335	9.254563	4.523533	3.866194	6.629958	7.933522	11.553011	2.930265	6.516382	3.637071	4.848892	10.633491	8.204910	2.810977	5.127677	5.614978	5.451945	5.347072	6.449281	6.477010	6.010699	10.236399	10.891548	9.181543	7.707078	3.080871	4.285813	7.901547	5.140154	2.996635	5.689987	3.390714	6.308940	6.329154	2.864978	9.261186	11.268838	5.719986	3.182197	4.938701	5.290760	3.356368	5.544821	6.581692	3.952446	4.005454	10.459649	9.116255	6.177675	8.778910	5.182589	5.561920	8.580690	10.744464	5.795799	2.606419	7.898383	9.134303	10.985740	6.344239	3.439443	6.814788
4.111298	2.525387	5.430687	10.800938	6.534109	3.166275	3.037488	7.177667	11.063676	9.987192	9.522715	11.152761	10.814404	5.359420	7.312840	3.917935	8.197065	8.414064	8.078414	5.581167	4.762985	4.835784	6.475362	2.522005	6.746218	3.202888	2.354640	3.934439	6.709252	3.294976	10.408211	8.218355	5.899071	10.264850	11.302563	6.410719	10.802997	5.197145	7.325973	2.935077	3.579453	10.956526	5.616582	10.452389	8.761215	9.578009	7.372415	3.994983	7.681471	8.314148	5.847656	4.085802	10.339276	8.146404	8.645933	4.484909	6.648971	10.958263	5.739550	10.387389	8.656088	3.313134	6.881989	0.000000	5.508163	4.589660	7.670278	6.895484	5.396210	9.813365	6.264399	3.309550	8.140346	11.060125	4.751210	5.903793	7.324367	10.544769	10.204643	7.296846	5.613791	10.250127	8.006648	3.412619	6.787674	8.365372	11.379940	3.422616	9.753621	5.568494	4.583154	10.050858	10.644525	6.019855	8.134270	7.364685	4.621862	10.085179	6.397208	8.463033	2.416919	11.005550	8.399105	6.032469	6.056182	2.529635	11.021369	4.370563	6.232418	11.533022	9.120803	11.271213	8.774716	5.356890	3.659318	2.843306	9.902335	3.258095	3.857512	4.238405	6.361014	11.418849	9.414383	11.538186	10.327848	2.693155	5.472432	7.417513	6.542563	5.932166	6.079918	5.301597	3.179210	8.062696	7.987206	6.372190	7.535199	5.376170	6.683198	9.263627	5.752222	7.343692	11.107039	6.320228	2.790478	8.197878	3.237410	3.667147	4.233166	7.820594	8.719948	3.985550	5.618693	7.267041	2.557080	3.099883	2.617573	9.989876	6.826421	7.882239	6.887707	7.147289	11.399488	8.620059	8.290458	3.807837	5.261432	9.013326	11.589851	7.644648	7.964237	3.088099	3.195794	10.197641	9.748184	4.777057	5.388168	2.339659	11.536612	8.377598	6.379625	8.029258	5.465480	7.743994	8.245227	2.745072	6.943439	4.918883	8.838099	10.035068	5.701452	8.628971	6.711173	10.685117	8.468357	8.271385	10.981180	5.998006	11.398998	11.154831	11.220166	6.620390
10.736881	4.798012	2.652095	3.908417	10.735729	8.554330	8.727951	6.291675	7.843633	4.288990	9.529822	4.405188	3.032318	6.651672	9.543459	11.016044	5.069055	8.213050	4.485737	7.603426	10.830962	5.637611	5.793258	11.152738	4.494552	9.166526	5.547778	6.616411	5.505878	5.228329	5.293767	7.952804	7.825086	3.802788	9.729476	10.410744	2.911764	8.746420	9.643209	11.168137	5.093805	7.411258	4.272956	2.547530	9.355370	3.705251	3.403819	9.074656	7.514231	10.877604	5.298111	3.399578	10.436268	6.754776	8.280984	2.388634	4.629467	6.084880	8.691673	6.379404	5.168199	6.888495	7.782643	2.727566	0.000000	2.380752	4.471590	5.372613	11.531463	6.784806	8.148300	5.282252	5.673345	9.512732	10.142318	8.039281	9.592343	8.341313	3.143978	9.735395	9.690713	10.905736	8.906521	10.044430	10.916774	10.174162	10.623905	5.976227	11.540031	11.528655	6.881340	2.806109	7.326043	7.545839	7.624613	5.392686	8.388837	7.425425	10.065895	7.460853	3.713488	10.992358	6.099012	6.241985	4.269943	6.017404	5.755909	9.124317	7.145500	6.390980	7.178555	10.062953	2.520177	4.173527	11.457521	5.314943	7.193740	7.774925	9.658466	6.129945	6.867618	8.642580	7.357896	3.829182	6.763279	2.750932	8.777045	8.891112	2.611191	3.772274	11.261918	6.353617	7.877903	8.615826	10.282634	3.790533	9.904774	7.561196	3.990838	8.575018	9.185825	5.190385	6.891187	5.544565	3.860795	3.280776	9.385750	7.160519	8.158331	7.850896	7.905800	5.972847	6.532248	8.946547	6.260894	11.444742	2.375617	5.688915	8.857179	9.018345	10.190449	3.352247	5.998722	3.488888	4.723945	4.364291	8.955194	11.362056	8.476031	2.759859	7.923202	10.239337	7.666765	10.104917	8.843503	8.254734	2.325715	11.440653	8.437905	3.501208	9.378806	5.825238	4.260536	9.485803	7.527472	4.534825	2.395298	9.207147	11.281489	3.788882	5.654693	11.566040	8.032460	10.099205	6.552122	7.155349	7.842912	2.530586	4.553332	4.275618	5.917244	5.068641
7.538088	7.592083	8.251241	5.692956	9.391132	3.141513	2.636991	3.765470	7.791448	10.083373	10.892489	8.477024	10.381926	8.244088	8.881902	2.430862	3.311606	4.673576	9.470101	9.181291	8.319901	11.230761	11.494052	5.466230	4.653247	7.145978	3.307828	4.494035	5.422440	3.472727	7.998278	6.127852	11.457220	10.744796	8.310306	2.639519	5.827498	6.861490	4.769119	2.558883	10.121979	5.203901	9.023006	7.526208	9.525539	7.923522	11.133880	7.556408	10.570271	9.315391	8.158704	5.180869	5.870145	6.065645	7.251217	6.359414	4.539516	3.143887	3.364292	7.216972	5.608701	2.825763	3.763468	6.020778	6.558218	0.000000	9.457316	2.636621	10.572060	3.528327	8.629705	8.737977	4.972097	4.945176	8.003795	11.361990	6.197946	5.719797	8.567062	8.827786	6.602549	2.473597	8.696343	11.473361	9.117303	2.863245	2.853789	11.507169	5.903528	8.402688	7.211003	6.248013	5.460455	7.321838	4.849793	10.065456	3.659659	8.814676	2.887754	5.258410	10.511151	6.932564	2.747717	8.894727	5.337932	5.181382	6.047708	3.843762	6.571333	5.053859	3.335808	5.229887	6.061009	7.695419	4.499990	10.505990	5.361777	9.536947	6.503149	3.821963	6.610265	5.029414	3.228156	11.372013	3.139161	8.854069	6.108250	4.653115	5.793237	7.560197	3.418025	10.869979	10.895063	3.930286	4.615204	2.419932	6.163548	10.509551	4.199475	2.410807	5.018676	11.342668	8.716399	9.506891	6.280448	10.489247	8.719453	6.346595	4.784925	4.228555	3.871825	4.778134	2.825572	9.607137	9.988706	9.993547	9.591640	3.872973	5.117367	3.577747	3.862429	10.041438	9.818933	7.823576	3.421519	6.712257	4.990486	11.270125	4.307726	3.017705	6.186900	10.807414	11.189276	6.085508	7.186769	7.993150	5.121340	2.643409	10.359063	10.156598	9.216558	6.858220	4.735907	3.156353	7.706918	2.902683	5.801182	2.719690	10.307112	7.771913	10.958317	3.956756	5.143627	5.138888	7.844408	7.794778	7.630155	10.951284	7.206879	8.974520	5.591073	10.220690
8.153648	6.959216	8.813828	6.853360	4.901210	5.288044	7.387809	4.043636	8.964503	7.662155	5.379553	2.767883	10.306393	7.790984	8.743708	7.844804	6.590206	5.511551	11.041478	3.996831	4.940218	3.949206	4.237800	5.046704	5.090924	8.036265	10.457558	6.084989	7.137936	5.198075	6.348054	4.833743	7.637346	5.347692	8.959788	8.928263	3.193903	6.060905	8.391142	9.539494	7.814591	10.154579	8.032348	4.198480	10.324577	7.985716	10.336252	11.421116	6.456010	2.618963	10.377672	8.991712	4.923947	9.767827	8.955436	8.094619	9.056477	7.611263	3.539567	3.545570	11.281675	11.376001	7.314217	5.309149	6.689439	6.071401	0.000000	11.371781	8.915207	5.000086	3.840041	8.715385	9.107517	8.977254	9.857711	10.060072	3.568508	8.120174	8.416692	10.624076	8.837411	2.655466	2.703816	6.239203	3.407488	4.588937	10.298700	8.758513	6.247317	3.301651	4.594436	4.660896	6.695592	2.496935	10.433542	2.668416	3.848413	4.201475	4.030016	5.026399	7.712670	4.642165	6.565533	7.689502	10.131139	3.770105	3.442544	3.262624	7.101856	7.040324	4.266438	4.559158	8.005584	7.479474	8.410465	9.123461	4.692440	6.969236	8.905476	7.701938	7.214783	10.127873	2.801246	6.182366	9.564783	8.359315	6.242327	4.931592	8.646623	2.994640	7.366269	7.218556	4.557062	8.704846	8.090753	4.482945	6.832653	11.091281	11.555490	10.710682	11.593586	4.557993	6.042637	6.461294	3.216686	4.612056	2.371090	5.451941	8.428767	3.371319	8.748440	6.630109	4.564649	4.666471	5.953622	5.405686	9.379510	8.247703	8.807290	6.893080	7.316827	7.450768	6.428495	4.302824	8.971075	4.783783	2.401236	4.013824	7.465886	10.719135	4.730328	4.794057	3.205442	2.605784	7.289119	8.317351	11.284179	4.906384	9.889895	3.539402	8.453413	10.060916	5.804278	9.849928	3.836070	6.618861	6.745046	6.003714	10.273771	2.705077	6.432654	11.575139	7.272936	10.193212	2.917091	8.818963	4.903853	6.741851	9.337933	6.917468	3.468200	5.114195
8.236991	4.247281	4.772868	3.109679	6.236594	8.069456	8.104286	2.571685	7.272391	10.332623	7.657906	4.753549	10.758233	8.004789	3.316337	3.716508	3.984196	3.082422	10.792012	9.034321	4.144620	6.539042	5.301452	8.234891	5.786764	11.336535	4.550091	6.498529	8.944445	9.571930	3.025785	11.235557	2.588795	2.738493	8.099194	3.931311	9.878271	8.904610	9.204290	4.647379	11.249138	10.895732	9.245478	5.640219	10.842056	3.800991	8.703912	7.820499	6.293480	7.347336	8.687054	10.619565	5.122509	5.925344	11.560383	5.491101	2.560981	6.716488	3.631295	9.310787	6.691798	8.912362	2.742476	3.996338	3.382954	10.216628	6.856558	0.000000	3.237014	4.233975	10.636599	7.168687	6.412002	7.284266	10.026411	7.606220	10.744153	6.610300	10.541909	8.548041	6.499730	10.342010	2.409894	8.416181	2.542655	10.497636	10.014653	10.438736	8.495829	4.056278	5.815608	9.485042	7.073498	3.631812	10.242725	5.443461	5.841893	6.104590	10.207579	3.962137	11.414297	5.220266	10.526597	6.986574	10.891701	9.290713	8.249650	8.501299	4.329538	7.179328	7.993028	2.599304	7.158237	10.245710	5.026469	10.202707	6.353026	5.651472	3.248894	2.993068	9.828581	5.267631	6.053146	7.471968	4.387121	5.881618	10.602040	9.881612	10.629165	6.097162	10.312769	6.659168	4.027402	4.143851	4.277883	4.073981	6.058244	6.620553	8.175955	4.612205	11.010311	11.571191	10.826091	7.101470	2.725432	6.860906	3.396269	9.632584	10.417345	10.164722	9.205395	5.746861	2.761247	4.668069	8.023537	11.039278	9.049607	8.077430	8.800210	2.943009	7.859096	4.245475	4.275121	10.576593	3.652268	3.457063	7.456209	7.953986	2.925391	7.859028	5.921984	9.993842	7.307016	6.310064	7.475173	4.136307	8.951443	10.001936	7.254649	2.378134	8.172281	9.269830	7.035557	11.363763	8.578180	10.811798	6.764100	9.036498	5.066538	3.799447	2.421955	11.587287	8.994374	8.566859	6.619834	8.007708	11.571796	5.306911	4.799654	8.050906	4.086762	6.718611
2.784813	9.630463	7.252582	5.804876	9.776127	3.145377	4.896634	7.972180	5.668271	3.194675	8.179179	4.440718	8.782824	9.758584	3.453612	9.373455	7.731540	6.149201	7.597368	9.424817	4.940432	7.590446	8.774852	5.252979	4.966468	3.278530	9.290186	4.138963	5.447582	6.625124	10.705513	9.563502	3.628265	7.723884	11.503563	7.306546	11.030639	10.336919	11.565994	4.167168	4.197545	4.307370	3.060327	9.307829	3.554574	5.307823	3.532655	7.015142	10.151283	10.027126	5.849540	7.599970	7.531328	10.809661	6.501294	7.494083	10.189190	3.916066	6.897409	11.097769	8.294146	4.252856	10.589596	5.227715	4.199232	5.509467	3.295533	7.175238	0.000000	10.773131	7.427465	5.819335	2.924336	4.658140	5.091737	2.428937	10.483579	6.963350	4.973450	6.448532	3.430420	8.227436	8.059070	3.113779	5.492705	7.568019	3.482285	4.763243	8.345923	9.777873	6.664452	11.225684	9.233774	3.071722	9.093778	8.935510	8.917087	9.198536	3.824605	7.439400	8.768091	4.747443	5.954697	10.725174	7.585889	6.150712	3.094031	11.186289	11.115157	7.304698	4.996225	6.791905	4.712970	6.499951	7.153073	4.443699	8.000546	8.564684	6.610379	4.373330	2.344171	8.588507	4.362231	6.710273	8.532475	3.406121	9.255748	6.319946	6.103233	8.938232	8.016831	8.287523	8.222085	6.914857	3.100205	8.488620	8.987616	2.865152	7.622548	6.138971	4.049439	8.430835	11.076665	3.722019	9.021841	6.762968	11.248551	5.828397	3.558326	10.878885	8.156764	9.782505	2.805920	10.731324	10.445038	10.017266	10.592128	7.328931	3.721609	6.803410	3.252634	4.185546	6.192835	11.329937	4.427709	3.778918	7.410730	2.702375	10.110638	11.300639	6.783780	7.409498	7.443487	8.905192	10.214460	7.495597	10.869036	6.850199	3.551740	10.012794	6.955181	4.883870	8.791250	6.344064	7.795978	10.733681	11.103744	9.057583	11.509432	2.329125	9.387511	4.308821	7.263176	6.911536	9.114277	4.806680	8.598933	3.002506	4.003365	9.821154	4.679100	3.619488
2.632824	3.444727	5.977614	10.543685	8.636711	10.798548	7.249541	9.305149	6.882410	5.346098	7.568744	6.165186	3.957377	10.893415	10.957351	6.684476	9.119202	6.855452	4.284645	8.536482	8.744671	6.923083	4.704096	6.973634	3.052280	4.529673	10.448713	4.276648	3.975525	4.074973	4.593929	3.165190	5.504878	7.462269	6.376502	8.359890	6.010340	9.125383	7.226809	10.189483	3.274717	2.966039	8.626941	10.643944	7.361775	6.687102	3.366859	6.813528	4.047388	3.980787	5.102613	3.552190	3.987860	5.388646	11.058692	3.578683	5.691130	11.425862	2.993566	6.426231	10.911148	6.011444	8.843228	3.202900	9.621768	6.577823	8.001111	9.683651	6.247348	0.000000	8.391529	9.852625	6.788620	9.559190	10.048404	7.543316	9.974739	11.246442	4.348198	9.913327	3.298405	8.789898	3.958720	8.201532	9.951523	7.417624	9.791614	5.720477	10.530546	11.590577	5.281413	8.111733	9.108653	2.820926	4.176346	11.125486	3.271116	7.443766	3.581060	4.386751	8.743735	8.849091	8.871987	11.403307	9.584379	9.443768	3.526868	8.818875	8.742588	5.517920	7.710400	7.765769	4.674986	9.266765	10.581476	6.852617	5.966430	9.067816	10.280525	3.616574	11.482215	3.253125	6.993151	4.922750	2.418508	10.629826	8.988761	5.618010	5.472519	5.554110	6.152913	10.811290	4.205381	10.461235	7.081301	6.634635	3.001983	3.998503	6.757423	4.660798	9.309636	2.443238	8.538908	10.748829	11.096566	3.618037	2.537582	8.964200	9.989308	10.251286	5.559030	9.570713	10.621205	7.318529	9.430373	7.038936	10.898303	6.388586	10.430054	6.030496	4.351156	9.926837	2.600525	4.503744	9.459787	9.925188	11.469464	5.918450	3.199548	5.017460	5.546901	9.038141	7.927082	3.658323	5.264672	6.326849	8.103377	5.230309	10.363004	9.971923	8.097637	4.070131	2.857524	8.433554	10.265646	10.916651	7.887830	4.396671	7.279257	9.810660	10.409271	5.757966	10.244958	7.725204	7.062748	11.446485	6.135866	7.593550	6.435254	10.071590	5.673985	7.141119
5.333633	4.043952	7.267656	9.986239	4.098188	8.941934	8.949621	3.963893	5.071564	9.628730	11.289794	3.070502	9.431721	10.007135	5.012536	4.922293	4.933871	4.027236	10.512362	5.463417	7.002400	9.134111	6.103404	4.137804	2.509158	7.662681	11.277190	5.087113	11.409521	6.569994	10.994588	9.134585	4.557366	8.826212	3.708584	5.333154	6.037843	6.666006	2.954789	3.248154	9.960750	6.924222	3.722582	11.452177	6.995063	9.334687	11.392479	2.408564	5.656247	5.153550	2.813069	11.539490	8.605630	4.616867	3.442789	5.260992	11.184768	2.414886	3.364987	4.023130	4.235861	10.077492	4.897871	6.254011	11.350745	11.356557	5.267894	4.459487	8.845706	6.072937	0.000000	10.047302	4.433201	4.643976	8.985039	6.797546	7.735961	9.936801	5.338015	4.733297	3.019596	4.952541	9.057672	6.429494	5.315134	3.608091	10.534934	9.610755	6.255091	8.468593	2.959981	10.963539	5.996129	7.335332	10.321490	2.806909	4.853652	6.477380	8.865340	11.276181	8.078302	11.032324	9.647669	5.819899	9.220217	6.016075	6.520205	3.338438	7.996015	8.443228	2.858881	3.250378	10.776717	11.065257	7.454695	2.800324	10.898044	9.389173	6.276347	2.673580	5.599950	3.448883	6.412488	5.771366	7.769396	8.222299	7.114166	10.902868	11.002782	10.497293	8.830637	4.885540	2.934483	10.745151	2.538181	11.064822	7.326521	3.302992	2.582017	10.169761	7.822607	6.032200	4.589206	8.787477	8.494982	10.141083	8.312386	7.124797	5.473084	11.441923	9.642026	11.555200	7.780840	8.645076	7.556612	9.144823	5.807502	5.128859	2.859505	7.313059	8.298314	9.148454	3.936254	4.842029	4.373400	6.316997	7.292730	8.955871	5.787464	5.935014	6.703532	2.980408	6.718200	8.448943	6.404747	6.068971	9.100780	8.209653	10.016942	5.170535	8.926765	9.391669	7.466300	6.644253	8.408149	9.052309	6.532640	11.222659	10.465035	10.646894	6.729104	8.160738	8.015810	8.152902	7.287899	6.106758	6.758234	3.476185	2.383661	9.085193	10.074435	10.556513
11.297374	6.109576	4.679758	6.136125	4.739486	10.284091	4.768370	9.535101	6.867120	9.344761	4.724767	6.094467	3.386589	2.605160	6.966057	4.370760	6.410185	3.295374	5.643852	4.949389	9.081662	11.206844	6.945554	10.263801	7.214439	11.030778	8.493974	10.938194	10.680037	3.118478	3.531858	3.423066	6.199239	2.824160	10.635485	7.745959	10.747514	6.989608	10.831011	10.973030	3.872161	3.384121	10.069927	2.655533	6.369307	10.858472	6.204389	9.277036	9.042722	3.564909	2.519548	8.673796	3.623141	6.852767	10.635569	4.448135	7.885844	3.189637	9.238027	5.288541	6.530780	9.633117	3.345311	9.783609	7.771315	4.477187	10.312574	8.450232	10.031078	9.561671	8.913559	0.000000	10.940215	5.343219	8.509463	9.531855	7.148274	7.325386	4.640406	9.269744	6.321027	6.892619	11.429751	7.209367	7.581349	11.318379	5.018128	7.423865	6.712517	9.209059	4.728663	2.910851	11.019018	5.423711	5.170541	10.661595	4.865593	6.834716	10.677281	11.436073	6.131448	6.325891	9.444247	5.079024	2.940259	10.277102	3.582289	2.364501	11.163604	10.597564	4.948439	2.891213	4.025117	5.272859	6.581842	10.923456	8.312271	11.137010	5.864292	4.853629	4.606029	2.778880	7.985650	5.106068	6.145044	8.518188	3.180956	3.232181	8.450691	3.424399	5.278890	6.440274	2.733553	10.847282	3.989560	7.715086	10.044833	8.226891	5.430573	6.126036	2.730217	10.249659	10.941070	2.879217	10.084191	2.676607	6.502705	3.933016	9.357137	11.484514	3.462797	7.502825	8.078345	5.762134	11.111459	9.812363	3.191858	3.100096	10.885477	8.183446	7.615239	3.643269	6.828412	2.352050	5.489298	9.384423	6.189653	4.001136	5.625842	4.412936	5.291020	9.220003	4.920598	5.734982	8.951848	9.140552	9.306641	7.775786	7.410561	9.136246	9.988225	3.134741	6.032297	3.373873	6.453443	11.127725	8.948880	8.493560	11.103932	5.274444	7.831337	11.240180	5.073892	7.784350	5.419571	6.664330	9.989901	6.817246	6.666369	10.147969	9.996630	5.788047
9.222579	4.049431	8.970438	2.907237	9.149792	3.296982	9.887879	5.958190	6.796509	6.290955	10.729748	4.686857	6.259935	4.937892	7.247552	6.667491	8.726980	6.785923	3.698099	8.003357	8.638732	9.675313	10.909811	5.276733	4.629442	2.440016	3.261853	6.264538	7.424204	9.132508	3.464137	5.972270	4.727163	6.295638	8.304389	8.812423	7.769495	10.369232	4.719244	7.128437	8.410532	5.372039	7.143097	4.055711	5.853838	5.005372	9.819068	10.294686	7.926176	2.499561	5.157883	6.152835	10.388748	6.877541	9.031703	11.014543	10.052716	8.178851	10.850117	6.389326	3.651108	10.821097	10.183531	11.517922	6.856702	9.637196	6.186038	10.259838	9.280955	10.415827	8.025615	11.537625	0.000000	2.343620	11.491558	7.345857	3.896968	3.458430	7.323453	9.626043	4.905382	7.227694	9.525120	9.647041	7.431246	6.263612	8.538798	10.943132	8.877222	7.744317	4.502407	6.985782	7.509080	5.770772	5.051162	9.258100	2.726523	3.585206	6.977799	7.112283	11.480516	5.254383	3.385415	2.538328	8.338718	10.142081	2.857377	9.305128	10.205014	6.731531	11.184284	6.826809	7.335084	9.205681	9.866657	5.198504	9.823888	8.189242	9.578285	8.979085	8.963839	3.748319	7.676497	8.670435	9.612996	2.483509	3.175249	5.406840	6.954815	5.077004	5.222905	11.551160	10.639932	5.746971	8.074246	8.017428	9.953225	10.096436	11.359885	4.539217	2.883870	2.550294	11.084295	3.487269	3.156346	8.577137	9.687164	7.430960	10.359062	3.839114	9.638276	10.006202	2.542916	2.952785	5.255387	7.575043	5.566084	3.201792	6.035691	11.244888	2.838370	3.109975	3.683739	8.835704	6.093094	4.770094	5.568464	9.760576	3.843182	8.229553	2.940668	6.129471	5.730611	9.189451	11.358059	3.257937	5.792285	3.661401	5.729892	9.887760	4.742558	9.240591	3.504539	6.625109	5.997036	5.860328	4.622329	8.776929	5.163053	9.620675	4.365374	5.730289	4.281373	4.271568	11.238534	3.238301	7.029885	7.506488	10.946803	8.542438	7.065105	7.389965
10.803819	9.370327	9.946815	5.418359	10.855277	7.666826	10.027144	11.068290	10.048261	9.176520	4.475228	5.651855	7.574205	10.681214	4.140266	8.309263	5.520220	7.032797	9.756362	3.493652	10.404547	9.993841	8.848105	4.202281	5.562049	2.551428	5.445165	4.196508	4.707537	3.977564	3.675814	5.485175	10.908075	9.099792	9.484511	2.975707	8.899255	5.369217	4.239617	6.017245	4.169634	9.602716	5.307811	7.614445	10.245803	4.089588	10.367774	7.250314	8.588032	6.688210	7.117631	5.022116	7.140660	9.568655	7.198531	2.668100	6.748550	2.890011	11.172084	9.348581	10.495403	11.179947	3.380267	7.721753	9.275279	9.778160	5.448826	7.947481	9.204121	9.480478	4.346588	10.245960	8.723214	0.000000	4.207892	5.570731	9.351713	5.673864	7.697601	2.904092	10.494609	2.542101	9.306133	11.417874	10.730140	9.230310	9.632398	7.989536	5.988907	2.625190	3.676800	8.074680	3.873535	7.028043	6.924380	3.592217	2.589044	6.648185	10.922708	6.679430	8.125884	4.503031	6.724154	6.216649	9.592030	7.065329	8.478812	7.833284	5.020846	4.344809	7.678184	4.093479	4.229975	5.752987	8.453007	9.460671	3.815349	6.985178	8.279756	4.050393	6.553583	9.730629	5.558686	7.907070	7.116252	9.143195	9.398936	7.855122	6.938265	2.812646	2.695736	7.849350	6.079482	3.262272	5.423093	3.834460	7.099515	10.351957	4.164698	6.464227	3.681144	2.473734	3.452257	6.237197	9.657006	5.445797	10.256647	8.038932	8.893428	9.282383	5.843872	6.479848	8.996353	8.537101	8.698249	5.843181	3.510442	9.069491	4.624806	6.836976	4.089148	8.077269	4.806301	3.799690	5.590734	8.616754	7.943386	7.567477	5.466533	10.080633	3.920015	3.419251	3.523252	8.995465	4.911676	6.708974	5.719438	6.278143	7.809145	11.139301	6.123918	5.639254	4.251917	10.193312	11.530147	10.532358	3.837445	2.385743	5.096630	10.825227	9.366774	4.073938	2.355892	7.315478	8.298167	4.793032	8.342787	6.110693	6.431603	7.339136	3.715511	8.844389
9.197034	3.305343	8.977567	6.741949	5.088292	10.842279	6.587250	6.601079	7.067162	3.156821	8.830595	8.733590	8.192655	3.810698	9.373496	10.485189	9.293596	9.873490	11.539767	8.633304	7.356583	10.168714	7.949831	9.153873	2.710261	5.058689	7.857543	11.459301	9.363122	2.855526	6.807383	11.477794	7.294524	4.968818	4.303985	9.644235	11.460747	9.733828	2.356470	11.126952	6.541434	6.949045	10.896015	10.842197	11.184872	9.264959	3.766453	4.861219	6.637300	5.341381	11.443281	8.887796	10.966164	9.580311	8.264865	4.728701	6.291970	2.553771	2.945204	5.822304	2.520283	10.582610	8.208186	6.410737	7.440020	3.556045	10.785682	3.567962	4.716096	2.499860	3.231969	9.540978	11.185172	3.057148	0.000000	10.261145	10.386739	4.945082	4.699684	7.546416	7.228961	5.290333	6.729147	7.590829	6.587548	2.611390	2.526313	6.748293	10.198838	7.665392	10.811955	10.758161	10.057795	10.447432	7.662661	7.141009	5.676151	2.836533	5.146944	4.970899	7.364531	6.086861	6.654134	4.732513	11.193163	10.567674	9.875478	4.340084	7.483566	4.573372	8.784275	3.182663	3.507840	5.928437	2.323253	8.584322	4.828858	3.087731	2.681622	9.999027	5.764691	4.848704	6.223658	5.136702	10.398061	8.396939	9.350057	7.966262	6.603813	2.985474	7.036012	6.586836	8.937752	3.175112	2.728371	10.498118	6.594291	8.532676	3.624767	7.848553	3.243262	6.349246	3.994967	3.579397	4.846717	8.625136	4.387314	11.504696	9.851546	7.032544	8.696623	3.265951	11.166725	4.733973	9.315615	7.642849	8.165860	8.014312	5.841394	2.597019	6.920095	3.104658	8.546060	10.190110	7.231563	10.865870	11.357519	11.226795	7.025865	11.220173	9.191145	7.284931	6.362119	5.359222	2.627495	9.752688	5.450639	3.072275	3.783585	4.265852	10.783256	4.818118	8.740525	7.414837	7.190475	6.213132	5.719776	2.571815	4.635251	10.203997	10.813804	7.425596	5.385798	7.118193	10.712696	10.690842	8.655222	11.026165	6.702829	3.958890	3.186892	9.181378
2.707285	3.281156	6.000620	3.820330	9.860371	10.628436	2.975416	5.908566	9.193336	7.070317	9.607565	6.837617	2.535700	8.252033	4.720360	3.391424	4.242346	10.526739	9.070137	8.584710	6.291622	10.187410	8.889262	6.027443	3.938820	2.479720	3.069992	5.033311	8.836970	9.305083	4.928528	10.225082	4.323760	6.467123	2.803288	7.121768	2.404901	9.063115	5.686167	10.096612	4.605121	9.711999	10.904660	6.055845	5.451125	7.937746	8.980569	4.092143	3.344418	8.840292	7.020094	2.758323	10.852677	10.543277	3.557795	3.936982	10.177972	3.988504	2.410344	2.969236	6.123467	6.910727	11.167708	8.418753	2.790484	4.932281	9.959564	4.253079	5.026381	4.711820	4.620763	4.414215	2.427564	9.238464	9.672013	0.000000	10.315627	3.241710	5.972939	4.296693	7.444935	8.001131	7.311616	6.320075	10.798255	2.328965	4.665562	10.158028	9.970409	8.881774	7.795133	9.049250	5.925134	9.810691	11.449800	2.995874	6.878070	4.681186	8.712828	8.167348	4.703172	8.848044	3.385053	8.126971	4.082937	4.389625	4.149089	3.268271	9.367086	10.606149	6.232080	10.426356	5.992145	4.380773	8.545753	5.746692	7.097908	2.981880	5.640223	5.174118	6.780956	2.396413	3.486426	8.528174	3.482368	4.435094	6.473389	10.291224	10.952931	8.701940	3.404469	6.811933	9.630105	9.108554	7.284516	4.838213	10.745422	2.806317	11.199314	8.198764	6.529031	5.945363	3.648367	7.766595	10.028196	4.117321	10.233112	11.518098	9.500566	7.534924	5.239686	3.411549	4.884898	3.079827	5.327580	4.214528	3.515977	7.413381	3.563239	2.338381	8.777809	5.344024	10.464929	5.372316	3.580158	11.018475	8.379202	6.304829	10.798172	2.452687	4.010522	9.242874	8.927969	3.730974	10.916499	5.463143	3.796656	11.439762	10.617018	5.864078	3.245051	3.439099	5.716061	6.856110	2.424705	3.096571	2.924290	8.816647	10.846104	7.586204	8.427076	10.040874	3.034624	6.983169	4.277192	5.922268	4.712594	4.311473	8.760610	9.414807	9.798124	10.781958
10.925715	3.437424	7.046282	11.535363	8.729570	10.432664	11.367922	10.232120	2.787283	8.248913	8.158630	4.646793	7.978430	7.959525	6.311076	11.478637	7.207702	7.870939	10.782394	8.920284	3.956355	4.155162	9.442434	5.120635	10.141621	10.903164	6.228884	11.134319	9.102702	3.863650	3.457555	4.993954	8.066716	8.504628	5.731425	11.550093	5.843425	7.376791	9.337556	10.221470	10.828767	8.980035	11.329321	6.353721	10.434297	5.869363	3.489680	6.098271	9.560467	6.172865	11.127756	3.743970	10.630872	11.544645	9.417137	7.509852	2.369082	4.052527	4.927783	2.622228	3.279358	4.744390	10.082978	3.165806	3.137773	6.648464	9.987637	6.159261	7.284758	10.529893	5.710108	9.790238	5.114499	9.315579	3.893461	4.336482	0.000000	7.477227	5.224719	5.225158	9.260240	3.272698	2.741918	3.456912	5.124825	7.430897	2.754738	5.171839	8.370118	9.799197	7.053203	7.060253	4.253185	6.750572	7.558621	2.597587	9.067350	6.557415	10.162700	10.013311	3.654185	2.360374	5.788440	6.843473	4.354566	6.450691	10.534578	7.821177	4.838400	9.690788	2.511338	4.224493	8.919683	8.966107	4.215944	8.353619	7.291995	7.958723	4.178846	3.570854	4.490691	8.241281	11.176959	9.754489	2.430847	10.694612	5.909960	11.255102	5.347487	4.435985	5.125403	2.609724	3.082447	11.517095	8.231723	4.020413	4.132858	8.966540	9.204681	5.815021	4.920507	9.813730	7.770764	5.124020	3.317033	6.999749	9.870423	11.059816	8.628312	4.925942	7.560636	8.226508	5.533806	10.438043	7.263205	8.305600	8.392309	3.054633	10.381822	8.977980	7.719744	5.240966	7.651915	10.452636	11.577964	5.388665	3.582121	5.596481	10.263239	4.729355	4.981319	8.821684	5.143129	10.354056	4.286907	8.130209	8.814861	8.811068	9.089384	8.622133	3.085260	4.187547	11.562075	11.540689	10.381047	11.273236	9.434041	2.749553	8.631229	5.102017	10.588205	3.357230	6.265040	5.043047	5.949954	4.660731	6.003030	10.662605	2.893140	9.846947	5.882884	4.361618
9.645736	6.593450	11.203845	5.708773	8.970564	6.881507	3.569344	3.617280	7.953534	6.317855	9.532823	3.274254	7.555196	2.982297	6.949031	7.924024	8.414879	9.461116	8.660839	5.710163	3.966085	9.976615	7.355594	3.080467	5.698413	3.210089	10.341390	6.922019	10.368312	7.199975	11.545614	10.942193	4.924452	9.234135	10.118555	4.266788	4.710382	11.411703	5.693793	3.721639	7.972916	9.708467	8.928725	4.081675	9.994440	7.620234	6.106313	5.485288	8.139282	8.642972	8.690676	7.716426	6.525478	6.708434	7.209126	7.434073	5.067278	2.697494	3.476335	6.052651	6.942751	10.374026	9.117103	3.577949	7.435730	4.469916	6.974154	3.894864	3.376923	7.013579	8.259185	10.388093	4.480373	6.234111	3.282778	9.671100	8.802317	0.000000	7.242238	10.010998	2.384461	11.321120	8.351209	10.049378	6.018779	9.451903	9.763927	6.596481	10.355688	10.717471	4.676227	11.397403	8.372234	5.101308	2.351920	11.550613	7.698798	9.029538	3.995647	5.988402	3.427112	11.387372	9.057030	7.082579	4.566253	9.181397	6.533986	6.705435	2.855845	3.555529	3.806924	9.987723	5.998679	4.098330	7.123067	3.370382	7.549310	8.047777	3.978411	3.955926	10.700075	8.709732	8.967152	10.135292	11.378501	7.644643	11.579498	9.550584	9.270338	6.894568	4.784076	9.006686	4.346682	7.229045	7.324318	9.780253	6.492822	7.248895	8.036715	3.785123	8.476137	9.087929	10.301241	5.800084	8.001359	7.000368	7.202777	9.061465	4.584513	7.677263	6.877922	5.926949	7.520640	10.438910	3.945043	6.653944	8.795726	7.140461	7.145077	2.885601	3.231306	3.482420	5.552607	2.694580	8.136007	3.727157	3.172177	2.568322	2.673406	4.091827	6.161009	9.764998	6.266898	6.008801	7.043978	4.812070	9.388592	3.439543	4.688982	4.935778	2.432919	3.248090	8.650918	11.594461	4.554199	6.447350	8.362116	8.550576	4.986344	8.104788	7.777167	2.863485	5.565802	5.327624	8.478777	2.460115	5.407524	11.315495	9.059148	10.800059	11.259953	8.983623
7.296704	5.577915	3.355424	4.389435	8.746061	9.878599	6.882334	8.526888	4.553536	4.100431	2.551624	4.735199	6.271647	11.590247	9.227049	7.140001	3.048671	6.050247	3.125181	11.214429	3.999752	8.037914	7.989475	7.985372	7.054415	3.620459	9.220530	5.807826	7.062969	9.403526	7.409233	3.436923	10.805511	6.855323	9.734841	10.747054	6.299523	4.192729	9.186464	3.175459	7.481196	7.893568	3.964705	5.669544	11.480676	4.682138	9.289459	10.478898	9.632484	7.203934	10.458626	5.935849	2.534904	3.233869	11.533943	6.230903	8.961094	5.866774	4.918895	6.212277	10.974189	10.564043	2.457128	7.736624	3.406748	4.110814	6.553958	3.963797	10.196299	4.528872	5.807034	8.953663	7.191192	7.765343	6.724552	8.496216	4.610367	7.926377	0.000000	6.088594	6.027080	3.199845	7.494575	3.243551	11.001452	5.725684	6.593408	4.421152	10.306296	8.595125	5.578845	7.720140	2.645019	4.563286	9.893742	10.579746	9.063709	5.797764	9.221649	8.325308	8.226735	3.198591	5.897339	10.920937	3.660846	7.337038	8.636943	9.895988	9.757882	7.023399	5.889211	2.575481	5.779464	6.049955	4.767876	5.730977	3.588444	3.456635	3.212325	4.945072	3.923755	2.565160	5.999329	8.250601	9.010806	5.049641	5.263910	5.572902	7.113603	8.334288	8.347317	6.531119	4.583730	2.621876	2.845354	9.623347	6.534498	4.152261	3.304162	6.108606	7.004155	9.844968	9.020178	5.559271	10.427258	4.132098	8.654229	10.589425	7.281684	5.820747	7.478277	2.612510	4.972692	3.578781	4.039853	7.206581	9.903129	9.211169	2.808266	4.596556	2.490218	8.523701	6.040094	4.412870	3.891542	8.212035	9.368671	6.566652	10.531329	9.595380	4.418918	3.208962	8.701970	7.788425	5.078764	5.866805	10.016605	7.177809	10.435750	8.195652	10.822345	4.683907	9.976221	7.307703	5.319305	2.705844	7.501505	5.932548	6.333454	3.760072	5.860515	10.067506	10.215518	4.274431	2.591485	6.424053	8.100118	5.306049	8.352959	3.160727	8.906489	4.833953
5.651766	4.038597	7.125320	2.712685	3.580069	5.786878	7.636902	4.884605	6.920843	4.038140	10.597694	3.402222	6.451056	11.591327	5.218771	11.486856	5.121160	3.682720	6.124913	4.923736	6.683775	9.637487	9.837125	8.799403	4.906770	5.017849	8.282967	10.711142	4.311736	5.239926	8.841090	3.557746	4.100995	6.287487	5.094097	9.172289	11.224005	4.933636	2.370442	6.982089	4.111574	5.333118	3.751165	3.622741	8.762581	8.426303	7.859952	11.548351	5.595387	7.579834	7.193984	10.910433	3.651115	2.860505	10.618174	6.849644	10.605227	11.179958	10.483181	4.584807	11.197915	4.796621	8.850639	3.105136	7.990309	6.303973	9.918084	10.434470	6.934744	7.681640	4.123412	6.234806	7.442990	7.142023	5.469918	9.269822	10.567076	7.601802	4.609599	0.000000	10.557040	4.595024	11.443222	9.560150	6.114107	5.330256	5.583849	4.985636	6.767505	4.517922	7.864090	5.201113	10.221301	11.379929	5.097735	8.745563	7.441972	8.841854	5.289740	3.517370	7.471693	8.877898	3.534576	5.721677	4.256882	4.758963	2.362910	8.039757	4.563999	3.058454	5.576403	10.444809	5.248133	4.447235	7.075419	6.459686	6.298435	5.164625	6.078840	11.413091	9.528035	11.166442	6.896202	2.631956	3.964132	5.739040	9.784235	2.570617	9.999581	7.964320	10.119158	2.388388	11.151703	10.277435	5.556298	4.177136	5.396517	3.186320	6.933841	4.578543	5.302319	4.576160	2.683243	5.662260	10.987025	9.031667	5.801691	5.585998	10.321767	6.763675	5.592057	11.040449	5.432297	5.087719	4.696408	7.041494	11.120978	4.985930	8.559301	8.197735	3.979553	7.026394	9.265625	11.013833	9.757129	5.449137	9.682444	9.909448	7.654704	5.393672	7.458475	6.807240	11.577548	7.505774	8.446770	8.451343	11.326758	7.569132	10.354173	5.074451	6.164456	7.061381	6.506843	11.327019	9.156610	8.092307	10.779562	8.984748	11.246400	10.138294	8.019188	8.563924	11.431351	11.473735	5.646843	10.305300	11.065743	8.710371	5.380882	5.580716	4.219585	2.331601
5.484957	11.183498	2.726299	8.754125	10.167684	7.222158	5.085151	3.675081	5.300777	6.239462	8.307435	3.066553	5.540380	10.609735	8.283675	6.789058	9.645793	10.674320	8.156960	6.102932	6.129280	10.098794	6.372796	7.855894	8.937622	10.408829	10.728779	6.903342	7.954052	3.019605	3.246429	5.613860	2.745401	11.136077	8.121612	11.096442	3.326473	9.955741	6.535497	9.592986	5.079824	6.032131	7.102096	9.273525	9.927021	5.566261	8.339380	4.297769	8.178844	11.101615	10.069492	6.948584	10.123550	11.171426	11.240572	6.251380	6.833140	11.198003	9.188582	6.893814	5.611707	10.378077	8.383931	5.215390	7.694322	2.608667	2.575198	10.639641	10.821381	10.114873	10.708402	8.608718	2.464184	8.485469	2.810777	8.543522	7.179016	9.264393	6.482674	5.878561	0.000000	7.244644	8.047559	7.677779	5.379722	5.441058	7.162877	6.808625	7.561832	5.162159	5.835859	2.645141	10.405895	9.865902	10.558304	3.217552	3.774583	3.044019	3.119332	7.149101	4.210710	5.555866	4.045916	5.438480	9.533265	8.522779	10.176839	6.162840	8.703646	3.204425	2.504552	5.263881	3.881084	3.857540	9.739788	9.095630	10.946890	8.876811	7.515672	7.742283	10.812523	3.360556	4.656439	11.151899	7.376752	9.089101	6.368647	3.052297	11.087508	3.938137	4.693543	4.725209	4.038437	3.530422	11.131367	10.655408	3.765481	6.302330	3.676551	3.618962	7.106230	3.895267	11.408014	9.837142	3.914743	5.195753	5.319185	8.632419	7.619545	5.200787	7.496196	6.249778	2.720080	10.495891	7.676872	5.320910	8.053871	8.345833	2.477988	7.137539	11.159428	2.462502	5.725609	4.743504	8.771938	9.555686	9.112646	2.755364	4.062919	10.519014	8.084192	11.026220	4.169880	7.545704	8.742534	6.464674	2.866771	9.427845	2.771481	8.158345	2.823529	8.103848	7.156276	7.598896	7.109569	3.143417	4.563322	5.668992	4.381035	6.757366	2.944007	6.377158	8.393528	7.379287	10.162276	9.541647	3.810617	5.759361	11.112108	2.568540	4.621448	8.986503
11.228735	5.404361	6.530797	5.011852	11.195148	7.583068	7.776319	6.478559	6.162104	4.400237	3.515148	3.391550	3.078360	4.689654	8.827960	4.557520	2.559869	9.806336	9.359257	8.672674	9.168617	3.079750	5.839462	3.967854	5.693405	3.490888	9.725513	10.620277	10.112196	3.968890	4.324059	2.394234	5.435927	7.754197	11.329942	8.815614	7.180185	3.184422	11.499219	4.458589	4.626850	8.428194	5.163869	9.458720	5.099154	2.485610	2.643978	3.822048	5.088547	6.515816	10.703742	9.882671	5.407397	11.275354	10.211701	5.107497	10.249120	8.373793	2.579759	5.709152	5.979427	5.659242	10.140293	7.328205	6.010714	7.703572	7.482840	2.549994	9.515441	9.445237	3.110088	6.174663	8.782281	3.083386	4.193781	8.634588	10.201054	8.848300	2.783857	3.403286	10.754063	0.000000	4.435312	7.125269	10.025980	8.758668	4.813499	10.740500	10.577568	7.427715	9.531230	2.762311	8.606327	8.271154	7.000790	2.977776	8.621098	7.114540	10.021245	6.746307	7.323679	8.226939	11.075988	8.598590	5.248992	8.827091	10.957894	7.729557	5.591054	6.647877	3.472076	9.670525	10.844738	9.776319	7.513578	11.160861	10.515913	3.849373	3.440009	6.428189	3.043314	10.129432	2.519400	9.645796	10.676561	2.984463	5.339739	9.276419	8.557884	11.515820	6.765850	3.627836	7.319035	5.719955	6.625221	4.190532	5.289703	5.479568	8.107716	5.645446	4.022372	8.401172	8.450640	3.025654	9.023563	11.488426	6.716482	7.341293	4.538259	5.923069	11.373750	4.331533	9.994798	6.553719	3.414955	6.230716	10.387732	3.759518	5.842542	8.399272	8.402132	10.388168	9.158763	2.444033	8.805729	6.073763	6.289247	10.896524	4.068527	4.254769	8.517973	9.626011	4.434766	5.384603	2.610128	6.314111	7.569291	2.694981	9.464256	4.607309	9.833214	5.450572	7.655962	2.700855	5.940047	2.376363	2.946856	3.254857	8.956597	9.300791	7.863688	9.736595	4.254497	6.129050	11.220498	4.578477	3.256873	6.073390	9.345913	5.841739	4.209738	4.973608
9.887976	2.588847	6.182536	5.829420	9.256877	9.102243	8.981204	7.063665	7.641914	7.514584	11.173491	8.560623	4.203525	10.563413	8.046589	10.844277	6.206889	6.559550	10.233588	10.318150	5.455055	3.706769	11.196416	9.193157	6.604846	10.483465	7.035021	11.573551	3.081739	10.306081	4.228959	5.653961	9.008018	10.998912	9.398594	3.186651	11.474309	3.188885	3.067151	8.796174	10.921725	6.643648	9.233669	8.565432	4.953567	11.427265	9.686564	6.758561	9.729053	6.276143	8.217956	6.179678	4.620707	3.497221	4.274260	3.262478	8.678156	5.530869	7.708658	5.185547	8.381132	11.089735	8.563801	7.123413	9.710757	4.315356	5.570339	11.043349	2.671674	11.227015	2.429877	3.391264	8.304595	6.742280	10.887502	10.212807	6.627814	3.017347	10.597573	7.151982	9.150530	5.644937	0.000000	3.458932	2.693233	4.830360	10.444356	7.873809	9.933580	9.773165	7.687091	10.040977	4.544644	6.708650	10.273635	9.598008	8.349769	7.725505	9.789250	11.575050	2.595743	8.720348	9.202511	3.082749	3.159408	6.805343	5.902538	11.230352	8.179009	5.576791	10.119391	2.676769	3.910347	7.358038	3.537016	8.158785	10.872399	4.176772	3.622330	8.484639	6.772286	11.409282	2.336098	5.392421	8.862698	9.015140	10.217022	9.041677	5.390395	5.819473	3.583465	11.405601	7.552319	7.455493	3.111180	3.362956	6.260853	3.211574	11.367515	7.330871	3.312951	4.862468	6.419193	11.442732	5.174333	4.709633	6.026752	2.584630	8.725013	9.923850	11.155911	5.789301	9.119207	5.352169	3.804414	3.083555	11.424486	6.589832	10.788279	8.863919	7.106892	8.376144	8.333926	5.684216	3.810204	2.449566	4.154567	8.518625	6.383326	3.977850	10.355067	11.243901	7.390717	4.961993	7.899685	11.318091	3.822870	2.782390	11.394960	5.947099	2.785943	10.203795	7.122233	7.640436	8.668586	8.510188	6.443013	2.360918	8.564899	9.737860	2.373186	2.709263	5.027196	4.923625	3.791566	7.022169	4.794547	7.086867	10.316225	11.541155	10.875300	7.966663
9.930394	9.988226	10.272599	6.572899	3.320996	4.880789	7.420050	6.458488	7.071268	2.439194	11.440607	9.263025	8.287196	6.737797	9.248878	7.920190	2.745160	10.257482	6.254766	3.972153	7.508642	3.804614	9.260349	4.877009	2.691997	10.976187	10.384892	5.008777	7.213169	9.506755	2.824760	9.980856	10.195514	8.028845	4.539807	2.712687	7.316610	8.258014	5.879711	2.408015	8.108282	4.635600	10.729793	3.107133	4.725403	6.368030	4.053902	3.147980	8.136876	5.585425	10.885248	2.582924	5.613584	3.757165	5.740442	5.610005	2.695362	8.333539	9.702802	5.609698	8.589811	8.867497	10.299123	2.659964	6.382924	2.434817	9.301214	11.556901	8.125577	8.953907	9.195982	8.200106	3.442610	10.402399	10.523708	6.018565	3.621125	10.371388	8.055230	3.699897	9.879345	9.455980	6.669595	0.000000	8.676967	3.020313	5.210987	8.596892	3.554792	2.762438	6.409341	10.237849	3.492542	4.223063	10.715446	6.816248	4.465243	9.741715	6.872278	6.927450	10.389252	2.502476	5.655791	10.876408	4.121883	10.620658	9.088723	6.773433	4.374676	10.179313	8.832606	10.859262	6.146110	9.622089	9.944656	9.132860	6.876322	9.734116	2.609209	6.230592	6.369157	11.267621	6.208595	6.176101	2.817978	7.680386	8.192527	4.824711	7.663550	10.998391	8.591795	11.376503	2.568366	5.167121	10.886659	4.873319	10.715892	6.992844	4.738436	5.948453	9.850152	6.980830	9.726458	6.838914	3.194888	9.848342	8.176690	3.450695	4.373139	8.633261	11.202226	4.395675	3.059020	11.345338	9.516543	8.405985	9.377566	6.109886	9.130785	5.703672	9.201718	3.391456	8.587234	8.351571	6.163804	8.634893	5.163087	3.438835	7.041690	7.051412	8.301811	6.252410	10.263524	4.893964	5.190697	9.188500	6.162634	8.386360	9.701170	10.699895	8.568234	6.198769	9.624093	7.014551	6.707725	5.550670	7.149800	2.712729	8.720749	8.057484	2.330284	10.238451	3.507995	11.435626	9.162858	2.800687	2.642828	2.613649	10.802404	3.058103	9.430778	4.611649
3.785786	2.939956	6.870035	5.943697	2.880234	10.445726	9.582773	4.027896	7.428607	2.382313	6.320616	7.021928	6.902485	5.679297	10.550400	8.004992	4.743198	3.016705	5.080351	3.466594	4.537506	9.047778	9.001065	8.151203	9.542064	7.367587	9.284082	9.036565	11.106119	5.368536	9.560233	9.296862	4.626296	2.448371	8.556521	8.292381	3.888359	9.463228	2.680166	4.126480	5.072151	3.205645	8.236508	9.932262	8.518633	3.979576	2.774745	3.677024	8.977686	5.087706	10.249495	3.223550	3.993343	7.468175	5.046937	11.305390	2.524496	8.837657	10.091093	6.409679	9.493088	7.807819	7.197215	5.794546	4.868841	3.621658	4.917181	2.396372	7.642805	3.594409	2.930319	8.436738	10.237835	4.514899	3.438843	11.140639	7.005450	3.841542	3.083133	5.469250	10.689827	6.887871	2.828493	8.360011	0.000000	6.925194	8.778478	2.652206	3.871078	6.227240	11.372655	2.897510	6.640185	10.146312	6.521121	3.224861	10.543808	10.980719	7.319062	7.432678	9.472916	11.404535	8.567499	8.612846	10.114829	9.146126	4.010822	4.685540	11.275716	9.890725	10.201694	4.935153	2.856816	6.099746	6.345914	3.418531	8.551851	8.220931	3.321159	5.749739	7.123476	6.078454	6.234126	8.297654	5.485351	5.871219	3.667173	5.496182	6.550442	4.410814	6.132567	9.842862	9.299917	3.255987	4.451933	4.640874	4.956012	2.850259	8.238244	10.241859	7.636485	9.418297	11.462830	9.804786	5.012745	6.569775	7.659091	5.278591	4.167788	5.012900	9.241688	4.448515	4.329503	4.996775	3.652593	4.020861	11.496555	9.643424	2.696029	5.636144	9.942334	2.477357	8.632660	9.774570	3.029211	8.055019	2.524046	8.746717	2.967704	10.694962	3.502715	10.064854	2.756688	6.388164	10.465541	5.774381	8.754958	4.550800	10.931527	3.034971	11.117868	8.933396	5.029717	7.177331	6.619379	6.901808	2.938954	3.465233	11.269291	7.733784	7.180655	6.278392	6.326798	3.971279	10.700002	3.617327	11.358110	10.778078	6.603463	2.915810	10.448255	5.209025
2.467194	3.556293	2.371939	6.547347	9.727565	3.083167	2.435360	7.505329	10.727226	7.103154	5.481197	6.427094	3.575784	3.928550	4.277802	6.138143	3.050482	3.325242	6.661451	11.195259	3.067458	8.304674	8.092894	3.739865	6.062045	5.687299	7.619091	3.424883	4.583784	9.720600	9.278987	10.926171	5.449079	2.971109	7.132463	10.675586	11.280160	8.166922	3.362857	8.417185	6.550912	3.117595	9.813943	9.633535	2.858474	10.496508	9.977974	5.662396	3.696060	6.849680	5.133073	8.408865	3.652610	4.910360	6.288160	3.186535	10.233567	8.332695	7.532012	10.915145	9.155814	2.534485	4.784357	5.413948	8.231155	7.014261	5.812453	10.284957	10.122079	10.921014	4.581437	8.901012	9.038370	6.295160	9.187999	9.901201	8.320143	8.428534	11.574255	6.302725	6.994573	9.891508	5.524240	7.078144	7.838634	0.000000	4.142818	7.437575	10.286314	3.552312	5.692309	4.846736	8.395454	9.511867	6.634230	8.463182	11.326893	8.334341	7.950021	6.140857	4.697432	10.437731	10.629527	3.264934	7.594734	8.637983	5.355653	10.655526	7.419045	6.048572	5.157064	3.198119	3.867293	9.378918	3.622385	7.186885	8.842754	10.580117	4.156360	2.609537	6.832272	2.779851	2.677489	8.910672	3.699842	10.484638	4.657492	4.506167	6.169969	10.983172	8.149280	3.831924	6.293876	8.116132	8.966087	3.500871	6.143919	9.607570	11.358729	3.713679	8.265388	8.815441	7.398245	8.248584	6.559112	9.887104	8.484338	8.130457	9.173766	10.153810	5.869025	9.844749	9.292701	2.328430	10.921923	6.465225	7.891481	7.371183	5.790558	8.269067	4.328679	11.446110	11.110179	6.902458	7.372755	6.876660	8.259392	4.780583	3.256667	9.084687	3.684964	9.142560	8.350037	6.703795	6.683449	7.778580	9.328642	6.314513	11.152500	7.384118	6.193221	3.811219	3.592926	11.554845	10.824752	3.278773	6.195780	11.177518	7.982046	2.469755	3.772032	9.499710	6.280198	8.671744	6.704854	5.631753	8.874258	3.873470	3.302331	10.469002	5.328360	3.428720
4.941812	8.483072	10.182116	4.465459	9.934781	4.715016	4.360582	5.245618	2.367357	2.322290	9.812158	4.030605	6.018925	9.256575	3.817709	4.754419	9.743819	5.595879	6.810398	9.897702	8.973520	10.569337	8.879686	9.395362	3.502589	7.019707	8.068915	10.183873	7.825342	9.839136	6.580562	7.539746	7.253729	5.472705	9.937067	7.979640	5.620215	9.000068	5.241228	6.719524	3.684795	9.223994	2.897329	5.995028	6.265702	7.376399	3.229938	5.484978	3.076942	9.948353	11.320456	7.864427	8.209761	11.401389	5.743053	8.330214	3.078181	8.892819	7.963891	9.014506	6.681635	9.074857	4.251312	3.295745	6.225731	10.231440	10.775391	2.970470	8.305468	2.581405	7.968918	11.412329	2.844441	8.673761	10.198567	6.202131	8.547621	9.346517	5.593681	6.080298	2.715342	6.305664	10.268819	8.511025	2.762344	10.946549	0.000000	6.941784	6.785712	10.163057	9.915976	6.057936	5.982294	11.346130	9.893258	3.829829	7.934226	11.126687	4.510220	9.583032	10.832571	3.652372	8.572619	3.446680	6.599774	5.276281	11.342790	3.876476	6.905041	11.266757	5.423263	3.355837	3.616342	10.381813	5.105444	10.652706	8.004804	4.912554	7.314690	4.986945	5.371540	8.658200	7.399159	7.654317	4.010403	4.460349	8.825397	6.320058	3.540987	5.551787	7.927254	6.517497	5.188381	5.026123	9.869913	5.002657	9.411959	8.150055	3.958740	11.497225	4.577336	5.037547	7.317594	7.794935	7.866102	3.558246	4.366040	5.163889	6.045209	5.322188	8.997553	9.225574	5.683420	8.673225	3.697466	7.853239	4.596371	9.203876	6.111628	8.936006	10.343219	8.929864	7.259027	8.132680	2.528892	2.818835	8.454249	5.782786	7.825310	4.457210	2.962234	8.860577	8.378855	11.561803	5.868270	2.983601	10.668690	7.770954	10.779462	7.860716	3.859350	7.920241	4.354886	9.452262	5.169547	11.008202	8.184579	11.099331	4.748966	11.242691	6.626908	3.104338	8.920056	9.078321	2.438454	9.061797	5.194187	10.934052	11.374350	10.324082	5.568941	9.752315
10.677820	10.151074	3.989909	11.310281	5.193350	5.797263	6.443932	9.983713	3.226228	5.501134	5.041589	10.811349	10.094978	10.494933	10.022664	9.280993	9.810090	7.217487	2.337727	6.988199	2.992322	11.251464	11.287504	2.604421	9.684269	4.343253	7.487079	3.054814	10.429633	10.835617	2.560132	7.846216	6.926059	9.387167	6.035596	9.617789	5.909785	10.330566	6.205204	7.361638	9.927071	2.544481	7.010172	2.442184	2.682897	4.132728	2.785236	6.954399	8.033359	5.239549	11.225864	3.587668	10.468827	8.346159	2.928340	5.799530	3.212152	10.215701	9.981343	3.001924	7.509217	10.480477	9.831794	8.597182	8.908552	4.173902	7.233889	6.396648	8.565916	10.875858	4.224925	8.641031	10.763267	6.284176	7.823836	9.119027	8.929719	8.696674	6.703636	2.664457	9.386534	10.641206	3.115287	6.524953	4.559949	6.668357	9.677732	0.000000	4.724596	5.971572	5.368427	8.770894	3.934208	8.556976	9.917657	7.524192	8.236395	8.313012	7.474175	7.267020	7.978031	8.706874	5.581754	10.035378	9.328298	3.843758	8.026934	2.440250	9.557162	7.743681	7.163504	4.895179	8.311139	9.399384	8.353793	10.054777	3.650093	5.575049	3.807086	6.262840	6.937771	10.762357	6.073570	10.377471	9.535275	6.777125	10.050655	7.421020	8.732474	10.724167	3.193495	11.076493	2.603258	9.574566	6.538436	8.992842	11.150632	8.458131	11.096295	8.625113	5.949735	2.322423	5.551172	5.482347	8.858126	10.557782	10.438206	5.299481	9.283882	10.398194	8.977028	2.957984	10.583875	8.497264	10.463266	4.986750	4.868088	2.354785	3.786237	4.357765	8.854698	4.697751	5.771473	4.644078	5.785498	8.094246	9.214987	4.502989	4.129566	5.590157	10.267537	2.958303	5.983960	9.878523	4.843549	7.601907	10.751407	10.011827	2.612437	7.694209	4.603441	7.597917	5.694786	10.434117	6.212345	4.763130	11.309376	10.097598	11.180199	4.035595	4.752895	3.981242	7.375924	2.663544	5.678198	11.462032	9.264359	8.623113	11.103973	3.199868	10.237382	3.441588
11.263365	4.030036	5.929450	4.533821	5.794962	4.587319	6.497663	9.111766	7.613973	3.468655	10.715283	8.020890	9.925981	2.607615	10.422714	4.935873	9.903918	7.874052	7.969702	10.988374	3.790373	3.453288	5.619986	4.852447	8.864820	10.404410	3.015219	7.741188	8.745130	5.259911	8.026127	2.788631	5.111016	5.411425	4.384261	8.569753	11.506436	4.798717	9.110315	10.440956	6.228658	9.857708	5.149147	3.568753	10.452977	4.012121	3.250304	3.341329	2.409993	3.271323	9.005821	10.744214	7.825204	3.088551	11.131744	6.557908	8.823134	7.184118	2.340568	11.466619	2.826767	6.207154	11.517755	8.852123	8.236887	8.749554	5.462608	10.513824	5.228736	5.403924	4.941586	10.838715	8.223059	9.133017	10.076331	11.063178	10.288218	3.171116	6.858130	6.315580	6.601968	9.096520	7.763416	8.783710	2.459293	8.280778	3.500029	10.019264	0.000000	11.584505	5.420917	2.546572	11.375105	3.108049	4.535202	9.704799	3.677266	6.104890	5.188535	5.302496	3.831530	8.336978	7.720259	8.515226	10.448674	2.343080	4.277747	2.982948	11.385285	4.347842	5.281936	3.244425	3.872389	10.463310	4.153881	11.136424	8.989492	6.809488	6.160417	9.940163	9.256735	5.199943	7.230156	7.406767	11.247810	9.218108	2.775672	5.879980	7.030389	8.533057	3.778707	9.175036	3.734819	5.489978	10.534348	6.841052	4.913225	9.049351	8.880140	4.781689	5.907384	7.132328	3.262575	9.973254	5.206934	3.544915	3.981325	10.253327	3.042319	3.268484	9.283955	2.858387	11.403613	2.651653	10.237994	3.781216	8.085776	8.841870	4.871856	3.344365	5.759289	9.201517	11.110320	4.498689	8.747295	10.448745	5.515476	5.186612	2.718504	9.545788	4.140044	2.456015	7.427712	8.121152	9.357482	8.977158	9.597510	3.831035	7.201114	10.799700	9.583590	3.487496	6.353255	10.359863	6.433256	8.771395	5.789467	6.250453	10.424886	6.663615	6.225509	8.166144	10.560747	10.738191	7.195776	11.213240	3.045400	7.794032	6.797037	8.229184	9.194135	11.400483
11.218767	9.540730	5.649738	6.473848	10.360839	10.480866	2.564518	10.461983	7.852529	2.432502	10.838876	11.522348	5.663725	9.887939	11.086854	2.505284	4.451347	3.496168	7.470013	2.627722	4.807454	2.381835	7.215155	8.459515	3.247827	6.915351	2.834235	8.268461	8.243139	3.622673	8.028781	11.200645	10.890212	3.827515	4.470801	6.777911	3.950959	9.670862	5.967600	7.313263	6.816538	9.553728	10.856134	5.720383	6.795773	11.598551	5.677721	8.717887	3.399583	8.531498	6.602818	4.229419	5.971364	5.741204	9.990027	6.722838	7.262775	8.166245	5.077158	2.876668	7.579318	4.630033	4.800613	9.295437	8.800538	4.504166	9.534807	3.033073	2.875167	3.454846	10.068117	3.336027	4.309784	5.676730	9.018949	7.835976	7.957044	5.708216	11.594082	10.750650	9.791735	5.325889	11.419044	8.285559	5.060476	7.944755	8.693171	9.228836	6.876531	0.000000	5.406460	5.392160	3.837202	4.370237	11.203739	3.409030	6.290366	3.490482	10.613285	5.826794	4.637513	7.289024	11.403733	5.857273	3.180279	3.312825	11.134752	10.618276	8.741369	2.368178	4.370812	2.455102	6.415920	5.904063	3.257024	6.746272	7.522431	4.467546	3.073462	3.217810	2.507091	10.718910	4.801010	8.897931	3.120726	8.354502	10.606270	9.338202	4.920084	11.590901	7.380402	6.910809	7.569592	6.806073	2.485457	9.874565	3.919261	5.364053	2.417367	10.386675	11.579759	5.119558	9.353094	3.477152	7.703902	3.563852	5.109816	9.470431	6.642433	5.157832	9.334191	7.570140	2.358693	6.487107	6.253108	4.764150	5.739802	9.058331	3.134828	3.584562	4.438391	4.328151	2.376125	4.619110	5.999041	5.472300	7.148479	11.580147	2.484945	4.938110	4.402120	7.542167	6.155124	4.802439	4.814769	6.696673	2.995539	3.571515	2.419768	9.898480	7.461261	9.222404	9.121472	7.986958	10.604667	2.539443	10.917482	5.541552	5.484329	7.434433	6.501139	9.729772	5.674427	4.836301	7.720372	10.359406	7.836988	4.845195	2.634450	6.018249	3.574279	6.812073
6.356848	10.152488	8.847666	8.722646	7.099265	6.958204	7.183435	3.636015	7.508476	9.454085	3.744600	6.058721	4.218412	7.617193	4.478488	5.861569	2.887883	2.684651	4.869973	4.791949	11.573313	9.919355	6.134858	6.076658	8.608268	8.302959	9.491675	2.415374	8.940641	9.684581	5.135574	8.276268	2.574613	2.470878	6.146311	5.749784	11.433017	3.645456	2.531169	7.295641	8.783530	6.839415	8.467562	10.583141	8.642834	9.456424	4.863958	4.563731	4.326405	7.277940	8.147610	9.659100	2.544930	6.772395	7.565281	7.872751	9.809932	6.118781	9.459597	7.070036	4.211452	7.017321	5.625287	11.137740	5.788658	3.353098	5.696467	8.087853	2.769805	7.860791	11.456128	7.617807	5.718014	4.685908	4.978951	4.232705	4.968029	9.276025	5.696335	9.618011	3.147088	11.045927	4.051932	10.302286	9.907994	3.504953	3.723765	7.322691	8.634665	6.002561	0.000000	8.796016	8.209059	9.384021	3.701439	2.911570	10.284878	3.390973	8.126198	4.031465	6.689381	3.639572	9.851454	5.604575	2.959624	4.302672	4.692590	4.441019	8.928089	4.468770	10.549109	3.595661	8.583665	7.928235	2.611459	9.761829	11.029359	5.652245	2.539871	7.334557	9.219875	6.672442	10.070893	6.755327	9.087113	2.820556	11.144102	8.525007	6.156931	8.797954	7.051295	5.625976	2.345690	11.590673	7.741988	9.755934	2.401989	4.859475	11.426154	8.218740	11.106656	9.036819	10.978013	9.087830	6.078245	9.575367	2.365655	7.019605	3.187130	6.073127	6.426359	5.366014	6.399040	10.167112	7.998034	10.050153	5.690292	8.899867	4.163522	3.059587	4.927986	3.447321	11.256507	6.022528	7.818354	6.415792	7.576052	9.949840	7.320441	7.184218	10.070586	2.948021	5.892147	7.373530	5.293921	10.259344	6.857440	8.012298	11.495574	7.869252	6.196501	2.592411	7.962418	10.233394	5.700560	8.570053	3.684727	5.304942	8.678720	10.384192	7.051028	8.365790	8.078817	3.964114	2.960798	3.854786	8.035241	3.835196	5.858962	3.136944	6.417296	8.158262
5.554081	7.176996	10.580815	11.369838	9.582078	5.201596	5.052321	5.762877	9.724451	9.533700	5.526145	8.739177	4.582367	10.158975	11.430389	7.255482	4.795802	10.993053	8.318995	6.144959	7.015456	10.238817	9.913187	10.306962	8.375063	10.574438	7.485119	7.991301	5.615429	11.518175	9.635839	2.637408	10.066067	4.153867	8.937120	7.161352	5.448828	10.279287	7.858576	7.940810	4.184965	8.092465	5.267265	10.352337	4.655584	2.856255	10.700282	9.455094	8.003366	7.549387	9.325029	2.381020	9.415843	10.924043	9.617250	6.953930	9.886335	8.281340	8.681364	3.461530	4.849239	6.562587	9.960967	6.258741	5.841597	3.468608	3.120639	11.131548	4.874773	2.571167	11.415158	3.508307	3.017270	8.524438	8.786029	7.098941	4.639157	2.821144	6.995402	6.023143	3.890519	3.532168	8.989510	8.083664	7.622436	7.723936	3.588962	4.354035	6.196311	6.630398	10.834517	0.000000	10.567065	4.117197	5.629456	8.112964	7.891615	8.048314	9.175867	11.257516	6.164971	11.299328	2.947218	8.534453	9.396921	6.606087	3.819635	9.386324	4.232965	10.166755	11.324750	8.233611	9.142291	9.239260	3.238905	8.264790	11.048115	3.900466	9.063872	8.583886	11.250260	4.811066	11.573359	9.609488	8.855137	10.184958	10.545993	6.456056	6.274703	3.833366	7.517841	6.561693	7.300148	4.511905	10.222295	4.687124	6.983343	7.993319	9.489520	5.506161	7.794680	2.469609	10.762936	3.254135	3.239724	5.248923	4.085450	2.442127	6.523257	10.863851	9.440813	9.861386	10.830115	10.692849	7.631297	11.488058	4.945354	6.644030	5.401357	8.254178	6.328324	2.431157	3.526881	5.509547	4.645215	6.494620	10.802478	8.711045	4.767365	6.457848	7.965922	10.561623	3.044125	4.803147	10.784409	8.443865	6.890799	6.873290	2.641351	4.521561	4.551657	7.497178	4.657524	6.525297	3.691488	4.570935	2.352640	3.247130	8.596649	2.347508	3.732782	5.931343	5.424484	10.654838	11.030450	5.945086	3.120882	4.762835	5.706639	6.346562	3.623771	7.720321
11.134069	7.371082	6.790015	5.478965	9.010879	4.343017	9.662409	8.547523	11.546779	5.911746	5.376530	5.262594	2.780926	6.042088	3.773618	10.360618	10.352168	7.983046	10.730394	3.120311	11.345810	7.244361	2.717656	10.294979	10.985260	7.441251	11.511927	2.853778	10.744537	4.742769	2.961778	5.793610	11.366995	5.797742	7.895136	5.705585	9.716444	5.092611	9.752360	9.703715	7.381656	6.577466	6.862060	9.608512	3.828146	6.502108	6.217358	4.749267	4.765500	7.850116	11.396530	9.176415	8.418947	3.904380	9.372590	3.567980	6.246307	7.769862	7.529206	3.664297	5.973868	6.664935	11.354294	10.900803	9.469357	11.227802	3.238474	6.725756	7.003994	8.602938	8.460244	11.453948	9.495238	8.153981	4.845290	6.438380	4.492016	10.272339	10.192796	5.493264	9.449463	3.123978	2.827526	2.743718	7.021666	2.457575	9.354797	5.287607	8.393958	3.074412	9.911576	8.240830	0.000000	3.914250	10.387424	11.548149	4.852919	8.962266	4.465313	8.397204	10.374141	9.546434	6.994063	5.628690	3.818452	6.613830	11.282354	7.376395	9.268875	9.596968	3.843541	5.239521	8.163725	11.189120	7.503623	7.922789	6.455830	3.853649	3.527292	9.291787	7.133112	10.643583	2.446988	7.754460	5.310505	11.336024	8.678038	2.901350	9.491291	8.706857	10.100498	8.989847	9.186278	5.012685	8.048454	4.260113	4.702887	7.312768	5.736970	5.107734	5.259823	5.589374	11.173113	3.761703	10.903496	7.246587	7.389281	4.349209	9.249829	3.081547	10.757886	8.996795	6.853533	9.590594	8.484430	8.645868	10.776981	6.917266	7.710501	8.439768	8.970391	3.079096	4.583006	8.984692	11.219598	6.660513	2.787928	7.532085	8.714324	5.146774	10.476615	6.211408	8.506392	9.972263	11.278620	11.440915	9.274944	11.093671	6.047640	6.792280	5.024312	4.491228	6.234560	9.077207	9.587250	6.183102	9.116663	10.168825	3.943213	4.735738	10.123808	4.756442	5.687513	7.386287	4.095166	2.535113	4.182495	6.555583	8.645699	6.253893	4.059330	4.673864
10.675861	5.531991	5.798441	11.216789	8.424984	11.327999	3.807629	8.756299	5.290083	11.147812	8.752017	2.955733	10.153573	9.080968	11.184406	10.421923	11.203832	8.553769	4.719006	2.923263	3.011176	11.145298	4.948738	8.393522	4.681722	8.540211	8.805916	8.988450	3.763688	9.361915	11.554965	10.466782	10.591142	3.226274	5.500566	7.856287	3.063016	9.273540	4.205688	2.695168	6.041442	10.275068	5.244962	9.187018	8.879593	8.203821	5.669106	2.411870	3.495087	10.855777	8.491500	4.456750	3.915325	6.339016	3.908157	2.604792	4.769168	4.559780	7.263889	11.466086	3.022434	8.931845	3.412277	7.717737	9.465460	11.123680	8.704247	9.613873	7.408333	3.482489	8.624037	4.742065	8.134804	5.411837	8.966415	4.082854	10.945066	5.989137	6.613957	8.987483	11.446703	4.560452	5.744727	9.029923	3.237660	9.612123	3.266910	6.398541	8.682239	3.306505	10.852122	6.519857	4.174714	0.000000	7.333352	3.586744	5.427476	5.192901	11.472722	3.742791	5.143976	4.395978	2.529452	3.301825	6.554068	7.964511	6.469010	8.750189	6.689515	5.768072	3.948967	3.552997	2.944612	11.545993	11.524348	8.214786	5.354313	7.224683	6.792872	11.483835	4.541293	4.481058	4.311723	9.801702	7.782146	8.502574	3.317221	5.362722	4.595833	11.379763	7.522615	6.048902	3.651689	8.541995	4.921108	3.021051	5.343818	9.120864	5.711499	2.385986	10.290016	10.430109	6.938046	7.024704	3.382442	9.955298	11.201427	8.941902	10.805292	5.693057	9.620244	2.720672	7.775501	5.136187	2.926908	3.764131	6.963694	9.529789	3.698707	8.134476	5.445378	6.946492	4.393381	7.573708	8.915505	8.830380	4.183780	11.582878	8.977335	2.422797	5.011330	4.006710	4.292375	7.060086	8.351297	7.212527	10.842803	8.487908	9.881536	10.957443	6.903689	10.640231	8.646846	3.838180	9.948438	8.319491	3.275083	6.844828	7.492242	9.166943	8.951703	2.659877	3.161447	10.411510	9.577525	10.701633	11.279329	9.781400	2.598657	7.756218	7.792439	7.273383
10.205689	9.346835	5.036409	7.428348	10.081812	10.994975	2.492566	10.745948	4.840109	9.848797	11.397156	6.838374	3.916551	3.079774	7.592263	9.146794	6.967313	2.623671	7.390708	4.569728	3.927486	8.432613	7.885550	7.905344	8.415793	5.190626	4.874183	7.923491	8.946160	9.532231	10.994334	6.515184	3.118850	9.426220	8.734391	2.884220	6.434498	7.010851	9.139334	2.809979	4.788582	5.564913	9.439331	5.439940	4.336694	7.453067	8.740394	4.640623	7.955456	2.864754	7.927991	7.904213	5.513947	3.276852	5.296566	5.341035	9.308283	5.252600	5.134627	4.965634	5.067314	2.336550	10.460307	11.364810	4.179569	3.995476	4.959197	3.415072	2.362161	5.533190	9.923758	4.605097	6.022523	4.022649	7.700309	4.060029	9.292099	11.535348	7.399638	5.760977	5.406667	6.012397	7.957392	8.408946	7.978390	8.302055	3.253123	5.696055	9.253065	10.433533	9.106324	7.983681	5.149143	4.069737	0.000000	11.307673	7.451591	2.535624	11.206182	9.377805	3.518698	4.580095	3.680369	8.438434	2.501177	10.193043	8.493373	5.104656	9.177600	7.994439	11.378421	9.035871	4.586879	5.765161	8.485835	8.892134	3.064806	9.840719	9.145918	2.977722	3.219731	4.477534	9.120315	3.483436	3.598646	6.943618	7.998771	5.315783	6.551455	2.552228	10.909419	11.299498	5.215763	5.563132	9.999712	7.422533	7.094616	5.244588	3.838388	6.248004	10.882227	9.498774	9.443550	2.992369	4.086598	2.877941	8.958290	5.136973	3.563193	2.420754	6.577666	7.455310	6.588157	6.799346	6.851601	5.901101	3.837588	8.217280	7.851076	9.270977	7.840760	7.861315	5.352553	7.411328	11.006035	3.128763	4.001166	2.496404	3.282995	10.879065	2.323110	5.639452	4.442702	7.956530	4.695816	8.020618	6.281950	9.653699	5.418830	9.884556	2.463860	10.103104	10.308072	2.615593	3.411215	9.343039	10.784030	4.162162	6.515348	5.514569	4.221573	2.654316	5.491565	4.478491	4.108080	9.475076	4.387169	11.482061	5.889498	7.125503	4.519538	7.163843
9.975457	3.294706	11.409223	4.139640	10.092592	6.934409	7.478402	4.499773	7.565375	11.155123	5.486572	2.752891	5.016062	5.377527	7.412401	4.003453	5.105531	11.024554	2.512771	9.930105	7.057870	3.469029	4.816318	2.917348	7.863292	5.457361	3.004791	10.884360	2.594802	5.259685	9.646059	9.953155	7.220520	11.164820	4.114195	11.408773	10.574421	9.473511	6.805368	11.343704	9.007372	9.429173	8.335826	4.179333	9.450129	11.258379	7.883743	2.331418	4.409121	4.522453	11.060972	10.352304	8.735761	7.439236	7.334361	3.985578	7.332446	7.977405	10.931936	8.647101	3.181281	9.459908	8.034091	8.746631	4.414972	3.583321	10.347585	6.617721	8.618890	7.819920	10.926941	2.424901	10.283285	4.069991	8.129470	8.156010	9.913440	2.951124	9.316049	8.000811	9.033103	4.843945	6.349978	7.016003	5.090716	2.727719	3.076942	5.894961	8.065048	4.698689	11.279755	8.454172	10.909551	10.068515	10.698725	0.000000	10.981975	10.717270	6.307952	3.115258	2.885934	6.919129	10.175597	11.225022	4.894594	10.433056	4.640775	7.214509	10.295911	11.244114	10.452503	6.844831	3.986668	9.340362	2.439066	9.842862	3.039401	5.346998	8.241868	7.895859	9.599658	4.857744	3.491605	4.685512	9.636493	4.727243	9.365503	10.281289	7.966996	2.530316	6.320616	2.686880	3.202484	3.389246	10.978419	8.878951	6.985350	5.951180	5.696110	10.810681	11.160081	8.397725	5.495880	2.437368	5.617906	8.118203	2.892014	3.834478	3.277839	9.544234	6.778736	10.197183	4.822505	10.582446	5.817057	4.614217	8.736357	3.683096	7.089105	7.649238	7.849607	2.386394	7.552984	5.988948	9.365349	4.776385	4.460643	10.759734	8.079525	8.411398	9.655353	7.396874	7.254449	4.620062	4.837743	6.244828	9.520003	10.887627	7.301541	9.402296	9.295484	10.261909	3.075035	7.351630	8.449761	3.089079	9.242000	6.695972	8.662924	2.921421	3.346632	4.756443	3.364124	11.350792	4.447555	3.942618	5.523080	9.210960	8.689512	5.230049	4.429527	5.355472
6.927424	3.031219	7.387530	5.438757	7.351781	10.443935	8.638272	7.224729	3.872922	5.164469	5.457576	7.811103	6.287601	6.051549	7.830903	5.952832	6.982675	7.796382	6.101845	7.671261	5.531386	7.206301	5.125774	6.157857	7.272619	10.647356	8.040392	7.407786	7.697802	4.928512	9.170491	10.700483	9.104261	6.725414	6.171027	2.778555	9.344699	6.152885	6.033087	6.174474	4.357233	6.227729	8.426262	9.933416	10.915354	9.032406	10.835454	6.172922	2.660762	4.700621	8.146484	4.202914	5.257924	11.362835	4.333589	10.072969	6.450845	6.479789	9.836212	10.195872	4.114959	2.698991	6.691897	11.079869	9.755526	7.709468	11.312996	8.085385	5.686679	7.923573	8.619546	5.722261	7.651844	3.929037	6.713109	8.379874	4.736298	3.538410	8.220323	5.425280	8.783300	4.534769	11.394377	8.315474	4.170719	3.281928	7.118592	10.614380	10.372385	3.236243	9.466627	10.402268	5.151762	5.411685	2.407096	11.152210	0.000000	3.279048	5.791019	9.826303	9.555712	7.307657	3.712056	8.268085	2.558622	9.148291	10.900530	5.120492	6.785102	5.283838	5.012571	11.448764	6.022623	2.554328	10.722950	11.591111	10.817393	10.533565	8.908071	3.267119	8.652494	7.154480	2.791725	8.642448	9.589339	5.226667	10.170627	3.059879	6.931370	9.787367	2.608897	10.680646	8.379974	7.325090	9.832688	2.801553	2.990321	7.822655	2.771471	11.090551	3.305742	8.312312	9.028224	9.077344	10.920058	4.842166	4.070609	6.986876	3.180471	10.385897	10.408620	9.259415	2.571490	3.395785	3.393730	5.972075	7.266471	3.427372	11.343161	6.520212	10.917082	11.524463	7.309308	7.741087	3.068362	6.428786	6.486784	11.182564	5.726171	10.750642	5.665902	8.277280	10.097296	11.193860	8.376910	10.616893	7.983400	2.788488	2.761610	7.343505	6.252137	5.314191	7.583071	2.663891	5.814532	8.072465	6.074512	3.996510	8.657511	8.035562	3.419359	4.649655	10.752934	7.943367	3.585757	11.487828	3.986373	11.595323	2.718119	2.821853	2.541485	5.718631
4.236235	6.026883	3.249999	7.973235	7.562737	2.628381	6.957414	2.965084	5.578733	3.308650	10.714876	6.809499	9.262624	2.921877	4.015102	3.345726	5.820499	7.438741	6.685687	4.442817	4.907529	4.907688	10.487115	4.792077	2.716668	4.349006	8.999316	9.946031	9.919791	2.328366	5.665473	9.703093	10.120337	11.386775	11.404865	10.711697	9.474242	2.866407	3.014304	8.504505	8.330896	2.595701	4.708178	8.852064	7.118436	4.120195	3.384733	2.873525	11.564058	9.480434	5.495000	3.589434	7.316256	10.777927	9.104003	3.864676	9.415215	3.233886	11.499142	6.092353	9.194406	7.399850	9.205707	3.522109	7.214103	3.023867	10.597089	8.584537	6.988422	9.226402	4.833365	2.973092	7.866676	4.888734	4.999509	2.800556	10.823269	8.452103	2.732575	2.793952	9.236280	4.808060	9.756691	6.533312	9.096416	7.858228	10.822677	7.809348	4.640234	9.011339	8.686192	7.620129	11.161527	9.699187	4.994032	5.151784	10.567710	0.000000	3.914003	6.934159	6.979475	3.525665	10.717438	7.836105	6.324186	6.205910	4.805649	5.812152	5.517640	8.500840	6.038442	2.704007	8.154252	6.065886	4.131561	3.272471	4.602235	6.326168	4.690561	6.751041	6.015314	6.913544	11.220493	7.822872	5.534394	6.155817	4.356619	5.566423	4.635040	5.116244	9.783775	5.690912	10.896737	7.657828	8.043673	3.603146	4.502633	8.252305	11.297500	3.166399	4.236811	9.609682	8.902558	6.859531	5.744854	5.242089	4.634753	10.964740	5.681069	7.205852	8.913924	3.020258	6.098948	9.808873	10.467620	3.128016	9.101066	8.869658	8.419718	7.279422	10.565603	10.093186	8.829895	5.086564	10.743310	4.788887	7.802038	9.265469	6.740273	9.827048	9.940294	6.323450	10.980039	6.774585	5.641523	7.172529	5.495488	10.563158	3.549593	2.871392	4.043023	8.559003	7.753109	5.869108	5.596978	2.713398	3.532152	10.694597	3.559416	7.127742	3.312801	7.384339	4.379359	11.265692	4.408216	7.348840	10.148156	4.295583	3.270931	6.312046	5.018830	3.684557
8.002805	4.718316	8.976680	7.291690	11.040835	11.001540	7.475086	11.183519	7.254055	8.821652	4.171770	7.685750	2.737834	7.158623	9.575303	9.754459	10.250408	10.836459	2.781713	4.298518	11.004654	2.959508	3.301040	10.588759	11.305078	7.975203	6.059452	2.532168	9.065957	7.279564	2.434302	4.746243	3.782047	5.289895	6.837009	2.624424	9.642146	10.655975	11.512706	6.532454	2.604474	8.717186	9.211827	8.461413	9.187915	10.639345	9.866793	9.560462	9.298268	3.757042	4.084623	11.392139	6.726405	7.298469	9.237452	7.654576	8.548130	4.286105	9.922433	10.674658	9.810768	9.169145	4.007604	2.430152	7.074444	6.642979	6.002438	9.808406	11.346694	8.675608	8.186675	11.377696	9.959271	3.678138	7.652175	3.518679	9.738523	2.687897	8.119799	11.228376	11.288880	4.971611	8.761446	7.376924	9.816847	5.938256	2.812881	2.934208	11.534296	5.893787	2.680021	7.421344	8.459756	2.845624	4.883653	2.512007	3.984623	4.436509	0.000000	8.657718	7.604677	7.393084	11.206575	8.916815	3.160455	10.723827	8.136155	4.276920	7.210127	3.956048	7.891773	10.072460	3.836713	4.649017	5.506142	6.682583	7.371681	4.711851	5.177003	8.370424	11.146303	3.129603	2.822499	6.284321	2.535788	5.046086	11.492421	5.109119	3.107146	7.818555	11.478482	9.464049	2.377438	6.483656	7.095682	5.043759	2.919333	9.239110	11.113991	6.564729	2.905665	9.779469	4.260339	11.199598	7.522050	4.096250	8.768543	11.498264	7.766718	3.023061	5.925984	10.283564	9.269818	8.606561	7.686185	8.346345	11.082543	5.864361	9.150803	3.941423	2.708914	11.009278	3.836669	9.492354	6.782707	8.475361	2.855400	11.298271	7.206660	8.085319	7.725060	7.781243	5.116283	3.532619	9.330227	3.587070	7.800391	9.039610	4.498067	4.035444	5.701216	4.080003	11.050371	6.771812	11.386925	2.875743	10.430551	4.981607	8.001252	2.569235	10.527298	8.402085	5.117522	4.452820	7.053779	7.684936	4.717328	2.481226	10.489023	6.564254	7.790597	7.111229
10.666140	7.265656	11.237977	10.782296	3.501701	2.752342	4.392768	9.628071	7.712541	5.900917	6.584186	4.569813	7.051056	11.547723	4.801995	5.416640	7.103794	9.830980	5.951415	2.396996	8.028904	3.984229	2.418433	3.863662	6.951504	4.049404	6.692751	7.299480	10.895691	2.447616	4.518564	7.598504	9.399361	11.580043	8.290034	6.096162	9.512549	2.677810	7.572972	3.837989	8.374702	9.967944	11.183273	4.816274	2.550790	6.228028	2.852839	6.867160	10.581572	3.203465	9.784240	9.520795	9.857014	4.450261	6.528470	3.725562	6.610005	8.827916	8.831740	10.860202	4.481272	10.419044	8.452853	3.836108	10.056024	5.957863	9.080201	7.382703	9.377503	9.849130	7.724597	3.129886	5.504332	2.714862	3.296852	8.098916	6.823336	11.391292	4.027759	8.139766	8.257422	11.136385	3.655318	3.274447	6.940033	10.520586	9.818909	2.968066	8.643134	4.353780	9.271398	11.021401	7.598447	8.900004	10.614266	3.238934	7.517940	3.221216	5.613017	0.000000	7.491147	5.017002	8.728397	3.514954	2.953938	2.327034	10.445141	9.150358	8.445177	3.972187	3.150188	6.358842	4.418758	5.796819	3.995635	3.771801	5.011778	7.316046	6.790364	8.754447	10.945749	4.337053	8.457351	2.704908	11.302611	2.636434	5.722499	10.715451	2.734669	10.294907	5.760188	4.773082	2.975826	10.825464	3.402647	4.202465	3.235914	11.219099	7.869232	5.808884	6.699083	9.021926	11.164827	7.982893	11.420630	11.063143	9.371982	11.062377	6.835071	3.942014	11.148704	10.045867	3.928959	11.210708	7.141448	4.864805	10.084024	5.330848	2.727212	8.812399	10.318469	3.771751	9.923360	5.590006	3.032190	11.408834	8.638857	10.076171	7.194523	2.756074	4.843012	6.202986	2.885337	3.094530	8.986165	2.782821	2.615576	9.936778	9.602850	5.283051	2.723056	8.859059	8.856607	10.610245	3.423241	4.447788	8.440386	4.420005	3.880664	7.859452	9.284582	3.074398	8.390990	9.660426	10.902738	4.897606	10.757796	6.216981	3.158272	11.132124	10.314163	8.366513
4.478001	3.340013	2.943469	8.346676	6.692637	8.232705	11.351459	7.282377	7.139075	7.140509	7.677479	8.944883	10.718200	4.394305	10.198474	7.212611	8.485003	6.167428	5.912663	3.198898	4.369381	2.752720	2.538518	6.887450	10.092676	4.512080	2.900196	2.654735	7.071040	4.963878	7.524391	6.990520	6.488859	8.712544	10.454026	3.658318	6.582303	11.525769	8.297987	9.685059	5.231328	3.192680	3.494469	10.024235	9.979696	6.733222	5.543047	10.587546	2.554846	8.118243	3.033485	3.313997	9.284960	3.281178	3.031513	9.609488	9.284141	7.026300	11.495661	3.553037	10.804233	3.000190	10.387191	4.665687	4.965962	8.276567	11.406639	4.035873	3.012264	5.058645	9.182057	9.915934	4.983608	9.408856	4.930560	3.244026	9.195042	11.158701	8.575852	7.676023	9.237861	2.631663	6.655862	8.941762	5.013618	2.766926	3.958774	9.152963	10.386083	4.479448	7.751347	9.239503	5.550785	2.906127	6.528946	2.395092	11.394410	8.364976	6.275966	9.983799	0.000000	3.150635	2.925707	10.878491	8.343232	8.707187	10.709550	3.207816	2.856329	7.828014	5.032170	2.526107	6.569101	9.467776	11.305625	6.851952	10.517078	8.487203	8.887867	7.255426	3.006866	5.251364	3.310269	7.809248	3.004447	11.075504	9.778003	7.065401	6.967762	9.434593	2.331258	8.100863	2.358967	3.453301	7.415150	7.926208	5.602945	7.168053	10.639274	4.896398	10.999460	6.480873	11.386888	7.957387	4.437153	7.862099	9.630318	9.940776	8.196354	8.398480	7.278412	11.537456	6.170242	6.789022	10.090138	9.598511	8.477867	6.499138	5.469301	5.814894	11.434105	10.167217	10.360668	4.922463	10.104852	4.784223	2.542420	6.857867	3.214567	5.023575	3.949041	5.400070	9.774274	7.298436	5.244629	11.194271	7.373627	8.720399	3.521008	7.387648	10.979042	10.691878	4.851492	10.025246	11.240057	3.672778	10.877185	4.745893	3.742327	10.468576	10.614071	2.442987	9.547984	8.622555	9.638257	11.054367	8.769982	5.207849	3.840797	7.653729	8.176068	3.310306
9.406846	2.862297	7.354486	4.230994	6.780809	4.356812	3.690484	6.602194	5.066368	2.838545	11.429242	6.569251	5.177606	9.960788	5.876032	7.048710	4.159446	11.268797	10.406774	10.247601	10.200444	5.309178	7.819824	7.079080	9.465907	11.059145	10.135963	5.229277	9.552944	3.535648	4.309866	9.208963	3.005192	6.797698	4.762299	6.854775	5.778329	5.518413	9.046697	4.406873	5.746318	11.100636	9.408027	5.909040	8.513651	10.487822	4.841694	5.056099	6.086600	5.252667	4.364838	9.327615	6.969354	3.881230	5.511920	8.976357	11.577953	3.233556	11.314630	6.287881	8.368568	2.363522	4.914936	9.809599	10.013471	6.982188	3.120105	5.957245	3.262689	9.503575	9.199122	8.401669	6.555713	4.467374	6.048441	8.859971	9.427631	9.341702	9.646794	5.135035	5.416030	3.982943	3.741654	2.579673	6.856831	5.838165	3.181281	7.532870	6.214348	9.870418	6.197652	10.178533	10.786239	5.087469	8.412717	6.583424	6.920621	9.030141	5.738249	10.739928	7.391445	0.000000	3.575337	4.971845	5.075048	10.888571	9.621402	3.483224	5.753890	2.788116	10.404563	9.456934	2.750168	11.225820	2.505283	8.835050	7.825647	8.853514	7.302730	7.058845	4.219099	10.890079	2.456077	4.693026	7.109983	5.624860	7.384894	2.887911	9.741051	6.829642	10.873093	3.148442	8.601135	8.280609	6.024140	2.470179	7.522087	10.584705	10.399611	7.404623	8.373624	6.080849	7.420500	4.307265	5.937163	11.253998	9.510794	9.453054	3.244084	3.181145	2.740989	4.118184	8.069389	7.611318	9.119324	9.391211	2.893982	5.741840	4.642084	6.898212	2.330446	4.692019	3.925258	4.950027	9.666187	6.601572	5.101808	8.915981	3.229621	7.136782	11.252753	2.608171	8.744100	8.551483	4.246322	9.442987	9.047098	3.979668	6.041458	2.587026	3.968692	2.415913	5.691735	10.827948	11.122531	6.533808	9.340906	7.207098	2.425065	6.732634	6.321999	5.342139	9.133669	8.174325	11.574586	7.856953	10.499603	2.709177	3.869725	7.496066	8.879455	6.480180
5.657555	3.474355	3.996019	5.732900	10.712676	8.138870	3.257441	2.693297	9.007001	7.305324	4.029693	6.835721	9.117879	2.919661	7.481566	3.590597	5.863323	5.281138	5.348537	5.989041	6.211831	6.190813	10.865508	11.164001	10.724540	7.281066	10.458390	3.722981	5.784267	8.898841	4.236095	9.660800	9.300177	3.655190	7.837030	7.393411	4.921770	7.924227	7.626297	6.196108	7.834591	9.091693	4.420385	5.830613	9.827277	7.539738	8.307430	9.891931	6.911779	7.454846	9.309030	7.463391	6.244044	7.206521	3.438958	10.159962	9.652675	8.584952	10.660541	4.637485	3.843276	2.394153	10.067763	8.223490	5.939283	10.993775	4.848520	8.393630	6.011701	3.997204	2.883907	10.823417	10.337257	9.834956	6.025494	4.845520	5.746883	3.918444	9.578742	5.257096	3.602391	11.427325	10.707580	10.121762	11.028315	2.542002	5.147972	9.437439	8.269059	5.642362	7.596055	5.198049	5.330526	10.754225	8.218744	4.615712	5.700460	4.715708	6.529784	2.851759	11.365935	11.090558	0.000000	8.253025	5.276836	4.673412	9.757332	7.139871	7.817157	10.806576	11.090211	5.345917	7.125956	7.406831	4.511110	4.350640	4.872930	5.061964	5.446654	8.552974	7.107950	7.961269	4.209005	10.819239	9.481851	4.982964	3.650040	6.296528	7.693206	7.005288	3.844267	8.521151	11.205472	4.246257	2.566188	6.036712	8.014601	9.502005	9.272417	3.819261	9.442383	10.737030	3.775641	11.566555	3.925663	4.556990	5.201623	4.908261	7.193249	9.158554	2.763808	3.123277	5.728047	7.180934	7.937302	6.982751	4.459178	3.783395	9.908343	10.503494	8.431835	3.691518	6.847573	11.551129	11.029833	9.985300	8.723408	3.623576	6.345141	4.043278	11.403885	5.310211	9.402494	11.083438	3.089952	4.226672	11.453360	10.675330	8.186645	6.964651	7.163894	4.572650	4.126052	11.590355	6.908380	3.920047	10.603153	3.168129	7.164186	9.295865	4.126066	6.096169	6.969940	6.660564	6.204173	6.217183	9.097771	6.173834	2.506077	4.849975	4.129587	4.337666
9.170131	10.193458	6.566146	10.191050	10.661552	7.915742	6.391775	5.439112	2.524115	3.338198	9.263968	3.125946	9.926133	7.920100	3.126478	3.570310	11.206175	3.774030	4.824670	10.911646	3.183795	5.222305	10.925827	6.629420	3.300701	8.000353	7.902534	11.500321	9.535393	5.555286	10.428367	5.785987	4.851245	8.439754	6.377041	3.376974	10.092862	7.233731	9.204219	9.931283	4.347613	6.668755	8.076293	7.535514	5.508103	3.533112	7.126228	10.117053	4.873878	4.085469	8.091971	3.501088	8.896128	7.412697	4.282130	11.304137	10.136854	6.201569	5.640914	5.429581	11.230184	10.450791	7.414563	5.189210	4.789340	10.074457	11.331965	3.229105	10.580149	2.636350	10.056682	9.502137	5.081546	6.455463	2.371331	6.153476	8.691673	4.972918	9.002924	4.607282	10.915323	9.357711	4.106433	2.831916	5.279978	4.643291	10.968799	11.104856	7.701101	10.190036	6.586053	9.321772	2.334356	6.431044	7.557063	10.880268	4.609696	6.113869	5.231680	5.257240	4.673312	3.098794	7.971020	0.000000	5.229344	11.561690	10.245072	3.151190	2.453538	5.938405	8.391487	4.103494	5.029808	2.711305	11.551603	6.631835	11.512184	2.703770	9.869372	3.215641	10.333580	6.690848	10.243328	2.697292	6.951501	10.357448	3.018211	7.131497	7.825080	4.869282	8.370313	7.055079	9.137178	8.020382	6.928773	8.210836	3.492142	10.492460	6.297720	5.137489	11.327242	10.109151	3.897946	3.486111	9.752340	10.961515	9.232946	2.384442	7.947163	3.476573	3.685880	8.486891	3.777134	8.518180	2.808423	2.574284	10.822411	2.939962	11.145630	10.980248	10.948396	7.443683	6.910510	4.293476	7.882358	4.089511	10.177137	5.239943	2.960241	3.322307	3.775942	3.528706	4.744415	11.038537	3.876507	8.822376	9.278761	4.623659	11.504478	2.975781	10.090079	11.231155	9.370772	10.297145	2.665088	7.963225	10.298604	5.078796	10.775320	10.856157	2.408853	5.437346	11.081713	9.569650	2.757379	7.993813	6.699544	6.757216	3.291545	9.469904	8.159802	5.058613
5.527656	4.305962	4.979848	9.735650	2.479469	6.854986	7.848706	8.386871	3.935636	8.463480	3.860020	2.743399	9.919155	6.492900	11.037516	2.461875	10.806611	4.376446	2.470288	10.034758	10.984137	3.531685	4.229186	6.519145	8.955205	11.161174	8.627967	3.658495	8.432426	6.054280	9.550289	4.097812	4.026855	10.594889	6.517516	11.401951	11.565420	6.009709	6.609548	3.645824	3.489566	4.023655	9.256555	4.916886	6.898990	3.770500	2.463477	3.866734	4.159430	2.776591	11.270919	7.428202	10.316697	5.667193	7.024944	3.792090	2.611618	8.719337	11.408086	4.532347	4.002050	7.631879	7.497339	2.700194	9.105798	4.901448	7.426136	8.235983	5.165287	6.542008	8.833380	7.862212	6.294208	10.005951	8.365787	11.370537	4.873749	8.822712	6.366427	10.945357	5.848360	3.608247	8.988082	6.300800	7.375718	7.051024	3.028266	10.615118	6.770729	4.403555	3.627209	11.152232	6.001838	6.388902	5.929178	8.001860	9.702708	6.243014	3.761141	5.431163	7.463173	4.138311	8.809793	7.117448	0.000000	2.497131	3.330060	4.834203	10.036184	10.706794	2.569091	3.575236	9.211761	10.675388	9.289354	10.745695	7.366296	8.808367	2.657777	9.998067	11.579387	2.749348	3.308661	8.018000	10.097791	6.077972	3.292103	7.806132	3.441042	4.373442	8.245293	5.436498	3.146611	9.557308	9.288129	9.195996	9.826920	6.967867	9.134597	10.103430	4.991208	7.687073	7.254685	6.179060	7.334194	8.817118	3.226329	5.873873	7.759070	7.063466	10.296315	3.587488	6.417261	10.304562	7.700481	10.999476	10.833594	6.876831	9.768552	2.557418	9.297618	2.777277	5.233305	7.145185	10.577406	5.719635	10.684992	4.254648	11.517494	8.978808	6.316417	9.882253	8.214782	3.541407	9.392452	5.693625	11.595018	7.980893	11.293258	2.834094	10.379518	11.470987	6.703568	7.500252	5.934129	3.088449	2.356505	6.379482	10.965877	10.027596	2.712020	10.619756	10.904409	6.894133	9.222911	9.601532	6.319837	7.481426	10.536586	6.288149	7.670039	2.403138
3.361532	4.384289	3.439327	10.372710	3.893865	8.419036	4.977811	4.902954	4.675690	6.329242	4.609687	10.204149	2.811059	3.784738	9.848280	10.846505	9.963207	9.086819	2.883457	8.353978	7.837160	6.789904	9.116542	8.691040	10.574114	5.373929	6.256617	8.743495	7.703436	6.131634	11.438009	10.217295	10.394730	4.227365	11.381200	11.142725	8.893960	11.274976	4.702313	6.053423	6.451211	9.018888	5.740333	9.833031	11.559752	9.676497	6.369019	7.852808	2.624943	11.003026	7.294479	3.530804	9.779586	5.066390	6.089142	7.162621	7.169653	2.505108	7.796538	5.467685	4.770591	8.352995	2.715119	5.170992	5.550603	8.557623	7.796184	8.616163	7.154370	5.981417	9.825735	6.195172	4.566069	2.797717	3.535251	3.185013	10.777439	9.630904	4.551253	4.492479	2.830589	4.336317	6.144833	4.758158	4.479370	10.047578	3.123345	4.936796	4.675125	10.813998	9.580828	11.542818	9.629911	3.784116	9.867292	4.128073	11.449152	8.968181	9.055177	7.477674	2.565380	4.657321	8.092017	4.228950	4.099087	0.000000	8.219119	8.127841	6.221214	2.840929	4.241804	5.427344	6.148692	9.847178	3.808063	6.156330	11.198608	3.416723	6.970352	6.353374	9.476414	7.469161	10.852132	8.564961	9.363235	4.093740	7.599445	3.930561	6.559949	6.383060	4.020648	3.720459	5.308290	2.373341	10.887784	4.629392	5.838389	6.309486	7.351821	5.265238	7.260366	10.446959	11.260454	6.380056	7.971874	6.908569	9.893370	3.627321	10.577023	7.841341	5.541575	3.131591	8.938171	4.861217	8.151834	10.812417	9.837635	7.255090	4.309161	11.465874	9.961388	11.373824	6.330847	6.514463	8.036701	11.103434	8.327125	3.159355	6.452260	10.546475	10.427852	9.989052	4.989472	11.300253	7.604234	4.861723	8.776078	10.857117	8.718259	11.535459	9.439756	6.448568	2.658154	6.302478	4.290579	9.348833	6.801799	5.114895	8.226610	7.126283	3.859461	8.156170	6.869337	6.805940	4.864965	8.732241	10.909859	9.468499	6.315809	2.377197	4.863298	11.044242
7.801308	6.873199	3.994324	3.893774	4.636090	10.424917	5.205958	10.971471	10.672072	4.009588	6.372673	7.633619	8.662703	7.805995	7.488745	8.258107	7.852643	10.878008	7.051400	9.810717	8.095919	7.962320	10.743976	2.845919	10.002826	9.771883	3.304108	3.555615	2.378614	8.154685	6.466830	9.055670	10.272296	5.936044	8.699574	2.734808	3.214209	7.161850	4.796461	3.847403	7.554781	8.546328	2.407393	6.915488	8.233286	6.122076	7.836978	3.270755	10.282631	8.585196	9.518806	4.720760	9.044803	8.367510	10.766849	3.772300	5.119072	11.278592	5.252734	6.618881	2.774312	4.779437	7.750126	9.198144	9.464732	6.522932	3.645979	10.578340	2.487012	5.482551	3.340249	2.473388	7.376497	4.615999	5.167204	3.025587	8.040588	3.477947	8.123810	2.819340	10.174762	2.380000	8.180561	11.398483	5.413627	9.986384	8.089805	10.784105	8.986635	4.866906	3.326201	9.183005	5.810649	3.370613	4.035781	10.147281	3.169564	4.331562	8.392662	8.108464	6.796006	6.131141	9.438477	4.836382	5.994281	2.529119	0.000000	3.518975	11.045815	3.789646	2.949188	10.848092	5.066677	6.260424	8.142311	3.712755	7.249342	4.701670	9.429665	3.949043	5.842845	9.143245	9.356803	8.758156	7.798616	2.588225	11.032389	9.248899	5.076868	11.165140	7.559705	8.059508	6.929491	9.642618	4.427962	6.461892	8.420980	6.541463	9.759568	3.878062	4.359309	5.429250	10.580016	8.662161	5.020813	2.792903	8.397841	11.211781	10.674733	8.130251	7.758015	8.751644	10.541884	6.827727	6.743722	8.032695	11.147831	7.070340	6.885264	6.469419	7.206891	9.245582	2.322151	8.901982	5.561448	3.783711	4.783017	5.603806	7.927763	4.582775	4.833064	3.182343	2.396633	3.129725	6.631321	11.258698	4.475062	4.285999	4.630337	3.343524	11.434582	8.142408	9.677919	3.491807	10.381120	9.967089	7.793470	9.360434	9.773884	5.156992	6.344450	5.571669	3.791878	6.305158	3.665434	6.502650	4.337885	7.002955	4.064153	10.837669	4.976581	8.901463
2.380631	2.713307	6.319547	5.314152	8.999417	7.662869	10.715970	9.565065	5.927154	8.273460	10.726520	7.866503	4.993597	9.627447	4.748540	7.683769	7.181541	11.280061	10.153443	5.219641	7.373604	5.744687	5.278747	6.838260	7.067166	11.111190	9.905356	4.156971	3.802443	7.234991	3.664778	3.957874	9.569412	5.711581	9.478548	3.725279	9.840140	3.976643	4.907751	6.516228	11.442925	6.273731	10.323317	11.240139	11.489442	8.566305	3.524705	6.768260	8.362140	6.020416	7.384925	3.546307	5.931335	11.161678	2.445323	6.394223	2.574655	8.350574	7.479258	4.221281	8.453056	11.361069	2.692683	2.552669	2.627078	4.526919	9.533240	6.907520	10.192508	9.420874	2.848173	7.452537	4.612745	7.948668	3.907826	8.801819	10.710270	4.141071	2.578782	7.844534	9.638373	8.464122	3.596397	8.587295	5.071453	10.443463	10.883292	8.793437	2.412001	3.725758	4.297608	10.429062	11.001791	5.116375	2.675654	4.473062	6.604376	4.141946	5.898808	10.607245	6.359234	8.059777	3.003114	4.847463	6.576269	4.770913	3.088040	0.000000	7.146755	4.390195	11.228335	10.662917	10.349680	8.364067	7.567609	2.543440	7.615391	2.606657	7.337274	5.973459	5.135517	5.197765	5.076621	2.867967	6.572297	4.363060	3.066749	11.560000	11.194152	4.174457	8.294143	5.667633	10.809357	4.887288	11.442127	6.583262	3.985208	8.560679	7.337978	6.927194	7.824858	4.253418	5.837204	8.413640	6.658266	10.373212	9.595906	9.749276	6.033080	2.445910	11.451911	9.015556	2.704284	9.279927	5.892199	8.838191	2.810803	2.702715	10.139785	6.012841	2.746247	8.259690	3.226336	8.667488	6.586247	8.534004	7.572051	4.504437	7.575908	9.143785	6.471430	10.090292	2.587261	6.392009	4.405096	8.497116	3.047068	8.165757	7.682693	4.202623	4.634387	9.937919	3.241492	9.750027	2.816660	4.633836	5.347424	10.191734	6.483684	4.506107	8.525317	8.398207	8.568578	8.265956	6.426172	11.202245	2.552910	2.987096	4.313330	6.105460	6.697539	10.648343
3.070408	10.967342	3.851968	5.017224	11.141646	8.187309	7.005957	3.841961	7.113874	8.505682	6.513562	8.645796	10.705168	2.400298	2.882481	5.179980	6.913585	3.427508	4.002541	6.315479	5.560220	4.351291	5.746116	3.607385	6.222066	6.738727	6.852563	3.224899	10.256721	8.714649	2.397865	10.247429	10.979233	10.055994	6.649148	10.051202	9.174784	9.048109	6.938203	9.593098	9.156338	4.476318	6.975556	3.018904	9.498189	7.184011	3.056018	9.885740	8.953537	10.360159	9.302377	3.587638	8.979494	11.075242	6.148441	7.549564	5.325798	8.949910	7.545623	4.405470	4.621705	7.198305	6.522633	7.426513	6.917647	6.945469	7.678127	2.608331	3.212799	7.570582	4.626094	10.518532	5.377719	4.152342	2.343704	4.013853	8.524770	7.062730	4.062388	5.057364	2.574439	6.207601	5.658770	6.517387	9.490549	6.055447	7.629885	5.549047	6.362936	10.679964	5.540776	4.507349	11.020535	3.586919	5.583622	7.820857	5.525214	8.932376	9.114694	7.195188	10.579207	7.281959	4.027248	7.321260	4.938010	11.176534	5.553824	9.187565	0.000000	3.999700	9.225090	10.959803	7.158593	9.270822	2.684729	9.576531	8.810407	7.608786	2.419965	2.537873	11.378420	11.065965	7.373607	2.939930	6.596671	10.382419	8.274666	5.628697	10.296070	6.861419	3.881385	8.175479	9.836379	3.841769	9.356508	7.143122	6.114676	3.266181	7.972257	3.949430	5.616500	7.533190	8.321774	3.597968	4.347547	4.886956	6.458432	3.905278	10.293018	8.343013	2.500520	7.702931	9.480550	3.749051	4.439998	8.835126	7.210092	7.352675	4.678932	7.496044	5.445282	6.013268	3.615065	9.032946	7.447555	2.836500	11.217758	6.651985	9.284552	3.015454	8.283405	4.943043	7.000392	11.315745	7.412675	4.731245	5.041439	5.612135	6.911309	2.523735	8.336674	2.977583	5.181358	4.352447	4.683766	5.476107	11.224911	3.312750	5.705363	7.639412	8.750027	2.582877	4.849445	7.769975	9.462255	2.430839	6.092655	6.869594	6.926550	4.600999	8.829484	6.188229
5.701643	3.502511	9.268865	8.883504	5.877482	5.236864	6.363487	10.276223	5.157340	4.059852	3.610892	8.269487	3.544780	9.207492	4.471938	8.478780	4.802646	11.162048	6.576583	5.585419	2.502009	8.301404	9.852276	9.347426	7.632768	6.394401	6.986197	5.106942	4.077354	5.952978	6.995893	10.390030	6.832738	6.173181	9.539975	8.999632	4.957199	10.565661	11.588293	5.263322	6.692038	9.339581	9.128304	8.970470	8.495898	3.427520	8.542937	5.010374	10.688741	9.938479	8.637953	6.367318	7.377213	7.264745	4.030071	8.864211	4.500032	4.002190	9.163755	10.901730	11.379026	4.341691	2.384023	11.293634	5.858758	7.834256	6.006373	2.943823	4.125018	11.038147	5.342101	9.428481	8.600833	8.383470	4.472174	3.391797	11.325466	6.142056	10.524024	9.907186	7.010463	7.739783	5.424897	4.681557	9.496835	8.288362	9.182407	10.960629	10.844803	11.152659	9.532799	10.919417	2.814177	8.462650	6.603440	2.448861	5.061180	11.146413	3.457692	2.919963	2.457379	6.890852	10.345584	3.989449	9.268330	5.372033	6.931642	10.208320	3.856045	0.000000	5.991793	11.075934	6.763183	7.044689	10.167105	2.776165	9.049412	2.671497	9.691722	8.605718	3.602726	4.465135	11.567212	3.657243	6.356728	4.350717	4.414682	4.343020	4.834412	6.404376	9.534406	10.432505	2.993484	10.847758	3.947164	11.380051	4.830403	7.925013	6.884416	5.289806	9.131365	4.582237	10.480870	8.904142	10.239873	3.944836	10.361079	6.819018	10.369584	9.402870	7.661816	5.396504	3.570128	11.575093	9.915447	4.702071	8.566126	5.459660	6.143525	4.471108	10.693437	7.086402	5.138214	8.849580	5.770830	3.848970	8.428793	3.621733	8.200438	9.152787	5.942843	3.020634	11.578613	6.265372	9.559408	8.317107	6.190477	8.653702	3.542498	3.842449	2.474840	9.820393	4.370994	8.841310	10.599383	9.641887	3.015005	7.358358	7.313113	10.238066	5.090430	10.562274	4.043149	7.158824	8.054553	6.546057	10.272299	5.360865	10.142153	6.892875	5.547355	6.811886
4.929715	11.135588	3.035211	8.916670	5.378608	4.836135	9.387443	10.751151	6.542571	3.327685	11.349994	5.381592	2.599809	2.545076	9.574096	2.963586	5.927201	10.221053	7.799405	5.214918	8.308598	9.553838	10.448881	11.287490	8.754542	10.323011	2.498969	4.406275	9.120343	10.135845	5.259645	9.577096	9.371003	3.189737	11.388847	5.703345	7.100314	3.779068	6.124402	10.549583	5.886122	3.245695	3.749643	8.774935	3.758731	3.397569	4.344107	6.288700	9.970645	8.359487	5.365640	7.596451	5.035464	10.087450	4.075833	8.717654	7.275950	11.595824	3.713482	11.217650	9.748811	4.041196	3.093941	7.650717	9.832244	4.532353	7.258406	3.414885	7.252744	9.667313	4.855317	4.408437	9.277894	7.028525	10.584613	3.943082	2.827504	4.381590	8.771418	9.460792	3.117439	5.947923	6.942089	8.290008	10.045762	5.827276	9.458454	4.760698	8.984555	9.955830	6.232584	6.353195	6.266012	7.198596	4.698473	4.548332	11.485486	8.824500	7.476180	9.254483	3.411760	8.464708	2.431574	11.365279	7.025608	5.825065	4.682556	3.457127	8.736775	6.320812	0.000000	4.381530	4.505393	5.610242	7.125389	6.263613	9.769006	6.771122	7.145935	8.423912	6.696991	8.355835	3.549871	9.616844	9.211215	6.953054	8.164551	7.151877	8.516140	9.334454	2.619685	4.389028	4.944251	2.876229	8.969030	4.688650	5.406930	7.722855	7.236259	7.239099	6.350008	7.423441	3.878565	3.753933	8.992299	5.163387	7.974670	11.094455	11.260733	9.882716	7.508517	4.493180	8.946109	2.416074	5.375158	6.000728	3.341210	8.151435	11.176981	5.339223	3.833744	4.438824	2.802435	10.090493	7.628137	8.035038	8.837669	6.038210	10.130002	6.761844	8.305153	6.336298	6.851467	2.847506	4.431465	10.406964	2.342864	5.244955	6.584434	11.074937	4.172510	7.622201	5.724440	6.007706	11.178776	9.650255	8.022711	10.310243	5.841667	2.815594	4.214973	9.479857	10.182582	8.366243	2.739778	3.392989	5.529215	11.294692	9.386852	8.211828	3.655080	2.582454
3.461110	11.397223	8.857152	5.080946	9.044514	10.312814	3.218509	2.509936	11.032085	6.067001	10.109727	6.485612	9.753595	11.287453	7.107238	9.309181	8.621814	8.906066	2.358085	3.161755	4.128369	4.154685	6.449791	10.227047	6.711024	8.723056	10.960927	8.056272	4.070240	9.013108	7.132408	5.265377	10.644343	5.528596	7.923313	8.601030	4.255842	8.548961	3.406450	6.216972	5.582177	7.709646	10.126467	6.136124	3.953922	11.100350	6.261047	2.746722	10.361016	2.750783	6.763575	9.114285	7.403197	6.607267	11.170742	9.700663	8.418883	8.035402	6.131186	11.130451	4.639332	10.235379	10.001714	9.781825	7.966301	9.335391	5.881546	3.786726	10.509235	3.804150	9.930372	8.043880	5.464184	4.253123	4.130191	4.607452	9.019058	8.148482	10.083834	8.724654	10.164828	5.968517	5.686575	10.502401	9.737876	8.782224	8.011061	5.214203	4.038363	8.661010	9.335848	7.631106	3.601766	2.849923	7.335909	8.869630	8.665463	10.304331	9.478762	8.014962	6.523118	8.455327	7.928765	9.325153	8.681353	7.057981	11.219945	7.389776	4.979387	10.161356	8.593933	0.000000	6.384575	6.364812	7.340301	2.786633	10.237168	4.325001	9.377719	9.448930	4.470250	5.810631	8.967224	6.436943	10.657303	7.141421	9.653357	9.318148	6.582290	5.790124	11.121040	4.694588	10.487569	3.648228	7.860182	7.964778	7.886251	8.822895	3.180264	9.327751	9.969630	4.326536	11.391900	3.931878	3.029803	9.259881	8.433068	7.398148	6.385689	2.512518	2.428188	10.225967	6.064521	4.065912	6.005410	7.653645	7.277668	2.785715	8.876533	3.547424	8.413625	8.408035	2.702466	9.061758	10.819827	6.304063	7.572865	3.636108	6.306304	7.146412	6.577179	7.725733	7.334674	6.457703	8.956640	8.657037	11.095802	3.137432	5.846553	7.848351	4.133960	2.920260	11.113449	6.557546	3.879457	8.475474	6.280971	4.363287	10.435432	9.010280	10.043540	4.071128	4.042408	5.323275	3.493641	4.009532	7.139368	8.373207	2.622778	8.613252	7.708543	6.543788
4.023911	7.449158	7.490805	4.109617	3.131149	10.650059	5.546038	7.217049	9.604718	6.995108	10.702578	8.382524	8.411036	8.244711	6.285511	7.921004	4.545040	8.272389	6.171618	3.711112	5.568148	6.105587	10.185438	8.518693	11.047781	10.241790	5.385462	8.528506	10.533803	6.192137	7.489971	8.291874	7.628774	2.544787	8.395683	7.327832	5.569635	7.570425	3.089759	10.272780	4.959597	9.875577	7.494018	6.990328	4.120049	6.465133	2.683981	7.104307	4.298055	10.667692	8.557037	8.517923	6.643369	9.314687	11.283508	4.845463	8.093776	3.459086	3.372924	4.646073	3.185013	3.468394	10.011177	11.140518	8.934950	4.644433	8.618087	2.435787	4.519690	4.073799	10.857724	8.895987	5.433025	3.821750	6.132604	6.597746	8.250395	6.308177	7.652068	8.221310	7.313491	10.837102	11.184111	6.036840	9.509163	9.925711	4.192345	7.421694	11.597878	10.258922	11.420128	5.453777	9.411019	9.326672	8.253764	4.464774	9.777178	7.837836	3.428049	3.176273	3.447942	2.987017	10.911240	4.156428	8.583058	10.334584	8.087969	8.157110	6.369942	7.579751	7.764935	8.248587	0.000000	5.849645	10.499114	4.789184	6.533077	4.395570	4.946883	3.368132	4.890354	9.519544	2.834270	5.184972	10.842371	4.634506	8.202890	10.945580	7.579093	8.965679	11.210654	3.161126	2.788080	8.078759	5.534974	4.966239	11.192943	2.883260	2.566557	10.295931	8.515549	6.683029	6.684081	7.615572	3.774267	11.501017	5.779697	11.522945	9.353061	3.289163	2.809874	8.194929	8.963595	3.242070	6.099210	5.149752	8.614653	3.791222	4.027152	3.784291	11.138014	3.343493	4.177336	7.677649	7.757366	4.978228	3.578287	10.575352	3.691190	4.861995	3.355513	6.960823	10.584632	3.279899	7.143722	11.379131	6.500024	6.226123	7.554890	10.617357	8.748068	7.680653	6.402200	4.475497	6.877823	5.578686	3.213634	9.713617	10.542261	7.789137	9.006750	4.576019	8.265632	5.600286	3.913316	4.912557	2.829474	9.009941	10.905576	3.602931	10.822286	2.463212
5.547326	3.465771	5.076841	8.567828	10.302916	3.566194	9.055533	3.774789	9.683471	10.163815	5.251635	2.345697	2.597434	7.777348	3.051803	6.297695	3.052838	7.772175	10.763587	9.135610	10.566639	4.412888	11.105351	7.076026	11.428228	10.085553	9.565903	8.645104	6.528763	2.348874	2.721478	4.354609	5.965031	7.369898	4.707636	10.094633	6.527952	9.193741	10.297609	10.454155	7.669905	6.648823	9.242729	6.370874	4.838630	9.080604	8.252404	11.239374	7.247138	4.138276	5.774271	10.800664	9.453959	3.430911	4.578019	8.052396	9.938375	4.146998	6.294145	7.097431	4.853052	2.974662	4.945009	6.455466	10.904153	10.751627	5.524150	11.198210	6.414716	7.776087	6.212979	10.943663	6.876048	7.457885	8.152442	7.950357	6.267116	4.821867	7.644096	7.383777	11.567588	11.085905	2.702399	8.531766	10.768455	3.690618	10.405398	3.866294	3.708145	3.469860	7.858618	5.680207	10.844356	7.601142	8.292284	3.091461	5.710012	9.960861	3.820791	4.303313	2.378089	10.263252	9.497653	8.122598	4.932382	8.496673	8.932471	6.962274	8.028169	9.644508	2.570594	3.294428	5.383079	0.000000	10.612322	11.517149	6.278253	4.957644	9.782146	9.919668	2.704761	4.234519	8.788001	2.462374	7.585641	11.058008	6.045339	5.587656	7.292700	6.720011	9.761984	9.945719	8.719046	10.339505	4.493374	9.831057	5.351022	6.605413	7.434184	5.594939	7.884691	3.491138	3.057366	3.905932	11.423678	10.426175	7.062883	3.709314	9.155233	3.795277	2.665063	8.011676	2.712637	3.168812	3.662625	3.850190	9.269014	6.432351	8.914335	5.617226	3.956622	8.105897	9.705169	8.692151	4.220453	7.460225	6.585161	6.509959	9.543302	7.286492	9.995614	2.486721	11.249272	3.499648	9.821397	10.532710	8.289737	9.818387	6.854495	9.818594	11.381884	2.366924	8.210072	4.137679	5.586198	11.240859	10.150711	8.830888	8.594386	8.477180	7.934719	6.983414	2.808125	10.830263	6.917330	7.554710	10.198119	11.523098	6.811680	11.211141	10.404024	3.836204
2.683499	3.821116	8.506541	10.397807	2.984610	2.980133	2.525205	4.105171	5.179975	11.004032	4.223696	6.446357	11.277752	4.679120	5.537957	2.909860	6.562233	8.785220	6.906330	9.645933	8.546414	7.133793	4.065358	3.956596	3.884386	9.504244	5.948266	6.405223	4.298867	4.454086	11.052957	2.561272	6.461851	11.176570	8.953064	4.898624	8.019227	6.004551	10.526063	9.824024	9.141069	8.867081	2.918494	10.176076	3.460519	7.361971	10.092894	8.611361	7.105635	6.522883	7.244941	7.699237	8.819330	9.263024	7.239067	6.794333	11.118823	7.978586	6.494758	9.221406	3.667248	10.749281	6.723506	3.293123	7.872677	10.837244	11.237688	7.802971	11.073306	10.162968	7.492198	10.404578	4.248867	10.018132	9.597981	8.887403	4.222109	9.398514	11.038649	11.155947	9.723367	7.284227	9.099698	2.793320	4.002986	9.599439	10.287948	6.048145	8.243582	5.644144	7.310576	7.383236	10.103103	9.326336	9.433385	8.269880	9.493343	6.392022	4.265007	3.033239	3.615361	4.450265	6.770864	9.072089	9.839479	3.664545	6.007300	9.782130	8.901843	5.057497	5.182774	6.509315	10.289892	5.188258	0.000000	9.049745	2.624688	9.080497	5.292956	9.789888	2.347759	4.312100	5.906152	4.924696	10.534507	10.210237	4.901230	3.488834	2.800127	11.312322	5.385098	3.253486	7.044993	11.133111	9.331391	10.641670	6.625256	9.407387	6.629486	9.273492	2.478251	7.979324	7.521045	9.174382	5.000500	5.254419	4.836227	8.284472	4.917437	10.284055	2.578958	5.438196	10.979269	3.464158	6.273647	5.256757	5.219279	5.647093	6.214166	9.392880	10.514283	10.438098	10.937714	10.178343	5.625682	2.324798	6.728853	6.224419	8.626029	3.728841	4.619860	5.275795	7.592193	11.364512	6.057418	11.526811	9.885744	11.127812	10.698542	4.479937	10.021767	8.194069	9.115761	2.461478	8.718625	9.411995	4.141782	5.476563	11.397580	5.445505	4.302679	5.804311	7.862528	6.340304	9.830491	7.574689	4.738189	7.760272	10.143030	10.361614	9.196904	2.462197
9.612169	9.766802	10.194385	6.116326	7.772881	5.596804	2.770805	6.308373	3.215184	8.851134	8.796252	10.976229	7.837389	4.955832	4.027176	4.101748	8.075140	11.106705	6.775769	5.447633	7.496204	6.438398	7.565329	6.686322	10.998253	3.115809	7.688383	10.738456	3.971745	6.460957	10.458698	3.995003	5.311645	7.111737	9.332178	7.455682	6.561684	3.659395	6.226383	9.106480	2.839601	8.135036	8.427717	5.289852	6.636338	9.956752	7.593211	6.092233	10.121730	6.333932	5.862604	11.194499	8.079337	7.408292	5.676106	8.661254	2.527406	7.576672	6.313624	10.629932	11.357568	8.758798	10.534058	8.295435	9.938168	7.876337	5.926619	5.449798	10.126633	9.333835	6.071070	4.004904	3.888410	10.211025	3.194850	10.178382	8.302473	2.386798	9.812356	4.369638	4.753698	6.650106	6.612063	10.208217	5.405625	10.025149	2.413213	5.957305	6.711187	5.747327	3.980560	3.400151	9.887287	2.405012	4.673101	4.003960	5.124420	11.555958	6.120974	9.331547	9.693566	9.168420	7.238024	11.491917	11.484398	4.974821	11.546592	6.324047	10.589150	5.025210	7.149605	9.283130	8.720060	10.919296	8.032203	0.000000	3.829730	10.960384	7.724217	7.380574	2.839679	4.525163	9.059265	8.839498	10.196553	2.896491	10.867852	7.094795	7.691935	5.856389	6.567525	7.053287	10.422987	2.584851	2.424807	3.211625	10.301408	10.161218	11.558640	9.036419	3.600936	8.926486	7.084177	4.234945	7.384562	10.423351	4.674056	5.920960	7.682090	10.711633	10.720407	11.525454	9.443395	6.626459	4.376849	3.179895	10.815604	9.991473	4.919318	9.856213	10.223321	11.140663	5.340275	8.299011	11.545694	6.361965	4.330070	9.742571	11.496544	2.861204	9.918998	6.355959	3.478930	9.759411	5.542946	5.440263	6.081479	9.544739	9.202313	7.945069	5.656645	7.261893	6.020266	5.161544	6.081557	6.589871	4.691887	9.346428	10.861970	3.510870	5.680522	5.273912	7.084339	4.794083	7.435261	10.424597	6.325832	7.194613	11.543312	10.727055	7.359952	7.287635
7.841344	6.708916	7.421249	9.604235	7.562552	8.302749	2.433782	8.424334	7.407543	8.643668	3.562132	4.929451	6.306510	7.780792	8.104245	3.670736	3.662250	6.465842	9.876700	3.812993	6.918817	3.118696	3.926342	11.394126	8.876521	11.099287	10.296594	10.575251	4.722168	5.779311	6.944064	3.215039	8.812170	8.358555	4.790040	10.901353	7.415244	7.011047	5.296207	8.330643	10.361774	4.757695	5.288491	9.721666	8.328232	7.287789	8.621649	6.747125	10.393008	7.825208	2.404398	11.271059	6.132181	10.096996	3.147612	8.340025	7.031308	6.407140	7.604682	8.081603	6.172156	10.569352	4.366796	8.531136	4.483465	6.269740	6.685409	9.323593	7.838500	11.530421	8.517417	3.952661	9.275559	11.516814	10.060629	8.207929	8.454754	3.409163	10.006092	10.256895	11.055298	3.086264	10.798080	3.460276	4.385205	5.696868	10.387592	6.046490	3.526385	2.803146	9.040932	10.124160	11.053653	10.238591	9.089704	9.857606	4.361122	2.727778	2.715740	7.289621	2.566877	7.953167	4.967387	9.067693	9.014141	6.962389	5.868826	10.576301	9.385000	3.714345	10.334196	9.286871	10.744533	7.054695	6.647149	9.901239	0.000000	9.964752	4.503711	4.024862	5.973880	9.942873	3.363163	2.791777	3.051017	8.392152	7.422342	10.996397	4.184699	5.888482	7.696047	11.578713	8.075239	5.011459	6.616476	9.008140	9.171493	6.714847	6.957902	4.244498	2.792000	7.446227	8.523918	6.656124	8.482558	8.958451	6.031956	8.545972	5.366710	3.461232	5.835661	3.621681	4.149060	6.731748	10.302356	4.098217	9.857128	8.282224	4.996490	7.285428	5.246595	5.024454	3.199566	3.289887	10.076572	2.664650	3.806006	4.164431	9.444465	9.370917	4.316607	6.901815	4.552801	7.766134	9.715880	4.643837	5.647130	3.009540	10.203655	7.013175	3.665617	10.214961	4.186516	11.445786	7.456278	5.243022	2.556362	4.449561	10.372761	6.618789	2.499878	6.075586	8.352262	6.480364	2.839814	3.569722	6.382976	6.512857	4.357122	4.236002	10.038965	2.414007
6.806468	8.821028	8.083958	10.717820	2.539290	5.029093	8.872742	4.569370	8.078432	7.923684	2.362818	8.976741	6.967354	4.122815	3.068129	9.765575	7.237040	10.938061	4.553823	4.238639	2.833809	10.877712	2.329846	11.585078	4.807089	3.012165	6.176381	9.759026	7.908127	10.317954	3.054700	5.193368	3.377052	11.576459	11.129320	9.616907	2.444758	4.349042	10.068529	10.461937	7.796123	4.870977	9.822345	4.000788	7.375488	9.802962	3.227915	2.599113	5.874378	10.662049	4.600218	5.633041	8.782167	9.909345	6.845364	10.380313	8.293253	7.615228	4.470884	5.196189	5.196959	5.978776	5.531569	4.086499	10.940799	4.338985	2.726731	7.328522	6.015888	8.470543	6.739519	5.564215	4.614218	10.845057	8.225429	11.471465	3.033566	10.840173	8.796457	7.878386	4.257311	11.028057	10.552358	8.806919	9.883371	6.154515	9.386922	6.518677	10.077923	5.893950	8.581336	7.643805	3.629840	3.627658	10.903064	3.845759	8.710067	2.349195	8.457652	7.561602	8.232016	8.915776	9.551370	6.009983	7.301917	3.250896	7.712942	9.021087	7.416596	8.077035	10.405229	2.336864	11.105836	4.112279	4.783361	9.581000	4.870738	0.000000	6.463149	8.780047	5.796587	7.562232	10.489940	8.350615	3.891164	6.116223	4.473968	8.425886	7.080014	11.043615	5.287438	9.268129	4.491325	4.294104	10.995446	3.421508	3.480795	6.133321	10.848187	6.659416	7.425566	2.533280	11.470425	3.138145	5.394503	8.060976	5.006118	8.698387	7.627781	10.083344	2.792131	10.495665	8.380324	6.074662	6.419064	5.437633	6.186079	9.601724	7.321174	11.427791	7.684358	11.018025	3.606787	8.286128	6.859170	3.774494	9.410804	5.326661	4.479956	5.028611	3.911205	7.218865	6.106514	6.880206	4.441760	10.966341	2.574851	6.649546	8.405502	3.921670	10.994176	4.334025	7.683733	11.580837	9.492319	3.926494	2.682919	5.126313	5.708864	10.139863	7.848186	7.490089	11.348935	11.435436	5.363136	11.013042	6.987971	2.788124	4.731778	4.986272	8.225961	9.965371
6.256920	9.128306	5.028507	4.606989	4.525055	10.845586	7.121242	5.447727	8.039256	6.011433	10.550594	6.894444	7.148661	8.199883	3.467611	3.492378	9.954294	7.639133	3.755032	6.303621	4.428545	6.406069	7.327396	8.904817	4.631083	5.064763	6.335173	2.491365	7.903423	8.286826	6.382889	4.844944	5.983952	3.538533	10.926589	3.902131	5.576673	2.401479	9.958946	3.199770	10.358510	6.784555	5.919822	10.246371	4.863223	5.876299	5.580893	9.017319	8.786194	2.857250	6.605698	4.653046	10.594476	11.054431	6.157000	4.524179	11.402597	8.662269	8.085508	8.397017	4.045201	3.972577	3.079563	10.608855	3.068126	8.678531	6.776316	6.764943	8.021262	9.955204	7.670310	9.643197	7.449920	6.285814	5.543735	6.012704	5.817466	7.227005	10.640107	3.249267	6.218503	10.402040	2.771630	7.646664	3.125133	6.832202	7.178681	6.014594	2.870099	5.160188	10.437553	8.665750	2.822089	9.122619	4.141904	5.992035	2.709052	8.777455	11.416535	5.609638	11.527095	9.182391	4.912178	8.028054	3.596044	4.501805	5.856130	4.357788	5.287065	9.772673	3.773225	4.438800	7.299561	8.501667	6.544104	10.843076	11.557696	10.102290	0.000000	10.512397	11.005563	3.147942	10.425437	11.477805	5.191401	8.644311	5.025751	6.475249	11.333842	3.999789	5.397218	8.820452	9.097615	5.288002	5.880340	4.512167	10.635661	6.397576	3.561414	2.757717	10.248123	8.161843	4.453965	6.224225	3.835645	4.565984	5.454780	8.447990	10.854619	7.884331	10.274963	4.738717	3.012965	10.987536	7.215362	10.657802	2.485590	7.998814	6.568853	5.588573	3.548699	5.691918	5.155749	3.973849	9.128462	9.361556	4.653770	4.457462	11.091846	5.951788	9.157469	10.946685	6.717234	6.550106	10.892259	9.493044	4.713793	3.584516	4.756817	5.617910	11.384210	7.705343	7.124245	6.060680	7.599589	5.639158	10.922642	8.133452	4.461725	10.984413	8.151119	6.672872	4.706276	3.945080	6.497278	8.436523	4.955373	6.624787	6.058510	5.819260	2.782354	5.818059
7.262198	10.738853	5.873795	2.574432	11.233921	9.538046	5.811882	6.040770	6.345843	8.299364	2.422804	11.190199	5.522919	3.340510	10.395826	10.367347	5.391571	10.600028	4.358054	5.758293	7.052008	9.963256	6.140795	5.599396	7.872002	4.401780	2.831158	4.275758	9.469274	4.650387	10.131608	8.324227	8.133278	7.039121	10.191401	3.194481	5.269636	7.191708	9.101615	4.428672	6.552469	2.523655	11.170639	4.049012	3.557373	2.797875	4.300743	3.395058	9.773501	5.336295	4.337390	3.096082	10.304947	11.269145	6.000679	7.811297	4.839655	6.805063	3.958034	3.065184	5.758741	7.965698	6.687820	5.696917	6.849891	4.403972	10.808833	8.442646	6.001543	8.758406	5.204744	8.240819	3.587522	4.183411	2.953586	5.652970	3.559155	8.773730	6.797632	8.744453	5.537312	3.932124	4.550843	7.988788	4.453490	2.860804	8.252211	3.597469	5.952045	5.288469	11.535493	9.031657	4.296276	6.315555	11.210921	11.511855	8.076778	9.534138	10.671936	5.016659	9.801773	10.977193	7.973699	4.091202	9.056318	5.641962	2.676495	5.849696	4.615499	7.545869	2.657066	2.922800	9.003859	8.878653	4.238974	10.231794	4.255591	11.156627	3.397683	0.000000	9.948513	8.534206	3.040074	4.838974	4.304345	3.908219	4.350501	3.988326	8.143199	10.705571	9.242995	5.705251	7.053857	5.001623	9.054793	11.186907	2.796969	4.051046	10.466446	10.716192	4.519397	6.837447	4.939101	2.469215	5.614420	4.189977	3.875349	4.212097	5.457250	7.008445	6.425515	2.455758	6.239960	4.123662	8.144080	10.309344	6.871149	11.076252	8.393320	3.777241	7.803170	3.928745	3.058177	10.028537	11.457172	8.840067	3.648889	6.709724	6.315919	3.239577	2.702056	9.596062	4.876210	10.773876	9.167331	6.871507	9.587876	7.171990	4.555041	9.366406	7.122306	6.255942	7.462953	5.097838	9.605321	6.147870	11.308680	4.310816	4.903608	6.939674	8.611885	5.452117	7.978441	7.990722	7.114226	3.276225	3.855190	9.986877	8.017402	11.449064	8.448733	3.036139
11.058395	6.008280	7.330049	8.438655	11.344844	9.680673	11.449977	11.129380	8.769046	2.894887	9.583082	5.662911	7.027541	7.929463	8.153470	6.677794	7.799492	8.278171	4.174575	9.156046	2.625927	7.190812	10.591568	9.355483	2.848446	3.230279	11.242362	8.638833	4.374304	4.764050	8.986654	3.437596	9.684269	10.335921	9.754556	8.652691	8.542829	7.059768	3.076103	9.061523	8.069548	10.412552	8.995503	9.903946	11.316484	10.023452	6.822078	5.565887	5.488225	7.277561	10.071849	5.536578	10.822405	9.038087	9.503426	10.077329	10.424662	5.211789	10.045049	4.614479	9.717549	3.347550	7.287175	8.061744	5.154226	3.977765	3.121671	11.299535	5.875775	9.338775	8.739836	10.361380	10.221862	7.477572	9.409189	8.335276	8.321276	5.357315	6.212960	7.361682	10.327974	8.890760	8.292052	10.128081	8.642930	3.179847	10.013947	9.030699	7.730920	11.483121	8.486113	2.774210	10.801567	2.987580	8.238460	2.909717	6.228045	5.603430	6.040601	9.885062	11.473990	9.362986	5.633500	6.444000	8.053810	3.420483	9.675382	10.163263	4.520529	10.298774	2.705677	11.061753	11.599875	7.893994	2.439153	2.467469	7.165377	4.577860	9.409203	5.158252	0.000000	3.154216	5.318644	7.419940	4.728326	6.265532	6.640653	3.879518	9.515469	10.471812	6.247975	6.386379	6.844769	11.186826	8.197581	9.625254	7.444833	4.603494	9.948704	11.055793	4.891637	6.622561	8.439173	8.992508	3.861701	8.697615	4.265940	4.205649	2.839961	9.518426	11.436992	6.824679	9.062136	2.431994	4.869366	9.637714	6.325087	11.115364	9.887267	8.254771	10.277627	6.629040	4.570310	7.958151	3.331272	2.976326	11.371486	10.406081	6.134619	5.647048	5.238951	3.517481	11.097750	2.403420	2.479185	5.043468	9.922412	7.768332	11.220294	4.344315	3.573635	7.147209	4.482543	4.502691	5.316249	9.053616	2.613913	10.261743	4.525297	11.028199	10.167065	6.052450	2.986699	5.489931	8.452296	10.142585	10.058144	4.145323	7.081822	3.010904	9.113945	2.594240
4.812616	2.376511	4.772929	5.942686	11.353165	6.653522	6.001550	2.337251	5.736202	8.846771	2.321063	6.015942	6.879126	7.251614	4.408166	8.455817	11.522186	4.763473	11.319779	5.652381	4.340256	2.360016	7.633404	6.199631	9.637896	10.182996	10.112286	9.946450	7.420854	4.657186	5.484253	8.761571	11.430199	8.406998	7.211845	10.636526	5.189965	7.942132	4.565693	3.157492	10.941197	8.387620	9.244689	3.104617	7.688587	6.417601	8.583314	7.183040	10.994422	2.742884	8.510610	3.809558	10.142286	4.611558	10.930611	11.362604	8.654377	3.118887	8.368572	5.032637	7.558644	7.592648	5.236075	8.110058	6.010856	10.398885	4.548114	5.041799	4.279579	11.367755	2.745898	5.169921	9.004489	6.840342	2.905823	10.409277	9.358909	4.349730	11.269364	3.980936	4.422607	5.511951	10.428912	2.800447	7.415443	5.981454	6.579240	3.185449	4.446273	6.847831	2.370154	5.822914	6.152213	6.108239	7.810076	2.333401	10.870982	5.397787	6.479953	3.460189	6.729057	10.494627	5.854918	8.220049	5.658508	8.715704	9.741308	7.524686	7.695710	7.798834	8.484007	3.467975	10.945554	5.886801	9.864183	11.553516	10.338748	3.382679	8.425718	6.586901	4.552896	0.000000	5.770791	8.803399	10.128620	9.051322	9.161759	11.369469	8.149662	9.668223	3.490214	11.158884	4.029545	4.337550	4.564659	3.909780	8.385420	5.728718	2.779734	6.252545	6.900724	7.907364	4.012040	3.895752	3.742571	8.904868	9.417077	10.040489	10.281110	6.707341	6.559491	7.334346	6.193717	4.979245	4.918497	5.469069	9.500034	8.736874	3.506551	5.435505	9.386094	2.915343	6.135317	2.924815	6.538150	11.232671	3.901711	2.434766	9.162605	4.336024	7.815546	9.870022	10.472136	10.692108	10.253790	4.945076	3.330049	4.707285	5.345813	9.992034	2.821431	6.883594	3.774011	9.903841	4.155618	6.708956	6.724999	4.983552	5.894666	6.507815	3.776618	8.177822	6.528359	7.035739	3.485378	4.104464	4.426369	6.987459	7.057478	4.188089	5.854642	6.742322
6.424608	11.081677	7.069439	6.210007	8.773418	8.734117	9.104565	10.750513	10.403129	3.673862	6.492187	10.470209	2.565717	8.517215	2.662065	10.079964	6.713593	10.916605	11.080515	8.934590	10.937647	11.097578	5.518243	11.529349	5.531223	2.438980	6.139152	4.866243	6.901585	7.866992	3.641677	8.811742	3.534943	6.351270	4.562498	9.572050	8.272256	3.059878	2.345232	6.113312	4.625573	9.096703	9.128069	5.357020	5.667110	8.698679	11.322751	3.897737	5.115928	4.124489	9.064642	3.867110	3.370440	5.515249	7.972614	4.150885	7.627426	4.396205	4.418825	3.929687	2.936138	4.697763	9.516579	3.563581	7.420717	10.936635	5.378340	5.275114	10.421619	7.752501	2.544127	5.850371	5.247996	5.651326	9.463776	4.371741	6.008326	3.855546	7.782232	3.756876	8.540209	5.231191	7.858370	10.985207	10.163484	4.539458	6.573885	4.635269	10.158892	8.285444	5.464020	8.432822	6.205477	11.213867	4.470215	10.800646	10.655545	8.850556	5.575933	9.892897	6.026150	4.364704	7.718651	3.439405	9.637748	8.404691	10.958446	9.344546	3.748781	10.121257	5.558180	8.427985	7.108147	8.917656	3.446997	11.378125	7.387185	10.306901	5.232552	2.840287	4.583236	9.334708	0.000000	9.218529	11.542352	7.918796	9.931152	6.414731	10.386577	10.269735	2.714538	2.796674	11.084769	2.582466	2.377661	8.502881	9.524732	3.913389	2.710206	8.014792	6.231465	11.324708	6.069844	8.409199	8.688108	2.437147	7.505886	4.466514	6.173033	6.759634	3.342114	9.392342	7.809605	6.993963	8.480296	3.461275	6.436778	9.498122	10.206227	8.656454	3.061713	4.634644	10.408630	6.305696	11.376088	3.918211	7.221785	3.648293	11.292352	11.080530	2.875446	6.236162	7.995326	8.376783	11.215068	10.673560	3.806365	8.545883	2.612051	2.453577	9.438568	3.637668	8.971962	4.726558	6.602345	2.386720	10.688782	2.521547	4.826829	9.091938	6.057254	5.750415	11.085546	3.914270	7.537694	9.231091	5.129360	8.475243	2.922080	2.886963	9.147597	3.464679
7.274729	2.680420	2.574934	9.915013	3.295245	7.043429	11.073702	3.299705	3.306532	10.799239	9.209017	7.011643	11.043566	8.474404	5.340960	7.720725	7.286043	3.550198	8.012119	11.428006	3.966113	10.607735	8.378727	6.036595	3.769883	3.199915	3.437659	6.515525	8.627591	5.643490	8.880187	5.606214	9.666139	2.496414	7.179282	6.176254	5.899214	7.942462	5.575701	10.555188	10.438301	8.216577	11.064925	8.996474	3.703819	4.901128	5.431192	7.672189	7.245217	8.200359	8.611896	9.909334	9.984282	7.814979	6.219915	9.491616	8.537855	3.179467	2.972239	3.966175	6.049649	5.411374	11.338501	6.916060	8.350783	7.757213	11.284040	3.691582	10.679680	9.435176	3.952614	7.089936	5.315889	4.188559	10.382181	4.107882	8.530361	9.836768	5.171258	10.570885	5.851043	3.574499	9.718491	3.695025	9.586906	7.958207	8.860604	8.128171	2.378218	9.791587	5.663757	9.451640	5.450609	11.471616	4.673436	3.332137	6.299269	4.785052	3.586798	6.071560	4.748001	8.306746	7.965577	5.602610	5.504841	4.940786	6.421461	10.193015	4.726097	5.705074	6.578318	3.706731	8.076517	5.622826	6.897232	9.853026	7.543110	3.936010	2.700689	8.118857	3.982432	4.429679	8.039249	0.000000	7.010025	10.861052	10.105425	3.786725	10.745501	8.629088	8.069916	9.016266	4.512478	4.703282	2.978305	8.418011	9.894943	8.709062	10.536995	5.373624	8.126906	9.862491	5.681381	10.108842	3.613275	4.962870	10.565187	10.436140	9.855331	6.525540	4.654790	9.103191	4.360372	8.523796	5.084150	5.189400	6.801354	6.800604	9.231719	2.410872	4.445445	6.082336	6.539960	5.642644	9.114823	9.401466	2.792372	4.030403	4.449529	2.967101	7.367331	5.493490	6.667708	4.438010	4.619040	3.962785	8.071643	10.190500	4.561612	9.869016	5.017081	7.277470	10.752833	2.515782	2.492691	5.037293	4.363580	6.155286	10.180735	7.315357	10.507634	11.290329	5.385677	5.115130	9.461787	6.368453	9.011904	5.698944	6.219002	3.912914	9.353218	10.454069
7.036928	5.065437	5.815637	10.615301	9.744745	4.339927	3.713243	8.648996	4.873319	7.879367	10.115473	3.768942	4.603805	4.062667	11.119909	4.691767	8.473993	7.216056	10.916446	2.676229	8.095778	7.820389	9.932862	11.111373	9.356931	10.947426	3.137602	2.418909	6.704088	9.838990	7.404676	7.454890	4.878157	4.042696	2.578513	2.609359	7.957670	2.587840	4.038548	4.264779	10.617708	8.824846	7.017169	6.042694	4.466646	7.277248	3.089933	4.724928	5.890639	5.670081	8.418794	3.837063	6.248801	4.447028	6.961939	6.865724	5.014246	7.368437	6.858589	3.425828	2.635996	3.542599	6.583363	9.387548	2.796100	7.439452	9.352806	3.433634	7.521145	5.373541	3.109177	7.235576	4.975092	8.980206	11.383737	4.130352	7.929689	5.700902	11.122851	5.818753	5.526286	7.836235	3.704288	8.303169	9.685656	4.617361	9.646756	2.632790	11.130882	5.263254	4.868597	3.350940	5.226937	5.235495	3.405403	10.159636	11.215685	11.212813	7.064035	7.972352	6.727541	2.773286	6.440708	2.968594	10.085540	5.464523	9.272456	3.290757	5.496321	10.248510	5.605058	7.844586	11.391598	2.553618	7.447474	4.283167	2.459707	6.932788	5.649722	6.730690	9.269184	4.411653	2.812398	5.398315	0.000000	2.684270	3.373583	11.189933	10.288693	7.426205	3.075552	2.832321	2.627895	10.171308	9.773639	11.390467	6.096231	10.540594	4.035815	5.650148	11.384427	10.039632	8.451228	6.050575	5.008072	6.116949	10.869518	4.576384	8.683232	10.087887	3.517563	9.436759	10.608787	9.020454	8.501440	5.258203	11.077891	11.318242	5.266859	10.158707	3.686240	9.470636	6.656957	4.570277	5.574292	3.960286	4.639207	11.139782	4.619119	4.088418	9.187318	6.189630	5.738343	8.199306	8.667635	6.213834	9.062347	11.454017	6.175758	3.439900	5.775728	9.928446	9.892850	7.109957	7.714336	4.646548	4.917229	10.495373	9.408859	6.652497	6.928046	7.096879	4.114464	5.713218	6.782311	11.510162	3.163292	3.382897	5.914288	6.133230	6.510630	7.541538
5.747046	7.071455	11.350717	9.580158	5.634625	5.138021	6.007914	9.413276	3.613604	3.080112	9.434001	4.438248	8.951866	10.523801	3.873679	8.242867	2.439529	6.229322	3.873831	8.264521	6.265717	4.408294	3.651095	7.703523	4.545604	9.096429	9.967246	6.731989	10.376383	11.463540	4.612865	10.237172	3.092971	3.347259	9.904356	7.387335	7.094415	10.204079	7.987181	9.543288	11.112882	9.131868	6.940449	2.617695	3.618658	3.577329	5.726315	8.307202	5.356847	8.666348	5.082016	4.899036	8.980293	4.234597	9.769215	11.388671	3.803112	4.659272	7.137148	4.683589	6.852029	7.624367	2.442309	5.429127	7.052460	4.423233	2.400338	6.169596	7.872327	4.582087	6.519595	11.044025	6.438991	10.948989	2.411468	2.754506	4.664958	3.263199	10.506879	11.070161	3.212800	11.246434	5.872543	3.977222	9.326535	3.710369	2.873994	2.463510	7.577245	8.318687	9.063810	7.355539	9.089697	10.875087	7.801111	7.158995	2.480950	10.697042	11.444648	7.409745	8.291665	7.403929	9.088208	3.932242	9.271575	3.464321	7.244340	5.824827	7.283186	2.920582	3.980753	6.988711	4.635633	6.696198	5.310821	5.011271	5.784150	10.603047	9.110248	7.245459	4.328998	5.385218	2.433566	8.724425	3.272795	0.000000	10.976805	7.473498	3.730817	9.220472	3.860779	7.531976	3.880808	11.043631	2.955155	11.579364	11.233582	5.596639	9.903942	10.151133	6.923555	8.806824	6.449150	4.728287	6.936987	11.549194	4.155118	7.528853	3.761793	5.191015	8.660266	6.753375	11.586632	5.092307	9.373552	7.257481	2.955975	6.186680	9.677979	10.983500	7.546491	4.161226	3.918818	6.381301	4.304618	5.319081	3.182322	9.101646	6.752583	9.979545	10.954444	10.940196	10.930713	11.370644	3.813777	5.755091	6.198262	7.380937	2.477006	9.811653	6.434007	6.459656	3.146369	2.606095	6.380658	9.834943	8.262128	10.946971	3.160067	9.411025	10.564042	3.219776	9.199580	3.856864	8.253238	10.782045	9.719265	5.056311	10.090699	11.320247	10.536902	6.794734
7.306824	2.550129	11.445391	6.607196	8.744933	2.716841	3.063645	8.226186	3.847862	10.632972	9.957050	2.785715	8.410892	10.436676	5.221265	10.639354	3.990138	3.423775	2.966128	2.613278	5.273670	7.125751	10.424755	11.298746	5.202906	10.831958	3.824665	4.563537	6.023800	4.344865	4.569202	5.730772	7.699567	2.947687	10.913264	4.030425	10.608665	2.797718	8.908491	11.192679	5.424054	5.300778	9.416831	5.512986	3.336229	3.978371	8.103864	5.538948	10.612249	11.498811	2.848735	10.358398	7.165868	3.382628	9.931290	10.254953	11.592652	6.024863	2.576196	7.337664	5.459326	5.965368	3.636737	9.146222	10.171471	7.525734	11.003446	3.161787	11.532162	7.758109	11.339928	7.346534	8.466370	9.899788	7.237964	5.968452	4.267005	8.130413	9.391634	5.007819	4.466049	3.878915	7.197966	9.630848	10.295325	11.049697	8.875442	9.276000	3.984563	7.230339	8.341666	3.322705	11.588971	7.522466	6.023238	7.746319	4.797314	6.244360	8.836176	2.499397	2.564831	3.334977	4.864104	3.011771	8.108962	9.407561	3.335694	6.432724	10.275125	5.490155	11.428149	6.113039	4.952354	4.667240	6.237878	7.031400	6.186113	10.469482	11.111010	10.809907	6.167570	9.704749	9.061818	8.735116	11.528632	5.342849	0.000000	4.328364	10.806814	6.359779	2.423220	9.858109	9.980419	8.437035	8.946010	4.015971	8.453542	3.591291	7.535680	7.089588	3.310377	2.823344	7.732918	5.834567	4.640326	10.709730	9.331951	10.622767	4.818985	4.010283	11.485161	3.604578	3.301479	8.668057	8.496797	5.741252	10.038156	10.055987	5.849983	9.585011	10.977516	7.031732	10.354260	4.789337	7.125541	9.857483	10.648965	8.878428	6.665407	8.162503	6.043916	4.706817	4.576049	5.730707	6.061471	5.724801	7.429354	4.443862	11.263063	7.923825	11.191891	3.962229	9.548534	9.039030	10.949027	3.227750	3.505807	8.203793	10.078363	9.917636	11.317009	7.541461	8.237487	9.728415	3.538342	11.212667	3.515474	6.849278	9.981696	5.674621	9.913021	7.123065
7.403808	3.331338	7.351075	3.604433	8.355032	9.610579	8.231222	7.397016	8.746466	3.062072	10.863278	6.285622	6.019642	6.468880	2.925907	8.127494	11.121028	9.107725	10.890751	3.645789	7.618663	7.485500	4.889329	3.417311	11.237911	7.364282	3.852611	4.860256	9.777695	2.883503	5.052579	10.187311	4.786527	9.661017	3.872446	3.585760	3.264065	3.727258	7.726935	7.115651	10.845419	3.776040	7.151169	3.246020	7.219380	10.706447	10.658927	2.367845	3.945208	3.190054	6.979779	4.242328	8.546647	6.483091	10.554698	10.302182	11.054912	8.317890	2.783836	7.635936	2.324522	10.014316	7.845519	7.086826	9.041428	2.810688	5.725761	5.290355	9.610370	5.611963	10.800772	11.022052	3.589358	8.651986	4.601169	8.102489	11.542295	3.646973	8.492844	3.752965	9.360893	4.960207	9.209350	6.821524	4.592963	5.629293	6.460464	9.435521	9.710956	3.312673	6.344083	8.833979	8.519157	2.739676	6.506935	5.078494	5.435278	10.842048	9.065819	6.599260	5.255851	5.967294	7.094340	5.232808	8.424852	11.581269	6.997266	4.621390	5.659473	8.504319	6.609626	11.394606	5.636276	6.363063	7.598031	2.906691	5.813976	8.625004	10.299605	8.789083	2.416275	5.148638	11.024290	8.270312	3.350739	7.137945	7.659941	0.000000	2.328857	2.980691	5.186680	3.959510	2.468009	11.190468	2.972127	9.819417	9.644059	8.076503	9.137125	11.135470	3.775581	4.695803	4.239211	4.070000	11.431086	6.622269	8.210721	7.964559	3.348689	3.756861	11.405706	5.147130	4.773647	7.344058	7.508516	10.237200	10.622373	7.175515	4.367080	8.990784	2.324647	8.316857	5.944485	3.958468	6.267354	5.770200	5.630455	10.247449	9.462832	5.717609	3.339541	11.056858	9.906122	9.545401	3.909593	11.456794	5.233021	10.755510	11.303992	5.062413	5.699289	3.172772	7.381892	4.498373	9.834659	4.986240	7.321421	5.954600	5.914300	11.032661	8.386327	3.056782	5.754712	8.637801	7.274296	6.261721	9.186445	7.762223	5.872775	11.208744	3.756404	11.353795
4.484278	10.154511	4.460726	7.731933	7.804395	11.093865	11.457501	2.988348	4.572520	10.536564	4.771394	11.277010	3.628060	4.450212	4.174411	3.694439	2.429078	7.260950	6.872831	5.119397	8.549289	8.246467	5.860647	9.872304	7.191976	6.133226	10.792447	8.140146	9.697707	3.332475	4.397490	4.968002	10.071129	4.821998	9.661324	6.102689	2.845033	9.378668	4.656428	4.435928	7.635891	9.061556	3.175492	7.808680	7.178566	6.927944	10.269581	8.511782	9.814979	10.219648	9.136605	10.823948	9.293772	10.616006	11.543383	2.476531	10.154044	10.813019	8.012298	10.234458	7.521846	7.602402	6.299140	6.328504	5.493780	5.148995	6.587818	9.030048	3.336610	4.695330	2.412219	8.677727	3.588831	5.594584	6.135875	7.309569	7.969944	4.426206	6.967271	4.838516	3.152881	10.762526	5.321101	10.964458	7.178375	3.881737	3.165138	5.363973	10.435456	3.817020	9.786931	9.678905	7.178803	4.887241	10.993891	9.326674	3.772266	5.021194	11.504684	10.504235	9.088383	5.379267	10.377897	3.608893	7.621372	4.296681	11.455208	5.317627	7.059691	10.214157	4.417526	5.235627	8.895086	9.025352	10.296403	4.640075	8.046652	4.186679	10.518525	7.906901	11.265714	10.178713	6.358859	5.352417	6.813836	11.209253	2.827534	10.523834	0.000000	6.115232	8.683968	2.654232	7.038111	4.262322	8.605172	6.732027	9.048636	10.245415	9.218520	3.357067	3.781632	5.260633	9.349714	2.719086	3.727989	8.483627	10.638176	5.092979	6.348293	7.244519	10.506284	4.261320	2.782306	9.012773	5.819613	9.620223	6.741300	9.023395	6.665707	9.752380	10.407081	10.277764	4.282230	7.345157	4.130566	2.880015	3.138403	7.989206	10.237003	8.198419	8.288361	3.978764	4.508468	5.614965	10.149357	9.886117	7.485420	9.239961	6.408157	7.459237	5.979360	6.315575	3.678861	10.068001	9.433604	8.923734	5.082390	10.637515	5.912525	6.596109	3.418150	2.662138	5.664571	10.424881	5.878667	4.352207	4.158329	7.203064	6.225021	11.150234	4.210589	4.253681
10.830283	5.024171	10.274981	6.671302	8.500888	3.978310	4.428266	9.895688	10.294499	5.810125	8.249788	2.482592	4.362809	6.193633	7.786007	11.485087	11.213020	9.559995	7.076554	4.068748	11.376117	2.910462	9.279735	7.003732	8.784107	4.026920	7.011215	7.113642	10.843322	8.576557	9.618713	9.361651	4.873944	11.592260	5.351857	4.652143	5.954106	5.090105	7.313322	11.328521	9.822913	3.513858	8.730692	6.294310	3.824633	5.733456	5.141081	5.911607	4.435760	7.186713	9.167725	11.130628	5.045719	9.773971	8.917737	11.539323	7.310608	3.715029	9.017079	8.951675	4.015346	3.191908	10.344332	4.177342	8.187621	8.985379	8.653980	8.307076	6.942403	8.270688	5.978966	10.002853	8.685023	7.529923	6.628128	7.120666	11.168650	11.583408	5.091685	10.262048	3.669080	8.501119	6.348292	3.175314	6.748538	6.515341	2.713087	3.573384	3.888990	3.854488	6.360151	7.254732	2.930937	2.864877	3.167486	11.360138	11.463117	4.617989	5.034413	8.935043	4.021049	10.361717	7.241676	2.645005	5.481969	7.069961	6.944836	9.282728	4.115498	3.177431	2.767786	9.657371	10.399826	6.750188	7.617883	8.105705	4.278078	4.388757	11.485576	7.023760	8.509686	10.933155	9.721057	3.048349	11.220080	9.756562	8.759483	5.770355	6.555974	0.000000	3.580661	2.799316	7.768175	8.400250	4.371550	2.491273	4.746515	4.547461	11.500877	9.822122	3.770378	5.344040	7.430505	3.241191	5.179298	4.907849	7.698586	8.476521	9.986971	9.137667	2.376615	11.068122	8.724758	8.107745	7.323055	9.141304	8.599571	4.691510	6.618868	10.593391	2.687108	2.596385	10.522174	8.099093	9.999566	3.561625	9.505512	9.457175	7.999215	7.118096	8.813939	9.451336	4.601288	7.361691	5.231004	2.500751	8.907907	11.197515	8.234178	9.792822	4.703611	11.372138	9.698913	5.383983	3.601496	10.896175	5.620415	10.763417	6.744856	8.329811	5.398300	9.208958	4.687453	3.805174	10.918296	11.499630	5.080225	8.442599	8.948281	7.714604	9.029715	2.620290
9.716349	11.511998	2.466673	6.050047	3.521693	3.550978	10.633515	9.611365	6.290675	7.821851	2.673208	8.306443	7.608804	10.364522	9.562387	5.659950	7.054170	9.085131	5.164549	9.045082	7.850179	9.555109	5.916777	6.166623	9.544760	6.891772	7.142352	9.660451	7.789952	6.924295	10.115068	9.480535	7.254334	11.088012	7.788762	11.320255	6.866064	7.025095	10.253931	9.978976	4.614210	3.792603	3.010704	8.039142	6.023824	8.860945	8.084606	4.085493	9.031222	11.476510	3.979747	6.443454	7.790628	10.749676	9.146703	11.010127	9.230778	9.592410	5.691370	11.192237	11.562186	3.961446	4.170660	11.541198	9.906483	4.406983	5.170403	4.593863	3.900248	9.730328	7.432537	9.485470	5.823152	10.375069	8.643971	7.870630	9.617539	11.032653	2.846091	4.580645	4.778091	5.740262	8.341108	9.199771	8.419164	8.440343	7.608563	4.906301	4.412050	2.373488	10.613017	4.582970	11.354103	5.249388	6.700458	5.254652	3.022410	10.536920	3.027338	4.432318	5.873446	4.224024	9.565397	3.818902	7.653041	11.093335	11.034703	11.115161	9.667624	11.504151	10.568760	5.979065	2.370424	4.001080	4.184006	8.522592	5.232568	3.239566	9.967958	5.543135	3.260567	6.611404	4.781052	5.699240	6.193699	7.087489	2.823976	5.111699	3.452906	7.192374	0.000000	10.741323	5.565458	3.238534	8.550721	11.513606	8.981278	5.743583	7.996347	7.167887	9.587504	4.026555	3.521069	7.790500	2.487962	5.485712	7.516024	6.796239	6.253700	10.949636	7.970018	7.764809	3.229301	4.576132	8.974869	6.019528	8.968150	9.393710	2.877480	4.932184	7.970773	10.365214	10.283425	5.057823	11.260332	6.841944	2.994828	10.118095	7.493234	2.756522	6.793768	9.890448	8.685920	8.438305	4.996265	4.496727	4.909227	10.486525	2.925002	7.052685	10.379756	9.294078	4.056657	11.456730	5.033135	3.025396	4.725795	8.181549	2.448253	11.526894	5.149927	6.652458	9.149280	3.632035	4.735413	7.471713	7.109432	7.127792	5.610204	5.021561	10.699268	4.936990
9.490145	8.832154	10.355851	5.907614	4.303052	5.666077	2.324652	8.490751	4.056214	4.290012	6.994544	6.375523	4.869717	8.026334	7.630037	5.408331	2.896567	9.753527	7.504921	9.531528	4.452243	9.737440	8.608469	2.568973	11.432152	9.694803	4.203631	2.687596	10.035386	3.349210	2.796463	10.174865	2.442518	7.757433	3.336624	4.119310	8.083886	10.060859	7.621042	9.259652	4.591190	8.606679	7.623036	9.774448	4.605972	11.030384	7.970040	9.906707	8.258167	7.183598	6.946233	11.296418	3.228939	8.651942	3.286667	10.348681	7.414068	10.389767	6.814471	2.365198	6.332475	4.803143	2.803021	2.954434	5.169773	6.138871	9.471063	9.775255	4.232051	10.255713	9.427204	5.227758	4.213753	7.213611	2.731889	7.008285	9.448875	3.349574	7.126890	6.919346	9.410943	9.279796	8.187856	6.016268	10.204880	10.985350	8.929146	10.351848	4.028419	3.283001	10.858313	6.105502	7.283660	8.556733	5.071630	9.333270	9.496342	9.868144	9.417483	10.651290	5.287620	8.146953	6.930655	4.210298	11.050525	7.673427	11.397355	5.631030	4.516425	9.056288	11.496476	7.407699	7.008624	10.921767	7.875959	4.927917	7.968013	5.790004	11.014903	11.509946	7.440792	7.585237	10.552056	3.261942	10.707837	9.085251	2.349500	5.884948	5.870352	5.560940	7.902030	0.000000	3.869040	7.863217	4.547661	9.548586	6.460657	8.661458	7.729126	4.804835	11.417553	5.837177	10.508636	9.976078	7.042544	6.271782	10.803886	2.747551	7.091812	8.651135	5.421801	4.762905	3.199277	7.804016	10.780227	2.780753	3.725906	5.736456	4.917662	5.116616	4.419523	10.707215	7.379779	11.327409	3.951729	7.317568	8.605078	9.241220	4.611941	4.955300	4.211862	11.048246	6.084729	4.410628	8.089822	3.841394	5.367066	9.044238	11.017399	10.814828	9.126906	4.714906	4.482929	4.940009	8.018174	4.512877	5.979060	6.354687	3.652309	7.208251	8.845228	9.990637	3.644825	11.001605	7.902046	3.809613	3.076684	3.319527	4.689857	4.795209	5.410696	5.599481
8.056207	4.908991	7.107227	6.281418	11.245169	2.602924	7.426775	6.716551	8.936863	5.026967	5.475136	7.381452	5.759231	4.338008	6.424961	7.170328	2.404692	11.439496	3.882918	3.920151	2.668029	5.157483	5.976948	8.010315	3.774753	9.980734	3.515425	9.997994	11.442145	5.040578	3.445214	3.743002	11.310199	8.284310	10.903125	2.329749	5.669465	3.961646	4.503233	6.745127	8.386653	3.361652	5.860779	6.622822	7.034285	7.013170	4.935254	11.289736	2.564680	6.473146	3.811693	7.977917	5.826221	9.602402	7.450842	7.793139	3.900373	4.256411	8.978026	9.289659	4.308406	3.684907	10.285599	3.052030	9.772295	8.503608	4.116844	9.964431	3.933964	2.538959	9.632232	6.528135	10.901134	5.818295	8.059440	7.797703	9.101425	9.654613	6.024646	4.839044	5.572369	5.048746	10.512626	3.495427	4.147105	11.515121	9.441755	11.388933	3.652879	10.114110	5.516426	7.173371	2.326808	4.692518	3.979425	4.520713	7.188894	4.592033	6.611938	5.829226	10.771875	10.904372	11.248882	7.344291	9.849869	11.520305	5.006252	4.614036	11.075197	9.601670	10.724995	5.658986	6.765443	3.801263	9.736012	2.866250	6.022421	5.593792	10.767086	9.423107	3.812726	2.971590	8.066299	11.289384	7.949440	3.243969	11.306858	9.397584	10.131692	8.075927	2.830365	7.990427	0.000000	6.529138	9.577085	10.812844	3.421780	7.336039	9.112251	7.131669	7.242518	5.026152	8.486111	9.449312	10.935652	5.232474	6.259680	6.159674	3.972526	3.190165	4.818964	6.874943	10.358185	5.751430	7.210119	7.163544	9.969677	3.405951	5.144988	3.108458	2.575225	3.358922	5.358049	8.690154	11.163097	11.019315	10.195392	6.019549	9.499652	8.573221	5.919844	3.596192	5.213295	3.826929	5.384310	5.271943	4.635579	8.053192	10.764920	9.963288	5.451946	10.506067	3.959003	4.396593	2.398831	6.017904	4.464277	4.501645	6.031417	7.710177	8.378962	10.736777	4.577002	7.513497	10.120667	9.583345	5.697078	6.871372	9.533679	9.840145	3.269983	7.462554
10.182491	9.324708	11.270203	10.553868	6.991945	4.557720	2.598435	10.525033	5.781164	5.485855	5.367981	3.424835	9.658958	4.227741	8.352575	4.223877	10.241214	7.608901	8.057742	5.166761	5.117454	10.574774	7.790281	6.789694	8.359632	10.791948	3.194819	5.265602	2.570759	6.609368	5.459533	9.427056	7.032632	5.226022	10.366153	7.797690	3.744160	10.675675	10.257871	10.707590	2.591689	2.999173	6.986311	3.292205	6.477870	5.547608	4.520561	5.652534	4.869812	8.245362	3.620720	10.728973	8.139169	8.962000	9.566947	9.523361	7.926902	3.418689	4.969781	10.217929	8.587534	4.974988	8.989127	11.106530	7.573097	4.099378	7.830304	8.437108	5.616005	5.505394	3.206174	5.160631	4.968856	4.259279	9.461225	6.503095	7.146572	8.753433	10.540553	4.102390	4.584199	10.657028	4.847566	9.710742	4.961996	6.639263	5.680888	10.285551	5.680163	9.049193	3.619309	8.977907	4.292674	3.479711	8.644608	9.147923	2.938367	3.310468	2.712672	5.115829	8.465567	7.756044	9.007208	7.672355	3.373296	5.582194	9.781945	8.668064	3.943773	3.696315	9.244522	2.531497	5.139801	4.650152	8.900935	6.420146	2.814756	6.819953	3.064940	4.306612	8.593290	11.550131	5.593090	2.986673	2.686205	8.592167	5.982701	8.978023	7.099424	6.263612	7.210173	3.694583	11.107639	0.000000	4.705383	6.083408	3.059358	8.541440	11.022758	5.653707	6.247440	10.290828	10.225526	2.519812	5.354898	7.512469	5.831517	9.096760	6.108131	5.163552	5.762359	4.936392	9.371911	6.099060	10.180533	8.948562	5.948382	6.913267	10.894536	11.039782	9.290688	5.932111	6.118048	2.361184	6.491159	11.464024	10.999478	5.965558	6.364114	4.485324	2.772063	6.473596	4.380043	9.092188	3.952767	5.951009	2.761379	10.169716	6.454685	9.607867	6.847363	5.667714	7.510830	6.112373	3.070592	3.484285	9.071683	3.072105	8.731177	9.878935	11.474938	11.143808	5.156949	9.624802	9.828792	8.587768	11.436955	3.222544	7.143417	7.309981	5.728481	11.313763
9.781556	5.549016	4.552975	5.925377	2.442631	7.678934	3.271097	7.869039	4.967630	4.681790	3.472600	8.015127	11.006896	4.386233	6.061926	6.691054	6.862994	4.515656	11.178945	6.958065	4.506573	10.231745	10.963393	5.466891	9.230863	4.972570	9.385771	8.882868	4.154810	3.354280	2.792010	11.407201	8.337276	8.047312	8.504608	2.875767	9.627979	3.661395	3.488525	7.357722	11.259929	6.376405	10.367534	6.610096	10.504650	3.616441	6.456618	7.356101	9.483872	11.535666	9.601775	2.937317	8.465640	8.189829	7.665408	5.881609	11.529816	9.694018	2.371569	3.096856	5.223167	10.600875	5.803351	6.480935	6.525989	9.305868	9.941360	4.377739	3.637544	6.143088	5.760645	2.818144	7.766725	7.585699	10.515838	7.202063	4.152907	10.436013	4.204421	9.263920	11.470845	8.671537	3.814683	11.088912	9.992338	3.077321	5.797976	2.916778	7.068183	9.762812	6.034223	11.208031	6.146822	10.450162	4.948224	9.709882	3.612510	8.161694	10.855152	2.646263	3.286301	3.957698	8.920997	9.247468	3.332728	8.611359	8.033305	6.658986	2.718429	8.630677	6.239078	6.511416	11.247400	7.065898	11.208146	4.861504	3.404370	3.236582	8.333332	4.507427	10.549647	9.246128	6.859417	10.624641	5.971261	9.660956	7.150999	6.216403	9.130232	7.291236	7.444162	11.142441	3.922598	3.188714	0.000000	8.509641	3.392226	4.215130	7.826178	3.342615	10.625623	3.765890	7.783153	5.879693	2.825983	6.020545	2.815139	4.521369	10.525933	8.307984	11.404221	4.944389	10.298146	3.606494	8.496930	4.666950	5.074043	7.333743	11.255439	2.576428	7.654019	8.301767	5.027394	3.859934	6.033162	5.650245	7.389094	4.914093	5.163457	9.461117	11.008947	10.121433	9.907578	10.350031	2.682858	3.011801	9.783285	8.147639	3.451899	9.709268	9.779705	11.314256	10.335632	9.802360	8.812684	8.826162	4.302144	5.071117	2.868195	7.868134	6.413174	9.013583	8.498750	8.713546	3.302671	10.071885	11.577457	9.057656	8.621806	11.331478	10.176031	5.890477
4.817535	10.958560	5.031282	6.253747	7.958669	4.275743	7.251994	3.554132	9.323168	8.901604	5.434888	11.139680	9.683507	10.654229	6.636463	6.236219	10.948648	2.564186	4.689633	5.632369	3.282865	6.332246	3.197343	8.997149	4.834427	8.649224	4.628125	6.867407	8.025476	6.933036	8.230530	7.636686	10.098275	2.833978	6.810909	7.849119	4.570271	4.827260	7.687717	4.687558	4.635753	9.219547	3.972680	7.096049	5.751594	11.561165	9.402261	4.145199	7.145658	5.403294	9.837155	4.051815	2.790056	8.461541	5.738891	10.503068	2.952393	7.264039	11.467648	7.700516	5.030260	7.226590	11.182084	8.108645	9.459430	7.034268	10.527401	3.122386	4.149046	7.495680	7.398583	3.757765	5.859589	9.484193	7.686671	5.814707	8.586685	9.962030	9.576230	6.676223	7.966753	9.283660	6.069477	7.969048	2.447877	5.391598	4.507608	4.058089	10.799821	3.395569	6.604666	4.861287	4.712797	4.852011	6.974886	11.458372	2.592548	8.410911	5.760519	11.256691	9.965067	6.930022	4.558418	9.340570	2.776909	8.272095	10.113250	10.090441	9.178495	8.140561	7.821307	4.174681	7.563361	8.207497	10.609635	9.958623	5.175790	6.691077	3.688457	4.111066	2.553327	6.161813	3.656294	9.700268	5.152174	8.086198	2.533393	10.148714	5.964036	7.242543	10.566212	8.610830	2.385667	8.311932	11.158072	0.000000	8.921371	10.647667	2.830330	8.442143	10.261575	9.392488	5.836965	10.103057	6.180260	4.131457	8.173522	8.245332	10.534003	4.082590	11.411558	10.896643	2.464130	7.538864	4.734393	5.009530	6.359532	3.356141	7.515071	4.477814	10.008141	10.975616	6.915041	2.482326	8.700025	9.489360	9.338214	6.326525	9.007508	8.160156	6.119029	4.260804	5.892204	11.124910	3.940469	2.350537	9.686684	3.329554	7.477127	8.727081	3.428979	4.013868	8.981187	7.613837	10.641517	2.982829	6.867229	10.971106	8.322649	8.685017	8.123028	6.052715	3.074355	7.532544	3.136545	4.708554	5.395799	5.591333	6.352206	4.650965	10.338153	11.365786
6.496607	4.931494	3.875509	7.265739	3.737886	8.047850	9.901075	10.192918	10.192588	11.506702	8.413051	5.271320	11.087528	8.802728	10.881303	4.454388	3.442840	9.270724	4.824931	5.734694	7.240370	6.518650	5.829731	10.369968	10.485744	11.547503	7.598145	6.657778	5.285340	7.737851	9.320070	11.351481	7.491365	8.645147	10.072175	9.021933	8.519566	7.756925	7.962379	4.750467	10.035147	4.735836	9.349654	10.104219	6.317885	4.691304	7.302085	4.315155	6.383077	8.376117	3.975990	4.826512	10.749789	10.686965	10.321502	3.002364	2.868459	9.218297	9.658393	2.633300	8.990601	6.112632	10.957137	4.822037	8.687254	4.501326	3.243341	3.898163	7.524243	7.616182	8.986228	4.017100	9.346438	3.751870	3.730975	3.467160	7.632729	7.822953	2.466404	5.479088	3.080435	5.566120	7.422164	4.456426	5.353771	10.054997	6.521833	5.307963	3.217202	9.523128	5.853303	7.960846	7.228415	6.337222	10.505570	7.616514	9.307741	9.392132	2.406659	6.928234	11.092248	3.837280	4.763871	3.077516	10.281042	6.678003	10.425116	9.114710	4.522817	9.194470	10.292585	2.642472	11.197462	9.933888	7.012887	10.162811	4.843392	8.086594	5.470485	9.783784	8.444262	2.959835	11.538662	4.848989	10.836478	4.398539	4.546745	4.652801	9.706679	9.972207	2.489128	8.504028	5.819008	4.104336	10.306750	8.954938	0.000000	5.084531	4.419856	9.827374	7.426597	5.619357	2.984270	3.642033	4.066661	3.991641	9.638427	6.273367	10.911737	5.340561	7.818518	8.493247	9.854870	10.330638	8.490718	10.298552	3.869714	10.845944	9.307161	5.059063	8.455185	10.415178	3.180716	2.843003	2.614055	9.146598	5.726339	6.833889	10.433926	9.266824	3.133708	6.184409	9.835767	3.807161	2.394768	10.994199	6.200714	5.182474	6.798643	3.808303	3.224599	8.386350	8.284889	9.712025	10.016526	6.327070	9.761000	7.188775	10.335104	6.984668	9.666070	10.331082	7.036082	6.264456	11.599613	11.071283	6.720720	3.768973	2.735927	5.385679	9.810380	4.869714
5.588116	4.986884	5.748792	4.149464	3.746718	10.974052	8.737490	3.146954	7.489171	5.405898	6.361145	3.327131	11.289402	4.372228	5.501679	10.188695	9.388348	7.924105	5.047880	7.449406	3.857489	2.353211	4.291225	4.958210	8.184302	11.355787	10.220226	3.378634	8.218455	2.593141	6.422875	3.720214	3.369260	10.625367	7.610723	8.708382	10.498390	5.799697	6.906218	3.549536	6.185447	10.868140	11.591654	10.893555	4.679497	5.863978	4.521429	10.989133	8.006371	4.599447	11.267504	5.130795	3.570661	11.438742	2.909814	2.378779	9.570477	7.157105	3.647920	3.528928	3.919327	6.510304	10.224272	10.788427	2.674657	4.118093	4.218686	10.635520	8.171897	6.919022	7.696994	6.516942	7.075185	7.248315	9.497215	7.122306	8.241766	10.050619	9.565025	8.691651	3.835126	4.906693	9.011839	10.516809	9.714423	10.437789	5.654739	4.429137	5.325424	8.631942	2.766504	2.549822	6.014003	6.642261	4.392120	9.815113	3.645996	7.870262	4.944365	9.912984	7.778960	7.809183	4.572551	6.696194	4.189833	5.370444	3.685509	8.541881	6.480708	6.921227	5.039879	7.936552	5.574067	9.339622	2.907678	9.590065	9.836826	6.622545	4.091768	3.909966	5.831829	9.544968	4.761480	3.231526	7.895652	8.606528	3.316981	8.333320	3.751152	4.267786	8.374303	2.570148	4.082224	10.198889	4.715509	7.774170	8.599319	0.000000	11.325494	7.752031	8.732658	3.833633	3.315750	3.842926	7.647519	4.000267	10.493615	10.557638	6.185377	2.545483	2.413316	5.044734	9.860102	11.356820	10.006825	6.164163	6.780822	6.320014	7.926756	9.093796	6.507412	6.488218	3.008282	8.880082	9.180884	11.476987	9.681951	3.515729	4.341209	5.965999	7.992520	2.807804	11.367987	7.814807	9.830686	4.711925	10.752546	4.449521	6.118296	9.202012	3.176767	3.238503	2.684399	4.397826	11.510184	11.563713	9.216805	4.495490	7.133005	10.413335	8.772506	4.433508	3.018298	3.526329	5.250026	3.569179	6.005308	7.735468	8.697458	2.381583	7.612258	6.353644
5.468071	8.369079	5.512295	5.194689	8.927081	7.319252	11.069398	4.712921	3.093766	5.624277	9.758257	7.359197	2.836963	7.209636	11.496832	7.388274	6.225507	9.297882	6.612001	9.042887	5.015542	3.184004	10.564597	6.807991	6.570570	4.846279	5.733289	6.792089	3.985221	5.272288	7.242810	8.445105	2.691063	10.566769	7.983156	11.328795	6.204523	6.842656	2.549047	9.465235	10.127448	8.042868	6.848984	9.205259	3.961512	10.098267	4.426349	11.068429	5.435693	5.635499	4.155189	7.921017	4.901324	8.279077	7.492926	7.386003	10.357081	3.831713	10.143596	5.955299	7.100226	7.460799	6.610918	7.451140	5.032189	5.425370	2.586434	11.336790	5.912742	4.484814	7.292193	10.200156	5.613438	9.874519	6.888868	4.474057	9.855791	7.769828	7.142284	5.444284	9.201375	5.535524	7.942953	2.430412	2.995654	5.845451	5.953173	10.575392	10.423512	2.654932	9.829709	6.171276	7.590645	9.646636	8.082102	7.309357	6.481032	6.500534	11.548821	6.946610	6.851833	9.505972	11.105783	10.643972	4.683542	4.743412	10.762521	10.949313	4.792400	3.691469	5.835665	9.892958	10.219275	7.976542	10.612274	8.927831	9.583869	8.029542	4.422416	8.737248	11.179927	6.352673	8.046877	5.577696	11.486869	5.363588	10.446484	11.182535	4.563108	6.152609	3.943192	4.259835	10.798502	10.343033	6.773963	6.441888	8.541528	3.086582	0.000000	8.603648	5.490385	10.936405	11.080707	8.657408	3.363463	9.857824	3.437587	11.051006	6.849542	7.818594	4.183719	4.484423	5.356722	5.846387	10.750921	2.573005	9.111053	4.904515	9.931381	9.211187	4.864587	10.077729	8.380996	11.442616	6.977221	7.025409	9.115641	8.963965	11.006066	10.153038	8.132641	3.471793	10.630526	3.535702	8.380603	10.779293	8.514973	5.295535	3.871515	2.604981	11.006250	11.408626	5.450508	5.395479	7.511696	4.838224	4.480251	3.299936	3.383203	9.159819	3.946698	9.449415	4.731051	7.633799	9.071867	11.188588	6.886183	7.865509	3.295626	3.565520	8.361949	6.369289
6.814092	4.210527	9.858199	4.322661	4.583922	9.871435	8.332684	7.127826	5.420760	9.352348	10.129073	10.318405	2.972143	4.559718	7.666283	6.051887	3.323984	5.281081	8.959890	10.031429	9.738512	2.560240	2.399524	5.263530	10.304355	10.636772	4.149241	8.535064	6.976361	7.187936	9.542941	6.383383	5.294552	8.840262	11.472817	8.931288	6.436363	9.094895	10.770193	6.002424	7.182237	9.164760	6.349442	6.698731	7.789795	10.729974	10.155385	8.112514	7.834484	8.755832	2.358537	8.524482	5.967692	10.973932	2.447901	9.544095	7.512453	7.930947	9.318604	5.280483	5.389908	6.731708	3.468518	5.055490	5.922807	5.469846	10.354015	9.418131	5.489888	4.971734	7.011106	9.510791	3.800894	3.911841	8.576415	8.405245	2.434119	6.446605	9.010043	3.882120	10.538212	9.779379	8.913328	8.184767	2.873919	2.884443	8.498048	4.683404	8.252790	6.887616	10.300849	10.993207	3.777528	4.625463	6.266043	9.453267	9.283423	7.047380	3.871880	8.503477	7.635106	5.429503	9.794647	3.525420	8.490079	8.349930	8.170162	10.160561	10.323409	3.201006	11.595032	8.901996	9.471416	10.910986	6.072813	4.234908	9.665637	9.869486	11.372790	5.991998	7.516001	7.906657	9.946832	11.393028	6.379016	3.100618	7.340187	4.030047	7.993551	7.979421	4.575887	9.422667	8.513374	3.551501	10.165744	4.733995	5.877901	4.806901	10.800201	0.000000	7.217776	5.611484	4.526376	2.981714	10.652675	3.845673	3.506921	3.917919	8.349424	9.157822	7.285392	6.166524	2.389079	4.007769	4.134734	11.396818	10.538528	9.769180	5.547332	9.993481	6.589401	4.080099	9.152346	8.911193	7.727709	2.443951	10.976571	6.810067	8.962306	8.157155	10.079009	6.544162	7.996434	6.319810	8.343366	11.232232	2.350955	9.758799	2.805025	5.992319	5.543259	7.395953	6.479338	11.264114	9.571902	8.233924	7.614684	7.231535	6.036911	8.754715	10.960071	7.550906	10.162209	2.888105	3.777373	10.445020	2.616380	11.531654	8.639121	7.054608	4.575876	5.790922
4.629912	6.591204	8.761183	3.405031	2.799818	4.274274	7.360637	8.569528	7.659564	5.826650	3.888829	5.951798	2.568206	3.336112	4.264914	7.573653	7.440645	7.288444	10.609602	7.759305	7.429011	9.284381	6.774454	8.106551	4.529918	6.725593	10.035808	7.768033	8.209092	5.373860	7.368114	3.992232	3.575246	4.164577	5.940265	7.391505	2.508843	9.036100	6.030593	4.434982	6.203973	8.889294	5.377572	5.425427	3.773871	9.488519	3.855500	5.193679	8.444586	5.132383	2.961360	5.710566	10.027972	2.965081	4.124280	7.760417	11.067159	3.715267	5.847050	7.994683	5.554772	8.351552	6.518015	9.353419	4.379701	7.868031	11.368520	3.751877	8.652136	5.529783	10.035004	8.138802	6.750425	8.009444	3.207701	7.763626	11.312179	3.841107	6.306649	6.650460	9.930135	2.380739	6.014457	7.398504	11.302406	3.591125	9.121813	4.415441	3.997919	7.749656	4.628906	4.259628	2.967802	10.780984	7.248027	8.566278	3.295336	3.515449	9.479661	8.453127	11.245311	8.261952	9.574503	10.094728	4.193110	6.643549	7.332678	10.924058	5.941839	9.108641	3.786565	4.542707	3.579578	10.349328	11.378222	9.302415	6.693758	9.627546	7.829907	9.534454	7.765844	2.632948	2.802438	5.876861	5.805861	8.498934	3.080744	3.972671	9.029374	2.702560	4.900650	4.115336	4.963336	7.457451	7.839326	4.217126	8.884328	8.983698	5.270391	10.021018	0.000000	7.432280	4.605085	10.925677	5.806248	4.415304	5.438774	5.298145	6.105123	10.339079	10.479941	6.778807	3.742379	6.092053	8.022665	9.241055	7.979251	11.376856	4.575292	7.221358	6.672638	3.050609	10.214375	7.418579	6.866047	6.814752	3.017291	7.254312	2.639052	2.765241	9.749390	9.476774	4.128255	4.236872	6.650187	3.714290	2.398308	11.530741	6.109079	7.428886	6.717860	4.923231	11.369181	4.647732	8.960959	11.303023	10.398275	2.646718	6.883563	7.473642	6.677390	8.160499	4.691793	8.090334	9.679104	6.551911	5.935810	10.527521	8.994986	10.331444	2.902749	6.392496
9.588816	10.851082	5.877280	6.835145	2.616950	5.883666	3.342461	4.003783	9.777573	4.258241	5.482401	4.412358	8.367146	5.905534	10.602218	10.842366	2.957702	3.766800	11.076028	7.718070	8.200299	9.960071	5.795966	11.544641	3.824365	11.541467	6.772703	5.742334	7.889795	11.508206	9.024246	5.421001	5.461892	7.832821	8.703266	10.754904	9.623681	6.141009	10.690531	3.407502	3.534524	2.634820	6.441174	10.643701	5.028032	6.027134	5.659443	8.363968	11.451142	7.795741	2.718011	10.069372	4.462747	6.265763	8.660389	2.803340	4.751534	9.507682	7.267421	7.377718	4.271523	2.715619	4.186382	9.597862	5.932154	2.923844	6.418533	5.636996	3.924935	7.407405	2.950182	3.198707	4.855805	6.166084	7.885114	3.301592	6.514768	9.200870	4.017221	5.654392	5.623117	5.014449	10.983980	5.613558	4.950025	5.020800	3.486742	4.184632	11.387743	3.055653	9.822958	5.349030	3.065338	8.147759	7.492952	7.384425	5.491847	4.733955	7.197420	11.251138	2.919972	5.423456	7.453819	9.162984	8.345680	11.565192	11.567343	9.845379	9.623901	2.917806	8.953155	5.011637	6.543185	4.581743	9.412934	7.511770	2.801768	8.466683	5.695406	2.688525	3.257892	7.361505	9.217743	5.314794	8.551571	6.522190	3.218540	9.988114	9.875241	10.330026	7.269658	2.438904	3.367427	8.123656	4.486530	4.403227	6.429815	4.131899	5.825310	6.537272	4.679228	0.000000	3.082775	5.416064	9.947767	9.044158	2.675432	5.235793	5.267230	11.522255	10.040256	4.370564	3.421908	3.334621	5.568300	4.274377	8.280397	3.400507	5.333682	5.908720	10.000885	2.559888	8.825052	9.076426	6.469840	9.015031	11.020863	3.871614	10.113238	5.875766	7.486827	10.982524	10.743825	4.153267	10.745143	11.526681	10.004757	3.528551	5.210167	5.349515	4.585858	3.930642	8.537086	4.864541	7.317469	8.842886	2.840415	8.143397	3.687668	4.267413	11.337495	8.866830	9.227222	2.561545	8.988025	9.352395	4.570051	6.157711	3.569514	5.709688	6.239123	4.688407
3.414228	4.503426	11.008858	3.554359	6.505543	2.421208	11.440380	8.253970	4.820808	8.948491	9.132166	5.624550	9.444974	7.498687	10.311964	8.188229	5.686986	7.304093	10.396956	5.153311	9.653730	2.329458	6.322166	2.860886	3.586959	3.975547	4.872859	4.348917	8.438260	9.089678	4.227661	10.424907	5.950966	7.148832	10.620502	4.917541	2.892401	7.151717	11.377234	10.389804	8.805059	5.726274	3.258532	10.927402	8.770570	5.415686	8.834107	6.214445	2.336039	5.681182	9.934542	8.735837	4.631604	11.132390	8.493101	6.908719	3.801377	10.859070	10.284222	5.952737	10.793715	7.930824	4.314912	9.499036	11.006681	6.316813	7.054308	9.469455	4.687275	2.916049	7.888725	4.634424	5.773521	7.238136	4.400814	5.733376	5.771918	4.708688	3.276990	6.024736	9.590088	7.630386	3.537435	3.005592	5.070899	6.293463	4.104937	10.612718	7.263748	8.353224	4.622878	2.755359	4.808000	9.744281	2.588074	7.757900	6.882179	9.272350	9.040349	5.420710	4.531993	9.565150	2.416866	10.592048	6.476578	4.392117	5.840959	5.886986	11.137328	9.175775	10.723914	8.616666	9.737539	4.610172	3.977547	2.428437	10.567339	10.213032	6.922230	9.354273	11.003706	4.594304	11.549708	8.665480	7.044148	4.463009	10.642007	7.694662	7.590370	6.532829	10.264585	6.152151	2.361949	4.593469	4.520186	4.534273	4.497767	5.111426	4.465214	7.509361	8.677287	8.296059	0.000000	9.527390	7.727578	5.944737	2.542034	6.937864	2.487939	9.676031	8.057676	9.358267	3.989164	9.407068	2.884315	8.062846	3.652752	6.431702	10.505739	7.259432	8.274423	4.628338	7.781085	2.565983	3.256115	4.613853	3.483784	6.837261	9.473765	6.384693	5.582029	7.309545	6.049242	9.330152	5.519691	3.467317	7.574338	10.554869	7.729421	6.461793	6.726295	11.000695	9.175364	11.184759	9.533858	3.851657	10.548720	7.340591	3.104788	4.464070	10.510940	4.048852	5.556559	9.815256	7.546974	5.783021	6.907542	5.669094	7.976758	4.190842	8.341233	11.280031
7.375232	11.214120	3.503483	8.490114	2.780080	4.389233	2.376069	10.941860	6.337105	5.283313	4.067303	11.115906	4.216588	3.398666	4.129089	5.692605	8.864202	5.326197	11.199752	6.748391	10.643146	6.181346	5.828685	9.359858	6.498878	10.056351	11.274970	8.145886	4.959694	5.513953	9.942181	4.334360	6.572570	8.367340	8.964355	10.361297	5.646031	9.602767	6.661441	6.891130	5.021263	7.195065	7.809574	9.864030	2.880549	9.428089	7.787779	7.717177	5.633975	7.285784	11.447765	3.523243	8.658701	7.768466	8.231730	10.278997	7.668685	5.626370	10.222002	11.472070	2.853792	2.507219	9.706015	2.592040	6.789933	8.747246	4.011938	9.145396	11.337751	4.588532	2.510602	2.928930	8.605271	5.355307	4.743820	7.001061	3.555794	5.735396	9.604499	7.996063	4.767947	8.557347	8.822990	3.300641	2.419119	10.637579	7.813191	9.643709	8.643782	5.067468	7.385723	3.280730	11.306351	5.766710	11.415476	3.388594	6.212463	7.938161	9.154881	10.712857	5.222345	8.145945	6.955384	8.321997	4.333637	10.467342	2.712639	9.162103	8.038726	5.920475	4.728731	5.567680	9.228677	2.591313	10.057031	6.500794	4.632979	10.431124	8.889110	3.344568	3.915825	2.322633	6.852302	7.247392	4.588542	4.415295	7.284057	2.863690	8.398744	10.460987	10.920089	9.965365	5.656147	9.399037	3.056550	6.060191	8.238574	7.370032	3.884311	8.948586	8.059637	9.978408	10.997877	0.000000	2.410240	10.013576	10.772124	5.937612	7.928014	6.217705	3.761223	11.432382	8.790772	6.267000	8.412798	10.983198	4.641991	5.407743	4.088610	8.204975	9.106239	5.480058	8.502127	10.697069	4.643716	9.426195	8.883213	11.596255	5.193923	8.612714	2.589210	4.265807	4.449127	3.969709	10.045177	2.516527	5.485055	2.649902	5.625230	7.232393	5.273328	7.693300	3.338438	6.350116	6.253200	6.469393	3.325281	9.592126	2.470090	2.657369	3.599969	3.379250	8.540703	3.024458	3.733216	7.679843	9.755066	2.527019	6.689627	5.810098	4.238527	3.316921
5.740652	7.128334	5.556399	4.500907	10.890526	7.074460	3.102724	3.625664	10.801309	8.752942	7.483890	9.741077	9.745545	6.939930	6.015079	7.033647	7.745414	2.770832	4.610035	5.663345	4.262794	10.529655	3.574914	6.526590	6.627017	9.170541	10.419434	10.340670	8.553728	5.599491	5.884751	6.212813	8.315706	3.248997	8.526795	4.047652	4.054953	6.493559	6.584071	8.441070	10.879481	7.073357	6.667376	7.988719	4.717554	9.318212	10.361763	2.381249	3.283411	7.471704	6.416883	9.314063	10.480440	7.266082	11.455066	9.395927	11.104016	2.953114	6.773581	9.772993	5.548466	11.139905	7.329427	4.655571	7.968045	8.625632	3.264466	8.447945	10.352689	7.015828	9.633774	11.473330	6.080685	8.138928	5.242199	10.956281	10.532602	9.110880	3.658586	10.409607	7.637819	8.328505	4.770274	4.948438	6.691261	2.760492	4.876808	6.738137	8.137587	8.935677	4.685769	2.847789	9.294812	4.736409	11.363752	7.546322	9.353700	3.829796	5.999293	7.222352	6.085405	6.083122	4.431104	7.429290	11.367723	7.744366	4.953618	2.756703	8.210204	7.813532	8.464453	3.318881	4.200449	6.942230	7.588652	3.939932	3.596821	4.222706	7.648999	9.328589	11.405377	4.225845	2.741393	10.316736	4.895195	6.815888	9.998651	2.528613	11.336887	11.540192	6.685703	9.270107	7.149505	10.836823	2.586707	7.049798	9.094254	4.932478	4.006740	9.002446	5.185688	4.895635	3.733108	6.330662	0.000000	6.183289	7.884203	8.318716	4.775011	3.411099	7.673682	5.046362	8.131864	6.818420	3.028578	11.010885	6.020552	4.731191	4.992677	3.864294	7.788674	8.918211	11.287132	9.037559	9.410609	10.308952	8.363600	4.871893	7.536330	3.474270	10.565801	9.758594	7.211183	3.641966	4.538161	8.039137	3.647478	10.967189	6.043949	3.611900	9.932502	7.388856	8.010504	3.714777	9.871019	10.522544	11.260526	11.341228	11.508471	10.469177	8.839854	5.147223	3.799590	2.657685	10.071237	2.555569	8.957888	10.261168	5.735444	2.841259	8.773362	6.816701
10.062019	4.092069	2.644993	2.922511	8.126831	5.712254	4.846881	11.108407	7.998211	4.612052	9.381873	11.269541	9.484495	11.315532	2.328660	2.981893	7.980721	6.181504	4.157397	7.586301	4.092912	11.413386	6.532259	2.361345	7.026105	9.098483	2.936572	3.146587	6.494460	7.192912	8.428230	9.544220	5.244083	9.979941	9.119873	10.337924	7.476694	9.040474	9.792168	3.313984	11.343639	3.005759	10.113284	3.283431	4.950140	4.714783	3.607437	7.050259	5.105621	4.617976	4.602897	6.765624	11.337407	3.451156	7.073826	6.215718	10.164945	7.585131	4.185241	7.665612	4.499144	2.928965	6.791150	7.279083	2.445308	5.173237	9.612939	5.576093	3.749835	2.354312	9.441356	11.403148	2.920440	2.773312	8.222092	7.147865	7.081817	7.515363	11.106592	3.343129	7.257403	3.089413	2.631337	6.838743	6.474701	7.622106	7.968885	7.137630	7.335284	11.103073	10.964364	4.468040	8.349543	2.462922	9.856381	2.508475	6.964578	9.718927	4.914944	4.350401	9.226341	4.721239	5.858866	11.560579	10.816475	10.552445	4.178293	11.216250	10.344354	4.587602	8.710660	2.355623	10.214376	2.927520	8.029927	5.319098	5.507168	7.283886	2.975463	10.630997	2.779947	11.165285	4.743798	5.714593	6.197749	9.392939	5.576612	10.892485	10.774822	9.107880	8.670869	10.954505	10.245028	10.574515	5.597309	6.932616	4.070844	8.266654	7.059155	3.949770	3.811028	7.393171	9.203627	9.281438	11.016117	0.000000	6.906029	4.741292	10.960213	2.866681	9.679568	8.135596	7.477772	8.796122	2.817511	5.980334	2.481501	6.715349	6.539283	10.087058	8.704806	5.323897	10.514463	6.374160	8.621039	7.888029	9.813361	5.245981	11.282325	3.603677	8.755936	7.123089	11.273225	5.449082	3.945378	5.048771	4.486971	6.939778	11.453085	11.119429	8.328269	3.752208	8.282455	5.957273	4.723435	10.821886	5.064232	9.476349	8.418505	6.449250	11.167746	8.145464	3.193641	10.998358	11.041936	8.184683	4.538504	11.502146	3.681588	6.339180	5.041367	8.418501
9.120018	3.064692	9.758014	8.765349	8.193557	7.812656	4.660319	5.318940	11.035467	11.525178	10.938721	7.506979	2.711046	7.176393	8.853712	8.422839	5.032441	5.664044	4.200164	6.766214	5.453831	9.837895	6.379342	9.164659	9.916399	6.207529	8.440438	8.304272	5.868759	8.978235	5.031854	5.492405	10.784628	6.450781	6.954208	2.593882	4.733048	3.557665	7.326169	2.710409	11.280450	2.928094	5.742970	6.675995	9.645683	7.637751	6.436714	9.547742	6.049617	8.992014	3.682808	9.110637	5.978108	6.491575	4.066302	4.796195	9.012331	11.366506	5.494055	5.289735	2.926178	6.945521	11.284193	11.428581	9.217206	4.667382	6.728085	4.059581	10.022462	10.275574	6.022860	2.780362	3.970142	5.653506	2.766113	6.798640	4.361671	11.433750	10.776531	7.036984	4.617724	9.129382	6.605754	2.640309	2.395840	8.776905	3.517204	9.190579	11.528911	9.559872	11.543223	6.875942	6.684033	5.015669	5.891673	9.446464	10.828492	7.678678	2.883884	9.520562	9.168901	5.063454	8.055508	6.085461	2.423704	4.612377	2.906297	8.854368	10.548819	2.582215	8.164162	7.459218	2.942820	7.832863	10.472662	3.487840	5.429008	8.794522	9.637261	11.031451	2.843474	4.542115	10.113130	7.527617	9.487474	8.156877	5.580675	3.008904	3.962983	2.542975	2.447361	11.595490	6.570947	8.986310	5.158035	4.217968	11.579744	10.434448	11.298080	10.824797	10.836600	9.828691	6.457152	6.961388	6.093669	8.885089	0.000000	4.696607	2.889475	7.338527	3.596673	9.749740	8.268372	6.004872	9.999621	3.738047	9.009259	4.400829	2.758436	10.252474	6.752027	10.446329	4.547708	10.145754	5.992872	6.682182	4.732571	10.946143	3.540459	3.822697	3.559745	2.411541	5.257929	4.850567	6.422318	8.686122	11.549219	3.605697	10.611590	10.733710	9.357690	6.986910	3.669129	4.958093	4.620131	4.976191	11.430620	10.047243	3.151705	4.744428	5.657440	4.602200	4.412129	2.411486	10.356259	4.969543	7.353568	6.644758	5.243269	4.837229	4.795929	5.319469
8.227628	4.742196	7.493806	2.649258	7.822770	2.545573	4.792686	3.230548	7.620874	7.845579	10.342362	8.038932	11.043081	11.496413	10.647351	8.388072	10.010945	10.832135	8.711515	9.877515	7.634568	5.388600	9.481948	9.086015	10.242962	6.099746	3.799842	5.555576	7.037572	10.935643	4.340592	6.688687	9.368993	9.452055	9.269437	7.846500	10.083583	11.331555	5.834679	10.874201	11.051941	4.089978	5.115665	6.981863	11.248663	6.415450	5.023952	4.681236	4.536919	7.031053	6.615333	6.391407	5.827539	8.335640	5.849457	4.883462	3.606765	4.173717	10.551067	9.910176	11.352433	4.265376	8.110009	7.858489	7.061794	9.559468	2.875429	6.243242	10.284582	6.455101	3.300104	2.484687	4.506209	7.031649	3.084439	3.213204	9.374139	10.314452	3.317328	10.613925	7.200038	7.838571	6.764188	9.961104	7.933476	4.221937	10.587261	8.240978	4.280516	3.534014	6.205139	5.120347	3.371989	5.665221	7.598925	3.453062	3.518756	6.202381	8.386809	5.354310	4.905440	2.964873	3.538844	9.640888	9.497918	6.809573	2.402397	10.464534	11.127879	7.161234	5.846038	7.459610	6.594810	6.361690	7.030054	5.556134	7.004359	4.116087	8.316089	6.611640	6.317688	4.272438	5.411667	5.748154	3.290514	5.319369	9.811584	7.508106	8.696420	7.080438	8.995332	6.873967	10.815345	4.861745	7.746920	6.765182	9.907932	4.755353	4.983158	9.960452	5.773519	6.554874	6.980530	4.162685	5.552076	3.320112	4.706520	0.000000	10.679783	2.899973	7.930929	8.132127	5.239014	11.551345	10.046538	4.097916	9.745025	4.441976	2.862700	9.571979	3.147396	2.482980	7.244949	4.903289	6.067910	8.299622	6.226552	7.262706	10.148830	5.806746	10.645794	6.029935	8.160545	7.384033	5.902361	3.220094	11.111479	8.980213	9.208879	4.175840	9.382251	2.985771	10.827545	4.551309	9.662806	7.267329	7.853106	10.622799	5.815887	8.657437	4.601375	7.890533	7.209444	3.253279	4.370427	10.625057	5.586283	2.648850	10.342691	4.081053	7.747659	4.940636
4.010627	9.870059	5.244526	11.330665	5.863479	3.573082	5.155607	6.517315	9.532560	4.274384	7.583598	6.544373	10.779165	2.384057	6.663012	3.986433	4.403867	4.299581	4.566518	7.835488	11.480381	11.552831	6.790198	2.401664	10.336134	3.207424	11.459392	9.982101	8.232427	4.337804	3.307004	7.106680	4.718905	3.543413	9.058490	4.964758	4.860984	4.651378	7.599587	10.901362	7.699242	7.815818	7.943662	2.506361	10.680669	7.623974	7.789633	2.779061	5.847280	3.600078	7.520776	4.995947	7.948793	10.488720	9.732812	9.679168	3.974775	9.578686	2.391696	5.121645	4.995128	7.214194	10.811556	5.138039	2.394164	5.348016	7.172114	9.130256	3.170832	9.508365	6.498385	9.224993	5.959641	6.188844	5.590083	7.331492	6.947428	3.565166	9.614965	3.028040	8.334112	5.630625	9.257439	4.218519	6.977166	11.575505	6.841039	6.395142	7.662443	10.179111	3.861441	9.240224	9.726420	3.620142	7.329593	6.122451	4.848323	3.577648	5.951935	9.120944	9.845306	8.960674	3.306942	4.789369	6.452721	8.105800	11.539798	4.841134	4.886253	3.150467	4.604429	3.831962	3.343050	8.120084	3.814208	9.161518	8.361646	9.346807	8.111230	9.315800	3.718797	6.427135	9.029459	2.757187	2.355208	11.523375	8.220025	10.516571	4.205753	5.167785	3.410896	5.285318	4.976065	4.224468	3.340690	6.979442	9.240252	3.718676	4.596957	8.695370	8.410612	3.783183	10.936664	3.278828	8.435452	9.952534	7.361627	6.725826	0.000000	10.982809	9.287255	5.391128	5.417386	8.759627	6.003241	11.195804	2.869262	8.952253	5.509612	2.349533	4.873484	3.698758	3.826464	9.775065	5.959734	7.006295	5.144466	9.094497	9.292651	9.275508	9.793899	6.345426	11.163101	11.026159	4.298700	11.181541	10.829576	7.385033	8.121028	11.532637	8.176593	9.786404	6.233905	9.605405	3.123742	9.622441	9.973586	7.972544	8.307739	7.347782	10.095706	8.875094	9.372037	7.153149	7.334411	7.868395	3.792856	3.811799	5.507211	4.340091	9.447964	5.383071
9.281040	7.084018	11.043770	3.197017	3.998586	6.814493	4.091006	10.802253	7.056295	10.668246	2.559780	10.266306	3.922081	9.309439	2.736216	5.939945	11.284046	7.870178	5.074801	3.058955	8.857854	7.611736	2.491815	6.337112	7.038918	10.534817	5.119091	9.903389	2.606953	3.051974	10.239451	8.980638	9.527510	8.507132	3.699761	10.116053	2.423361	2.696142	10.255641	4.784332	4.745088	7.399575	10.468415	8.774951	2.467727	4.430879	3.657936	7.526513	5.532957	4.128047	8.014180	7.034700	3.672944	9.108397	8.946221	5.765466	9.966188	9.014095	9.606433	5.126026	10.220266	2.994387	8.193966	11.100240	11.273834	5.779594	6.132062	6.016308	2.610584	2.392303	8.229956	3.458281	11.301057	6.272326	4.938332	3.094559	11.353819	5.045988	4.172829	8.615597	2.712864	3.422829	6.790344	9.556915	3.051696	3.188765	3.178847	5.038782	3.386826	6.077036	8.718925	7.649050	5.789030	7.479700	8.138257	10.481122	4.771316	9.844001	8.126114	11.252782	10.942857	10.686198	11.490624	4.132588	3.817432	4.344668	10.403148	5.031406	10.803308	6.113208	4.570206	11.016120	7.520402	8.979410	2.436474	7.201511	10.832822	4.437990	9.498352	5.396453	10.925288	9.325475	2.893232	9.229762	10.142491	2.908019	2.328952	8.188170	7.338982	10.800799	7.685884	3.596284	2.327131	8.128052	3.890726	6.826000	7.009752	9.015479	4.801938	10.061843	6.985672	7.732495	9.989266	6.282446	7.498526	7.675243	4.274147	9.816417	5.645822	0.000000	6.847709	11.061387	6.678872	8.935897	3.097295	8.577984	11.095177	9.932602	9.963692	10.114739	10.311614	6.524996	8.166887	4.382109	4.424945	10.899676	7.554890	8.900844	6.946163	8.933876	6.946844	6.070385	3.592292	11.503561	11.107240	10.856594	3.269469	3.810616	10.425832	4.809102	5.448234	2.674387	3.444336	8.194990	7.230773	3.623453	7.015874	6.761154	8.471208	9.201391	8.535579	10.628724	6.471966	10.888043	7.073082	8.156706	9.384644	9.526550	9.864155	3.351325	3.267227	5.248838
5.778058	9.374582	10.946298	4.913314	6.928248	11.388390	9.753734	4.373560	5.173206	4.662184	8.429489	11.035549	7.822963	9.091627	5.529020	8.530555	10.297781	5.194923	6.705616	8.419692	11.321210	11.259397	8.909423	7.572043	11.361432	9.115670	4.941841	10.700749	10.859722	7.191204	10.388937	3.017701	5.567863	6.064098	6.988843	3.468367	4.893911	2.436885	10.271781	6.930644	8.683689	5.705267	3.596277	9.916371	10.857588	10.447461	5.285799	2.933370	5.554294	7.703043	6.699147	4.772495	5.697242	7.855567	2.897195	4.398436	4.587851	6.371918	2.494998	6.476863	10.444122	8.233087	5.138167	10.941611	4.839699	11.277424	2.468957	7.085847	4.433326	11.556710	7.470614	8.948783	5.249961	3.441294	3.248596	5.489934	7.062275	2.388301	8.589845	8.456708	6.148696	7.334984	10.295053	11.126777	9.713296	9.509679	4.722787	3.822514	5.733274	9.727268	9.103342	9.434315	7.132776	7.652500	2.794297	9.836645	8.573799	9.597418	6.448493	7.782749	10.724933	6.884619	7.275936	10.878048	11.026411	3.141949	4.659546	7.099841	6.808581	11.033302	5.737413	6.854792	6.303446	6.088097	9.032599	9.051590	4.804148	9.679211	5.482483	3.220528	4.326217	9.462654	8.929824	11.364906	5.998720	10.037486	8.413466	11.374428	5.593837	10.593448	2.512009	10.341243	8.557751	4.022629	2.527743	3.305288	5.168416	4.011244	10.207916	11.324360	4.962470	4.191976	4.608422	3.776891	6.656605	10.042179	6.570163	10.253900	9.653874	6.540836	0.000000	5.184215	3.537574	8.376032	11.322021	8.290975	7.121071	2.921573	10.938654	5.343494	4.054013	10.939823	6.754630	6.811523	9.804114	11.253991	4.547506	7.181338	3.208045	11.003536	7.619003	9.922483	3.394010	2.579941	8.477665	3.928452	10.096293	8.796821	3.714615	7.474948	7.044355	9.334556	5.335397	7.155297	8.611413	4.885638	9.344654	8.094278	10.813944	10.004171	9.905081	3.373381	3.568815	4.053334	5.957598	9.970719	7.583243	10.497492	8.457540	6.061565	11.518703	8.423295
7.598454	9.304107	6.898684	9.119291	5.851284	8.414037	5.985258	9.594166	5.837715	3.996403	3.693747	5.185635	10.057236	10.584171	8.615182	11.138781	3.087713	7.815809	5.531784	8.238659	5.160718	9.306534	6.636016	5.183912	2.350473	7.743784	8.535055	2.919443	3.930351	5.648350	3.553007	4.462645	3.760142	4.696056	2.486527	6.648807	6.664570	3.586685	6.260249	2.392588	10.843648	6.966427	7.297258	6.404814	6.414722	4.784388	2.906082	6.731044	9.397067	3.858206	8.146150	3.325788	5.562557	10.618347	2.967230	6.965650	9.031307	3.760291	4.523687	5.735629	6.753296	8.474149	5.468276	6.618585	6.181685	9.460626	10.814596	4.279888	3.435172	10.308298	5.226420	11.234293	9.079142	3.871472	7.626060	9.224986	5.838277	8.637775	6.114830	6.260650	7.575963	11.596797	8.124721	2.928477	10.032869	10.166499	6.866207	6.443525	11.512926	3.833451	9.144749	10.156475	7.720658	11.225651	11.398559	4.685327	6.165236	9.347552	8.804942	7.260181	5.354455	5.191699	10.492974	4.286421	10.222989	5.080648	6.587806	9.286069	11.325441	5.089324	5.319569	9.284713	3.614946	5.678997	9.021903	10.920347	8.796942	8.969235	3.174621	4.451353	10.619267	6.730081	3.691919	3.930882	6.484719	4.303527	7.333012	9.116546	3.883936	11.568527	6.269043	3.776368	4.027497	8.276776	6.693684	2.647709	3.651917	9.597262	8.935466	3.599319	2.625901	10.686727	7.733605	11.089282	5.945435	3.440343	7.203894	10.860062	3.252464	11.213216	3.299448	0.000000	8.972819	10.847956	10.287517	6.402117	11.414617	6.899243	4.589217	10.389382	11.589946	3.459693	4.243586	4.830849	6.433209	8.929454	6.702454	8.039467	2.500723	11.451633	2.895591	4.134758	3.785713	4.112167	4.341364	7.851710	9.125847	6.139713	2.558068	3.386712	10.848556	5.515479	3.610902	3.078419	5.611594	6.746599	9.372689	9.132940	6.801689	7.648347	8.935292	11.487252	7.676392	7.602936	6.909662	10.799898	3.903973	9.868962	4.454301	5.342069	7.138078	10.562745
11.177272	9.616661	9.840833	4.080934	5.392837	5.222541	4.309425	6.330077	5.996106	4.271195	3.415433	8.195157	6.147049	8.245126	10.967878	7.521142	8.994716	3.905575	6.021106	3.757499	5.345874	7.195617	5.405158	11.450130	5.787924	10.316844	6.049631	4.894004	4.570365	11.210554	3.118814	10.940935	3.396449	4.242013	4.874798	9.449015	9.125194	9.958591	4.086587	2.428946	11.326385	5.872674	3.175950	6.361483	9.172030	7.902331	6.372602	9.931113	10.170125	8.584681	3.094993	9.227228	3.610232	3.118487	4.724727	8.541730	10.806467	8.542521	4.535789	6.666879	8.758863	3.953573	10.235875	10.609441	9.687726	3.691264	9.495087	9.646481	9.841853	5.390719	8.898976	11.178195	11.311135	10.792857	7.892009	10.875704	2.357793	7.246691	10.514779	7.867523	3.326599	8.141941	4.441171	4.240865	9.416440	4.088139	9.986140	7.917209	3.667278	6.571079	2.960351	11.245102	6.871653	2.918278	6.574293	9.436051	5.381398	4.035296	5.798093	6.126307	11.502064	3.043039	10.361301	10.880365	10.114481	3.346864	7.063197	10.550329	8.142511	2.990005	11.037840	11.498311	4.185205	2.697080	5.069646	9.884239	11.589674	4.097758	5.960986	7.115103	5.952323	11.248250	3.358464	10.772655	8.690398	6.375849	8.506079	6.854378	9.525267	10.843042	4.808822	9.983804	6.576845	4.806050	2.837212	8.482221	8.852658	9.618185	9.940291	8.756367	7.039380	8.346292	8.778109	4.785525	5.036342	3.825753	5.318457	4.479553	9.806111	6.279859	10.956355	2.620928	0.000000	5.261813	4.889664	8.281148	3.866729	6.226477	8.935797	9.098302	11.392025	3.441005	8.555398	9.934986	5.622058	2.531534	7.923877	10.507849	2.399054	9.180565	4.680428	2.841631	5.807167	9.651831	3.747990	4.413610	5.366935	10.623023	3.610093	2.678461	6.217375	2.902906	10.562918	2.494067	9.687971	3.164777	5.925177	8.930197	2.657125	5.232025	10.830843	2.412297	4.265874	3.642060	3.530396	2.907093	10.472788	2.508937	4.896455	10.006380	7.845686	6.754037
4.153504	5.815446	3.305646	6.403177	4.102367	9.960372	10.044773	9.543180	8.885326	3.082376	8.888176	11.380044	9.762022	9.628621	2.942450	6.553526	10.680785	3.530542	2.801347	6.296666	4.914664	7.512912	7.578972	5.356724	7.554464	7.905744	6.455779	11.083133	2.755833	11.546105	7.632277	5.182876	4.881209	9.023813	3.685319	4.850844	8.850623	3.879154	9.749801	9.500029	3.625921	4.778223	3.749011	8.697578	9.669205	3.791321	4.764594	10.530386	6.959571	3.425279	7.749362	6.451825	5.244845	9.126937	6.995681	2.573934	3.906735	4.794539	4.447228	3.525624	9.828298	4.516803	2.842725	3.545553	10.680547	8.749712	4.652558	8.650097	11.363333	6.610965	9.569929	4.715492	8.795571	9.511825	2.776932	7.043135	4.675420	2.403197	10.037135	3.489623	11.542019	4.812627	2.376043	9.078755	5.977412	11.065854	4.164456	6.634311	11.178765	3.060362	8.660533	10.966661	2.373537	5.684555	6.552109	7.538649	3.350390	4.601564	3.973129	4.476727	4.919396	3.799356	4.475314	3.491436	9.707790	11.598928	11.569918	3.607748	11.343983	4.922295	7.206433	10.423099	5.840981	9.905473	6.945563	5.410159	5.311413	3.522872	5.981659	9.809830	8.201452	7.397915	9.838408	5.667715	3.761486	5.394655	5.529358	2.544762	7.995270	2.572228	6.564479	9.599182	6.422484	4.793897	5.323382	10.752170	2.533923	10.003171	5.382380	10.003762	2.918621	8.127982	5.272931	4.033261	5.364584	2.399200	3.847566	3.369394	3.752258	6.370204	5.300661	3.063157	2.515871	0.000000	4.616589	8.036568	9.656945	2.365416	4.064392	8.046766	10.615582	8.538706	8.145829	3.318039	4.016731	9.446938	10.885660	3.939368	4.674723	8.662359	10.869069	10.526661	3.151211	9.799306	11.086082	3.978631	5.951685	3.858621	10.776718	7.650534	8.528552	9.265214	4.383518	11.254356	9.745270	11.581326	11.332921	8.431366	10.307489	4.229107	7.193203	3.694345	8.523798	10.950455	9.744992	11.200872	8.981866	11.432875	10.953573	8.567250	9.999135	3.182312
6.061430	2.463485	3.206689	10.793679	8.774503	6.402337	7.245315	4.366049	9.658153	10.118218	8.793416	6.160127	5.139781	8.260696	6.687431	6.340430	4.488679	3.408121	5.320112	5.331247	8.711500	5.493852	5.395814	9.027558	3.562312	10.483744	5.285668	8.718803	10.511682	3.300402	8.452752	6.132669	11.119775	7.448819	11.092898	10.693257	11.352788	8.975535	11.092086	10.412275	5.550167	6.680250	6.079493	4.677507	5.401358	10.789915	7.009531	3.207169	11.328520	2.336722	10.297623	5.083923	3.235821	6.359092	10.776587	2.683946	11.368826	7.177824	2.905034	5.495765	4.337265	7.604275	6.545591	8.943075	9.063009	10.381913	10.840495	2.952446	4.310465	7.054666	9.708290	2.366327	6.189369	5.434883	5.634622	9.277090	8.253115	4.960525	9.659486	6.773530	2.623461	6.778239	4.451621	6.982524	8.912361	10.334665	6.730853	3.680051	4.723966	4.818344	4.916316	5.389354	6.024374	2.832650	3.978355	6.150108	10.269915	4.355482	3.960291	8.873912	6.108926	3.963687	3.948211	3.928649	7.395609	9.933634	8.371989	7.819804	9.895398	2.499585	3.629617	3.754050	9.428524	9.312215	7.923908	7.318082	9.948821	9.327452	9.239632	9.055550	4.833208	10.169460	8.119625	10.202627	7.914794	6.876823	11.435755	4.798798	7.033473	6.703522	3.985581	11.179871	9.533805	3.155472	8.742228	3.285646	9.848760	10.436538	6.515617	10.512692	10.509555	8.627923	8.080078	2.587136	3.834774	11.066285	9.466426	11.201008	10.533853	11.259897	3.073705	4.984131	7.045618	8.541836	0.000000	4.764524	4.217950	3.128331	10.232524	9.580801	7.776423	5.180827	8.683871	4.841761	7.246903	9.017966	9.569035	4.615732	3.425460	9.328050	8.525109	7.805153	4.279239	6.312393	9.150690	10.971657	5.530896	9.361742	8.331808	4.633885	9.314708	6.545455	9.795148	5.234689	3.141415	10.117740	3.088631	11.095151	4.406812	8.375880	11.463266	8.302794	3.245931	5.790731	5.296700	3.623091	10.239475	6.714956	2.945375	11.400932	11.349585	5.317997
3.368435	4.924393	7.338906	8.007705	4.163658	10.933495	9.971154	11.292643	4.058950	10.476131	6.634070	6.415929	11.565132	6.855080	9.798827	10.771066	5.591450	2.779424	4.960256	5.443067	10.843903	5.577370	5.526317	2.955322	7.328560	6.084034	3.207403	3.932194	9.425769	10.368480	8.611596	8.245073	9.274484	9.780419	6.469076	10.636988	4.308840	7.451233	7.690694	8.486246	5.893749	11.531975	8.120223	6.447599	7.239648	3.286275	9.942954	4.762334	7.683527	2.997210	3.679967	9.024708	10.041714	6.032792	7.268599	4.571829	5.573577	4.018076	5.513344	8.782801	10.124805	8.656152	10.689589	10.014127	8.552627	7.644129	3.628668	3.574490	10.887761	11.231854	10.262531	5.911824	5.058531	5.931801	2.463415	7.334761	8.227785	6.274299	7.549601	8.752356	4.230425	2.511526	5.309050	9.182184	10.024434	4.580325	7.110346	5.792683	4.324379	9.915677	7.381525	5.792912	10.208755	6.268970	8.496460	6.836912	10.311646	5.907997	8.095436	7.539046	7.784123	6.270828	11.239486	6.814127	8.262640	6.883976	10.353436	2.354237	10.497674	6.886444	8.841875	11.455578	6.698060	5.562553	6.809173	2.546443	9.041116	6.680390	3.291888	7.362401	5.804444	7.588822	10.679197	3.520843	6.433019	3.665844	4.084316	2.681948	2.449617	3.829464	6.748229	6.210410	9.657546	4.529462	4.774244	2.744614	6.435909	5.313416	7.057501	6.399863	11.051993	8.237695	6.707210	11.264243	6.756612	3.390479	11.285400	10.385309	10.368689	2.572897	6.750961	4.182362	10.095347	7.465695	8.702400	0.000000	6.539844	7.343129	3.667497	11.538628	7.792642	9.884720	6.540931	11.543674	7.576156	11.482953	8.371234	5.965754	6.600984	5.710516	10.246028	4.339218	5.406342	10.563193	10.785807	9.475854	7.004295	3.593454	5.500223	7.429916	5.154782	4.105432	2.707053	5.641009	7.301025	7.744849	9.484180	4.821421	4.916517	3.106838	4.271313	3.514997	3.667955	2.935973	5.770126	7.105314	7.889022	7.132541	9.651870	7.393376	9.466978	5.379941
8.354485	3.956215	7.147684	7.598442	4.570415	7.136353	4.729137	7.863325	9.822215	8.969297	9.348754	9.834293	7.389439	10.944944	2.995433	10.481792	3.640445	7.897561	4.616148	7.963828	6.380737	3.215767	6.468475	6.820746	5.004075	11.550681	6.770894	8.109326	11.492554	7.053849	5.644563	6.334345	10.257866	3.601642	2.364423	7.109338	4.751256	3.330190	5.414948	10.010936	3.137398	8.567940	2.472384	3.100070	8.997310	6.358867	6.059266	6.966298	11.349676	10.615554	10.302752	6.675392	2.990711	2.715218	9.680033	9.884497	5.776030	10.814504	10.309470	8.393996	9.729379	8.002247	10.770005	9.617553	4.983649	3.996590	3.950433	10.904148	11.297169	11.459510	10.286554	5.552894	9.647374	8.127527	9.135628	9.327986	11.525415	5.508905	4.561526	4.970842	6.143119	2.939033	4.841717	10.660368	4.394490	10.339214	2.611726	7.052999	3.793708	6.622387	8.648232	2.595907	10.613380	10.985535	8.232755	2.961426	4.550881	6.091472	3.156392	8.375546	4.456185	4.174703	4.529141	8.643740	8.010238	6.182475	3.156562	7.360498	4.945983	4.826749	2.820532	10.526927	4.959719	11.558698	2.545806	6.986888	5.390826	10.355620	5.619618	6.641057	4.924597	11.527636	5.832114	10.639708	4.378986	8.653932	10.776381	2.657566	7.413571	6.321392	2.870174	6.719849	5.469170	8.463747	2.476223	4.159464	4.326704	8.980570	8.967409	8.298022	9.335550	7.376625	9.423713	7.303677	11.436374	9.682865	10.446975	8.847545	11.129941	9.936773	5.611963	4.676915	2.891706	7.043520	3.169915	7.834998	0.000000	6.416352	8.386592	7.755295	9.482811	5.498764	4.558051	5.046813	6.077823	9.531288	6.525282	10.216730	4.720893	5.060939	7.738762	5.859949	11.373347	2.830218	9.441522	5.154739	4.117912	11.562078	10.382081	4.268011	6.299010	9.784273	7.124720	9.241710	5.211087	4.472525	5.878429	9.086986	2.471645	10.801651	8.038751	7.059468	3.135734	6.226073	11.447425	6.822302	7.856688	6.000241	6.529087	6.451816	7.101113	2.502887
11.275426	2.474235	2.804147	6.441692	6.184162	2.825056	5.177446	9.036803	8.612669	4.956884	6.715951	8.222165	5.252715	7.304957	7.550774	9.774531	11.518971	4.610027	6.135304	4.215563	10.305596	8.195368	6.032332	4.804047	11.424309	10.359032	10.797771	2.938348	5.580450	8.230856	3.179868	2.850773	2.432236	10.105870	9.404879	4.648876	6.885925	9.024418	6.629038	10.490029	4.081498	6.439162	3.708067	3.153018	4.970831	10.788179	8.956965	9.867886	8.779057	8.113864	6.973010	8.588324	2.412740	11.296940	4.130788	5.313746	8.214031	5.009660	9.696322	11.339812	6.116394	3.527826	10.576135	4.824914	7.360113	8.481333	10.086247	2.882372	11.508311	8.882926	10.199800	6.954433	4.093315	2.846693	7.863665	7.003575	5.531803	10.698067	7.943001	7.728288	10.774752	9.191395	7.331544	10.362216	9.083237	8.584896	7.970372	3.339974	7.653501	6.618883	5.578134	3.689243	5.757787	5.734378	10.581113	2.368794	8.905670	4.721356	10.534881	5.435399	7.456838	11.294249	5.803983	6.916580	3.430502	8.356345	5.923077	7.015759	9.181013	4.061014	2.737472	7.241964	11.479112	10.017861	11.051598	5.701391	10.582965	8.739435	2.917948	10.763447	6.863402	4.105387	10.428408	2.971281	6.227797	2.947880	8.388519	4.967154	7.111992	5.812860	4.590314	5.650711	11.547918	3.444971	4.289684	8.093842	11.376646	7.642589	2.688539	9.661850	9.202142	4.202645	5.475394	7.758630	4.927811	3.302578	8.924843	11.065848	9.570105	4.511094	10.830287	4.110894	2.617455	6.602044	5.361654	10.440938	2.914619	0.000000	9.689241	4.987283	4.173676	10.429702	7.297606	5.196376	6.539253	4.767243	9.636464	2.749219	8.353753	7.774966	6.289867	3.800592	3.504295	10.700652	9.282374	9.420690	2.951328	2.947986	7.139147	5.353972	9.917437	11.096721	4.728066	10.759982	4.977798	7.769735	10.217289	6.689135	2.537007	8.955238	8.045988	9.846813	6.531211	7.988300	4.597574	2.970618	11.380252	3.514496	9.024774	11.097187	10.478055	8.944802
3.977503	9.332956	7.229881	7.998216	7.556703	9.278088	9.957687	11.020545	6.336779	7.002330	5.310063	4.594186	11.152233	5.795501	9.867291	2.894036	5.378499	5.117168	4.859151	2.594870	6.230213	6.396722	5.699172	2.874023	7.051812	10.852182	7.340720	9.480990	2.800368	2.556717	5.375656	9.636435	5.005528	3.928887	9.670721	6.707101	10.388457	10.188773	5.470417	3.592055	4.465395	5.533726	6.647721	6.952803	5.426436	4.214804	10.667349	10.574941	9.073239	8.176626	10.723202	9.796992	6.347875	4.839346	6.649163	3.895485	10.083729	8.528653	9.868978	7.822434	8.967327	8.973491	10.841304	6.402939	8.147507	2.659731	3.635084	10.213409	6.799380	9.685735	3.910201	8.398484	2.389741	3.125419	6.955436	7.464326	9.262130	6.600357	6.440491	7.574896	8.717346	4.369765	9.059819	10.313158	6.647661	10.899712	7.896155	7.659048	7.262370	8.887939	2.924742	2.747155	9.951441	7.823884	7.751740	6.903661	11.051774	8.681141	3.644283	4.573843	10.374125	9.696156	9.082761	7.676239	3.645652	4.855575	5.634144	11.396013	8.818075	3.001222	3.953000	7.846788	6.612599	4.227169	4.809018	8.832324	9.668451	10.163157	3.929999	8.446653	10.911040	3.387859	10.330689	10.845009	9.827516	5.026661	7.968718	2.873517	3.719305	6.953817	5.942707	2.911467	7.911660	7.479171	4.084157	2.884959	6.120412	9.044799	9.676014	7.071559	9.328833	10.297140	4.012494	4.138134	7.497404	9.679061	8.517908	10.912115	4.784677	6.627284	5.697618	3.880623	3.138997	4.880085	7.473207	6.590287	5.270453	3.885608	0.000000	6.080125	7.161930	4.089791	5.822971	3.503578	3.236309	6.569095	4.738999	8.535539	5.805112	2.735877	6.916487	10.205831	9.597938	8.282204	3.678945	5.302540	5.566123	3.526757	6.778887	6.814157	11.177143	10.408680	8.623107	9.125373	4.588044	11.508599	6.213520	6.074513	5.237016	4.875001	11.053527	10.064925	6.073164	7.052093	9.228387	4.402176	11.415026	6.701476	11.034595	5.575950	4.120471	7.882455
4.740910	6.970272	9.950512	8.000344	8.863389	9.860160	8.929464	9.075554	8.324209	7.378170	9.298907	5.897297	5.382295	5.702980	6.331564	3.423345	9.374437	7.904723	10.373155	2.772104	8.184030	2.526784	3.555279	3.463470	8.927711	9.756901	10.868466	3.279121	10.739039	8.082282	6.291914	10.219229	5.954074	10.152918	4.924440	8.907187	5.735696	7.802116	4.369693	7.850509	6.701004	8.747132	7.594534	9.845213	7.536792	9.900764	8.112651	8.683929	3.864893	11.514523	4.393702	5.872241	8.630278	4.619989	7.720174	5.739582	7.140395	9.427538	9.018669	6.148552	8.951852	7.049132	7.702741	9.612511	8.666447	8.657678	3.080162	6.475114	10.050286	10.531548	10.292059	4.934771	8.117230	10.804301	11.322855	8.019227	8.935354	11.123865	6.831353	3.610190	9.653437	9.201986	7.188729	9.494045	9.248086	2.464219	7.848337	6.923687	2.363229	10.636430	4.703489	7.702068	11.258430	6.973287	7.263019	5.747763	9.448143	11.290771	7.618922	5.081609	10.624575	11.124525	6.270595	6.312827	10.186750	2.939640	10.969365	5.669066	2.895959	9.845807	10.608830	4.854121	6.400281	7.709570	5.610080	6.440145	8.868469	7.903376	3.381095	6.513667	11.270140	4.051865	2.708073	8.239261	2.726798	11.087787	10.877268	10.955804	8.837355	11.223117	10.087329	6.418337	8.327587	6.518669	3.144063	8.238112	7.336945	4.369654	8.244983	3.209964	7.607073	7.293447	3.002280	3.884749	5.747063	4.325885	3.571901	11.053979	3.331082	3.292139	8.842210	6.536641	4.720356	10.640696	4.643708	4.267386	5.908072	4.643288	4.956741	0.000000	2.895736	10.436629	6.173022	8.651189	10.639267	10.884193	8.079184	6.661027	7.930022	6.564326	7.396546	6.133243	8.436431	9.442613	7.568799	10.611235	9.751140	8.450758	8.791320	8.937458	10.157452	10.520048	9.215526	8.715321	9.749954	10.579121	8.037560	5.353969	7.916879	10.919937	9.450859	6.117192	3.014355	5.912549	2.703789	3.712458	8.606721	4.800524	3.142443	4.831926	3.523878	7.691159
2.931938	6.628110	11.113304	8.909052	4.377573	2.531741	4.146285	7.159490	8.246745	3.859491	3.516501	2.604649	3.348299	2.387103	8.578315	7.112804	8.560684	6.801047	4.660684	4.462076	9.168119	6.355903	7.390633	6.356544	4.935798	10.033529	8.263456	9.851797	10.383106	4.504977	5.013990	4.605114	10.761921	5.857424	8.455772	6.715199	11.231311	10.654128	3.795587	2.340059	3.580998	11.503716	4.034921	6.678484	7.309742	4.571290	3.073242	3.229963	4.419771	2.973752	10.667630	6.663586	9.141371	6.251049	6.468262	10.994046	3.085620	5.144361	4.901199	2.481344	10.047088	10.364303	5.309931	6.811251	6.130973	8.027418	9.028511	5.556583	11.367364	7.683457	2.655645	9.608087	9.649632	11.350372	4.837438	6.286209	3.472195	9.302767	5.823754	10.752356	6.410542	11.179258	7.056170	7.550621	6.313130	6.791394	9.270664	6.944498	8.811884	7.307852	5.798238	8.065905	10.036796	6.283969	10.793666	7.533814	7.341266	7.985684	2.939661	10.701906	3.144145	3.286589	10.561104	8.641807	3.068384	10.492236	5.217585	11.031198	2.674053	7.407611	6.969345	6.073021	11.567058	9.130607	4.309603	4.513994	7.304736	5.531718	8.758372	7.068505	7.679834	7.578527	7.095325	3.774851	5.076640	5.172278	8.524031	2.811344	10.407467	9.461602	3.731848	11.068894	10.783122	4.830998	8.555832	10.964293	11.049551	11.569446	8.736014	6.620863	8.557440	7.617456	2.321328	10.067825	8.556636	2.449643	6.290734	10.047062	10.702691	8.068045	4.214889	4.809220	11.266305	10.322810	7.582210	6.181741	6.688792	7.480738	3.096437	2.650407	0.000000	10.404020	9.811531	4.126278	3.697759	9.601501	8.384783	3.683826	8.245115	2.668037	6.620483	6.239947	9.901776	6.280606	6.630564	4.341040	7.719858	7.172610	7.500375	2.904718	9.915504	5.080006	8.518670	8.176745	7.866962	4.230207	8.993042	6.065557	2.640809	2.468709	6.210702	5.361540	6.689741	4.511553	9.173402	6.241375	9.371685	3.952812	3.245482	11.516147	2.507917	9.472190
2.420120	4.552994	7.835667	6.182595	8.949082	9.930631	3.142516	5.484073	7.606878	4.109951	11.516760	2.803321	3.506685	3.801614	5.281756	4.176080	8.728919	4.622333	11.266711	11.500289	10.872960	2.915708	4.323866	11.078885	10.242532	3.760970	8.642357	8.954477	3.697438	10.037277	4.663189	6.414160	4.743855	11.034165	7.241433	9.078891	4.676578	2.701077	5.148543	9.783705	3.771246	8.795430	3.040374	2.879297	7.807731	10.660023	5.286264	11.297366	3.873741	6.944656	7.317147	9.700935	10.789823	2.846289	4.517745	5.622966	10.468433	6.818337	8.395465	9.164218	6.401789	5.314186	2.610809	7.049863	11.024491	9.027714	10.579061	7.959893	6.622319	2.592611	2.579445	7.801463	8.093309	4.785620	9.816642	10.106191	11.409072	3.488938	4.093693	2.433186	3.617404	10.849287	9.776964	11.383593	8.480581	6.895154	6.112163	5.448039	8.312158	10.235834	8.251129	8.826281	8.105470	3.441620	7.024946	2.479962	9.526561	7.273853	9.303127	10.061220	8.000527	6.628927	8.231042	7.254388	4.921150	7.914052	10.377151	8.482043	5.851289	10.070272	11.357876	11.287269	6.653373	10.845247	9.274434	6.608169	2.332940	4.596818	9.316278	3.901829	8.696429	5.271365	8.699503	7.203306	11.128284	6.875876	5.327544	10.334939	4.668340	4.681827	3.996976	6.009664	10.329610	9.085946	5.058637	7.533323	5.332681	4.372049	7.351259	8.160152	2.881409	5.537479	10.034773	10.743624	4.317149	2.769948	9.976724	3.339135	5.000812	8.289655	11.309811	7.089127	5.683703	3.445860	6.775785	11.338413	7.369811	5.319892	5.696996	5.782544	11.079164	0.000000	2.608799	2.602901	3.559320	10.865413	5.339272	6.515015	2.506100	5.479805	4.390933	6.883327	2.569711	6.585274	5.785364	9.012921	10.243987	9.644597	6.352975	4.695592	5.815818	4.139291	7.108846	7.232959	4.154355	8.984636	4.297885	3.610834	10.534819	8.612654	7.533480	2.379485	7.755441	3.877021	11.290794	3.074095	7.061497	9.409622	11.180033	4.196586	3.879269	4.788885
4.833546	6.451480	5.480664	5.331651	3.169420	7.598459	6.501451	8.726810	9.046569	7.904462	9.180442	5.388738	4.966959	3.131956	4.344701	5.262715	8.296993	7.779637	6.690643	2.772810	8.349212	9.858345	11.301073	5.730394	7.320123	10.009329	7.841056	11.579399	3.341014	6.826559	3.105445	8.940442	8.216206	2.450466	8.388523	6.585826	3.058467	7.988122	5.115376	4.490603	7.232579	7.160312	11.170604	3.518443	4.543464	2.720035	6.888263	2.634711	11.348718	10.829845	2.881687	4.017415	5.127514	8.389809	3.175921	7.741195	9.837686	6.690100	7.984040	10.524057	5.534646	4.787328	4.606050	3.149022	3.657163	10.265114	9.238378	5.971148	3.974638	6.519847	4.066494	8.795242	4.896987	5.024563	8.121187	11.052669	7.182193	5.807715	4.727410	3.713342	3.076173	9.639521	2.799768	3.861554	6.520751	10.335712	3.444730	3.977578	8.091935	10.133012	2.699246	8.466785	3.362960	9.555842	10.545857	11.507316	11.197179	8.271728	2.571501	10.709183	7.190214	11.154918	4.963565	2.997435	7.751735	11.109887	6.132809	11.430988	3.064828	9.342620	5.449251	11.340781	4.164855	7.456073	7.470337	8.995982	9.697690	3.279771	3.810754	6.991825	6.797573	6.026664	2.478849	11.001986	7.502803	8.572225	11.541916	4.393609	6.471148	8.453586	8.763962	2.548607	11.469542	7.022811	3.379299	7.731586	11.465907	7.449889	2.479306	11.018879	10.499113	10.398939	6.961070	3.145834	9.595681	3.613734	8.664818	9.962939	8.169734	4.873278	4.137442	7.449450	3.236259	6.853885	9.170217	3.276031	7.327062	5.509850	9.786532	7.418779	9.304980	3.503830	0.000000	2.512482	3.510285	8.972134	9.814684	4.576485	2.926988	2.769931	8.257098	11.030011	5.663302	10.080070	4.628085	7.663411	6.852563	3.324716	8.746519	6.267740	8.048363	2.945829	4.572468	3.210877	10.243547	8.163300	11.530200	10.561306	6.149528	7.882453	11.586401	10.533784	6.814182	10.736272	4.538916	7.443951	6.271417	6.191624	8.441213	2.887584	6.996703	4.490601
5.979465	7.627246	7.314639	11.530930	10.620482	4.423448	8.627284	4.658129	9.315129	4.519373	3.282945	11.305335	11.067731	3.069944	2.583139	4.679165	4.452779	7.888926	7.963728	10.763223	3.070010	10.398954	6.670423	7.517636	10.086639	4.316775	11.275200	8.379631	10.062336	4.036520	9.796374	5.841013	6.392547	5.272770	9.112390	7.706932	8.610838	6.857488	10.083857	3.103011	9.667824	4.046830	2.686174	6.869242	3.923055	3.909354	8.284395	2.446386	8.989918	5.239527	5.419625	9.489779	10.119369	3.486964	6.715366	6.397064	6.808032	2.325342	6.693210	9.520608	9.767333	4.562657	7.723742	7.556097	11.108873	3.277805	8.113596	6.854645	9.446435	6.760790	9.154340	6.788575	11.011489	3.557827	5.177468	8.377347	8.549461	4.392120	7.527550	3.434136	2.440253	2.545590	3.997124	6.231444	9.109395	10.058849	5.190618	4.018835	6.354583	8.893943	9.549789	4.912281	10.021784	10.200585	7.970694	3.950249	11.549353	8.893487	9.289959	7.968609	7.453362	8.862365	6.194699	4.593564	9.204479	5.821917	3.266558	4.842553	6.331492	4.690897	9.477785	7.274959	6.187147	6.217841	7.352140	9.742845	3.549318	4.419180	8.666784	10.551882	9.871786	2.348406	8.090977	8.111916	9.351896	10.084602	10.133927	11.488950	5.999290	10.601373	9.564182	7.128502	8.918990	6.358463	10.818503	10.077010	9.429865	2.373879	6.858868	5.564331	9.108054	3.234866	5.942233	8.741369	7.486574	3.261746	3.656508	11.574102	7.536844	9.962569	4.060036	7.873455	9.267341	4.489982	5.751078	11.261316	8.165607	6.892743	2.644932	8.950478	6.223431	8.578423	10.648521	0.000000	3.759875	3.486020	4.219460	8.322447	9.691211	8.411432	10.570370	7.766752	5.944651	5.510048	9.595687	3.094401	5.113782	4.281027	4.122104	6.684740	7.384895	6.459484	7.805640	11.172249	6.392612	3.842226	4.822992	4.557472	5.513730	5.728538	3.964875	2.872287	11.465498	10.165246	4.048297	9.266839	4.374963	4.733432	11.465934	8.849236	2.951312	7.813372
8.358726	6.030999	3.936254	7.540191	8.286280	3.759811	7.492046	9.024307	5.628841	4.799267	8.112119	9.247601	8.301458	4.920971	3.714705	6.442777	11.164006	9.743292	5.082563	10.063125	5.693549	9.614181	7.339513	3.093869	3.269170	10.830839	5.146790	3.936027	4.052514	5.209010	4.342324	4.399082	9.994696	5.877223	3.859490	3.437121	3.662158	9.405078	9.549103	4.838571	2.660460	6.386658	8.068727	3.145553	3.359883	7.219715	8.947343	9.988192	5.607558	10.313614	8.369993	3.590779	4.219343	9.015386	4.711449	6.003791	9.467544	10.322531	4.998472	5.892679	2.449684	11.582211	2.837130	2.570691	7.137142	9.527683	4.749344	10.913479	9.184553	7.714385	3.528747	5.631521	3.348340	9.410203	7.006277	2.724468	11.399739	7.395601	4.980263	4.386013	8.265016	7.836422	9.498532	8.175758	7.636704	10.807837	3.983188	6.280944	9.914076	5.492809	3.008080	3.894452	4.111342	2.344918	6.636433	2.647518	9.407382	6.562999	5.961360	8.227271	10.019873	3.112272	10.868806	7.927411	8.671864	2.657952	9.618038	8.839997	7.467755	9.857600	4.133309	8.424764	8.526077	9.791130	5.842014	10.075973	5.298669	4.663595	10.366958	11.480639	9.651741	8.209756	8.571709	2.868837	3.037318	9.975535	8.777279	4.803846	9.427112	7.819808	8.010446	5.583824	3.136694	3.723453	2.786086	3.087171	2.917801	9.368584	5.559586	3.457021	5.560559	4.116878	9.368711	3.557246	9.043598	9.643979	9.446221	5.211871	4.134776	11.029454	3.971204	11.383221	3.688413	7.888393	5.634622	9.010183	10.265467	10.432149	7.940660	8.352551	6.201702	4.207508	8.508793	10.152168	0.000000	6.595614	5.823401	7.343557	4.503327	2.542465	2.337106	5.155264	7.370816	11.019087	8.665650	11.331129	8.545105	5.183106	10.721935	7.220735	10.241706	6.193211	10.463638	11.105994	7.589459	8.752894	11.474049	9.149607	6.060259	3.993287	2.563343	6.906939	3.625541	11.030955	8.132196	6.227804	7.837853	10.065012	10.242321	7.700890	7.912792	7.404720
5.088972	8.949551	5.253471	9.792086	4.637601	2.891787	10.159129	4.080015	9.154914	10.531713	7.851084	3.340420	9.900686	11.413480	5.151697	3.113244	10.451299	11.129603	6.867497	2.477333	3.881026	10.229845	9.991435	10.318515	3.724284	6.815412	4.297693	8.974747	3.166863	9.050409	10.614486	2.542578	8.764106	5.208118	11.573012	4.889166	10.296789	3.007683	4.115734	8.550238	8.917617	6.130716	5.807632	10.571248	8.868646	8.172898	10.558546	3.310844	7.377102	10.389634	6.589437	11.168827	4.193680	10.525218	6.536276	4.439938	8.377852	3.809176	5.629800	3.604895	3.133425	3.806295	7.723226	5.215033	9.539464	6.924709	6.454873	2.457894	4.185345	9.912212	8.981675	2.658226	5.754968	8.243697	4.364654	8.397632	5.425555	11.107499	6.747389	6.469671	7.972702	3.009601	9.104007	4.212261	9.112533	11.071744	8.504645	3.810653	6.625931	10.531298	10.828454	3.828932	3.582070	4.320408	2.917869	5.170527	7.599428	10.776118	3.657777	11.120135	10.711847	11.558292	9.354388	9.842736	4.577725	10.444900	6.530313	4.116278	9.653294	7.957669	11.401440	10.969165	3.855161	8.286645	6.132317	5.281177	8.244650	7.119218	4.857313	6.538824	6.042228	3.336793	3.350081	3.731799	8.388216	5.103758	6.632599	5.600791	5.228781	6.964481	8.342936	2.617893	4.584762	9.312898	11.559289	5.658169	5.897188	5.186340	3.447189	2.908788	6.123729	3.072396	9.073605	5.663923	6.798240	8.475935	6.350617	10.013415	3.053038	6.708753	4.147461	8.016742	7.413502	6.166265	9.609174	10.567023	4.334157	9.128677	7.909976	7.489510	10.666434	9.194345	9.600073	4.003490	9.982849	0.000000	11.351927	5.924200	11.560591	2.848787	8.816844	8.988235	8.791282	7.968545	2.447404	4.906182	8.460203	6.417446	5.055391	5.897307	2.336298	8.690319	10.407026	6.328960	4.296669	3.994530	10.507055	3.731589	5.528019	8.978339	3.619844	10.926813	4.315350	3.487295	5.172303	11.187782	10.822395	3.226889	2.364021	6.417321	10.655361	4.894655
6.817469	6.657665	4.096794	8.360724	4.607364	6.777711	5.259916	3.031559	10.788884	4.744540	8.551085	3.060177	5.176655	8.541678	5.877220	7.246695	5.390622	11.565733	4.824210	8.394769	6.999705	7.669230	6.424077	8.147055	11.340118	7.733016	6.204225	2.757296	7.178125	8.536869	10.224259	11.221302	3.367222	10.308078	6.212155	2.429386	4.093834	9.926507	3.019173	3.418239	3.254576	8.425939	6.792900	3.789522	10.927852	2.422486	11.152082	5.426058	2.792931	5.287868	4.619727	10.871628	11.348249	5.951293	10.881525	11.501443	2.819853	4.042418	8.873518	6.070916	10.139133	9.615795	10.035179	7.193870	5.060653	9.969321	10.734819	4.908965	4.877391	10.684550	3.994759	6.457368	11.013839	10.380580	8.621893	10.238908	6.051670	6.883590	4.219132	11.210946	10.661824	7.557882	8.266510	4.789691	5.279039	10.871076	10.260548	6.578533	9.556400	2.558313	5.331572	9.888051	10.909862	6.607779	2.633190	4.777038	7.343480	11.168475	7.762145	3.912269	9.055177	3.088262	4.084293	7.666073	3.043206	2.731909	4.557014	3.217386	8.371614	9.107249	7.615256	3.169047	6.831755	8.724402	5.107978	10.762185	4.983852	6.147518	10.886977	2.640089	6.065339	9.004455	10.391255	7.151484	7.244349	7.249301	2.436511	7.774902	10.128532	2.829423	9.991764	3.496142	4.225717	7.906825	7.293169	5.153915	2.585093	10.865913	9.891792	9.664717	10.190676	2.420335	8.348099	5.689785	3.937980	6.153529	10.335339	10.341757	6.673872	6.806721	10.308335	10.632010	7.196028	2.360112	8.121867	2.829611	9.720289	8.467475	3.784696	7.953826	8.419705	11.217334	9.008652	5.597636	4.009614	7.493225	0.000000	9.919125	8.541609	6.107185	3.761365	10.348424	2.718339	4.577507	10.146227	6.700454	7.095080	5.083487	8.613251	11.254019	8.942460	10.288423	3.499618	9.988762	3.796227	4.897973	8.083425	9.297955	10.349487	9.203750	7.889682	2.865994	7.591890	4.877871	9.264941	4.407978	6.570910	7.633164	9.458507	11.179602	11.310551	11.304548
8.685558	3.382000	5.351314	11.373941	3.005145	7.285021	10.499662	8.291338	7.255387	2.535373	2.593037	5.291111	10.076447	3.815636	11.160958	7.372039	6.461616	10.888897	11.235460	3.139798	11.014711	5.152988	4.886168	11.292096	9.346594	6.909367	5.349306	8.149181	8.666102	3.880178	4.974019	11.041978	8.405798	9.348521	8.076709	2.801461	4.352100	8.538295	6.360110	3.881781	10.012256	9.317971	5.494411	2.417733	10.130376	5.898434	9.857208	7.606485	7.352141	5.006599	2.842043	4.312823	11.052622	4.354338	9.659397	8.262514	4.985686	4.072419	6.581692	10.618062	4.632047	9.423970	2.718606	7.262236	6.688435	5.213650	8.844552	7.896886	10.753293	6.600741	2.507097	6.763931	10.484032	7.963526	4.183717	4.944707	9.724231	11.537684	6.616788	6.849837	6.263821	7.909919	3.003931	5.593682	6.496271	9.336873	10.777468	10.176928	10.234012	3.435283	4.150898	2.997423	3.312223	3.562890	10.994364	3.132808	6.692074	8.575527	6.305138	8.814421	4.448874	2.678785	11.257191	10.995175	10.228414	3.372067	5.062423	10.296783	11.438902	10.800498	6.852996	7.998445	4.636832	8.956284	9.165200	2.692863	10.192230	11.049292	9.347571	8.898433	9.178709	8.222038	3.794473	10.712744	10.058234	8.427656	9.015923	7.005086	2.517023	9.987978	10.027936	5.605679	11.084438	6.342885	7.427792	8.851206	10.807103	11.074047	3.126001	3.509904	4.109464	3.593811	3.848545	8.757259	6.166841	10.666894	7.412042	3.876011	4.751101	2.454962	6.219222	8.292176	4.631226	4.785411	10.732383	5.529333	5.724481	2.426506	3.526561	5.738443	10.446644	10.568845	11.384877	7.565586	10.365246	7.264085	7.058495	0.000000	6.007565	3.150787	4.667282	2.934270	4.449531	4.350286	6.399115	3.073429	5.330056	5.105659	11.555873	10.773382	6.517257	7.032674	9.222845	4.446296	9.255103	10.612432	9.722233	8.157648	3.458330	5.083698	2.920482	7.250252	5.001121	9.960546	9.961948	6.194813	2.835715	6.260012	6.690389	7.466330	8.131754	9.584235
7.734523	7.909261	3.726314	7.081811	6.328258	6.968612	11.488472	4.426117	7.941529	6.944159	8.330308	6.709760	8.445886	11.535516	6.872358	4.235672	4.906782	6.111463	9.152329	4.914327	7.422439	9.266662	3.098721	3.690407	9.251864	3.648704	5.761139	10.210118	2.407213	10.139125	11.443121	5.779963	11.509009	5.149746	8.326924	4.317319	7.574431	5.395623	5.831758	3.765812	7.308117	6.450809	4.178869	4.667050	8.464498	8.453892	7.891612	3.120280	8.005344	3.870911	5.677574	7.544169	8.380475	5.463026	9.633394	7.751066	3.535363	10.913149	7.002478	9.683758	10.404032	3.368384	11.391173	2.501037	7.227477	3.685305	9.414974	3.750099	4.314140	10.156166	5.143636	5.048960	9.239740	7.493588	5.874033	4.039487	3.866429	3.878960	8.148275	7.907586	10.223845	11.026167	4.768136	11.183239	5.848494	9.549909	7.370779	4.807909	10.051101	5.809657	3.001630	5.355083	8.648336	10.473268	7.597918	9.909715	8.496621	6.555487	2.761908	8.372237	5.397457	10.407450	10.225610	7.706456	9.519866	8.820254	3.241773	7.483714	9.702331	3.684209	5.363483	8.643199	2.807894	10.134440	10.272873	8.017967	9.385001	5.120096	6.698484	5.641150	11.385605	5.122901	8.316201	6.731019	4.624747	5.363351	3.150891	8.344997	11.162338	11.546419	2.333146	4.738439	3.568478	3.507566	5.810826	6.528389	8.338578	10.497315	9.241176	6.874117	9.679055	5.955665	11.005226	5.857006	10.457782	2.921156	10.952090	11.581649	6.860748	7.476016	11.089890	9.736099	7.699452	8.353663	8.709567	4.907580	7.669518	6.509655	5.641854	3.667648	7.987962	11.150862	7.090214	11.467670	11.255718	10.888755	3.174444	3.031415	0.000000	9.352591	2.384114	5.624115	6.020126	5.857098	6.867416	7.911732	10.886254	9.633082	7.650130	9.159773	6.413334	3.587806	5.685970	6.065608	5.686140	2.449978	11.336993	10.971989	10.365488	7.208718	9.723154	6.528011	3.358687	8.981556	6.103352	7.405418	6.320011	11.354202	7.676386	3.028557	7.972719	3.382677
4.914280	6.926054	9.894389	3.567093	11.201066	2.903680	7.963698	11.250892	11.114829	11.511915	8.150171	5.168972	9.020285	9.387290	6.178701	6.494782	8.028712	8.878071	3.307539	5.054606	6.055011	10.968818	4.708693	7.438500	10.075285	3.593167	5.036084	5.160550	8.342657	8.458419	8.512306	3.196826	11.406187	5.794580	9.401375	10.665769	9.245393	11.065722	5.075605	6.550182	3.372041	8.372647	4.219275	8.463449	11.421066	5.297360	10.130038	3.958127	4.493707	6.550247	9.888049	11.316209	8.693517	6.544561	3.963634	8.486660	8.740069	5.231243	6.889536	3.074215	6.227366	8.167200	9.223218	4.797517	10.889041	2.346559	7.783760	2.940248	9.578916	8.885139	3.946611	6.974082	7.932158	7.704148	7.961103	9.877112	5.779339	4.018897	6.844076	2.730056	10.405136	9.794062	11.210172	11.373548	7.680582	7.426898	9.032820	3.218784	10.791618	5.810683	3.731137	6.150760	5.925223	6.206325	6.017774	11.260431	9.127387	4.173899	7.755745	6.186022	11.086193	11.172701	3.746029	6.851222	8.553937	9.186072	5.221462	9.805120	10.213980	9.151755	10.718256	5.488957	10.904019	4.693772	9.936810	8.934054	3.425713	3.136437	9.997209	7.890805	2.755070	3.092025	4.799247	3.595080	5.673890	8.439689	6.242423	2.552639	7.108116	10.132726	9.863826	5.912232	7.196074	8.096239	6.806972	9.007114	3.126984	2.329134	9.619376	10.836493	8.043814	3.794605	2.793311	4.823065	3.419487	3.841442	7.165519	7.924472	3.045846	8.324164	8.563127	3.996700	10.719679	10.790817	3.054881	10.531789	7.296160	6.034856	3.944887	8.501116	3.268015	8.560015	7.501319	3.605855	10.793506	8.871014	6.261614	10.712444	2.849965	0.000000	10.200592	6.690925	4.941370	3.362568	4.916322	7.256244	7.598333	7.876678	5.451559	5.872415	7.316070	11.567281	4.976927	11.592042	6.148955	5.063218	7.262998	4.897560	2.501785	6.809369	6.350627	6.156776	8.811653	6.683777	3.032050	2.850277	11.469595	7.309960	9.690897	4.864950	8.484908	8.562908
7.720229	3.352456	11.509494	3.066841	7.721095	5.772590	6.702714	7.610308	11.285656	6.742925	9.192403	7.860414	6.912180	2.567364	9.544104	2.703800	3.971473	4.936170	3.491612	4.937261	9.284633	7.411957	6.024881	6.202363	10.810109	6.168451	8.664589	5.817484	3.286418	4.078226	3.319936	5.871762	2.463020	8.798434	7.221980	10.665066	11.301313	7.269717	11.214796	8.457183	9.389481	4.116048	7.922497	7.763894	9.274429	9.155046	9.326657	6.414309	9.181311	4.669312	4.197639	8.957626	9.136591	8.077216	3.607634	8.920349	5.209829	9.887287	3.092655	5.239450	2.460578	2.844679	5.454364	5.894871	3.657483	8.609707	9.871767	9.741217	6.458128	6.899527	10.214451	2.915454	3.175356	3.283706	6.622310	9.839159	6.970767	5.350837	11.268777	7.456275	4.933015	6.433505	9.253085	5.869321	11.562766	7.771886	2.627743	5.291618	9.629443	9.547681	6.175838	4.942246	4.836938	11.031814	7.877094	4.777269	2.437328	10.928643	10.630680	6.669172	11.289597	5.491320	8.326272	2.354292	5.877992	6.462799	4.069228	6.925225	7.808581	11.341178	11.375290	9.375897	11.310873	11.078989	11.205236	6.825115	2.958513	9.334893	2.538188	8.574476	10.411982	9.900646	6.737221	3.953934	6.965416	7.661278	5.615766	2.911884	9.157510	9.020044	6.003962	8.322965	3.474547	3.928207	10.211721	5.591141	10.413721	7.973659	11.505017	5.867127	8.727720	10.460653	2.367004	6.328458	4.304771	8.919526	10.589357	10.864384	9.452640	4.028196	6.294491	9.758516	3.314909	2.362073	6.734046	7.319474	9.206211	3.272438	9.422975	10.306334	7.714572	6.489357	10.303548	3.902115	11.113809	6.123903	5.610774	5.526318	8.096745	7.081637	0.000000	10.676059	7.174155	7.428420	7.356767	4.629783	7.829915	7.957324	10.061937	3.741327	5.623768	10.738902	8.951104	2.491725	4.114667	10.181247	8.857876	7.181316	2.595243	4.172022	3.715349	4.150578	8.656337	3.291473	2.641961	8.156401	3.992570	7.019389	3.605725	9.272726	3.457605	8.074669
8.419130	3.847386	2.914235	6.116033	7.157675	3.671259	5.809646	2.939904	4.214966	9.841939	5.138941	9.861087	4.787089	3.371007	10.767631	2.421029	2.805352	7.135429	3.342228	3.704605	5.485455	4.707794	9.057108	6.713572	9.588427	3.261167	6.756638	9.460168	3.507219	6.558179	10.406829	11.593306	2.682401	6.743624	10.602550	5.380528	4.615748	11.457822	7.748259	2.680556	2.372524	9.435560	8.459430	7.152106	3.506757	11.009957	3.445013	5.395995	7.148216	6.391639	8.166373	3.769456	4.194468	4.558434	2.386134	4.746395	6.861155	5.043126	4.715876	2.813812	11.496529	2.681152	8.919237	11.544285	11.500914	6.922928	7.860139	8.935655	4.525083	3.946625	10.027198	11.197939	3.706335	8.776009	7.497992	3.973256	8.604282	5.149913	7.446455	6.943825	5.337465	6.813798	2.657921	7.358024	5.725199	4.369406	5.053331	11.465844	10.305551	7.582372	7.133651	6.460165	4.649626	3.817812	7.565294	5.832228	3.905335	6.810642	8.284637	5.148127	10.293587	2.427715	11.427471	3.199853	11.364926	9.837449	7.017792	3.487995	3.826652	3.990864	6.916492	2.645517	7.883035	10.250400	5.056117	9.540034	10.403359	8.357964	5.337673	11.185489	11.290440	11.269632	4.034973	10.786246	5.680307	7.922121	10.481248	9.338881	10.781844	4.996242	5.380054	10.805672	11.410185	6.747540	8.266644	7.629583	3.504223	4.394388	11.439240	8.688933	10.032096	9.757275	6.345078	4.885991	10.686425	6.452953	2.803351	11.182533	8.913506	6.760050	5.840854	2.487306	11.002864	2.347449	9.673778	6.005283	9.404114	9.516351	10.226728	10.142031	5.937759	9.753794	7.407542	10.755663	4.225581	3.167834	8.180122	11.249726	9.103747	10.744855	11.028111	0.000000	8.203947	11.194966	9.557004	6.519529	5.715034	9.485105	4.265907	2.829891	5.221536	6.231676	7.660772	7.108754	5.306686	7.764717	8.212814	8.553126	10.285812	8.976438	5.763183	10.318971	2.987442	6.029403	10.522699	10.228755	2.476118	5.812658	7.742064	2.746058	8.490360	7.817228
5.012782	11.211887	2.990649	9.947758	10.766921	10.691864	5.383398	3.190680	7.172026	6.034950	10.325829	10.707690	4.685815	9.509207	5.525718	5.685719	8.986869	2.341103	9.880188	8.993111	5.804085	4.760914	7.153579	10.942939	8.113517	7.656449	5.608780	3.635543	5.123033	10.154986	9.916958	2.460141	9.306190	10.002661	3.882481	9.374349	8.540983	9.471658	2.849995	8.621568	5.082735	3.521974	7.972439	11.515271	10.998909	4.717080	7.136252	6.779686	8.046464	7.814556	7.441011	3.987367	3.609504	10.141533	4.939088	2.934737	3.726597	7.587156	9.642661	5.305639	6.375744	5.749961	7.970265	8.382702	7.261491	2.593027	5.007387	3.286865	6.185256	2.747980	10.219339	9.989749	6.081531	10.386228	6.575669	7.054976	10.745974	3.459519	4.510863	3.223293	3.399729	11.483713	6.150085	10.740970	7.899118	7.768799	7.320288	7.696228	6.824174	7.550698	9.654382	3.470470	4.818310	4.311189	10.067534	5.170346	2.620260	7.178388	4.758806	6.975620	5.015156	6.912230	5.067439	2.638742	4.902921	10.290040	4.975051	5.610881	7.527086	5.273973	4.113523	8.990979	3.964785	6.545845	10.325327	7.081843	4.940468	4.288510	5.582088	2.454397	4.732758	3.968538	3.981647	6.307211	11.329807	3.392543	3.305797	10.952405	8.448017	5.827409	10.056510	9.927889	3.719876	4.783316	5.769899	3.224090	4.799819	2.868488	9.264856	5.577835	8.525342	6.290265	5.492462	3.633464	3.055648	9.141095	3.574600	10.271654	6.125593	10.328756	8.567195	7.313289	6.619876	4.105193	10.936351	7.448319	6.013782	9.310764	6.576680	3.455045	2.845358	6.761641	8.638255	6.342773	9.301418	3.235311	3.117072	2.805412	3.926583	10.747232	8.477221	5.765794	0.000000	10.597763	5.345201	4.178667	6.555284	4.553921	6.102052	2.494224	5.256340	8.238441	11.026333	5.458915	6.455549	2.530830	6.619601	9.071961	5.288992	4.166546	6.249289	5.715248	8.243970	6.056065	10.299313	2.457814	6.827036	10.787162	4.639134	11.165567	9.697110	7.189662
6.067201	11.449358	5.470310	9.112116	9.070985	6.293012	11.199021	7.582998	4.878155	5.607665	6.107375	8.879152	3.286813	2.864167	2.646290	5.640682	2.561362	6.994135	2.546274	2.707386	5.028832	5.466112	5.013671	7.303137	3.051471	10.538341	10.175920	4.492725	6.371589	3.589319	4.823228	4.230178	5.072497	4.714856	4.396831	7.996421	2.564842	7.549076	6.758136	7.546184	6.693737	5.464578	9.408935	4.945098	7.218138	4.518551	11.485062	7.224105	10.132234	8.275001	11.533983	3.033312	4.274999	11.399117	4.946579	10.535008	10.999389	5.188390	9.054175	9.549851	5.046657	3.657114	11.203446	5.620699	10.387977	10.624225	3.117177	8.631271	7.496255	5.795154	7.037295	10.600008	11.004148	10.928844	11.232212	3.516036	6.893845	5.816098	8.659165	9.482545	11.016029	9.846143	9.180669	2.854077	10.281205	10.760906	9.312340	11.336208	3.865399	5.627188	4.393422	7.626956	8.155223	3.267651	2.675901	7.489827	6.422931	8.469464	11.407529	10.767923	10.577377	3.284376	2.910728	5.934819	9.265277	6.304118	10.749130	2.359370	8.195123	8.796024	4.504797	4.752320	10.469085	11.341833	5.340362	10.763517	7.829949	4.027609	11.154804	8.710400	9.791900	2.516955	2.391260	9.110191	11.122314	9.899153	9.689478	10.111562	10.996163	5.441696	8.601612	8.192746	10.737156	11.250033	11.419589	3.592030	7.625281	5.867624	10.765224	10.419335	9.721890	4.244822	6.149075	9.371691	4.526715	10.005962	7.810977	3.712499	10.526051	8.567341	3.724687	7.584528	5.876670	5.428298	2.869245	8.811642	8.922051	9.277964	3.836151	10.412325	7.590239	9.644204	7.370209	10.642123	6.010095	5.002313	3.762716	9.372004	11.512756	4.093010	2.537312	4.341153	5.836256	0.000000	4.915098	5.581931	5.452531	10.830385	3.688627	6.644819	3.872385	2.869059	3.402641	9.653341	9.415089	7.005675	6.176234	10.253722	5.338201	4.495060	9.652234	7.089587	5.789429	8.849600	7.368040	6.408161	4.528136	7.173598	5.569462	6.069970	8.557211	11.421269
4.289584	4.248342	2.431506	3.306224	9.544704	4.926797	7.185129	6.004153	11.494971	2.321173	5.965774	4.366333	3.165504	10.434326	2.484305	2.554943	6.560230	6.560649	10.941854	6.783464	4.431964	8.891787	9.235992	4.535208	3.860273	4.715718	5.735789	6.480973	6.630783	11.281739	10.242339	5.824866	3.752399	5.035214	4.422768	4.743041	7.347474	3.921560	10.785788	11.351471	3.587547	8.884855	6.384980	2.976134	2.329808	8.758553	11.020074	3.219188	6.567521	5.935562	3.660827	10.025402	3.288736	9.471380	2.729572	2.437886	2.807161	11.165245	9.678530	6.441555	6.409537	9.137459	3.071322	5.727976	7.367824	7.464363	3.448893	9.672344	2.613685	11.063900	8.610065	6.105743	5.734969	9.362239	8.490031	8.261337	10.295175	7.363691	6.877040	9.224770	10.732447	10.233340	10.954545	5.602337	9.228047	9.044671	7.207538	10.573838	3.003772	10.151652	4.774568	6.040898	7.439967	5.710291	8.929538	11.039114	3.126233	7.802409	8.621359	2.752796	9.784636	5.781595	5.122040	9.651436	10.725161	5.302837	6.530981	4.562072	6.100039	3.864675	5.713782	3.901095	3.215786	4.725911	7.887111	4.116411	9.464169	9.494885	11.315902	6.103396	11.104315	5.304217	3.953509	2.551335	3.150010	3.927863	6.981447	6.634227	8.411428	5.108615	8.203850	6.329930	2.520308	9.730062	5.417397	6.394357	10.360182	2.793024	10.585132	7.506942	2.973071	3.877889	6.183299	8.399968	6.728516	5.420668	10.158507	3.028760	10.131402	2.858458	6.714270	9.615529	5.581156	5.906369	5.631620	7.178775	4.979949	6.866525	10.978750	11.403320	4.901738	4.296802	8.400995	6.257363	3.118677	5.675060	9.469508	7.270500	5.802031	2.421410	6.946731	6.945575	4.450375	4.893882	0.000000	5.787587	9.575250	8.144698	2.888473	7.195694	2.428880	3.440313	7.330300	8.590424	11.145184	10.303410	9.870191	5.125143	2.733656	9.656021	3.928663	8.490010	5.967580	6.437178	9.133657	3.387915	5.547113	6.801116	5.578395	5.464079	4.566270	10.990444
4.688499	6.723399	8.361446	7.750849	2.846456	2.691068	8.805948	10.371907	3.205462	7.809577	4.137357	7.532168	3.071894	8.464527	9.689888	10.478049	2.372619	9.864509	3.681391	10.617531	11.411763	5.782674	7.598290	6.163554	7.905715	10.752730	8.444259	9.795981	6.038184	6.749911	3.455859	8.262784	11.370505	10.028105	8.648146	11.523653	9.078869	3.344461	11.099808	10.527553	6.445036	7.630221	3.368692	3.643405	10.339688	9.967179	4.011176	5.612361	11.522300	3.717314	6.904702	4.209406	11.435567	10.195548	7.149326	4.296384	6.325189	8.091122	10.894065	11.313960	9.917984	2.912365	5.328023	7.860321	10.590250	2.893137	9.931973	2.964992	7.118407	10.176050	4.930871	6.371665	5.746024	4.218636	4.010709	9.885550	2.933001	8.195976	6.771174	6.664767	10.348817	5.946009	5.170181	2.476739	4.676635	4.956395	10.424147	10.207539	10.224144	6.384129	6.616313	10.816778	5.106551	9.519158	8.158414	9.199994	8.411771	9.739371	4.097295	2.400919	4.438573	5.756791	6.676097	9.854653	5.273867	7.446331	7.627195	3.605936	8.429209	11.000264	4.071041	4.034595	6.721301	5.021047	10.449142	7.349239	7.401238	2.584413	11.485875	2.369658	6.169674	3.606772	10.039251	2.847728	3.682611	10.371029	9.907190	8.577832	6.664445	2.988932	9.557187	7.787010	9.834641	10.786466	10.610919	2.648888	2.735978	6.534419	6.174558	7.469521	4.890704	9.301980	5.448693	2.957204	8.770752	6.727085	3.965468	5.734523	9.477778	8.101553	6.330594	7.205779	7.105945	2.380841	10.717828	6.518045	6.746420	8.099082	6.949894	3.878447	8.462581	9.959811	5.602678	6.393105	8.728051	10.169875	10.703136	11.399287	4.918107	7.082943	3.914914	2.985855	6.862097	6.249990	10.951327	0.000000	5.775809	2.373200	10.171749	6.963118	4.742923	10.766081	7.924163	9.598599	10.369113	11.362896	6.722259	10.339223	11.279645	3.070919	7.460200	10.869166	8.579651	3.972981	8.978252	9.510653	10.675338	5.893348	10.243038	6.687584	5.332729	10.482251
7.779076	7.278767	8.931492	3.561696	9.316042	9.394777	7.268757	10.791655	11.497235	8.662217	5.333307	11.230872	5.599000	4.976056	7.954524	3.034023	4.744206	6.574733	11.037491	8.409448	7.547964	3.694467	9.169387	4.445522	2.392265	5.244721	4.887174	7.391979	8.992867	4.599136	2.405438	10.368478	8.473925	9.584072	7.615647	8.439398	4.782880	10.160548	5.031566	7.576657	9.343351	7.124266	7.989944	11.304908	11.002992	7.246218	6.226251	4.466032	3.870025	6.392797	6.295597	6.105877	9.010608	9.946514	7.232511	8.056662	6.869944	8.337818	10.468135	2.629177	9.103758	7.000434	10.424299	7.290271	7.121627	7.286855	8.482959	10.811165	6.382868	7.128250	8.959999	5.632544	10.205787	8.814284	3.100690	6.625051	9.206111	5.803565	6.933827	9.246219	8.867736	8.550704	7.723699	9.899811	5.449593	4.033829	10.302812	5.785810	10.619518	8.536462	10.759563	9.245342	4.149751	10.925623	4.435613	6.869263	2.672368	2.699044	6.342453	9.413056	8.587234	3.092144	4.284869	9.231297	3.731881	6.234072	11.368383	6.729971	10.902814	3.625661	7.698915	3.115776	2.412132	5.928859	8.302044	7.889419	3.041074	3.092557	9.830467	6.851454	10.175351	8.240162	10.763812	8.610891	8.051435	8.572704	7.554576	11.451135	5.525721	6.082887	11.165309	4.277046	6.856356	7.657340	3.502319	8.029030	4.667209	4.389964	6.058622	6.381992	7.127918	8.675669	6.304237	5.656870	3.718298	7.942557	8.096151	10.155729	11.407623	4.026488	10.530775	3.282385	2.874348	2.491575	3.120601	9.187321	6.183506	6.832753	3.870267	9.572725	5.953617	4.786557	4.454773	5.933279	6.071689	7.378469	11.563919	9.906450	6.107335	6.818527	10.522771	9.596999	6.028990	7.154194	6.145977	4.642292	0.000000	4.218100	2.705228	4.481459	8.974786	2.642798	8.430818	11.369044	4.540407	5.086805	8.691382	5.004427	3.849818	10.724123	10.721182	9.892821	4.292017	11.035668	8.246167	9.979410	9.280188	3.452139	8.112628	6.319933	3.548484	10.644920
4.464109	9.536350	5.424653	9.008799	6.270967	6.771623	4.126400	11.392578	5.725227	7.733481	7.753673	7.638427	3.323743	7.256063	6.867367	8.106154	7.617432	3.730373	5.576121	4.237795	6.022017	8.490267	2.914922	4.722897	8.183688	6.540332	3.931553	2.913691	10.699556	9.557269	3.206327	3.036546	4.430915	5.789485	9.547097	3.944906	7.763532	10.636493	8.191913	6.880961	3.954922	6.631274	6.030918	11.226771	7.897850	7.871013	10.356786	8.292237	8.185193	7.541795	7.668276	9.458608	6.479302	3.343595	10.393838	4.999681	5.183022	8.616248	6.945455	3.828492	5.609519	6.165233	10.119709	3.255132	6.716321	5.471983	9.197160	4.943230	7.669303	10.161896	9.232850	2.967040	7.059830	7.504755	10.473152	2.650536	6.235246	9.735934	4.483910	8.322118	2.835186	5.560937	10.125986	8.863319	5.123579	6.033117	8.497528	7.356530	10.616730	8.497894	5.891645	10.500065	4.812094	3.452092	4.782104	9.847498	6.780788	5.567011	9.880516	10.681480	5.365839	4.582285	9.442573	4.579409	6.425477	9.293565	5.558713	8.141176	9.325631	2.949315	2.336758	6.032109	5.658004	3.612709	6.286949	5.533996	11.198004	2.350423	7.777999	9.884473	9.711099	8.872008	7.132745	4.675773	4.815885	8.945359	6.524213	9.564030	8.019167	8.568894	4.839724	6.916878	7.347628	7.906340	8.311962	5.650748	3.911061	6.033565	9.856961	9.765399	8.635677	11.396759	5.117234	8.710885	6.003295	3.732318	7.550904	5.369720	3.707023	4.975883	10.046337	8.856586	8.140025	8.544161	3.621792	7.971497	6.086031	2.657401	6.284957	7.817070	5.867777	9.277871	2.832553	7.725958	7.800364	8.811166	10.444499	11.144711	2.772780	7.710053	5.512209	6.474241	11.005323	3.196749	5.830636	5.983004	3.910955	0.000000	5.274359	5.366797	11.176448	6.214808	7.159446	5.548303	8.888925	3.691112	7.295560	11.231207	11.419708	7.101408	5.009584	9.618195	7.575681	3.091605	6.551163	5.966735	6.323015	6.167593	7.860246	6.907640	5.454582	7.060139
9.602359	10.356982	3.077176	2.556258	8.924485	4.692358	6.549089	5.552316	6.236844	2.620819	11.236868	10.225800	9.505888	6.382536	9.964161	10.391949	4.794384	9.541935	4.683795	8.282298	5.291235	9.588090	11.310433	8.876247	8.823129	9.481270	11.350013	11.255786	8.103757	4.846170	6.275002	9.649015	7.137962	3.344395	9.743658	6.676223	8.810434	11.130941	6.323396	5.835445	9.559261	3.406089	9.929270	6.924848	4.082624	4.167462	11.110677	6.353530	7.540245	10.862826	7.922135	8.443726	3.301779	3.961600	4.678065	10.313427	5.316759	4.054126	2.716555	6.493868	7.000109	4.201576	6.651433	6.278170	9.579272	7.748220	6.632811	4.670644	4.113652	8.428263	3.169185	3.352584	10.889475	4.765248	7.633228	11.045022	8.948716	9.374019	10.018151	9.425343	3.737179	7.887356	11.102478	5.565681	8.891744	8.815977	3.540126	10.802911	11.079299	7.548812	8.387074	8.025301	2.967683	10.003811	10.976422	3.510793	2.938997	9.273097	6.860238	5.390398	5.267355	7.541835	2.429940	10.276718	10.879077	7.492885	9.842147	7.381470	11.521264	8.579173	7.778556	10.464086	9.323582	6.762719	7.286055	2.766913	11.590229	7.729811	6.284885	3.087365	11.539004	8.071019	2.504401	8.142730	3.949533	5.298202	3.657686	7.780151	10.036612	2.338122	4.036048	8.586275	9.814072	10.918747	7.538146	5.004866	9.983447	6.782805	10.585643	8.982851	6.294675	8.669262	6.799967	6.446031	7.748975	6.016021	11.129660	9.740772	11.318551	10.791269	2.751012	4.676504	8.810681	8.109588	9.535037	9.043915	7.471647	4.745981	7.889220	2.598895	11.469030	6.380606	5.706726	10.494440	6.865863	9.848549	7.374413	6.460832	7.703937	8.684894	5.805905	6.258736	3.158256	4.225451	5.979935	6.458351	7.724087	8.916357	0.000000	3.715668	11.005721	3.986635	3.211960	9.634852	4.384273	5.669989	6.069166	6.381126	4.059384	3.409372	8.295940	11.344006	11.518385	2.923567	7.794650	10.112657	4.253367	10.326346	9.430834	6.141242	9.923849	6.159099
8.769579	5.243523	2.373913	6.540862	6.740653	6.174843	10.469908	8.001665	9.336872	5.019263	3.320329	3.571799	4.596102	11.018458	10.425424	7.657701	2.726521	8.968862	9.126883	6.152575	3.590746	10.808300	6.201274	9.761760	10.515823	8.850736	5.770356	4.391997	5.117966	6.564275	5.375106	6.505003	7.750891	7.196406	6.227758	9.391462	10.751140	3.033282	5.574022	6.137925	5.977913	2.850032	10.514976	10.426775	6.963631	5.870529	5.523856	2.514708	6.493372	10.234753	7.840229	4.279765	5.432593	7.586656	2.771422	5.832646	3.357957	8.743997	11.076111	4.963025	11.057748	5.490878	8.576669	2.570640	5.288731	6.975774	11.290616	3.532865	3.167337	6.374688	4.746587	8.974838	5.123324	8.014268	9.913928	6.189025	8.513665	7.497493	10.377894	4.201949	6.892963	6.084549	11.293375	7.835837	3.442935	7.010797	2.456522	3.415976	9.140993	10.840078	10.722325	2.926649	7.115817	3.075116	7.119283	5.724833	8.803053	8.133171	4.004522	8.814594	7.547008	8.236080	5.431453	3.231159	9.885127	2.878774	3.194762	5.745386	4.734415	5.057558	6.161589	7.606225	6.861046	8.252268	3.123790	8.647338	2.824271	10.146190	7.893354	11.248277	2.473414	7.088837	7.376546	11.069344	10.433476	11.016804	10.150917	5.731241	2.767902	11.178101	7.133381	2.352939	7.636762	3.182170	6.167792	8.289292	9.874976	3.029041	8.974646	6.308164	10.943916	8.829044	9.879245	8.242526	2.570784	9.818112	8.659734	3.291529	7.785321	2.839005	10.602388	10.013076	3.013223	7.837204	9.490053	4.489949	7.964622	5.696807	11.178559	10.724991	8.002528	9.891184	3.781109	8.330725	10.024033	2.893239	4.301268	9.549928	5.981532	11.476469	3.474524	2.918055	6.956017	11.377398	7.813853	4.434565	5.529565	5.307906	10.300456	0.000000	10.192101	8.999497	8.655590	9.230174	6.694486	2.369147	3.615486	7.891702	11.326532	5.050540	6.588960	4.660712	9.199624	5.506516	3.603654	6.048166	2.711594	10.832196	10.794689	9.746575	6.059530	10.025804
2.838241	6.438146	9.568321	10.375203	9.921510	4.706938	2.355099	11.021406	6.804433	9.755799	9.154022	5.867970	4.777463	2.542630	2.904723	5.725430	5.151453	10.887402	11.148079	7.384507	4.539142	8.581660	5.700742	5.451144	4.157908	6.911314	11.493145	7.996568	5.443722	3.675219	3.055129	9.003925	7.503673	5.776175	9.174091	7.173612	11.086618	7.452799	8.887476	3.173353	10.042101	7.608592	7.337119	6.575113	9.376583	7.405064	3.196301	9.074598	3.729124	9.807712	5.396548	7.780046	9.728858	2.654601	5.596963	8.452628	7.353365	8.002318	11.569058	6.917748	8.878695	9.924915	4.124472	5.926561	10.464892	4.199239	5.489882	2.813349	5.668769	5.740846	4.346119	6.795621	9.047178	4.626543	7.673574	3.960722	5.322807	6.785227	8.274964	2.404330	6.741502	10.855450	3.973137	8.793980	4.774257	4.893251	8.345676	7.899977	2.687218	4.717930	7.952765	8.577332	4.879630	10.796043	5.811602	8.984491	5.126918	10.520264	7.647297	10.920337	8.855214	7.671338	7.797816	9.402063	3.925661	7.503295	7.985680	7.044393	4.372353	5.259367	5.666874	5.480793	3.879657	7.451568	9.179101	3.314730	2.344357	4.505307	10.364313	4.617169	2.349340	9.449538	6.221060	8.586978	7.397467	5.017294	6.404562	5.737338	8.362058	7.095739	5.143819	11.432228	9.941701	2.653373	5.993350	2.622439	2.930261	11.499889	4.227560	6.389983	2.971622	11.347457	4.905124	7.346625	2.544543	2.701436	3.000650	10.724363	4.784179	8.496649	8.969293	9.533247	4.983128	5.895021	4.870217	7.660630	2.808600	6.868123	7.327481	9.775069	4.423843	8.533368	5.483073	9.981981	7.345538	8.985622	3.551595	4.923871	5.524508	9.679834	5.391760	5.392084	4.428321	4.975430	10.875606	8.622961	4.216398	5.599412	8.006620	8.583539	0.000000	3.990596	11.282449	8.337972	6.569045	4.795957	5.939256	8.050207	8.124979	3.758429	5.035256	4.925125	6.531513	3.810796	11.545405	11.500932	2.736527	8.462835	7.334315	8.503335	10.167160	9.589003
5.630641	3.316488	9.270650	5.138588	3.586055	5.483402	5.418007	11.463332	10.561644	6.882760	7.032535	8.040667	6.594248	2.996127	6.348775	6.365024	5.578317	2.899421	3.875740	10.452231	10.080027	10.575503	4.004035	8.547066	11.446454	6.481216	8.050185	6.445424	4.347784	5.379998	4.415814	6.405197	7.915351	4.089907	7.336544	6.775715	7.266609	8.713689	3.175745	4.950703	3.045174	6.230773	9.470881	8.029732	3.019937	3.194842	9.245147	8.557982	2.691996	3.043067	2.487513	10.895353	10.343521	7.039289	9.465390	3.037605	9.125121	4.818232	10.212121	2.917665	3.635879	3.416598	7.816902	6.542695	10.682967	8.468145	5.686715	10.070575	8.506119	8.265054	10.070132	10.521951	10.012704	6.332453	7.305285	5.372765	4.006157	6.313598	7.205568	3.099924	6.115509	11.378274	9.428337	5.690988	6.439779	2.862882	8.312180	5.804258	7.742228	9.615770	5.940329	10.985199	10.270434	4.305444	7.513024	2.414277	2.559286	3.861124	4.487391	4.882249	4.637744	4.693885	4.844742	7.020781	10.208998	9.645590	2.800021	4.856647	8.893335	7.011993	3.544323	11.284573	8.390713	10.580308	10.352186	5.486049	8.972960	9.573902	3.655275	7.822800	7.743579	9.973598	10.395608	10.924987	3.820313	10.803095	4.599818	8.311108	8.679250	4.418509	9.954590	4.369293	7.903919	9.539381	3.413708	5.570089	7.935776	6.036582	7.863607	9.671723	2.497570	6.787109	4.257361	6.027514	8.137711	2.832709	10.375995	7.122681	6.450239	3.937016	9.882702	4.434516	2.363816	7.941341	4.552994	6.832118	7.646039	10.825502	8.422969	4.344689	11.379231	10.100777	6.547448	3.447139	7.245258	7.046429	8.034371	3.959430	8.146073	3.916681	4.275883	10.484111	7.476737	8.912325	2.857473	8.466952	7.109186	4.384452	10.836414	3.390807	7.893097	0.000000	10.605006	3.825752	11.123633	9.070849	5.380606	6.281132	4.365971	8.559093	2.406943	6.445232	8.115129	4.303966	5.533862	9.155317	10.805195	10.011812	4.731014	9.113111	8.243819	8.551723
2.494000	6.350763	2.411465	11.115965	10.228526	11.463112	8.573110	10.050172	4.064127	4.690699	4.050987	8.293679	5.601233	9.533419	7.530874	6.105482	7.691872	10.336426	9.092410	8.371382	3.778610	2.487008	9.685091	6.773142	4.610692	6.018257	3.764696	5.150716	7.414429	6.848951	9.343696	5.504020	10.171074	7.506208	5.029554	8.217995	3.440126	6.917683	7.433830	9.252305	6.795865	9.627393	6.598121	7.814910	3.533563	6.353849	6.675853	3.906565	8.157401	7.719627	2.765805	5.795457	6.485712	4.122528	10.093639	4.813328	4.495631	7.279453	9.944554	7.723814	9.213200	8.359226	8.549784	3.987026	11.474136	8.810943	5.396665	4.335319	5.014849	6.553674	11.516108	4.402728	4.962139	10.712291	10.198759	5.202663	8.878786	10.164472	10.496913	5.862435	4.203624	10.541777	6.837577	3.085265	2.395661	7.299858	10.041809	10.446607	4.321761	6.252117	3.511145	8.879753	8.360249	4.314505	8.422434	4.755185	10.691675	3.081095	4.235100	7.418128	7.013191	7.104284	10.922509	5.373111	2.859143	8.519831	6.884648	6.159233	11.201410	3.499884	11.544083	5.424524	5.394011	8.206707	6.105644	4.343843	2.950559	3.919469	7.921435	4.055819	8.416148	7.200692	10.452111	9.941989	8.938753	10.115586	5.272104	9.827584	8.344961	8.321097	11.052466	5.504003	11.250664	3.650056	11.555352	6.409492	2.741596	9.400458	6.386405	10.879335	2.460282	10.543795	3.182309	3.526467	4.166357	11.173703	3.464833	5.426463	2.981557	10.246513	10.885053	8.455203	11.461845	5.513533	9.273732	5.905062	6.777525	6.665873	7.243596	2.851108	9.579652	6.764531	2.986996	3.464006	4.129537	5.443575	7.943982	3.627266	6.164978	2.551367	2.781817	4.803162	8.048113	9.601393	6.097964	4.296965	3.587707	6.489117	9.875783	6.513391	2.441604	4.968592	0.000000	5.688279	5.036419	8.434879	2.409343	10.344658	4.220975	4.427311	8.481871	11.525109	7.938734	8.830309	6.900337	7.694307	7.057616	11.388232	5.983686	5.808040	8.495283	11.592970
2.890504	8.043440	10.296190	9.471587	8.781215	9.214883	3.455139	11.535078	3.532265	4.173316	10.238114	3.057833	9.751559	6.268077	2.549544	11.422536	4.015997	6.627705	7.640408	4.596108	9.854850	11.299912	6.772555	8.017021	3.825125	3.497762	11.533581	9.752615	5.075191	3.392136	9.037823	2.706027	9.766235	7.385938	6.989346	2.543264	3.558958	6.576280	2.796260	10.192033	7.448766	8.306872	5.488424	3.749509	9.544677	7.945951	7.493165	6.506280	3.519308	7.409640	5.271852	11.169776	10.009590	7.329264	4.008219	9.328401	3.493549	8.665314	4.934269	3.578054	6.452015	5.445676	4.503025	5.801343	2.919386	3.536302	4.991373	3.868020	11.415098	5.581988	9.377132	10.491480	10.803642	11.476977	3.651050	3.608848	5.384706	5.123298	8.742050	7.936581	2.765683	9.475572	7.627587	6.886014	10.067617	4.044359	9.481654	2.734354	10.963560	9.955907	10.805474	5.607016	6.826842	5.961451	10.989330	10.212731	7.287324	6.612674	2.942172	8.691111	2.686972	8.083664	9.832094	3.349387	10.355561	10.233974	5.786204	2.756997	2.795150	10.125531	2.614304	3.617478	7.891196	5.208404	3.653818	8.980658	4.121071	7.694616	3.448596	10.590421	9.335772	7.547261	8.926241	8.808175	6.063244	6.034035	4.073734	7.253283	2.905391	9.435565	7.147986	6.756237	10.037670	7.156318	8.838293	9.521945	4.469332	5.130125	9.695439	11.080318	6.177922	6.090709	8.778256	3.673803	6.638046	5.070507	2.695843	2.580115	10.161789	2.976720	4.551160	7.678667	2.607027	10.787585	3.131183	3.081804	5.133439	3.725337	5.326781	5.979766	10.675652	10.315146	4.208454	8.604692	2.879231	7.422676	5.103228	4.076148	5.102065	8.931188	4.625066	4.266106	3.571394	3.213952	7.282630	2.426989	6.598617	10.377251	10.164068	9.553036	2.664294	5.429855	3.101094	0.000000	8.109567	10.048711	8.178446	10.964715	8.114585	3.227250	7.144075	7.951257	9.513118	9.282128	11.413318	6.963231	10.544844	10.922172	7.199345	11.578228	4.708112	4.650263
3.945034	7.564282	7.117896	6.592943	3.669806	9.673254	9.390139	4.793790	7.356491	6.674524	5.106068	3.580758	10.048056	10.841030	5.152771	5.967686	7.182072	3.728468	2.960929	5.066170	8.426746	3.516588	10.969328	11.455289	10.670008	10.557053	3.483035	7.337207	6.253478	8.052598	5.820859	3.004069	9.751782	7.138167	5.123511	11.493067	10.129558	10.806151	6.602502	2.538254	4.169949	7.882599	9.592048	8.351335	5.085304	8.958461	8.014794	2.452114	2.739682	4.832042	4.857594	6.519912	5.153494	5.059097	7.239771	3.675805	6.437211	8.614071	5.795204	6.234581	11.201666	9.842263	10.813468	9.219963	5.038950	5.451726	6.388639	4.967942	8.680532	4.325242	3.791417	3.001633	8.260725	9.050726	6.078557	3.064340	9.037529	5.726434	11.221406	4.741523	7.953765	9.406040	7.956354	9.142291	3.047535	11.154199	9.266468	8.000629	6.273333	10.145861	5.410015	7.621868	6.186805	10.306426	7.884856	6.145350	11.570028	4.489283	11.405314	11.435265	6.036796	8.951573	6.411431	8.218921	5.387218	11.315812	6.025229	3.358206	11.186927	8.754739	4.589626	6.196546	7.625424	8.485596	4.856869	10.896793	3.903938	6.657187	7.380377	3.112169	2.842885	3.645452	4.590294	9.999354	8.731951	5.233959	3.646731	8.536304	7.900945	7.069075	6.517747	4.454673	11.362277	9.387262	11.565484	11.137742	3.677210	10.275703	8.541525	6.136677	2.542641	9.366519	6.937511	7.257688	6.244721	10.449825	4.558625	11.112943	3.587022	6.190282	4.552810	10.623250	10.679508	2.990486	3.871373	6.692502	6.849522	5.805944	4.260639	10.852618	4.819866	8.911396	4.514299	4.136836	9.284398	8.566999	8.834121	6.004482	7.944477	4.472328	8.241266	2.573370	5.736741	3.419914	11.531904	7.000100	2.621490	6.684588	7.373944	5.154217	5.479461	7.306752	6.140830	7.138402	0.000000	9.131698	8.992232	2.574355	4.495281	7.572614	10.515614	3.985097	5.895668	7.723118	11.480595	9.890949	5.168331	7.026447	8.611509	8.040128	5.526052	7.570863
7.096325	5.424434	2.973856	8.254353	2.814059	6.737720	8.952166	8.158380	11.584821	8.737443	9.800971	9.113257	11.117008	2.462691	9.961447	2.635278	2.381959	3.758575	6.986732	6.080827	5.616096	10.288765	2.613152	7.632727	6.161722	6.126566	3.669675	11.090194	5.753168	5.235439	11.089988	5.239828	2.557368	3.800821	10.023070	2.886640	5.310851	5.546427	3.072627	4.960301	10.680872	10.591510	5.761175	5.253100	7.288932	6.797895	2.591183	5.890821	9.638976	8.648291	8.888395	7.862890	6.408571	9.049925	3.240697	3.691011	2.705988	6.056618	4.799410	7.844797	10.384130	6.063152	9.874200	4.995615	9.644904	4.445648	4.673816	11.170125	5.487187	10.894285	11.564042	6.282222	9.951633	6.189480	8.936593	11.079076	2.378920	11.059330	10.552425	3.934191	9.088868	7.604153	4.089249	9.574924	6.283484	10.265490	2.359084	6.943117	3.599401	3.710306	2.638375	10.320366	5.921171	2.498768	10.833364	4.139977	11.549697	3.189459	8.155341	3.148225	6.896519	6.795171	11.374681	11.436995	9.323998	8.571035	8.195423	4.132022	8.717469	6.600773	10.723563	7.307829	2.718958	7.428021	7.010739	4.804862	5.839603	6.941169	9.200673	5.399676	10.355478	5.901869	9.024726	2.414108	8.281127	8.175986	10.977503	8.607555	7.833788	10.348827	4.740293	6.824315	6.980843	3.690681	5.430916	2.397859	11.197886	7.119090	5.966952	7.826699	3.233925	5.162746	9.250112	9.861480	2.330573	8.149122	9.907481	6.680179	8.076717	6.974432	6.975644	8.229564	9.303747	10.032442	6.921948	9.486983	7.194598	5.202565	8.510443	9.455322	5.247541	5.153094	5.660804	5.422075	3.850171	10.324530	9.021145	2.743575	5.808324	3.460588	7.652361	4.660597	2.866513	11.397631	7.374862	8.600839	6.046349	5.493922	6.756047	9.413554	5.399104	8.191938	7.851109	6.275496	9.585024	0.000000	7.775121	2.890742	8.902555	2.445542	6.088635	10.057183	7.155199	4.550052	10.409786	7.895842	10.716966	7.389372	5.953903	5.172133	6.951695	5.337306
3.699649	7.939326	4.292659	2.782071	6.862637	6.451471	4.543610	3.713157	5.275598	9.572244	3.171848	5.763885	2.908809	4.873843	4.981958	3.870335	5.231493	7.400875	7.200544	5.742803	3.022873	9.811802	7.809104	5.970411	2.819716	11.233565	8.024316	7.809715	8.732864	4.027754	7.840416	11.455048	8.210738	4.602436	4.493085	10.287879	11.020810	7.309010	7.117491	9.378610	9.464406	3.443507	5.760166	5.583044	11.176128	6.875003	5.278216	6.564698	3.479202	9.418292	10.194029	2.535946	10.013572	2.529571	5.289646	10.940746	7.447217	4.842802	3.665774	6.344539	3.246946	4.443370	5.815792	10.054125	4.779893	10.662214	2.809807	7.763747	6.707002	2.738777	6.732495	11.254343	5.607102	9.906215	11.433854	10.409440	7.193343	7.753075	9.082399	10.979783	9.770806	3.504328	7.584611	9.165292	8.191235	8.914035	6.435559	5.958751	10.595331	5.249936	8.171672	10.548736	11.433738	2.926977	6.024968	2.574530	4.123083	5.127780	5.924972	9.801189	6.351456	11.585273	5.311546	6.856233	9.470338	6.655977	7.040901	3.422665	11.397019	4.319009	4.657107	6.115766	11.528297	9.347191	11.354876	3.274545	9.354032	6.238269	2.415861	6.937775	10.641621	11.514188	7.735988	7.095678	8.568385	7.994178	3.003233	6.855041	10.497364	7.766831	7.820527	4.452712	3.679270	8.695519	9.723283	4.817397	3.030548	10.641673	7.262179	8.102223	10.926053	5.065217	10.441713	7.905848	9.455145	3.704137	8.730343	5.800516	5.237008	10.560760	10.681485	7.505584	2.877589	2.387560	11.576622	2.980767	2.724372	3.312798	10.538776	2.518349	9.582588	4.949332	9.825254	4.620100	7.092875	8.502452	11.167746	3.354351	5.658456	5.349799	11.589172	2.592432	9.348185	2.367736	5.642012	7.220123	10.630449	10.902535	5.300510	8.167479	11.120784	11.325217	3.376473	6.369210	5.857335	11.024570	0.000000	11.169657	10.160496	2.617294	5.346532	8.639378	5.428166	3.159901	7.667667	11.499261	3.254490	8.508847	11.555913	7.199378	8.469269	8.128723
6.833456	11.494103	4.658849	11.178602	9.872320	5.782428	5.307356	6.323348	7.578639	3.255837	2.801893	6.659596	7.449043	3.050016	5.886727	7.798926	7.393156	10.568199	7.883639	6.364905	5.997559	11.492282	9.876245	11.561026	5.730209	7.396591	4.346627	8.165971	2.350984	11.282195	7.503405	2.559742	5.724161	6.829048	11.263236	11.077043	2.765623	6.608008	3.460415	6.959058	3.732507	6.687014	9.669668	5.079827	8.280813	6.828159	10.039797	5.123799	7.964437	5.920397	9.770203	8.148781	5.433654	10.310569	10.882429	10.588061	9.956206	7.871246	6.759846	9.941278	11.446056	5.926592	8.462474	8.490391	3.901693	4.529050	6.330333	5.488704	9.335725	2.432119	7.604378	6.392972	9.675135	10.045650	3.943997	4.868971	7.604979	9.776691	11.494382	5.646864	9.992152	10.574054	10.482418	11.210806	5.284119	10.869724	11.256176	10.073871	7.637391	2.666166	9.203838	5.224405	9.112882	2.539781	8.792803	3.452251	2.990849	9.355344	10.040862	7.332754	9.046289	5.283226	10.403566	8.077419	5.743429	10.084286	8.393894	11.303508	5.845280	4.328507	10.146765	10.889105	10.930318	6.057890	5.202843	3.502312	4.297458	3.912256	6.888959	9.881570	4.473930	5.111067	4.062955	8.518639	10.313104	7.725764	11.243145	8.678258	8.576729	9.280245	5.336285	7.939925	9.897191	3.312388	10.672993	5.959969	11.228163	8.034677	10.494929	9.644160	6.392083	2.423288	2.602446	11.586570	4.122762	7.433367	5.460490	10.653649	3.364600	3.740290	3.018677	9.303465	6.392451	3.876764	4.819052	7.954098	5.070441	4.488514	3.677890	2.395675	7.177531	2.640775	9.556581	5.048841	8.201646	3.850790	5.776874	3.382667	7.458286	5.540399	4.215081	6.754727	9.177800	6.121173	4.145987	10.470540	3.627051	8.609560	7.365886	8.273008	2.427797	10.800420	7.678920	4.486842	8.809818	4.161792	8.831599	0.000000	7.341936	4.283454	2.635841	2.718625	8.651603	7.719297	11.349236	4.917646	6.267141	5.229621	3.984270	7.552976	6.564864	7.451005
9.782949	10.685559	5.260713	10.571015	8.422947	2.800791	9.410607	8.341467	5.317218	10.755434	11.535180	4.437610	8.024091	5.396199	2.391660	10.075539	8.923433	5.523373	6.617418	10.930088	9.109038	7.266055	3.375481	8.213169	9.701396	10.907826	5.999932	7.416131	5.851369	4.959428	7.957576	7.914322	6.683088	3.694628	9.526810	4.745626	7.135621	10.104686	9.814935	10.923746	2.765479	10.517760	2.965483	7.939376	10.452272	6.163699	3.393281	6.866552	5.534751	9.247756	3.502553	7.510538	5.222867	2.606647	9.601862	11.318860	9.744093	5.436806	8.092657	7.812637	8.592691	8.341927	9.339137	10.107456	6.137205	5.588009	5.755335	5.922427	4.914181	6.793206	10.537201	8.522840	4.593706	11.541414	5.034274	5.477971	3.053183	8.696300	6.136937	4.205801	11.082298	10.512964	6.935026	7.933559	8.031472	10.748834	10.511433	6.795941	5.957307	4.988940	4.120823	2.728209	3.155813	7.434850	4.259214	3.122262	5.506369	7.002950	4.414734	9.119101	9.666143	9.089564	11.229669	2.992261	3.698907	9.318091	10.176492	4.468203	4.138017	9.351054	11.376319	3.332042	11.177161	8.238414	9.533708	10.312525	7.542856	2.519614	8.518299	3.177919	5.598746	9.267175	7.982113	10.890397	8.312965	10.890511	8.605525	9.686369	10.684134	6.936837	3.783612	6.274498	5.337920	10.773051	5.335296	10.583434	9.781255	6.709788	2.594732	10.520758	2.764127	9.113336	11.115416	8.842575	6.680036	8.337520	3.592390	9.757667	4.767999	4.103403	6.969822	7.624878	3.857055	6.214592	11.062930	4.905745	6.090659	8.895194	3.261351	9.562986	2.436660	7.750717	11.048323	10.058866	8.249350	8.949184	9.899458	11.521513	7.526293	7.974389	6.154726	4.385055	8.978453	10.201495	9.802986	9.285176	5.107235	2.834734	9.723161	4.148083	9.472501	3.881397	11.389147	11.022855	9.697353	10.675916	7.059934	4.455887	0.000000	8.692681	4.366508	7.778967	9.624556	11.593090	7.222460	7.948404	7.345704	4.530112	8.658990	4.785874	6.855973	10.647375
9.229408	7.676799	10.451147	3.649208	3.910190	7.611965	7.938185	9.505987	6.631328	10.205984	2.920959	7.992859	7.483286	7.605118	5.368326	3.711783	3.987144	9.488925	3.650173	4.419819	8.563846	7.827996	7.068233	6.931127	3.975513	7.973052	3.403237	6.261898	10.468181	10.515524	8.847549	10.487957	9.463539	11.103879	8.805095	2.930012	7.172487	6.867661	10.283554	3.247206	10.645038	10.368974	10.697697	6.144598	6.285146	9.206937	3.917000	9.999037	9.217754	4.452499	11.075979	2.877276	8.139767	6.007254	10.785797	5.992670	5.284118	3.596978	9.480202	10.500755	2.679383	9.951757	9.231818	11.488170	10.428504	10.292744	9.197044	8.132733	6.201764	8.015936	5.607918	6.068564	6.855548	3.250017	2.447363	6.499654	5.547334	6.092777	2.716663	11.196243	6.703675	5.229777	7.179528	9.133810	5.617231	2.917803	11.582438	7.044562	6.131494	8.743869	7.633105	9.204514	9.959246	4.979265	3.715385	4.764583	10.748834	9.849969	4.030704	11.387626	3.183535	5.666642	7.903032	2.912157	10.732052	4.166156	2.683445	11.034606	10.494335	8.335846	6.076151	4.354816	11.055431	9.031202	6.821487	2.438534	3.170935	2.639544	8.115366	3.836440	11.160108	8.196924	8.370173	4.545937	3.534682	5.858953	3.856823	3.005678	8.574745	10.483976	3.949195	5.849523	10.881120	2.702876	2.593150	8.932695	7.876886	10.123476	8.773525	4.734007	3.337383	7.753304	4.159378	5.448401	3.833594	7.597147	2.613559	7.077206	9.059534	9.947597	8.840571	11.441565	4.014703	2.749171	11.264076	2.390119	8.309411	6.508576	3.492553	7.247318	4.624175	10.511637	4.210121	9.613174	4.751585	6.678267	8.940213	2.366681	7.094132	4.009576	10.660341	4.871318	3.603916	6.872869	10.902577	5.069527	6.425277	2.561330	2.843584	11.413702	9.890046	6.072418	6.391763	8.851491	10.040831	8.375294	8.050615	4.770743	11.010495	0.000000	9.812974	8.925054	3.418452	9.686483	10.047806	3.663679	3.249669	11.410080	10.701735	4.705639	9.664636	3.663718
3.412744	9.956807	10.913426	10.791018	8.504718	2.340734	3.775776	5.384091	4.507968	7.733154	2.857010	7.667997	8.118320	3.386576	5.698150	5.039386	10.185250	6.946610	3.727741	2.771882	4.588878	4.868755	10.516648	5.579523	11.478960	3.621348	7.613915	5.303776	9.553885	2.346661	5.451275	8.449056	5.270310	3.971439	2.910948	3.143543	2.890251	3.151546	4.290576	4.123346	6.493710	8.614426	8.565279	3.719675	6.212858	8.605921	6.869241	9.532611	10.366294	7.983397	8.679097	7.226847	4.402408	10.686959	10.319645	9.982796	9.518260	7.727554	4.345083	9.727045	7.771936	5.637894	8.048595	8.755197	7.590543	3.039509	10.305992	8.871589	3.562707	7.597368	3.911003	6.364906	3.841139	6.831400	8.661906	10.235105	10.811882	8.486673	11.260324	7.059380	10.285697	9.935534	4.578203	11.540048	10.150172	3.113288	4.385989	3.628532	10.472406	10.395673	4.634368	4.721850	10.431912	2.905668	10.548896	9.147130	6.505625	3.886070	6.369118	8.985628	4.880480	7.445702	6.981949	2.322611	4.826479	6.635873	6.306642	10.333076	5.661898	8.998631	3.648826	9.123723	5.499508	9.931012	8.680061	7.501692	6.104744	11.106799	6.559711	7.672678	7.024665	9.166236	6.718279	6.730313	6.526162	8.089485	5.856725	8.892702	10.005573	8.641458	10.662935	3.310625	2.515026	4.491823	10.835389	3.804928	2.751651	4.392992	10.784189	10.323893	9.736434	6.578557	10.730248	5.490948	4.466005	11.064068	9.195685	6.596874	4.880565	5.003855	7.679583	9.916270	8.835711	5.887627	10.365416	8.562254	5.062849	5.128905	8.153120	7.886611	3.117221	6.152644	11.218119	2.578870	4.247312	4.876145	8.124800	3.304716	5.615225	4.057193	4.614752	6.642163	6.967321	7.405267	8.668437	11.227207	9.212274	6.540054	4.356282	3.759895	4.650669	7.632825	7.604926	4.060802	6.347540	6.752393	7.533043	5.588893	3.514841	4.262328	0.000000	9.093949	10.040112	4.868177	3.505867	3.193564	11.505053	5.190844	3.196667	5.287152	3.562849	3.206510
3.208555	7.723395	7.893942	8.060481	6.726315	7.355851	10.577669	6.089503	3.006298	4.725379	8.234742	7.745510	5.232889	10.507523	6.977211	10.766652	8.277757	2.676378	11.237311	5.803242	9.629209	10.380078	6.266595	10.293127	9.548468	6.181606	8.773090	6.589887	4.143826	3.334494	3.975769	4.951345	9.699720	3.739390	4.129178	10.194819	11.209095	5.754085	9.075554	11.053044	3.214993	3.984588	8.215762	3.746012	5.383777	10.596831	5.138594	4.046163	8.486458	6.217991	2.902441	5.363218	5.502112	8.961127	4.657320	8.210696	8.755590	11.338260	9.435685	6.705192	2.886496	2.500733	8.398433	3.394149	10.711335	4.456961	11.166392	5.203185	10.243332	3.457211	9.575667	7.357114	11.289375	7.123862	11.436168	4.582025	9.371821	2.832692	10.717901	6.217272	4.110885	5.437751	11.461874	9.960832	6.826866	7.797007	5.820896	2.428336	4.273277	7.917489	5.934624	7.597623	6.220775	7.801962	5.982936	10.108665	11.460867	11.399078	7.381203	7.255022	10.576529	7.776620	6.132140	8.069570	9.418495	7.327412	9.555265	4.606200	9.442435	5.187645	11.075978	10.447863	4.011708	7.315371	2.750235	5.851369	2.584340	6.209993	5.612213	9.920345	7.765335	5.925760	4.315718	6.650167	3.486524	5.407874	7.452526	11.311243	9.407904	6.202481	3.559234	2.473186	7.151507	6.262526	7.980305	2.786884	7.926715	4.936992	6.825135	6.010889	9.169217	5.082813	2.548517	8.170019	9.027345	4.959915	2.495139	4.813882	7.048384	10.045576	2.346062	11.055814	8.969693	5.991673	3.722093	8.179715	4.733020	7.625542	2.660052	5.454773	6.500770	11.050305	9.465376	3.005770	6.011193	7.694791	3.450429	3.829720	3.524170	6.416597	9.073140	10.501280	5.764981	9.456560	6.168363	9.862177	10.081113	9.736779	5.439095	4.435188	5.207799	4.862819	9.844566	11.246081	8.726544	2.467930	2.630629	10.679879	7.243189	9.938024	3.400393	0.000000	10.531927	3.096527	7.578265	5.261348	10.086996	7.963904	4.757942	8.452131	3.829458	10.212761
6.401289	10.992392	10.225676	7.037564	3.650361	3.290972	5.091022	8.083236	6.715974	3.142508	5.286403	9.379197	5.383684	11.598933	7.984562	10.560753	8.010228	9.512162	9.949502	2.406309	7.154318	8.765028	11.388351	4.564729	7.512083	7.277376	8.232739	7.403321	11.079940	7.469840	9.426697	2.390633	4.138390	11.474271	5.706546	9.539005	6.333111	4.027398	10.990983	3.483716	5.539436	8.226225	3.639249	5.791716	7.013053	7.502382	6.863553	9.941588	9.725960	7.774519	6.674531	5.017993	5.946043	4.357046	3.289920	6.904038	3.263554	6.060202	11.046490	2.479383	2.637554	10.755817	2.876362	4.945565	3.366689	6.701401	4.250334	5.346141	3.861704	8.966748	5.564767	11.377972	10.667339	9.900494	9.283001	3.094583	5.799572	9.391567	7.920234	7.247155	10.509051	7.694628	8.860137	6.205577	11.569364	9.486839	5.534690	3.561468	2.990871	7.760162	7.331379	3.861165	8.083143	6.871908	2.958056	3.629578	5.441319	10.728477	4.822628	9.937338	6.859746	10.027142	9.737282	3.996219	5.160936	10.949247	4.832593	4.800717	2.897991	9.318768	7.532754	7.074977	10.849507	5.136643	5.363357	5.573423	8.354492	7.078738	4.748926	10.800259	5.677318	6.709532	3.358192	2.428569	6.999333	9.094982	7.197573	7.613894	4.516385	7.921693	8.799362	6.833357	6.973846	7.003160	9.939774	2.487809	2.453960	9.572216	3.466486	9.123291	11.519021	6.400210	6.406760	2.647161	4.952986	5.152714	9.581170	3.663087	9.044315	10.411430	10.386885	10.307224	2.345996	6.052779	6.645810	6.128865	9.631164	5.678411	5.837295	3.809462	6.725169	11.058036	11.240879	4.492903	7.739779	2.959467	7.996074	6.003921	4.445533	4.720061	9.672368	10.500004	2.416634	8.204153	4.730304	10.943517	5.359714	8.751166	5.638215	10.041598	8.100938	10.381282	7.659588	11.275261	8.528996	4.880494	7.536689	7.058380	2.925830	10.844494	11.540004	3.990754	0.000000	7.943370	8.528464	4.738597	9.022846	8.503773	8.406680	5.636597	3.128087	6.891765
8.787985	6.779446	3.798604	7.088089	7.855213	8.003829	3.804320	4.309569	6.296477	6.641266	6.266452	3.407733	6.770101	6.050200	6.505480	4.829431	6.761032	7.787462	10.969200	6.879729	10.558002	9.282308	3.270811	9.576833	10.355273	10.999162	6.796690	3.998252	7.203363	3.407786	5.603377	8.181321	10.429345	8.960245	11.300278	9.776998	9.819678	4.238300	5.382086	8.658220	8.673036	5.479796	2.670509	10.426082	8.081903	9.936875	3.344157	10.256486	9.496352	9.412216	7.406939	7.396672	9.662900	6.647309	2.874507	6.659267	3.914624	10.202071	5.696739	8.531784	4.203870	2.764796	8.439295	9.758636	6.547807	6.883909	3.273158	4.876579	11.107971	9.706174	4.241652	6.809289	5.364850	11.133931	6.158472	11.030841	11.166226	5.314785	3.448657	10.359690	4.714784	6.494067	3.343342	2.479292	8.192068	6.579756	6.833801	3.042155	6.817877	10.779702	9.691389	10.280581	10.825058	3.393391	2.600052	9.765683	4.246813	9.168013	2.700307	4.091391	8.206890	10.181495	7.381338	7.011350	11.029835	7.352358	8.811127	5.196760	8.196203	3.521576	5.041739	6.110824	5.544538	2.912314	5.238363	9.487157	10.619052	9.527545	10.139236	5.199503	9.268598	2.596397	8.326604	3.796826	10.322895	7.804300	7.119160	6.893620	5.386382	3.359822	9.975821	3.082278	8.001622	7.395621	5.367663	6.156776	5.764717	7.508515	9.113634	9.038374	3.358065	4.501604	4.599124	10.727785	11.358590	3.397550	7.375641	10.536718	3.201737	8.969027	6.903860	4.282098	3.372957	10.440023	7.903811	4.594723	9.795879	4.067431	11.439392	6.489389	8.939087	3.290842	7.025784	6.225761	5.333881	3.471958	11.264358	10.372933	4.360493	4.254056	10.155607	7.123978	11.129340	6.752003	7.731420	6.085699	4.371622	11.063843	5.251213	4.147502	10.696392	9.127448	3.386006	3.604466	6.588565	3.150341	10.289124	9.982736	6.894321	11.300805	7.211150	3.556234	4.224270	0.000000	2.710279	3.493393	10.317296	6.443877	4.048640	10.737399	6.539401	6.249512
8.172455	9.656251	11.318353	8.146812	3.997803	10.998852	11.321348	3.035536	4.378334	3.996354	10.265051	7.262650	9.113505	7.916481	8.422249	9.485777	8.265605	4.586704	11.431352	6.861368	9.522010	5.652449	8.241432	2.445385	10.269005	8.876152	7.770126	10.980077	11.151873	7.791596	7.288183	5.064713	6.631879	10.801303	3.166493	10.483419	11.377127	5.272017	4.620691	4.111092	8.416920	5.964573	8.063783	4.529531	6.969379	9.493652	2.970358	7.750169	9.656327	9.856880	2.908517	4.784352	6.231214	6.105002	8.975580	7.251711	4.891909	5.454396	7.873466	3.967351	5.633255	2.653697	7.824199	9.131186	9.606501	2.849905	2.388382	7.448354	5.013445	3.859190	2.831397	11.083799	9.700479	4.415471	7.379542	4.349940	9.181304	9.501616	6.972597	9.283308	10.906314	9.178692	9.309927	8.529075	11.162053	11.038568	8.098810	3.751642	11.563444	4.563724	8.672200	4.187720	9.166068	6.364097	10.963890	8.617377	4.691941	2.999409	3.986591	5.452167	9.901143	10.028149	10.402888	6.927125	7.056643	9.605732	6.613490	8.044481	11.431957	4.658924	11.328098	2.445296	8.826617	2.451658	3.643011	5.345531	5.046256	7.213532	8.899191	5.816451	8.466157	6.668712	2.815968	3.421382	8.670574	4.489202	4.495552	8.453926	3.216047	2.809922	3.029446	3.912238	11.554443	2.961239	9.255354	4.130008	8.689100	5.314647	7.118517	10.944306	3.187836	6.153103	11.198071	7.542917	6.523308	3.140357	3.786499	8.868527	9.711929	5.298732	4.532676	2.944012	11.123905	10.954560	5.769682	4.589818	8.616947	5.806962	2.483004	8.963757	3.391884	3.349410	9.018877	11.096931	8.697100	5.981417	8.475131	7.274416	11.563546	5.614608	4.461438	11.048703	10.458850	3.764388	4.430396	8.302433	10.718205	10.324710	9.263464	3.996038	7.019150	4.421589	3.156677	6.718865	11.063658	3.160744	4.016594	4.883979	6.825931	5.945247	5.539928	2.590057	2.753924	8.525329	0.000000	4.282908	11.244597	2.333541	4.073147	5.511445	7.261730	2.667526
10.624556	3.689828	11.168510	6.370564	6.256220	11.376265	2.732467	6.857738	8.022908	6.339986	8.908217	7.293690	2.331919	8.867209	7.462750	10.811039	11.429938	4.592132	9.266455	7.118036	3.891470	3.582256	11.400392	3.432105	10.702011	5.333540	6.080284	6.381195	6.565027	3.152906	5.523643	9.391592	10.083928	6.155941	3.415922	4.104266	3.633350	8.975774	8.489136	7.049031	9.816325	7.565679	5.937505	9.398799	10.532434	3.574168	7.263435	8.107742	7.358340	9.153411	7.378096	8.205583	6.934165	10.135433	5.743533	2.360892	5.959708	4.179741	3.237587	3.122338	11.415639	3.161152	4.618815	2.607421	3.348591	4.813756	4.980331	9.750520	5.482144	7.622936	7.174999	10.788815	6.197301	4.244382	3.016401	7.434699	5.488934	5.348035	6.679736	7.375358	9.169656	8.483049	2.543937	11.527393	2.973268	10.547897	9.269657	5.345239	5.307364	7.346832	5.671990	4.492559	11.172259	5.635565	6.431350	3.059127	2.955493	6.666008	8.652329	10.692831	9.167080	2.475909	10.933078	11.020662	8.102778	2.374945	3.858970	11.255755	8.895471	10.011646	2.958323	5.168862	3.688686	5.962785	8.855241	5.377999	7.131322	9.550274	5.099211	10.675323	5.928271	10.572183	3.455177	2.436903	8.124922	7.640849	2.347351	6.586836	5.866679	10.099012	4.561525	7.557240	4.313788	2.797927	5.285312	4.422131	10.385251	3.830500	7.818269	6.292720	10.854075	3.257418	3.662987	11.071791	3.759789	10.266496	5.289757	10.464959	9.176587	3.741931	2.628412	4.936739	10.986474	4.152509	7.983503	5.125636	2.506559	6.240884	7.187220	10.307237	3.037713	4.479507	2.914550	9.776933	6.592342	9.013949	7.093330	3.534779	8.441984	4.502057	3.602915	3.903178	6.413683	9.471543	9.145874	6.790165	5.939452	7.034836	3.912071	7.766881	3.677925	5.760621	6.851308	9.921014	9.085603	10.958108	5.970766	9.243216	4.890849	7.186570	10.589874	7.277211	10.837201	3.996607	6.964954	0.000000	5.092787	2.802870	5.409005	8.118256	11.507378	9.320795
6.516353	11.541733	2.793063	4.401321	3.570542	6.111171	5.109062	5.341941	9.021143	9.394637	3.130501	2.366215	10.778509	9.599300	7.916711	3.085733	3.346416	6.267880	4.563068	10.520269	11.552454	10.033446	4.277006	4.888216	7.470276	10.472547	11.007171	2.534705	10.009131	4.222363	5.094741	11.199739	4.863114	5.307349	3.631737	10.861985	5.270905	9.248012	9.953761	5.847526	3.086278	10.300364	9.378302	2.336973	10.832294	6.438147	9.023825	7.496935	3.427897	11.501659	8.044567	5.957312	9.243616	3.946993	4.942086	6.726437	3.067441	10.546124	5.405489	5.728611	6.300044	3.388244	9.430852	10.543261	4.160922	3.017781	11.330510	8.081054	6.323030	4.024763	5.738529	11.106689	11.560697	9.769894	7.288577	10.833233	2.699298	7.034303	2.701590	3.082719	7.114555	7.183191	7.530134	8.991506	11.491057	6.322324	3.310968	11.067070	5.439976	9.515671	2.736079	4.535929	10.237265	3.106827	3.120109	9.875939	10.159267	8.409434	6.425628	4.391683	6.183352	6.100122	3.603903	8.093153	3.848893	10.906691	4.173079	9.396171	10.755969	3.498438	2.485589	5.565148	7.158960	10.366765	9.855992	10.504814	10.541844	7.024854	4.569607	10.991012	5.695117	3.042048	6.079573	2.514408	4.506372	9.277603	5.445269	8.683737	6.753990	6.149551	4.854651	6.041133	9.487438	7.672412	5.543283	10.511220	5.201544	5.456817	3.969362	10.262041	7.099235	2.889311	6.064675	11.268029	9.757382	3.107674	9.097604	5.299414	6.040703	10.519913	10.850356	10.985072	8.703031	4.396860	8.569844	6.392551	4.497322	6.940896	7.863416	9.021527	6.494220	7.689830	5.875616	4.432814	10.068250	10.727316	9.809117	4.349121	7.060395	11.103269	10.271916	3.048774	6.976227	10.534509	4.922648	10.383715	6.048280	5.265205	9.635545	5.735482	11.029907	10.779138	11.233036	2.884667	9.300789	9.563107	11.454764	10.152079	8.992807	6.049567	7.234330	7.901163	7.965283	10.282433	6.594200	4.766938	0.000000	7.784225	10.236499	3.303094	10.066490	11.432889
3.390261	4.428075	5.314292	4.123635	4.986414	3.636613	2.991586	10.125256	6.449235	9.467536	8.597001	2.530659	6.013702	9.452955	10.331484	9.203220	2.837933	6.102702	7.302163	3.706648	8.210850	8.131166	11.589558	7.707723	4.184716	6.499610	6.796776	2.954487	11.294015	5.153641	10.329385	5.915374	8.894712	2.857080	8.158928	2.427452	11.588311	8.975133	10.975244	6.484782	7.922918	9.335138	5.897646	8.246128	6.731670	5.377812	9.386986	10.507654	6.074313	11.311955	5.617187	10.373672	2.505036	5.821928	8.634966	8.588493	7.597804	2.705686	6.394292	5.637820	9.835472	4.227593	6.737221	3.174772	2.900316	5.799060	8.478281	9.196183	3.222155	4.213665	10.077078	2.510404	3.690223	6.038225	10.010095	7.327913	6.293620	3.729214	5.065405	8.119731	11.160418	2.604845	8.173837	4.669617	2.858282	11.439610	9.374412	3.071137	5.636952	4.270050	2.896148	9.408157	4.820917	3.743127	8.210406	8.104789	11.581085	2.604888	2.990133	10.807542	2.977624	8.023447	11.445203	2.926266	6.253337	6.169264	10.732991	2.603850	7.241281	3.679934	7.530722	7.795919	6.414996	4.311236	6.080122	10.298699	5.997228	3.995759	10.352936	4.112027	11.587692	4.018626	9.852607	2.558276	5.890151	10.686178	6.915693	11.406014	10.036545	3.888477	7.113093	10.375190	9.212562	6.682401	6.839285	2.567430	5.358965	7.198315	4.016203	7.046045	10.868645	6.748839	10.426148	5.927590	2.852428	7.878906	9.478870	11.454819	5.283671	8.867882	4.403309	4.113330	7.689922	8.765215	9.390597	5.104603	4.922490	5.880845	4.880573	9.723177	5.387245	8.310219	3.200766	9.283033	5.006106	4.712697	3.407024	9.957772	3.181104	10.821555	7.738435	5.099803	11.151698	9.806239	5.986147	10.675770	5.813037	4.642606	5.823816	10.131816	8.717791	9.424743	8.202764	9.668385	3.451706	9.747642	6.844684	2.849054	5.227070	6.116846	3.427716	5.880977	6.520778	7.728680	4.722227	7.826517	6.450925	0.000000	9.219858	11.417777	5.626493	11.098264
11.320725	6.325159	5.116784	10.377147	3.541212	8.936767	10.741284	8.380694	5.984517	7.748824	7.075992	10.219257	11.339994	4.163453	8.074966	4.696711	7.894017	9.601208	8.080992	10.994067	4.708243	9.643521	5.141904	8.417187	8.957324	4.572787	2.700463	6.529128	6.628625	8.903866	7.468486	5.366247	3.035672	10.110131	2.699470	7.266054	2.945728	10.449896	4.022065	6.947545	9.864567	2.847050	5.546030	4.344074	9.774143	10.615386	10.047496	10.402269	9.820979	10.972536	9.075055	7.864397	5.873732	6.414223	6.488859	6.574761	5.420477	6.448519	5.781929	5.803001	11.530004	5.882171	10.757535	10.017421	10.398963	7.716884	10.697948	8.643441	10.070588	5.262943	11.590116	7.677301	6.926272	4.913412	9.886494	6.330096	10.471572	3.773195	7.696154	9.285275	11.571165	5.157675	9.710098	4.777893	3.021307	3.558287	2.391855	3.370863	10.190069	2.425973	6.833206	10.008670	5.104166	10.797175	7.564892	6.969026	10.210208	8.849566	10.793393	7.004674	9.245635	11.176762	9.308493	5.167910	7.992400	4.470265	3.005790	8.323505	6.665757	11.111823	4.427692	4.982326	6.326776	10.368864	8.561023	3.215287	6.439645	6.280112	3.829568	9.719804	6.703196	9.634113	2.919442	4.050125	10.749778	7.541574	11.359344	6.510482	2.441160	5.465322	11.575194	5.024910	2.557329	10.940741	4.465423	3.549441	10.279747	8.443918	9.989895	2.431067	11.030624	9.621642	8.803361	10.832555	8.658796	9.780720	5.960142	2.490111	3.249836	7.780836	5.801206	2.974826	4.884251	6.637818	3.341769	3.285359	6.408495	9.883487	11.151638	3.100731	10.379580	9.280755	6.670993	3.215180	5.640714	6.354115	4.253933	2.680425	9.182173	7.726324	5.591619	4.192022	6.514207	3.654784	11.468138	4.854368	6.291413	3.762151	8.349192	6.156950	7.025497	11.380931	2.933103	5.143122	8.479477	3.523705	9.510469	6.456299	9.266669	5.475318	10.862188	3.788063	11.287451	7.878350	10.057762	4.525603	6.214107	3.026553	0.000000	9.127540	7.488836	8.810865
10.036966	6.555770	3.756350	9.713450	8.219701	4.187143	7.708027	4.741160	4.496231	6.018120	7.144152	6.619960	4.522327	7.257980	10.815631	6.530291	5.243697	3.058509	6.696431	8.374536	9.977566	5.859343	10.317425	4.529496	5.897357	5.815538	3.075205	3.532991	10.245300	7.015998	11.116823	3.539380	9.577360	5.890633	7.356087	5.094833	7.278228	7.677918	4.971598	2.385152	4.873301	3.365071	9.610211	8.531485	3.133203	3.314200	9.179207	7.623141	3.455215	5.820608	6.522517	3.869173	11.562364	3.730078	7.502923	3.268230	6.583986	3.654265	3.324297	5.143005	3.529412	8.137718	4.742823	5.094159	8.714170	8.588744	3.341999	2.985219	3.222000	11.193674	10.056786	4.651343	3.441247	5.829782	6.135755	9.149694	7.573481	9.592050	5.864662	2.987051	5.674299	10.571987	7.081113	3.275542	8.996587	4.155493	7.575333	9.257290	9.661463	10.921697	5.369713	9.648385	4.294251	3.267097	6.094312	10.063844	8.061357	3.860705	6.018065	6.315147	10.640366	7.717062	4.601122	7.900824	9.895729	5.717972	5.943667	2.361038	3.516695	8.625669	5.083749	6.728159	11.307084	2.752466	9.655076	7.698454	5.978645	2.621561	5.307687	11.384895	3.778445	10.951716	10.880420	10.947981	3.429801	10.651643	7.504920	10.985748	10.744713	10.568030	10.224445	9.587313	4.201230	4.634511	4.880849	7.585098	4.701930	8.858386	6.377090	10.497274	5.598838	7.132636	8.592862	10.824255	8.095666	3.555308	11.560909	3.268828	2.703994	3.289758	5.059055	4.521243	2.808144	8.776082	7.885032	9.126746	7.416396	6.002387	5.939639	4.151962	3.043716	10.519539	6.899078	6.423990	6.997790	4.089272	11.347952	6.118035	4.211217	6.503171	3.823353	6.438656	7.614450	9.294542	7.461019	10.343776	3.150810	5.163573	7.615405	8.137427	2.839883	9.865371	7.656311	4.243457	4.295804	9.896628	6.430493	10.349200	10.114850	3.246205	2.855361	8.910029	6.092286	3.900683	11.445097	10.410206	10.601853	11.097076	8.400364	0.000000	11.341826	11.420169
4.968899	10.481555	10.943187	7.512240	3.834774	10.162085	4.539661	10.855953	2.634528	9.151374	11.388264	11.184972	5.795808	6.420488	5.266046	11.390390	5.814489	2.373108	4.622611	4.344758	6.394605	7.905302	10.173758	7.555837	10.513233	7.790928	2.949244	10.060106	11.319932	4.118292	4.302540	8.830151	2.673664	4.903149	8.309101	2.590802	10.958573	8.541261	8.233089	5.250163	6.688403	7.630281	9.110270	8.196679	9.908264	9.724297	9.832158	8.207327	6.393344	11.439344	8.229739	2.428022	5.655733	10.736755	5.063518	5.579395	7.945660	10.348529	6.073247	4.922778	6.660412	6.004723	3.717665	4.910203	9.863506	5.175397	11.563901	5.552528	8.377997	6.580150	4.097739	4.160930	8.235362	8.269913	6.901339	3.527323	8.810381	9.112880	6.826510	2.821407	10.239482	3.738022	7.481726	9.609095	10.487079	7.902334	6.413687	6.518421	11.345929	10.163584	9.179100	10.342425	9.918628	10.556658	10.062209	6.460808	3.646534	3.592920	4.510991	7.464005	3.134931	8.562176	8.013939	7.732308	9.556558	11.388427	3.385110	2.520584	7.264792	3.797083	10.847752	7.051427	5.240361	11.550608	6.815875	11.159616	3.651614	8.404103	4.353688	5.093464	6.500476	8.681713	4.950005	7.139453	10.324536	11.322045	9.755817	8.391177	4.296993	8.696450	7.250851	8.481125	5.970156	4.392996	8.685407	6.481243	8.764557	7.476922	8.675439	8.282806	8.023448	3.951840	6.293832	11.170998	7.265980	3.971175	2.792462	5.166219	4.264855	5.342800	9.554588	8.561664	5.813664	4.864550	9.360493	7.660319	4.332643	6.043364	8.874200	8.880391	5.952632	5.040988	7.858291	5.580191	2.907108	6.251375	11.235806	10.916257	3.897663	8.574243	7.740056	6.366106	8.775795	2.712446	11.247364	6.640427	3.853172	9.131128	6.154765	4.284834	3.405866	5.324180	11.333484	9.510286	8.497055	4.672221	10.963765	10.927836	6.528728	5.988311	11.338710	3.725178	6.374146	3.706491	10.857892	3.230593	8.064915	3.423426	8.126214	9.910188	0.000000	7.818344
8.428435	7.776747	10.210591	11.376056	2.632981	6.861170	9.438348	2.806867	9.414582	5.450189	10.014168	3.291669	7.836554	4.616828	3.288032	9.758436	3.971855	2.718689	10.722471	3.267581	4.696259	6.290381	9.716839	8.005671	10.282707	10.650723	4.822259	5.188242	6.763219	9.140711	3.306336	3.513470	5.980724	10.368956	6.902239	7.819986	10.974914	9.556631	3.551009	8.550930	8.535292	11.536006	2.936397	7.638863	4.064554	6.256907	6.977255	3.196940	2.930569	9.830795	7.090412	5.890852	2.512860	9.529229	11.115702	3.230911	6.828349	9.307084	7.515436	8.217060	4.802725	5.680405	6.040898	6.904230	7.512271	5.048641	8.141779	10.413892	5.663929	2.361976	5.367524	7.134784	10.878858	7.376117	8.064582	8.457330	3.034693	3.395687	4.845177	6.994629	6.363894	3.646968	4.755424	4.452022	2.671923	5.055715	8.570518	5.219906	6.329313	6.544172	5.209465	11.037073	3.950066	10.566879	2.696432	10.193108	7.513302	2.540687	3.866094	5.116868	9.835790	9.406142	10.102909	4.059571	6.019895	10.435198	9.850662	7.318321	5.631007	8.239131	3.626991	4.632267	3.703613	5.996565	6.474411	7.698943	7.258390	2.983121	3.412483	7.165398	8.950287	7.297521	5.258098	10.145624	5.593064	4.206557	4.325141	3.140323	7.263912	3.379917	10.213803	5.327918	2.554860	7.524325	3.659827	6.488643	6.592301	5.415690	9.460870	7.186626	6.456388	10.598081	11.295019	4.994723	9.328626	4.044669	10.132487	10.705688	10.363328	3.710075	6.112903	10.568180	2.984768	6.296367	5.347686	8.389440	5.624372	10.987071	6.732217	10.227380	4.050340	3.667848	3.646667	5.133450	5.948773	4.800195	11.459429	2.807978	9.413024	7.939841	8.908572	8.074309	10.051153	11.557225	9.011336	6.648435	4.521797	10.952476	5.394502	10.623615	9.925176	9.152569	6.366440	3.912231	6.584612	10.083662	2.939707	2.351352	7.656284	9.526910	10.865073	4.073655	8.096589	5.635646	9.957059	6.833368	6.582075	10.647731	3.513626	4.123001	11.265824	0.000000
